symbol,entry_date,exit_date,entry_sig_date,exit_sig_date,position,period,entry_index,exit_index,return,industry,stock_id,trade_price@entry_date,trade_price@exit_date,adj_close@entry_date,pct_change@entry_date,pct_change@exit_date,turnover@entry_date,turnover@exit_date,volume@entry_date,volume@exit_date,類別@entry_sig_date,類別@exit_sig_date,mae,gmfe,bmfe,mdd,pdays
5314 世紀*,2025-01-10,2025-01-20,2025-01-09,2025-01-17,0.2,6,4363,4369,0.1839373624999998,其他,5314 世紀*,774.0,920.0,147.86575671511216,0.02110817941952514,0.013215859030836885,48957822.0,1044495320.0,63253.0,1135321.0,2,1,-0.0004750000000000032,0.17256937984496123,0.0,-0.09911894273127753,6.0
8033 雷虎,2025-01-10,2025-01-20,2025-01-09,2025-01-17,0.2,6,4363,4369,0.04154062364566946,其他,8033 雷虎,63.5,66.4,66.05364749131253,0.0,0.007587253414264028,88347804.0,309801218.40000004,1391304.0,4665681.0,2,0,-0.016215551181102295,0.062487204724409384,0.0,-0.016215551181102295,5.0
8937 合騏*,2025-01-13,2025-01-21,2025-01-10,2025-01-20,0.2,6,4364,4370,0.07485320526305395,其他,8937 合騏*,158.0,170.5,165.91192964678768,0.019354838709677358,-0.028490028490028574,54922064.0,391766716.0,347608.0,2297752.0,2,1,-0.035268591772151914,0.11023188291139263,0.0,-0.03988603988603978,6.0
6442 光聖,2025-01-15,2025-02-03,2025-01-14,2025-01-22,0.2,6,4366,4372,-0.0021885408049908683,通信網路業,6442 光聖,566.0,567.0,849.5653808887485,0.010714285714285676,-0.09856915739268679,156229584.0,835739289.0,276024.0,1473967.0,2,0,0.0,0.11077954946996504,0.006588780918727943,-0.09856915739268679,7.0
8045 達運光電,2025-01-17,2025-02-05,2025-01-16,2025-02-04,0.16666666666666669,6,4368,4374,0.02649864431222726,通信網路業,8045 達運光電,114.5,118.0,118.5,0.01327433628318575,-0.04065040650406504,106624575.5,214447418.0,931219.0,1817351.0,2,0,-0.022298689956331774,0.17411451965065528,0.07372554585152846,-0.08943089430894302,6.0
6477 安集,2025-01-16,2025-02-06,2025-01-15,2025-02-05,0.2,8,4367,4375,-0.03799062097863892,光電業,6477 安集,39.5,38.15,48.852511352101395,0.012820512820512775,-0.011658031088082943,37940895.5,224430918.25,960529.0,5882855.0,2,0,-0.035901202531645304,0.007116329113924236,0.007116329113924236,-0.04271356783919589,2.0
6547 高端疫苗,2025-01-22,2025-02-10,2025-01-21,2025-02-07,0.2,6,4371,4377,0.008076419043008265,生技醫療業,6547 高端疫苗,49.7,50.3,72.60944881889763,0.0,-0.019493177387914118,65198497.7,208526698.0,1311841.0,4145660.0,2,0,-0.021591725352112734,0.04578068410462777,0.04578068410462777,-0.06442307692307703,5.0
4772 台特化,2025-02-04,2025-02-12,2025-02-03,2025-02-11,0.2,6,4373,4379,-0.05137938035714307,化學工業,4772 台特化,252.0,240.0,244.5,0.016129032258064502,-0.028340080971659964,200806956.0,1152499920.0,796853.0,4802083.0,2,0,-0.11748288690476205,0.0,0.0,-0.11748288690476205,0.0
3379 彬台,2025-02-05,2025-02-17,2025-02-04,2025-02-14,0.2,8,4374,4382,0.026292307949477678,電機機械,3379 彬台,52.7,54.3,84.258528472634,0.02729044834308003,0.032319391634980876,108318894.9,231881905.5,2055387.0,4270385.0,2,0,-0.004268263757115975,0.09625322580645124,0.027974478178367956,-0.07719298245614048,7.0
3081 聯亞,2025-02-06,2025-02-18,2025-02-05,2025-02-17,0.2,8,4375,4383,0.06613630834488271,通信網路業,3081 聯亞,469.0,502.0,859.5070764719184,0.03532008830022071,0.011077542799597273,338832333.0,3504750148.0,722457.0,6981574.0,2,0,0.0,0.08050996801705756,0.008049733475479659,-0.07001972386587774,9.0
6104 創惟,2025-02-10,2025-02-18,2025-02-07,2025-02-17,0.2,6,4377,4383,0.046698344724576346,半導體業,6104 創惟,177.0,186.0,329.61547690797283,0.0,0.00540540540540535,88325478.0,2370319086.0,499014.0,12743651.0,2,0,-0.011769067796610355,0.04470127118644052,0.010819067796610016,-0.022346368715083886,5.0
6558 興能高,2025-02-11,2025-02-19,2025-02-10,2025-02-18,0.2,6,4378,4384,0.09737414611961182,其他電子業,6558 興能高,58.0,63.9,59.61119889369493,0.0034602076124568004,0.024038461538461453,142339656.0,3746189003.4,2454132.0,58625806.0,2,1,-0.043557974137931055,0.0787976724137931,0.0,-0.043557974137931055,3.0
6485 點序,2025-02-13,2025-02-21,2025-02-12,2025-02-20,0.19999999999999998,6,4380,4386,-0.09744993848190997,半導體業,6485 點序,76.7,69.5,145.34794249915328,0.0392953929539297,-0.029329608938547413,49488067.2,198582419.5,645216.0,2857301.0,2,0,-0.0669362451108213,0.025588233376792946,0.025588233376792724,-0.09021601016518421,4.0
6148 驊宏資,2025-02-17,2025-02-27,2025-02-14,2025-02-26,0.16666666666666666,8,4382,4390,0.10062400239665381,資訊服務業,6148 驊宏資,38.1,42.1,23.593547596779825,0.0,0.00959232613908867,27098625.0,461126983.5,711250.0,10953135.0,2,0,0.0,0.12807283464566943,0.0008367125984252155,-0.09999999999999987,9.0
6215 和椿,2025-02-18,2025-03-03,2025-02-17,2025-02-27,0.19999999999999998,8,4383,4391,-0.08879719368749994,其他電子業,6215 和椿,135.0,123.5,265.88382378090193,0.0,-0.02371541501976282,214621110.0,1267554353.0,1589786.0,10263598.0,2,0,-0.15595666666666674,0.006928888888888762,0.006928888888888762,-0.16176470588235292,1.0
8096 擎亞,2025-02-14,2025-03-03,2025-02-13,2025-02-27,0.16666666666666666,10,4381,4391,0.03679921815056786,電子通路業,8096 擎亞,66.0,68.7,167.49453211364437,0.021671826625387025,-0.01151079136690647,423947766.0,4376721188.400001,6423451.0,63707732.0,3,0,-0.03379250000000045,0.19488670454545431,0.19488670454545431,-0.1913814955640053,10.0
6854 錼創科技-KY創,2025-02-21,2025-03-04,2025-02-20,2025-03-03,0.14285714285714288,6,4386,4392,-0.2165885893960674,半導體業,6854 錼創科技-KY創,267.0,210.0,247.5,-0.0018691588785046953,-0.014084507042253502,403302165.0,177366000.0,1510495.0,844600.0,2,0,-0.20262612359550558,0.0,0.0,-0.20262612359550558,0.0
2438 翔耀,2025-02-21,2025-03-04,2025-02-20,2025-03-03,0.14285714285714288,6,4386,4392,-0.14567378370595074,光電業,2438 翔耀,37.6,32.25,2.5759298160302633,-0.0026525198938991412,-0.07327586206896552,4148934.4000000004,7729260.75,110344.0,239667.0,2,0,-0.09085757978723397,0.0035124667553190214,0.0035124667553190214,-0.0940397350993376,1.0
6739 竹陞科技,2025-02-20,2025-03-06,2025-02-19,2025-03-05,0.16666666666666669,9,4385,4394,-0.05603979861529362,其他電子業,6739 竹陞科技,315.5,299.0,318.5,-0.014062499999999978,-0.011570247933884281,43341497.0,356953077.0,137374.0,1193823.0,3,0,-0.13670186212361368,0.043877931854199526,0.043877931854199526,-0.17298937784522028,3.0
8234 新漢,2025-02-24,2025-03-07,2025-02-21,2025-03-06,0.125,8,4387,4395,-0.08150974839907787,電腦及週邊設備業,8234 新漢,97.6,90.0,413.72113295166616,0.016666666666666607,-0.0022172949002217113,546935272.0,1015017840.0,5603845.0,11277976.0,2,0,-0.07625865778688523,0.07530865778688534,0.07530865778688534,-0.14095238095238105,3.0
3363 上詮,2025-02-27,2025-03-10,2025-02-26,2025-03-07,0.125,6,4390,4396,-0.09062765332251921,通信網路業,3363 上詮,327.5,299.0,478.27621184368337,0.026645768025078453,-0.011570247933884281,311331980.0,3045280316.0,950632.0,10184884.0,2,0,-0.16833416030534376,0.0,0.0,-0.16833416030534376,0.0
4971 IET-KY,2025-02-20,2025-03-10,2025-02-19,2025-03-07,0.16666666666666669,11,4385,4396,-0.11614098035199183,半導體業,4971 IET-KY,182.0,161.5,229.9297721897335,-0.018867924528301883,-0.012232415902140747,154660506.0,356949561.0,849783.0,2210214.0,3,0,-0.18994539835164836,0.0,0.0,-0.18994539835164836,0.0
4534 慶騰,2025-03-06,2025-03-14,2025-03-05,2025-03-13,0.2,6,4394,4400,-0.012332622528409054,電機機械,4534 慶騰,29.7,29.45,23.084277160016413,0.010204081632652962,0.005119453924914641,28877042.7,181116292.54999998,972291.0,6149959.0,2,0,-0.13004305555555562,0.018034722222222355,0.0,-0.13004305555555562,1.0
3081 聯亞,2025-03-13,2025-03-21,2025-03-12,2025-03-20,0.2,6,4399,4405,0.17162685683686463,通信網路業,3081 聯亞,295.0,347.0,530.6047913949263,0.029668411867364686,0.028148148148148033,269675135.0,4552754857.0,914153.0,13120331.0,3,0,-0.010639661016949131,0.1960417796610172,0.0,-0.0625954198473283,6.0
5314 世紀*,2025-03-14,2025-03-27,2025-03-13,2025-03-26,0.2,9,4400,4409,,其他,5314 世紀*,1155.0,,231.15964551070505,0.04054054054054057,,208560660.0,,180572.0,,2,0,0.0,0.20289155844155826,0.047121428571428536,0.0,4.0
4946 辣椒,2025-03-20,2025-03-28,2025-03-19,2025-03-27,0.2,6,4404,4410,-0.1773901790858209,文化創意業,4946 辣椒,100.5,83.0,21.129941169106672,0.0,-0.08891328210757399,4033668.0,18425751.0,40136.0,221997.0,2,0,-0.1745216417910448,0.0,0.0,-0.1745216417910448,0.0
3363 上詮,2025-03-21,2025-03-31,2025-03-20,2025-03-28,0.2,6,4405,4411,-0.09064173378124996,通信網路業,3363 上詮,270.0,246.5,438.93413635331586,0.011235955056179803,-0.09872029250457037,945575100.0,1171538085.0,3502130.0,4752690.0,2,0,-0.08747069444444444,0.0957755555555555,0.0957755555555555,-0.16722972972972971,6.0
3528 安馳,2025-03-21,2025-04-01,2025-03-20,2025-03-31,0.2,7,4405,4412,-0.23884488376275526,電子通路業,3528 安馳,88.2,67.4,269.60487762542374,0.005701254275940926,0.0,147986370.0,73471055.0,1677850.0,1090075.0,2,2,-0.2361906462585034,0.0,0.0,-0.2361906462585034,0.0
6113 亞矽,2025-03-26,2025-04-01,2025-03-25,2025-03-31,0.2,4,4408,4412,-0.09248627387499986,電子通路業,6113 亞矽,27.0,24.6,29.073063380281692,0.007462686567164312,0.004081632653061273,7375806.0,4501381.8,273178.0,182983.0,2,2,-0.09302361111111102,0.008779861111111176,0.008779861111111176,-0.1009174311926605,1.0
6130 上亞科技,2025-03-28,2025-04-01,2025-03-27,2025-03-31,0.16666666666666669,2,4410,4412,-0.0933209942295189,生技醫療業,6130 上亞科技,38.45,35.0,3.464965262577946,0.0,0.0014306151645206988,12783740.65,4417385.0,332477.0,126211.0,2,2,-0.09145907022106636,0.0,0.0,-0.09145907022106636,0.0
8088 品安,2025-03-27,2025-04-01,2025-03-26,2025-03-31,0.19999999999999998,3,4409,4412,-0.08274990401305371,半導體業,8088 品安,31.6,29.1,66.42384452427808,0.00797448165869219,0.030088495575221197,29631825.6,23340935.400000002,937716.0,802094.0,2,2,-0.10643730221518988,0.0,0.0,-0.10643730221518988,0.0
8111 立碁,2025-03-28,2025-04-01,2025-03-27,2025-03-31,0.16666666666666669,2,4410,4412,-0.11753318672697366,光電業,8111 立碁,57.0,50.5,72.034153528603,-0.006968641114982632,0.001984126984126977,159172899.0,124239342.5,2792507.0,2460185.0,2,2,-0.11971657894736842,0.0,0.0,-0.11971657894736842,0.0
3363 上詮,2025-04-23,2025-04-28,2025-04-22,2025-04-25,0.16666666666666669,3,4426,4429,0.10424895452675731,通信網路業,3363 上詮,156.5,173.5,246.0808251260242,0.043333333333333224,0.029673590504450953,93830357.5,875124110.5,599555.0,5043943.0,2,0,0.0,0.18154712460063904,0.01868522364217262,-0.012539184952978233,4.0
8937 合騏*,2025-04-23,2025-04-28,2025-04-22,2025-04-25,0.16666666666666669,3,4426,4429,0.043109208922244235,其他,8937 合騏*,127.0,133.0,146.32888221306848,0.016000000000000014,-0.014814814814814947,34022284.0,50466850.0,267892.0,379450.0,2,0,0.0,0.062487204724409606,0.05855206692913373,-0.026022304832713616,4.0
3055 蔚華科,2025-04-23,2025-04-29,2025-04-22,2025-04-28,0.16666666666666669,4,4426,4430,0.052313982354864175,電子通路業,3055 蔚華科,47.8,50.5,118.04092888665072,0.027956989247311714,-0.009803921568627416,10086182.399999999,17405633.0,211008.0,344666.0,2,0,-0.005702641213389148,0.06643880753138087,0.0,-0.005702641213389148,4.0
6517 保勝光學,2025-04-23,2025-04-29,2025-04-22,2025-04-28,0.16666666666666669,4,4426,4430,0.10600540426542238,光電業,6517 保勝光學,61.6,68.4,63.56421778828157,0.04406779661016946,-0.014409221902017322,31289781.6,179672778.00000003,507951.0,2626795.0,2,0,-0.006965422077922057,0.12608823051948082,0.0,-0.01729106628242083,3.0
6668 中揚光,2025-04-23,2025-04-29,2025-04-22,2025-04-28,0.16666666666666669,4,4426,4430,0.07172069075000032,光電業,6668 中揚光,32.25,34.7,34.01690434570694,0.01735015772870674,0.005797101449275477,6014302.5,19899964.200000003,186490.0,573486.0,2,0,0.0,0.10025232558139541,0.0041739534883720175,0.0,5.0
3297 杭特,2025-04-23,2025-05-02,2025-04-22,2025-04-30,0.16666666666666669,6,4426,4432,0.22032818122930475,光電業,3297 杭特,30.2,37.0,61.07754971387139,0.020270270270270174,0.022099447513812098,17166193.4,326984022.0,568417.0,8837406.0,2,0,0.0,0.2245836092715232,0.03758638245033108,-0.04299583911234384,7.0
3434 哲固,2025-04-24,2025-05-05,2025-04-23,2025-05-02,0.14285714285714285,6,4427,4433,0.17338530556156395,光電業,3434 哲固,60.1,70.8,70.56185144556706,0.00670016750418756,-0.03013698630136996,124512475.5,231274288.79999998,2071755.0,3266586.0,2,0,0.0,0.21406530782029964,0.046091888519134816,-0.10000000000000009,7.0
3128 昇銳,2025-04-25,2025-05-06,2025-04-24,2025-05-05,0.125,6,4428,4434,-0.03569501553037857,光電業,3128 昇銳,25.1,24.3,45.880697226354584,0.022403258655804503,-0.029940119760479056,19579305.2,54758859.300000004,780052.0,2253451.0,2,0,-0.002466085657370609,0.05328431274900369,0.05328431274900369,-0.052930056710774886,5.0
6916 華凌,2025-04-28,2025-05-07,2025-04-25,2025-05-06,0.14285714285714288,6,4429,4435,0.09168704461616839,光電業,6916 華凌,27.6,30.25,27.94267515923567,0.01098901098901095,0.0117056856187292,8718646.8,52163735.25,315893.0,1724421.0,2,0,-0.09101168478260879,0.08281874999999972,0.0,-0.09101168478260879,2.0
3709 鑫聯大投控,2025-05-06,2025-05-14,2025-05-05,2025-05-13,0.2,6,4434,4440,-0.0201706889617268,電腦及週邊設備業,3709 鑫聯大投控,46.05,45.3,62.77548352866379,0.0010869565217390686,0.00890868596881944,79942385.55,421154960.7,1735991.0,9297019.0,2,0,-0.0460559446254073,0.052702768729641525,0.052702768729641525,-0.09381443298969072,4.0
3147 大綜,2025-05-06,2025-05-16,2025-05-05,2025-05-15,0.2,8,4434,4442,-0.08695265359375026,資訊服務業,3147 大綜,270.0,247.5,412.6058290110303,-0.04929577464788726,0.01642710472279263,258170220.0,1609750890.0,956186.0,6504044.0,2,0,-0.13004305555555573,0.03654444444444449,0.03654444444444449,-0.16071428571428592,3.0
7714 創泓科技,2025-05-09,2025-05-19,2025-05-08,2025-05-16,0.2,6,4437,4443,-0.21061212722576528,數位雲端,7714 創泓科技,147.0,116.5,145.5290432801822,0.0,-0.037190082644628086,50112006.0,32414377.5,340898.0,278235.0,2,0,-0.18746096938775514,0.0,0.0,-0.18746096938775514,0.0
4946 辣椒,2025-05-13,2025-05-21,2025-05-12,2025-05-20,0.2,6,4439,4445,0.18383187984118887,文化創意業,4946 辣椒,183.0,217.5,42.680378679887106,-0.04687500000000011,0.021126760563380476,92999319.0,138895935.0,508193.0,638602.0,2,0,0.0,0.2780811475409839,0.10876270491803286,-0.07881773399014769,7.0
3073 天方能源,2025-05-14,2025-05-26,2025-05-13,2025-05-23,0.2,8,4440,4448,0.06775186672057387,綠能環保,3073 天方能源,51.4,55.1,13.1795113377093,-0.001941747572815622,-0.019572953736654908,15255931.2,79964370.9,296808.0,1451259.0,2,0,-0.017976410505836538,0.10258886186770444,0.0,-0.0970017636684305,6.0
3363 上詮,2025-05-19,2025-05-27,2025-05-16,2025-05-26,0.2,6,4443,4449,0.09059959980132448,通信網路業,3363 上詮,226.5,248.0,348.6787866989434,-0.008752735229759279,0.01848049281314168,126822559.5,2255305056.0,559923.0,9093972.0,2,0,-0.0026814569536423027,0.07454453642384085,0.0,-0.030800821355236097,5.0
4554 橙的,2025-05-23,2025-05-29,2025-05-22,2025-05-28,0.14285714285714288,4,4447,4451,-0.15751519915016066,其他電子業,4554 橙的,46.7,39.5,56.10448532825417,-0.014767932489451296,0.024643320363164856,9174915.5,11786207.5,196465.0,298385.0,2,2,-0.18668201284796582,0.0,0.0,-0.18668201284796582,0.0
6499 益安,2025-05-21,2025-05-29,2025-05-20,2025-05-28,0.2,6,4445,4451,0.3280688675000003,生技醫療業,6499 益安,90.0,120.0,152.3535214303831,0.010101010101010166,0.0,268282800.0,214942560.0,2980920.0,1791188.0,3,3,0.0,0.36601750000000033,0.08392933333333352,-0.08130081300812997,7.0
6596 寬宏藝術,2025-05-21,2025-05-29,2025-05-20,2025-05-28,0.2,6,4445,4451,-0.003948349375000104,文化創意業,6596 寬宏藝術,127.0,127.0,243.35199444848658,0.03673469387755102,-0.026819923371647514,95764604.0,169025062.0,754052.0,1330906.0,2,0,-0.008345275590551315,0.07429261811023591,0.07429261811023591,-0.07692307692307676,6.0
6442 光聖,2025-05-22,2025-06-02,2025-05-21,2025-05-29,0.16666666666666666,6,4446,4452,-0.006152003469303335,通信網路業,6442 光聖,452.0,451.0,670.7095112279593,-0.008771929824561542,-0.025917926565874883,111044196.0,1696186646.0,245673.0,3760946.0,2,0,-0.0745548396017699,0.02384972345132752,0.02384972345132752,-0.09611231101511886,5.0
4554 橙的,2025-06-02,2025-06-03,2025-05-29,2025-06-02,0.16666666666666666,1,4452,4453,0.0013710185856139478,其他電子業,4554 橙的,37.45,37.65,47.607592227315905,-0.014473684210526194,-0.011811023622047334,3810088.1,6778656.6,101738.0,180044.0,2,2,-0.012485313751668947,0.01687323097463289,0.01687323097463289,-0.028871391076115582,1.0
3081 聯亞,2025-05-22,2025-06-04,2025-05-21,2025-06-03,0.16666666666666666,8,4446,4454,-0.0004777861324042343,通信網路業,3081 聯亞,287.0,288.0,516.9762436707416,-0.017123287671232723,0.0176678445229681,101382750.0,1813183776.0,353250.0,6295777.0,2,0,-0.024853658536585388,0.030868989547038206,0.030868989547038206,-0.054054054054053946,3.0
6591 動力-KY,2025-05-26,2025-06-04,2025-05-23,2025-06-03,0.14285714285714285,6,4448,4454,-0.06246790779605271,電腦及週邊設備業,6591 動力-KY,81.7,76.9,103.2214748086509,0.007398273736128447,0.014511873350923521,201725470.0,845127231.9000001,2469100.0,10989951.0,2,0,-0.11425201958384323,0.0,0.0,-0.11425201958384323,0.0
1419 新紡,2025-06-02,2025-06-10,2025-05-29,2025-06-09,0.16666666666666666,6,4452,4458,-0.08185183042946931,紡織纖維,1419 新紡,71.6,66.0,102.33190932021986,0.0013986013986013734,-0.017857142857142905,111511271.99999999,128685480.0,1557420.0,1949780.0,2,0,-0.07725415502793298,0.0,0.0,-0.07725415502793298,0.0
3205 佰研,2025-05-28,2025-06-11,2025-05-27,2025-06-10,0.14285714285714285,9,4450,4459,0.0019176791916963865,生技醫療業,3205 佰研,42.45,42.7,16.398749176311323,0.026602176541717037,-0.014994232987312728,10733779.65,61686256.1,252857.0,1444643.0,2,0,-0.006361484098939774,0.12196386925795077,0.0,-0.07346491228070184,8.0
4946 辣椒,2025-06-03,2025-06-11,2025-06-02,2025-06-10,0.14285714285714285,6,4453,4459,0.057663092931701465,文化創意業,4946 辣椒,194.0,206.0,39.94715245900764,-0.0025706940874037354,-0.009615384615384692,29890550.0,106944694.0,154075.0,519149.0,3,0,-0.021083762886597746,0.10772100515463956,0.0,-0.0744186046511629,6.0
6560 欣普羅,2025-06-03,2025-06-11,2025-06-02,2025-06-10,0.14285714285714285,6,4453,4459,-0.04649601024507133,光電業,6560 欣普羅,45.65,43.7,86.86703907645641,0.0,-0.045851528384279416,13998755.1,67428968.9,306654.0,1542997.0,2,0,-0.058497809419496116,0.002809309967141127,0.0,-0.058497809419496116,1.0
5475 德宏,2025-06-05,2025-06-13,2025-06-04,2025-06-12,0.14285714285714288,6,4455,4461,0.03650044861992363,電子零組件業,5475 德宏,19.7,20.5,11.073193614160862,-0.0025316455696202667,-0.030732860520094385,48954578.8,73799528.5,2485004.0,3599977.0,2,0,-0.013159327411167543,0.09085215736040575,0.0,-0.06976744186046513,6.0
6499 益安,2025-06-02,2025-06-13,2025-05-29,2025-06-12,0.16666666666666666,9,4452,4461,-0.035214544686098415,生技醫療業,6499 益安,111.5,108.0,170.14891225319425,-0.013274336283185972,0.0640394088669951,183818565.5,446035572.0,1648597.0,4129959.0,2,0,-0.18782991031390117,0.0,0.0,-0.18782991031390117,0.0
3297 杭特,2025-06-04,2025-06-16,2025-06-03,2025-06-13,0.16666666666666666,8,4454,4462,-0.01011203533183802,光電業,3297 杭特,40.4,40.15,76.7609396722977,0.010000000000000009,0.029487179487179382,27561890.0,666910852.3,682225.0,16610482.0,2,0,-0.0759341893564357,0.061376794554455216,0.0,-0.0759341893564357,1.0
9902 台火,2025-06-06,2025-06-16,2025-06-05,2025-06-13,0.1111111111111111,6,4456,4462,-0.09077125354570204,其他,9902 台火,20.65,18.85,24.63738241137896,0.01724137931034475,-0.04556962025316447,28817302.15,51784776.550000004,1395511.0,2747203.0,2,0,-0.09244098062953987,0.0,0.0,-0.09244098062953987,0.0
3294 英濟,2025-06-06,2025-06-18,2025-06-05,2025-06-17,0.1111111111111111,8,4456,4464,0.03821256705357179,電子零組件業,3294 英濟,37.8,39.4,55.910815963750295,0.01749663526244949,0.02604166666666674,27224731.799999997,749293558.1999999,720231.0,19017603.0,2,0,-0.06922539682539652,0.11587182539682583,0.0,-0.06922539682539652,3.0
6593 台灣銘板,2025-06-09,2025-06-19,2025-06-06,2025-06-18,0.09999999999999999,8,4457,4465,0.1689454087211988,資訊服務業,6593 台灣銘板,65.1,76.4,80.24991309972428,0.0015384615384614886,0.06853146853146863,23643408.599999998,426161797.6,363186.0,5578034.0,2,0,-0.07110195852534551,0.09778859447004651,0.025626267281106063,-0.09431137724550898,4.0
4168 醣聯,2025-06-12,2025-06-20,2025-06-11,2025-06-19,0.125,6,4460,4466,0.10049201787500017,生技醫療業,4168 醣聯,25.75,28.45,32.460819959879636,0.01778656126482203,-0.06568144499178974,14671938.0,54871315.85,569784.0,1928693.0,2,0,0.0,0.18196257281553385,0.028637378640776756,-0.07881773399014769,7.0
3363 上詮,2025-06-12,2025-06-24,2025-06-11,2025-06-23,0.125,8,4460,4468,0.08912208318836945,通信網路業,3363 上詮,251.5,275.0,379.53531649531004,0.014112903225806495,0.04562737642585546,90956232.5,3108014250.0,361655.0,11301870.0,2,0,-0.02432052683896635,0.14855954274353844,0.0,-0.02432052683896635,5.0
6885 全福生技,2025-06-16,2025-06-24,2025-06-13,2025-06-23,0.2,6,4462,4468,0.18072992019376888,生技醫療業,6885 全福生技,32.9,39.0,33.3,0.0,-0.038224414303329124,13758582.6,138570744.0,418194.0,3553096.0,2,0,0.0,0.23193734802431587,0.01167727963525822,-0.0628853267570898,7.0
6276 安鈦克,2025-06-17,2025-06-27,2025-06-16,2025-06-26,0.16666666666666666,8,4463,4471,0.1620602590625,電腦及週邊設備業,6276 安鈦克,58.2,67.9,14.189922194877827,0.008665511265164794,0.04461538461538472,15632520.0,173832623.3,268600.0,2560127.0,2,0,-0.0296707474226805,0.1283297680412372,0.0,-0.08675799086757996,8.0
3081 聯亞,2025-06-20,2025-06-30,2025-06-19,2025-06-27,0.2,6,4466,4472,0.11304819371428576,通信網路業,3081 聯亞,315.0,352.0,579.6675632019915,-0.01098901098901095,0.01734104046242768,191561265.0,2777599616.0,608131.0,7890908.0,2,0,-0.013167380952381125,0.09789095238095236,0.012217380952380896,-0.053468208092485536,6.0
7642 昶瑞機電,2025-06-24,2025-07-02,2025-06-23,2025-07-01,0.2,6,4468,4474,0.05138785343749985,電機機械,7642 昶瑞機電,117.0,123.5,117.0,0.0,-0.015936254980079667,53819766.0,98442838.0,459998.0,797108.0,2,0,-0.00901794871794881,0.0892259615384614,0.0892259615384614,-0.09019607843137256,5.0
6499 益安,2025-06-26,2025-07-08,2025-06-25,2025-07-07,0.2,8,4470,4478,0.1653410616007911,生技醫療業,6499 益安,126.5,148.0,199.80789695787948,-0.007843137254902044,0.020689655172413834,41829755.0,2073612608.0,330670.0,14010896.0,2,0,0.0,0.1457005928853763,0.011377075098814471,-0.034482758620689724,9.0
3040 遠見,2025-07-02,2025-07-10,2025-07-01,2025-07-09,0.2,6,4474,4480,-0.08145092737752158,其他,3040 遠見,69.4,64.0,170.71972089575203,-0.005730659025787732,-0.022900763358778664,65362169.2,252282368.0,941818.0,3941912.0,2,0,-0.10705259365994235,0.008166426512968172,0.008166426512968172,-0.11428571428571421,2.0
6895 宏碩系統,2025-07-02,2025-07-10,2025-07-01,2025-07-09,0.2,6,4474,4480,0.03162492386160687,半導體業,6895 宏碩系統,182.0,188.5,191.72776006954504,0.005524861878453136,0.024456521739130377,41432846.0,251766066.5,227653.0,1335629.0,2,0,-0.03617232142857152,0.10936291208791182,0.04071421703296707,-0.07387862796833788,6.0
2314 台揚,2025-07-03,2025-07-11,2025-07-02,2025-07-10,0.19999999999999998,6,4475,4481,-0.003948349374999993,通信網路業,2314 台揚,10.0,10.0,3.6921337185466983,0.018329938900203624,-0.014778325123152691,5695910.0,5812760.0,569591.0,581276.0,6,4,-0.06044650000000007,0.029510749999999808,0.0,-0.06044650000000007,3.0
6739 竹陞科技,2025-07-02,2025-07-14,2025-07-01,2025-07-11,0.2,8,4474,4482,0.10119043596874988,其他電子業,6739 竹陞科技,360.0,398.0,370.76579925650555,-0.012345679012345623,-0.007481296758104716,62556480.0,441719106.0,173768.0,1109847.0,2,0,0.0,0.13695968749999987,0.010630833333333367,-0.10256410256410264,9.0
3122 笙泉,2025-07-08,2025-07-16,2025-07-07,2025-07-15,0.2,6,4478,4484,0.007829288385768685,半導體業,3122 笙泉,29.6,29.95,37.66823024897637,0.02422145328719738,0.008417508417508435,17402935.2,74328801.85,587937.0,2481763.0,2,0,-0.02917757601351334,0.02316241554054055,0.02316241554054055,-0.05115511551155094,2.0
3577 泓格,2025-07-11,2025-07-21,2025-07-10,2025-07-18,0.2,6,4481,4487,0.10424539095044816,電腦及週邊設備業,3577 泓格,89.3,99.0,238.24788709279858,-0.046958377801494144,0.03125,124333015.1,512152047.0,1392307.0,5173253.0,2,0,0.0,0.1808498040313553,0.03534224524076146,-0.01075268817204278,7.0
8227 巨有科技,2025-07-11,2025-07-23,2025-07-10,2025-07-22,0.2,8,4481,4489,0.010403979884726189,半導體業,8227 巨有科技,173.5,176.0,176.96702188680803,0.008720930232558155,0.01734104046242768,102819570.0,384235280.0,592620.0,2183155.0,2,0,-0.05520403458213252,0.09170021613832846,0.0,-0.1108179419525066,3.0
3081 聯亞,2025-07-18,2025-07-28,2025-07-17,2025-07-25,0.2,6,4486,4492,0.11141356496292376,通信網路業,3081 聯亞,354.0,395.0,642.3813002766676,0.0014144271570015743,0.024643320363164634,135271542.0,4447117770.0,382123.0,11258526.0,2,0,-0.023063135593220374,0.13505381355932222,0.005172033898305006,-0.028089887640449396,4.0
5245 智晶,2025-07-18,2025-07-28,2025-07-17,2025-07-25,0.2,6,4486,4492,-0.062179061257692014,光電業,5245 智晶,32.5,30.6,53.90001901927425,0.009316770186335255,-0.02857142857142858,4833465.0,14045400.0,148722.0,459000.0,2,0,-0.05583330769230754,0.02259096153846163,0.02259096153846163,-0.07669172932330826,3.0
5314 世紀*,2025-07-22,2025-08-01,2025-07-21,2025-07-31,0.2,8,4488,4496,0.006619837899535463,其他,5314 世紀*,75.4,76.2,282.74072343458135,0.012080536912751683,-0.019305019305019266,797221315.8000001,4180212747.0,10573227.0,54858435.0,2,0,-0.04422078912466865,0.09629598806366024,0.016758189655172506,-0.05997392438070437,4.0
3708 上緯投控,2025-07-23,2025-08-04,2025-07-22,2025-08-01,0.16666666666666666,8,4489,4497,0.25502507978749955,綠能環保,3708 上緯投控,100.0,126.0,148.07978827577745,0.015228426395939243,0.016129032258064502,296841400.0,1171246734.0,2968414.0,9295609.0,2,0,0.0,0.23941099999999982,0.07948699999999986,-0.024193548387096753,9.0
4991 環宇-KY,2025-07-23,2025-08-04,2025-07-22,2025-08-01,0.16666666666666666,8,4489,4497,0.13296596686211348,半導體業,4991 環宇-KY,145.5,165.5,238.95692245308572,0.021052631578947434,-0.017804154302670683,573389019.0,3181180923.5,3940818.0,19221637.0,2,0,-0.03825773195876303,0.1575255154639177,0.0,-0.04747774480712175,8.0
6499 益安,2025-07-25,2025-08-04,2025-07-24,2025-08-01,0.09999999999999999,6,4491,4497,-0.016773048739270546,生技醫療業,6499 益安,116.5,115.0,181.85640621557,0.008658008658008587,-0.025423728813559365,37946263.5,258705840.0,325719.0,2249616.0,2,0,-0.021924034334764086,0.04242306866952794,0.04242306866952794,-0.06172839506172856,4.0
8210 勤誠,2025-07-25,2025-08-04,2025-07-24,2025-08-01,0.09999999999999999,6,4491,4497,-0.01513994095505622,電腦及週邊設備業,8210 勤誠,534.0,528.0,1653.440446101525,0.017142857142857126,-0.001890359168241873,333857868.0,1935571968.0,625202.0,3665856.0,2,0,-0.10810175561797764,0.0,0.0,-0.10810175561797764,0.0
8499 鼎炫-KY,2025-07-22,2025-08-04,2025-07-21,2025-08-01,0.2,9,4488,4497,-0.02650701045187276,其他電子業,8499 鼎炫-KY,287.0,280.5,310.4980487932426,0.010563380281690238,-0.05555555555555558,95152554.0,502496956.5,331542.0,1791433.0,2,0,-0.08231763937282244,0.034351655052264896,0.0,-0.09932659932659926,1.0
1595 川寶,2025-07-24,2025-08-05,2025-07-23,2025-08-04,0.125,8,4490,4498,-0.00891618803148364,半導體業,1595 川寶,40.1,39.9,83.6312951150771,0.006273525721455675,0.023076923076922995,5778530.3,34845667.5,144103.0,873325.0,2,0,-0.027893391521196853,0.03691371571072333,0.03691371571072333,-0.0625,2.0
6933 AMAX-KY,2025-07-24,2025-08-06,2025-07-23,2025-08-05,0.125,9,4490,4499,-0.03136261498853177,電腦及週邊設備業,6933 AMAX-KY,218.0,212.0,222.73121694649362,0.033175355450236976,-0.036363636363636265,45278818.0,280565888.0,207701.0,1323424.0,2,0,-0.03715481651376151,0.02703486238532138,0.0,-0.03715481651376151,6.0
4989 榮科,2025-07-31,2025-08-08,2025-07-30,2025-08-07,0.09999999999999999,6,4495,4501,-0.08871870261968096,電子零組件業,4989 榮科,23.5,21.5,28.74320875755588,0.019522776572667988,-0.02934537246049651,25391280.0,80141056.5,1080480.0,3727491.0,2,0,-0.05789452127659589,0.035678031914893715,0.025044787234042687,-0.08091286307053969,6.0
6442 光聖,2025-07-31,2025-08-12,2025-07-30,2025-08-11,0.09999999999999999,8,4495,4503,0.08735638526562473,通信網路業,6442 光聖,600.0,655.0,926.6091766793083,0.016949152542372836,0.010802469135802406,499551000.0,5970573245.0,832585.0,9115379.0,2,0,-0.013801999999999981,0.10947274999999967,0.01784962499999998,-0.03109656301145658,6.0
6291 沛亨,2025-08-05,2025-08-13,2025-08-04,2025-08-12,0.2,6,4498,4504,-0.03748544198863646,半導體業,6291 沛亨,148.5,143.5,11.795071579342038,-0.010000000000000009,-0.00692041522491349,110693830.5,309605842.0,745413.0,2157532.0,2,0,-0.11489873737373746,0.0,0.0,-0.11489873737373746,0.0
3230 錦明,2025-08-07,2025-08-15,2025-08-06,2025-08-14,0.14285714285714285,6,4500,4506,0.11633219292834007,光電業,3230 錦明,50.9,56.6,32.582374450295816,0.0019685039370080926,-0.01906412478336228,69211987.6,183012704.0,1359764.0,3233440.0,2,0,-0.000505985457039837,0.15782970001511254,0.0034524066797640973,-0.0039447731755425375,6.0
8045 達運光電,2025-08-07,2025-08-15,2025-08-06,2025-08-14,0.14285714285714285,6,4500,4506,-0.054810561321808615,通信網路業,8045 達運光電,117.5,111.5,117.51309707241911,0.021739130434782483,0.013636363636363669,56833340.0,254660536.5,483688.0,2283951.0,2,0,-0.08554095744680845,0.029298085106382876,0.0,-0.08554095744680845,1.0
3081 聯亞,2025-08-08,2025-08-18,2025-08-07,2025-08-15,0.14285714285714285,6,4501,4507,0.1876000449759616,通信網路業,3081 聯亞,390.0,465.0,699.7042774968235,0.006451612903225712,0.028761061946902755,157598220.0,4262283930.0,404098.0,9166202.0,2,0,-0.014570865384615383,0.2737536538461538,0.0,-0.014570865384615383,5.0
6928 攸泰科技,2025-08-07,2025-08-19,2025-08-06,2025-08-18,0.14285714285714285,8,4500,4508,0.06967889955543982,電腦及週邊設備業,6928 攸泰科技,71.7,77.0,70.30150733297121,-0.005547850208044269,0.04761904761904767,46072842.6,286522852.0,642578.0,3721076.0,2,0,-0.06878284518828459,0.02601171548117187,0.0,-0.09239130434782616,2.0
8021 尖點,2025-08-15,2025-08-21,2025-08-14,2025-08-20,0.14285714285714285,4,4506,4510,0.0024985868750002638,其他電子業,8021 尖點,92.7,93.3,243.099855431219,0.007608695652173925,0.04596412556053808,577816898.4,750454351.5,6233192.0,8043455.0,3,2,-0.03821326860841412,0.08901860841423948,0.08901860841423948,-0.11683168316831671,3.0
2429 銘旺科,2025-08-11,2025-08-21,2025-08-08,2025-08-20,0.125,8,4502,4510,0.012933881991525453,光電業,2429 銘旺科,82.6,84.0,1.049411034377304,-0.004819277108433662,0.025641025641025772,88485497.8,706935852.0,1071253.0,8415903.0,2,0,-0.09607121670702179,0.05881885593220337,0.05881885593220337,-0.14628571428571424,5.0
8472 納維康,2025-08-13,2025-08-21,2025-08-12,2025-08-20,0.14285714285714285,6,4504,4510,0.1373982263234479,數位雲端,8472 納維康,90.2,103.0,129.30624056032497,0.06367924528301905,0.06295149638802866,23540215.6,108660365.0,260978.0,1054955.0,2,0,0.0,0.1801486973392461,0.032768625277161734,-0.034034034034034155,7.0
8033 雷虎,2025-08-07,2025-08-22,2025-08-06,2025-08-21,0.14285714285714285,11,4500,4511,0.20059797173549132,其他,8033 雷虎,112.0,135.0,110.97012778540504,0.009009009009008917,0.05058365758754868,1007207488.0,5190567345.0,8992924.0,38448647.0,3,0,-0.09864263392857142,0.1913981026785716,0.0,-0.09864263392857142,7.0
8021 尖點,2025-08-22,2025-08-25,2025-08-21,2025-08-22,0.1111111111111111,1,4511,4512,-0.007189298346665041,其他電子業,8021 尖點,92.2,91.9,235.70116417896452,-0.02123142250530785,0.030269058295964157,663154216.4,5201264024.3,7192562.0,56596997.0,3,0,-0.03299750542299351,0.0,0.0,-0.03299750542299351,0.0
8038 長園科,2025-08-15,2025-08-25,2025-08-14,2025-08-22,0.14285714285714285,6,4506,4512,0.03120641476470576,電子零組件業,8038 長園科,51.0,52.8,51.6,0.007905138339920903,0.01538461538461533,102759696.0,296829931.2,2014896.0,5621779.0,2,0,-0.04555161764705884,0.12103588235294116,0.01912352941176465,-0.06346153846153846,5.0
2493 揚博,2025-08-18,2025-08-26,2025-08-15,2025-08-25,0.125,6,4507,4513,0.10833383669545449,電子零組件業,2493 揚博,137.5,153.0,560.1129584428162,0.02230483271375472,-0.031645569620253,227658750.0,1056883914.0,1655700.0,6907738.0,2,0,-0.004109636363636371,0.14854509090909085,0.032236727272727084,-0.035211267605633645,6.0
6949 沛爾生醫*-創,2025-08-18,2025-08-26,2025-08-15,2025-08-25,0.125,6,4507,4513,0.1012683742825704,生技醫療業,6949 沛爾生醫*-創,355.0,392.5,341.0,0.01139601139601143,0.0064102564102563875,124577310.0,404182370.0,350922.0,1029764.0,2,0,-0.03989288732394358,0.10933197183098597,0.0,-0.03989288732394358,4.0
4991 環宇-KY,2025-08-20,2025-08-28,2025-08-19,2025-08-27,0.09999999999999999,6,4509,4515,0.10533631448667702,半導體業,4991 環宇-KY,159.5,177.0,267.11970259934225,-0.03039513677811545,0.011428571428571344,227411272.0,4641185499.0,1425776.0,26221387.0,2,0,-0.04747460815047022,0.0966575235109719,0.0,-0.06000000000000005,4.0
8935 邦泰,2025-08-20,2025-08-28,2025-08-19,2025-08-27,0.09999999999999999,6,4509,4515,0.1744143880625002,其他,8935 邦泰,21.5,25.35,6.124551687372302,-0.013761467889908285,0.009960159362549792,29632891.0,90821546.4,1378274.0,3582704.0,2,0,-0.06556034883720918,0.16688732558139563,0.0,-0.06556034883720918,6.0
5475 德宏,2025-08-21,2025-08-29,2025-08-20,2025-08-28,0.11111111111111112,6,4510,4516,-0.0772035201673984,電子零組件業,5475 德宏,45.55,42.2,25.33455608381277,0.013348164627363657,0.010778443113772518,157182436.85,87027203.2,3450767.0,2062256.0,2,2,-0.11567821075740947,0.003913693743139435,0.0,-0.11567821075740947,1.0
1815 富喬,2025-08-25,2025-09-02,2025-08-22,2025-09-01,0.058823529411764705,6,4512,4518,0.013324222601156066,電子零組件業,1815 富喬,69.2,70.4,111.26762191357919,0.03592814371257491,0.014409221902017322,1154671338.4,16121920742.400002,16686002.0,229004556.0,2,0,-0.0625842124277457,0.10496622109826559,0.10496622109826559,-0.15163398692810437,4.0
3071 協禧,2025-08-25,2025-09-02,2025-08-22,2025-09-01,0.058823529411764705,6,4512,4518,0.056190618209905896,電腦及週邊設備業,3071 協禧,26.5,28.1,34.810286867178014,0.051587301587301626,0.02181818181818196,19449569.0,52104368.800000004,733946.0,1854248.0,2,0,-0.015562169811320747,0.03724292452830191,0.0,-0.015562169811320747,3.0
3363 上詮,2025-08-25,2025-09-02,2025-08-22,2025-09-01,0.058823529411764705,6,4512,4518,0.06822930646739134,通信網路業,3363 上詮,345.0,370.0,540.7606846813259,0.05182926829268286,0.009549795361528002,774010950.0,3262724750.0,2243510.0,8818175.0,2,0,0.0,0.09802891304347816,0.01545945652173919,-0.03430079155672827,7.0
4577 達航科技,2025-08-25,2025-09-02,2025-08-22,2025-09-01,0.058823529411764705,6,4512,4518,-0.04563660978979822,其他電子業,4577 達航科技,33.45,32.05,36.96244953698313,0.01981707317073189,-0.015360983102918557,9212999.700000001,28807725.849999998,275426.0,898837.0,2,0,-0.11551748878923762,0.06376950672645743,0.06376950672645743,-0.1685393258426966,2.0
4989 榮科,2025-08-25,2025-09-02,2025-08-22,2025-09-01,0.058823529411764705,6,4512,4518,0.007718434234077698,電子零組件業,4989 榮科,34.15,34.55,38.62747674802341,-0.028449502133712556,0.022189349112426093,130083599.44999999,628433266.8,3809183.0,18189096.0,2,0,-0.12193997071742324,0.0,0.0,-0.12193997071742324,0.0
6215 和椿,2025-08-21,2025-09-02,2025-08-20,2025-09-01,0.11111111111111112,8,4510,4518,0.0692907425827205,其他電子業,6215 和椿,136.0,146.0,271.19430830649736,0.014925373134328401,0.01388888888888884,311047776.0,1986872536.0,2287116.0,13608716.0,2,0,-0.04457169117647064,0.1024172794117646,0.1024172794117646,-0.1333333333333333,6.0
6283 淳安,2025-08-25,2025-09-02,2025-08-22,2025-09-01,0.058823529411764705,6,4512,4518,0.030712788650411937,其他電子業,6283 淳安,27.3,28.25,19.62732608407697,0.02824858757062154,-0.012237762237762295,6733872.600000001,25363697.5,246662.0,897830.0,2,0,-0.005966895604395672,0.15695934065934058,0.0,-0.12500000000000022,6.0
6727 亞泰金屬,2025-08-25,2025-09-02,2025-08-22,2025-09-01,0.058823529411764705,6,4512,4518,0.10395724610937496,電子零組件業,6727 亞泰金屬,180.0,199.5,222.11570432913925,0.02857142857142847,0.002512562814070307,64159200.0,418629004.5,356440.0,2098391.0,2,0,-0.01435729166666666,0.12446562500000002,0.0,-0.019753086419753152,5.0
6895 宏碩系統,2025-08-20,2025-09-02,2025-08-19,2025-09-01,0.09999999999999999,9,4509,4518,0.012500209993119293,半導體業,6895 宏碩系統,272.5,277.0,277.2279773978556,-0.005474452554744547,0.01279707495429605,47145770.0,286260110.0,173012.0,1033430.0,2,0,-0.018814908256880702,0.06738266055045883,0.0,-0.06013745704467355,9.0
8358 金居,2025-08-25,2025-09-02,2025-08-22,2025-09-01,0.058823529411764705,6,4512,4518,0.04014768724121054,電子零組件業,8358 金居,192.0,200.5,323.5175210553968,0.06371191135734078,0.022959183673469274,2398331136.0,18783239596.5,12491308.0,93681993.0,2,0,0.0,0.13227441406249962,0.033363085937499815,-0.09885057471264369,7.0
1802 台玻,2025-08-26,2025-09-03,2025-08-25,2025-09-02,0.0625,6,4513,4519,-0.1220213413943767,玻璃陶瓷,1802 台玻,32.9,29.0,66.62353737212196,-0.014970059880239694,0.008695652173913215,559881145.6,932777402.0,17017664.0,32164738.0,2,2,-0.12655490121580548,0.07243867781155022,0.07243867781155022,-0.18555240793201144,4.0
2630 亞航,2025-08-25,2025-09-04,2025-08-22,2025-09-03,0.058823529411764705,8,4512,4520,0.32457394942763185,航運業,2630 亞航,57.0,75.8,86.28781748050719,0.017857142857143016,0.04264099037138913,206977488.0,2637307050.2,3631184.0,34792969.0,2,0,0.0,0.2748327631578953,0.04336381578947379,-0.04539202200825321,9.0
3694 海華,2025-08-25,2025-09-04,2025-08-22,2025-09-03,0.058823529411764705,8,4512,4520,0.03629616176136374,通信網路業,3694 海華,99.0,103.0,109.34411051040821,0.03017689906347565,0.030000000000000027,160264269.0,2514657038.0,1618831.0,24414146.0,2,0,-0.09134090909090886,0.01466931818181827,0.01466931818181827,-0.10447761194029836,4.0
4768 晶呈科技,2025-08-27,2025-09-04,2025-08-26,2025-09-03,0.05263157894736842,6,4514,4520,0.04222623045529783,化學工業,4768 晶呈科技,151.0,158.0,193.68830323009055,0.020270270270270174,0.0,29211252.0,161233786.0,193452.0,1020467.0,2,0,-0.007094370860927124,0.059099337748344416,0.0,-0.012500000000000178,6.0
6733 博晟生醫,2025-08-27,2025-09-04,2025-08-26,2025-09-03,0.05263157894736842,6,4514,4520,0.10722825855353069,生技醫療業,6733 博晟生醫,43.9,48.8,46.2,0.026900584795321647,0.00411522633744843,81102396.5,98012555.19999999,1847435.0,2008454.0,2,0,0.0,0.1065356492027334,0.05189191343963562,-0.04938271604938271,7.0
6213 聯茂,2025-08-28,2025-09-05,2025-08-27,2025-09-04,0.05555555555555555,6,4515,4521,0.007816040199310814,電子零組件業,6213 聯茂,127.0,128.5,378.0409488644405,-0.0039215686274509665,0.05327868852459017,505880878.0,4122532888.0,3983314.0,32081968.0,2,0,-0.043761515748031665,0.07822775590551179,0.07822775590551179,-0.113138686131387,3.0
3081 聯亞,2025-08-29,2025-09-08,2025-08-28,2025-09-05,0.05555555555555555,6,4516,4522,0.07825527023713796,通信網路業,3081 聯亞,466.5,505.0,873.4929862118993,0.023026315789473673,0.02851323828920571,374159590.5,4491340215.0,802057.0,8893743.0,2,0,-0.016544533762058,0.07344485530546607,0.028450160771704036,-0.043749999999999956,6.0
4722 國精化,2025-08-27,2025-09-09,2025-08-26,2025-09-08,0.05263157894736842,9,4514,4523,-0.05447270846467378,化學工業,4722 國精化,138.0,131.0,373.2987478652211,-0.021276595744680882,-0.0038022813688212143,116713224.0,2019664597.0,845748.0,15417287.0,3,0,-0.06566141304347817,0.08644021739130436,0.08644021739130436,-0.1399999999999999,4.0
8021 尖點,2025-09-01,2025-09-09,2025-08-29,2025-09-08,0.05263157894736842,6,4517,4523,0.06396426316761339,其他電子業,8021 尖點,88.0,94.0,215.35476323526467,-0.027624309392265123,0.042128603104212736,271804280.0,6121079968.0,3088685.0,65117872.0,2,0,-0.10269914772727284,0.12673727272727264,0.0,-0.10269914772727284,2.0
3685 元創精密,2025-09-02,2025-09-10,2025-09-01,2025-09-09,0.09090909090909091,6,4518,4524,0.11504897171736705,電機機械,3685 元創精密,22.6,25.3,32.4005192830765,0.04872389791183296,-0.03250478011472269,16851170.2,12483753.700000001,745627.0,493429.0,2,2,0.0,0.15653003318584058,0.010581692477876103,-0.027999999999999914,7.0
8201 無敵,2025-09-02,2025-09-10,2025-09-01,2025-09-09,0.09090909090909091,6,4518,4524,-0.009481969656250033,其他電子業,8201 無敵,18.0,17.9,27.145903266705837,0.0,-0.05789473684210533,9498330.0,24242274.299999997,527685.0,1354317.0,2,0,-0.056004166666666744,0.055054166666666626,0.0,-0.056004166666666744,4.0
8033 雷虎,2025-09-04,2025-09-12,2025-09-03,2025-09-11,0.14285714285714285,6,4520,4526,0.03544352381355953,其他,8033 雷虎,177.0,184.0,180.72277953623106,0.01724137931034475,0.0308123249299721,536410890.0,6518043968.0,3030570.0,35424152.0,2,0,-0.06541588983050817,0.06164237288135621,0.06164237288135621,-0.11968085106382975,4.0
3219 倚強科,2025-09-05,2025-09-15,2025-09-04,2025-09-12,0.1,6,4521,4527,-0.02761690344925738,其他電子業,3219 倚強科,101.0,98.6,30.237754027119127,0.02020202020202011,0.0,43571905.0,272024877.8,431405.0,2758873.0,2,0,-0.06282160891089106,0.08364344059405937,0.08364344059405937,-0.1351598173515981,3.0
4760 勤凱科技,2025-09-05,2025-09-15,2025-09-04,2025-09-12,0.1,6,4521,4527,-0.026846088469827722,其他電子業,4760 勤凱科技,174.0,170.0,244.00147161566207,0.008695652173912993,-0.039548022598870025,37120116.0,239375300.0,213334.0,1408090.0,2,0,-0.08376875000000017,0.08569094827586188,0.08569094827586188,-0.15608465608465605,4.0
4772 台特化,2025-09-05,2025-09-15,2025-09-04,2025-09-12,0.1,6,4521,4527,0.1218329170861776,化學工業,4772 台特化,293.0,330.0,297.6516853932584,0.019130434782608674,-0.0030211480362537513,497281651.0,2759521380.0,1697207.0,8362186.0,2,0,0.0,0.1359789249146759,0.006347696245733836,-0.013533834586466176,7.0
4931 新盛力,2025-09-05,2025-09-15,2025-09-04,2025-09-12,0.1,6,4521,4527,0.10561733219375014,電腦及週邊設備業,4931 新盛力,150.0,166.5,198.52811525083368,0.013513513513513375,-0.020588235294117685,484015500.0,1996344490.5,3226770.0,11990057.0,2,0,0.0,0.13612675000000007,0.07615525000000001,-0.1026392961876833,7.0
6584 南俊國際,2025-09-08,2025-09-16,2025-09-05,2025-09-15,0.09999999999999999,6,4522,4528,-0.015829965788031863,電子零組件業,6584 南俊國際,252.0,247.5,251.26127167630057,-0.0039525691699605625,-0.03883495145631066,63282996.0,574073527.5,251123.0,2319489.0,2,0,-0.0742478681613492,0.0334905264922869,0.0334905264922869,-0.10424710424710426,4.0
4991 環宇-KY,2025-09-10,2025-09-18,2025-09-09,2025-09-17,0.1,6,4524,4530,0.034608488713709695,半導體業,4991 環宇-KY,155.0,161.0,272.2402080804798,0.006493506493506551,0.02547770700636942,136651255.0,2704973075.0,881621.0,16801075.0,2,0,-0.03271774193548427,0.02854346774193517,0.02854346774193517,-0.05956112852664586,4.0
6515 穎崴,2025-09-10,2025-09-18,2025-09-09,2025-09-17,0.1,6,4524,4530,-0.0482173116250002,半導體業,6515 穎崴,1800.0,1720.0,1992.6998683972124,0.022727272727272707,0.008797653958944274,537431400.0,2539825960.0,298573.0,1476643.0,3,0,-0.11430979166666677,0.04117187499999986,0.0,-0.11430979166666677,1.0
6735 美達科技,2025-09-10,2025-09-18,2025-09-09,2025-09-17,0.1,6,4524,4530,-0.05375093190625013,其他電子業,6735 美達科技,78.0,74.1,104.93302817474066,-0.012658227848101222,-0.03515625000000011,10433280.0,72375841.19999999,133760.0,976732.0,2,0,-0.01585230769230772,0.08153730769230783,0.048219807692307715,-0.06112469437652812,4.0
7703 銳澤,2025-09-10,2025-09-18,2025-09-09,2025-09-17,0.1,6,4524,4530,-0.16112671268284573,其他電子業,7703 銳澤,282.0,237.5,292.4907063197026,0.031078610603290757,0.002109704641350074,64982670.0,303232162.5,230435.0,1276767.0,2,0,-0.15997367021276598,0.0,0.0,-0.15997367021276598,0.0
8038 長園科,2025-09-11,2025-09-19,2025-09-10,2025-09-18,0.09090909090909091,6,4525,4531,-0.09985197114125843,電子零組件業,8038 長園科,59.2,53.5,57.7,0.0,-0.003724394785847407,49338168.0,116173163.5,833415.0,2171461.0,2,0,-0.11359691722972975,0.0,0.0,-0.11359691722972975,0.0
5438 東友,2025-09-12,2025-09-22,2025-09-11,2025-09-19,0.09090909090909091,6,4526,4532,-0.12693907493043466,電腦及週邊設備業,5438 東友,28.75,25.2,78.71303266541166,0.02313167259786475,-0.059701492537313494,24376952.5,50205884.4,847894.0,1992297.0,2,0,-0.09260513043478247,0.015169739130434845,0.015169739130434845,-0.1061643835616437,2.0
3363 上詮,2025-09-15,2025-09-23,2025-09-12,2025-09-22,0.125,6,4527,4533,0.05258431187668955,通信網路業,3363 上詮,370.0,391.0,543.0749244160534,0.010928961748633892,0.03439153439153442,336962700.0,6524983758.0,910710.0,16687938.0,2,0,-0.04910054054054058,0.0643590540540544,0.0,-0.04910054054054058,2.0
3167 大量,2025-09-16,2025-09-24,2025-09-15,2025-09-23,0.1,6,4528,4534,0.09296478419932419,電機機械,3167 大量,185.0,203.0,383.0152037393939,0.005434782608695565,-0.009756097560975618,181941950.0,1663493447.0,983470.0,8194549.0,2,0,-0.005877837837838018,0.10758175675675652,0.004927837837837679,-0.03902439024390236,5.0
5314 世紀*,2025-09-16,2025-09-24,2025-09-15,2025-09-23,0.1,6,4528,4534,0.16750316425717182,其他,5314 世紀*,122.0,143.0,450.8568292605487,0.025210084033613356,0.021428571428571352,538020976.0,5636327411.0,4410008.0,39414877.0,2,0,-0.07830686475409843,0.14699590163934384,0.0,-0.08571428571428563,3.0
6418 詠昇,2025-09-16,2025-09-24,2025-09-15,2025-09-23,0.1,6,4528,4534,0.3757963424257815,電子零組件業,6418 詠昇,48.0,66.3,65.565849352239,0.013727560718057141,0.07281553398058271,25869024.0,434340648.29999995,538938.0,6551141.0,2,1,0.0,0.41391140625000045,0.07448937499999997,-0.019379844961240122,7.0
3313 斐成,2025-09-17,2025-09-25,2025-09-16,2025-09-24,0.08333333333333333,6,4529,4535,-0.03240696796428566,建材營造,3313 斐成,17.5,17.0,17.6,0.0,0.0,5093690.0,160386024.0,291068.0,9434472.0,2,0,-0.029032857142857083,0.03950600000000004,0.03950600000000004,-0.06593406593406592,4.0
7402 邑錡,2025-09-17,2025-09-25,2025-09-16,2025-09-24,0.08333333333333333,6,4529,4535,-0.00394834937499966,光電業,7402 邑錡,152.5,152.5,267.3831706733017,-0.016129032258064502,-0.031746031746031744,123835947.5,839388212.5,812039.0,5504185.0,2,0,-0.0496319672131148,0.04868196721311491,0.0,-0.06874999999999998,3.0
2429 銘旺科,2025-09-18,2025-09-26,2025-09-17,2025-09-25,0.1,6,4530,4536,-0.038427060358173115,光電業,2429 銘旺科,130.0,125.5,1.5366375860524808,0.019607843137254832,-0.034615384615384714,101668840.0,605763525.5,782068.0,4826801.0,2,0,-0.1004275,0.057189903846153856,0.057189903846153856,-0.14909090909090905,3.0
7714 創泓科技,2025-09-18,2025-09-26,2025-09-17,2025-09-25,0.1,6,4530,4536,-0.03693019211092752,數位雲端,7714 創泓科技,151.0,146.0,157.50083922791032,0.016835016835016647,-0.026666666666666616,20462010.0,58651704.0,135510.0,401724.0,2,0,-0.07990745033112634,0.05247996688741696,0.05247996688741696,-0.12578616352201288,4.0
5475 德宏,2025-09-19,2025-09-30,2025-09-18,2025-09-26,0.0909090909090909,6,4531,4537,-0.058214783767574496,電子零組件業,5475 德宏,56.9,53.8,31.48316744797407,0.02522522522522519,-0.0018552875695733162,113685403.39999999,388148223.79999995,1997986.0,7214651.0,2,0,-0.0531740333919154,0.0399275922671356,0.010064806678383276,-0.06260869565217386,2.0
3323 加百裕,2025-09-19,2025-10-02,2025-09-18,2025-10-01,0.0909090909090909,8,4531,4539,0.05881100259527394,電腦及週邊設備業,3323 加百裕,49.2,52.3,126.77873811649637,0.004081632653061273,0.009652509652509744,110710332.0,1458829631.6,2250210.0,27893492.0,2,0,-0.028916768292683193,0.10110274390243879,0.0,-0.05904059040590415,7.0
8299 群聯,2025-09-23,2025-10-02,2025-09-22,2025-10-01,0.09999999999999999,6,4533,4539,0.06138837201807257,半導體業,8299 群聯,747.0,796.0,2334.7643864523156,0.013568521031207537,0.09944751381215489,2736095913.0,10323275444.0,3662779.0,12968939.0,2,0,-0.14097048192771067,0.06508955823293205,0.0,-0.14097048192771067,1.0
6895 宏碩系統,2025-09-24,2025-10-03,2025-09-23,2025-10-02,0.125,6,4534,4540,0.08484695281250021,半導體業,6895 宏碩系統,258.0,281.0,276.70979426253257,0.005847953216374213,-0.027681660899653848,43330326.0,494544545.0,167947.0,1759945.0,2,0,0.0,0.11962296511627901,0.03439215116279071,-0.06747404844290661,7.0
8033 雷虎,2025-09-25,2025-10-07,2025-09-24,2025-10-03,0.14285714285714285,6,4535,4541,0.03589371664999974,其他,8033 雷虎,150.0,156.0,151.65917464005355,0.016949152542372836,0.0,164556900.0,2474883684.0,1097046.0,15864639.0,2,0,-0.06710999999999989,0.03950599999999982,0.0,-0.06710999999999989,2.0
3081 聯亞,2025-09-26,2025-10-08,2025-09-25,2025-10-07,0.14285714285714285,6,4536,4542,0.04036985532466608,通信網路業,3081 聯亞,449.5,469.5,807.9810122460069,-0.019629225736095823,-0.025933609958506354,294036829.0,2172984972.0,654142.0,4628296.0,2,0,-0.01270500556173526,0.08735867630700755,0.0,-0.01270500556173526,6.0
2408 南亞科,2025-09-30,2025-10-09,2025-09-26,2025-10-08,0.125,6,4537,4543,0.31045162742091814,半導體業,2408 南亞科,73.5,96.7,4.6319440183342415,0.035211267605633756,0.06497797356828205,2290182972.0,21202406414.4,31158952.0,219259632.0,2,0,-0.007274489795918382,0.33949948979591804,0.0,-0.007274489795918382,6.0
6488 環球晶,2025-09-30,2025-10-09,2025-09-26,2025-10-08,0.125,6,4537,4543,0.10246742526442332,半導體業,6488 環球晶,468.0,518.0,685.327091360807,0.02183406113537112,0.015686274509803866,1404336960.0,3771333188.0,3000720.0,7280566.0,2,0,-0.012221554487179431,0.08922596153846185,0.0,-0.028431372549019618,5.0
2342 茂矽,2025-09-26,2025-10-13,2025-09-25,2025-10-09,0.14285714285714285,8,4536,4544,-0.021395113956011014,半導體業,2342 茂矽,31.4,30.85,2.340889278597731,0.0,-0.08456973293768555,49261670.199999996,173228241.3,1568843.0,5615178.0,2,0,-0.01798260350318459,0.07273861464968179,0.07273861464968179,-0.08456973293768555,6.0
6127 九豪,2025-10-07,2025-10-16,2025-10-03,2025-10-15,0.19999999999999998,6,4541,4547,-0.10112412016768302,電子零組件業,6127 九豪,24.6,22.2,28.993078840569577,0.004081632653061273,0.0,22654164.6,58239524.4,920901.0,2623402.0,2,0,-0.10611585365853671,0.0,0.0,-0.10611585365853671,0.0
1795 美時,2025-10-09,2025-10-20,2025-10-08,2025-10-17,0.2,6,4543,4549,0.06923824144153246,生技醫療業,1795 美時,279.0,299.5,321.2128716227008,-0.00888099467140313,0.0,723757806.0,3885539889.0,2594114.0,12973422.0,2,0,-0.007640053763440791,0.0729668010752691,0.0,-0.06844741235392326,4.0
6418 詠昇,2025-10-08,2025-10-21,2025-10-07,2025-10-20,0.2,8,4542,4550,-0.017408506815878466,電子零組件業,6418 詠昇,74.0,73.0,95.29919963988226,0.0,-0.010840108401083848,41258330.0,294155544.0,557545.0,4029528.0,2,0,-0.061256925675675644,0.013032094594594534,0.013032094594594534,-0.07333333333333325,4.0
3555 博士旺,2025-10-14,2025-10-22,2025-10-13,2025-10-21,0.14285714285714288,6,4545,4551,0.15772959971195633,半導體業,3555 博士旺,69.0,80.2,4.209444914729155,0.020710059171597628,-0.03952095808383227,18500694.0,19738503.2,268126.0,246116.0,2,0,0.0,0.2993824999999999,0.035739673913043335,-0.12374581939799345,7.0
3628 盈正,2025-10-14,2025-10-22,2025-10-13,2025-10-21,0.14285714285714288,6,4545,4551,-0.09509033047794102,其他電子業,3628 盈正,76.5,69.5,176.82826245125966,0.047945205479452024,-0.02524544179523136,122226039.0,97169409.5,1597726.0,1398121.0,2,0,-0.06841656862745094,0.024349803921568824,0.021736666666666737,-0.08823529411764708,2.0
4722 國精化,2025-10-14,2025-10-22,2025-10-13,2025-10-21,0.14285714285714288,6,4545,4551,-0.013548847212349058,化學工業,4722 國精化,207.5,205.5,501.21230482603113,0.017156862745097756,-0.012019230769230838,313182655.0,2942396265.0,1509314.0,14318230.0,2,0,-0.0751383132530119,0.0019334939759039216,0.0,-0.0751383132530119,2.0
3581 博磊,2025-10-15,2025-10-23,2025-10-14,2025-10-22,0.1111111111111111,6,4546,4552,-0.03447251286189512,半導體業,3581 博磊,62.0,60.1,100.79120246068057,0.009771986970684043,-0.014754098360655776,52331596.0,127710396.5,844058.0,2124965.0,2,0,-0.04883911290322562,0.07690758064516134,0.07690758064516134,-0.11676646706586813,5.0
6785 昱展新藥,2025-10-15,2025-10-23,2025-10-14,2025-10-22,0.1111111111111111,6,4546,4552,0.010409151895270252,生技醫療業,6785 昱展新藥,277.5,281.5,281.54411764705884,0.025878003696857554,-0.02595155709342556,53551395.0,176939077.0,192978.0,628558.0,2,0,-0.02388729729729755,0.06255810810810769,0.06255810810810769,-0.08135593220338966,6.0
3430 奇鈦科,2025-10-14,2025-10-27,2025-10-13,2025-10-23,0.14285714285714288,8,4545,4553,0.015415959750151753,化學工業,3430 奇鈦科,82.3,83.9,84.0734658754067,0.04177215189873418,0.03708281829419047,112403200.2,196848864.8,1365774.0,2346232.0,2,0,-0.11828049817739983,0.0,0.0,-0.11828049817739983,0.0
6499 益安,2025-10-23,2025-10-28,2025-10-22,2025-10-27,0.1,2,4552,4554,-0.12136907241615846,生技醫療業,6499 益安,123.0,108.5,176.39290903312798,0.008196721311475308,0.018779342723004522,165306834.0,65126908.0,1343958.0,600248.0,2,2,-0.13862073170731692,0.0,0.0,-0.13862073170731692,0.0
8299 群聯,2025-10-17,2025-10-28,2025-10-16,2025-10-27,0.11111111111111112,6,4548,4554,0.17736601728723422,半導體業,8299 群聯,846.0,1000.0,2795.1404626541807,-0.016279069767441978,0.03305785123966953,1539376524.0,11871616000.0,1819594.0,11871616.0,2,1,0.0,0.2110084219858157,0.00425088652482275,0.0,7.0
3709 鑫聯大投控,2025-10-20,2025-10-29,2025-10-17,2025-10-28,0.07692307692307693,6,4549,4555,-0.05091345667362479,電腦及週邊設備業,3709 鑫聯大投控,50.9,48.5,70.13815493557011,0.018000000000000016,-0.018218623481781382,139812679.9,497538365.5,2746811.0,10258523.0,2,0,-0.12615201375245588,0.01130722003929252,0.01130722003929252,-0.13592233009708732,1.0
4768 晶呈科技,2025-10-20,2025-10-29,2025-10-17,2025-10-28,0.07692307692307693,6,4549,4555,0.0056660487970563445,化學工業,4768 晶呈科技,259.0,261.5,344.7651797495612,0.013698630136986356,0.005769230769230749,177140201.0,422204302.0,683939.0,1614548.0,2,0,-0.004334169884169681,0.030398359073359194,0.030398359073359194,-0.033707865168539186,5.0
4989 榮科,2025-10-20,2025-10-29,2025-10-17,2025-10-28,0.07692307692307693,6,4549,4555,0.14418964398990775,電子零組件業,4989 榮科,35.3,40.55,44.266967073872976,0.02467343976777925,0.050518134715025864,152123514.39999998,339007367.04999995,4309448.0,8360231.0,2,0,-0.044363491501416386,0.2019783640226629,0.03350318696883847,-0.07534246575342451,4.0
5475 德宏,2025-10-20,2025-10-29,2025-10-17,2025-10-28,0.07692307692307693,6,4549,4555,-0.06451905785895273,電子零組件業,5475 德宏,59.2,55.6,34.15895202311834,0.011965811965811923,0.029629629629629672,63541372.800000004,591642880.4,1073334.0,10641059.0,2,0,-0.08827111486486494,0.03835789695945935,0.03835789695945935,-0.12195121951219512,4.0
7402 邑錡,2025-10-20,2025-10-29,2025-10-17,2025-10-28,0.07692307692307693,6,4549,4555,-0.00023173873833970404,光電業,7402 邑錡,134.0,134.5,248.47728991862382,0.01132075471698113,-0.028880866425992857,27695388.0,362576492.0,206682.0,2695736.0,2,0,-0.06760727611940309,0.0442798507462685,0.0442798507462685,-0.1071428571428571,6.0
8033 雷虎,2025-10-21,2025-10-30,2025-10-20,2025-10-29,0.07692307692307693,6,4550,4556,-0.03896579021728541,其他,8033 雷虎,128.0,123.5,133.16415334248606,0.0,-0.015936254980079778,193835392.0,875520522.5,1514339.0,7089235.0,2,0,-0.059040917968750106,0.0,0.0,-0.059040917968750106,0.0
6499 益安,2025-10-29,2025-11-03,2025-10-28,2025-10-31,0.16666666666666666,3,4555,4558,-0.041535204115566215,生技醫療業,6499 益安,106.0,102.0,160.78291708329365,0.0,-0.02392344497607657,85742976.0,190374534.0,808896.0,1866417.0,2,0,-0.057051886792452766,0.0,0.0,-0.057051886792452766,0.0
4967 十銓,2025-10-22,2025-11-04,2025-10-21,2025-11-03,0.09090909090909091,8,4551,4559,0.11809750504940664,半導體業,4967 十銓,126.5,142.0,122.97982209658237,-0.015564202334630295,0.01067615658362997,211799709.0,2329152728.0,1674306.0,16402484.0,2,0,-0.004425691699605272,0.1101443675889322,0.08248952569169932,-0.09964412811387902,7.0
8271 宇瞻,2025-10-27,2025-11-04,2025-10-23,2025-11-03,0.09090909090909091,6,4553,4559,-0.106988175301724,半導體業,8271 宇瞻,116.0,104.0,239.7941853297951,0.05936073059360725,-0.018867924528301883,436359056.0,1250354560.0,3761716.0,12022640.0,2,0,-0.17797685344827563,0.0,0.0,-0.17797685344827563,0.0
8996 高力,2025-10-27,2025-11-04,2025-10-23,2025-11-03,0.09090909090909091,6,4553,4559,0.2566465592187499,電機機械,8996 高力,516.0,651.0,1206.522560624446,0.021782178217822024,0.012441679626749691,891158832.0,5952891777.0,1727052.0,9144227.0,2,0,0.0,0.24746918604651147,0.032455087209302125,0.0,7.0
8358 金居,2025-10-28,2025-11-05,2025-10-27,2025-11-04,0.09999999999999999,6,4554,4560,0.0006102394150457879,電子零組件業,8358 金居,218.5,219.5,367.52242316368756,0.002293577981651307,-0.07966457023060802,1476162402.0,9769284524.5,6755892.0,44506991.0,3,0,0.0,0.17564267734553773,0.03154639588100694,-0.09727626459143945,7.0
8103 瀚荃,2025-10-30,2025-11-07,2025-10-29,2025-11-06,0.16666666666666666,6,4556,4562,-0.025882129246276087,電子零組件業,8103 瀚荃,77.2,75.5,260.91068760948554,-0.01025641025641022,-0.044303797468354444,77026300.0,475534032.0,997750.0,6298464.0,2,0,-0.07945301165803131,0.061671632124352005,0.061671632124352005,-0.13292682926829258,6.0
6127 九豪,2025-10-31,2025-11-10,2025-10-30,2025-11-07,0.125,6,4557,4563,-0.0826803732295498,電子零組件業,6127 九豪,27.2,25.05,32.76453625072497,0.01872659176029967,-0.0493358633776092,33997769.6,75182364.60000001,1249918.0,3001292.0,2,0,-0.08866838235294128,0.021573345588235426,0.021573345588235426,-0.10791366906474842,2.0
6727 亞泰金屬,2025-11-04,2025-11-12,2025-11-03,2025-11-11,0.16666666666666666,6,4559,4565,-0.025719970153688432,電子零組件業,6727 亞泰金屬,183.0,179.0,224.583656599463,0.005494505494505475,0.0,31629720.0,305020117.0,172840.0,1704023.0,2,0,-0.1179055327868852,0.007717827868852556,0.007717827868852556,-0.12466124661246614,1.0
4764 雙鍵,2025-10-31,2025-11-13,2025-10-30,2025-11-12,0.125,9,4557,4566,-0.14328521462863597,化學工業,4764 雙鍵,72.2,62.1,105.29870167158049,0.009790209790209836,-0.006400000000000072,21511412.400000002,48183079.5,297942.0,775895.0,2,0,-0.1347602146814405,0.01752198753462597,0.01752198753462597,-0.1496598639455783,1.0
8043 蜜望實,2025-11-03,2025-11-13,2025-10-31,2025-11-12,0.125,8,4558,4566,0.09442712229166639,電子零組件業,8043 蜜望實,48.6,53.4,95.1973874653101,0.01673640167364021,0.005649717514124353,60891717.6,521060966.4,1252916.0,9757696.0,2,0,-0.07657052469135828,0.20107530864197498,0.0,-0.07657052469135828,4.0
4171 瑞基,2025-11-06,2025-11-14,2025-11-05,2025-11-13,0.14285714285714288,6,4561,4567,-0.11608661467715231,農業科技,4171 瑞基,22.65,20.1,34.84218903714828,0.013422818791946067,-0.042857142857142816,5931808.5,6303259.5,261890.0,313595.0,2,0,-0.11521076158940391,0.0,0.0,-0.11521076158940391,0.0
3081 聯亞,2025-11-07,2025-11-17,2025-11-06,2025-11-14,0.125,6,4562,4568,0.10826506442958816,通信網路業,3081 聯亞,395.0,439.5,763.3964744081078,-0.024691358024691468,0.010344827586206806,239155910.0,2081761191.0,605458.0,4736658.0,2,0,0.0,0.1108644936708858,0.06152085443037958,-0.02502979737783073,7.0
6535 順藥,2025-11-07,2025-11-17,2025-11-06,2025-11-14,0.125,6,4562,4568,-0.08372918546875019,生技醫療業,6535 順藥,206.0,189.5,201.0,0.0,0.002645502645502562,33771228.0,80267652.0,163938.0,423576.0,2,0,-0.11692451456310682,0.0,0.0,-0.11692451456310682,0.0
2344 華邦電,2025-11-10,2025-11-18,2025-11-07,2025-11-17,0.1111111111111111,6,4563,4569,0.07878558251730494,半導體業,2344 華邦電,61.4,66.5,83.87908004456499,0.05679862306368322,0.004531722054380571,1965198117.6,31036188001.0,32006484.0,466709594.0,2,1,-0.018381799674266897,0.07766376221498406,0.05487328990228013,-0.0725075528700907,5.0
3693 營邦,2025-11-05,2025-11-18,2025-11-04,2025-11-17,0.16666666666666666,9,4560,4569,-0.03244768129560083,電腦及週邊設備業,3693 營邦,349.5,339.5,507.20753263095014,-0.01963534361851338,0.002954209748892156,146335999.5,682673390.0,418701.0,2010820.0,2,0,-0.1277392703862662,0.06530203862660944,0.06530203862660944,-0.18120805369127524,3.0
2515 中工,2025-11-11,2025-11-19,2025-11-10,2025-11-18,0.0909090909090909,6,4564,4570,-0.07224903398928562,建材營造,2515 中工,17.5,16.3,30.57694234200372,0.01156069364161838,-0.03264094955489616,282636480.0,775346778.1,16150656.0,47567287.0,2,0,-0.12898535714285708,0.0,0.0,-0.12898535714285708,0.0
5475 德宏,2025-11-11,2025-11-19,2025-11-10,2025-11-18,0.0909090909090909,6,4564,4570,0.07491288286036979,電子零組件業,5475 德宏,58.1,62.7,35.0129258236963,-0.006837606837606813,0.0032000000000000917,46263926.1,316163558.7,796281.0,5042481.0,2,0,0.0,0.16295851979345932,0.05801699655765913,-0.1301775147928994,7.0
1519 華城,2025-11-12,2025-11-20,2025-11-11,2025-11-19,0.08333333333333334,6,4565,4571,0.027300329860293848,電機機械,1519 華城,765.0,789.0,2141.2139354599913,0.009234828496042402,0.052000000000000046,543981555.0,5918069658.0,711087.0,7500722.0,2,0,-0.07625598039215697,0.0,0.0,-0.07625598039215697,0.0
3163 波若威,2025-11-10,2025-11-20,2025-11-07,2025-11-19,0.1111111111111111,8,4563,4571,0.039547355892467495,通信網路業,3163 波若威,229.0,239.0,328.2828414453339,-0.004347826086956497,0.04366812227074224,158223199.0,1812793968.0,690931.0,7584912.0,2,0,-0.024481058951965173,0.040990010917030695,0.0,-0.0340425531914893,3.0
8358 金居,2025-11-12,2025-11-20,2025-11-11,2025-11-19,0.08333333333333334,6,4565,4571,-0.006032139439069106,電子零組件業,8358 金居,239.0,238.5,387.89506302863697,0.06458797327394206,0.09907834101382496,1191845439.0,7577254948.5,4986801.0,31770461.0,2,0,-0.0924814853556486,0.0,0.0,-0.0924814853556486,0.0
8110 華東,2025-11-20,2025-11-24,2025-11-19,2025-11-21,0.16666666666666669,2,4571,4573,-0.1492058817578128,半導體業,8110 華東,38.4,32.8,55.16827750531958,0.042062415196743475,0.017054263565891237,513300518.4,182140827.2,13367201.0,5553074.0,2,2,-0.16055517578125011,0.0,0.0,-0.16055517578125011,0.0
4991 環宇-KY,2025-11-13,2025-11-25,2025-11-12,2025-11-24,0.09090909090909091,8,4566,4574,-0.030868664256756717,半導體業,4991 環宇-KY,166.5,162.0,286.74830694370286,0.01834862385321112,0.025316455696202667,250088161.5,2340762138.0,1502031.0,14449149.0,2,0,-0.09952702702702709,0.00852972972972954,0.00852972972972954,-0.1071428571428571,1.0
8996 高力,2025-11-17,2025-11-25,2025-11-14,2025-11-24,0.1111111111111111,6,4568,4574,-0.017460677968750282,電機機械,8996 高力,516.0,509.0,1177.0951810970205,0.033033033033033066,0.06485355648535562,388299288.0,3382427669.0,752518.0,6645241.0,3,0,-0.10507645348837225,0.01695857558139502,0.007273255813953217,-0.11153846153846148,2.0
6488 環球晶,2025-11-18,2025-11-26,2025-11-17,2025-11-25,0.11111111111111112,6,4569,4575,0.054022910714285555,半導體業,6488 環球晶,378.0,400.0,525.9316156638133,-0.00917431192660545,0.0,725125338.0,1786506800.0,1918321.0,4466267.0,2,0,-0.09037936507936495,0.057698412698412804,0.0,-0.09037936507936495,2.0
7402 邑錡,2025-11-18,2025-11-26,2025-11-17,2025-11-25,0.11111111111111112,6,4569,4575,0.23273719136757443,光電業,7402 邑錡,101.0,125.0,182.7568472952197,-0.01941747572815533,0.05485232067510548,19060922.0,425023000.0,188722.0,3400184.0,2,0,0.0,0.2865173267326735,0.004473143564356352,-0.06018518518518501,7.0
2451 創見,2025-11-20,2025-11-28,2025-11-19,2025-11-27,0.16666666666666669,6,4571,4577,-0.12964058147767876,半導體業,2451 創見,210.0,183.5,836.3142645441825,0.02689486552567244,-0.04427083333333337,746296320.0,3022475659.5,3553792.0,16471257.0,2,0,-0.1289853571428572,0.0,0.0,-0.1289853571428572,0.0
8110 華東,2025-11-25,2025-11-28,2025-11-24,2025-11-27,0.19999999999999998,3,4574,4577,0.010403979884726411,半導體業,8110 華東,34.7,35.2,55.16827750531958,0.051515151515151736,-0.016759776536312665,339345527.0,3227590185.6000004,9779410.0,91692903.0,2,0,-0.06240522334293974,0.06433569884726231,0.031210230547550344,-0.09078212290502807,3.0
5340 建榮,2025-11-24,2025-12-02,2025-11-21,2025-12-01,0.16666666666666669,6,4573,4579,0.007261235117564269,電子零組件業,5340 建榮,62.2,62.9,60.883177570093466,0.018003273322422242,0.031147540983606614,63171004.2,2157047689.4,1015611.0,34293286.0,2,0,-0.08725048231511257,0.07826571543408356,0.0,-0.08725048231511257,1.0
6584 南俊國際,2025-11-26,2025-12-04,2025-11-25,2025-12-03,0.2,6,4575,4581,0.011060648100171377,電子零組件業,6584 南俊國際,365.0,370.5,360.15718588990586,0.015299026425591,-0.06909547738693456,178051380.0,1189790355.0,487812.0,3211310.0,2,0,-0.040182157534246477,0.08989301369863001,0.0,-0.09924623115577891,3.0
8043 蜜望實,2025-12-01,2025-12-09,2025-11-28,2025-12-08,0.20000000000000004,6,4578,4584,0.10130453123228067,電子零組件業,8043 蜜望實,77.6,85.8,156.99218283752896,-0.012722646310432517,-0.02941176470588247,89343285.6,3197877797.4,1151331.0,37271303.0,2,0,-0.0004750000000001142,0.17598753221649455,0.029150096649484647,-0.028785982478097827,6.0
8358 金居,2025-12-02,2025-12-10,2025-12-01,2025-12-09,0.2,6,4579,4585,0.1454593982187502,電子零組件業,8358 金居,230.0,264.5,369.9671399474815,0.01098901098901095,0.04133858267716528,512253930.0,21347953171.0,2227191.0,80710598.0,2,0,-0.013512282608695525,0.21246728260869574,0.0,-0.013512282608695525,6.0
4577 達航科技,2025-12-04,2025-12-12,2025-12-03,2025-12-11,0.2,6,4581,4587,0.15534667563304239,其他電子業,4577 達航科技,54.4,63.1,60.52461525391195,-0.003663003663003761,0.03782894736842102,31666240.0,515233206.40000004,582100.0,8165344.0,2,0,-0.004149724264705834,0.11711617647058814,0.0,-0.07236842105263153,5.0
3081 聯亞,2025-12-08,2025-12-16,2025-12-05,2025-12-15,0.19999999999999998,6,4583,4589,0.08373225367297477,通信網路業,3081 聯亞,568.0,618.0,1024.5344817443736,0.008880994671403242,0.0016207455429497752,229871872.0,8240128338.0,404704.0,13333541.0,2,0,-0.009273635563380345,0.08575162852112639,0.0,-0.056761268781302054,5.0
6442 光聖,2025-12-05,2025-12-17,2025-12-04,2025-12-16,0.2,8,4582,4590,0.11129729615185946,通信網路業,6442 光聖,1210.0,1350.0,1800.0522530573448,0.008333333333333304,0.011235955056179803,841764330.0,6789629250.0,695673.0,5029355.0,2,0,-0.021126342975206547,0.1647357438016528,0.0,-0.13829787234042545,6.0
7728 光焱科技,2025-12-11,2025-12-19,2025-12-10,2025-12-18,0.07692307692307693,6,4586,4592,-0.06141286768028842,其他電子業,7728 光焱科技,442.0,416.5,488.2725598526703,0.020785219399538146,0.0,62527530.0,8156736.0,141465.0,19584.0,2,2,-0.05813990384615375,0.08206496040723987,0.08206496040723987,-0.1295715778474399,5.0
2491 吉祥全,2025-12-11,2025-12-19,2025-12-10,2025-12-18,0.07692307692307693,6,4586,4592,0.1112412972959187,光電業,2491 吉祥全,22.05,24.6,2.4378054339501687,0.0255813953488373,-0.02766798418972327,21197657.25,30384936.0,961345.0,1235160.0,2,0,-0.10473384353741488,0.1468472789115649,0.0,-0.10473384353741488,3.0
3363 上詮,2025-12-11,2025-12-19,2025-12-10,2025-12-18,0.07692307692307693,6,4586,4592,0.014474307541615605,通信網路業,3363 上詮,405.5,413.0,629.4732078458801,0.006203473945409543,0.03508771929824572,369674075.0,2941748201.0,911650.0,7122877.0,2,0,-0.016496979038224113,0.04882339704069083,0.04882339704069083,-0.062279670975323165,6.0
3685 元創精密,2025-12-11,2025-12-19,2025-12-10,2025-12-18,0.07692307692307693,6,4586,4592,0.043246117861596156,電機機械,3685 元創精密,40.1,42.0,56.86042990159157,0.0,0.004784688995215447,10385458.9,42427056.0,258989.0,1010168.0,2,0,-0.0004750000000000032,0.05560807356608488,0.0,-0.0004750000000000032,6.0
4991 環宇-KY,2025-12-11,2025-12-19,2025-12-10,2025-12-18,0.07692307692307693,6,4586,4592,0.07377822451770233,半導體業,4991 環宇-KY,173.0,186.5,291.0153948446508,0.014662756598240678,0.04481792717086841,323978138.0,3828008547.5,1872706.0,20525515.0,2,0,-0.01491900289017356,0.11218822254335259,0.0,-0.024590163934426257,6.0
7402 邑錡,2025-12-09,2025-12-19,2025-12-08,2025-12-18,0.2,8,4584,4592,-0.034131732727272546,光電業,7402 邑錡,132.0,128.0,238.57420952331637,0.01538461538461533,0.0,35657028.0,228884608.0,270129.0,1788161.0,2,0,-0.08376874999999984,0.0033110795454547315,0.0033110795454547315,-0.08679245283018866,1.0
2408 南亞科,2025-12-12,2025-12-22,2025-12-11,2025-12-19,0.07142857142857142,6,4587,4593,0.16311094645767432,半導體業,2408 南亞科,158.0,184.5,10.279108643426673,0.012820512820512775,0.057306590257879764,4213807070.0,28860755854.5,26669665.0,156426861.0,2,1,-0.0004750000000000032,0.13869936708860764,0.027992484177215227,-0.027692307692307683,6.0
8033 雷虎,2025-12-10,2025-12-22,2025-12-09,2025-12-19,0.2,8,4585,4593,0.03546376629721171,其他,8033 雷虎,139.0,144.5,143.20430776116555,0.007246376811594457,0.0,158095681.0,1053556869.5,1137379.0,7291051.0,2,0,-0.02564289568345335,0.03907455035971186,0.0,-0.02777777777777768,6.0
8996 高力,2025-12-12,2025-12-22,2025-12-11,2025-12-19,0.07142857142857142,6,4587,4593,0.04784633645750014,電機機械,8996 高力,500.0,526.0,1165.7769582018568,0.006036217303822866,0.02734375,206104000.0,2996580972.0,412208.0,5696922.0,2,0,-0.04445409999999983,0.10547465000000011,0.02951075000000003,-0.07184466019417457,3.0
4931 新盛力,2025-12-11,2025-12-23,2025-12-10,2025-12-22,0.07692307692307693,8,4586,4594,0.061694023015759214,電腦及週邊設備業,4931 新盛力,174.5,186.0,221.26972597616137,0.0057636887608067955,-0.01846965699208447,961641929.0,3269080572.0,5510842.0,17575702.0,3,1,-0.017658810888252052,0.08544405444126069,0.03102865329512894,-0.06068601583113464,7.0
6163 華電網,2025-12-11,2025-12-23,2025-12-10,2025-12-22,0.07692307692307693,8,4586,4594,0.15774834715503228,資訊服務業,6163 華電網,46.2,53.7,80.96312427969336,0.005440696409140244,0.03667953667953694,157869465.60000002,1376490113.1000001,3417088.0,25632963.0,2,0,-0.03725405844155849,0.23101672077922042,0.0492849025974027,-0.08247422680412386,5.0
7728 光焱科技,2025-12-22,2025-12-24,2025-12-19,2025-12-23,0.1111111111111111,2,4593,4595,0.1016762840436145,其他電子業,7728 光焱科技,438.5,485.0,449.29281767955797,0.028135990621336537,0.0801781737193763,18020596.0,187428735.0,41096.0,386451.0,2,0,-0.040364823261117566,0.023458893956670446,0.023458893956670446,-0.06236080178173731,1.0
7751 竑騰,2025-12-11,2025-12-24,2025-12-10,2025-12-23,0.07692307692307693,9,4586,4595,0.09039815790469752,半導體業,7751 竑騰,644.0,705.0,621.0,0.0,0.0,104789748.0,774317010.0,162717.0,1098322.0,2,0,-0.03772437888198754,0.09420050465838536,0.0,-0.03772437888198754,3.0
8111 立碁,2025-12-17,2025-12-26,2025-12-16,2025-12-24,0.07692307692307693,6,4590,4596,0.10201459218085085,光電業,8111 立碁,70.5,78.0,90.30744989529022,0.01878612716762995,0.007751937984496138,40764651.0,1088086896.0,578222.0,13949832.0,2,0,-0.02457702127659589,0.09735085106382968,0.0,-0.02457702127659589,4.0
5475 德宏,2025-12-18,2025-12-29,2025-12-17,2025-12-26,0.07142857142857144,6,4591,4597,0.20141044772916672,電子零組件業,5475 德宏,81.0,97.7,45.60220095086298,-0.0036900369003689537,0.05280172413793105,43079283.0,1002982435.7,531843.0,10265941.0,2,0,-0.011580833333333374,0.25866111111111123,0.0,-0.011580833333333374,6.0
4542 科嶠,2025-12-22,2025-12-31,2025-12-19,2025-12-30,0.1111111111111111,6,4593,4599,0.04209783398722622,電子零組件業,4542 科嶠,82.2,86.0,140.47118959781844,0.012315270935960632,-0.03370786516853941,21130249.8,86267460.0,257059.0,1003110.0,2,0,0.0,0.1490889598540146,0.0031729014598540495,-0.0698412698412696,7.0
2349 錸德,2025-12-23,2026-01-02,2025-12-22,2025-12-31,0.08333333333333333,6,4594,4600,0.029253372312499692,光電業,2349 錸德,15.0,15.5,4.169386669486477,0.0,0.013071895424836555,104109390.0,249910127.0,6940626.0,16123234.0,2,0,-0.02712899999999996,0.019515499999999797,0.0,-0.02941176470588258,2.0
6443 元晶,2025-12-23,2026-01-02,2025-12-22,2025-12-31,0.08333333333333333,6,4594,4600,0.12952257180874982,光電業,6443 元晶,25.0,28.35,18.001092184897146,0.006036217303822866,0.016129032258064502,647687625.0,1626356576.25,25907505.0,57367075.0,2,0,0.0,0.16344709999999996,0.07149079999999985,-0.048109965635739105,7.0
6465 威潤,2025-12-23,2026-01-02,2025-12-22,2025-12-31,0.08333333333333333,6,4594,4600,-0.08284352962252495,通信網路業,6465 威潤,40.4,37.2,45.33557665286682,0.0227848101265824,-0.02617801047120416,6561404.399999999,48252231.6,162411.0,1297103.0,2,0,-0.05490457920792091,0.0,0.0,-0.05490457920792091,0.0
7717 萊德光電-KY,2025-12-23,2026-01-02,2025-12-22,2025-12-31,0.08333333333333333,6,4594,4600,0.04679664010371165,通信網路業,7717 萊德光電-KY,343.5,361.0,365.0,0.001457725947521915,0.001386962552011095,237929740.5,85838580.0,692663.0,237780.0,2,2,0.0,0.1784792576419214,0.0620862445414847,-0.1098765432098765,7.0
8358 金居,2025-12-23,2026-01-02,2025-12-22,2025-12-31,0.08333333333333333,6,4594,4600,0.12979004860470966,電子零組件業,8358 金居,249.5,283.0,410.71241967738035,0.002008032128514081,0.02166064981949467,491532215.5,15975703750.0,1970069.0,56451250.0,2,0,0.0,0.16177254509018058,0.009540280561122438,0.0,7.0
3163 波若威,2025-12-22,2026-01-05,2025-12-19,2026-01-02,0.1111111111111111,8,4593,4601,0.16206025906249955,通信網路業,3163 波若威,363.0,423.5,548.3485515292634,0.025423728813559254,0.01194743130227005,807252105.0,5632876095.0,2223835.0,13300770.0,2,0,0.0,0.15234493801652849,0.03945092975206621,-0.05376344086021523,9.0
3229 晟鈦,2025-12-24,2026-01-05,2025-12-23,2026-01-02,0.07692307692307693,6,4595,4601,-0.036079047782258344,電子零組件業,3229 晟鈦,27.9,27.0,11.512868587888487,0.025735294117646967,-0.04593639575971742,6280457.399999999,21998304.0,225106.0,814752.0,2,0,-0.06675174731182809,0.013855107526881572,0.013855107526881572,-0.0795053003533569,3.0
3491 昇達科,2025-12-24,2026-01-05,2025-12-23,2026-01-02,0.07692307692307693,6,4595,4601,0.10520799589897223,通信網路業,3491 昇達科,657.0,729.0,2471.335931356066,0.012326656394453073,0.0399429386590584,667421991.0,2569373622.0,1015863.0,3524518.0,2,0,0.0,0.16535182648401792,0.04516541095890392,-0.024425287356321768,7.0
5521 工信,2025-12-24,2026-01-05,2025-12-23,2026-01-02,0.07692307692307693,6,4595,4601,0.00021923075313812213,建材營造,5521 工信,23.9,24.0,37.21026991009357,0.03463203463203435,-0.014373716632443578,167791790.29999998,399878544.0,7020577.0,16661606.0,2,0,-0.0820262029288702,0.05807458158995815,0.05807458158995815,-0.1324110671936758,3.0
8110 華東,2025-12-22,2026-01-05,2025-12-19,2026-01-02,0.1111111111111111,8,4593,4601,0.3189902717260742,半導體業,8110 華東,51.2,67.8,82.1360109227244,-0.011583011583011449,0.08828250401284099,248362752.0,5829375725.4,4850835.0,85978993.0,2,0,0.0,0.337255126953125,0.04052114257812467,-0.034111310592459754,9.0
4768 晶呈科技,2025-12-29,2026-01-07,2025-12-26,2026-01-06,0.07692307692307693,6,4597,4603,-0.02196478749999975,化學工業,4768 晶呈科技,387.0,380.0,484.22075807522634,0.010443864229764843,-0.02688860435339313,685276380.0,773622240.0,1770740.0,2035848.0,3,0,-0.03792490310077501,0.10929195736434139,0.0,-0.03792490310077501,5.0
4971 IET-KY,2025-12-29,2026-01-07,2025-12-26,2026-01-06,0.07692307692307693,6,4597,4603,-0.013681753127035678,半導體業,4971 IET-KY,307.0,304.0,383.86580611336865,0.006557377049180246,0.018425460636515956,257041890.0,2254472512.0,837270.0,7416028.0,2,0,-0.03791649022801302,0.012548127035830525,0.0,-0.048231511254019255,3.0
6788 華景電,2025-12-30,2026-01-08,2025-12-29,2026-01-07,0.06666666666666667,6,4598,4604,0.019767166116071655,半導體業,6788 華景電,357.0,365.5,443.3639192707834,-0.0027932960893854997,-0.008141112618724633,275919231.0,1711206306.5,772883.0,4681823.0,2,0,-0.04247184873949561,0.11711617647058836,0.11711617647058836,-0.1428571428571428,6.0
4931 新盛力,2025-12-31,2026-01-09,2025-12-30,2026-01-08,0.06666666666666667,6,4599,4605,-0.0778313014817994,電腦及週邊設備業,4931 新盛力,182.0,168.5,221.26972597616137,0.011111111111111072,0.008982035928143617,148685082.0,2425392201.5,816951.0,14394019.0,2,0,-0.08285343406593393,0.0,0.0,-0.08285343406593393,0.0
3081 聯亞,2025-12-30,2026-01-12,2025-12-29,2026-01-09,0.06666666666666667,8,4598,4606,0.06155926339797646,通信網路業,3081 聯亞,593.0,632.0,1100.9651180379149,-0.011666666666666714,0.03267973856209161,293798885.0,4417399392.0,495445.0,6989556.0,2,0,0.0,0.1343681703204047,0.019751475548060782,-0.04843750000000002,9.0
4991 環宇-KY,2026-01-05,2026-01-13,2026-01-02,2026-01-12,0.16666666666666666,6,4601,4607,0.011110746854751552,半導體業,4991 環宇-KY,231.5,235.0,375.50373528342044,0.02207505518763786,0.008583690987124415,226046786.0,3400077290.0,976444.0,14468414.0,2,0,-0.09546225701943833,0.006001403887688994,0.0,-0.09546225701943833,1.0
3354 律勝,2026-01-07,2026-01-15,2026-01-06,2026-01-14,0.14285714285714285,6,4603,4609,0.09922084230932193,電子零組件業,3354 律勝,26.55,29.3,49.53803297953521,-0.023897058823529327,0.0,12018760.200000001,169774835.9,452684.0,5794363.0,2,0,0.0,0.21222994350282498,0.020230790960451994,-0.0184501845018451,7.0
7717 萊德光電-KY,2026-01-07,2026-01-15,2026-01-06,2026-01-14,0.14285714285714285,6,4603,4609,0.21824778807211542,通信網路業,7717 萊德光電-KY,390.0,477.0,388.0,0.0,0.09403669724770647,65418990.0,1131617151.0,167741.0,2372363.0,2,0,-0.041481153846153807,0.2289031730769231,0.0,-0.041481153846153807,4.0
1528 恩德,2026-01-08,2026-01-16,2026-01-07,2026-01-15,0.07692307692307693,6,4604,4610,0.25529797065068527,電機機械,1528 恩德,21.9,27.6,46.16396343009177,0.0,0.06976744186046524,74949662.1,344187566.40000004,3422359.0,12470564.0,2,0,-0.041551369863013554,0.293905650684932,0.0,-0.041551369863013554,6.0
3092 鴻碩,2026-01-08,2026-01-16,2026-01-07,2026-01-15,0.07692307692307693,6,4604,4610,-0.03952162261160741,電子零組件業,3092 鴻碩,28.0,27.0,68.13773830617492,0.0181818181818183,-0.023508137432187937,34782636.0,76839084.0,1242237.0,2845892.0,2,0,-0.0486663839285717,0.054855848214285574,0.054855848214285574,-0.09813874788494092,4.0
3444 利機,2026-01-08,2026-01-16,2026-01-07,2026-01-15,0.07692307692307693,6,4604,4610,0.08349651432870364,電子通路業,3444 利機,72.9,79.3,222.73061286341934,0.0055172413793103114,-0.006265664160400974,17973932.400000002,80266825.6,246556.0,1012192.0,2,0,0.0,0.0941302469135803,0.007751543209876477,-0.04511278195488733,7.0
3701 大眾控,2026-01-08,2026-01-16,2026-01-07,2026-01-15,0.07692307692307693,6,4604,4610,0.1936809463839284,電腦及週邊設備業,3701 大眾控,50.4,60.4,4.555152439960058,-0.001980198019801982,0.04137931034482767,62174448.0,1074077737.6,1233620.0,17782744.0,2,0,0.0,0.15024702380952393,0.0034913690476190418,-0.06082289803220031,7.0
6205 詮欣,2026-01-08,2026-01-16,2026-01-07,2026-01-15,0.07692307692307693,6,4604,4610,0.014466050888655602,電子零組件業,6205 詮欣,59.5,60.6,150.9077946551778,0.01018675721561979,-0.025723472668810254,50827339.5,204318838.8,854241.0,3371598.0,2,0,-0.029032857142857194,0.11711617647058814,0.11711617647058814,-0.13082706766917296,6.0
5498 凱崴,2026-01-07,2026-01-19,2026-01-06,2026-01-16,0.14285714285714285,8,4603,4611,0.4243538603937498,電子零組件業,5498 凱崴,50.0,71.5,58.77480974575423,-0.007936507936507908,0.021428571428571574,410267200.0,1938587651.0,8205344.0,27113114.0,2,1,0.0,0.4393159999999996,0.02951075000000003,-0.025242718446601975,9.0
6265 方土昶,2026-01-09,2026-01-19,2026-01-08,2026-01-16,0.07142857142857142,6,4605,4611,0.38891664429780937,電子通路業,6265 方土昶,37.65,52.5,53.75741655529155,0.009383378016085686,0.09603340292275564,208411047.9,190525650.0,5535486.0,3629060.0,2,0,-0.08410059760956168,0.39641474103585717,0.0,-0.08410059760956168,6.0
8068 全達,2026-01-09,2026-01-19,2026-01-08,2026-01-16,0.07142857142857142,6,4605,4611,0.05795316563559294,電子通路業,8068 全達,26.55,28.2,25.75,0.02115384615384608,0.0,6369690.15,102960709.8,239913.0,3651089.0,2,0,-0.030592514124293757,0.06164237288135577,0.0,-0.030592514124293757,6.0
2413 環科,2026-01-08,2026-01-20,2026-01-07,2026-01-19,0.07692307692307693,8,4604,4612,0.17566752204918035,電子零組件業,2413 環科,42.7,50.4,52.31110910050299,-0.005820721769499437,-0.021359223300970953,74430412.7,434326586.4,1743101.0,8617591.0,2,0,-0.008667827868852451,0.2055161007025761,0.0,-0.05533980582524278,8.0
3264 欣銓,2026-01-12,2026-01-20,2026-01-09,2026-01-19,0.0588235294117647,6,4606,4612,0.12597143114130427,半導體業,3264 欣銓,126.5,143.0,399.346869248608,0.01200000000000001,-0.0744336569579288,776114817.5,6136146731.0,6135295.0,42910117.0,2,0,0.0,0.3037282608695653,0.03508122529644275,-0.007092198581560183,7.0
7728 光焱科技,2026-01-12,2026-01-20,2026-01-09,2026-01-19,0.0588235294117647,6,4606,4612,-0.0023920186708984437,其他電子業,7728 光焱科技,640.0,641.0,674.9650092081031,0.06844741235392315,0.03387096774193554,46657920.0,98883224.0,72903.0,154264.0,2,0,-0.0582600390625001,0.06511882812499992,0.02763664062499993,-0.08358662613981771,2.0
5351 鈺創,2026-01-13,2026-01-21,2026-01-12,2026-01-20,0.05555555555555556,6,4607,4613,0.10830509061607163,半導體業,5351 鈺創,63.0,70.1,42.10001395544514,0.016129032258064502,0.01594202898550723,336652596.0,2321999339.8999996,5343692.0,33124099.0,2,0,-0.04172523809523809,0.11851607142857157,0.0,-0.11347517730496448,3.0
8299 群聯,2026-01-13,2026-01-21,2026-01-12,2026-01-20,0.05555555555555556,6,4607,4613,0.13124979710872609,半導體業,8299 群聯,1805.0,2050.0,5846.4531998530865,0.016901408450704203,0.02244389027431426,4922606830.0,31383558650.0,2727206.0,15309053.0,2,0,-0.019856371191135702,0.11027569252077574,0.0,-0.049875311720698146,4.0
2408 南亞科,2026-01-15,2026-01-23,2026-01-14,2026-01-22,0.049999999999999996,6,4609,4615,0.16311763873407648,半導體業,2408 南亞科,235.5,275.0,15.069680881566882,-0.0042283298097252064,0.031894934333958735,1785557938.5,46034939225.0,7581987.0,167399779.0,2,1,0.0,0.16717356687898066,0.008013535031847097,-0.08727272727272717,7.0
3006 晶豪科,2026-01-12,2026-01-23,2026-01-09,2026-01-22,0.0588235294117647,9,4606,4615,0.11837378315789504,半導體業,3006 晶豪科,142.5,160.0,350.5656378202839,0.047794117647058876,0.0847457627118644,606672945.0,9604901440.0,4257354.0,60030634.0,2,0,-0.039053157894736734,0.11175236842105263,0.11175236842105263,-0.13564668769716082,8.0
3260 威剛,2026-01-08,2026-01-23,2026-01-07,2026-01-22,0.07692307692307693,11,4604,4615,0.058089469695068896,半導體業,3260 威剛,289.0,307.0,571.8189528421781,-0.0034482758620689724,0.03541315345699836,690384008.0,9852935978.0,2388872.0,32094254.0,2,0,-0.10941976643598605,0.10501120242214546,0.0,-0.1502347417840375,5.0
6770 力積電,2026-01-15,2026-01-23,2026-01-14,2026-01-22,0.049999999999999996,6,4609,4615,0.26557150902941196,半導體業,6770 力積電,51.0,64.8,54.01745091386201,0.007905138339920903,0.01886792452830166,2766043293.0,21730553251.2,54236143.0,335348044.0,2,0,0.0,0.33661970588235346,0.005404558823529415,-0.14222873900293265,7.0
8358 金居,2026-01-15,2026-01-23,2026-01-14,2026-01-22,0.049999999999999996,6,4609,4615,0.13671543334685143,電子零組件業,8358 金居,262.0,299.0,436.7893987045156,0.003831417624521105,0.015280135823429575,600837526.0,11619898563.0,2293273.0,38862537.0,2,0,0.0,0.12351187977099243,0.0224148854961832,-0.06791171477079794,7.0
8438 昶昕,2026-01-12,2026-01-23,2026-01-09,2026-01-22,0.0588235294117647,9,4606,4615,0.33592726316568,綠能環保,8438 昶昕,50.7,68.0,60.65632066968793,-0.0019685039370077595,0.0793650793650793,21039232.5,107767760.0,414975.0,1584820.0,2,0,0.0,0.36621464497041356,0.02318239644970399,-0.04146730462519943,10.0
2337 旺宏,2026-01-16,2026-01-26,2026-01-15,2026-01-23,0.05555555555555555,6,4610,4616,0.12833976047363316,半導體業,2337 旺宏,64.0,72.5,69.84841151127395,0.03392568659127626,0.046176046176046315,4495290112.0,15054678142.5,70238908.0,207650733.0,2,0,0.0,0.19943,0.046377734375000035,-0.09765625,7.0
3163 波若威,2026-01-16,2026-01-26,2026-01-15,2026-01-23,0.05555555555555555,6,4610,4616,0.028356028483108142,通信網路業,3163 波若威,370.0,382.0,522.9284200014167,0.013698630136986134,0.0,193222880.0,4592664142.0,522224.0,12022681.0,2,0,-0.05585408783783785,0.04274770270270256,0.0,-0.05585408783783785,4.0
6116 彩晶,2026-01-16,2026-01-26,2026-01-15,2026-01-23,0.05555555555555555,6,4610,4616,-0.08562458472625001,光電業,6116 彩晶,10.0,9.18,7.1686518221994415,0.011122345803842304,0.01661129568106312,164878070.0,301990329.0,16487807.0,32896550.0,2,0,-0.097428925,0.07948700000000009,0.07948700000000009,-0.16388888888888897,2.0
2344 華邦電,2026-01-15,2026-01-27,2026-01-14,2026-01-26,0.049999999999999996,8,4609,4617,0.13278419184306078,半導體業,2344 華邦電,99.8,113.5,130.21603662630432,0.0,0.004424778761061843,2270658981.2,31862461041.5,22752094.0,280726529.0,2,0,-0.006484168336673313,0.16678018537074135,0.0,-0.11587982832618027,8.0
4967 十銓,2026-01-19,2026-01-27,2026-01-16,2026-01-26,0.0625,6,4611,4617,0.06956974864732168,半導體業,4967 十銓,210.0,225.5,208.15650821795072,0.03194103194103182,0.0,1324031310.0,7130601571.5,6304911.0,31621293.0,2,1,-0.05759071428571416,0.18039142857142876,0.035222321428571624,-0.08965517241379317,3.0
1789 神隆,2026-01-20,2026-01-28,2026-01-19,2026-01-27,0.07142857142857142,6,4612,4618,-0.03313667613324145,生技醫療業,1789 神隆,27.3,26.5,43.096179909207635,0.0073800738007381295,-0.036363636363636376,94916367.0,168899817.0,3476790.0,6373578.0,2,0,-0.06637774725274703,0.034307005494505605,0.034307005494505605,-0.09734513274336276,2.0
3693 營邦,2026-01-21,2026-01-29,2026-01-20,2026-01-28,0.07142857142857142,6,4613,4619,0.10846319405267879,電腦及週邊設備業,3693 營邦,350.0,389.5,457.4542051794128,0.0,-0.005108556832694733,194318600.0,844335898.5,555196.0,2167743.0,2,0,-0.0547349285714287,0.1180401071428574,0.0,-0.0547349285714287,3.0
8033 雷虎,2026-01-21,2026-01-29,2026-01-20,2026-01-28,0.07142857142857142,6,4613,4619,0.05345123727118639,其他,8033 雷虎,147.5,156.0,162.75618741859407,-0.026402640264026278,0.006451612903225712,203159567.5,3415309404.0,1377353.0,21893009.0,2,0,0.0,0.05712474576271176,0.04357186440677974,-0.019417475728155553,7.0
3138 耀登,2026-01-22,2026-01-30,2026-01-21,2026-01-29,0.058823529411764705,6,4614,4620,-0.026206486819134178,通信網路業,3138 耀登,179.0,175.0,194.5097135696674,0.037681159420289934,-0.030470914127423865,223903761.0,675240300.0,1250859.0,3858516.0,2,0,-0.03397863128491618,0.038612569832402244,0.0,-0.04301075268817223,3.0
8080 泰霖,2026-01-22,2026-01-30,2026-01-21,2026-01-29,0.058823529411764705,6,4614,4620,-0.2131313578090659,建材營造,8080 泰霖,40.95,32.35,10.424753335075634,0.027603513174404126,-0.021180030257185845,7102490.850000001,8894179.6,173443.0,274936.0,2,0,-0.23967756410256424,0.0,0.0,-0.23967756410256424,0.0
8996 高力,2026-01-22,2026-01-30,2026-01-21,2026-01-29,0.058823529411764705,6,4614,4620,0.052088311700949186,電機機械,8996 高力,711.0,751.0,1645.669608956796,0.020086083213773254,-0.03346203346203347,471164769.0,3404954394.0,662679.0,4533894.0,2,0,0.0,0.0923079113924048,0.022017827004219503,-0.03861003861003853,7.0
8021 尖點,2026-01-30,2026-02-03,2026-01-29,2026-02-02,0.0625,2,4620,4622,-0.08886519516561042,其他電子業,8021 尖點,217.0,198.5,541.6898952543467,-0.018099547511312264,0.044736842105263186,1378890261.0,781905593.5,6354333.0,3939071.0,2,2,-0.12483986175115203,0.0,0.0,-0.12483986175115203,0.0
2312 金寶,2026-01-26,2026-02-03,2026-01-23,2026-02-02,0.07692307692307693,6,4616,4622,-0.06914445741590902,其他電子業,2312 金寶,27.5,25.7,46.339669536188744,0.0036496350364962904,0.00982318271119853,1103317435.0,1476180629.5,40120634.0,57438935.0,2,0,-0.07498504545454543,0.0,0.0,-0.07498504545454543,0.0
2485 兆赫,2026-01-26,2026-02-03,2026-01-23,2026-02-02,0.07692307692307693,6,4616,4622,0.06342384450016603,通信網路業,2485 兆赫,37.7,40.25,96.58438741636793,0.04432132963988922,0.044098573281452724,600015744.9000001,3274191674.25,15915537.0,81346377.0,2,0,-0.007103149867373926,0.09099346816976128,0.0,-0.05975609756097555,5.0
3691 碩禾,2026-01-26,2026-02-03,2026-01-23,2026-02-02,0.07692307692307693,6,4616,4622,-0.06873219657012186,光電業,3691 碩禾,123.0,115.0,316.8056807022672,0.029288702928870425,0.00877192982456143,108693132.0,212991270.0,883684.0,1852098.0,2,0,-0.07361097560975616,0.07266097560975604,0.07266097560975604,-0.13636363636363635,4.0
4991 環宇-KY,2026-01-26,2026-02-03,2026-01-23,2026-02-02,0.07692307692307693,6,4616,4622,0.2182102295634194,半導體業,4991 環宇-KY,204.0,249.5,346.4875375569743,-0.0024449877750611915,0.0777537796976242,137812404.0,4603079392.0,675551.0,18449216.0,2,0,-0.005374632352941111,0.18326121323529443,0.0,-0.006437768240343478,6.0
8038 長園科,2026-01-26,2026-02-03,2026-01-23,2026-02-02,0.07692307692307693,6,4616,4622,-0.10318596770295207,電子零組件業,8038 長園科,54.2,48.8,53.8,0.009310986964618184,0.016666666666666607,25263162.0,52861038.4,466110.0,1083218.0,2,0,-0.1212663053505535,0.0,0.0,-0.1212663053505535,0.0
1721 國慶科技,2026-01-27,2026-02-04,2026-01-26,2026-02-03,0.07692307692307691,6,4617,4623,-0.1741280283762564,化學工業,1721 國慶科技,19.9,16.5,12.991409729160104,0.010152284263959421,-0.0119760479041916,35316092.199999996,34904859.0,1774678.0,2115446.0,2,0,-0.16120263819095482,0.0,0.0,-0.16120263819095482,0.0
5328 華容,2026-01-27,2026-02-04,2026-01-26,2026-02-03,0.07692307692307691,6,4617,4623,-0.15285972571428552,電子零組件業,5328 華容,30.1,25.6,23.72799755169734,0.02033898305084758,-0.03396226415094317,84867822.9,249454412.8,2819529.0,9744313.0,2,0,-0.14160394518272434,0.0,0.0,-0.14160394518272434,0.0
1528 恩德,2026-01-28,2026-02-05,2026-01-27,2026-02-04,0.06666666666666667,6,4618,4624,-0.04026273247070333,電機機械,1528 恩德,28.8,27.75,64.84937719941462,0.023090586145648295,0.035447761194029814,95389862.4,380146362.0,3312148.0,13698968.0,2,0,-0.10806276041666685,0.023819010416666453,0.023819010416666453,-0.12881355932203387,2.0
5340 建榮,2026-01-28,2026-02-05,2026-01-27,2026-02-04,0.06666666666666667,6,4618,4624,0.16461423765384642,電子零組件業,5340 建榮,97.5,114.0,99.46261682242991,0.005154639175257714,0.0,259780365.0,3899467242.0,2664414.0,34205853.0,2,0,-0.03122961538461544,0.16867538461538456,0.014902307692307604,-0.045454545454545414,4.0
1802 台玻,2026-01-29,2026-02-06,2026-01-28,2026-02-05,0.05882352941176471,6,4619,4625,-0.07035179274999981,玻璃陶瓷,1802 台玻,52.5,49.0,99.33689105184651,0.009615384615384581,-0.07196969696969702,1204631715.0,3951327121.0,22945366.0,80639329.0,2,0,-0.14421621428571418,0.010948142857142962,0.0,-0.14421621428571418,2.0
3491 昇達科,2026-01-29,2026-02-06,2026-01-28,2026-02-05,0.05882352941176471,6,4619,4625,0.062161273454092614,通信網路業,3491 昇達科,1130.0,1205.0,3903.056019681705,0.008928571428571397,-0.05859375000000011,683346030.0,1031352270.0,604731.0,855894.0,2,2,-0.04027909292035403,0.2206588495575219,0.0,-0.0905797101449276,5.0
4561 健椿,2026-01-29,2026-02-06,2026-01-28,2026-02-05,0.05882352941176471,6,4619,4625,-0.13123284022565918,電機機械,4561 健椿,49.3,43.0,62.722553904869216,0.018595041322313932,0.0,26642459.5,25000845.0,540415.0,581415.0,2,0,-0.20017725659229202,0.0,0.0,-0.20017725659229202,0.0
5475 德宏,2026-01-29,2026-02-06,2026-01-28,2026-02-05,0.05882352941176471,6,4619,4625,0.20622768699541272,電子零組件業,5475 德宏,109.0,132.0,60.632139841035055,0.0092592592592593,0.0,82606522.0,1030365600.0,757858.0,7805800.0,2,0,-0.023399885321100933,0.2516987385321099,0.0,-0.023399885321100933,5.0
8021 尖點,2026-02-04,2026-02-09,2026-02-03,2026-02-06,0.07142857142857142,3,4623,4626,0.06630214487562958,其他電子業,8021 尖點,198.5,212.5,562.8290131179309,-0.02216748768472898,0.057213930348258835,483108903.0,2201434337.5,2433798.0,10359691.0,2,0,-0.0004750000000000032,0.07253816120906786,0.07253816120906786,-0.06807511737089189,3.0
8933 愛地雅,2026-01-30,2026-02-09,2026-01-29,2026-02-06,0.0625,6,4620,4626,-0.02154165298658295,運動休閒,8933 愛地雅,7.36,7.23,7.782454339914348,-0.014725568942436373,0.0013850415512466352,3502668.16,4040210.7600000002,475906.0,558812.0,2,0,-0.038500407608695775,0.029402105978260762,0.0,-0.06068601583113453,3.0
8046 南電,2026-01-28,2026-02-10,2026-01-27,2026-02-09,0.06666666666666667,9,4618,4627,0.056879232342557096,電子零組件業,8046 南電,393.0,417.0,802.5680452385429,-0.005063291139240533,0.0012004801920768582,743175183.0,14948219850.0,1891031.0,35847050.0,2,0,-0.06405801526717558,0.05929303435114486,0.007154961832060991,-0.07560975609756093,6.0
2489 瑞軒,2026-02-03,2026-02-11,2026-02-02,2026-02-10,0.09090909090909091,6,4622,4628,0.2145252438045402,光電業,2489 瑞軒,21.2,25.85,90.00505446323284,0.03414634146341444,0.025793650793650924,87463080.39999999,2495475375.25,4125617.0,96536765.0,2,0,0.0,0.27769469339622677,0.0065971108490567865,-0.0065502183406113135,7.0
1471 首利,2026-02-04,2026-02-23,2026-02-03,2026-02-11,0.07142857142857142,6,4623,4629,-0.15777872012789607,電子零組件業,1471 首利,12.95,10.95,11.084580726281995,0.0077821011673151474,0.013888888888888618,14549571.049999999,20103652.5,1123519.0,1835950.0,2,0,-0.16641930501930513,0.03811669884169877,0.03811669884169877,-0.1970260223048328,1.0
7717 萊德光電-KY,2026-02-04,2026-02-23,2026-02-03,2026-02-11,0.07142857142857142,6,4623,4629,0.06407469017987832,通信網路業,7717 萊德光電-KY,615.0,657.0,657.0,0.01990049751243772,0.04120443740095081,164028495.0,600204978.0,266713.0,913554.0,2,0,-0.057358536585365605,0.12466878048780505,0.06778524390243912,-0.11719939117199374,3.0
7777 能率亞洲,2026-02-04,2026-02-23,2026-02-03,2026-02-11,0.07142857142857142,6,4623,4629,-0.045392939553571376,其他,7777 能率亞洲,36.05,34.55,38.3,0.011220196353436185,-0.0057553956834532904,53526967.9,116553941.3,1484798.0,3373486.0,2,0,-0.0365188973647711,0.061908668515950005,0.061908668515950005,-0.09268929503916434,2.0
2486 一詮,2026-02-05,2026-02-24,2026-02-04,2026-02-23,0.06666666666666667,6,4624,4630,0.1816278136692009,光電業,2486 一詮,131.5,156.0,256.61783885545196,0.015444015444015413,-0.009523809523809601,1450706553.5,4169470968.0,11031989.0,26727378.0,2,0,0.0,0.19714971482889698,0.07933498098859304,-0.09206349206349207,7.0
3081 聯亞,2026-02-05,2026-02-24,2026-02-04,2026-02-23,0.06666666666666667,6,4624,4630,0.08498483371651777,通信網路業,3081 聯亞,1120.0,1220.0,1865.2714809733266,-0.013215859030836996,0.025210084033613356,833756000.0,741936900.0,744425.0,608145.0,3,3,-0.10756696428571433,0.12892779017857148,0.0,-0.10756696428571433,2.0
8358 金居,2026-02-05,2026-02-24,2026-02-04,2026-02-23,0.06666666666666667,6,4624,4630,0.09468977525000044,電子零組件業,8358 金居,257.5,283.0,407.4527972989884,-0.009615384615384581,0.034734917733089565,561281247.5,14999705236.0,2179733.0,53002492.0,2,0,-0.07616718446601933,0.16643597087378703,0.0,-0.07616718446601933,4.0
3163 波若威,2026-02-06,2026-02-25,2026-02-05,2026-02-24,0.08333333333333334,6,4625,4631,0.5796507500840453,通信網路業,3163 波若威,468.5,743.0,710.3111038352578,-0.007415254237288282,0.04500703234880454,854280703.0,1074580839.0,1823438.0,1446273.0,2,3,0.0,0.668364034151548,0.04326088580576326,0.0,7.0
6446 藥華藥,2026-02-09,2026-02-26,2026-02-06,2026-02-25,0.07692307692307693,6,4626,4632,0.012138622102119578,生技醫療業,6446 藥華藥,743.0,755.0,812.4755635671318,0.027662517289073207,0.010709504685408211,1012671107.0,4256136585.0,1362949.0,5637267.0,2,0,-0.04621369448183055,0.004906022880215133,0.0,-0.04621369448183055,1.0
6739 竹陞科技,2026-02-09,2026-02-26,2026-02-06,2026-02-25,0.07692307692307693,6,4626,4632,0.15623209727137577,其他電子業,6739 竹陞科技,883.0,1025.0,865.7992565055762,0.030338389731622062,0.026026026026026106,142467635.0,1182403100.0,161345.0,1153564.0,2,0,-0.044621630804077106,0.23950155719139254,0.0,-0.044621630804077106,4.0
6949 沛爾生醫*-創,2026-02-04,2026-02-26,2026-02-03,2026-02-25,0.07142857142857142,9,4623,4632,0.20912891374681686,生技醫療業,6949 沛爾生醫*-創,589.0,715.0,620.0,0.0,0.03623188405797095,77081252.0,460866120.0,130868.0,644568.0,2,0,0.0,0.1794055602716469,0.05213157894736842,-0.04069767441860472,10.0
8096 擎亞,2026-02-09,2026-02-26,2026-02-06,2026-02-25,0.07692307692307693,6,4626,4632,0.13474238678797446,電子通路業,8096 擎亞,63.2,72.0,155.43749934100788,0.0360655737704918,-0.03355704697986572,239916111.20000002,930310056.0,3796141.0,12920973.0,2,0,0.0,0.19088975474683534,0.029574011075949258,-0.05179282868525903,7.0
3555 博士旺,2026-02-10,2026-03-02,2026-02-09,2026-02-26,0.07692307692307693,6,4627,4633,0.20431699575568163,半導體業,3555 博士旺,110.0,133.0,6.476069099583316,0.009174311926605672,-0.06007067137809197,20373320.0,107592212.0,185212.0,808964.0,2,0,-0.0004750000000000032,0.28575261363636373,0.0,-0.09893992932862206,6.0
3491 昇達科,2026-02-11,2026-03-03,2026-02-10,2026-03-02,0.07142857142857142,6,4628,4634,0.34299098960674157,通信網路業,3491 昇達科,1335.0,1800.0,5036.201315718329,0.02298850574712663,0.04347826086956541,793981905.0,7236606600.0,594743.0,4020337.0,3,1,0.0,0.29152106741573003,0.04819101123595515,-0.01935483870967747,7.0
7728 光焱科技,2026-02-23,2026-03-04,2026-02-11,2026-03-03,0.08333333333333333,6,4629,4635,0.08160993343509548,其他電子業,7728 光焱科技,780.0,847.0,866.7863720073665,0.0025706940874037354,-0.05363128491620106,47857680.0,334697132.0,61356.0,395156.0,2,0,0.0,0.14689086538461482,0.08281875000000016,-0.09944134078212297,7.0
2230 泰茂,2026-03-03,2026-03-05,2026-03-02,2026-03-04,0.08333333333333333,2,4634,4636,-0.18904350904996658,居家生活,2230 泰茂,37.4,30.45,56.3360959529721,-0.010582010582010581,-0.006525285481239762,18629837.599999998,28045698.45,498124.0,921041.0,3,3,-0.187551871657754,0.0,0.0,-0.187551871657754,0.0
3163 波若威,2026-03-03,2026-03-05,2026-03-02,2026-03-04,0.08333333333333333,2,4634,4636,-0.09288153246651787,通信網路業,3163 波若威,840.0,765.0,1160.6105766142555,0.03960396039603964,0.061026352288488184,857636640.0,1371080430.0,1020996.0,1792262.0,3,2,-0.14564410714285714,0.0,0.0,-0.14564410714285714,0.0
3167 大量,2026-03-03,2026-03-05,2026-03-02,2026-03-04,0.08333333333333333,2,4634,4636,-0.10929996626802896,電機機械,3167 大量,312.0,279.0,597.1742423893776,0.009708737864077666,0.048872180451127845,516253296.0,355358115.0,1654658.0,1273685.0,2,2,-0.1478408653846155,0.0,0.0,-0.1478408653846155,0.0
3508 位速,2026-02-25,2026-03-05,2026-02-24,2026-03-04,0.09090909090909091,5,4631,4636,-0.04647060612871923,其他電子業,3508 位速,38.65,37.0,60.73860483229578,0.0,0.05714285714285716,78059279.25,74662670.0,2019645.0,2017910.0,2,2,-0.09486739974126779,0.034437257438551194,0.034437257438551194,-0.1250000000000001,1.0
4971 IET-KY,2026-02-11,2026-03-05,2026-02-10,2026-03-04,0.07142857142857142,8,4628,4636,0.18979735822786803,半導體業,4971 IET-KY,401.0,479.0,520.9143426445374,0.0012484394506866447,0.06444444444444453,253112002.0,3418071671.0,631202.0,7135849.0,2,0,-0.0004750000000000032,0.33851602244389034,0.0,-0.20763500931098688,8.0
4991 環宇-KY,2026-02-25,2026-03-05,2026-02-24,2026-03-04,0.09090909090909091,5,4631,4636,0.10672405624999981,半導體業,4991 環宇-KY,319.5,355.0,553.0145919628555,0.04411764705882337,0.0644677661169415,639474457.5,673645515.0,2001485.0,1897593.0,2,2,0.0,0.1637661971830986,0.01360281690140841,-0.10483870967741926,6.0
5340 建榮,2026-03-02,2026-03-05,2026-02-26,2026-03-04,0.11111111111111112,3,4633,4636,0.005537856821428155,電子零組件業,5340 建榮,105.0,106.0,115.03504672897196,-0.045454545454545414,0.05472636815920384,261441705.0,138784528.0,2489921.0,1309288.0,2,2,-0.04331178571428573,0.08995821428571427,0.08995821428571427,-0.12227074235807855,3.0
6584 南俊國際,2026-02-26,2026-03-05,2026-02-25,2026-03-04,0.125,4,4632,4636,-0.11512495730353067,電子零組件業,6584 南俊國際,439.0,390.0,436.7098545027389,0.011520737327189057,0.06122448979591821,262820520.0,172521570.0,598680.0,442363.0,2,2,-0.16326779612756248,0.0,0.0,-0.16326779612756248,0.0
6683 雍智科技,2026-02-24,2026-03-05,2026-02-23,2026-03-04,0.1,6,4630,4636,-0.02637131307390439,半導體業,6683 雍智科技,844.0,825.0,1036.2093614869173,0.019323671497584627,0.09999999999999987,214627512.0,308356125.0,254298.0,373765.0,3,1,-0.11179650473933667,0.08360826421800938,0.08360826421800938,-0.1803278688524591,3.0
7610 聯友金屬-創,2026-03-03,2026-03-05,2026-03-02,2026-03-04,0.08333333333333333,2,4634,4636,-0.12997317712176082,綠能環保,7610 聯友金屬-創,328.0,286.5,300.0,0.003058103975535076,0.061111111111111116,209697616.0,127886437.5,639322.0,446375.0,2,2,-0.1772202743902439,0.0,0.0,-0.1772202743902439,0.0
3230 錦明,2026-03-02,2026-03-05,2026-02-26,2026-03-04,0.11111111111111112,3,4633,4636,0.03589371664999974,光電業,3230 錦明,41.25,42.9,29.20845993621193,-0.03621495327102808,0.05018359853121179,36736796.25,31282680.0,890589.0,729200.0,2,2,-0.010167363636363724,0.10129481818181829,0.10129481818181829,-0.10121012101210136,3.0
6588 東典光電,2026-03-04,2026-03-05,2026-03-03,2026-03-04,0.07692307692307691,1,4635,4636,-0.022116673474383064,通信網路業,6588 東典光電,93.2,91.5,99.63421079075734,-0.09951690821256043,-0.018240343347639465,33996470.800000004,144736896.0,364769.0,1581824.0,2,2,-0.08841604077253218,0.0,0.0,-0.08841604077253218,0.0
8996 高力,2026-03-04,2026-03-05,2026-03-03,2026-03-04,0.07692307692307691,1,4635,4636,-0.0327498428870483,電機機械,8996 高力,830.0,806.0,1695.469789695516,-0.001203369434416346,0.07610146862483314,674675460.0,449565844.0,812862.0,557774.0,2,3,-0.09801900602409641,0.0,0.0,-0.09801900602409641,0.0
1589 永冠-KY,2026-03-23,2026-03-24,2026-03-20,2026-03-23,0.06666666666666667,1,4648,4649,0.12055810695312519,電機機械,1589 永冠-KY,6.96,7.83,11.476071581173034,-0.09727626459143979,0.015564202334630295,8655804.0,4345939.71,1243650.0,555037.0,6,4,0.0,0.12159342672413809,0.10723243534482774,0.0,2.0
2616 山隆,2026-03-23,2026-03-24,2026-03-20,2026-03-23,0.06666666666666667,1,4648,4649,-0.06520286264872988,油電燃氣業,2616 山隆,18.7,17.55,60.86641625907111,0.03601108033241007,-0.10000000000000009,46842957.699999996,77798219.85000001,2504971.0,4432947.0,2,0,-0.048580481283422405,0.042285427807486675,0.042285427807486675,-0.0871794871794872,1.0
6830 汎銓,2026-03-23,2026-03-24,2026-03-20,2026-03-23,0.06666666666666667,1,4648,4649,0.10065981484589037,其他電子業,6830 汎銓,438.0,484.0,489.3962105420587,-0.026666666666666727,0.06140350877192979,229731876.0,3447942432.0,524502.0,7123848.0,3,1,-0.06323056506849312,0.04060136986301366,0.04060136986301366,-0.09978070175438591,1.0
3081 聯亞,2026-03-23,2026-03-26,2026-03-20,2026-03-25,0.06666666666666667,3,4648,4651,-0.020277064959016378,通信網路業,3081 聯亞,1525.0,1500.0,2693.270040820023,-0.07012195121951215,-0.025974025974026094,1212591550.0,6226102500.0,795142.0,4150735.0,2,0,-0.08240327868852448,0.10767032786885267,0.0,-0.08240327868852448,2.0
4971 IET-KY,2026-03-23,2026-03-26,2026-03-20,2026-03-25,0.06666666666666667,3,4648,4651,0.14822620835937506,半導體業,4971 IET-KY,432.0,498.0,570.2777965609774,-0.09338929695697795,0.039665970772442716,174280464.0,2841581526.0,403427.0,5705987.0,2,0,0.0,0.21701423611111115,0.01572100694444445,-0.007972665148063829,4.0
3163 波若威,2026-03-24,2026-03-27,2026-03-23,2026-03-26,0.06666666666666667,3,4649,4652,-0.11229080961842142,通信網路業,3163 波若威,855.0,762.0,1218.7137343921906,0.04141291108404399,-0.05809641532756482,1155129795.0,775708380.0,1351029.0,1017990.0,3,2,-0.05425061403508802,0.04979350877192967,0.04979350877192967,-0.09910913140311817,1.0
5521 工信,2026-03-23,2026-03-27,2026-03-20,2026-03-26,0.06666666666666667,4,4648,4652,-0.019040041051136325,建材營造,5521 工信,13.2,13.0,18.456293875406413,-0.040000000000000036,-0.02621722846441954,121310890.8,52213005.0,9190219.0,4016385.0,2,0,-0.06105227272727265,0.04117187500000008,0.0,-0.06105227272727265,2.0
6715 嘉基,2026-03-23,2026-03-27,2026-03-20,2026-03-26,0.06666666666666667,4,4648,4652,-0.03286597794153234,電子零組件業,6715 嘉基,310.0,301.0,354.4389657727117,-0.09224011713030744,-0.06521739130434778,109361800.0,67644332.0,352780.0,224732.0,2,2,-0.10687604838709663,0.10915032258064516,0.0,-0.10687604838709663,2.0
5386 青雲,2026-03-26,2026-03-30,2026-03-25,2026-03-27,0.034482758620689655,2,4651,4653,-0.17358839612207022,電腦及週邊設備業,5386 青雲,320.0,265.5,88.47472961581907,-0.0031152647975077885,0.019193857965451144,211925120.0,129022645.5,662266.0,485961.0,2,3,-0.18632417968749992,0.0,0.0,-0.18632417968749992,0.0
6683 雍智科技,2026-03-23,2026-03-30,2026-03-20,2026-03-27,0.06666666666666667,5,4648,4653,0.1727704918649191,半導體業,6683 雍智科技,1240.0,1460.0,1378.4436460147065,-0.035019455252918275,0.05415162454873634,467771400.0,5095661340.0,377235.0,3490179.0,3,0,-0.1133245967741936,0.22522419354838674,0.0,-0.1133245967741936,3.0
3167 大量,2026-03-23,2026-03-31,2026-03-20,2026-03-30,0.06666666666666667,6,4648,4654,0.3120293884239127,電機機械,3167 大量,310.5,409.0,669.246995781199,-0.09999999999999998,0.0,235373593.5,4874338891.0,758047.0,11917699.0,2,0,0.0,0.31660458937198044,0.046201690821255914,-0.09902200488997559,7.0
4960 誠美材,2026-03-23,2026-03-31,2026-03-20,2026-03-30,0.06666666666666667,6,4648,4654,0.035893716650000185,光電業,4960 誠美材,25.0,26.0,34.32653418067882,-0.00793650793650813,-0.03703703703703709,137255325.0,632919638.0,5490213.0,24343063.0,2,0,-0.028461699999999812,0.07948700000000031,0.07948700000000031,-0.10000000000000009,3.0
5340 建榮,2026-03-23,2026-03-31,2026-03-20,2026-03-30,0.06666666666666667,6,4648,4654,0.010918093171641718,電子零組件業,5340 建榮,100.5,102.0,103.48130841121495,-0.0821917808219178,-0.05116279069767449,118442466.0,963954468.0,1178532.0,9450534.0,2,0,-0.036278880597014895,0.06914365671641787,0.06914365671641787,-0.0986046511627906,5.0
8271 宇瞻,2026-03-23,2026-03-31,2026-03-20,2026-03-30,0.06666666666666667,6,4648,4654,-0.1949317042146016,半導體業,8271 宇瞻,169.5,137.0,353.43577750782845,-0.09840425531914898,-0.04861111111111105,108931209.0,121430087.0,642662.0,886351.0,2,2,-0.23340265486725664,0.0,0.0,-0.23340265486725664,0.0
3054 立萬利,2026-03-24,2026-04-01,2026-03-23,2026-03-31,0.06666666666666667,6,4649,4655,0.014289216058978926,電子通路業,3054 立萬利,71.0,72.3,84.65400959700781,-0.0042075736325385416,0.06952662721893499,24783615.0,32058615.299999997,349065.0,443411.0,2,0,-0.12576757042253517,0.04598179577464778,0.0,-0.12576757042253517,1.0
3163 波若威,2026-03-30,2026-04-01,2026-03-27,2026-03-31,0.030303030303030304,2,4653,4655,0.03925389089307241,通信網路業,3163 波若威,830.0,866.0,1271.0065763923324,-0.02810304449648715,0.09898477157360386,563443840.0,2541945552.0,678848.0,2935272.0,2,0,-0.05105337349397576,0.05371611445783131,0.05371611445783131,-0.09942857142857131,2.0
6727 亞泰金屬,2026-03-24,2026-04-01,2026-03-23,2026-03-31,0.06666666666666667,6,4649,4655,0.10208856282068024,電子零組件業,6727 亞泰金屬,286.5,317.0,312.8129502635378,0.03804347826086962,0.07094594594594583,201709179.0,439329032.0,704046.0,1385896.0,2,0,-0.11560353403141366,0.14430785340314123,0.0,-0.11560353403141366,4.0
2243 宏旭-KY,2026-03-25,2026-04-02,2026-03-24,2026-04-01,0.05,6,4650,4656,0.09814694481406172,汽車工業,2243 宏旭-KY,20.0,22.05,21.118561278863236,0.03359173126614978,0.0,23786720.0,43362625.95,1189336.0,1966559.0,2,0,-0.005472625000000786,0.14445612499999938,0.14445612499999938,-0.13100436681222727,6.0
2426 鼎元,2026-03-23,2026-04-02,2026-03-20,2026-04-01,0.06666666666666667,8,4648,4656,0.0962292591648708,光電業,2426 鼎元,34.8,38.3,49.20056576237779,-0.005714285714285783,0.09899569583931123,91991050.8,458031385.2,2643421.0,11959044.0,2,0,-0.08951314655172404,0.10005193965517245,0.03973577586206911,-0.12430939226519344,5.0
3037 欣興,2026-03-25,2026-04-02,2026-03-24,2026-04-01,0.05,6,4650,4656,0.09310283709615375,電子零組件業,3037 欣興,487.5,535.0,1003.7586232632855,0.059782608695652106,0.09518935516888427,2577366675.0,26322269640.0,5286906.0,49200504.0,2,0,-0.08863823076923094,0.06410969230769203,0.0374556923076923,-0.12154150197628477,6.0
3260 威剛,2026-03-25,2026-04-02,2026-03-24,2026-04-01,0.05,6,4650,4656,-0.02705264024001297,半導體業,3260 威剛,388.0,379.0,836.8413416666766,0.0038809831824062613,0.02849389416553616,3215558924.0,11425625830.0,8287523.0,30146770.0,2,0,-0.13700805412371153,0.04331862113402063,0.04331862113402063,-0.17283950617283972,2.0
5351 鈺創,2026-03-25,2026-04-02,2026-03-24,2026-04-01,0.05,6,4650,4656,-0.008069942412068931,半導體業,5351 鈺創,72.5,72.2,51.393921484324295,0.03571428571428581,0.028490028490028463,394594445.0,1449198977.6000001,5442682.0,20072008.0,2,0,-0.11903934482758616,0.021583482758620542,0.021583482758620542,-0.13765182186234803,1.0
6515 穎崴,2026-04-01,2026-04-07,2026-03-31,2026-04-02,0.03125,2,4655,4657,-0.14386836957184113,半導體業,6515 穎崴,7795.0,6700.0,8348.725310698665,0.09020979020979025,0.014383043149129637,1915480940.0,1589394100.0,245732.0,237223.0,3,2,-0.1530644483643363,0.0,0.0,-0.1530644483643363,0.0
1711 永光,2026-03-26,2026-04-07,2026-03-25,2026-04-02,0.034482758620689655,6,4651,4657,-0.03627214092172493,化學工業,1711 永光,41.6,40.25,84.00745752196964,0.02463054187192104,0.07333333333333325,336057488.0,1468130060.25,8078305.0,36475281.0,2,0,-0.18908728966346156,0.0,0.0,-0.18908728966346156,0.0
1735 日勝化,2026-03-26,2026-04-07,2026-03-25,2026-04-02,0.034482758620689655,6,4651,4657,-0.14517955356809664,化學工業,1735 日勝化,26.8,23.0,59.431516953402316,0.015151515151515138,0.0,12983126.0,24148965.0,484445.0,1049955.0,2,0,-0.17017047574626842,0.016308069029850714,0.016308069029850714,-0.18348623853210988,1.0
3066 李洲,2026-03-26,2026-04-07,2026-03-25,2026-04-02,0.034482758620689655,6,4651,4657,-0.13563787049128617,光電業,3066 李洲,20.8,18.05,10.98507462686567,0.04260651629072676,0.00277777777777799,6314110.4,13300016.15,303563.0,736843.0,2,0,-0.17106700721153856,0.0,0.0,-0.17106700721153856,0.0
3093 港建*,2026-03-23,2026-04-07,2026-03-20,2026-04-02,0.06666666666666667,9,4648,4657,0.16583318198153418,其他電子業,3093 港建*,44.0,51.5,529.2311209044545,-0.09371781668383106,0.07515657620041782,66646800.0,222218122.5,1514700.0,4314915.0,2,0,-0.10497079545454557,0.19488670454545454,0.0,-0.10497079545454557,6.0
3555 博士旺,2026-03-26,2026-04-07,2026-03-25,2026-04-02,0.034482758620689655,6,4651,4657,-0.02173498599330348,半導體業,3555 博士旺,168.0,165.0,9.508046905297322,-0.03448275862068961,0.09999999999999987,29738856.0,14439480.0,177017.0,87512.0,2,0,-0.1135165178571429,0.0,0.0,-0.1135165178571429,0.0
4973 廣穎電通,2026-03-26,2026-04-07,2026-03-25,2026-04-02,0.034482758620689655,6,4651,4657,0.0726710083653841,半導體業,4973 廣穎電通,68.9,74.2,147.7081043846142,-0.028208744710860434,0.09117647058823519,117316650.10000001,529603835.6,1702709.0,7137518.0,2,0,-0.112178084179971,0.00532775761973836,0.0,-0.112178084179971,1.0
5289 宜鼎,2026-03-23,2026-04-07,2026-03-20,2026-04-02,0.06666666666666667,9,4648,4657,-0.0360790477822579,電腦及週邊設備業,5289 宜鼎,1085.0,1050.0,2628.796921599204,-0.09958506224066388,0.09717868338557989,884414965.0,7952167650.0,815129.0,7573493.0,2,0,-0.21972564516129034,0.0,0.0,-0.21972564516129034,0.0
5386 青雲,2026-03-31,2026-04-07,2026-03-30,2026-04-02,0.030303030303030304,3,4654,4657,0.14943603028398256,電腦及週邊設備業,5386 青雲,263.0,303.5,80.36199489326127,-0.08202443280977312,0.0996376811594204,242897069.0,217411618.0,923563.0,716348.0,3,2,-0.002375237642585515,0.15344424904942944,0.0,-0.03832752613240442,3.0
6141 柏承,2026-03-26,2026-04-07,2026-03-25,2026-04-02,0.034482758620689655,6,4651,4657,-0.10698817530172389,電子零組件業,6141 柏承,21.75,19.5,56.34359529485802,-0.05434782608695654,-0.06921241050119331,31399561.5,46579299.0,1443658.0,2388682.0,2,0,-0.09008758620689628,0.01560931034482782,0.01560931034482782,-0.10407239819004521,2.0
6167 久正,2026-03-26,2026-04-07,2026-03-25,2026-04-02,0.034482758620689655,6,4651,4657,-0.12333810201840756,光電業,6167 久正,14.6,12.85,16.07919414443997,0.01388888888888884,-0.011538461538461608,8133222.0,11732448.35,557070.0,913031.0,2,0,-0.12370410958904121,0.0,0.0,-0.12370410958904121,0.0
6226 光鼎,2026-03-26,2026-04-07,2026-03-25,2026-04-02,0.034482758620689655,6,4651,4657,-0.11830983518749993,光電業,6226 光鼎,13.5,11.95,13.140653373076415,0.022727272727272707,-0.004166666666666763,18357799.5,25439327.299999997,1359837.0,2128814.0,2,0,-0.1707644444444445,0.0,0.0,-0.1707644444444445,0.0
6574 霈方,2026-03-26,2026-04-07,2026-03-25,2026-04-02,0.034482758620689655,6,4651,4657,-0.1549889685271516,生技醫療業,6574 霈方,122.0,103.5,168.69220405991044,-0.035573122529644285,-0.018957345971563955,17409766.0,9673627.5,142703.0,93465.0,2,0,-0.15613872950819652,0.0,0.0,-0.15613872950819652,0.0
8240 華宏,2026-03-26,2026-04-07,2026-03-25,2026-04-02,0.034482758620689655,6,4651,4657,-0.06296038612657107,光電業,8240 華宏,55.7,52.4,109.51873790351252,0.0017985611510791255,-0.04029304029304037,65189107.7,94195602.39999999,1170361.0,1797626.0,2,0,-0.09019896768402158,0.0049084380610411316,0.0,-0.09019896768402158,1.0
2399 映泰,2026-03-27,2026-04-08,2026-03-26,2026-04-07,0.03225806451612903,6,4652,4658,0.2394542203617851,電腦及週邊設備業,2399 映泰,28.85,35.9,68.30385812748166,-0.013675213675213516,0.04057971014492745,80574732.25,1440116832.5,2792885.0,40114675.0,2,0,0.0,0.3147997833622185,0.07401299826689778,-0.030645161290322798,7.0
2451 創見,2026-03-27,2026-04-08,2026-03-26,2026-04-07,0.03225806451612903,6,4652,4658,0.06893347871951216,半導體業,2451 創見,225.5,242.0,977.0800318436984,-0.06818181818181812,0.03640256959314758,705722319.5,1958039182.0,3129589.0,8091071.0,2,0,-0.06474600886917958,0.09925587583148543,0.04606607538802665,-0.10593220338983056,6.0
3693 營邦,2026-03-27,2026-04-08,2026-03-26,2026-04-07,0.03225806451612903,6,4652,4658,0.08910106172372623,電腦及週邊設備業,3693 營邦,471.0,515.0,691.0184368269075,-0.028865979381443307,0.034136546184738936,263158533.0,1759304375.0,558723.0,3416125.0,2,0,0.0,0.16080716560509556,0.06106687898089169,-0.062130177514792995,7.0
6426 統新,2026-03-27,2026-04-08,2026-03-26,2026-04-07,0.03225806451612903,6,4652,4658,0.3152090457196304,通信網路業,6426 統新,142.0,187.5,206.50185097026636,-0.01730103806228378,0.08381502890173409,45051062.0,955282312.5,317261.0,5094839.0,2,0,-0.04270845070422513,0.2388478873239437,0.09455026408450706,-0.12540192926045002,6.0
6907 雅特力-KY,2026-03-27,2026-04-08,2026-03-26,2026-04-07,0.03225806451612903,6,4652,4658,-0.06980300396177697,半導體業,6907 雅特力-KY,121.0,113.0,116.0,-0.024193548387096753,0.04629629629629628,95231114.0,37758837.0,787034.0,334149.0,2,2,-0.18881524793388438,0.0,0.0,-0.18881524793388438,0.0
2337 旺宏,2026-03-25,2026-04-09,2026-03-24,2026-04-08,0.05,9,4650,4659,0.06522190414062523,半導體業,2337 旺宏,144.0,154.0,148.03693185971494,0.05494505494505497,0.026666666666666616,3490565184.0,26277111784.0,24240036.0,170630596.0,2,0,-0.19829765624999984,0.041171875000000524,0.0,-0.19829765624999984,1.0
6465 威潤,2026-03-30,2026-04-09,2026-03-27,2026-04-08,0.030303030303030304,6,4653,4659,-0.038487053143875904,通信網路業,6465 威潤,44.7,43.15,52.862776325269294,-0.011061946902654829,-0.07204301075268815,9510729.600000001,21771505.099999998,212768.0,504554.0,2,0,-0.03401610738255012,0.039774328859060404,0.02859395973154366,-0.060869565217391175,4.0
7711 永擎,2026-03-30,2026-04-09,2026-03-27,2026-04-08,0.030303030303030304,6,4653,4659,0.043657060397518155,電腦及週邊設備業,7711 永擎,272.0,285.0,270.5,-0.021582733812949617,-0.030612244897959218,61220672.0,311733000.0,225076.0,1093800.0,2,0,-0.06662003676470585,0.08036893382352917,0.0,-0.06662003676470585,3.0
8155 博智,2026-03-30,2026-04-09,2026-03-27,2026-04-08,0.030303030303030304,6,4653,4659,0.0909137125892856,電子零組件業,8155 博智,262.5,287.5,526.7947889580425,-0.04197080291970812,-0.02871621621621634,126010762.5,2028053750.0,480041.0,7054100.0,2,0,-0.09186014285714283,0.16135285714285708,0.005236571428571368,-0.09659090909090906,4.0
3363 上詮,2026-03-31,2026-04-10,2026-03-30,2026-04-09,0.030303030303030304,6,4654,4660,0.29824359208580487,通信網路業,3363 上詮,590.0,769.0,848.5545694000834,-0.03436988543371522,0.007863695937090354,504393360.0,6228956137.0,854904.0,8100073.0,2,0,-0.068239406779661,0.32818237288135577,0.0,-0.068239406779661,6.0
6547 高端疫苗,2026-03-31,2026-04-10,2026-03-30,2026-04-09,0.030303030303030304,6,4654,4660,-0.036984888367537216,生技醫療業,6547 高端疫苗,60.3,58.3,84.82204724409449,0.03076923076923066,-0.04426229508196733,202791673.79999998,514607803.59999996,3363046.0,8826892.0,2,0,-0.08003917910447744,0.011128109452736457,0.011128109452736457,-0.0901639344262295,1.0
3587 閎康,2026-04-01,2026-04-13,2026-03-31,2026-04-10,0.03125,6,4655,4661,0.2809533422671844,其他電子業,3587 閎康,225.5,290.0,497.31290558240676,0.04883720930232571,0.0034602076124568004,124857771.5,2010752120.0,553693.0,6933628.0,2,0,0.0,0.4073134700665191,0.006173725055432344,0.0,7.0
6515 穎崴,2026-04-08,2026-04-13,2026-04-07,2026-04-10,0.09090909090909091,3,4658,4661,0.03421207100608736,半導體業,6515 穎崴,7700.0,7995.0,8944.244811598981,0.08450704225352124,0.00819672131147553,1585229800.0,4202156010.0,205874.0,525598.0,2,0,0.0,0.11116025974025945,0.013803928571428203,-0.008130081300812941,4.0
6584 南俊國際,2026-03-31,2026-04-15,2026-03-30,2026-04-14,0.030303030303030304,9,4654,4663,0.12510817678571406,電子零組件業,6584 南俊國際,602.0,680.0,571.3192449494654,0.0,-0.025787965616045794,163724736.0,1328746520.0,271968.0,1954039.0,2,1,-0.07685066445182742,0.15891769102990017,0.0,-0.09938837920489296,6.0
2231 為升,2026-04-08,2026-04-16,2026-04-07,2026-04-15,0.09090909090909091,6,4658,4664,0.0044927663082627856,汽車工業,2231 為升,118.0,119.0,531.1884495421843,0.026086956521739202,0.0,84028862.0,623144928.0,712109.0,5236512.0,2,0,-0.0258866525423731,0.08423050847457625,0.0037602754237286984,-0.059288537549406994,6.0
6821 聯寶,2026-04-08,2026-04-16,2026-04-07,2026-04-15,0.09090909090909091,6,4658,4664,0.2065380371721699,電子零組件業,6821 聯寶,53.0,64.2,56.86684143509849,0.019230769230769384,-0.03167420814479627,47418623.0,172932330.0,894691.0,2693650.0,2,0,0.0,0.338986320754717,0.00895448113207542,-0.13521126760563384,7.0
1905 華紙,2026-04-10,2026-04-20,2026-04-09,2026-04-17,0.125,6,4660,4666,-0.04474227363267913,造紙工業,1905 華紙,14.65,14.05,22.992006611253117,0.01384083044982698,-0.0035460992907800915,40881791.9,175860955.70000002,2790566.0,12516794.0,2,0,-0.09940409556314,0.0,0.0,-0.09940409556314,0.0
4741 泓瀚,2026-04-10,2026-04-20,2026-04-09,2026-04-17,0.125,6,4660,4666,0.13549888171249957,化學工業,4741 泓瀚,50.0,57.0,78.50152123227973,0.06723585912486651,-0.022298456260720356,23340900.0,19488015.0,466818.0,341895.0,3,2,0.0,0.1654461499999993,0.029510749999999808,-0.052727272727272845,7.0
7721 微程式,2026-04-10,2026-04-20,2026-04-09,2026-04-17,0.125,6,4660,4666,0.013859487048569541,數位雲端,7721 微程式,83.9,85.4,84.0,0.0,-0.02399999999999991,75925053.30000001,174153316.4,904947.0,2039266.0,2,0,-0.027875566150178832,0.0948313170441002,0.0948313170441002,-0.1120783460282917,6.0
6727 亞泰金屬,2026-04-14,2026-04-22,2026-04-13,2026-04-21,0.11111111111111112,6,4662,4668,0.10376715991650776,電子零組件業,6727 亞泰金屬,393.0,435.5,468.9109313615162,0.04244031830238737,0.010440835266821269,136967967.0,921053321.5,348519.0,2114933.0,2,0,-0.0462547709923663,0.17882910305343502,0.0,-0.0462547709923663,4.0
7734 印能科技,2026-04-14,2026-04-22,2026-04-13,2026-04-21,0.11111111111111112,6,4662,4668,0.13376333716974442,半導體業,7734 印能科技,2640.0,3005.0,3179.718309859155,-0.001890359168241873,0.048865619546247796,631720320.0,1515607810.0,239288.0,504362.0,2,1,-0.13677386363636357,0.19261505681818214,0.0,-0.13677386363636357,2.0
1591 駿吉-KY,2026-04-21,2026-04-24,2026-04-20,2026-04-23,0.03571428571428571,3,4667,4670,-0.08695265359374993,電機機械,1591 駿吉-KY,66.0,60.5,133.53554326943078,0.04100946372239744,0.011705685618728978,104542680.0,42117498.5,1583980.0,696157.0,2,2,-0.1019419318181819,0.011640454545454482,0.011640454545454482,-0.11227544910179643,1.0
3026 禾伸堂,2026-04-21,2026-04-24,2026-04-20,2026-04-23,0.03571428571428571,3,4667,4670,-0.04545050148437502,電子零組件業,3026 禾伸堂,240.0,230.0,674.030166039457,0.02564102564102555,0.029082774049216997,1051641840.0,1082832870.0,4381841.0,4707969.0,2,2,-0.1004275,0.06199531250000012,0.06199531250000012,-0.15294117647058836,2.0
3163 波若威,2026-04-16,2026-04-24,2026-04-15,2026-04-23,0.125,6,4664,4670,0.020544724001024584,通信網路業,3163 波若威,1220.0,1250.0,1648.677101948911,0.008264462809917328,0.0775862068965516,939459780.0,14643801250.0,770049.0,11715041.0,2,0,-0.07011403688524598,0.060971209016393635,0.0,-0.10810810810810811,3.0
2489 瑞軒,2026-04-21,2026-04-27,2026-04-20,2026-04-24,0.03571428571428571,4,4667,4671,-0.15049387958189664,光電業,2489 瑞軒,43.5,37.1,187.5983570779326,0.021126760563380254,-0.036363636363636376,302299161.0,535713945.90000004,6949406.0,14439729.0,2,2,-0.1900400862068966,0.022502586206896602,0.022502586206896602,-0.2078651685393259,2.0
3042 晶技,2026-04-22,2026-04-27,2026-04-21,2026-04-24,0.0303030303030303,3,4668,4671,-0.12005252950920253,電子零組件業,3042 晶技,163.0,144.0,662.2692763902339,-0.02102102102102099,-0.0034602076124566894,376963417.0,573392304.0,2312659.0,3981891.0,2,2,-0.14151226993865051,0.024053220858895497,0.024053220858895497,-0.16167664670658688,1.0
3289 宜特,2026-04-23,2026-04-27,2026-04-22,2026-04-24,0.02564102564102564,2,4669,4671,-0.1414983392232141,其他電子業,3289 宜特,210.0,181.0,314.4544530377358,0.03194103194103182,-0.008219178082191747,1312290840.0,422952836.0,6249004.0,2336756.0,2,2,-0.16230285714285708,0.0,0.0,-0.16230285714285708,0.0
3583 辛耘,2026-04-20,2026-04-27,2026-04-17,2026-04-24,0.07142857142857144,5,4666,4671,-0.03889753009868424,半導體業,3583 辛耘,798.0,770.0,1168.510040804967,0.04999999999999982,-0.05521472392638027,1293584334.0,1760829070.0,1621033.0,2286791.0,2,2,-0.07813233082706772,0.11851607142857135,0.11851607142857135,-0.1758118701007838,4.0
4991 環宇-KY,2026-04-21,2026-04-27,2026-04-20,2026-04-24,0.03571428571428571,4,4667,4671,-0.1525306397997236,半導體業,4991 環宇-KY,724.0,616.0,1230.6281506333914,0.0,0.033557046979865834,604673216.0,872986576.0,835184.0,1417186.0,3,2,-0.21308114640883968,0.0,0.0,-0.21308114640883968,0.0
6451 訊芯-KY,2026-04-21,2026-04-27,2026-04-20,2026-04-24,0.03571428571428571,4,4667,4671,-0.235588268125,半導體業,6451 訊芯-KY,516.0,396.0,650.438780017957,0.017751479289940697,-0.01492537313432818,527979456.0,653262588.0,1023216.0,1649653.0,2,3,-0.2648842296511629,0.0,0.0,-0.2648842296511629,0.0
7610 聯友金屬-創,2026-04-21,2026-04-27,2026-04-20,2026-04-24,0.03571428571428571,4,4667,4671,-0.10815067590192295,綠能環保,7610 聯友金屬-創,650.0,582.0,628.0,0.015625,-0.008517887563884163,246234300.0,439729518.0,378822.0,755549.0,3,2,-0.11580480769230772,0.030279615384615433,0.030279615384615433,-0.14179104477611948,1.0
2455 全新,2026-04-17,2026-04-27,2026-04-16,2026-04-24,0.09090909090909091,6,4665,4671,0.1732017764072986,通信網路業,2455 全新,298.0,351.0,797.1940981893399,0.02758620689655178,0.014450867052023142,1341334356.0,6387532398.0,4501122.0,18198098.0,2,0,0.0,0.22257336409395978,0.04145138422818784,-0.14540466392318252,7.0
5243 乙盛-KY,2026-04-17,2026-04-27,2026-04-16,2026-04-24,0.09090909090909091,6,4665,4671,-0.10355351443750005,光電業,5243 乙盛-KY,125.0,112.5,205.62304712607158,0.024590163934426146,-0.054621848739495715,212718500.0,544820625.0,1701748.0,4842850.0,2,0,-0.14040850000000005,0.0,0.0,-0.14040850000000005,0.0
6683 雍智科技,2026-04-17,2026-04-27,2026-04-16,2026-04-24,0.09090909090909091,6,4665,4671,0.022263536167763665,半導體業,6683 雍智科技,1900.0,1950.0,2222.146222454742,0.005291005291005124,0.06849315068493156,515390200.0,4190351100.0,271258.0,2148898.0,3,0,-0.10042749999999956,0.01793730263157922,0.01793730263157922,-0.11627906976744162,1.0
3339 泰谷,2026-04-24,2026-04-28,2026-04-23,2026-04-27,0.023255813953488372,2,4670,4672,-0.21253708789874193,光電業,3339 泰谷,61.6,48.7,9.736021505376344,-0.009646302250803762,-0.03373015873015872,86349155.2,113248976.7,1401772.0,2325441.0,2,3,-0.18220681818181828,0.0,0.0,-0.18220681818181828,0.0
6949 沛爾生醫*-創,2026-04-23,2026-04-28,2026-04-22,2026-04-27,0.02564102564102564,3,4669,4672,-0.18943482467976314,生技醫療業,6949 沛爾生醫*-創,929.0,756.0,865.0,0.08023255813953489,0.0,164092057.0,53981424.0,176633.0,71404.0,2,2,-0.18660828848223898,0.0,0.0,-0.18660828848223898,0.0
8021 尖點,2026-04-21,2026-04-28,2026-04-20,2026-04-27,0.03571428571428571,5,4667,4672,-0.037308930974880306,其他電子業,8021 尖點,418.0,404.0,1070.1678418439533,0.0,-0.0049261083743843415,1994443528.0,1015603884.0,4771396.0,2513871.0,3,2,-0.04471235047846889,0.12745463516746391,0.12745463516746391,-0.15270413573700936,3.0
3037 欣興,2026-04-20,2026-04-28,2026-04-17,2026-04-27,0.07142857142857144,6,4666,4672,0.3363177424534167,電子零組件業,3037 欣興,644.0,864.0,1344.9572066650348,0.0015552099533435726,0.02979737783075076,6133023232.0,35159722272.0,9523328.0,40694123.0,2,1,0.0,0.3021762034161497,0.052294953416149426,-0.01668653158522071,7.0
3455 由田,2026-04-20,2026-04-28,2026-04-17,2026-04-27,0.07142857142857144,6,4666,4672,-0.003948349374999993,光電業,3455 由田,197.0,197.0,488.53149996876715,0.023376623376623273,-0.005050505050505083,420212229.0,433626550.0,2133057.0,2201150.0,2,0,0.0,0.14158946700507635,0.0730940989847717,-0.1200000000000001,7.0
6217 中探針,2026-04-20,2026-04-28,2026-04-17,2026-04-27,0.07142857142857144,6,4666,4672,0.11654176965221752,電子零組件業,6217 中探針,248.0,278.0,464.463949507706,0.016393442622950838,-0.0071428571428571175,544846824.0,528758502.0,2196963.0,1902009.0,2,2,0.0,0.19499662298387088,0.08013185483870977,-0.09106239460371002,7.0
6218 豪勉,2026-04-20,2026-04-28,2026-04-17,2026-04-27,0.07142857142857144,6,4666,4672,-0.18743154817434204,通信網路業,6218 豪勉,38.0,31.0,113.20065314548175,0.010638297872340274,-0.0461538461538461,70158564.0,97381385.0,1846278.0,3141335.0,2,0,-0.14514309210526322,0.0,0.0,-0.14514309210526322,0.0
6443 元晶,2026-04-20,2026-04-28,2026-04-17,2026-04-27,0.07142857142857144,6,4666,4672,-0.10227652514182717,光電業,6443 元晶,39.0,35.15,26.262787478711882,0.0,-0.06141522029372504,303755049.0,160060973.25,7788591.0,4553655.0,2,3,-0.09402028846153865,0.012339423076922929,0.012339423076922929,-0.10506329113924051,3.0
1591 駿吉-KY,2026-04-27,2026-04-29,2026-04-24,2026-04-28,0.021739130434782608,2,4671,4673,0.004149631524390518,電機機械,1591 駿吉-KY,61.5,62.0,125.33949944600764,0.03709949409780777,0.006493506493506551,52386991.5,272688462.0,851821.0,4398201.0,2,0,0.0,0.02065317073170747,0.01902792682926835,-0.01754385964912275,3.0
2426 鼎元,2026-04-21,2026-04-29,2026-04-20,2026-04-28,0.03571428571428571,6,4667,4673,-0.09157228273339357,光電業,2426 鼎元,55.7,50.8,78.42717049883505,0.0,-0.06099815157116473,299575654.6,1850126551.1999998,5378378.0,36419814.0,2,0,-0.14403334829443448,0.06771521543985592,0.0,-0.14403334829443448,1.0
2467 志聖,2026-04-21,2026-04-29,2026-04-20,2026-04-28,0.03571428571428571,6,4667,4673,-0.09355853247621149,電子零組件業,2467 志聖,578.0,526.0,2131.0387976016364,0.01403508771929829,-0.034862385321100864,281766330.0,2824461148.0,487485.0,5369698.0,2,0,-0.1431407655709347,0.03238135813148757,0.03238135813148757,-0.17001675041876063,1.0
2486 一詮,2026-04-21,2026-04-29,2026-04-20,2026-04-28,0.03571428571428571,6,4667,4673,0.10507222930037274,光電業,2486 一詮,201.0,223.0,369.5658313094361,0.015151515151515138,-0.03253796095444683,542720301.0,4911362704.0,2700101.0,22024048.0,2,0,0.0,0.2605949626865669,0.016929664179104353,0.0,7.0
2489 瑞軒,2026-04-28,2026-04-29,2026-04-27,2026-04-28,0.017857142857142856,1,4672,4673,0.0319095100475002,光電業,2489 瑞軒,37.5,38.85,161.03948854779833,0.06382978723404253,0.017015706806282838,341936850.0,3319772981.7000003,9118316.0,85451042.0,2,0,0.0,0.11946800000000013,0.018182800000000165,0.0,2.0
3026 禾伸堂,2026-04-27,2026-04-29,2026-04-24,2026-04-28,0.021739130434782608,2,4671,4673,0.04413690272413806,電子零組件業,3026 禾伸堂,217.5,228.0,576.2297105749083,0.00694444444444442,-0.02564102564102566,519428497.5,3565803948.0,2388177.0,15639491.0,2,0,0.0,0.08454206896551719,0.0018227586206898128,0.0,3.0
3234 光環,2026-04-21,2026-04-29,2026-04-20,2026-04-28,0.03571428571428571,6,4667,4673,-0.12845480570312484,通信網路業,3234 光環,124.0,108.5,121.97604094987251,0.016393442622950838,-0.022522522522522515,243782140.0,197992644.5,1965985.0,1824817.0,2,0,-0.18184042338709683,0.0,0.0,-0.18184042338709683,0.0
3508 位速,2026-04-16,2026-04-29,2026-04-15,2026-04-28,0.125,9,4664,4673,-0.05804104201193827,其他電子業,3508 位速,26.7,25.25,44.402014567057606,0.09426229508196715,0.0,25115728.8,12878585.75,940664.0,510043.0,6,4,-0.09967879213483144,0.0,0.0,-0.09967879213483144,0.0
4991 環宇-KY,2026-04-28,2026-04-29,2026-04-27,2026-04-28,0.017857142857142856,1,4672,4673,0.06889216249043395,半導體業,4991 環宇-KY,588.0,631.0,1070.1856455577483,0.03157894736842115,0.006379585326953707,477114960.0,5490578983.0,811420.0,8701393.0,3,0,0.0,0.06582002551020438,0.06582002551020438,-0.019138755980861344,2.0
6147 頎邦,2026-04-21,2026-04-29,2026-04-20,2026-04-28,0.03571428571428571,6,4667,4673,0.05596453186560146,半導體業,6147 頎邦,133.0,141.0,368.65660915656247,0.05138339920948609,-0.02083333333333337,2550266887.0,8046546828.0,19174939.0,57067708.0,2,0,-0.015505451127819425,0.18740563909774433,0.08970770676691742,-0.096551724137931,6.0
6903 巨漢,2026-04-21,2026-04-29,2026-04-20,2026-04-28,0.03571428571428571,6,4667,4673,0.030180323933217235,其他電子業,6903 巨漢,394.0,407.5,439.22657542487593,0.01025641025641022,-0.04117647058823526,222373206.0,675599140.0,564399.0,1657912.0,2,0,-0.03599111675126898,0.07816782994923877,0.0,-0.06588235294117639,3.0
8996 高力,2026-04-21,2026-04-29,2026-04-20,2026-04-28,0.03571428571428571,6,4667,4673,-0.024443239305555364,電機機械,8996 高力,1215.0,1190.0,2766.699164498131,0.012499999999999956,0.012765957446808418,1291939875.0,5075799820.0,1063325.0,4265378.0,2,0,-0.11975987654320974,0.0,0.0,-0.11975987654320974,0.0
1785 光洋科,2026-04-22,2026-04-30,2026-04-21,2026-04-29,0.0303030303030303,6,4668,4674,0.0889310649919608,其他電子業,1785 光洋科,155.5,170.0,572.0503657673476,0.003225806451612856,-0.02298850574712641,1229939534.5,9082913000.0,7909579.0,53428900.0,2,0,-0.07118094855305479,0.11843954983922766,0.005952813504823018,-0.07667731629392971,4.0
3167 大量,2026-04-14,2026-04-30,2026-04-13,2026-04-29,0.11111111111111112,12,4662,4674,0.2710924340269114,電機機械,3167 大量,641.0,818.0,1383.7968651229714,0.043973941368078195,0.004914004914004844,616094586.0,6571523246.0,961146.0,8033647.0,3,1,-0.023864820592823688,0.3425757020280813,0.09308428237129496,-0.10699001426533528,11.0
3532 台勝科,2026-04-22,2026-04-30,2026-04-21,2026-04-29,0.0303030303030303,6,4668,4674,0.039714188734589095,半導體業,3532 台勝科,182.5,190.5,172.6242848646636,0.0,0.04958677685950419,273810407.5,1550817447.0,1500331.0,8140774.0,2,0,-0.06072034246575342,0.03512452054794535,0.024170821917808283,-0.08288770053475936,2.0
4569 六方科-KY,2026-04-22,2026-04-30,2026-04-21,2026-04-29,0.0303030303030303,6,4668,4674,-0.04245550081668814,汽車工業,4569 六方科-KY,194.0,186.5,205.62311313098522,-0.010204081632653073,-0.010610079575596787,31537998.0,36484062.5,162567.0,195625.0,2,0,-0.08291005154639175,0.0,0.0,-0.08291005154639175,0.0
4576 大銀微系統,2026-04-22,2026-04-30,2026-04-21,2026-04-29,0.0303030303030303,6,4668,4674,0.008788884008951614,電機機械,4576 大銀微系統,195.5,198.0,207.2773488738065,0.0077319587628865705,-0.01980198019801971,299108353.0,2034659880.0,1529966.0,10276060.0,2,0,-0.08483388746803067,0.13501048593350395,0.012306649616368404,-0.09595959595959602,4.0
4577 達航科技,2026-04-22,2026-04-30,2026-04-21,2026-04-29,0.0303030303030303,6,4668,4674,0.2578126646117749,其他電子業,4577 達航科技,146.5,185.0,179.7871412523953,0.0,0.022099447513812098,161059609.5,619961640.0,1099383.0,3351144.0,2,0,0.0,0.23490802047781556,0.09845409556314011,-0.08839779005524862,7.0
4949 有成精密,2026-04-22,2026-04-30,2026-04-21,2026-04-29,0.0303030303030303,6,4668,4674,0.1351650096508381,光電業,4949 有成精密,89.5,102.0,96.65833783009005,0.0,-0.004878048780487809,147263479.0,1156382568.0,1645402.0,11337084.0,2,0,-0.03732899441340776,0.17821103351955325,0.02632790502793303,-0.06202393906420023,4.0
3289 宜特,2026-04-28,2026-05-04,2026-04-27,2026-04-30,0.017857142857142856,3,4672,4675,0.1281247976691986,其他電子業,3289 宜特,181.0,205.0,314.4544530377358,0.02840909090909105,0.03015075376884435,425200313.0,1806400345.0,2349173.0,8811709.0,2,0,0.0,0.09892527624309366,0.051986256906077166,-0.025125628140703515,4.0
3443 創意,2026-04-23,2026-05-04,2026-04-22,2026-04-30,0.02564102564102564,6,4669,4675,0.13058650802044625,半導體業,3443 創意,4035.0,4580.0,6790.081498999076,0.09795918367346945,0.07511737089201875,7160236620.0,7305951880.0,1774532.0,1595186.0,2,0,-0.03143921933085503,0.16053894052044626,0.0,-0.03143921933085503,4.0
4989 榮科,2026-04-23,2026-05-04,2026-04-22,2026-04-30,0.02564102564102564,6,4669,4675,-0.020412013021694264,電子零組件業,4989 榮科,121.0,119.0,132.80090122161894,0.03862660944205998,0.053097345132743445,881078440.0,2953001422.0,7281640.0,24815138.0,3,0,-0.16155547520661173,0.0,0.0,-0.16155547520661173,0.0
6274 台燿,2026-04-23,2026-05-04,2026-04-22,2026-04-30,0.02564102564102564,6,4669,4675,0.09163236457386348,電子零組件業,6274 台燿,990.0,1085.0,2047.959088566444,0.01747173689619741,0.0742574257425741,4307646420.0,8051785000.0,4351158.0,7421000.0,2,0,-0.04085984848484847,0.12067954545454551,0.0,-0.07559808612440189,3.0
6949 沛爾生醫*-創,2026-04-29,2026-05-04,2026-04-28,2026-04-30,0.019999999999999997,2,4673,4675,-0.024380178105769312,生技醫療業,6949 沛爾生醫*-創,780.0,764.0,787.0,0.018276762402088753,-0.009079118028534339,73997040.0,281164988.0,94868.0,368017.0,2,0,-0.028666730769230764,0.008495096153846138,0.008495096153846138,-0.03684879288437104,1.0
7556 意德士科技,2026-04-23,2026-05-04,2026-04-22,2026-04-30,0.02564102564102564,6,4669,4675,-0.05758189979326911,半導體業,7556 意德士科技,325.0,307.5,435.99832051875444,0.07615894039735105,0.00654664484451728,141938550.0,119293087.5,436734.0,387945.0,2,0,-0.10350296153846161,0.0,0.0,-0.10350296153846161,0.0
3714 富采,2026-04-24,2026-05-05,2026-04-23,2026-05-04,0.023255813953488372,6,4670,4676,0.09593426740076594,光電業,3714 富采,71.8,79.0,72.27791813864464,0.0257142857142858,0.007653061224489832,762376133.6,5387686003.0,10618052.0,68198557.0,2,0,-0.09652963091921996,0.09140334261838445,0.0,-0.09652963091921996,4.0
5228 鈺鎧,2026-04-24,2026-05-05,2026-04-23,2026-05-04,0.023255813953488372,6,4670,4676,0.04434506398863669,電子零組件業,5228 鈺鎧,33.0,34.6,32.70512465373962,-0.009009009009008806,0.0014471780028946224,6135624.0,26046637.8,185928.0,752793.0,2,0,-0.08528318181818195,0.046472386363636264,0.0,-0.08528318181818195,4.0
6224 聚鼎,2026-04-24,2026-05-05,2026-04-23,2026-05-04,0.023255813953488372,6,4670,4676,0.2548940203597858,電子零組件業,6224 聚鼎,60.8,76.6,171.68503590760315,0.0049586776859502635,0.04931506849315048,31965843.2,137507187.79999998,525754.0,1795133.0,2,0,-0.026778289473684214,0.32009634046052615,0.0,-0.026778289473684214,4.0
6278 台表科,2026-04-24,2026-05-05,2026-04-23,2026-05-04,0.023255813953488372,6,4670,4676,0.19932749769132685,光電業,6278 台表科,147.0,177.0,572.9396852098837,0.03157894736842093,-0.016666666666666607,730280271.0,3379557642.0,4967893.0,19093546.0,2,0,-0.01407397959183676,0.2579056122448984,0.0,-0.01407397959183676,5.0
6419 京晨科,2026-04-24,2026-05-05,2026-04-23,2026-05-04,0.023255813953488372,6,4670,4676,0.04550102335106376,光電業,6419 京晨科,141.0,148.0,81.27902369528253,0.0071428571428571175,-0.0691823899371069,40967973.0,167974820.0,290553.0,1134965.0,2,0,-0.057185638297872265,0.12712393617021256,0.0,-0.09748427672955962,5.0
6451 訊芯-KY,2026-04-28,2026-05-05,2026-04-27,2026-05-04,0.017857142857142856,4,4672,4676,0.35317577568611513,半導體業,6451 訊芯-KY,383.5,521.0,555.7546538128114,0.010540184453227797,0.09915611814346015,295695374.0,5596435599.0,771044.0,10741719.0,3,0,0.0,0.3578944589309001,0.05556095176010434,-0.01851851851851838,5.0
7610 聯友金屬-創,2026-04-28,2026-05-05,2026-04-27,2026-05-04,0.017857142857142856,4,4672,4676,0.12852316644886375,綠能環保,7610 聯友金屬-創,594.0,673.0,632.0,0.03304347826086951,0.015082956259426794,189600048.0,792609598.0,319192.0,1177726.0,2,0,0.0,0.22668977272727275,0.06346767676767673,0.0,5.0
8043 蜜望實,2026-04-24,2026-05-05,2026-04-23,2026-05-04,0.023255813953488372,6,4670,4676,0.06826252978423475,電子零組件業,8043 蜜望實,86.9,93.2,164.45864459951403,0.016374269005848152,0.03670745272525022,59279704.00000001,741510850.0,682160.0,7956125.0,2,0,-0.03843164556962042,0.09269131185270418,0.0,-0.03843164556962042,3.0
3042 晶技,2026-04-28,2026-05-06,2026-04-27,2026-05-05,0.017857142857142856,5,4672,4677,0.18152333729310333,電子零組件業,3042 晶技,145.0,172.0,592.8698013194011,0.03571428571428581,0.03927492447129932,459758170.0,3471292992.0,3170746.0,20181936.0,2,0,0.0,0.1442837931034482,0.030544741379310514,-0.09337349397590378,6.0
3555 博士旺,2026-04-27,2026-05-06,2026-04-24,2026-05-05,0.021739130434782608,6,4671,4677,0.004084325226814567,半導體業,3555 博士旺,248.0,250.0,14.129605308181779,0.05756929637526653,-0.09420289855072461,22903544.0,255807000.0,92353.0,1023228.0,2,0,-0.048839112903225845,0.11237459677419359,0.0,-0.09601449275362328,3.0
4764 雙鍵,2026-04-27,2026-05-06,2026-04-24,2026-05-05,0.021739130434782608,6,4671,4677,0.6717650819535175,化學工業,4764 雙鍵,199.0,334.0,313.72770438007876,0.0,0.07395498392282951,213539537.0,1238335060.0,1073063.0,3707590.0,2,1,0.0,0.7177766331658291,0.0949570351758795,0.0,7.0
4908 前鼎,2026-04-27,2026-05-06,2026-04-24,2026-05-05,0.021739130434782608,6,4671,4677,0.5225360945267861,通信網路業,4908 前鼎,175.0,267.5,504.16554240338616,-0.002849002849003024,0.07000000000000006,301812700.0,2456457582.5,1724644.0,9183019.0,2,1,-0.06330228571428564,0.4278928571428573,0.0,-0.06330228571428564,6.0
4979 華星光,2026-04-27,2026-05-06,2026-04-24,2026-05-05,0.021739130434782608,6,4671,4677,0.22049092058490993,通信網路業,4979 華星光,608.0,745.0,917.610842421304,0.0066225165562914245,0.03760445682451263,1622618240.0,14791735855.0,2668780.0,19854679.0,2,0,-0.10240024671052617,0.18036011513157924,0.0,-0.10240024671052617,4.0
5340 建榮,2026-04-27,2026-05-06,2026-04-24,2026-05-05,0.021739130434782608,6,4671,4677,0.1194562799059733,電子零組件業,5340 建榮,113.0,127.0,106.49532710280374,0.027272727272727337,0.0039525691699604515,89286837.0,1439663364.0,790149.0,11335932.0,2,0,-0.062392477876106134,0.11893727876106208,0.0,-0.06324110671936778,4.0
6173 信昌電,2026-04-27,2026-05-06,2026-04-24,2026-05-05,0.021739130434782608,6,4671,4677,0.2081142601129029,電子零組件業,6173 信昌電,77.5,94.0,130.99795999651332,0.017060367454068137,0.019522776572667988,144178287.5,3416175166.0,1860365.0,36342289.0,2,0,-0.0017647096774191517,0.3026067741935481,0.0,-0.0017647096774191517,6.0
6208 日揚,2026-04-27,2026-05-06,2026-04-24,2026-05-05,0.021739130434782608,6,4671,4677,-0.023869382387500138,半導體業,6208 日揚,85.0,83.3,153.20415772121837,0.022864019253910906,0.0,53288285.0,169375222.79999998,626921.0,2033316.0,2,0,-0.1157143529411766,0.0,0.0,-0.1157143529411766,0.0
6456 GIS-KY,2026-04-27,2026-05-06,2026-04-24,2026-05-05,0.021739130434782608,6,4671,4677,0.052737516920731586,光電業,6456 GIS-KY,73.8,78.0,99.54154885164778,-0.006729475100942128,-0.03345724907063197,290543367.59999996,1430806806.0,3936902.0,18343677.0,2,0,-0.01537306910569114,0.09297652439024384,0.0,-0.09665427509293678,5.0
6791 虎門科技,2026-04-27,2026-05-06,2026-04-24,2026-05-05,0.021739130434782608,6,4671,4677,-0.023869382387499916,資訊服務業,6791 虎門科技,125.0,122.5,131.88393602111623,0.0,0.0,10152875.0,16783235.0,81223.0,137006.0,2,0,-0.07244080000000008,0.007521200000000228,0.0,-0.07244080000000008,1.0
8438 昶昕,2026-04-27,2026-05-06,2026-04-24,2026-05-05,0.021739130434782608,6,4671,4677,0.09448499021617662,綠能環保,8438 昶昕,85.0,93.4,99.34079493108813,0.0,-0.007438894792773487,24440305.0,151965442.60000002,287533.0,1627039.0,2,0,-0.0004750000000000032,0.1124125294117646,0.0,-0.05496828752642691,6.0
3653 健策,2026-04-30,2026-05-07,2026-04-29,2026-05-06,0.018518518518518517,4,4674,4678,-0.2859019156018733,電子零組件業,3653 健策,5405.0,3875.0,11838.093981556169,-0.007346189164370909,-0.09988385598141691,2259019750.0,7305587875.0,417950.0,1885313.0,2,2,-0.2834117715078631,0.0,0.0,-0.2834117715078631,0.0
2484 希華,2026-04-28,2026-05-07,2026-04-27,2026-05-06,0.017857142857142856,6,4672,4678,0.06813433586759898,電子零組件業,2484 希華,38.0,40.75,97.22620744188417,0.021505376344086002,-0.001225490196078316,122918714.0,834016598.75,3234703.0,20466665.0,2,0,0.0,0.17970253289473703,0.06528322368421069,-0.04112808460634565,7.0
3388 崇越電,2026-04-28,2026-05-07,2026-04-27,2026-05-06,0.017857142857142856,6,4672,4678,0.07630225754739328,電子零組件業,3388 崇越電,105.5,114.0,385.0810955788201,0.024271844660194164,-0.008695652173912993,90221279.0,235015218.0,855178.0,2061537.0,2,0,-0.00994917061611389,0.1321633886255924,0.0,-0.07112970711297073,6.0
3529 力旺,2026-04-28,2026-05-07,2026-04-27,2026-05-06,0.017857142857142856,6,4672,4678,0.06746202854372685,半導體業,3529 力旺,4045.0,4335.0,5211.666983867578,0.0,-0.01477272727272716,1823093635.0,7425685935.0,450703.0,1712961.0,2,0,-0.037540203955500506,0.1626118974042028,0.0,-0.037540203955500506,4.0
4919 新唐,2026-04-28,2026-05-07,2026-04-27,2026-05-06,0.017857142857142856,6,4672,4678,0.13634061550176058,半導體業,4919 新唐,142.0,162.0,284.03982451083186,0.044117647058823595,0.006211180124223503,989523734.0,8067745800.0,6968477.0,49800900.0,2,0,0.0,0.245886795774648,0.048797359154929554,-0.030201342281879096,7.0
4939 亞電,2026-04-28,2026-05-07,2026-04-27,2026-05-06,0.017857142857142856,6,4672,4678,0.03786122608333309,電子零組件業,4939 亞電,40.5,42.2,78.45002196484089,0.011235955056179803,-0.018604651162790642,74685888.0,244366907.00000003,1844096.0,5790685.0,2,0,0.0,0.08713768518518483,0.07356388888888876,-0.023836549375709448,7.0
4956 光鋐,2026-04-28,2026-05-07,2026-04-27,2026-05-06,0.017857142857142856,6,4672,4678,0.004629059887647724,光電業,4956 光鋐,46.45,46.85,56.91784183520078,0.009782608695652284,-0.023958333333333304,76629447.55000001,490763682.2,1649719.0,10475212.0,2,0,0.0,0.13616620021528458,0.0393338536060277,-0.03669724770642213,7.0
5475 德宏,2026-04-28,2026-05-07,2026-04-27,2026-05-06,0.017857142857142856,6,4672,4678,0.1604792246964286,電子零組件業,5475 德宏,315.0,367.0,192.99807893061862,0.021069692058346856,-0.0303830911492734,461255445.0,2092701895.0,1464303.0,5702185.0,2,0,0.0,0.23116095238095236,0.07567928571428562,-0.1030927835051546,7.0
6141 柏承,2026-04-28,2026-05-07,2026-04-27,2026-05-06,0.017857142857142856,6,4672,4678,0.23870137130536628,電子零組件業,6141 柏承,29.35,36.5,83.0673098856435,-0.04552845528455274,0.022408963585434094,13430677.4,135759633.0,457604.0,3719442.0,2,0,0.0,0.2498319420783648,0.07444680579216367,-0.027247956403269824,7.0
6442 光聖,2026-04-28,2026-05-07,2026-04-27,2026-05-06,0.017857142857142856,6,4672,4678,0.12632543599284762,通信網路業,6442 光聖,1835.0,2075.0,2893.7548878263647,0.033802816901408406,0.00728155339805836,2996043035.0,5542856200.0,1632721.0,2671256.0,2,0,0.0,0.14931757493188003,0.03765401907356969,-0.023696682464455,7.0
8182 加高,2026-04-28,2026-05-07,2026-04-27,2026-05-06,0.017857142857142856,6,4672,4678,0.1155778487000001,電子零組件業,8182 加高,35.0,39.2,87.5422544723763,0.008645533141210304,0.0,15035580.0,158835028.8,429588.0,4051914.0,2,0,0.0,0.23084364285714298,0.0566407142857146,-0.026086956521739202,7.0
8289 泰藝,2026-04-28,2026-05-07,2026-04-27,2026-05-06,0.017857142857142856,6,4672,4678,0.09776115016065146,電子零組件業,8289 泰藝,42.6,46.95,100.8787676391833,0.01187648456057011,-0.0177824267782426,40481161.2,321997419.75,950262.0,6858305.0,2,0,0.0,0.23180897887323937,0.07929929577464767,-0.0314083080040527,7.0
8358 金居,2026-04-28,2026-05-07,2026-04-27,2026-05-06,0.017857142857142856,6,4672,4678,0.3432049465045961,電子零組件業,8358 金居,340.0,458.5,589.9916504889352,0.01341281669150507,0.0,3148310240.0,15993815152.0,9259736.0,34882912.0,2,1,0.0,0.3787565441176475,0.0642001470588236,0.0,7.0
3221 台嘉碩,2026-04-29,2026-05-08,2026-04-28,2026-05-07,0.019999999999999997,6,4673,4679,0.15857756098339126,通信網路業,3221 台嘉碩,42.9,49.9,100.36649547996763,-0.009237875288683584,0.03526970954356834,65736914.1,957098367.1999999,1532329.0,19180328.0,2,0,-0.0016399475524474516,0.12300944055944041,0.020494055944056067,-0.06224066390041494,6.0
3339 泰谷,2026-04-29,2026-05-08,2026-04-28,2026-05-07,0.019999999999999997,6,4673,4679,0.2716390638414028,光電業,3339 泰谷,50.6,64.6,9.544778225806452,-0.03619047619047622,0.023771790808240878,50591398.0,591319717.5999999,999830.0,9153556.0,2,0,0.0,0.2464432312252962,0.08446487154150195,-0.06814580031695716,7.0
3518 柏騰,2026-04-29,2026-05-08,2026-04-28,2026-05-07,0.019999999999999997,6,4673,4679,0.1828113351171874,其他電子業,3518 柏騰,32.0,38.0,61.834840022567946,0.012658227848101111,0.003963011889035695,34876448.0,121955452.0,1089889.0,3209354.0,2,0,0.0,0.21504757812499986,0.024513124999999913,-0.07455012853470444,7.0
4960 誠美材,2026-04-29,2026-05-08,2026-04-28,2026-05-07,0.019999999999999997,6,4673,4679,0.14395419533015819,光電業,4960 誠美材,38.05,43.7,54.1627690965629,-0.04396984924623115,0.0,118215604.44999999,1570061422.3000002,3106849.0,35928179.0,2,0,0.0,0.14794329829172193,0.011345926412615004,-0.09954233409610991,7.0
4971 IET-KY,2026-05-04,2026-05-11,2026-04-30,2026-05-08,0.01785714285714286,5,4675,4680,-0.13939219597021668,半導體業,4971 IET-KY,831.0,718.0,1058.7161826815413,0.050568900126422234,0.043604651162790775,179147811.0,299926550.0,215581.0,417725.0,2,3,-0.17247509025270757,0.0,0.0,-0.17247509025270757,0.0
1623 大東電,2026-04-30,2026-05-11,2026-04-29,2026-05-08,0.018518518518518517,6,4674,4680,0.035478695128906335,電器電纜,1623 大東電,240.0,249.5,248.95833333333334,0.0,0.014227642276422925,23462880.0,87125649.5,97762.0,349201.0,2,0,-0.0046396875000001,0.04117187499999986,0.0,-0.029999999999999694,6.0
1711 永光,2026-04-30,2026-05-11,2026-04-29,2026-05-08,0.018518518518518517,6,4674,4680,-0.002197819233304421,化學工業,1711 永光,56.9,57.0,123.1237704277895,-0.005244755244755317,-0.008695652173912993,328836593.8,2324130996.0,5779202.0,40774228.0,2,0,-0.047904130052724314,0.08911335676625631,0.08911335676625631,-0.12580645161290327,5.0
1721 國慶科技,2026-04-30,2026-05-11,2026-04-29,2026-05-08,0.018518518518518517,6,4674,4680,0.1468483148630475,化學工業,1721 國慶科技,25.1,28.9,16.081438130213527,0.0,0.01403508771929829,77037723.2,356242208.0,3069232.0,12326720.0,2,0,-0.036314541832669356,0.24841070717131464,0.0,-0.050000000000000044,5.0
3229 晟鈦,2026-04-27,2026-05-11,2026-04-24,2026-05-08,0.021739130434782608,9,4671,4680,-0.010407828302529731,電子零組件業,3229 晟鈦,38.55,38.3,16.04182792209462,0.03629032258064502,-0.060122699386503164,25491919.95,78621588.89999999,661269.0,2052783.0,2,0,-0.02899581712062227,0.16157509727626396,0.0,-0.064293915040184,7.0
3363 上詮,2026-04-30,2026-05-11,2026-04-29,2026-05-08,0.018518518518518517,6,4674,4680,0.0539616303124999,通信網路業,3363 上詮,774.0,819.0,1186.4335706702984,0.02652519893899208,0.011111111111111072,931650642.0,3334977828.0,1203683.0,4072012.0,3,0,-0.006931879844961353,0.12607984496124014,0.0,-0.07110091743119262,6.0
3653 健策,2026-05-08,2026-05-11,2026-05-07,2026-05-08,0.03846153846153846,1,4679,4680,-0.02109890759768207,電子零組件業,3653 健策,3775.0,3710.0,8031.420638044612,-0.02580645161290318,0.016438356164383494,21973497350.0,15445286500.0,5820794.0,4163150.0,3,1,-0.03357185430463572,0.06307096026490089,0.0,-0.03357185430463572,1.0
4768 晶呈科技,2026-04-30,2026-05-11,2026-04-29,2026-05-08,0.018518518518518517,6,4674,4680,-0.02078023611518398,化學工業,4768 晶呈科技,503.0,494.5,641.7539113690333,0.018218623481781382,-0.024654832347139832,169526090.0,655197170.5,337030.0,1324969.0,2,0,-0.029288344930417654,0.043241799204771114,0.043241799204771114,-0.06952380952380943,4.0
5498 凱崴,2026-04-30,2026-05-11,2026-04-29,2026-05-08,0.018518518518518517,6,4674,4680,-0.037372901409396087,電子零組件業,5498 凱崴,74.5,72.0,84.33899883905318,0.02758620689655178,0.0,192907096.5,805857696.0,2589357.0,11192468.0,3,0,-0.07292379194630882,0.05989899328859072,0.05989899328859072,-0.12531645569620276,3.0
6415 矽力*-KY,2026-04-30,2026-05-11,2026-04-29,2026-05-08,0.018518518518518517,6,4674,4680,0.09156345273972644,半導體業,6415 矽力*-KY,401.5,440.0,2252.181957024415,0.021628498727735535,0.034077555816686145,1415579792.0,3986506920.0,3525728.0,9060243.0,2,0,0.0,0.1650752179327526,0.06300666251556675,-0.02752293577981635,7.0
6423 億而得,2026-04-30,2026-05-11,2026-04-29,2026-05-08,0.018518518518518517,6,4674,4680,0.06335243782939237,半導體業,6423 億而得,111.0,118.5,114.22102669929374,0.03738317757009346,0.03947368421052633,13920288.0,56201943.0,125408.0,474278.0,2,0,-0.01398209459459454,0.07156283783783812,0.0,-0.04201680672268904,6.0
6643 M31,2026-04-30,2026-05-11,2026-04-29,2026-05-08,0.018518518518518517,6,4674,4680,0.13911113365911132,半導體業,6643 M31,557.0,637.0,810.2266474742315,0.027675276752767486,0.025764895330112614,209203630.0,1022025732.0,375590.0,1604436.0,2,0,-0.01662531418312374,0.22562939856373432,0.0,-0.0446153846153845,6.0
8271 宇瞻,2026-04-30,2026-05-11,2026-04-29,2026-05-08,0.018518518518518517,6,4674,4680,0.16870060339999982,半導體業,8271 宇瞻,225.0,264.0,458.7367023700428,0.032110091743119185,0.013435700575815668,201030750.0,3021838776.0,893470.0,11446359.0,2,0,-0.022686666666666744,0.15722783333333323,0.0,-0.022686666666666744,5.0
7751 竑騰,2026-05-06,2026-05-12,2026-05-05,2026-05-11,0.023809523809523808,4,4677,4681,-0.23733283655073223,半導體業,7751 竑騰,2390.0,1830.0,2422.2972972972975,-0.09981167608286257,0.045714285714285596,347503610.0,820227960.0,145399.0,448212.0,2,3,-0.26813023012552306,0.0,0.0,-0.26813023012552306,0.0
3228 金麗科,2026-05-04,2026-05-12,2026-04-30,2026-05-11,0.01785714285714286,6,4675,4681,0.1466740953536585,半導體業,3228 金麗科,205.0,236.0,241.82620674144673,0.03535353535353547,-0.022774327122153215,138944695.0,436056256.0,677779.0,1847696.0,2,0,-0.024853658536585388,0.25550091463414626,0.0,-0.12038834951456312,6.0
3430 奇鈦科,2026-05-04,2026-05-12,2026-04-30,2026-05-11,0.01785714285714286,6,4675,4681,0.22530163370535727,化學工業,3430 奇鈦科,126.0,155.0,155.17692048628786,0.032786885245901676,-0.07738095238095233,146191500.0,1410404830.0,1160250.0,9099386.0,2,1,0.0,0.4120273809523809,0.06298690476190472,-0.02614379084967322,7.0
3581 博磊,2026-05-04,2026-05-12,2026-04-30,2026-05-11,0.01785714285714286,6,4675,4681,0.2134639398477154,半導體業,3581 博磊,197.0,240.0,310.2479200742824,0.09749303621169902,0.014799154334038,64509029.0,53961360.0,327457.0,224839.0,2,3,-0.0004750000000000032,0.19993737309644644,0.0,-0.03632478632478631,6.0
3631 晟楠,2026-05-04,2026-05-12,2026-04-30,2026-05-11,0.01785714285714286,6,4675,4681,0.056070147521634306,電子零組件業,3631 晟楠,39.0,41.35,49.742054181669,0.018276762402088975,0.008536585365853666,5939544.0,29550653.45,152296.0,714647.0,2,0,-0.018415192307692507,0.06231567307692276,0.0,-0.018415192307692507,4.0
6213 聯茂,2026-04-29,2026-05-12,2026-04-28,2026-05-11,0.019999999999999997,8,4673,4681,0.23908825337749984,電子零組件業,6213 聯茂,250.0,311.0,766.6670442970853,-0.013806706114398382,0.03494176372712143,1487598250.0,9068626892.0,5950393.0,29159572.0,2,0,0.0,0.20142904999999978,0.013518350000000012,-0.04991680532445908,9.0
6217 中探針,2026-05-04,2026-05-12,2026-04-30,2026-05-11,0.01785714285714286,6,4675,4681,0.04116897277874565,電子零組件業,6217 中探針,287.0,300.0,484.3943055500143,0.03237410071942448,0.06382978723404253,482715919.0,1308448500.0,1681937.0,4361495.0,2,0,-0.07361097560975605,0.07962630662020898,0.03609298780487813,-0.10588235294117654,2.0
6735 美達科技,2026-05-04,2026-05-12,2026-04-30,2026-05-11,0.01785714285714286,6,4675,4681,0.0442476982358877,其他電子業,6735 美達科技,124.0,130.0,158.253190175923,0.020576131687242816,0.040000000000000036,102136320.0,59960940.0,823680.0,461238.0,2,2,-0.028687399193548235,0.09222288306451665,0.0,-0.07407407407407396,6.0
8021 尖點,2026-05-04,2026-05-12,2026-04-30,2026-05-11,0.01785714285714286,6,4675,4681,0.1253468168118992,其他電子業,8021 尖點,416.0,470.0,1123.0156365029138,0.03354037267080745,0.09557109557109555,432297632.0,4107041420.0,1039177.0,8738386.0,2,0,-0.03651556490384611,0.13287509014423082,0.024753395432692393,-0.05978898007034006,6.0
2429 銘旺科,2026-05-05,2026-05-13,2026-05-04,2026-05-12,0.02,6,4676,4682,-0.040342544301682604,光電業,2429 銘旺科,52.0,50.1,0.6421396091308741,0.0019267822736028783,-0.029069767441860406,20437508.0,33315798.6,393029.0,664986.0,2,0,-0.056217740384615134,0.034123942307692445,0.034123942307692445,-0.08736059479553893,3.0
6443 元晶,2026-05-05,2026-05-13,2026-05-04,2026-05-12,0.02,6,4676,4682,0.16112762643082879,光電業,6443 元晶,35.6,41.5,25.188095407971755,-0.015214384508990264,0.0,79382019.2,4000707734.0,2229832.0,96402596.0,2,0,0.0,0.1834263693820226,0.05287043539325831,-0.006218905472636815,7.0
7711 永擎,2026-05-06,2026-05-14,2026-05-05,2026-05-13,0.023809523809523808,6,4677,4683,-0.021121653696120735,電腦及週邊設備業,7711 永擎,435.0,427.5,428.5,0.03694874851013119,0.014234875444839812,129539085.0,929760345.0,297791.0,2174878.0,2,0,-0.08089655172413801,0.08224431034482738,0.08224431034482738,-0.15074309978768563,2.0
7751 竑騰,2026-05-13,2026-05-14,2026-05-12,2026-05-13,0.0625,1,4682,4683,-0.03742907712710075,半導體業,7751 竑騰,1785.0,1725.0,1743.2432432432433,-0.027247956403269824,0.0029069767441860517,512985795.0,548220525.0,287387.0,317809.0,3,3,-0.1320651260504201,0.0,0.0,-0.1320651260504201,0.0
3581 博磊,2026-05-14,2026-05-18,2026-05-13,2026-05-15,0.05,2,4683,4685,-0.1397735744602272,半導體業,3581 博磊,242.0,209.0,355.9189336892783,0.0755555555555556,-0.004761904761904634,54831876.0,93707031.0,226578.0,448359.0,2,2,-0.1326435950413224,0.0,0.0,-0.1326435950413224,0.0
3016 嘉晶,2026-05-13,2026-05-19,2026-05-12,2026-05-18,0.0625,4,4682,4686,-0.058815601316207666,半導體業,3016 嘉晶,118.0,111.5,173.05071314506534,-0.02880658436214001,0.0045045045045044585,211089492.0,129259608.5,1788894.0,1159279.0,2,2,-0.1317685381355933,0.04187775423728812,0.04187775423728812,-0.16666666666666674,2.0
6274 台燿,2026-05-15,2026-05-19,2026-05-14,2026-05-18,0.041666666666666664,2,4684,4686,-0.13537183105468742,電子零組件業,6274 台燿,1440.0,1250.0,2813.2490637675887,-0.006896551724137945,-0.007936507936507797,2215550880.0,1833071250.0,1538577.0,1466457.0,2,3,-0.1497096354166666,0.0,0.0,-0.1497096354166666,0.0
3167 大量,2026-05-11,2026-05-19,2026-05-08,2026-05-18,0.0625,6,4680,4686,0.1478887924885668,電機機械,3167 大量,656.0,756.0,1499.1132705498858,-0.040935672514619825,0.060308555399719355,1344062656.0,4588261524.0,2048876.0,6069129.0,3,0,0.0,0.19455426829268285,0.10922896341463417,-0.06797385620915031,7.0
6234 高僑,2026-05-11,2026-05-19,2026-05-08,2026-05-18,0.0625,6,4680,4686,-0.08111991870270296,光電業,6234 高僑,55.5,51.2,115.72045789448892,-0.03979238754325265,-0.028462998102466885,181539057.0,359841843.20000005,3270974.0,7028161.0,2,0,-0.14545114864864883,0.00852972972972954,0.00852972972972954,-0.15267857142857144,1.0
6658 聯策,2026-05-06,2026-05-19,2026-05-05,2026-05-18,0.023809523809523808,9,4677,4686,0.21076937171781474,其他電子業,6658 聯策,167.0,203.0,162.020080828492,0.06369426751592355,0.0,130196874.0,795118520.0,779622.0,3916840.0,3,1,-0.0693045658682635,0.274843263473054,0.0,-0.14084507042253502,7.0
8027 鈦昇,2026-05-12,2026-05-20,2026-05-11,2026-05-19,0.125,6,4681,4687,0.1259714311413045,電機機械,8027 鈦昇,230.0,260.0,285.14991960328956,0.03139013452914807,-0.02255639097744344,1018482780.0,3864676920.0,4428186.0,14864142.0,2,0,0.0,0.17987407608695638,0.04950125000000005,-0.11602209944751374,7.0
6861 睿生光電,2026-05-14,2026-05-21,2026-05-13,2026-05-20,0.05,5,4683,4688,-0.05990630727528101,生技醫療業,6861 睿生光電,445.0,420.0,479.475641316563,0.059523809523809534,0.03194103194103204,154006935.0,256790520.0,346083.0,611406.0,2,2,-0.08582769662921375,0.021986235955056,0.021986235955056,-0.10549450549450556,3.0
7751 竑騰,2026-05-19,2026-05-21,2026-05-18,2026-05-20,0.03333333333333333,2,4686,4688,-0.09550741475278557,半導體業,7751 竑騰,1795.0,1630.0,1631.7567567567569,0.0056022408963585235,0.08666666666666667,408883050.0,219001910.0,227790.0,134357.0,2,2,-0.16474233983286912,0.0,0.0,-0.16474233983286912,0.0
1597 直得,2026-05-13,2026-05-21,2026-05-12,2026-05-20,0.0625,6,4682,4688,-0.05454990381851599,電機機械,1597 直得,187.0,177.5,393.97638144929874,0.0,0.03801169590643294,276959342.0,1207714260.0,1481066.0,6804024.0,2,0,-0.1100485962566845,0.012887633689839584,0.012887633689839584,-0.12137203166226918,2.0
2233 宇隆,2026-05-13,2026-05-21,2026-05-12,2026-05-20,0.0625,6,4682,4688,0.19664538582031255,汽車工業,2233 宇隆,288.0,346.0,727.1581321443198,-0.03355704697986572,0.04216867469879526,172989792.0,1629410188.0,600659.0,4709278.0,2,0,-0.019563151041666504,0.19734765625000006,0.0,-0.02352941176470591,5.0
2454 聯發科,2026-05-13,2026-05-21,2026-05-12,2026-05-20,0.0625,6,4682,4688,-0.06165065189396557,半導體業,2454 聯發科,3625.0,3415.0,11966.307587185589,-0.020270270270270285,0.05727554179566563,35140916750.0,20432259180.0,9694046.0,5983092.0,2,0,-0.13006858620689665,0.0,0.0,-0.13006858620689665,0.0
2486 一詮,2026-05-13,2026-05-21,2026-05-12,2026-05-20,0.0625,6,4682,4688,0.034214549116379445,光電業,2486 一詮,261.0,271.0,460.82780921225526,-0.03512014787430684,0.050387596899224896,922713561.0,3221587567.0,3535301.0,11887777.0,2,0,-0.0464301724137931,0.06654295977011504,0.0,-0.0464301724137931,1.0
3016 嘉晶,2026-05-20,2026-05-21,2026-05-19,2026-05-20,0.0303030303030303,1,4687,4688,0.06245509399999993,半導體業,3016 嘉晶,105.0,112.0,150.16797421679223,0.024390243902439046,0.06666666666666665,90562605.0,123855088.0,862501.0,1105849.0,2,2,-0.0004750000000000032,0.09947750000000011,0.0,-0.0004750000000000032,1.0
4542 科嶠,2026-05-13,2026-05-21,2026-05-12,2026-05-20,0.0625,6,4682,4688,0.12747513230468743,電子零組件業,4542 科嶠,216.0,244.5,374.21146535284157,0.011709601873536313,0.03601694915254261,68466816.0,645075841.5,316976.0,2638347.0,2,0,-0.051376736111111154,0.20081822916666647,0.01109357638888886,-0.06178489702517165,3.0
4908 前鼎,2026-05-13,2026-05-21,2026-05-12,2026-05-20,0.0625,6,4682,4688,0.0679534682921974,通信網路業,4908 前鼎,235.5,252.5,720.8952420341101,-0.006329113924050667,0.022267206477732726,108289023.0,1622863455.0,459826.0,6427182.0,2,0,-0.017452070063694203,0.04833407643312104,0.029234872611464846,-0.04536082474226788,4.0
6683 雍智科技,2026-05-13,2026-05-21,2026-05-12,2026-05-20,0.0625,6,4682,4688,-0.12291470577283348,半導體業,6683 雍智科技,2135.0,1880.0,2537.049296759826,-0.09915611814345993,0.056179775280899014,343969850.0,6129333920.0,161110.0,3260284.0,2,1,-0.24157822014051522,0.0,0.0,-0.24157822014051522,0.0
8064 東捷,2026-05-13,2026-05-21,2026-05-12,2026-05-20,0.0625,6,4682,4688,0.07434392010644042,光電業,8064 東捷,114.5,123.5,223.7525017995644,-0.033755274261603296,0.0,393585506.0,2368565621.5,3437428.0,19178669.0,2,0,0.0,0.1959382096069866,0.03444290393013083,-0.12043795620437969,7.0
2426 鼎元,2026-05-14,2026-05-22,2026-05-13,2026-05-21,0.05,6,4683,4689,0.14458566870065748,光電業,2426 鼎元,68.4,78.6,98.10739680378616,0.005882352941176672,0.03830911492734468,84023107.2,1497604707.0,1228408.0,19053495.0,2,0,-0.09545910087719311,0.2157964912280701,0.0,-0.09545910087719311,3.0
3030 德律,2026-05-14,2026-05-22,2026-05-13,2026-05-21,0.05,6,4683,4689,-0.061001427215095605,其他電子業,3030 德律,419.0,395.0,2379.039192942738,0.012077294685990392,0.035386631716907146,480186570.0,2213495865.0,1146030.0,5603787.0,2,0,-0.1722310859188545,0.0007177505966584619,0.0,-0.1722310859188545,1.0
3455 由田,2026-05-14,2026-05-22,2026-05-13,2026-05-21,0.05,6,4683,4689,0.03319255963135581,光電業,3455 由田,295.0,306.0,659.4597789176502,0.03146853146853146,-0.012903225806451646,84201850.0,1248749586.0,285430.0,4080881.0,2,0,-0.10381572033898301,0.05034830508474575,0.0,-0.10381572033898301,1.0
3581 博磊,2026-05-19,2026-05-22,2026-05-18,2026-05-21,0.03333333333333333,3,4686,4689,0.10031540915367487,半導體業,3581 博磊,224.5,248.0,337.02058322790066,0.03935185185185186,0.09977827050997767,54486599.0,88550384.0,242702.0,357058.0,2,0,-0.08729342984409794,0.10415233853006689,0.0,-0.08729342984409794,2.0
4951 精拓科,2026-05-11,2026-05-22,2026-05-08,2026-05-21,0.0625,9,4680,4689,0.12160437969537763,半導體業,4951 精拓科,119.0,134.0,137.51260583901515,-0.040322580645161366,0.011320754716980908,76935404.0,665068532.0,646516.0,4963198.0,2,0,-0.017273739495798468,0.17591176470588188,0.10871680672268913,-0.11363636363636387,9.0
5386 青雲,2026-05-14,2026-05-22,2026-05-13,2026-05-21,0.05,6,4683,4689,0.11937233117857171,電腦及週邊設備業,5386 青雲,420.0,472.0,131.79367162494847,0.012048192771084265,0.008547008547008517,192561180.0,1849476304.0,458479.0,3918382.0,2,0,-0.012374107142857027,0.18277125000000027,0.024513125000000136,-0.0561797752808989,5.0
1595 川寶,2026-05-15,2026-05-25,2026-05-14,2026-05-22,0.041666666666666664,6,4684,4690,0.04225469375000035,半導體業,1595 川寶,92.7,97.0,178.38544754784323,0.027716186252771502,-0.011213047910295426,89530030.8,511980162.0,965804.0,5278146.0,2,0,-0.08349919093851144,0.057749757281553515,0.0,-0.08349919093851144,3.0
3532 台勝科,2026-05-15,2026-05-25,2026-05-14,2026-05-22,0.041666666666666664,6,4684,4690,0.14977632397727292,半導體業,3532 台勝科,236.5,273.0,204.47208073541705,-0.03861788617886186,0.09859154929577474,280611507.0,1227972564.0,1186518.0,4498068.0,2,0,-0.14628308668076107,0.15378572938689228,0.0,-0.14628308668076107,2.0
6274 台燿,2026-05-20,2026-05-25,2026-05-19,2026-05-22,0.0303030303030303,3,4687,4690,0.2648274928571428,電子零組件業,6274 台燿,1260.0,1600.0,2597.674422865858,0.02857142857142847,0.09965635738831624,2062637640.0,2376876800.0,1637014.0,1485548.0,2,0,-0.04410505952380939,0.2692380952380953,0.0,-0.04410505952380939,3.0
3026 禾伸堂,2026-05-18,2026-05-26,2026-05-15,2026-05-25,0.03571428571428571,6,4685,4691,0.4969396933243533,電子零組件業,3026 禾伸堂,348.0,523.0,950.2503713379795,0.06422018348623859,0.0,703792416.0,1769526568.0,2022392.0,3383416.0,2,3,0.0,0.6371530172413791,0.032555280172413825,0.0,7.0
4561 健椿,2026-05-18,2026-05-26,2026-05-15,2026-05-25,0.03571428571428571,6,4685,4691,0.060246247650727724,電機機械,4561 健椿,48.1,51.2,65.54967111441782,0.0,-0.011583011583011449,23224940.7,88120729.60000001,482847.0,1721108.0,2,0,-0.008787058212058163,0.07641153846153825,0.03589025467775464,-0.04312938816449341,5.0
6182 合晶,2026-05-18,2026-05-26,2026-05-15,2026-05-25,0.03571428571428571,6,4685,4691,0.5654890002374302,半導體業,6182 合晶,53.7,84.4,90.65422517347216,-0.02717391304347827,0.09895833333333348,500317691.1,1886956120.0000002,9316903.0,22357300.0,2,1,0.0,0.5709480446927375,0.023722067039106065,0.0,7.0
6488 環球晶,2026-05-18,2026-05-26,2026-05-15,2026-05-25,0.03571428571428571,6,4685,4691,0.3049632820593797,半導體業,6488 環球晶,661.0,866.0,1030.4096193632515,-0.06901408450704216,0.09898477157360408,3059492041.0,10366940558.0,4628581.0,11971063.0,2,0,-0.035254236006051376,0.3095138426626325,0.0554742057488653,-0.08595988538681942,6.0
8227 巨有科技,2026-05-18,2026-05-26,2026-05-15,2026-05-25,0.03571428571428571,6,4685,4691,0.1661092495121952,半導體業,8227 巨有科技,205.0,240.0,214.00663111893064,-0.014423076923076983,-0.036144578313252906,139853460.0,794881440.0,682212.0,3312006.0,2,0,-0.06142164634146341,0.2140571951219512,0.014152195121951205,-0.09839357429718876,5.0
1809 中釉,2026-05-19,2026-05-27,2026-05-18,2026-05-26,0.03333333333333333,6,4686,4692,0.21883563490003222,玻璃陶瓷,1809 中釉,38.45,47.05,57.56794622394498,0.022606382978723527,-0.045638945233265726,73848954.05000001,619924918.75,1920649.0,13175875.0,2,1,-0.004374317295188668,0.2815756176853055,0.0,-0.09939148073022308,5.0
2059 川湖,2026-05-19,2026-05-27,2026-05-18,2026-05-26,0.03333333333333333,6,4686,4692,0.05876214279446512,電子零組件業,2059 川湖,4765.0,5065.0,8098.466611466762,0.0,0.005958291956305706,1393119225.0,2850414855.0,292365.0,562767.0,2,0,-0.06655062959076585,0.06769826862539352,0.0,-0.06655062959076585,5.0
3450 聯鈞,2026-05-19,2026-05-27,2026-05-18,2026-05-26,0.03333333333333333,6,4686,4692,0.312473497609703,半導體業,3450 聯鈞,404.5,533.0,1730.8992720864012,-0.013414634146341364,0.005660377358490676,860546648.5,9238022625.0,2127433.0,17332125.0,2,1,-0.03012716316440056,0.30963720642768844,0.0,-0.05471698113207546,6.0
3653 健策,2026-05-19,2026-05-27,2026-05-18,2026-05-26,0.03333333333333333,6,4686,4692,0.1595141147613115,電子零組件業,3653 健策,3260.0,3795.0,6799.202677139137,-0.003058103975535187,0.03405994550408731,3708517320.0,11913021120.0,1137582.0,3139136.0,3,0,-0.07099363496932509,0.15589240797546045,0.0,-0.07099363496932509,5.0
4979 華星光,2026-05-19,2026-05-27,2026-05-18,2026-05-26,0.03333333333333333,6,4686,4692,0.2703801089302218,通信網路業,4979 華星光,541.0,690.0,878.9569058357912,-0.01814882032667875,0.014705882352941346,514795042.0,11209557840.0,951562.0,16245736.0,2,0,-0.03373091497227354,0.25633456561922374,0.0,-0.07647058823529418,6.0
7751 竑騰,2026-05-22,2026-05-27,2026-05-21,2026-05-26,0.038461538461538464,3,4689,4692,0.027178264707031108,半導體業,7751 竑騰,1760.0,1815.0,1839.527027027027,0.06666666666666665,0.03125,371748960.0,410318865.0,211221.0,226071.0,2,2,-0.03454971590909084,0.030760156249999948,0.030760156249999948,-0.06336088154269959,2.0
5464 霖宏,2026-05-15,2026-05-28,2026-05-14,2026-05-27,0.041666666666666664,9,4684,4693,0.1581995937499998,電子零組件業,5464 霖宏,60.2,70.0,178.5724418741407,0.0117647058823529,-0.015471167369901506,85673690.2,316868720.0,1423151.0,4526696.0,3,0,-0.051945556478405264,0.2535571013289035,0.0,-0.051945556478405264,8.0
7769 鴻勁,2026-05-20,2026-05-28,2026-05-19,2026-05-27,0.0303030303030303,6,4687,4693,0.22312679508742317,半導體業,7769 鴻勁,6470.0,7945.0,6980.0,-0.019696969696969657,0.018589743589743524,2936364210.0,12020562540.0,453843.0,1512972.0,2,0,0.0,0.22044010819165405,0.07831290571870175,-0.025316455696202333,7.0
8042 金山電,2026-05-20,2026-05-28,2026-05-19,2026-05-27,0.0303030303030303,6,4687,4693,0.22936104626689202,電子零組件業,8042 金山電,111.0,137.0,316.1568121287964,0.02304147465437789,-0.0897009966777409,208991799.0,147657093.0,1882809.0,1077789.0,2,3,0.0,0.3642165540540543,0.049051013513513375,-0.016000000000000014,7.0
2492 華新科,2026-05-21,2026-05-29,2026-05-20,2026-05-28,0.034482758620689655,6,4688,4694,0.5737232244942194,電子零組件業,2492 華新科,259.5,410.0,443.9381014947786,0.0723140495867769,0.0512820512820511,1866486706.5,1856038020.0,7192627.0,4526922.0,2,3,0.0,0.5175832369942195,0.024561271676300622,0.0,7.0
4966 譜瑞-KY,2026-05-21,2026-05-29,2026-05-20,2026-05-28,0.034482758620689655,6,4688,4694,0.09882895470222919,半導體業,4966 譜瑞-KY,785.0,866.0,1479.602275276323,0.036988110964332854,0.024852071005917242,1593238355.0,7897467948.0,2029603.0,9119478.0,2,0,0.0,0.10775382165605096,0.004618121019108301,-0.04137931034482756,7.0
6173 信昌電,2026-05-21,2026-05-29,2026-05-20,2026-05-28,0.034482758620689655,6,4688,4694,0.3069579461958092,電子零組件業,6173 信昌電,173.0,227.0,296.1840180799719,0.08463949843260199,0.0341685649202732,184209362.0,316837974.0,1064794.0,1395762.0,2,3,0.0,0.3692914739884394,0.011080202312138798,-0.028761061946902644,7.0
6263 普萊德,2026-05-21,2026-05-29,2026-05-20,2026-05-28,0.034482758620689655,6,4688,4694,0.053460967663904846,通信網路業,6263 普萊德,173.5,183.5,652.2062770913973,0.02359882005899694,0.03672316384180796,38624223.0,79131989.5,222618.0,431237.0,2,0,0.0,0.06577593659942349,0.01968832853025937,-0.043243243243243135,7.0
6831 邁科,2026-05-21,2026-05-29,2026-05-20,2026-05-28,0.034482758620689655,6,4688,4694,0.10399140425925957,電腦及週邊設備業,6831 邁科,729.0,808.0,786.799504950495,0.012499999999999956,0.022784810126582178,634136688.0,1768498688.0,869872.0,2188736.0,2,0,0.0,0.12429423868312783,0.07082170781892994,-0.09512195121951206,7.0
8069 元太,2026-05-21,2026-05-29,2026-05-20,2026-05-28,0.034482758620689655,6,4688,4694,0.0303982592672416,光電業,8069 元太,232.0,240.0,429.6333869812045,0.008695652173913215,0.030042918454935563,1249352248.0,6415715280.0,5385139.0,26732147.0,2,0,-0.052174568965516976,0.07276605603448294,0.07276605603448294,-0.11646586345381515,4.0
8114 振樺電,2026-05-21,2026-05-29,2026-05-20,2026-05-28,0.034482758620689655,6,4688,4694,0.00810066252772157,電腦及週邊設備業,8114 振樺電,248.0,251.0,851.8208819665592,0.04641350210970452,0.020325203252032464,157542992.0,377654098.0,635254.0,1504598.0,2,0,-0.046823941532258107,0.07610151209677407,0.0,-0.0786516853932584,3.0
5228 鈺鎧,2026-05-22,2026-06-01,2026-05-21,2026-05-29,0.038461538461538464,6,4689,4695,0.2521792179285718,電子零組件業,5228 鈺鎧,52.5,66.0,53.40457063711912,0.0,0.03125,23744752.5,233627394.0,452281.0,3539809.0,2,0,-0.017609714285714118,0.23179557142857155,0.0,-0.017609714285714118,6.0
6829 千附精密,2026-05-22,2026-06-01,2026-05-21,2026-05-29,0.038461538461538464,6,4689,4695,0.08317673590425545,半導體業,6829 千附精密,211.5,230.0,248.6087822175744,0.09870129870129873,0.029082774049216997,116085370.5,477695280.0,548867.0,2076936.0,2,0,-0.00283794326241138,0.1602051418439716,0.06568741134751765,-0.06430155210643007,5.0
3498 陽程,2026-05-25,2026-06-02,2026-05-22,2026-06-01,0.04,6,4690,4696,-0.1173449988307691,其他電子業,3498 陽程,162.5,144.0,202.27950628460874,0.015625,0.0,179973300.0,565988400.0,1107528.0,3930475.0,2,0,-0.13579530769230763,0.0,0.0,-0.13579530769230763,0.0
6449 鈺邦,2026-05-25,2026-06-02,2026-05-22,2026-06-01,0.04,6,4690,4696,0.3347092118374997,電子零組件業,6449 鈺邦,300.0,402.0,496.30262910194904,-0.018003273322422242,-0.021897810218978075,185792700.0,386306724.0,619309.0,960962.0,2,3,0.0,0.36934924999999974,0.06616,-0.0948905109489051,7.0
3008 大立光,2026-05-26,2026-06-03,2026-05-25,2026-06-02,0.043478260869565216,6,4691,4697,0.007618702051612969,光電業,3008 大立光,3875.0,3920.0,7068.941253384763,0.007802340702210753,0.0181818181818183,4378029250.0,14531345920.0,1129814.0,3706976.0,2,0,-0.11654887096774202,0.027898612903225928,0.0,-0.11654887096774202,1.0
6924 榮惠-KY創,2026-05-26,2026-06-03,2026-05-25,2026-06-02,0.043478260869565216,6,4691,4697,0.1671525476648772,電子零組件業,6924 榮惠-KY創,163.0,191.0,173.96486090775988,0.006172839506172867,-0.012919896640826933,11099974.0,34862084.0,68098.0,182524.0,2,0,-0.012739110429447975,0.18655268404907965,0.0,-0.03296703296703296,6.0
8091 翔名,2026-05-26,2026-06-03,2026-05-25,2026-06-02,0.043478260869565216,6,4691,4697,-0.08224857053930534,半導體業,8091 翔名,273.5,252.0,630.1532201012545,0.0,0.0,137654738.0,311783472.0,503308.0,1237236.0,2,0,-0.0790482632541133,0.0,0.0,-0.0790482632541133,0.0
3624 光頡,2026-05-27,2026-06-04,2026-05-26,2026-06-03,0.05555555555555555,6,4692,4698,0.09618382714285723,電子零組件業,3624 光頡,94.5,104.0,170.008638729717,0.010695187165775444,-0.09565217391304337,611610804.0,1540592560.0,6472072.0,14813390.0,2,0,-0.005763492063492137,0.29039206349206337,0.0,-0.15163934426229508,6.0
8042 金山電,2026-06-03,2026-06-05,2026-06-02,2026-06-04,0.04761904761904762,2,4697,4699,-0.19794678132812493,電子零組件業,8042 金山電,172.0,138.5,439.6343653636482,0.06172839506172845,-0.07046979865771807,115364872.0,203022441.0,670726.0,1465866.0,2,2,-0.15447158430232555,0.0,0.0,-0.15447158430232555,0.0
3675 德微,2026-05-29,2026-06-08,2026-05-28,2026-06-05,0.07142857142857144,6,4694,4700,-0.137336993451189,半導體業,3675 德微,399.5,346.0,640.3955497049145,0.04036458333333326,-0.09895833333333348,440941333.5,148688656.0,1103733.0,429736.0,2,0,-0.1343287859824781,0.03330118898623291,0.03330118898623291,-0.16222760290556915,1.0
6538 倉和,2026-05-29,2026-06-08,2026-05-28,2026-06-05,0.07142857142857144,6,4694,4700,-0.05502792120192335,電子零組件業,6538 倉和,117.0,111.0,224.67400854022864,0.040000000000000036,-0.09756097560975607,65786877.0,92168184.0,562281.0,830344.0,2,0,-0.05173269230769262,0.1618410256410252,0.1618410256410252,-0.18382352941176472,6.0
6742 澤米,2026-05-29,2026-06-08,2026-05-28,2026-06-05,0.07142857142857144,6,4694,4700,-0.10355351443750005,光電業,6742 澤米,58.0,52.2,59.53619676027269,0.01754385964912286,-0.09999999999999998,45290808.0,77441988.60000001,780876.0,1483563.0,2,0,-0.06079116379310345,0.0960308620689656,0.0960308620689656,-0.14308176100628933,4.0
7610 聯友金屬-創,2026-05-29,2026-06-08,2026-05-28,2026-06-05,0.07142857142857144,6,4694,4700,0.06719819709821429,綠能環保,7610 聯友金屬-創,1470.0,1575.0,1475.0,0.09293680297397766,-0.09999999999999998,497049630.0,383038425.0,338129.0,243199.0,2,3,0.0,0.2103091836734694,0.0029247448979590196,-0.014836795252225365,7.0
8027 鈦昇,2026-05-29,2026-06-08,2026-05-28,2026-06-05,0.07142857142857144,6,4694,4700,0.03120641476470598,電機機械,8027 鈦昇,255.0,264.0,305.2225847513472,0.0386965376782078,-0.0989761092150171,329442915.0,520356672.0,1291933.0,1971048.0,2,0,0.0,0.14847382352941185,0.013243970588235232,-0.0989761092150171,7.0
2061 風青,2026-06-03,2026-06-09,2026-06-02,2026-06-08,0.04761904761904762,4,4697,4701,-0.1395553813275603,電器電纜,2061 風青,41.5,35.85,44.03921501347604,0.07373868046571808,0.0,30605959.5,19084460.7,737493.0,532342.0,2,2,-0.13655490963855432,0.05492036144578294,0.05492036144578294,-0.18150684931506844,2.0
4919 新唐,2026-06-03,2026-06-09,2026-06-02,2026-06-08,0.04761904761904762,4,4697,4701,-0.2359697926970591,半導體業,4919 新唐,212.5,163.0,386.9804320516703,0.007109004739336511,0.015576323987538832,360570212.5,691806230.0,1696801.0,4244210.0,2,2,-0.2450646470588237,0.0,0.0,-0.2450646470588237,0.0
1568 倉佑,2026-06-05,2026-06-09,2026-06-04,2026-06-08,0.03125,2,4699,4701,0.018131613323583595,汽車工業,1568 倉佑,40.6,41.5,65.2230443780559,-0.09877913429522744,0.05196451204055763,22279087.6,31801616.0,548746.0,766304.0,2,2,-0.02878666871921176,0.07830529556650223,0.07830529556650223,-0.09931506849315042,2.0
2302 麗正,2026-06-08,2026-06-09,2026-06-05,2026-06-08,0.028571428571428574,1,4700,4701,0.050024892777093655,半導體業,2302 麗正,30.45,32.1,16.192275742016218,-0.09911242603550285,0.015822784810126667,46730731.949999996,30472722.6,1534671.0,949306.0,2,2,0.0,0.11441293103448302,0.037273891625615896,0.0,2.0
2375 凱美,2026-06-05,2026-06-09,2026-06-04,2026-06-08,0.03125,2,4699,4701,0.09740427472368429,電子零組件業,2375 凱美,142.5,157.0,44.76268797026985,-0.01724137931034475,0.046666666666666634,512686357.5,791948035.0,3597799.0,5044255.0,2,2,0.0,0.15734473684210526,0.09421684210526293,-0.038461538461538214,3.0
2455 全新,2026-06-02,2026-06-09,2026-06-01,2026-06-08,0.07692307692307693,5,4696,4701,-0.11541127218303582,通信網路業,2455 全新,420.0,373.0,1024.4136720693932,0.010830324909747446,0.037552155771905404,581812560.0,739493015.0,1385268.0,1982555.0,2,2,-0.1444541964285715,0.0,0.0,-0.1444541964285715,0.0
2472 立隆電,2026-06-05,2026-06-09,2026-06-04,2026-06-08,0.03125,2,4699,4701,0.012164250855698722,電子零組件業,2472 立隆電,340.0,345.5,796.6862689478392,-0.028571428571428692,0.019174041297935096,1164226640.0,861539836.5,3424196.0,2493603.0,2,2,-0.0034147794117646013,0.09506783088235315,0.06860981617647055,-0.0674002751031636,2.0
2492 華新科,2026-06-05,2026-06-09,2026-06-04,2026-06-08,0.03125,2,4699,4701,0.09325989995070172,電子零組件業,2492 華新科,374.0,410.5,694.2791361722853,-0.04591836734693877,0.026249999999999885,1668831384.0,1689640167.0,4462116.0,4116054.0,2,2,0.0,0.17591176470588232,0.1117711229946523,-0.03846153846153855,3.0
3026 禾伸堂,2026-06-04,2026-06-09,2026-06-03,2026-06-08,0.04,3,4698,4701,0.045854233156249924,電子零組件業,3026 禾伸堂,600.0,630.0,1644.1049540256556,-0.06249999999999989,0.048252911813643884,672286800.0,1200430980.0,1120478.0,1905446.0,2,2,0.0,0.10114337499999992,0.03617424999999996,-0.03993610223642163,4.0
3090 日電貿,2026-06-02,2026-06-09,2026-06-01,2026-06-08,0.07692307692307693,5,4696,4701,-0.09372124492489298,電子零組件業,3090 日電貿,233.0,212.0,1627.5198489622887,-0.0021413276231263545,0.01193317422434359,574394629.0,450511872.0,2465213.0,2125056.0,2,2,-0.10128546137339067,0.0,0.0,-0.10128546137339067,0.0
3189 景碩,2026-06-03,2026-06-09,2026-06-02,2026-06-08,0.04761904761904762,4,4697,4701,-0.05105890041807426,半導體業,3189 景碩,740.0,705.0,1764.1972652998684,-0.004037685060565233,0.010028653295128809,3449460420.0,3904026330.0,4661433.0,5537626.0,2,2,-0.06530905405405396,0.0,0.0,-0.06530905405405396,0.0
3236 千如,2026-06-03,2026-06-09,2026-06-02,2026-06-08,0.04761904761904762,4,4697,4701,-0.03798608563736505,電子零組件業,3236 千如,55.6,53.7,131.77774442149192,0.01090909090909098,0.013207547169811429,78377985.60000001,139521675.3,1409676.0,2598169.0,2,2,-0.07418098021582742,0.015704361510791465,0.0,-0.07418098021582742,1.0
3485 敘豐,2026-06-08,2026-06-09,2026-06-05,2026-06-08,0.028571428571428574,1,4700,4701,0.04348268160714275,電子零組件業,3485 敘豐,315.0,330.0,320.0,-0.09999999999999998,0.03125,117374985.0,98690460.0,372619.0,299062.0,2,2,0.0,0.040775238095237976,0.015390476190476177,0.0,2.0
3528 安馳,2026-06-08,2026-06-09,2026-06-05,2026-06-08,0.028571428571428574,1,4700,4701,0.008052272921686754,電子通路業,3528 安馳,124.5,126.0,421.0118074195775,-0.09782608695652173,0.012048192771084265,64881681.0,60797394.0,521138.0,482519.0,2,2,-0.0004750000000000032,0.06776566265060247,0.0,-0.0004750000000000032,1.0
3532 台勝科,2026-06-04,2026-06-09,2026-06-03,2026-06-08,0.04,3,4698,4701,-0.12845480570312495,半導體業,3532 台勝科,308.0,269.5,268.62923473592036,-0.020667726550079535,0.03256704980842917,259857444.0,193882881.5,843693.0,719417.0,2,2,-0.1529999188311688,0.0,0.0,-0.1529999188311688,0.0
4722 國精化,2026-06-01,2026-06-09,2026-05-29,2026-06-08,0.07692307692307691,6,4695,4701,-0.14624144232142855,化學工業,4722 國精化,287.0,246.0,746.5974957304422,0.007017543859649145,-0.014028056112224463,259029267.0,878199582.0,902541.0,3569917.0,2,0,-0.1467469512195122,0.0,0.0,-0.1467469512195122,0.0
4958 臻鼎-KY,2026-06-03,2026-06-09,2026-06-02,2026-06-08,0.04761904761904762,4,4697,4701,0.025318730179640703,電子零組件業,4958 臻鼎-KY,516.0,528.0,979.3425883587682,-0.007692307692307665,0.03125,4374349752.0,5876562912.0,8477422.0,11129854.0,2,2,-0.04599600290697692,0.06202141066703781,0.0,-0.04599600290697692,1.0
4973 廣穎電通,2026-06-08,2026-06-09,2026-06-05,2026-06-08,0.028571428571428574,1,4700,4701,0.07341488562500009,半導體業,4973 廣穎電通,154.5,166.5,373.4762019441371,-0.0991253644314869,0.04062500000000013,321990514.5,349986163.5,2084081.0,2102019.0,2,2,0.0,0.1386174757281553,0.0351067961165048,0.0,2.0
5321 美而快,2026-06-08,2026-06-09,2026-06-05,2026-06-08,0.028571428571428574,1,4700,4701,-0.037959869152439096,數位雲端,5321 美而快,41.0,39.6,1.1734256356021056,-0.09989023051591639,-0.034146341463414775,3200296.0,29565716.400000002,78056.0,746609.0,2,2,-0.017540060975609895,0.0,0.0,-0.017540060975609895,0.0
6173 信昌電,2026-06-03,2026-06-09,2026-06-02,2026-06-08,0.04761904761904762,4,4697,4701,-0.019305973944107824,電子零組件業,6173 信昌電,227.0,223.5,390.11666381390586,-0.019438444924406162,0.06682577565632464,243465899.0,301221231.0,1072537.0,1347746.0,2,2,-0.07753089207048447,0.01493617841409689,0.01493617841409689,-0.09110629067245102,2.0
6182 合晶,2026-06-03,2026-06-09,2026-06-02,2026-06-08,0.04761904761904762,4,4697,4701,-0.10430891655606722,半導體業,6182 合晶,92.3,83.0,159.71626216926276,0.02441731409544956,0.03750000000000009,832495696.5,816143565.0,9019455.0,9833055.0,2,2,-0.13367280606717236,0.04933881365113768,0.04933881365113768,-0.17440660474716219,1.0
6239 力成,2026-06-04,2026-06-09,2026-06-03,2026-06-08,0.04,3,4698,4701,-0.07718744133272082,半導體業,6239 力成,340.0,315.0,1608.5086278704837,-0.008746355685131157,0.01941747572815533,5432847760.0,3645982305.0,15978964.0,11574547.0,2,2,-0.09160816176470599,0.0406819117647057,0.0406819117647057,-0.1271186440677966,1.0
6271 同欣電,2026-06-03,2026-06-09,2026-06-02,2026-06-08,0.04761904761904762,4,4697,4701,-0.0944984994318182,半導體業,6271 同欣電,253.0,230.0,519.8263814623263,0.014028056112224352,0.05263157894736836,484765963.0,487920850.0,1916071.0,2121395.0,2,2,-0.13677386363636368,0.0,0.0,-0.13677386363636368,0.0
6291 沛亨,2026-06-05,2026-06-09,2026-06-04,2026-06-08,0.03125,2,4699,4701,-0.09149517770522386,半導體業,6291 沛亨,603.0,550.0,51.96212598723497,0.02203389830508473,-0.028268551236749095,196747443.0,290883450.0,326281.0,528879.0,2,2,-0.07506641791044777,0.004497761194029781,0.004497761194029781,-0.07920792079207917,1.0
6405 悅城,2026-06-04,2026-06-09,2026-06-03,2026-06-08,0.04,3,4698,4701,-0.06744664210234375,光電業,6405 悅城,80.0,74.9,112.90879204664664,0.045751633986928164,0.04027777777777786,40482480.0,21254897.3,506031.0,283777.0,2,2,-0.10042750000000011,0.0,0.0,-0.10042750000000011,0.0
6449 鈺邦,2026-06-05,2026-06-09,2026-06-04,2026-06-08,0.03125,2,4699,4701,-0.0712491365793918,電子零組件業,6449 鈺邦,370.0,345.0,575.4008606150721,-0.038961038961038974,0.023738872403560984,114343320.0,88974810.0,309036.0,257898.0,2,2,-0.08962182432432442,0.0022264189189189487,0.0022264189189189487,-0.09164420485175218,2.0
6488 環球晶,2026-06-05,2026-06-09,2026-06-04,2026-06-08,0.03125,2,4699,4701,-0.04889214336661607,半導體業,6488 環球晶,820.0,783.0,1197.2237841025744,-0.05747126436781602,0.01953125,2276439720.0,1762305147.0,2776146.0,2250709.0,2,2,-0.06385951219512209,0.0,0.0,-0.06385951219512209,0.0
6570 維田,2026-06-03,2026-06-09,2026-06-02,2026-06-08,0.04761904761904762,4,4697,4701,-0.014146830439419666,電腦及週邊設備業,6570 維田,58.6,58.0,96.0459802506028,0.012089810017271274,0.02473498233215543,12483499.4,10869606.0,213029.0,187407.0,2,2,-0.034588481228668866,0.009759044368600645,0.009759044368600645,-0.04391891891891886,1.0
6654 天正國際,2026-06-08,2026-06-09,2026-06-05,2026-06-08,0.028571428571428574,1,4700,4701,0.08660180068181833,其他電子業,6654 天正國際,154.0,168.0,222.70077363217146,-0.09941520467836262,-0.0029673590504450953,18965562.0,18105024.0,123153.0,107768.0,2,2,0.0,0.1033717532467533,0.0936361201298701,0.0,2.0
6770 力積電,2026-06-08,2026-06-09,2026-06-05,2026-06-08,0.028571428571428574,1,4700,4701,0.04348268160714297,半導體業,6770 力積電,67.2,70.4,71.07559330771318,-0.09919571045576392,0.04296296296296309,7021112918.400001,4060731488.0000005,104480847.0,57680845.0,2,2,0.0,0.06348270089285712,0.00398716517857145,0.0,2.0
6821 聯寶,2026-06-04,2026-06-09,2026-06-03,2026-06-08,0.04,3,4698,4701,-0.04448533515625008,電子零組件業,6821 聯寶,68.8,66.0,72.99468772596688,-0.008645533141210526,0.03125,20671235.2,14320482.0,300454.0,216977.0,2,2,-0.07020930232558131,0.0,0.0,-0.07020930232558131,0.0
6834 天二科技,2026-05-29,2026-06-09,2026-05-28,2026-06-08,0.07142857142857144,7,4694,4701,-0.11019385877500021,電子零組件業,6834 天二科技,75.0,67.0,79.62837077797708,0.06382978723404253,-0.017595307917888547,64664775.0,53953023.0,862197.0,805269.0,2,2,-0.09109860000000003,0.032842499999999886,0.032842499999999886,-0.11999999999999988,3.0
6906 現觀科,2026-06-03,2026-06-09,2026-06-02,2026-06-08,0.04761904761904762,4,4697,4701,-0.0820700474632351,數位雲端,6906 現觀科,102.0,94.0,108.56433695429389,0.00990099009900991,0.0010649627263044081,14494914.0,12134554.0,142107.0,129091.0,2,2,-0.07984904411764693,0.014223897058823542,0.014223897058823542,-0.09275362318840563,2.0
7828 創新服務,2026-06-05,2026-06-09,2026-06-04,2026-06-08,0.03125,2,4699,4701,0.002477790306451677,半導體業,7828 創新服務,1550.0,1560.0,1569.8302469135804,-0.01898734177215189,0.0331125827814569,284761350.0,160747080.0,183717.0,103043.0,2,2,-0.02626919354838697,0.009197822580645276,0.009197822580645276,-0.03514376996805113,1.0
8042 金山電,2026-06-08,2026-06-09,2026-06-05,2026-06-08,0.028571428571428574,1,4700,4701,-0.03848309281197193,電子零組件業,8042 金山電,131.0,125.5,358.22059400000967,-0.09965635738831602,-0.041984732824427606,169622861.0,146808143.0,1294831.0,1169786.0,2,2,0.0,0.10325753452596009,0.007154961832061213,0.0,2.0
5426 振發,2026-06-23,2026-06-24,2026-06-22,2026-06-23,0.09090909090909091,1,4710,4711,-0.11654549248913015,電腦及週邊設備業,5426 振發,40.25,35.7,86.86833226110724,0.015132408575031508,-0.035135135135135,105691871.25,179121537.0,2625885.0,5017410.0,2,0,-0.11967301242236017,0.0,0.0,-0.11967301242236017,0.0
3581 博磊,2026-06-23,2026-06-25,2026-06-22,2026-06-24,0.09090909090909091,2,4710,4712,-0.11026846938553325,半導體業,3581 博磊,178.0,159.0,255.1277312285977,0.0,0.03921568627450989,69880486.0,48358101.0,392587.0,304139.0,2,2,-0.14085772471910096,0.0,0.0,-0.14085772471910096,0.0
8454 富邦媒,2026-06-23,2026-06-25,2026-06-22,2026-06-24,0.09090909090909091,2,4710,4712,0.025261376449779993,數位雲端,8454 富邦媒,341.0,351.0,864.9780968991556,0.017910447761193993,0.008620689655172376,414469132.0,2785637439.0,1215452.0,7936289.0,2,0,-0.032717741935483824,0.020043108504398832,0.0,-0.032717741935483824,1.0
3147 大綜,2026-06-23,2026-06-26,2026-06-22,2026-06-25,0.09090909090909091,3,4710,4713,0.014669438487149744,資訊服務業,3147 大綜,321.0,327.0,551.1463465704372,0.0031249999999998224,-0.05217391304347829,122706102.0,343515462.0,382262.0,1050506.0,2,0,-0.033169742990654005,0.07425584112149552,0.07425584112149552,-0.09999999999999998,3.0
5227 立凱-KY,2026-06-25,2026-06-29,2026-06-24,2026-06-26,0.045454545454545456,2,4712,4714,-0.0972067613971066,電子零組件業,5227 立凱-KY,38.45,34.85,5.828972778408836,-0.01913265306122458,0.03874813710879299,36881163.1,8321029.95,959198.0,238767.0,2,2,-0.12785269830949286,0.0,0.0,-0.12785269830949286,0.0
6830 汎銓,2026-06-23,2026-06-29,2026-06-22,2026-06-26,0.09090909090909091,4,4710,4714,-0.18390726104254196,其他電子業,6830 汎銓,595.0,487.5,601.9221380820926,-0.021381578947368363,-0.017137096774193505,466192020.0,198700612.5,783516.0,407591.0,2,2,-0.1667825210084034,0.0,0.0,-0.1667825210084034,0.0
8027 鈦昇,2026-06-25,2026-06-29,2026-06-24,2026-06-26,0.045454545454545456,2,4712,4714,-0.14147849360355658,電機機械,8027 鈦昇,239.0,206.0,275.1135870292607,0.03239740820734349,-0.01904761904761909,137804054.0,353722600.0,576586.0,1717100.0,2,2,-0.17612374476987458,0.0,0.0,-0.17612374476987458,0.0
4542 科嶠,2026-06-23,2026-06-29,2026-06-22,2026-06-26,0.09090909090909091,4,4710,4714,-0.04083915124999982,電子零組件業,4542 科嶠,405.0,390.0,659.365739866563,0.012499999999999956,0.048387096774193505,85020435.0,625812720.0,209927.0,1604648.0,2,0,-0.08191777777777765,0.009396851851851906,0.009396851851851906,-0.09046454767726153,2.0
6127 九豪,2026-06-23,2026-06-29,2026-06-22,2026-06-26,0.09090909090909091,4,4710,4714,0.0704014776266293,電子零組件業,6127 九豪,84.4,90.7,95.46501569455836,-0.010550996483001063,-0.007658643326039494,319976436.0,2683614457.7000003,3791190.0,29587811.0,2,0,-0.04074022511848352,0.10847796208530802,0.0,-0.09722222222222221,4.0
6890 來億-KY,2026-06-23,2026-06-29,2026-06-22,2026-06-26,0.09090909090909091,4,4710,4714,-0.08853872310111488,運動休閒,6890 來億-KY,235.5,215.5,249.20794568770424,0.021691973969631295,-0.03579418344519025,89986669.5,256139421.0,382109.0,1188582.0,2,0,-0.14478009554140148,0.05257834394904459,0.05257834394904459,-0.18750000000000022,3.0
2243 宏旭-KY,2026-06-24,2026-06-30,2026-06-23,2026-06-29,0.07142857142857142,4,4711,4715,0.21930460679956898,汽車工業,2243 宏旭-KY,46.4,56.8,51.90586145648313,-0.0032223415682062218,0.06766917293233066,33266526.4,23579668.0,716951.0,415135.0,2,2,0.0,0.22786476293103464,0.09861584051724148,-0.04504504504504514,5.0
2455 全新,2026-06-26,2026-06-30,2026-06-25,2026-06-29,0.038461538461538464,2,4713,4715,-0.1055065568897059,通信網路業,2455 全新,382.5,343.5,899.2603246226826,-0.0090673575129534,0.022321428571428603,967688280.0,950393395.5,2529904.0,2766793.0,2,2,-0.12198588235294117,0.0,0.0,-0.12198588235294117,0.0
3441 聯一光電,2026-06-26,2026-06-30,2026-06-25,2026-06-29,0.038461538461538464,2,4713,4715,-0.14766279397128224,光電業,3441 聯一光電,90.1,77.1,138.59889913615683,-0.02909482758620696,0.011811023622047001,164534763.5,72475542.0,1826135.0,940020.0,2,2,-0.15467475027746957,0.0,0.0,-0.15467475027746957,0.0
4991 環宇-KY,2026-06-25,2026-06-30,2026-06-24,2026-06-29,0.045454545454545456,3,4712,4715,-0.12693907493043488,半導體業,4991 環宇-KY,575.0,504.0,959.2413601331014,0.02131438721136769,0.04455958549222805,308674375.0,303745680.0,536825.0,602670.0,2,2,-0.1612681521739131,0.0,0.0,-0.1612681521739131,0.0
7828 創新服務,2026-06-25,2026-06-30,2026-06-24,2026-06-29,0.045454545454545456,3,4712,4715,-0.1522964675531916,半導體業,7828 創新服務,2350.0,2000.0,2307.098765432099,0.010752688172043001,0.07238605898123329,215927400.0,252622000.0,91884.0,126311.0,3,2,-0.20675994680851073,0.0,0.0,-0.20675994680851073,0.0
8042 金山電,2026-06-25,2026-06-30,2026-06-24,2026-06-29,0.045454545454545456,3,4712,4715,-0.10099953584615373,電子零組件業,8042 金山電,195.0,176.0,548.2689244045948,0.015625,0.041420118343195256,240481605.0,56207008.0,1233239.0,319358.0,2,2,-0.13374499999999978,0.027716730769230757,0.027716730769230757,-0.15710723192019926,1.0
8021 尖點,2026-06-23,2026-07-01,2026-06-22,2026-06-30,0.09090909090909091,6,4710,4716,0.013195396763123979,其他電子業,8021 尖點,581.0,591.0,1498.2349785815345,0.0,0.029616724738676048,842513910.0,7957163127.0,1450110.0,13463897.0,3,1,-0.10197581755593821,0.0,0.0,-0.10197581755593821,0.0
2243 宏旭-KY,2026-07-01,2026-07-02,2026-06-30,2026-07-01,0.026315789473684213,1,4716,4717,0.07694924661484759,汽車工業,2243 宏旭-KY,59.1,63.9,63.101243339254005,0.03684210526315801,0.030645161290322465,38621022.6,20495030.4,653486.0,320736.0,2,3,0.0,0.060409771573604054,0.04857106598984773,0.0,2.0
3167 大量,2026-06-24,2026-07-02,2026-06-23,2026-07-01,0.07142857142857142,6,4711,4717,0.08742072968750003,電機機械,3167 大量,774.0,845.0,1632.9626697061256,-0.007692307692307776,0.0035629453681711443,245976426.0,2814372210.0,317799.0,3330618.0,2,0,-0.012097383720930166,0.08733856589147293,0.024061143410852637,-0.05225653206650838,5.0
6173 信昌電,2026-06-24,2026-07-02,2026-06-23,2026-07-01,0.07142857142857142,6,4711,4717,0.15738396023327472,電子零組件業,6173 信昌電,284.0,330.0,516.2064315108082,-0.0035087719298245723,-0.033674963396779,282403636.0,5823438060.0,994379.0,17646782.0,2,0,-0.02863063380281694,0.20189361795774663,0.07871272007042251,-0.09951060358890707,5.0
6187 萬潤,2026-06-24,2026-07-02,2026-06-23,2026-07-01,0.07142857142857142,6,4711,4717,-0.088434873311942,半導體業,6187 萬潤,1120.0,1025.0,1953.598937800744,-0.042735042735042805,-0.03755868544600938,2078307840.0,3574977575.0,1855632.0,3487783.0,2,0,-0.12541562500000003,0.0,0.0,-0.12541562500000003,0.0
8996 高力,2026-06-30,2026-07-03,2026-06-29,2026-07-02,0.03333333333333333,3,4715,4718,-0.03486029715301686,電機機械,8996 高力,1450.0,1405.0,3529.5339135572863,-0.016949152542372947,-0.007067137809187329,1306277450.0,1856041530.0,900881.0,1321026.0,2,2,-0.048727931034482475,0.07190439655172431,0.07190439655172431,-0.11254019292604489,2.0
2383 台光電,2026-06-25,2026-07-03,2026-06-24,2026-07-02,0.045454545454545456,6,4712,4718,-0.032781423472039606,電子零組件業,2383 台光電,5700.0,5535.0,15182.64948764841,0.02517985611510798,-0.021220159151193574,7144533900.0,17585956980.0,1253427.0,3177228.0,2,0,-0.07850809210526322,0.06615999999999977,0.0,-0.07850809210526322,1.0
2493 揚博,2026-06-25,2026-07-03,2026-06-24,2026-07-02,0.045454545454545456,6,4712,4718,0.14093189071590873,電子零組件業,2493 揚博,275.0,315.0,1291.8659649874703,0.03773584905660399,-0.02927580893682591,449771575.0,3001478760.0,1635533.0,9528504.0,2,0,-0.03318672727272742,0.17943949999999975,0.04859259090909074,-0.07798960138648181,5.0
3026 禾伸堂,2026-06-25,2026-07-03,2026-06-24,2026-07-02,0.045454545454545456,6,4712,4718,0.08762818777314241,電子零組件業,3026 禾伸堂,794.0,867.0,2051.5970182546043,-0.002512562814070418,-0.03559510567296997,1886750440.0,13297672323.0,2376260.0,15337569.0,2,0,-0.08230009445843822,0.24374143576826213,0.0,-0.08230009445843822,4.0
3285 微端,2026-06-25,2026-07-03,2026-06-24,2026-07-02,0.045454545454545456,6,4712,4718,0.03647764771913775,其他電子業,3285 微端,44.35,46.15,66.82892950443457,0.0033936651583710287,-0.04845360824742273,10805123.55,21297440.45,243633.0,461483.0,2,0,-0.035407666290868,0.13587508455467878,0.01980848365276211,-0.12103174603174605,5.0
4556 旭然,2026-06-23,2026-07-03,2026-06-22,2026-07-02,0.09090909090909091,8,4710,4718,0.11709083854905034,其他,4556 旭然,79.0,88.6,87.04644650703868,0.007653061224489832,0.09925558312655092,27062635.0,58109550.4,342565.0,655864.0,3,0,-0.11434493670886092,0.12098626582278449,0.0,-0.11434493670886092,2.0
4991 環宇-KY,2026-07-01,2026-07-03,2026-06-30,2026-07-02,0.026315789473684213,2,4716,4718,-0.04326617768914465,半導體業,4991 環宇-KY,532.0,511.0,926.8114920858968,0.0037735849056603765,-0.028517110266159773,336388920.0,2198330687.0,632310.0,4302017.0,2,0,-0.01174783834586468,0.08595009398496245,0.020191870300751757,-0.03130755064456714,2.0
6613 朋億*,2026-06-25,2026-07-03,2026-06-24,2026-07-02,0.045454545454545456,6,4712,4718,0.033593214059052245,其他電子業,6613 朋億*,362.0,368.0,1295.7173632450467,0.008356545961002881,-0.01866666666666661,75508856.0,167476064.0,208588.0,455098.0,2,0,-0.050175138121546836,0.056926775087299486,0.005047237569060892,-0.05494505494505497,5.0
7828 創新服務,2026-07-01,2026-07-03,2026-06-30,2026-07-02,0.026315789473684213,2,4716,4718,0.13971294638822074,半導體業,7828 創新服務,2080.0,2380.0,2116.5123456790125,0.032258064516129226,0.025862068965517127,272259520.0,1905254260.0,130894.0,800527.0,2,0,0.0,0.11485480769230749,0.01394122596153835,-0.051724137931034475,3.0
8027 鈦昇,2026-06-30,2026-07-03,2026-06-29,2026-07-02,0.03333333333333333,3,4715,4718,0.1487311007208032,電機機械,8027 鈦昇,205.5,237.0,255.6312943855577,0.043147208121827374,-0.01455301455301461,177062499.0,2167040310.0,861618.0,9143630.0,2,1,0.0,0.21110328467153305,0.053027554744525585,0.0,4.0
8042 金山電,2026-07-01,2026-07-03,2026-06-30,2026-07-02,0.026315789473684213,2,4716,4718,-0.019040041051136436,電子零組件業,8042 金山電,198.0,195.0,552.3706869313125,0.06738544474393526,-0.05569007263922521,359790750.0,6142415955.0,1817125.0,31499569.0,2,0,0.0,0.06262632575757565,0.019717424242424064,0.0,3.0
1714 和桐,2026-06-23,2026-07-06,2026-06-22,2026-07-03,0.09090909090909091,9,4710,4719,0.38340507031250026,化學工業,1714 和桐,18.0,25.0,44.50589450143473,-0.019073569482288888,0.098901098901099,388726650.0,3537736650.0,21595925.0,141509466.0,2,0,-0.008804374999999864,0.2632885416666668,0.0,-0.08131868131868147,9.0
2455 全新,2026-07-01,2026-07-06,2026-06-30,2026-07-03,0.026315789473684213,3,4716,4719,0.03207020822757278,通信網路業,2455 全新,359.5,372.5,926.3931792449187,0.036023054755043304,0.0405027932960893,386223792.0,4478834582.5,1074336.0,12023717.0,2,0,-0.060251877607788606,0.0,0.0,-0.060251877607788606,0.0
3163 波若威,2026-06-26,2026-07-06,2026-06-25,2026-07-03,0.038461538461538464,6,4713,4719,0.03990298115565993,通信網路業,3163 波若威,795.0,830.0,1045.8568400028335,-0.006249999999999867,0.014669926650366705,1529537070.0,2648850380.0,1923946.0,3191386.0,3,0,-0.0947698113207548,0.02844207547169786,0.0,-0.0947698113207548,2.0
3532 台勝科,2026-06-26,2026-07-06,2026-06-25,2026-07-03,0.038461538461538464,6,4713,4719,0.21828898127520158,半導體業,3532 台勝科,372.0,455.0,310.16983804559874,0.0,0.03409090909090917,292787436.0,7320075035.0,787063.0,16088077.0,2,1,-0.1106377016129032,0.18223387096774202,0.0,-0.1106377016129032,4.0
6488 環球晶,2026-06-26,2026-07-06,2026-06-25,2026-07-03,0.038461538461538464,6,4713,4719,0.27218478149133696,半導體業,6488 環球晶,1010.0,1290.0,1381.7527273982857,-0.028846153846153966,0.027888446215139417,2456576540.0,28227749040.0,2432254.0,21881976.0,2,0,-0.09448972772277231,0.32115433168316865,0.0,-0.09448972772277231,4.0
4551 智伸科,2026-06-29,2026-07-07,2026-06-26,2026-07-06,0.045454545454545456,6,4714,4720,0.2063292213125003,汽車工業,4551 智伸科,225.0,272.5,300.1426811174389,0.0,-0.03368794326241131,347379750.0,994852265.0,1543910.0,3650834.0,2,0,-0.0026961666666668327,0.2527379999999999,0.0,-0.09929078014184378,5.0
1303 南亞,2026-06-30,2026-07-08,2026-06-29,2026-07-07,0.03333333333333333,6,4715,4721,0.06908751597621454,塑膠工業,1303 南亞,157.0,167.5,456.54183375549627,0.03630363036303619,0.012084592145015227,5052530354.0,18147074787.5,32181722.0,108340745.0,2,0,0.0,0.2541810509554141,0.060005812101910916,-0.15482233502538068,7.0
2492 華新科,2026-06-30,2026-07-08,2026-06-29,2026-07-07,0.03333333333333333,6,4715,4721,-0.039723361401228674,電子零組件業,2492 華新科,529.0,510.0,942.9512306186087,0.029182879377431803,0.015936254980079667,1073984793.0,12181964040.0,2030217.0,23886204.0,2,0,-0.10439536862003773,0.13934513232514179,0.13934513232514179,-0.21393034825870638,5.0
3624 光頡,2026-06-30,2026-07-08,2026-06-29,2026-07-07,0.03333333333333333,6,4715,4721,-0.06811447996782338,電子零組件業,3624 光頡,147.0,136.5,275.8118873008707,0.05755395683453224,0.030188679245283012,173586567.0,205758598.5,1180861.0,1507389.0,2,2,-0.09226811224489795,0.053920918367346804,0.053920918367346804,-0.1387096774193547,5.0
5468 凱鈺,2026-06-30,2026-07-08,2026-06-29,2026-07-07,0.03333333333333333,6,4715,4721,-0.013495170307507798,半導體業,5468 凱鈺,31.3,31.0,2.0837457739732597,0.03814262023217263,0.011419249592169889,6834542.8,32824350.0,218356.0,1058850.0,2,0,-0.02282859424920136,0.08734269169329067,0.0,-0.0998531571218797,3.0
6415 矽力*-KY,2026-06-30,2026-07-08,2026-06-29,2026-07-07,0.03333333333333333,6,4715,4721,-0.0755707924801422,半導體業,6415 矽力*-KY,598.0,555.0,3154.109625996722,0.0,-0.008928571428571508,978079830.0,3324547125.0,1635585.0,5990175.0,2,0,-0.0790329849498328,0.04298260869565218,0.04298260869565218,-0.11698717948717952,3.0
6715 嘉基,2026-07-01,2026-07-08,2026-06-30,2026-07-07,0.026315789473684213,5,4716,4721,-0.0017102326989067995,電子零組件業,6715 嘉基,440.0,439.0,511.1989636429191,0.010332950631458226,-0.028761061946902533,72717480.0,78392669.0,165267.0,178571.0,2,2,-0.007356832016369497,0.11586783711263293,0.11586783711263293,-0.11042944785276076,5.0
2061 風青,2026-06-30,2026-07-08,2026-06-29,2026-07-07,0.03333333333333333,6,4715,4721,0.26728417702596197,電器電纜,2061 風青,65.0,82.7,67.83416993652146,0.0743801652892564,0.03374999999999995,38439505.0,463492150.0,591377.0,5604500.0,2,0,-0.01585230769230772,0.2763165384615389,0.0,-0.01585230769230772,6.0
2305 全友,2026-06-30,2026-07-08,2026-06-29,2026-07-07,0.03333333333333333,6,4715,4721,0.014845077995283118,電腦及週邊設備業,2305 全友,37.1,37.8,38.5,0.02627939142461977,-0.015625,66637313.400000006,233099369.99999997,1796154.0,6166650.0,2,0,-0.053010680592991744,0.14904962938005406,0.14904962938005406,-0.17584994138335286,6.0
2342 茂矽,2026-06-30,2026-07-08,2026-06-29,2026-07-07,0.03333333333333333,6,4715,4721,0.01656956852176994,半導體業,2342 茂矽,53.4,54.5,4.287842497366717,0.01908396946564883,0.0,186270414.0,308079780.0,3488210.0,5652840.0,2,0,-0.0079620786516853,0.10808764044943842,0.10808764044943842,-0.10472972972972983,6.0
3441 聯一光電,2026-07-01,2026-07-08,2026-06-30,2026-07-07,0.026315789473684213,5,4716,4721,-0.11710777535112371,光電業,3441 聯一光電,80.1,71.0,127.98845709702522,0.0012499999999999734,-0.0014064697609000865,71568388.8,211432604.0,893488.0,2977924.0,2,0,-0.13524241573033724,0.0,0.0,-0.13524241573033724,0.0
4764 雙鍵,2026-06-30,2026-07-08,2026-06-29,2026-07-07,0.03333333333333333,6,4715,4721,-0.0005372135851883231,化學工業,4764 雙鍵,292.0,293.0,433.1744909101087,0.03362831858407089,-0.013468013468013518,137572880.0,1674668749.0,471140.0,5715593.0,2,0,0.0,0.08167773972602754,0.0303322773972603,-0.03571428571428559,7.0
5227 立凱-KY,2026-06-30,2026-07-08,2026-06-29,2026-07-07,0.03333333333333333,6,4715,4721,-0.03516364326923094,電子零組件業,5227 立凱-KY,35.1,34.0,5.606367028738343,0.03692762186115228,-0.010189228529839944,8174649.600000001,27640844.0,232896.0,812966.0,2,0,-0.046037393162393414,0.035120619658119745,0.035120619658119745,-0.07840440165061935,3.0
6693 廣閎科,2026-06-30,2026-07-08,2026-06-29,2026-07-07,0.03333333333333333,6,4715,4721,0.0761644918099027,半導體業,6693 廣閎科,230.0,248.0,260.68439829078716,0.045454545454545414,-0.002012072434607659,141599040.0,306381184.0,615648.0,1235408.0,2,0,0.0,0.2016028804347827,0.01908092391304339,-0.1157651151029142,7.0
8096 擎亞,2026-06-30,2026-07-08,2026-06-29,2026-07-07,0.03333333333333333,6,4715,4721,0.042689520553929494,電子通路業,8096 擎亞,149.5,156.5,368.8954477447883,0.03103448275862064,0.012944983818770295,247922129.0,2320161171.5,1658342.0,14825311.0,2,0,0.0,0.13324071906354495,0.03295392976588629,-0.07761194029850749,7.0
8996 高力,2026-07-06,2026-07-08,2026-07-03,2026-07-07,0.03571428571428571,2,4719,4721,-0.07011961287805957,電機機械,8996 高力,1430.0,1335.0,3244.8940818187957,0.03623188405797095,0.0,1061261630.0,2970424395.0,742141.0,2225037.0,2,1,-0.07736153846153859,0.0,0.0,-0.07736153846153859,0.0
2316 楠梓電,2026-07-01,2026-07-09,2026-06-30,2026-07-08,0.026315789473684213,6,4716,4722,-0.03715007106249979,電子零組件業,2316 楠梓電,225.0,217.5,288.48545398632007,0.03686635944700445,-0.002293577981651418,175036050.0,717118162.5,777938.0,3297095.0,2,0,-0.08710050000000003,0.0,0.0,-0.08710050000000003,0.0
3090 日電貿,2026-06-29,2026-07-09,2026-06-26,2026-07-08,0.045454545454545456,8,4714,4722,-0.03065170093057057,電子零組件業,3090 日電貿,308.0,295.0,2248.9365185660718,-0.006451612903225823,-0.028006589785831926,279090504.0,4356393030.0,906138.0,14767434.0,2,0,-0.055299240510293446,0.12111084895811608,0.12111084895811608,-0.1573529411764707,7.0
7712 博盛半導體,2026-07-01,2026-07-09,2026-06-30,2026-07-08,0.026315789473684213,6,4716,4722,-0.07321812843525177,半導體業,7712 博盛半導體,208.5,194.0,202.58038585209002,0.05037783375314864,0.021052631578947434,67316935.5,279150868.0,322863.0,1438922.0,2,0,-0.11313129496402874,0.023494424460431595,0.023494424460431595,-0.13348946135831374,1.0
3624 光頡,2026-07-09,2026-07-13,2026-07-08,2026-07-09,0.06666666666666667,1,4722,4723,-0.014323887402343805,電子零組件業,3624 光頡,144.0,142.5,262.4043413039004,0.028571428571428692,-0.01041666666666674,227674656.0,1079939385.0,1581074.0,7578522.0,2,0,-0.0976510416666666,0.0,0.0,-0.0976510416666666,0.0
5425 台半,2026-07-02,2026-07-13,2026-07-01,2026-07-09,0.026315789473684213,6,4717,4723,0.0889039231408899,半導體業,5425 台半,118.0,129.0,281.82459372030485,-0.028806584362139898,-0.011494252873563204,1340076440.0,1959881004.0,11356580.0,15192876.0,2,0,-0.004710275423728816,0.21975932203389847,0.21975932203389847,-0.1840277777777779,6.0
5489 彩富,2026-07-02,2026-07-13,2026-07-01,2026-07-09,0.026315789473684213,6,4717,4723,-0.05063827049804648,其他電子業,5489 彩富,64.0,61.0,180.63486279737452,0.03896103896103886,-0.011345218800648316,7675968.0,33053094.0,119937.0,541854.0,2,0,-0.13166265624999973,0.04169246093750023,0.04169246093750023,-0.16641679160419787,3.0
6141 柏承,2026-07-02,2026-07-13,2026-07-01,2026-07-09,0.026315789473684213,6,4717,4723,-0.018964203404522095,電子零組件業,6141 柏承,39.8,39.2,102.28732136473057,0.012722646310432628,0.003841229193342066,12454653.799999999,70653021.60000001,312931.0,1802373.0,3,0,-0.12102072864321589,0.0,0.0,-0.12102072864321589,0.0
6620 漢達,2026-07-02,2026-07-13,2026-07-01,2026-07-09,0.026315789473684213,6,4717,4723,-0.018984832931162376,生技醫療業,6620 漢達,102.0,98.5,98.6,0.0,-0.01005025125628145,59841666.0,174803813.0,586683.0,1774658.0,2,0,-0.09951582711442797,0.08937596941761794,0.08937596941761794,-0.17339449541284424,4.0
5464 霖宏,2026-07-03,2026-07-14,2026-07-02,2026-07-13,0.03333333333333333,6,4718,4724,-0.18981444686004778,電子零組件業,5464 霖宏,104.5,85.0,320.55473366198635,0.014563106796116498,-0.02298850574712641,33749215.5,319874890.0,322959.0,3763234.0,2,0,-0.1764679186602871,0.0,0.0,-0.1764679186602871,0.0
6243 迅杰,2026-07-03,2026-07-14,2026-07-02,2026-07-13,0.03333333333333333,6,4718,4724,-0.06079496963399522,半導體業,6243 迅杰,40.3,38.0,29.376758361400316,0.004987531172069737,0.05409153952843293,9763279.5,70521350.0,242265.0,1855825.0,2,0,-0.10588396401985145,0.021846898263027326,0.021846898263027326,-0.12500000000000033,1.0
6683 雍智科技,2026-07-03,2026-07-14,2026-07-02,2026-07-13,0.03333333333333333,6,4718,4724,-0.07754979120834538,半導體業,6683 雍智科技,1770.0,1630.0,2144.9058457384012,-0.0028169014084508115,-0.0268656716417911,637787640.0,1260935400.0,360332.0,773580.0,2,0,-0.14248035526189795,0.019289618644067863,0.019289618644067863,-0.15870854656713151,2.0
2483 百容,2026-07-06,2026-07-15,2026-07-03,2026-07-14,0.03571428571428571,6,4719,4725,-0.27001694098030826,電子零組件業,2483 百容,73.0,53.5,180.23630883287652,0.0879284649776455,-0.029038112522685955,172211526.0,341413085.5,2359062.0,6381553.0,3,0,-0.3017017123287672,0.0,0.0,-0.3017017123287672,0.0
3450 聯鈞,2026-07-06,2026-07-15,2026-07-03,2026-07-14,0.03571428571428571,6,4719,4725,-0.1179110157077704,半導體業,3450 聯鈞,555.0,491.5,2297.7660468371837,0.04716981132075482,0.03256302521008392,819118950.0,3817154635.5,1475890.0,7766337.0,2,0,-0.14274972972972977,0.0,0.0,-0.14274972972972977,0.0
2303 聯電,2026-07-08,2026-07-17,2026-07-07,2026-07-16,0.07142857142857142,6,4721,4727,-0.07099028739783608,半導體業,2303 聯電,156.0,145.5,353.26050327426725,0.022950819672131084,-0.09062499999999996,13869568908.0,36675802189.5,88907493.0,252067369.0,2,0,-0.07736153846153815,0.06359711538461577,0.06359711538461577,-0.1325301204819277,3.0
3055 蔚華科,2026-07-13,2026-07-20,2026-07-09,2026-07-17,0.0625,5,4723,4728,0.0146694384871493,電子通路業,3055 蔚華科,160.5,163.5,412.20907780692795,0.019047619047619202,0.0030674846625766694,181020888.0,132471624.0,1127856.0,810224.0,2,2,0.0,0.20192102803738354,0.015093925233645056,-0.16321243523316087,6.0
3189 景碩,2026-07-09,2026-07-20,2026-07-08,2026-07-17,0.06666666666666667,6,4722,4728,-0.10355351443750027,半導體業,3189 景碩,770.0,693.0,1902.1689083397657,0.01986754966887405,0.0,1978642820.0,16454448549.0,2569666.0,23743793.0,2,0,-0.11860068181818195,0.09688133116883124,0.09688133116883124,-0.19644970414201202,4.0
3230 錦明,2026-07-07,2026-07-20,2026-07-06,2026-07-17,0.03571428571428571,8,4720,4728,-0.19209143893750003,光電業,3230 錦明,54.0,43.8,32.518109411932315,0.05882352941176472,-0.03630363036303641,51855282.0,24165336.0,960283.0,551720.0,2,2,-0.20408194444444439,0.025438611111111342,0.025438611111111342,-0.22382671480144412,1.0
6217 中探針,2026-07-13,2026-07-20,2026-07-09,2026-07-17,0.0625,5,4723,4728,-0.2784507727755905,電子零組件業,6217 中探針,254.0,184.0,420.27055132693545,0.016000000000000014,-0.06361323155216292,354862638.0,207876208.0,1397097.0,1129762.0,2,2,-0.3034806102362205,0.0,0.0,-0.3034806102362205,0.0
6226 光鼎,2026-07-09,2026-07-20,2026-07-08,2026-07-17,0.06666666666666667,6,4722,4728,-0.2162849415624999,光電業,6226 光鼎,25.8,20.3,28.075612829223505,0.0217821782178218,-0.09977827050997778,108334096.8,80681355.3,4198996.0,3974451.0,2,0,-0.21355203488372076,0.07700755813953508,0.07700755813953508,-0.2697841726618705,3.0
8261 富鼎,2026-07-16,2026-07-20,2026-07-15,2026-07-17,0.0625,2,4726,4728,-0.1319133183789063,半導體業,8261 富鼎,288.0,251.0,343.44508853542993,-0.052631578947368474,0.0,608396256.0,730006643.0,2112487.0,2908393.0,2,2,-0.20523880208333334,0.0,0.0,-0.20523880208333334,0.0
1447 力鵬,2026-07-13,2026-07-20,2026-07-09,2026-07-17,0.0625,5,4723,4728,-0.04826914881732991,紡織纖維,1447 力鵬,8.54,8.16,14.374130984185035,0.01909307875894961,0.0,24628181.479999997,20028336.48,2883862.0,2454453.0,2,2,-0.09293691451990616,0.038148331381733014,0.038148331381733014,-0.12626832018038314,2.0
1515 力山,2026-07-14,2026-07-20,2026-07-13,2026-07-17,0.07142857142857142,4,4724,4728,-0.0171014924204681,電機機械,1515 力山,41.65,41.1,50.998702608668445,0.012150668286755817,0.00366300366300365,81394470.85,107499844.8,1954249.0,2615568.0,2,2,-0.017273739495798246,0.07631923769507809,0.07631923769507809,-0.08695652173913038,2.0
1617 榮星,2026-07-13,2026-07-20,2026-07-09,2026-07-17,0.0625,5,4723,4728,-0.11903835102284666,電器電纜,1617 榮星,23.8,21.05,43.717807875211385,0.01276595744680864,-0.023201856148491906,32533100.6,25303173.55,1366937.0,1202051.0,2,2,-0.18526113445378167,0.028922794117646866,0.028922794117646866,-0.2081632653061225,3.0
3147 大綜,2026-07-13,2026-07-20,2026-07-09,2026-07-17,0.0625,5,4723,4728,-0.09189541503593424,資訊服務業,3147 大綜,243.5,222.0,406.5972280680679,0.049568965517241326,0.02304147465437767,69726955.5,105704856.0,286353.0,476148.0,2,2,-0.14619630390143734,0.0,0.0,-0.14619630390143734,0.0
4169 泰宗,2026-07-17,2026-07-20,2026-07-16,2026-07-17,0.0625,1,4727,4728,-0.02696699897344257,生技醫療業,4169 泰宗,259.5,253.0,252.0,-0.024436090225563922,0.005964214711729587,98251890.0,47308723.0,378620.0,186991.0,2,2,-0.029363005780346896,0.0,0.0,-0.029363005780346896,0.0
4707 磐亞,2026-07-16,2026-07-20,2026-07-15,2026-07-17,0.0625,2,4726,4728,-0.07191422671176462,化學工業,4707 磐亞,42.5,39.6,133.18602207019484,0.013110846245530272,-0.022222222222222254,119820335.0,42269554.800000004,2819302.0,1067413.0,2,2,-0.1427603235294116,0.05832058823529418,0.05832058823529418,-0.18999999999999984,1.0
6174 安碁,2026-07-16,2026-07-20,2026-07-15,2026-07-17,0.0625,2,4726,4728,-0.1064579532129073,電子零組件業,6174 安碁,58.3,52.3,25.46583806963906,-0.0034188034188035177,-0.029684601113172504,69133597.5,27845984.4,1185825.0,532428.0,2,2,-0.16506230703258995,0.025241766723842263,0.025241766723842263,-0.18561872909698995,1.0
6617 共信-KY,2026-07-15,2026-07-20,2026-07-14,2026-07-17,0.07692307692307693,3,4725,4728,0.010417780201322113,生技醫療業,6617 共信-KY,104.0,105.5,108.5,-0.00952380952380949,0.0,48921184.0,28435731.5,470396.0,269533.0,2,2,-0.03891826923076913,0.11004939903846167,0.11004939903846167,-0.1341991341991342,3.0
7795 長廣,2026-07-13,2026-07-20,2026-07-09,2026-07-17,0.0625,5,4723,4728,-0.20213358346162102,電子零組件業,7795 長廣,583.0,467.0,554.6348448687352,0.05615942028985499,-0.0788954635108482,421790006.0,184183866.0,723482.0,394398.0,2,2,-0.21735306603773596,0.014955060034305134,0.014955060034305134,-0.2288851351351351,1.0
8021 尖點,2026-07-09,2026-07-20,2026-07-08,2026-07-17,0.06666666666666667,6,4722,4728,-0.22085315055427635,其他電子業,8021 尖點,534.0,416.0,1376.685050865925,0.030888030888030826,-0.08470847084708477,260657682.0,1583129600.0,488123.0,3805600.0,2,0,-0.23035279604311554,0.0,0.0,-0.23035279604311554,0.0
8046 南電,2026-08-11,2026-08-12,2026-08-10,2026-08-11,0.2,1,4744,4745,0.04518424325672643,電子零組件業,8046 南電,1115.0,1170.0,2335.5813001028914,-0.01327433628318575,0.017391304347825987,2873613680.0,15171354900.0,2577232.0,12966970.0,2,0,0.0,0.13399024663677128,0.03090022421524674,0.0,2.0
3362 先進光,2026-08-11,2026-08-14,2026-08-10,2026-08-13,0.2,3,4744,4747,0.03511249966911745,光電業,3362 先進光,178.5,185.5,200.73852375101055,0.002808988764045006,0.024861878453038777,118485979.5,1070959764.0,663787.0,5773368.0,2,0,-0.03687226890756312,0.013523949579831829,0.013523949579831829,-0.04972375690607733,2.0
2059 川湖,2026-08-14,2026-08-17,2026-08-13,2026-08-14,0.2,1,4747,4748,0.14035888393786422,電子零組件業,2059 川湖,12010.0,13750.0,22748.501717603263,-0.018389865140988948,0.09999999999999987,2817942330.0,3358973750.0,234633.0,244289.0,3,0,0.0,0.1443354496253122,0.04030495420482949,0.0,2.0
2455 全新,2026-08-14,2026-08-17,2026-08-13,2026-08-14,0.2,1,4747,4748,0.0594367556647728,通信網路業,2455 全新,385.0,409.5,980.658888489391,0.0026041666666667407,0.07905138339920925,1024460745.0,5590102518.0,2660937.0,13651044.0,2,0,-0.014753928571428543,0.08260240259740281,0.0,-0.014753928571428543,1.0
3189 景碩,2026-08-14,2026-08-17,2026-08-13,2026-08-14,0.2,1,4747,4748,0.061191770463733475,半導體業,3189 景碩,841.0,896.0,2062.477483004878,-0.011750881316098694,0.03944315545243615,3611158126.0,34338052224.0,4293886.0,38323719.0,2,0,0.0,0.07558873365041596,0.024483412604042742,0.0,2.0
3653 健策,2026-08-14,2026-08-17,2026-08-13,2026-08-14,0.2,1,4747,4748,0.13288941732428072,電子零組件業,3653 健策,4695.0,5340.0,10743.934726882757,0.012944983818770073,0.09989701338825929,6188573400.0,6395776740.0,1318120.0,1197711.0,2,0,0.0,0.1368399361022361,0.03358761980830671,0.0,2.0
