symbol,announce,start,end,year,condition,in_quota_data,quota_value,has_quota,is_suspended,can_short
1213,2020-07-20,2020-07-21,2020-08-03,2020,連續三次,True,0.0,False,False,False
1213,2020-07-23,2020-07-24,2020-08-06,2020,連續三次,True,0.0,False,False,False
1225,2024-08-19,2024-08-20,2024-09-02,2024,最近十個營業日已有六次,True,57409.0,True,False,True
1235,2025-06-02,2025-06-03,2025-06-16,2025,連續三次,True,39287.0,True,False,True
1236,2021-11-19,2021-11-22,2021-12-03,2021,連續三次,True,27085.0,True,False,True
1236,2021-12-15,2021-12-16,2021-12-29,2021,連續三次,True,27085.0,True,False,True
1258,2020-03-17,2020-03-18,2020-03-31,2020,因連續3個營業日達本中心作業要點第四條第一項第一款,True,9204.0,True,False,True
1258,2020-03-20,2020-03-23,2020-04-07,2020,因連續3個營業日達本中心作業要點第四條第一項第一款,True,9204.0,True,False,True
1258,2020-05-05,2020-05-06,2020-05-19,2020,因連續3個營業日達本中心作業要點第四條第一項第一款,True,9204.0,True,False,True
1303,2026-06-23,2026-06-24,2026-07-07,2026,連續三次,True,1982705.0,True,False,True
1307,2020-05-06,2020-05-07,2020-05-20,2020,連續三次,True,99454.0,True,False,True
1325,2020-02-04,2020-02-05,2020-02-18,2020,連續三次,True,21320.0,True,False,True
1325,2020-02-07,2020-02-10,2020-02-21,2020,連續三次,True,21320.0,True,False,True
1325,2020-04-23,2020-04-24,2020-05-08,2020,最近十個營業日已有六次,True,21320.0,True,False,True
1325,2020-04-29,2020-04-30,2020-05-14,2020,連續三次,True,21320.0,True,False,True
1325,2020-05-05,2020-05-06,2020-05-19,2020,連續三次,True,21320.0,True,False,True
1325,2020-05-20,2020-05-21,2020-06-03,2020,連續三次,True,21320.0,True,False,True
1325,2020-05-25,2020-05-26,2020-06-08,2020,連續三次,True,21320.0,True,False,True
1325,2020-07-23,2020-07-24,2020-08-06,2020,最近十個營業日已有六次,True,21320.0,True,False,True
1325,2023-12-01,2023-12-04,2023-12-15,2023,連續三次,True,21320.0,True,False,True
1337,2020-09-24,2020-09-25,2020-10-13,2020,連續三次,True,67238.0,True,False,True
1342,2022-12-08,2022-12-09,2022-12-26,2022,連續三次及當日沖銷標準,True,17254.0,True,False,True
1409,2026-06-03,2026-06-04,2026-06-17,2026,連續三次,True,404602.0,True,False,True
1413,2018-04-11,2018-04-12,2018-04-25,2018,連續五次,True,0.0,False,False,False
1414,2020-11-10,2020-11-11,2020-11-24,2020,最近十個營業日已有六次,True,55000.0,True,False,True
1418,2019-02-22,2019-02-25,2019-03-12,2019,連續三次,True,0.0,False,False,False
1418,2021-04-13,2021-04-14,2021-04-27,2021,連續三次,True,0.0,False,False,False
1418,2024-02-02,2024-02-05,2024-02-27,2024,連續三次,True,11708.0,True,False,True
1419,2025-05-23,2025-05-26,2025-06-09,2025,連續三次,True,75010.0,True,False,True
1423,2020-06-23,2020-06-24,2020-07-09,2020,連續三次,True,34600.0,True,False,True
1432,2020-08-20,2020-08-21,2020-09-03,2020,連續三次,True,0.0,False,False,False
1432,2022-03-23,2022-03-24,2022-04-08,2022,連續三次,True,0.0,False,False,False
1435,2021-05-28,2021-05-31,2021-06-11,2021,連續三次,True,0.0,False,False,False
1435,2022-02-25,2022-03-01,2022-03-14,2022,連續三次,True,0.0,False,False,False
1435,2022-03-03,2022-03-04,2022-03-17,2022,連續三次,True,0.0,False,False,False
1435,2023-03-24,2023-03-27,2023-04-12,2023,連續三次,True,0.0,False,False,False
1435,2026-06-29,2026-06-30,2026-07-14,2026,連續三次,True,0.0,False,False,False
1435,2026-07-02,2026-07-03,2026-07-17,2026,連續三次,True,0.0,False,False,False
1438,2019-03-13,2019-03-14,2019-03-27,2019,連續三次,True,0.0,False,False,False
1438,2021-04-08,2021-04-09,2021-04-22,2021,連續三次,True,0.0,False,False,False
1441,2018-03-09,2018-03-12,2018-03-23,2018,連續三次,True,0.0,False,False,False
1441,2021-05-05,2021-05-06,2021-05-19,2021,連續五次,True,0.0,False,False,False
1444,2020-08-10,2020-08-11,2020-08-24,2020,連續三次,True,239325.0,True,False,True
1447,2026-07-03,2026-07-06,2026-07-20,2026,連續三次,True,0.0,False,False,False
1449,2019-11-05,2019-11-06,2019-11-19,2019,連續五次,True,0.0,False,False,False
1449,2022-08-19,2022-08-22,2022-09-02,2022,連續三次,True,12860.0,True,False,True
1449,2023-11-08,2023-11-09,2023-11-22,2023,連續三次,True,20632.0,True,False,True
1453,2022-04-11,2022-04-12,2022-04-25,2022,連續三次,True,25153.0,True,False,True
1453,2022-04-29,2022-05-03,2022-05-16,2022,連續三次,True,25153.0,True,False,True
1453,2022-05-23,2022-05-24,2022-06-09,2022,連續三次及當日沖銷標準,True,25153.0,True,False,True
1453,2024-04-15,2024-04-16,2024-04-29,2024,連續三次,True,26685.0,True,False,True
1455,2021-06-03,2021-06-04,2021-06-18,2021,最近十個營業日已有六次,True,132922.0,True,False,True
1455,2021-06-24,2021-06-25,2021-07-08,2021,最近十個營業日已有六次,True,132922.0,True,False,True
1456,2020-11-27,2020-11-30,2020-12-11,2020,連續三次,True,23430.0,True,False,True
1456,2020-12-02,2020-12-03,2020-12-16,2020,連續三次,True,23430.0,True,False,True
1460,2020-04-10,2020-04-13,2020-04-24,2020,連續三次,True,127458.0,True,False,True
1466,2020-06-03,2020-06-04,2020-06-17,2020,連續三次,True,27789.0,True,False,True
1466,2020-06-08,2020-06-09,2020-06-22,2020,連續三次,True,27789.0,True,False,True
1466,2020-06-18,2020-06-19,2020-07-06,2020,連續三次,True,27789.0,True,False,True
1466,2020-10-05,2020-10-06,2020-10-20,2020,最近十個營業日已有六次,True,27789.0,True,False,True
1467,2020-06-08,2020-06-09,2020-06-22,2020,最近十個營業日已有六次,True,0.0,False,False,False
1467,2020-06-15,2020-06-16,2020-07-01,2020,連續五次,True,0.0,False,False,False
1467,2020-06-18,2020-06-19,2020-07-06,2020,連續三次,True,0.0,False,False,False
1468,2020-06-16,2020-06-17,2020-07-02,2020,連續三次,True,0.0,False,False,False
1471,2020-08-11,2020-08-12,2020-08-25,2020,最近十個營業日已有六次,True,0.0,False,False,False
1471,2020-09-21,2020-09-22,2020-10-07,2020,連續三次,True,0.0,False,False,False
1471,2020-09-24,2020-09-25,2020-10-13,2020,連續三次,True,0.0,False,False,False
1471,2021-04-12,2021-04-13,2021-04-26,2021,連續三次,True,0.0,False,False,False
1471,2023-06-28,2023-06-29,2023-07-12,2023,連續三次,True,0.0,False,False,False
1471,2026-01-28,2026-01-29,2026-02-11,2026,連續三次,True,0.0,False,False,False
1472,2020-03-20,2020-03-23,2020-04-07,2020,連續三次,True,9156.0,True,False,True
1472,2020-03-25,2020-03-26,2020-04-10,2020,連續三次,True,9156.0,True,False,True
1472,2020-04-15,2020-04-16,2020-04-29,2020,連續三次,True,9156.0,True,False,True
1474,2020-06-19,2020-06-22,2020-07-07,2020,連續三次,True,32474.0,True,False,True
1475,2018-01-04,2018-01-05,2018-01-18,2018,連續三次,True,1032.0,True,False,True
1475,2018-08-08,2018-08-09,2018-08-22,2018,連續三次,True,0.0,False,False,False
1475,2018-08-23,2018-08-24,2018-09-06,2018,連續三次,True,0.0,False,False,False
1475,2020-01-14,2020-01-15,2020-02-06,2020,連續三次,True,0.0,False,False,False
1475,2020-01-17,2020-01-20,2020-02-11,2020,連續三次,True,0.0,False,False,False
1475,2020-01-31,2020-02-03,2020-02-14,2020,連續三次,True,0.0,False,False,False
1475,2020-02-05,2020-02-06,2020-02-19,2020,連續三次,True,0.0,False,False,False
1475,2020-04-20,2020-04-21,2020-05-05,2020,連續三次,True,0.0,False,False,False
1475,2020-04-30,2020-05-04,2020-05-15,2020,最近十個營業日已有六次,True,0.0,False,False,False
1475,2020-07-01,2020-07-02,2020-07-15,2020,連續五次,True,0.0,False,False,False
1475,2020-12-24,2020-12-25,2021-01-08,2020,連續三次,True,0.0,False,False,False
1475,2021-05-18,2021-05-19,2021-06-01,2021,連續三次,True,0.0,False,False,False
1503,2024-03-22,2024-03-25,2024-04-09,2024,連續五次,True,130243.0,True,False,True
1512,2020-05-21,2020-05-22,2020-06-04,2020,連續三次,True,0.0,False,False,False
1514,2018-04-10,2018-04-11,2018-04-24,2018,連續三次,True,50266.0,True,False,True
1514,2024-04-15,2024-04-16,2024-05-02,2024,連續三次及當日沖銷標準,True,63194.0,True,False,True
1515,2023-11-17,2023-11-20,2023-12-05,2023,連續五次及當日沖銷標準,True,45368.0,True,False,True
1515,2026-07-06,2026-07-07,2026-07-21,2026,連續三次,True,45368.0,True,False,True
1515,2026-07-30,2026-07-31,2026-08-07,2026,連續三次,True,45368.0,True,False,True
1517,2021-04-07,2021-04-08,2021-04-21,2021,連續五次,True,56956.0,True,False,True
1517,2021-04-12,2021-04-13,2021-04-26,2021,連續三次,True,56956.0,True,False,True
1519,2023-06-29,2023-06-30,2023-07-13,2023,最近三十個營業日已有十二次,True,65264.0,True,False,True
1519,2023-07-17,2023-07-18,2023-07-31,2023,連續五次,True,65264.0,True,False,True
1519,2024-02-23,2024-02-26,2024-03-11,2024,最近十個營業日已有六次,True,65264.0,True,False,True
1519,2024-03-18,2024-03-19,2024-04-03,2024,連續五次及當日沖銷標準,True,65264.0,True,False,True
1519,2024-06-18,2024-06-19,2024-07-04,2024,連續三次及當日沖銷標準,True,65264.0,True,False,True
1519,2025-11-05,2025-11-06,2025-11-19,2025,連續三次,True,78970.0,True,False,True
1524,2022-05-24,2022-05-25,2022-06-10,2022,連續三次及當日沖銷標準,True,41327.0,True,False,True
1526,2018-11-16,2018-11-19,2018-11-30,2018,連續三次,True,12500.0,True,False,True
1526,2020-05-26,2020-05-27,2020-06-09,2020,連續三次,True,15000.0,True,False,True
1528,2025-12-31,2026-01-02,2026-01-15,2025,連續三次,True,47832.0,True,False,True
1528,2026-01-21,2026-01-22,2026-02-04,2026,連續三次,True,47832.0,True,False,True
1529,2022-02-07,2022-02-08,2022-02-23,2022,連續三次及當日沖銷標準,True,33991.0,True,False,True
1529,2023-04-19,2023-04-20,2023-05-04,2023,連續三次,True,36371.0,True,False,True
1533,2021-01-14,2021-01-15,2021-01-28,2021,連續三次,True,24636.0,True,False,True
1539,2022-05-30,2022-05-31,2022-06-16,2022,連續三次及當日沖銷標準,True,16342.0,True,False,True
1539,2022-08-22,2022-08-23,2022-09-05,2022,連續三次,True,16342.0,True,False,True
1540,2024-08-08,2024-08-09,2024-08-26,2024,連續三次及當日沖銷標準,True,21368.0,True,False,True
1563,2026-06-02,2026-06-03,2026-06-16,2026,連續三次,True,56402.0,True,False,True
1568,2022-05-26,2022-05-27,2022-06-10,2022,連續三次,True,25771.0,True,False,True
1568,2026-05-29,2026-06-01,2026-06-12,2026,連續三次,True,25771.0,True,False,True
1568,2026-06-03,2026-06-04,2026-06-17,2026,連續三次,True,25771.0,True,False,True
1569,2024-11-26,2024-11-27,2024-12-12,2024,連續3個營業日及沖銷標準,True,30361.0,True,False,True
1570,2024-04-18,2024-04-19,2024-05-03,2024,因連續3個營業日達本中心作業要點第四條第一項第一款,True,12875.0,True,False,True
1584,2023-04-19,2023-04-20,2023-05-08,2023,連續3個營業日及沖銷標準,True,28117.0,True,False,True
1587,2024-04-09,2024-04-10,2024-04-23,2024,連續三次,True,17156.0,True,False,True
1587,2024-07-04,2024-07-05,2024-07-18,2024,最近十個營業日已有六次,True,17156.0,True,False,True
1589,2026-03-04,2026-03-05,2026-03-18,2026,連續三次,True,0.0,False,False,False
1589,2026-03-09,2026-03-10,2026-03-23,2026,連續三次,True,0.0,False,False,False
1591,2026-04-14,2026-04-15,2026-04-28,2026,因連續3個營業日達本中心作業要點第四條第一項第一款,True,8699.0,True,False,True
1591,2026-05-20,2026-05-21,2026-06-03,2026,因連續3個營業日達本中心作業要點第四條第一項第一款,True,0.0,False,False,False
1592,2021-04-06,2021-04-07,2021-04-20,2021,連續五次,True,0.0,False,False,False
1593,2021-01-06,2021-01-07,2021-01-20,2021,因連續3個營業日達本中心作業要點第四條第一項第一款,True,8487.0,True,False,True
1593,2021-01-11,2021-01-12,2021-01-25,2021,因連續3個營業日達本中心作業要點第四條第一項第一款,True,8487.0,True,False,True
1595,2025-07-17,2025-07-18,2025-08-04,2025,連續3個營業日及沖銷標準,True,13537.0,True,False,True
1595,2026-05-08,2026-05-11,2026-05-22,2026,因連續3個營業日達本中心作業要點第四條第一項第一款,True,13555.0,True,False,True
1597,2026-05-06,2026-05-07,2026-05-20,2026,連續三次,True,22315.0,True,False,True
1598,2020-08-24,2020-08-25,2020-09-07,2020,最近十個營業日已有六次,True,30245.0,True,False,True
1608,2021-04-21,2021-04-22,2021-05-06,2021,連續三次,True,158193.0,True,False,True
1611,2021-11-04,2021-11-05,2021-11-18,2021,連續三次,True,80683.0,True,False,True
1616,2021-04-22,2021-04-23,2021-05-07,2021,連續三次,True,0.0,False,False,False
1616,2021-04-27,2021-04-28,2021-05-12,2021,連續三次,True,0.0,False,False,False
1616,2024-03-28,2024-03-29,2024-04-15,2024,連續三次,True,0.0,False,False,False
1617,2024-04-22,2024-04-23,2024-05-07,2024,連續三次,True,39456.0,True,False,True
1617,2026-07-03,2026-07-06,2026-07-20,2026,連續三次,True,42378.0,True,False,True
1623,2026-04-23,2026-04-24,2026-05-08,2026,連續三次,True,,False,False,False
1626,2019-03-05,2019-03-06,2019-03-19,2019,連續三次,True,30710.0,True,False,True
1701,2022-12-16,2022-12-19,2022-12-30,2022,連續三次,True,74520.0,True,False,True
1711,2026-03-19,2026-03-20,2026-04-02,2026,連續三次,True,136938.0,True,False,True
1711,2026-04-23,2026-04-24,2026-05-08,2026,連續五次,True,136938.0,True,False,True
1714,2026-06-15,2026-06-16,2026-06-30,2026,最近十個營業日已有六次,True,247956.0,True,False,True
1714,2026-06-18,2026-06-22,2026-07-03,2026,連續三次,True,247956.0,True,False,True
1717,2025-08-19,2025-08-20,2025-09-02,2025,連續三次,True,294566.0,True,False,True
1718,2026-06-05,2026-06-08,2026-06-22,2026,連續三次,True,421476.0,True,False,True
1718,2026-07-06,2026-07-07,2026-07-21,2026,連續三次,True,421476.0,True,False,True
1721,2021-10-15,2021-10-18,2021-10-29,2021,連續三次,True,42456.0,True,False,True
1721,2021-10-20,2021-10-21,2021-11-03,2021,連續三次,True,42456.0,True,False,True
1721,2021-11-11,2021-11-12,2021-11-29,2021,連續三次及當日沖銷標準,True,42456.0,True,False,True
1721,2024-09-23,2024-09-24,2024-10-07,2024,連續三次,True,41428.0,True,False,True
1721,2026-01-20,2026-01-21,2026-02-03,2026,連續三次,True,0.0,False,False,False
1721,2026-04-23,2026-04-24,2026-05-08,2026,連續三次,True,0.0,False,False,False
1725,2024-03-05,2024-03-06,2024-03-19,2024,連續三次,True,45457.0,True,False,True
1727,2021-09-16,2021-09-17,2021-10-04,2021,最近十個營業日已有六次,True,27062.0,True,False,True
1727,2023-04-28,2023-05-02,2023-05-15,2023,連續三次,True,27062.0,True,False,True
1732,2020-02-03,2020-02-04,2020-02-17,2020,連續三次,True,10610.0,True,False,True
1732,2020-03-03,2020-03-04,2020-03-17,2020,連續三次,True,10610.0,True,False,True
1732,2020-05-12,2020-05-13,2020-05-26,2020,最近十個營業日已有六次,True,10610.0,True,False,True
1732,2021-05-18,2021-05-19,2021-06-01,2021,連續三次,True,10610.0,True,False,True
1734,2020-07-08,2020-07-09,2020-07-22,2020,連續三次,True,41930.0,True,False,True
1734,2020-07-13,2020-07-14,2020-07-27,2020,連續三次,True,41930.0,True,False,True
1734,2020-07-21,2020-07-22,2020-08-04,2020,連續三次,True,41930.0,True,False,True
1734,2021-08-09,2021-08-10,2021-08-23,2021,連續三次,True,41930.0,True,False,True
1735,2024-09-05,2024-09-06,2024-09-20,2024,連續三次,True,24847.0,True,False,True
1735,2026-03-19,2026-03-20,2026-04-02,2026,連續三次,True,24847.0,True,False,True
1742,2021-07-20,2021-07-21,2021-08-03,2021,因連續3個營業日達本中心作業要點第四條第一項第一款,True,10365.0,True,False,True
1760,2021-05-20,2021-05-21,2021-06-03,2021,連續三次,True,19184.0,True,False,True
1760,2022-04-20,2022-04-21,2022-05-09,2022,連續三次及當日沖銷標準,True,21434.0,True,False,True
1781,2018-03-28,2018-03-29,2018-04-13,2018,因連續3個營業日達本中心作業要點第四條第一項第一款,True,0.0,False,False,False
1781,2020-02-06,2020-02-07,2020-02-20,2020,因連續3個營業日達本中心作業要點第四條第一項第一款,True,0.0,False,False,False
1781,2020-03-03,2020-03-04,2020-03-17,2020,因連續3個營業日達本中心作業要點第四條第一項第一款,True,0.0,False,False,False
1781,2020-03-12,2020-03-13,2020-03-26,2020,因連續3個營業日達本中心作業要點第四條第一項第一款,True,0.0,False,False,False
1781,2020-03-17,2020-03-18,2020-03-31,2020,因連續3個營業日達本中心作業要點第四條第一項第一款,True,0.0,False,False,False
1781,2020-04-01,2020-04-06,2020-04-17,2020,因連續3個營業日達本中心作業要點第四條第一項第一款,True,0.0,False,False,False
1781,2020-06-16,2020-06-17,2020-07-02,2020,因連續3個營業日達本中心作業要點第四條第一項第一款,True,0.0,False,False,False
1781,2020-06-19,2020-06-22,2020-07-07,2020,因連續3個營業日達本中心作業要點第四條第一項第一款,True,0.0,False,False,False
1781,2020-07-10,2020-07-13,2020-07-24,2020,因連續3個營業日達本中心作業要點第四條第一項第一款,True,0.0,False,False,False
1781,2020-07-21,2020-07-22,2020-08-04,2020,因連續3個營業日達本中心作業要點第四條第一項第一款,True,0.0,False,False,False
1783,2021-08-03,2021-08-04,2021-08-17,2021,連續三次,True,17366.0,True,False,True
1784,2024-07-03,2024-07-04,2024-07-17,2024,因連續3個營業日達本中心作業要點第四條第一項第一款,True,12406.0,True,False,True
1785,2020-06-08,2020-06-09,2020-06-22,2020,因連續3個營業日達本中心作業要點第四條第一項第一款,True,99357.0,True,False,True
1785,2026-04-15,2026-04-16,2026-04-29,2026,因連續3個營業日達本中心作業要點第四條第一項第一款,True,148995.0,True,False,True
1789,2026-01-13,2026-01-14,2026-01-27,2026,連續三次,True,197684.0,True,False,True
1795,2020-03-19,2020-03-20,2020-04-06,2020,連續三次,True,21775.0,True,False,True
1795,2022-11-28,2022-11-29,2022-12-14,2022,連續三次及當日沖銷標準,True,61268.0,True,False,True
1795,2025-10-01,2025-10-02,2025-10-17,2025,連續三次,True,66760.0,True,False,True
1796,2020-04-15,2020-04-16,2020-04-29,2020,因連續3個營業日達本中心作業要點第四條第一項第一款,True,,False,False,False
1796,2020-11-19,2020-11-20,2020-12-03,2020,因連續3個營業日達本中心作業要點第四條第一項第一款,True,,False,False,False
1799,2020-05-25,2020-05-26,2020-06-08,2020,因連續3個營業日達本中心作業要點第四條第一項第一款,True,0.0,False,False,False
1799,2020-06-17,2020-06-18,2020-07-03,2020,因連續3個營業日達本中心作業要點第四條第一項第一款,True,0.0,False,False,False
1799,2024-09-30,2024-10-01,2024-10-15,2024,因連續3個營業日達本中心作業要點第四條第一項第一款,True,0.0,False,False,False
1799,2026-03-19,2026-03-20,2026-04-02,2026,因連續3個營業日達本中心作業要點第四條第一項第一款,True,0.0,False,False,False
1802,2025-08-19,2025-08-20,2025-09-04,2025,連續三次及當日沖銷標準,True,727015.0,True,False,True
1802,2026-01-22,2026-01-23,2026-02-05,2026,連續三次,True,727015.0,True,False,True
1802,2026-03-03,2026-03-04,2026-03-17,2026,連續三次,True,727015.0,True,False,True
1809,2024-02-23,2024-02-26,2024-03-11,2024,連續三次,True,41760.0,True,False,True
1809,2024-02-29,2024-03-01,2024-03-14,2024,連續三次,True,41760.0,True,False,True
1809,2026-05-12,2026-05-13,2026-05-26,2026,連續三次,True,41760.0,True,False,True
1810,2022-11-28,2022-11-29,2022-12-14,2022,連續三次及當日沖銷標準,True,75819.0,True,False,True
1810,2023-04-20,2023-04-21,2023-05-05,2023,連續三次,True,75819.0,True,False,True
1815,2025-08-18,2025-08-19,2025-09-01,2025,因連續3個營業日達本中心作業要點第四條第一項第一款,True,130221.0,True,False,True
1815,2026-03-05,2026-03-06,2026-03-19,2026,最近10個營業日內有6個營業日,True,146221.0,True,False,True
1815,2026-08-10,2026-08-11,2026-08-17,2026,連續3個營業日,True,146369.0,True,False,True
1903,2020-07-10,2020-07-13,2020-07-24,2020,連續三次,True,0.0,False,False,False
1905,2021-04-21,2021-04-22,2021-05-06,2021,最近十個營業日已有六次,True,275708.0,True,False,True
1905,2021-06-23,2021-06-24,2021-07-07,2021,最近十個營業日已有六次,True,275708.0,True,False,True
1905,2026-04-01,2026-04-02,2026-04-17,2026,連續三次,True,275708.0,True,False,True
2007,2020-09-07,2020-09-08,2020-09-21,2020,連續三次,True,0.0,False,False,False
2007,2021-04-21,2021-04-22,2021-05-06,2021,連續三次,True,42366.0,True,False,True
2007,2021-07-01,2021-07-02,2021-07-15,2021,連續三次,True,42366.0,True,False,True
2009,2020-12-01,2020-12-02,2020-12-15,2020,連續三次,True,89905.0,True,False,True
2009,2020-12-24,2020-12-25,2021-01-08,2020,連續五次,True,89905.0,True,False,True
2009,2021-02-22,2021-02-23,2021-03-09,2021,連續五次,True,89905.0,True,False,True
2013,2018-04-03,2018-04-09,2018-04-20,2018,連續三次,True,50000.0,True,False,True
2013,2018-04-11,2018-04-12,2018-04-25,2018,連續三次,True,50000.0,True,False,True
2013,2021-08-27,2021-08-30,2021-09-10,2021,連續三次,True,50000.0,True,False,True
2014,2021-04-12,2021-04-13,2021-04-26,2021,連續三次,True,358886.0,True,False,True
2014,2021-06-01,2021-06-02,2021-06-16,2021,連續五次,True,358886.0,True,False,True
2017,2021-04-22,2021-04-23,2021-05-07,2021,最近十個營業日已有六次,True,85466.0,True,False,True
2022,2021-04-21,2021-04-22,2021-05-06,2021,連續三次,True,0.0,False,False,False
2022,2021-06-30,2021-07-01,2021-07-14,2021,連續三次,True,0.0,False,False,False
2023,2021-07-05,2021-07-06,2021-07-19,2021,連續三次,True,472642.0,True,False,True
2024,2021-07-02,2021-07-05,2021-07-16,2021,連續三次,True,24375.0,True,False,True
2024,2022-03-08,2022-03-09,2022-03-22,2022,連續三次,True,24375.0,True,False,True
2025,2021-07-02,2021-07-05,2021-07-16,2021,連續三次,True,0.0,False,False,False
2025,2021-07-07,2021-07-08,2021-07-21,2021,連續三次,True,0.0,False,False,False
2028,2020-11-18,2020-11-19,2020-12-02,2020,連續三次,True,0.0,False,False,False
2028,2021-06-04,2021-06-07,2021-06-21,2021,連續三次,True,39750.0,True,False,True
2030,2021-07-01,2021-07-02,2021-07-15,2021,連續三次,True,70131.0,True,False,True
2030,2026-10-01,2026-10-02,2026-10-08,2026,連續三次,True,70131.0,True,False,True
2032,2021-07-05,2021-07-06,2021-07-19,2021,連續三次,True,32630.0,True,False,True
2033,2018-01-15,2018-01-16,2018-01-29,2018,連續三次,True,20173.0,True,False,True
2033,2018-02-12,2018-02-21,2018-03-07,2018,連續五次,True,20173.0,True,False,True
2033,2021-04-23,2021-04-26,2021-05-10,2021,連續三次,True,20173.0,True,False,True
2033,2021-07-01,2021-07-02,2021-07-15,2021,連續三次,True,20173.0,True,False,True
2033,2024-09-20,2024-09-23,2024-10-04,2024,連續三次,True,20173.0,True,False,True
2033,2026-10-05,2026-10-06,2026-10-13,2026,連續三次,True,20173.0,True,False,True
2038,2020-12-29,2020-12-30,2021-01-13,2020,連續五次,True,45316.0,True,False,True
2038,2021-06-04,2021-06-07,2021-06-21,2021,連續三次,True,45316.0,True,False,True
2059,2023-06-28,2023-06-29,2023-07-12,2023,連續三次,True,23824.0,True,False,True
2059,2023-07-03,2023-07-04,2023-07-17,2023,連續三次,True,23824.0,True,False,True
2059,2026-05-12,2026-05-13,2026-05-26,2026,連續三次,True,23824.0,True,False,True
2059,2026-08-07,2026-08-10,2026-08-14,2026,連續三次,True,23824.0,True,False,True
2061,2026-05-27,2026-05-28,2026-06-10,2026,因連續3個營業日達本中心作業要點第四條第一項第一款,True,14344.0,True,False,True
2061,2026-06-01,2026-06-02,2026-06-15,2026,因連續3個營業日達本中心作業要點第四條第一項第一款,True,14344.0,True,False,True
2061,2026-06-23,2026-06-24,2026-07-07,2026,因連續3個營業日達本中心作業要點第四條第一項第一款,True,14344.0,True,False,True
2064,2021-07-01,2021-07-02,2021-07-15,2021,因連續3個營業日達本中心作業要點第四條第一項第一款,True,17407.0,True,False,True
2067,2018-03-07,2018-03-08,2018-03-21,2018,因連續3個營業日達本中心作業要點第四條第一項第一款,True,,False,False,False
2069,2021-07-05,2021-07-06,2021-07-19,2021,連續三次,True,39096.0,True,False,True
2070,2024-08-21,2024-08-22,2024-09-06,2024,連續3個營業日及沖銷標準,True,8945.0,True,False,True
2108,2021-04-08,2021-04-09,2021-04-22,2021,連續三次,True,123104.0,True,False,True
2108,2021-04-13,2021-04-14,2021-04-27,2021,連續三次,True,123104.0,True,False,True
2208,2018-04-13,2018-04-16,2018-04-27,2018,連續三次,True,0.0,False,False,False
2221,2026-09-23,2026-09-24,2026-10-06,2026,連續3個營業日及沖銷標準,True,10581.0,True,False,True
2221,2026-09-30,2026-10-01,2026-10-12,2026,連續3個營業日及沖銷標準,True,10581.0,True,False,True
2230,2022-08-23,2022-08-24,2022-09-06,2022,因連續3個營業日達本中心作業要點第四條第一項第一款,True,9978.0,True,False,True
2230,2022-08-26,2022-08-29,2022-09-12,2022,因連續3個營業日達本中心作業要點第四條第一項第一款,True,9978.0,True,False,True
2230,2023-05-12,2023-05-15,2023-05-26,2023,最近10個營業日內有6個營業日,True,10547.0,True,False,True
2230,2023-07-05,2023-07-06,2023-07-21,2023,連續3個營業日及沖銷標準,True,10547.0,True,False,True
2230,2026-02-23,2026-02-24,2026-03-10,2026,因連續3個營業日達本中心作業要點第四條第一項第一款,True,17007.0,True,False,True
2230,2026-02-26,2026-03-02,2026-03-13,2026,因連續3個營業日達本中心作業要點第四條第一項第一款,True,17007.0,True,False,True
2230,2026-03-04,2026-03-05,2026-03-18,2026,因連續3個營業日達本中心作業要點第四條第一項第一款,True,17007.0,True,False,True
2231,2020-03-18,2020-03-19,2020-04-01,2020,連續三次,True,30705.0,True,False,True
2231,2020-03-23,2020-03-24,2020-04-08,2020,連續三次,True,30705.0,True,False,True
2231,2026-03-30,2026-03-31,2026-04-15,2026,連續三次,True,33979.0,True,False,True
2233,2026-05-06,2026-05-07,2026-05-20,2026,連續三次,True,15072.0,True,False,True
2233,2026-06-29,2026-06-30,2026-07-14,2026,連續三次,True,15072.0,True,False,True
2243,2021-10-18,2021-10-19,2021-11-01,2021,連續三次,True,11429.0,True,False,True
2243,2024-07-16,2024-07-17,2024-07-30,2024,連續三次,True,17343.0,True,False,True
2243,2024-07-19,2024-07-22,2024-08-02,2024,連續三次,True,17343.0,True,False,True
2243,2026-03-18,2026-03-19,2026-04-01,2026,連續三次,True,0.0,False,False,False
2243,2026-06-16,2026-06-17,2026-07-01,2026,連續五次,True,17343.0,True,False,True
2243,2026-06-22,2026-06-23,2026-07-06,2026,連續三次,True,17343.0,True,False,True
2250,2024-12-25,2024-12-26,2025-01-09,2024,連續三次,True,7880.0,True,False,True
2302,2018-06-06,2018-06-07,2018-06-21,2018,連續三次,True,0.0,False,False,False
2302,2020-03-31,2020-04-01,2020-04-16,2020,連續三次,True,0.0,False,False,False
2302,2026-06-01,2026-06-02,2026-06-15,2026,連續三次,True,41575.0,True,False,True
2303,2026-07-01,2026-07-02,2026-07-16,2026,最近十個營業日已有六次,True,3144246.0,True,False,True
2305,2022-07-22,2022-07-25,2022-08-09,2022,連續三次及當日沖銷標準,True,42355.0,True,False,True
2305,2022-07-27,2022-07-28,2022-08-10,2022,連續三次,True,42355.0,True,False,True
2305,2026-06-23,2026-06-24,2026-07-07,2026,連續三次,True,51415.0,True,False,True
2305,2026-09-17,2026-09-18,2026-09-30,2026,連續五次及當日沖銷標準,True,51415.0,True,False,True
2312,2026-01-19,2026-01-20,2026-02-02,2026,連續三次,True,376371.0,True,False,True
2314,2025-03-24,2025-03-25,2025-04-09,2025,連續三次,True,0.0,False,False,False
2314,2025-03-27,2025-03-28,2025-04-14,2025,連續三次,True,0.0,False,False,False
2314,2025-06-26,2025-06-27,2025-07-10,2025,連續三次,True,0.0,False,False,False
2316,2023-07-21,2023-07-24,2023-08-04,2023,連續三次,True,45685.0,True,False,True
2316,2026-06-24,2026-06-25,2026-07-08,2026,連續三次,True,45685.0,True,False,True
2321,2020-09-21,2020-09-22,2020-10-07,2020,最近十個營業日已有六次,True,0.0,False,False,False
2321,2020-09-24,2020-09-25,2020-10-13,2020,連續三次,True,0.0,False,False,False
2321,2020-10-21,2020-10-22,2020-11-04,2020,連續三次,True,0.0,False,False,False
2323,2018-04-17,2018-04-18,2018-05-02,2018,連續三次,True,457661.0,True,False,True
2323,2022-01-05,2022-01-06,2022-01-19,2022,連續三次,True,289720.0,True,False,True
2327,2018-05-14,2018-05-15,2018-05-28,2018,連續三次,True,87684.0,True,False,True
2327,2026-05-25,2026-05-26,2026-06-08,2026,連續三次,True,517866.0,True,False,True
2329,2023-07-31,2023-08-01,2023-08-14,2023,連續三次,True,138827.0,True,False,True
2337,2026-01-09,2026-01-12,2026-01-23,2026,連續三次,True,480139.0,True,False,True
2337,2026-03-18,2026-03-19,2026-04-01,2026,最近十個營業日已有六次,True,494916.0,True,False,True
2337,2026-03-23,2026-03-24,2026-04-08,2026,連續三次,True,494916.0,True,False,True
2337,2026-06-02,2026-06-03,2026-06-16,2026,最近十個營業日已有六次,True,495313.0,True,False,True
2338,2026-03-03,2026-03-04,2026-03-17,2026,連續三次,True,63369.0,True,False,True
2342,2025-09-19,2025-09-22,2025-10-09,2025,連續三次及當日沖銷標準,True,39392.0,True,False,True
2342,2026-06-23,2026-06-24,2026-07-07,2026,連續三次,True,39381.0,True,False,True
2344,2025-10-20,2025-10-21,2025-11-04,2025,最近十個營業日已有六次,True,1125000.0,True,False,True
2344,2025-11-03,2025-11-04,2025-11-17,2025,最近十個營業日已有六次,True,1125000.0,True,False,True
2344,2026-01-08,2026-01-09,2026-01-26,2026,連續五次及當日沖銷標準,True,1125000.0,True,False,True
2348,2018-03-28,2018-03-29,2018-04-13,2018,連續三次,True,21400.0,True,False,True
2348,2018-09-19,2018-09-20,2018-10-04,2018,連續三次,True,21400.0,True,False,True
2349,2018-05-15,2018-05-16,2018-05-29,2018,連續三次,True,0.0,False,False,False
2349,2018-06-05,2018-06-06,2018-06-20,2018,連續三次,True,0.0,False,False,False
2349,2018-08-01,2018-08-02,2018-08-15,2018,最近十個營業日已有六次,True,0.0,False,False,False
2349,2024-07-04,2024-07-05,2024-07-18,2024,連續三次,True,0.0,False,False,False
2349,2024-07-09,2024-07-10,2024-07-23,2024,連續三次,True,0.0,False,False,False
2349,2025-12-16,2025-12-17,2025-12-31,2025,連續五次,True,0.0,False,False,False
2354,2021-01-18,2021-01-19,2021-02-01,2021,連續三次,True,353621.0,True,False,True
2356,2023-07-19,2023-07-20,2023-08-02,2023,連續三次,True,896868.0,True,False,True
2358,2023-04-13,2023-04-14,2023-04-27,2023,連續三次,True,0.0,False,False,False
2358,2023-09-08,2023-09-11,2023-09-22,2023,連續三次,True,27487.0,True,False,True
2359,2022-01-05,2022-01-06,2022-01-19,2022,連續三次,True,42867.0,True,False,True
2359,2024-03-26,2024-03-27,2024-04-11,2024,連續三次,True,42867.0,True,False,True
2359,2024-04-08,2024-04-09,2024-04-22,2024,最近十個營業日已有六次,True,42867.0,True,False,True
2359,2024-05-24,2024-05-27,2024-06-12,2024,連續五次及當日沖銷標準,True,42867.0,True,False,True
2360,2026-03-02,2026-03-03,2026-03-16,2026,連續三次,True,106315.0,True,False,True
2362,2024-05-20,2024-05-21,2024-06-03,2024,連續三次,True,158065.0,True,False,True
2363,2020-12-08,2020-12-09,2020-12-22,2020,連續三次,True,157741.0,True,False,True
2363,2023-10-17,2023-10-18,2023-11-02,2023,連續五次及當日沖銷標準,True,187397.0,True,False,True
2363,2024-04-12,2024-04-15,2024-04-26,2024,連續三次,True,187397.0,True,False,True
2364,2020-09-24,2020-09-25,2020-10-13,2020,連續三次,True,0.0,False,False,False
2364,2022-06-06,2022-06-07,2022-06-20,2022,連續三次,True,2877.0,True,False,True
2364,2022-08-18,2022-08-19,2022-09-01,2022,連續三次,True,2877.0,True,False,True
2364,2022-09-12,2022-09-13,2022-09-26,2022,連續三次,True,2877.0,True,False,True
2364,2022-10-05,2022-10-06,2022-10-24,2022,連續三次及當日沖銷標準,True,2877.0,True,False,True
2364,2023-10-18,2023-10-19,2023-11-01,2023,連續三次,True,6199.0,True,False,True
2365,2024-02-19,2024-02-20,2024-03-07,2024,連續三次及當日沖銷標準,True,55382.0,True,False,True
2365,2024-05-28,2024-05-29,2024-06-12,2024,連續五次,True,55382.0,True,False,True
2367,2026-03-04,2026-03-05,2026-03-18,2026,最近十個營業日已有六次,True,176563.0,True,False,True
2368,2018-08-21,2018-08-22,2018-09-04,2018,連續三次,True,138061.0,True,False,True
2371,2020-08-06,2020-08-07,2020-08-20,2020,連續五次,True,0.0,False,False,False
2374,2024-05-22,2024-05-23,2024-06-07,2024,連續五次及當日沖銷標準,True,71883.0,True,False,True
2375,2021-02-25,2021-02-26,2021-03-12,2021,最近十個營業日已有六次,True,33961.0,True,False,True
2375,2026-05-29,2026-06-01,2026-06-12,2026,連續三次,True,27168.0,True,False,True
2380,2022-07-28,2022-07-29,2022-08-11,2022,連續三次,True,0.0,False,False,False
2380,2023-11-23,2023-11-24,2023-12-07,2023,連續三次,True,0.0,False,False,False
2380,2025-08-21,2025-08-22,2025-09-04,2025,連續三次,True,0.0,False,False,False
2383,2026-06-17,2026-06-18,2026-07-02,2026,最近十個營業日已有六次,True,89580.0,True,False,True
2388,2018-02-23,2018-02-26,2018-03-12,2018,連續三次,True,0.0,False,False,False
2388,2018-03-21,2018-03-22,2018-04-03,2018,連續三次,True,0.0,False,False,False
2388,2018-05-21,2018-05-22,2018-06-04,2018,最近十個營業日已有六次,True,0.0,False,False,False
2388,2022-07-27,2022-07-28,2022-08-12,2022,連續三次及當日沖銷標準,True,124150.0,True,False,True
2388,2023-07-17,2023-07-18,2023-07-31,2023,連續三次,True,124595.0,True,False,True
2390,2020-06-22,2020-06-23,2020-07-08,2020,連續三次,True,53505.0,True,False,True
2392,2024-05-27,2024-05-28,2024-06-11,2024,連續三次,True,128081.0,True,False,True
2399,2018-03-05,2018-03-06,2018-03-19,2018,連續五次,True,44525.0,True,False,True
2399,2021-03-24,2021-03-25,2021-04-09,2021,連續五次,True,44525.0,True,False,True
2399,2021-04-09,2021-04-12,2021-04-23,2021,連續三次,True,44525.0,True,False,True
2399,2026-03-20,2026-03-23,2026-04-07,2026,連續三次,True,44525.0,True,False,True
2404,2024-03-12,2024-03-13,2024-03-26,2024,連續三次,True,47646.0,True,False,True
2405,2021-12-15,2021-12-16,2021-12-29,2021,連續三次,True,0.0,False,False,False
2406,2019-05-21,2019-05-22,2019-06-04,2019,連續三次,True,0.0,False,False,False
2406,2020-09-10,2020-09-11,2020-09-24,2020,連續五次,True,0.0,False,False,False
2406,2020-10-16,2020-10-19,2020-10-30,2020,連續三次,True,0.0,False,False,False
2406,2021-12-17,2021-12-20,2022-01-05,2021,連續五次及當日沖銷標準,True,71476.0,True,False,True
2406,2025-08-11,2025-08-12,2025-08-25,2025,連續三次,True,87726.0,True,False,True
2408,2025-09-22,2025-09-23,2025-10-08,2025,連續三次,True,774656.0,True,False,True
2408,2025-12-05,2025-12-08,2025-12-19,2025,最近十個營業日已有六次,True,774656.0,True,False,True
2408,2026-01-08,2026-01-09,2026-01-22,2026,最近十個營業日已有六次,True,774656.0,True,False,True
2413,2018-06-12,2018-06-13,2018-06-27,2018,連續五次,True,31839.0,True,False,True
2413,2018-07-06,2018-07-09,2018-07-20,2018,連續三次,True,31839.0,True,False,True
2413,2018-07-11,2018-07-12,2018-07-25,2018,連續三次,True,31839.0,True,False,True
2413,2025-12-31,2026-01-02,2026-01-19,2025,連續三次及當日沖銷標準,True,31839.0,True,False,True
2415,2021-01-05,2021-01-06,2021-01-19,2021,連續三次,True,20000.0,True,False,True
2415,2021-03-24,2021-03-25,2021-04-09,2021,最近三十個營業日已有十二次,True,20000.0,True,False,True
2417,2020-06-12,2020-06-15,2020-06-30,2020,連續三次,True,48223.0,True,False,True
2417,2020-08-10,2020-08-11,2020-08-24,2020,最近十個營業日已有六次,True,48223.0,True,False,True
2417,2020-08-21,2020-08-24,2020-09-04,2020,最近十個營業日已有六次,True,48223.0,True,False,True
2417,2023-10-06,2023-10-11,2023-10-26,2023,連續三次及當日沖銷標準,True,39517.0,True,False,True
2417,2024-03-11,2024-03-12,2024-03-25,2024,連續五次,True,39517.0,True,False,True
2421,2023-07-27,2023-07-28,2023-08-10,2023,最近十個營業日已有六次,True,62732.0,True,False,True
2424,2018-06-07,2018-06-08,2018-06-22,2018,連續三次,True,7500.0,True,False,True
2424,2020-06-11,2020-06-12,2020-06-29,2020,連續三次,True,0.0,False,False,False
2424,2020-10-28,2020-10-29,2020-11-11,2020,連續三次,True,0.0,False,False,False
2424,2023-05-08,2023-05-09,2023-05-22,2023,連續三次,True,0.0,False,False,False
2424,2024-08-29,2024-08-30,2024-09-12,2024,連續三次,True,0.0,False,False,False
2424,2024-11-01,2024-11-04,2024-11-15,2024,最近十個營業日已有六次,True,0.0,False,False,False
2424,2026-05-25,2026-05-26,2026-06-08,2026,連續三次,True,0.0,False,False,False
2425,2018-03-01,2018-03-02,2018-03-15,2018,連續三次,True,27312.0,True,False,True
2425,2024-09-02,2024-09-03,2024-09-16,2024,連續三次,True,24124.0,True,False,True
2426,2026-03-13,2026-03-16,2026-03-27,2026,連續三次,True,75155.0,True,False,True
2426,2026-03-18,2026-03-19,2026-04-01,2026,連續三次,True,75155.0,True,False,True
2426,2026-04-14,2026-04-15,2026-04-28,2026,連續三次,True,75155.0,True,False,True
2426,2026-05-07,2026-05-08,2026-05-21,2026,連續三次,True,75155.0,True,False,True
2427,2023-05-22,2023-05-23,2023-06-05,2023,連續三次,True,46078.0,True,False,True
2429,2018-01-12,2018-01-15,2018-01-26,2018,連續三次,True,0.0,False,False,False
2429,2019-09-26,2019-09-27,2019-10-14,2019,連續三次,True,0.0,False,False,False
2429,2020-01-15,2020-01-16,2020-02-07,2020,連續三次,True,0.0,False,False,False
2429,2020-01-20,2020-01-30,2020-02-12,2020,連續三次,True,0.0,False,False,False
2429,2023-03-10,2023-03-13,2023-03-24,2023,連續三次,True,0.0,False,False,False
2429,2024-07-03,2024-07-04,2024-07-17,2024,連續三次,True,0.0,False,False,False
2429,2025-08-04,2025-08-05,2025-08-20,2025,連續五次及當日沖銷標準,True,13075.0,True,False,True
2429,2025-09-11,2025-09-12,2025-09-25,2025,連續三次,True,0.0,False,False,False
2429,2026-04-27,2026-04-28,2026-05-12,2026,連續三次,True,0.0,False,False,False
2432,2023-06-12,2023-06-13,2023-06-28,2023,連續三次,True,,False,False,False
2434,2018-02-23,2018-02-26,2018-03-12,2018,連續三次,True,0.0,False,False,False
2434,2018-03-01,2018-03-02,2018-03-15,2018,連續三次,True,0.0,False,False,False
2434,2026-07-14,2026-07-15,2026-07-28,2026,最近十個營業日已有六次,True,2377.0,True,False,True
2434,2026-07-17,2026-07-20,2026-07-31,2026,連續三次,True,2377.0,True,False,True
2438,2018-03-07,2018-03-08,2018-03-21,2018,連續三次,True,0.0,False,False,False
2438,2019-12-17,2019-12-18,2019-12-31,2019,連續三次,True,0.0,False,False,False
2438,2024-06-21,2024-06-24,2024-07-05,2024,連續三次,True,0.0,False,False,False
2438,2024-06-26,2024-06-27,2024-07-10,2024,連續三次,True,0.0,False,False,False
2438,2024-08-21,2024-08-22,2024-09-04,2024,最近十個營業日已有六次,True,0.0,False,False,False
2438,2025-02-14,2025-02-17,2025-03-03,2025,連續三次,True,0.0,False,False,False
2440,2018-03-08,2018-03-09,2018-03-22,2018,連續三次,True,0.0,False,False,False
2443,2022-01-10,2022-01-11,2022-01-24,2022,連續五次,True,0.0,False,False,False
2444,2018-05-28,2018-05-29,2018-06-11,2018,連續三次,True,22353.0,True,False,True
2451,2025-11-13,2025-11-14,2025-11-27,2025,連續三次,True,107675.0,True,False,True
2451,2026-03-20,2026-03-23,2026-04-07,2026,連續三次,True,107675.0,True,False,True
2453,2023-02-15,2023-02-16,2023-03-07,2023,連續三次及當日沖銷標準,True,25000.0,True,False,True
2454,2026-05-06,2026-05-07,2026-05-20,2026,連續三次,True,400976.0,True,False,True
2455,2026-02-26,2026-03-02,2026-03-13,2026,最近十個營業日已有六次,True,46226.0,True,False,True
2455,2026-04-10,2026-04-13,2026-04-24,2026,連續五次,True,46226.0,True,False,True
2455,2026-05-05,2026-05-06,2026-05-19,2026,最近十個營業日已有六次,True,46226.0,True,False,True
2455,2026-05-26,2026-05-27,2026-06-09,2026,連續五次,True,46301.0,True,False,True
2455,2026-06-18,2026-06-22,2026-07-03,2026,連續五次,True,46660.0,True,False,True
2455,2026-08-07,2026-08-10,2026-08-14,2026,連續三次,True,46745.0,True,False,True
2455,2026-08-21,2026-08-24,2026-08-28,2026,連續五次,True,46877.0,True,False,True
2455,2026-09-04,2026-09-07,2026-09-15,2026,連續五次及當日沖銷標準,True,46877.0,True,False,True
2455,2026-09-22,2026-09-23,2026-10-05,2026,連續五次及當日沖銷標準,True,46978.0,True,False,True
2457,2021-03-22,2021-03-23,2021-04-07,2021,連續三次,True,84422.0,True,False,True
2457,2021-04-08,2021-04-09,2021-04-22,2021,連續三次,True,84422.0,True,False,True
2464,2020-07-09,2020-07-10,2020-07-23,2020,連續三次,True,48882.0,True,False,True
2465,2018-02-27,2018-03-01,2018-03-14,2018,連續三次,True,13396.0,True,False,True
2465,2018-03-05,2018-03-06,2018-03-19,2018,連續三次,True,13396.0,True,False,True
2465,2018-03-16,2018-03-19,2018-03-30,2018,連續三次,True,13396.0,True,False,True
2465,2021-02-24,2021-02-25,2021-03-11,2021,連續三次,True,0.0,False,False,False
2465,2021-04-08,2021-04-09,2021-04-22,2021,連續三次,True,0.0,False,False,False
2465,2021-06-03,2021-06-04,2021-06-18,2021,連續三次,True,0.0,False,False,False
2465,2024-02-16,2024-02-19,2024-03-04,2024,連續三次,True,0.0,False,False,False
2465,2024-02-21,2024-02-22,2024-03-07,2024,連續三次,True,0.0,False,False,False
2466,2024-12-24,2024-12-25,2025-01-08,2024,連續三次,True,40952.0,True,False,True
2466,2024-12-27,2024-12-30,2025-01-13,2024,連續三次,True,40952.0,True,False,True
2466,2026-07-07,2026-07-08,2026-07-22,2026,連續三次,True,40952.0,True,False,True
2467,2024-07-05,2024-07-08,2024-07-23,2024,連續三次及當日沖銷標準,True,39188.0,True,False,True
2467,2026-03-04,2026-03-05,2026-03-18,2026,連續三次,True,39188.0,True,False,True
2467,2026-04-14,2026-04-15,2026-04-28,2026,連續三次,True,39188.0,True,False,True
2468,2022-08-22,2022-08-23,2022-09-05,2022,連續三次,True,17490.0,True,False,True
2468,2023-06-20,2023-06-21,2023-07-06,2023,連續三次,True,17490.0,True,False,True
2468,2025-03-27,2025-03-28,2025-04-16,2025,連續三次及當日沖銷標準,True,17490.0,True,False,True
2468,2026-09-21,2026-09-22,2026-10-02,2026,連續五次及當日沖銷標準,True,17490.0,True,False,True
2472,2026-05-29,2026-06-01,2026-06-12,2026,連續三次,True,41183.0,True,False,True
2475,2019-04-23,2019-04-24,2019-05-08,2019,最近十個營業日已有六次,True,0.0,False,False,False
2478,2018-05-15,2018-05-16,2018-05-29,2018,連續五次,True,47919.0,True,False,True
2478,2018-07-31,2018-08-01,2018-08-14,2018,最近十個營業日已有六次,True,47919.0,True,False,True
2478,2026-05-25,2026-05-26,2026-06-08,2026,連續三次,True,36182.0,True,False,True
2478,2026-06-18,2026-06-22,2026-07-03,2026,連續三次,True,36182.0,True,False,True
2481,2026-06-25,2026-06-26,2026-07-09,2026,連續三次,True,95528.0,True,False,True
2482,2022-05-18,2022-05-19,2022-06-01,2022,連續三次,True,15518.0,True,False,True
2482,2022-05-23,2022-05-24,2022-06-07,2022,連續三次,True,15518.0,True,False,True
2482,2023-02-06,2023-02-07,2023-02-22,2023,連續三次及當日沖銷標準,True,19381.0,True,False,True
2482,2023-04-07,2023-04-10,2023-04-21,2023,最近十個營業日已有六次,True,19439.0,True,False,True
2483,2026-06-29,2026-06-30,2026-07-14,2026,連續三次,True,26972.0,True,False,True
2483,2026-07-21,2026-07-22,2026-08-04,2026,連續三次,True,26972.0,True,False,True
2484,2026-04-21,2026-04-22,2026-05-06,2026,連續三次,True,39855.0,True,False,True
2485,2026-01-19,2026-01-20,2026-02-02,2026,連續三次,True,79422.0,True,False,True
2485,2026-03-19,2026-03-20,2026-04-02,2026,連續三次,True,79422.0,True,False,True
2486,2021-07-09,2021-07-12,2021-07-23,2021,連續五次,True,50489.0,True,False,True
2486,2024-06-19,2024-06-20,2024-07-03,2024,連續五次,True,55489.0,True,False,True
2486,2024-07-08,2024-07-09,2024-07-22,2024,最近十個營業日已有六次,True,58489.0,True,False,True
2486,2026-01-29,2026-01-30,2026-02-23,2026,連續三次,True,58489.0,True,False,True
2486,2026-03-19,2026-03-20,2026-04-02,2026,連續五次,True,58489.0,True,False,True
2486,2026-04-14,2026-04-15,2026-04-28,2026,連續五次,True,58489.0,True,False,True
2486,2026-05-06,2026-05-07,2026-05-20,2026,連續三次,True,58489.0,True,False,True
2486,2026-08-26,2026-08-27,2026-09-02,2026,連續五次,True,60181.0,True,False,True
2489,2021-03-23,2021-03-24,2021-04-08,2021,連續三次,True,202340.0,True,False,True
2489,2026-01-27,2026-01-28,2026-02-10,2026,連續五次,True,152500.0,True,False,True
2489,2026-02-26,2026-03-02,2026-03-13,2026,連續三次,True,152500.0,True,False,True
2489,2026-03-04,2026-03-05,2026-03-18,2026,連續三次,True,152500.0,True,False,True
2489,2026-04-14,2026-04-15,2026-04-28,2026,連續三次,True,152500.0,True,False,True
2491,2018-06-11,2018-06-12,2018-06-26,2018,連續三次,True,0.0,False,False,False
2491,2019-07-11,2019-07-12,2019-07-25,2019,連續三次,True,0.0,False,False,False
2491,2021-03-22,2021-03-23,2021-04-07,2021,連續三次,True,19252.0,True,False,True
2491,2021-03-25,2021-03-26,2021-04-12,2021,連續三次,True,19252.0,True,False,True
2491,2021-05-28,2021-05-31,2021-06-11,2021,連續五次,True,19252.0,True,False,True
2491,2025-12-04,2025-12-05,2025-12-18,2025,連續三次,True,20502.0,True,False,True
2491,2026-06-05,2026-06-08,2026-06-22,2026,連續三次,True,20502.0,True,False,True
2491,2026-08-10,2026-08-11,2026-08-17,2026,連續三次,True,20502.0,True,False,True
2492,2018-05-07,2018-05-08,2018-05-21,2018,連續三次,True,121450.0,True,False,True
2492,2026-05-14,2026-05-15,2026-05-28,2026,連續三次,True,121451.0,True,False,True
2492,2026-05-26,2026-05-27,2026-06-09,2026,連續三次,True,121451.0,True,False,True
2492,2026-05-29,2026-06-01,2026-06-12,2026,連續三次,True,121301.0,True,False,True
2492,2026-06-03,2026-06-04,2026-06-17,2026,連續三次,True,121301.0,True,False,True
2492,2026-06-23,2026-06-24,2026-07-07,2026,連續三次,True,121301.0,True,False,True
2492,2026-07-15,2026-07-16,2026-07-29,2026,連續三次,True,121301.0,True,False,True
2492,2026-07-20,2026-07-21,2026-08-03,2026,連續三次,True,121301.0,True,False,True
2493,2025-08-11,2025-08-12,2025-08-25,2025,連續三次,True,28609.0,True,False,True
2493,2026-06-17,2026-06-18,2026-07-02,2026,連續三次,True,31699.0,True,False,True
2495,2021-05-03,2021-05-04,2021-05-17,2021,連續三次,True,68387.0,True,False,True
2497,2020-11-16,2020-11-17,2020-11-30,2020,連續三次,True,29699.0,True,False,True
2497,2021-11-30,2021-12-01,2021-12-16,2021,連續三次及當日沖銷標準,True,29699.0,True,False,True
2497,2022-02-11,2022-02-14,2022-03-02,2022,連續五次及當日沖銷標準,True,29699.0,True,False,True
2497,2022-03-02,2022-03-03,2022-03-16,2022,最近十個營業日已有六次,True,29699.0,True,False,True
2498,2021-10-25,2021-10-26,2021-11-10,2021,連續三次及當日沖銷標準,True,204732.0,True,False,True
2498,2021-10-28,2021-10-29,2021-11-11,2021,連續三次,True,204732.0,True,False,True
2504,2019-10-18,2019-10-21,2019-11-01,2019,連續三次,True,346250.0,True,False,True
2515,2025-11-04,2025-11-05,2025-11-18,2025,連續五次,True,382724.0,True,False,True
2524,2024-08-02,2024-08-05,2024-08-20,2024,連續三次及當日沖銷標準,True,92354.0,True,False,True
2540,2022-10-11,2022-10-12,2022-10-25,2022,連續三次,True,40315.0,True,False,True
2543,2021-04-26,2021-04-27,2021-05-11,2021,連續三次,True,0.0,False,False,False
2543,2023-11-20,2023-11-21,2023-12-04,2023,連續三次,True,59370.0,True,False,True
2597,2021-04-06,2021-04-07,2021-04-20,2021,連續三次,True,33750.0,True,False,True
2601,2021-04-26,2021-04-27,2021-05-11,2021,連續五次,True,171690.0,True,False,True
2601,2021-06-28,2021-06-29,2021-07-12,2021,連續三次,True,186492.0,True,False,True
2603,2021-06-17,2021-06-18,2021-07-01,2021,最近十個營業日已有六次,True,1317733.0,True,False,True
2603,2021-07-06,2021-07-07,2021-07-20,2021,最近十個營業日已有六次,True,1317733.0,True,False,True
2605,2021-04-23,2021-04-26,2021-05-10,2021,連續三次,True,146338.0,True,False,True
2605,2021-06-25,2021-06-28,2021-07-09,2021,連續五次,True,146338.0,True,False,True
2607,2021-06-30,2021-07-01,2021-07-14,2021,連續三次,True,266785.0,True,False,True
2609,2020-12-29,2020-12-30,2021-01-13,2020,連續三次,True,0.0,False,False,False
2609,2021-01-04,2021-01-05,2021-01-18,2021,連續三次,True,0.0,False,False,False
2609,2021-03-22,2021-03-23,2021-04-07,2021,最近十個營業日已有六次,True,0.0,False,False,False
2609,2021-04-08,2021-04-09,2021-04-22,2021,連續五次,True,650855.0,True,False,True
2609,2021-06-21,2021-06-22,2021-07-05,2021,連續五次,True,658677.0,True,False,True
2609,2021-07-28,2021-07-29,2021-08-11,2021,連續三次,True,698677.0,True,False,True
2609,2024-05-16,2024-05-17,2024-05-30,2024,連續三次,True,873026.0,True,False,True
2611,2021-01-06,2021-01-07,2021-01-20,2021,連續三次,True,43248.0,True,False,True
2611,2021-06-30,2021-07-01,2021-07-14,2021,連續三次,True,42955.0,True,False,True
2612,2021-06-29,2021-06-30,2021-07-13,2021,連續三次,True,49371.0,True,False,True
2613,2021-06-28,2021-06-29,2021-07-12,2021,連續三次,True,37105.0,True,False,True
2614,2021-06-16,2021-06-17,2021-06-30,2021,連續五次,True,139197.0,True,False,True
2614,2021-06-21,2021-06-22,2021-07-05,2021,連續三次,True,139197.0,True,False,True
2614,2021-07-13,2021-07-14,2021-07-27,2021,最近十個營業日已有六次,True,139197.0,True,False,True
2615,2021-05-28,2021-05-31,2021-06-11,2021,連續三次,True,554574.0,True,False,True
2615,2024-05-15,2024-05-16,2024-05-31,2024,連續三次及當日沖銷標準,True,701536.0,True,False,True
2616,2026-03-09,2026-03-10,2026-03-23,2026,連續三次,True,34320.0,True,False,True
2617,2021-05-18,2021-05-19,2021-06-01,2021,連續三次,True,104323.0,True,False,True
2630,2020-03-23,2020-03-24,2020-04-08,2020,連續三次,True,,False,False,False
2630,2023-04-19,2023-04-20,2023-05-04,2023,連續三次,True,,False,False,False
2630,2025-08-18,2025-08-19,2025-09-03,2025,連續五次及當日沖銷標準,True,52359.0,True,False,True
2636,2021-06-02,2021-06-03,2021-06-17,2021,連續三次,True,31789.0,True,False,True
2637,2021-04-23,2021-04-26,2021-05-10,2021,連續三次,True,186602.0,True,False,True
2641,2021-04-22,2021-04-23,2021-05-07,2021,因連續3個營業日達本中心作業要點第四條第一項第一款,True,38158.0,True,False,True
2641,2021-06-17,2021-06-18,2021-07-01,2021,因連續3個營業日達本中心作業要點第四條第一項第一款,True,38158.0,True,False,True
2641,2021-06-23,2021-06-24,2021-07-07,2021,因連續3個營業日達本中心作業要點第四條第一項第一款,True,38158.0,True,False,True
2642,2021-05-28,2021-05-31,2021-06-11,2021,連續三次,True,23866.0,True,False,True
2642,2021-06-02,2021-06-03,2021-06-17,2021,連續三次,True,23866.0,True,False,True
2702,2018-07-16,2018-07-17,2018-07-30,2018,連續三次,True,25575.0,True,False,True
2702,2018-08-17,2018-08-20,2018-08-31,2018,連續三次,True,25575.0,True,False,True
2702,2018-08-22,2018-08-23,2018-09-05,2018,連續三次,True,25575.0,True,False,True
2702,2018-11-30,2018-12-03,2018-12-14,2018,連續三次,True,25575.0,True,False,True
2702,2018-12-05,2018-12-06,2018-12-19,2018,連續三次,True,25575.0,True,False,True
2712,2020-05-29,2020-06-01,2020-06-12,2020,連續三次,True,26250.0,True,False,True
2718,2020-04-01,2020-04-06,2020-04-17,2020,因連續3個營業日達本中心作業要點第四條第一項第一款,True,,False,False,False
2718,2021-03-19,2021-03-22,2021-04-06,2021,因連續3個營業日達本中心作業要點第四條第一項第一款,True,,False,False,False
2718,2021-03-24,2021-03-25,2021-04-09,2021,因連續3個營業日達本中心作業要點第四條第一項第一款,True,,False,False,False
2719,2020-06-01,2020-06-02,2020-06-15,2020,因連續3個營業日達本中心作業要點第四條第一項第一款,True,0.0,False,False,False
2719,2020-06-04,2020-06-05,2020-06-18,2020,因連續3個營業日達本中心作業要點第四條第一項第一款,True,0.0,False,False,False
2719,2020-06-09,2020-06-10,2020-06-23,2020,因連續3個營業日達本中心作業要點第四條第一項第一款,True,0.0,False,False,False
2719,2022-12-02,2022-12-05,2022-12-16,2022,因連續3個營業日達本中心作業要點第四條第一項第一款,True,0.0,False,False,False
2719,2023-02-22,2023-02-23,2023-03-10,2023,因連續3個營業日達本中心作業要點第四條第一項第一款,True,0.0,False,False,False
2719,2023-05-24,2023-05-25,2023-06-07,2023,因連續3個營業日達本中心作業要點第四條第一項第一款,True,0.0,False,False,False
2722,2020-06-01,2020-06-02,2020-06-15,2020,連續三次,True,27880.0,True,False,True
2722,2023-06-26,2023-06-27,2023-07-12,2023,連續三次及當日沖銷標準,True,27880.0,True,False,True
2724,2018-01-17,2018-01-18,2018-01-31,2018,因連續3個營業日達本中心作業要點第四條第一項第一款,True,0.0,False,False,False
2724,2024-04-16,2024-04-17,2024-04-30,2024,因連續3個營業日達本中心作業要點第四條第一項第一款,True,0.0,False,False,False
2734,2019-07-25,2019-07-26,2019-08-08,2019,因連續3個營業日達本中心作業要點第四條第一項第一款,True,7564.0,True,False,True
2734,2020-05-29,2020-06-01,2020-06-12,2020,因連續3個營業日達本中心作業要點第四條第一項第一款,True,0.0,False,False,False
2734,2021-02-26,2021-03-02,2021-03-15,2021,因連續3個營業日達本中心作業要點第四條第一項第一款,True,0.0,False,False,False
2734,2023-06-08,2023-06-09,2023-06-26,2023,因連續3個營業日達本中心作業要點第四條第一項第一款,True,0.0,False,False,False
2736,2018-11-30,2018-12-03,2018-12-14,2018,因連續3個營業日達本中心作業要點第四條第一項第一款,True,12248.0,True,False,True
2736,2018-12-05,2018-12-06,2018-12-19,2018,因連續3個營業日達本中心作業要點第四條第一項第一款,True,12248.0,True,False,True
2736,2023-05-29,2023-05-30,2023-06-14,2023,連續3個營業日及沖銷標準,True,12248.0,True,False,True
2739,2023-02-24,2023-03-01,2023-03-14,2023,連續三次,True,0.0,False,False,False
2739,2023-03-03,2023-03-06,2023-03-17,2023,連續三次,True,0.0,False,False,False
2740,2020-06-02,2020-06-03,2020-06-16,2020,因連續3個營業日達本中心作業要點第四條第一項第一款,False,,False,False,False
2740,2020-06-05,2020-06-08,2020-06-19,2020,因連續3個營業日達本中心作業要點第四條第一項第一款,False,,False,False,False
2743,2021-02-26,2021-03-02,2021-03-15,2021,因連續3個營業日達本中心作業要點第四條第一項第一款,True,8007.0,True,False,True
2743,2022-02-23,2022-02-24,2022-03-14,2022,連續3個營業日及沖銷標準,True,8007.0,True,False,True
2743,2022-05-18,2022-05-19,2022-06-01,2022,最近30個營業日內有12個營業日,True,8007.0,True,False,True
2743,2023-05-17,2023-05-18,2023-05-31,2023,因連續3個營業日達本中心作業要點第四條第一項第一款,True,9002.0,True,False,True
2743,2023-05-22,2023-05-23,2023-06-07,2023,連續3個營業日及沖銷標準,True,9002.0,True,False,True
2743,2023-06-14,2023-06-15,2023-07-04,2023,連續5個營業日及沖銷標準,True,9002.0,True,False,True
2743,2023-07-11,2023-07-12,2023-07-27,2023,連續5個營業日及沖銷標準,True,9002.0,True,False,True
2743,2023-08-10,2023-08-11,2023-08-24,2023,最近10個營業日內有6個營業日,True,9002.0,True,False,True
2745,2022-02-22,2022-02-23,2022-03-09,2022,因連續3個營業日達本中心作業要點第四條第一項第一款,True,,False,False,False
2745,2022-06-07,2022-06-08,2022-06-21,2022,因連續3個營業日達本中心作業要點第四條第一項第一款,True,,False,False,False
2745,2023-05-18,2023-05-19,2023-06-01,2023,因連續3個營業日達本中心作業要點第四條第一項第一款,True,,False,False,False
2745,2023-05-23,2023-05-24,2023-06-06,2023,因連續3個營業日達本中心作業要點第四條第一項第一款,True,,False,False,False
2745,2023-06-09,2023-06-12,2023-06-27,2023,因連續3個營業日達本中心作業要點第四條第一項第一款,True,,False,False,False
2745,2023-07-14,2023-07-17,2023-07-28,2023,最近10個營業日內有6個營業日,True,,False,False,False
2745,2024-04-29,2024-04-30,2024-05-14,2024,因連續3個營業日達本中心作業要點第四條第一項第一款,True,8452.0,True,False,True
2754,2023-02-17,2023-02-20,2023-03-09,2023,連續3個營業日及沖銷標準,True,11673.0,True,False,True
2754,2023-03-16,2023-03-17,2023-03-30,2023,因連續3個營業日達本中心作業要點第四條第一項第一款,True,11678.0,True,False,True
2816,2023-09-07,2023-09-08,2023-09-21,2023,連續五次,True,55902.0,True,False,True
2911,2026-05-22,2026-05-25,2026-06-05,2026,連續三次,True,24931.0,True,False,True
2911,2026-05-27,2026-05-28,2026-06-10,2026,連續三次,True,24931.0,True,False,True
2923,2026-04-17,2026-04-20,2026-05-04,2026,連續三次,False,,False,False,False
2924,2022-02-25,2022-03-01,2022-03-14,2022,因連續3個營業日達本中心作業要點第四條第一項第一款,True,0.0,False,False,False
2924,2022-03-03,2022-03-04,2022-03-17,2022,因連續3個營業日達本中心作業要點第四條第一項第一款,True,0.0,False,False,False
2924,2024-08-05,2024-08-06,2024-08-19,2024,因連續3個營業日達本中心作業要點第四條第一項第一款,True,0.0,False,False,False
2928,2020-02-17,2020-02-18,2020-03-03,2020,因連續3個營業日達本中心作業要點第四條第一項第一款,True,11825.0,True,False,True
2928,2020-03-30,2020-03-31,2020-04-15,2020,因連續3個營業日達本中心作業要點第四條第一項第一款,True,11825.0,True,False,True
2929,2020-12-09,2020-12-10,2020-12-23,2020,連續三次,True,23738.0,True,False,True
2929,2020-12-14,2020-12-15,2020-12-28,2020,連續三次,True,23738.0,True,False,True
2929,2021-03-25,2021-03-26,2021-04-12,2021,連續三次,True,0.0,False,False,False
2929,2021-05-12,2021-05-13,2021-05-26,2021,連續三次,True,27373.0,True,False,True
2929,2022-05-23,2022-05-24,2022-06-07,2022,連續三次,True,27373.0,True,False,True
2929,2024-10-08,2024-10-09,2024-10-23,2024,連續三次,True,27373.0,True,False,True
2936,2022-03-07,2022-03-08,2022-03-21,2022,連續三次,True,19013.0,True,False,True
2939,2020-12-07,2020-12-08,2020-12-21,2020,連續三次,True,0.0,False,False,False
2939,2021-03-02,2021-03-03,2021-03-16,2021,連續三次,True,0.0,False,False,False
2939,2021-12-24,2021-12-27,2022-01-10,2021,連續三次,True,11387.0,True,False,True
3006,2021-04-13,2021-04-14,2021-04-27,2021,連續五次,True,71524.0,True,False,True
3006,2026-01-05,2026-01-06,2026-01-19,2026,連續三次,True,71543.0,True,False,True
3006,2026-01-08,2026-01-09,2026-01-22,2026,連續三次,True,71543.0,True,False,True
3006,2026-03-19,2026-03-20,2026-04-02,2026,連續三次,True,73224.0,True,False,True
3006,2026-08-10,2026-08-11,2026-08-17,2026,連續三次,True,74531.0,True,False,True
3008,2026-05-19,2026-05-20,2026-06-02,2026,連續三次,True,33367.0,True,False,True
3008,2026-09-02,2026-09-03,2026-09-09,2026,連續三次,True,32699.0,True,False,True
3011,2022-03-28,2022-03-29,2022-04-13,2022,連續三次,True,0.0,False,False,False
3013,2023-07-06,2023-07-07,2023-07-20,2023,連續三次,True,38983.0,True,False,True
3013,2024-03-08,2024-03-11,2024-03-26,2024,連續三次及當日沖銷標準,True,38983.0,True,False,True
3016,2021-11-23,2021-11-24,2021-12-09,2021,連續五次及當日沖銷標準,True,70580.0,True,False,True
3016,2026-05-06,2026-05-07,2026-05-20,2026,連續三次,True,72135.0,True,False,True
3016,2026-05-11,2026-05-12,2026-05-25,2026,連續三次,True,72135.0,True,False,True
3016,2026-09-30,2026-10-01,2026-10-12,2026,連續三次及當日沖銷標準,True,73470.0,True,False,True
3018,2018-08-21,2018-08-22,2018-09-04,2018,連續三次,True,14914.0,True,False,True
3018,2018-08-24,2018-08-27,2018-09-07,2018,連續三次,True,14914.0,True,False,True
3018,2018-08-29,2018-08-30,2018-09-12,2018,連續三次,True,14914.0,True,False,True
3018,2023-07-10,2023-07-11,2023-07-24,2023,連續三次,True,0.0,False,False,False
3018,2024-07-05,2024-07-08,2024-07-19,2024,連續三次,True,0.0,False,False,False
3019,2024-12-20,2024-12-23,2025-01-08,2024,連續三次及當日沖銷標準,True,69810.0,True,False,True
3021,2021-03-26,2021-03-29,2021-04-13,2021,連續三次,True,23500.0,True,False,True
3021,2026-05-29,2026-06-01,2026-06-12,2026,連續三次,True,23722.0,True,False,True
3021,2026-06-03,2026-06-04,2026-06-17,2026,連續三次,True,23722.0,True,False,True
3025,2018-06-14,2018-06-15,2018-06-29,2018,最近十個營業日已有六次,True,17730.0,True,False,True
3025,2020-12-02,2020-12-03,2020-12-16,2020,最近十個營業日已有六次,True,17730.0,True,False,True
3026,2018-05-14,2018-05-15,2018-05-28,2018,連續三次,True,39497.0,True,False,True
3026,2026-04-14,2026-04-15,2026-04-28,2026,連續三次,True,41472.0,True,False,True
3026,2026-05-11,2026-05-12,2026-05-25,2026,連續三次,True,41472.0,True,False,True
3026,2026-05-14,2026-05-15,2026-05-28,2026,連續三次,True,41472.0,True,False,True
3026,2026-05-25,2026-05-26,2026-06-08,2026,連續三次,True,41472.0,True,False,True
3026,2026-05-28,2026-05-29,2026-06-11,2026,連續三次,True,41472.0,True,False,True
3026,2026-06-17,2026-06-18,2026-07-02,2026,連續三次,True,41472.0,True,False,True
3026,2026-07-21,2026-07-22,2026-08-04,2026,連續三次,True,41472.0,True,False,True
3026,2026-07-31,2026-08-03,2026-08-07,2026,連續三次,True,41472.0,True,False,True
3026,2026-08-13,2026-08-14,2026-08-20,2026,連續三次,True,41472.0,True,False,True
3030,2026-05-07,2026-05-08,2026-05-21,2026,連續三次,True,59054.0,True,False,True
3035,2021-07-14,2021-07-15,2021-07-28,2021,連續五次,True,62137.0,True,False,True
3035,2023-07-24,2023-07-25,2023-08-09,2023,連續三次及當日沖銷標準,True,62137.0,True,False,True
3037,2026-03-02,2026-03-03,2026-03-16,2026,連續三次,True,393882.0,True,False,True
3037,2026-03-18,2026-03-19,2026-04-01,2026,連續三次,True,393882.0,True,False,True
3037,2026-04-13,2026-04-14,2026-04-27,2026,連續三次,True,393882.0,True,False,True
3037,2026-08-07,2026-08-10,2026-08-14,2026,連續三次,True,410330.0,True,False,True
3040,2020-05-06,2020-05-07,2020-05-20,2020,連續三次,True,15750.0,True,False,True
3040,2025-06-25,2025-06-26,2025-07-09,2025,連續三次,True,15750.0,True,False,True
3041,2020-07-08,2020-07-09,2020-07-22,2020,連續三次,True,48134.0,True,False,True
3041,2023-10-25,2023-10-26,2023-11-08,2023,連續三次,True,48490.0,True,False,True
3042,2026-04-15,2026-04-16,2026-04-29,2026,連續三次,True,79498.0,True,False,True
3042,2026-04-20,2026-04-21,2026-05-05,2026,連續三次,True,79498.0,True,False,True
3043,2020-07-22,2020-07-23,2020-08-05,2020,連續五次,True,0.0,False,False,False
3043,2020-08-05,2020-08-06,2020-08-19,2020,最近十個營業日已有六次,True,0.0,False,False,False
3043,2020-08-25,2020-08-26,2020-09-08,2020,最近十個營業日已有六次,True,0.0,False,False,False
3043,2020-08-31,2020-09-01,2020-09-14,2020,連續三次,True,0.0,False,False,False
3043,2020-09-03,2020-09-04,2020-09-17,2020,連續三次,True,0.0,False,False,False
3043,2020-09-08,2020-09-09,2020-09-22,2020,連續三次,True,0.0,False,False,False
3043,2020-09-11,2020-09-14,2020-09-25,2020,連續三次,True,0.0,False,False,False
3043,2020-10-07,2020-10-08,2020-10-22,2020,連續三次,True,0.0,False,False,False
3043,2022-08-25,2022-08-26,2022-09-08,2022,連續三次,True,0.0,False,False,False
3043,2022-08-30,2022-08-31,2022-09-14,2022,連續三次,True,0.0,False,False,False
3043,2023-08-18,2023-08-21,2023-09-01,2023,連續三次,True,9743.0,True,False,True
3046,2020-03-17,2020-03-18,2020-03-31,2020,連續三次,True,8315.0,True,False,True
3046,2020-03-20,2020-03-23,2020-04-07,2020,連續三次,True,8315.0,True,False,True
3046,2020-04-17,2020-04-20,2020-05-04,2020,連續三次,True,0.0,False,False,False
3046,2021-04-12,2021-04-13,2021-04-26,2021,連續三次,True,0.0,False,False,False
3046,2021-11-24,2021-11-25,2021-12-08,2021,連續三次,True,0.0,False,False,False
3047,2024-07-11,2024-07-12,2024-07-25,2024,最近十個營業日已有六次,True,55741.0,True,False,True
3048,2025-09-01,2025-09-02,2025-09-15,2025,連續三次,True,61207.0,True,False,True
3051,2021-12-14,2021-12-15,2021-12-28,2021,連續三次,True,0.0,False,False,False
3054,2026-03-12,2026-03-13,2026-03-26,2026,最近十個營業日已有六次,True,20162.0,True,False,True
3054,2026-03-17,2026-03-18,2026-03-31,2026,連續三次,True,20162.0,True,False,True
3055,2025-04-14,2025-04-15,2025-04-28,2025,連續三次,True,25610.0,True,False,True
3055,2026-07-03,2026-07-06,2026-07-20,2026,連續三次,True,25610.0,True,False,True
3055,2026-07-08,2026-07-09,2026-07-23,2026,連續三次,True,25610.0,True,False,True
3055,2026-07-30,2026-07-31,2026-08-07,2026,連續三次,True,25610.0,True,False,True
3055,2026-09-11,2026-09-14,2026-09-18,2026,最近十個營業日已有六次,True,25610.0,True,False,True
3055,2026-09-30,2026-10-01,2026-10-12,2026,連續五次及當日沖銷標準,True,25610.0,True,False,True
3057,2021-04-28,2021-04-29,2021-05-13,2021,連續三次,True,0.0,False,False,False
3058,2021-04-12,2021-04-13,2021-04-26,2021,連續三次,True,40484.0,True,False,True
3058,2023-02-23,2023-02-24,2023-03-13,2023,連續五次,True,0.0,False,False,False
3058,2023-04-21,2023-04-24,2023-05-08,2023,連續三次,True,0.0,False,False,False
3060,2021-04-26,2021-04-27,2021-05-11,2021,連續三次,True,34390.0,True,False,True
3060,2021-04-29,2021-05-03,2021-05-14,2021,連續三次,True,34390.0,True,False,True
3060,2024-04-16,2024-04-17,2024-04-30,2024,連續三次,True,34390.0,True,False,True
3064,2018-03-28,2018-03-29,2018-04-13,2018,因連續3個營業日達本中心作業要點第四條第一項第一款,True,0.0,False,False,False
3064,2020-08-21,2020-08-24,2020-09-04,2020,因連續3個營業日達本中心作業要點第四條第一項第一款,True,0.0,False,False,False
3064,2024-05-22,2024-05-23,2024-06-05,2024,因連續3個營業日達本中心作業要點第四條第一項第一款,True,0.0,False,False,False
3064,2024-05-27,2024-05-28,2024-06-11,2024,因連續3個營業日達本中心作業要點第四條第一項第一款,True,0.0,False,False,False
3066,2021-03-08,2021-03-09,2021-03-22,2021,因連續3個營業日達本中心作業要點第四條第一項第一款,True,0.0,False,False,False
3066,2021-12-01,2021-12-02,2021-12-15,2021,因連續3個營業日達本中心作業要點第四條第一項第一款,True,0.0,False,False,False
3066,2021-12-06,2021-12-07,2021-12-20,2021,因連續3個營業日達本中心作業要點第四條第一項第一款,True,0.0,False,False,False
3066,2022-02-16,2022-02-17,2022-03-03,2022,因連續3個營業日達本中心作業要點第四條第一項第一款,True,0.0,False,False,False
3066,2026-03-19,2026-03-20,2026-04-02,2026,因連續3個營業日達本中心作業要點第四條第一項第一款,True,19392.0,True,False,True
3068,2018-05-29,2018-05-30,2018-06-12,2018,因連續3個營業日達本中心作業要點第四條第一項第一款,True,23366.0,True,False,True
3071,2025-08-18,2025-08-19,2025-09-01,2025,因連續3個營業日達本中心作業要點第四條第一項第一款,True,27500.0,True,False,True
3073,2018-03-23,2018-03-26,2018-04-10,2018,因連續3個營業日達本中心作業要點第四條第一項第一款,True,0.0,False,False,False
3073,2020-06-03,2020-06-04,2020-06-17,2020,因連續3個營業日達本中心作業要點第四條第一項第一款,True,0.0,False,False,False
3073,2021-02-24,2021-02-25,2021-03-11,2021,因連續3個營業日達本中心作業要點第四條第一項第一款,True,0.0,False,False,False
3073,2021-03-02,2021-03-03,2021-03-16,2021,因連續3個營業日達本中心作業要點第四條第一項第一款,True,0.0,False,False,False
3073,2023-06-28,2023-06-29,2023-07-12,2023,因連續3個營業日達本中心作業要點第四條第一項第一款,True,2176.0,True,False,True
3073,2024-07-22,2024-07-23,2024-08-05,2024,因連續3個營業日達本中心作業要點第四條第一項第一款,True,2176.0,True,False,True
3073,2024-08-27,2024-08-28,2024-09-12,2024,連續5個營業日及沖銷標準,True,2176.0,True,False,True
3073,2025-05-07,2025-05-08,2025-05-23,2025,連續3個營業日及沖銷標準,True,3426.0,True,False,True
3078,2021-02-24,2021-02-25,2021-03-11,2021,因連續3個營業日達本中心作業要點第四條第一項第一款,True,56847.0,True,False,True
3081,2024-09-03,2024-09-04,2024-09-20,2024,連續3個營業日及沖銷標準,True,22961.0,True,False,True
3081,2024-10-07,2024-10-08,2024-10-24,2024,連續3個營業日及沖銷標準,True,23132.0,True,False,True
3081,2024-11-01,2024-11-04,2024-11-19,2024,連續5個營業日及沖銷標準,True,23132.0,True,False,True
3081,2024-11-26,2024-11-27,2024-12-12,2024,連續5個營業日及沖銷標準,True,23132.0,True,False,True
3081,2024-12-17,2024-12-18,2024-12-31,2024,最近10個營業日內有6個營業日,True,23132.0,True,False,True
3081,2024-12-31,2025-01-02,2025-01-15,2024,最近10個營業日內有6個營業日,True,23132.0,True,False,True
3081,2025-01-21,2025-01-22,2025-02-17,2025,連續3個營業日及沖銷標準,True,23132.0,True,False,True
3081,2025-03-06,2025-03-07,2025-03-20,2025,連續5個營業日,True,23132.0,True,False,True
3081,2025-04-21,2025-04-22,2025-05-06,2025,最近10個營業日內有6個營業日,True,23132.0,True,False,True
3081,2025-05-15,2025-05-16,2025-06-03,2025,連續5個營業日及沖銷標準,True,23132.0,True,False,True
3081,2025-06-13,2025-06-16,2025-06-27,2025,最近10個營業日內有6個營業日,True,23132.0,True,False,True
3081,2025-07-11,2025-07-14,2025-07-25,2025,最近10個營業日內有6個營業日,True,23130.0,True,False,True
3081,2025-08-01,2025-08-04,2025-08-15,2025,連續5個營業日,True,23130.0,True,False,True
3081,2025-08-22,2025-08-25,2025-09-05,2025,連續5個營業日,True,23130.0,True,False,True
3081,2025-09-19,2025-09-22,2025-10-07,2025,最近10個營業日內有6個營業日,True,23130.0,True,False,True
3081,2025-10-31,2025-11-03,2025-11-14,2025,最近10個營業日內有6個營業日,True,23130.0,True,False,True
3081,2025-12-01,2025-12-02,2025-12-15,2025,連續5個營業日,True,23130.0,True,False,True
3081,2025-12-22,2025-12-23,2026-01-09,2025,連續5個營業日及沖銷標準,True,23130.0,True,False,True
3081,2026-01-29,2026-01-30,2026-02-23,2026,因連續3個營業日達本中心作業要點第四條第一項第一款,True,23130.0,True,False,True
3081,2026-02-03,2026-02-04,2026-02-26,2026,因連續3個營業日達本中心作業要點第四條第一項第一款,True,23130.0,True,False,True
3081,2026-03-11,2026-03-12,2026-03-25,2026,最近10個營業日內有6個營業日,True,23129.0,True,False,True
3081,2026-08-10,2026-08-11,2026-08-17,2026,連續3個營業日,True,23129.0,True,False,True
3085,2018-12-17,2018-12-18,2018-12-28,2018,因連續3個營業日達本中心作業要點第四條第一項第一款,True,0.0,False,False,False
3085,2020-09-22,2020-09-23,2020-10-08,2020,因連續3個營業日達本中心作業要點第四條第一項第一款,True,0.0,False,False,False
3085,2021-09-17,2021-09-22,2021-10-05,2021,因連續3個營業日達本中心作業要點第四條第一項第一款,True,0.0,False,False,False
3085,2021-09-24,2021-09-27,2021-10-08,2021,因連續3個營業日達本中心作業要點第四條第一項第一款,True,0.0,False,False,False
3085,2021-09-29,2021-09-30,2021-10-14,2021,因連續3個營業日達本中心作業要點第四條第一項第一款,True,0.0,False,False,False
3085,2021-12-16,2021-12-17,2021-12-30,2021,因連續3個營業日達本中心作業要點第四條第一項第一款,True,0.0,False,False,False
3085,2023-11-17,2023-11-20,2023-12-01,2023,因連續3個營業日達本中心作業要點第四條第一項第一款,True,0.0,False,False,False
3085,2024-09-24,2024-09-25,2024-10-08,2024,因連續3個營業日達本中心作業要點第四條第一項第一款,True,0.0,False,False,False
3086,2019-04-03,2019-04-08,2019-04-19,2019,因連續3個營業日達本中心作業要點第四條第一項第一款,True,0.0,False,False,False
3086,2020-01-31,2020-02-03,2020-02-14,2020,因連續3個營業日達本中心作業要點第四條第一項第一款,True,0.0,False,True,False
3086,2020-11-24,2020-11-25,2020-12-08,2020,因連續3個營業日達本中心作業要點第四條第一項第一款,True,0.0,False,False,False
3086,2020-12-31,2021-01-04,2021-01-15,2020,因連續3個營業日達本中心作業要點第四條第一項第一款,True,0.0,False,False,False
3086,2021-01-06,2021-01-07,2021-01-20,2021,因連續3個營業日達本中心作業要點第四條第一項第一款,True,0.0,False,False,False
3086,2021-01-11,2021-01-12,2021-01-25,2021,因連續3個營業日達本中心作業要點第四條第一項第一款,True,0.0,False,False,False
3086,2021-02-01,2021-02-02,2021-02-24,2021,因連續3個營業日達本中心作業要點第四條第一項第一款,True,0.0,False,False,False
3086,2021-02-04,2021-02-05,2021-03-02,2021,因連續3個營業日達本中心作業要點第四條第一項第一款,True,0.0,False,False,False
3086,2021-02-18,2021-02-19,2021-03-05,2021,因連續3個營業日達本中心作業要點第四條第一項第一款,True,0.0,False,False,False
3086,2024-01-10,2024-01-11,2024-01-24,2024,最近10個營業日內有6個營業日,True,4088.0,True,False,True
3089,2018-03-26,2018-03-27,2018-04-11,2018,因連續3個營業日達本中心作業要點第四條第一項第一款,True,0.0,False,False,False
3089,2023-06-29,2023-06-30,2023-07-13,2023,因連續3個營業日達本中心作業要點第四條第一項第一款,True,0.0,False,False,False
3089,2023-07-04,2023-07-05,2023-07-18,2023,因連續3個營業日達本中心作業要點第四條第一項第一款,True,0.0,False,False,False
3089,2023-07-14,2023-07-17,2023-07-28,2023,因連續3個營業日達本中心作業要點第四條第一項第一款,True,0.0,False,False,False
3090,2018-05-30,2018-05-31,2018-06-13,2018,最近十個營業日已有六次,True,41742.0,True,False,True
3090,2026-05-21,2026-05-22,2026-06-04,2026,連續三次,True,71891.0,True,False,True
3090,2026-05-26,2026-05-27,2026-06-09,2026,連續三次,True,71891.0,True,False,True
3090,2026-06-22,2026-06-23,2026-07-08,2026,連續三次及當日沖銷標準,True,71891.0,True,False,True
3090,2026-07-17,2026-07-20,2026-07-31,2026,連續三次,True,71891.0,True,False,True
3092,2025-12-31,2026-01-02,2026-01-15,2025,連續三次,True,26638.0,True,False,True
3092,2026-03-03,2026-03-04,2026-03-17,2026,連續三次,True,26638.0,True,False,True
3093,2021-03-31,2021-04-01,2021-04-16,2021,因連續3個營業日達本中心作業要點第四條第一項第一款,True,9072.0,True,False,True
3093,2021-04-07,2021-04-08,2021-04-21,2021,因連續3個營業日達本中心作業要點第四條第一項第一款,True,9072.0,True,False,True
3093,2026-03-16,2026-03-17,2026-03-30,2026,因連續3個營業日達本中心作業要點第四條第一項第一款,True,36288.0,True,False,True
3093,2026-03-19,2026-03-20,2026-04-02,2026,因連續3個營業日達本中心作業要點第四條第一項第一款,True,36288.0,True,False,True
3094,2021-03-22,2021-03-23,2021-04-07,2021,連續三次,True,21158.0,True,False,True
3094,2026-10-06,2026-10-07,2026-10-14,2026,最近十個營業日已有六次,True,20779.0,True,False,True
3095,2022-11-18,2022-11-21,2022-12-02,2022,因連續3個營業日達本中心作業要點第四條第一項第一款,True,0.0,False,False,False
3105,2018-04-26,2018-04-27,2018-05-11,2018,因連續3個營業日達本中心作業要點第四條第一項第一款,True,100666.0,True,False,True
3105,2018-07-26,2018-07-27,2018-08-09,2018,因連續3個營業日達本中心作業要點第四條第一項第一款,True,100666.0,True,False,True
3105,2026-03-02,2026-03-03,2026-03-16,2026,因連續3個營業日達本中心作業要點第四條第一項第一款,True,105985.0,True,False,True
3114,2021-08-03,2021-08-04,2021-08-17,2021,因連續3個營業日達本中心作業要點第四條第一項第一款,True,14770.0,True,False,True
3114,2021-08-06,2021-08-09,2021-08-20,2021,因連續3個營業日達本中心作業要點第四條第一項第一款,True,14770.0,True,False,True
3114,2026-06-08,2026-06-09,2026-06-23,2026,因連續3個營業日達本中心作業要點第四條第一項第一款,True,16282.0,True,False,True
3115,2018-04-03,2018-04-09,2018-04-20,2018,因連續3個營業日達本中心作業要點第四條第一項第一款,False,,False,False,False
3115,2020-05-25,2020-05-26,2020-06-08,2020,因連續3個營業日達本中心作業要點第四條第一項第一款,False,,False,False,False
3115,2020-05-28,2020-05-29,2020-06-11,2020,因連續3個營業日達本中心作業要點第四條第一項第一款,False,,False,False,False
3122,2020-05-13,2020-05-14,2020-05-27,2020,因連續3個營業日達本中心作業要點第四條第一項第一款,True,9574.0,True,False,True
3122,2021-02-25,2021-02-26,2021-03-12,2021,因連續3個營業日達本中心作業要點第四條第一項第一款,True,9574.0,True,False,True
3122,2021-03-23,2021-03-24,2021-04-08,2021,因連續3個營業日達本中心作業要點第四條第一項第一款,True,9574.0,True,False,True
3122,2021-03-26,2021-03-29,2021-04-13,2021,因連續3個營業日達本中心作業要點第四條第一項第一款,True,9574.0,True,False,True
3122,2024-06-12,2024-06-13,2024-06-28,2024,連續3個營業日及沖銷標準,True,10049.0,True,False,True
3122,2025-07-01,2025-07-02,2025-07-15,2025,因連續3個營業日達本中心作業要點第四條第一項第一款,True,10191.0,True,False,True
3128,2025-04-18,2025-04-21,2025-05-05,2025,因連續3個營業日達本中心作業要點第四條第一項第一款,True,10500.0,True,False,True
3131,2019-12-16,2019-12-17,2019-12-30,2019,因連續3個營業日達本中心作業要點第四條第一項第一款,True,,False,False,False
3135,2026-03-31,2026-04-01,2026-04-16,2026,最近十個營業日已有六次,True,,False,False,False
3135,2026-05-15,2026-05-18,2026-05-29,2026,連續五次,True,23712.0,True,False,True
3138,2021-01-08,2021-01-11,2021-01-22,2021,連續三次,True,,False,False,False
3138,2021-01-13,2021-01-14,2021-01-27,2021,連續三次,True,,False,False,False
3138,2021-02-19,2021-02-22,2021-03-08,2021,最近十個營業日已有六次,True,,False,False,False
3138,2021-04-16,2021-04-19,2021-05-03,2021,連續三次,True,,False,False,False
3138,2026-01-15,2026-01-16,2026-01-29,2026,連續三次,True,12577.0,True,False,True
3141,2021-07-02,2021-07-05,2021-07-16,2021,因連續3個營業日達本中心作業要點第四條第一項第一款,True,16382.0,True,False,True
3141,2021-09-23,2021-09-24,2021-10-07,2021,最近10個營業日內有6個營業日,True,18612.0,True,False,True
3147,2019-02-26,2019-02-27,2019-03-14,2019,因連續3個營業日達本中心作業要點第四條第一項第一款,True,8501.0,True,False,True
3147,2025-04-28,2025-04-29,2025-05-15,2025,連續3個營業日及沖銷標準,True,9751.0,True,False,True
3147,2026-06-05,2026-06-08,2026-06-22,2026,因連續3個營業日達本中心作業要點第四條第一項第一款,True,10921.0,True,False,True
3147,2026-06-10,2026-06-11,2026-06-25,2026,因連續3個營業日達本中心作業要點第四條第一項第一款,True,10921.0,True,False,True
3147,2026-07-03,2026-07-06,2026-07-20,2026,因連續3個營業日達本中心作業要點第四條第一項第一款,True,10921.0,True,False,True
3149,2020-12-31,2021-01-04,2021-01-15,2020,連續三次,True,0.0,False,False,False
3149,2021-04-08,2021-04-09,2021-04-22,2021,連續三次,True,0.0,False,False,False
3149,2026-06-05,2026-06-08,2026-06-22,2026,連續五次,True,53533.0,True,False,True
3152,2018-12-03,2018-12-04,2018-12-17,2018,因連續3個營業日達本中心作業要點第四條第一項第一款,True,17254.0,True,False,True
3162,2019-08-02,2019-08-05,2019-08-16,2019,因連續3個營業日達本中心作業要點第四條第一項第一款,True,0.0,False,False,False
3162,2020-05-14,2020-05-15,2020-05-28,2020,因連續3個營業日達本中心作業要點第四條第一項第一款,True,0.0,False,False,False
3163,2025-11-03,2025-11-04,2025-11-19,2025,連續5個營業日及沖銷標準,True,20135.0,True,False,True
3163,2025-12-15,2025-12-16,2026-01-02,2025,連續5個營業日及沖銷標準,True,20135.0,True,False,True
3163,2026-01-09,2026-01-12,2026-01-23,2026,連續5個營業日,True,20135.0,True,False,True
3163,2026-01-30,2026-02-02,2026-02-24,2026,連續5個營業日,True,20135.0,True,False,True
3163,2026-02-23,2026-02-24,2026-03-10,2026,因連續3個營業日達本中心作業要點第四條第一項第一款,True,20135.0,True,False,True
3163,2026-02-26,2026-03-02,2026-03-13,2026,因連續3個營業日達本中心作業要點第四條第一項第一款,True,20135.0,True,False,True
3163,2026-03-17,2026-03-18,2026-03-31,2026,因連續3個營業日達本中心作業要點第四條第一項第一款,True,20135.0,True,False,True
3163,2026-04-09,2026-04-10,2026-04-23,2026,因連續3個營業日達本中心作業要點第四條第一項第一款,True,20135.0,True,False,True
3163,2026-05-06,2026-05-07,2026-05-20,2026,最近10個營業日內有6個營業日,True,20135.0,True,False,True
3163,2026-06-18,2026-06-22,2026-07-03,2026,最近10個營業日內有6個營業日,True,20135.0,True,False,True
3163,2026-08-12,2026-08-13,2026-08-21,2026,連續5個營業日,True,20135.0,True,False,True
3163,2026-08-28,2026-08-31,2026-09-04,2026,連續5個營業日,True,23658.0,True,False,True
3167,2024-09-24,2024-09-25,2024-10-11,2024,連續三次及當日沖銷標準,True,20625.0,True,False,True
3167,2025-09-09,2025-09-10,2025-09-23,2025,最近十個營業日已有六次,True,22090.0,True,False,True
3167,2026-02-23,2026-02-24,2026-03-10,2026,連續三次,True,22097.0,True,False,True
3167,2026-03-16,2026-03-17,2026-03-30,2026,連續三次,True,22202.0,True,False,True
3167,2026-04-07,2026-04-08,2026-04-21,2026,連續三次,True,22202.0,True,False,True
3167,2026-04-10,2026-04-13,2026-04-24,2026,連續三次,True,22202.0,True,False,True
3167,2026-04-15,2026-04-16,2026-04-29,2026,連續三次,True,22376.0,True,False,True
3167,2026-05-04,2026-05-05,2026-05-18,2026,連續三次,True,22376.0,True,False,True
3167,2026-05-25,2026-05-26,2026-06-08,2026,連續五次,True,22503.0,True,False,True
3167,2026-06-16,2026-06-17,2026-07-01,2026,連續五次,True,22568.0,True,False,True
3167,2026-07-23,2026-07-24,2026-08-06,2026,最近三十個營業日已有十二次,True,22578.0,True,False,True
3167,2026-07-30,2026-07-31,2026-08-07,2026,連續三次,True,22578.0,True,False,True
3167,2026-08-10,2026-08-11,2026-08-17,2026,連續三次,True,22578.0,True,False,True
3167,2026-10-02,2026-10-05,2026-10-12,2026,最近十個營業日已有六次,True,22614.0,True,False,True
3169,2021-02-19,2021-02-22,2021-03-08,2021,因連續3個營業日達本中心作業要點第四條第一項第一款,True,12395.0,True,False,True
3169,2021-06-17,2021-06-18,2021-07-01,2021,因連續3個營業日達本中心作業要點第四條第一項第一款,True,12395.0,True,False,True
3171,2020-04-01,2020-04-06,2020-04-17,2020,因連續3個營業日達本中心作業要點第四條第一項第一款,True,9800.0,True,False,True
3171,2020-04-08,2020-04-09,2020-04-22,2020,因連續3個營業日達本中心作業要點第四條第一項第一款,True,9800.0,True,False,True
3176,2018-09-12,2018-09-13,2018-09-27,2018,因連續3個營業日達本中心作業要點第四條第一項第一款,True,,False,False,False
3176,2018-09-17,2018-09-18,2018-10-02,2018,因連續3個營業日達本中心作業要點第四條第一項第一款,True,,False,False,False
3176,2020-06-19,2020-06-22,2020-07-07,2020,因連續3個營業日達本中心作業要點第四條第一項第一款,True,,False,False,False
3189,2026-03-19,2026-03-20,2026-04-08,2026,連續三次及當日沖銷標準,True,131731.0,True,False,True
3189,2026-05-27,2026-05-28,2026-06-10,2026,連續三次,True,131731.0,True,False,True
3189,2026-07-02,2026-07-03,2026-07-17,2026,最近十個營業日已有六次,True,131728.0,True,False,True
3189,2026-08-07,2026-08-10,2026-08-14,2026,連續三次,True,131728.0,True,False,True
3191,2019-09-16,2019-09-17,2019-09-30,2019,因連續3個營業日達本中心作業要點第四條第一項第一款,True,0.0,False,False,False
3191,2020-11-03,2020-11-04,2020-11-17,2020,因連續3個營業日達本中心作業要點第四條第一項第一款,True,0.0,False,False,False
3191,2020-11-06,2020-11-09,2020-11-20,2020,因連續3個營業日達本中心作業要點第四條第一項第一款,True,0.0,False,False,False
3191,2020-11-11,2020-11-12,2020-11-25,2020,因連續3個營業日達本中心作業要點第四條第一項第一款,True,0.0,False,False,False
3191,2020-11-16,2020-11-17,2020-11-30,2020,因連續3個營業日達本中心作業要點第四條第一項第一款,True,0.0,False,False,False
3191,2023-07-14,2023-07-17,2023-07-28,2023,因連續3個營業日達本中心作業要點第四條第一項第一款,True,0.0,False,False,False
3191,2026-05-28,2026-05-29,2026-06-11,2026,因連續3個營業日達本中心作業要點第四條第一項第一款,True,0.0,False,False,False
3202,2020-03-19,2020-03-20,2020-04-06,2020,因連續3個營業日達本中心作業要點第四條第一項第一款,True,29291.0,True,False,True
3202,2020-03-24,2020-03-25,2020-04-09,2020,因連續3個營業日達本中心作業要點第四條第一項第一款,True,29291.0,True,False,True
3202,2020-04-01,2020-04-06,2020-04-17,2020,因連續3個營業日達本中心作業要點第四條第一項第一款,True,29291.0,True,False,True
3202,2024-11-21,2024-11-22,2024-12-05,2024,因連續3個營業日達本中心作業要點第四條第一項第一款,True,0.0,False,False,False
3202,2024-11-26,2024-11-27,2024-12-10,2024,因連續3個營業日達本中心作業要點第四條第一項第一款,True,0.0,False,False,False
3205,2022-06-28,2022-06-29,2022-07-14,2022,連續3個營業日及沖銷標準,True,8193.0,True,False,True
3205,2022-09-12,2022-09-13,2022-09-26,2022,最近10個營業日內有6個營業日,True,8136.0,True,False,True
3205,2025-05-21,2025-05-22,2025-06-05,2025,因連續3個營業日達本中心作業要點第四條第一項第一款,True,8136.0,True,False,True
3205,2025-05-26,2025-05-27,2025-06-10,2025,因連續3個營業日達本中心作業要點第四條第一項第一款,True,8136.0,True,False,True
3207,2021-08-31,2021-09-01,2021-09-14,2021,因連續3個營業日達本中心作業要點第四條第一項第一款,True,9880.0,True,False,True
3211,2024-11-14,2024-11-15,2024-11-28,2024,因連續3個營業日達本中心作業要點第四條第一項第一款,True,38098.0,True,False,True
3218,2020-08-17,2020-08-18,2020-08-31,2020,最近10個營業日內有6個營業日,True,19030.0,True,False,True
3218,2020-08-20,2020-08-21,2020-09-03,2020,因連續3個營業日達本中心作業要點第四條第一項第一款,True,19030.0,True,False,True
3219,2019-04-12,2019-04-15,2019-04-26,2019,因連續3個營業日達本中心作業要點第四條第一項第一款,True,0.0,False,False,False
3219,2020-08-31,2020-09-01,2020-09-14,2020,因連續3個營業日達本中心作業要點第四條第一項第一款,True,0.0,False,False,False
3219,2020-09-03,2020-09-04,2020-09-17,2020,因連續3個營業日達本中心作業要點第四條第一項第一款,True,0.0,False,False,False
3219,2021-02-01,2021-02-02,2021-02-24,2021,因連續3個營業日達本中心作業要點第四條第一項第一款,True,0.0,False,False,False
3219,2021-02-04,2021-02-05,2021-03-02,2021,因連續3個營業日達本中心作業要點第四條第一項第一款,True,0.0,False,False,False
3219,2021-03-03,2021-03-04,2021-03-17,2021,因連續3個營業日達本中心作業要點第四條第一項第一款,True,0.0,False,False,False
3219,2021-07-20,2021-07-21,2021-08-03,2021,因連續3個營業日達本中心作業要點第四條第一項第一款,True,2680.0,True,False,True
3219,2022-02-08,2022-02-09,2022-02-22,2022,因連續3個營業日達本中心作業要點第四條第一項第一款,True,2680.0,True,False,True
3219,2022-10-17,2022-10-18,2022-10-31,2022,因連續3個營業日達本中心作業要點第四條第一項第一款,True,3712.0,True,False,True
3219,2024-06-18,2024-06-19,2024-07-02,2024,因連續3個營業日達本中心作業要點第四條第一項第一款,True,17669.0,True,False,True
3219,2024-08-16,2024-08-19,2024-08-30,2024,因連續3個營業日達本中心作業要點第四條第一項第一款,True,17669.0,True,False,True
3219,2025-08-29,2025-09-01,2025-09-12,2025,因連續3個營業日達本中心作業要點第四條第一項第一款,True,17775.0,True,False,True
3219,2026-09-30,2026-10-01,2026-10-07,2026,連續3個營業日,True,17945.0,True,False,True
3221,2026-04-22,2026-04-23,2026-05-07,2026,因連續3個營業日達本中心作業要點第四條第一項第一款,True,26265.0,True,False,True
3228,2018-03-07,2018-03-08,2018-03-21,2018,因連續3個營業日達本中心作業要點第四條第一項第一款,True,,False,False,False
3228,2020-06-17,2020-06-18,2020-07-03,2020,因連續3個營業日達本中心作業要點第四條第一項第一款,True,,False,False,False
3228,2020-07-03,2020-07-06,2020-07-17,2020,最近10個營業日內有6個營業日,True,,False,False,False
3228,2020-07-30,2020-07-31,2020-08-13,2020,最近10個營業日內有6個營業日,True,,False,False,False
3228,2020-09-08,2020-09-09,2020-09-22,2020,因連續3個營業日達本中心作業要點第四條第一項第一款,True,,False,False,False
3228,2020-10-07,2020-10-08,2020-10-22,2020,最近10個營業日內有6個營業日,True,,False,False,False
3228,2020-11-27,2020-11-30,2020-12-11,2020,連續5個營業日,True,,False,False,False
3228,2021-01-05,2021-01-06,2021-01-19,2021,最近10個營業日內有6個營業日,True,,False,False,False
3228,2021-01-26,2021-01-27,2021-02-18,2021,連續5個營業日,True,,False,False,False
3228,2021-02-24,2021-02-25,2021-03-11,2021,連續5個營業日,True,,False,False,False
3228,2021-03-17,2021-03-18,2021-03-31,2021,因連續3個營業日達本中心作業要點第四條第一項第一款,True,,False,False,False
3228,2021-04-15,2021-04-16,2021-04-29,2021,因連續3個營業日達本中心作業要點第四條第一項第一款,True,,False,False,False
3228,2021-04-20,2021-04-21,2021-05-05,2021,因連續3個營業日達本中心作業要點第四條第一項第一款,True,,False,False,False
3228,2021-04-23,2021-04-26,2021-05-10,2021,因連續3個營業日達本中心作業要點第四條第一項第一款,True,,False,False,False
3228,2021-05-14,2021-05-17,2021-05-28,2021,最近10個營業日內有6個營業日,True,,False,False,False
3228,2021-05-27,2021-05-28,2021-06-10,2021,因連續3個營業日達本中心作業要點第四條第一項第一款,True,,False,False,False
3228,2021-06-01,2021-06-02,2021-06-16,2021,因連續3個營業日達本中心作業要點第四條第一項第一款,True,,False,False,False
3228,2021-07-15,2021-07-16,2021-07-29,2021,最近10個營業日內有6個營業日,True,,False,False,False
3228,2021-11-16,2021-11-17,2021-11-30,2021,因連續3個營業日達本中心作業要點第四條第一項第一款,True,,False,False,False
3228,2022-07-04,2022-07-05,2022-07-18,2022,最近10個營業日內有6個營業日,True,15689.0,True,False,True
3228,2022-10-06,2022-10-07,2022-10-21,2022,最近10個營業日內有6個營業日,True,15689.0,True,False,True
3228,2022-10-13,2022-10-14,2022-10-27,2022,因連續3個營業日達本中心作業要點第四條第一項第一款,True,15689.0,True,False,True
3228,2022-10-18,2022-10-19,2022-11-01,2022,因連續3個營業日達本中心作業要點第四條第一項第一款,True,15689.0,True,False,True
3228,2022-11-07,2022-11-08,2022-11-23,2022,連續3個營業日及沖銷標準,True,15689.0,True,False,True
3228,2022-12-15,2022-12-16,2022-12-29,2022,最近10個營業日內有6個營業日,True,15689.0,True,False,True
3228,2023-11-22,2023-11-23,2023-12-06,2023,因連續3個營業日達本中心作業要點第四條第一項第一款,True,0.0,False,False,False
3228,2024-01-17,2024-01-18,2024-01-31,2024,最近10個營業日內有6個營業日,True,0.0,False,False,False
3228,2024-03-27,2024-03-28,2024-04-12,2024,最近10個營業日內有6個營業日,True,0.0,False,False,False
3228,2024-04-24,2024-04-25,2024-05-09,2024,因連續3個營業日達本中心作業要點第四條第一項第一款,True,0.0,False,False,False
3228,2024-07-30,2024-07-31,2024-08-13,2024,因連續3個營業日達本中心作業要點第四條第一項第一款,True,0.0,False,False,False
3228,2026-04-24,2026-04-27,2026-05-11,2026,因連續3個營業日達本中心作業要點第四條第一項第一款,True,0.0,False,False,False
3229,2020-11-25,2020-11-26,2020-12-09,2020,連續三次,True,0.0,False,False,False
3229,2024-06-12,2024-06-13,2024-06-26,2024,連續三次,True,0.0,False,False,False
3229,2025-12-17,2025-12-18,2026-01-02,2025,最近十個營業日已有六次,True,0.0,False,False,False
3229,2026-04-20,2026-04-21,2026-05-05,2026,連續三次,True,0.0,False,False,False
3229,2026-04-23,2026-04-24,2026-05-08,2026,連續三次,True,0.0,False,False,False
3230,2021-04-09,2021-04-12,2021-04-23,2021,因連續3個營業日達本中心作業要點第四條第一項第一款,True,0.0,False,False,False
3230,2024-08-15,2024-08-16,2024-08-29,2024,因連續3個營業日達本中心作業要點第四條第一項第一款,True,0.0,False,False,False
3230,2024-08-20,2024-08-21,2024-09-03,2024,因連續3個營業日達本中心作業要點第四條第一項第一款,True,17752.0,True,False,True
3230,2024-09-23,2024-09-24,2024-10-07,2024,因連續3個營業日達本中心作業要點第四條第一項第一款,True,17752.0,True,False,True
3230,2025-07-31,2025-08-01,2025-08-14,2025,因連續3個營業日達本中心作業要點第四條第一項第一款,True,17752.0,True,False,True
3230,2026-02-11,2026-02-23,2026-03-09,2026,因連續3個營業日達本中心作業要點第四條第一項第一款,True,17752.0,True,False,True
3230,2026-06-30,2026-07-01,2026-07-15,2026,因連續3個營業日達本中心作業要點第四條第一項第一款,True,17752.0,True,False,True
3230,2026-07-03,2026-07-06,2026-07-20,2026,因連續3個營業日達本中心作業要點第四條第一項第一款,True,17752.0,True,False,True
3231,2023-07-13,2023-07-14,2023-07-27,2023,最近十個營業日已有六次,True,724991.0,True,False,True
3232,2021-09-14,2021-09-15,2021-10-04,2021,連續3個營業日及沖銷標準,True,9141.0,True,False,True
3234,2024-05-02,2024-05-03,2024-05-16,2024,因連續3個營業日達本中心作業要點第四條第一項第一款,True,0.0,False,False,False
3234,2024-10-11,2024-10-14,2024-10-25,2024,因連續3個營業日達本中心作業要點第四條第一項第一款,True,0.0,False,False,False
3234,2026-02-25,2026-02-26,2026-03-12,2026,連續5個營業日,True,0.0,False,False,False
3234,2026-04-14,2026-04-15,2026-04-28,2026,因連續3個營業日達本中心作業要點第四條第一項第一款,True,0.0,False,False,False
3234,2026-08-25,2026-08-26,2026-09-01,2026,最近10個營業日內有6個營業日,True,0.0,False,False,False
3236,2026-05-27,2026-05-28,2026-06-10,2026,因連續3個營業日達本中心作業要點第四條第一項第一款,True,26250.0,True,False,True
3252,2022-06-14,2022-06-15,2022-06-30,2022,連續3個營業日及沖銷標準,True,12548.0,True,False,True
3259,2020-07-09,2020-07-10,2020-07-23,2020,因連續3個營業日達本中心作業要點第四條第一項第一款,True,0.0,False,False,False
3260,2025-12-31,2026-01-02,2026-01-15,2025,因連續3個營業日達本中心作業要點第四條第一項第一款,True,81446.0,True,False,True
3260,2026-01-06,2026-01-07,2026-01-22,2026,連續3個營業日及沖銷標準,True,81446.0,True,False,True
3260,2026-03-18,2026-03-19,2026-04-01,2026,因連續3個營業日達本中心作業要點第四條第一項第一款,True,81436.0,True,False,True
3264,2026-01-05,2026-01-06,2026-01-19,2026,因連續3個營業日達本中心作業要點第四條第一項第一款,True,122542.0,True,False,True
3268,2018-01-23,2018-01-24,2018-02-06,2018,因連續3個營業日達本中心作業要點第四條第一項第一款,True,,False,False,False
3268,2020-07-10,2020-07-13,2020-07-24,2020,因連續3個營業日達本中心作業要點第四條第一項第一款,True,,False,False,False
3268,2021-03-22,2021-03-23,2021-04-07,2021,因連續3個營業日達本中心作業要點第四條第一項第一款,True,,False,False,False
3268,2024-02-15,2024-02-16,2024-03-01,2024,因連續3個營業日達本中心作業要點第四條第一項第一款,True,8356.0,True,False,True
3272,2020-08-21,2020-08-24,2020-09-04,2020,因連續3個營業日達本中心作業要點第四條第一項第一款,True,13066.0,True,False,True
3272,2022-11-04,2022-11-07,2022-11-22,2022,連續3個營業日及沖銷標準,True,13653.0,True,False,True
3276,2021-03-23,2021-03-24,2021-04-08,2021,因連續3個營業日達本中心作業要點第四條第一項第一款,True,0.0,False,False,False
3284,2024-08-16,2024-08-19,2024-08-30,2024,因連續3個營業日達本中心作業要點第四條第一項第一款,True,13625.0,True,False,True
3285,2020-09-10,2020-09-11,2020-09-24,2020,因連續3個營業日達本中心作業要點第四條第一項第一款,True,11027.0,True,False,True
3285,2026-06-17,2026-06-18,2026-07-02,2026,因連續3個營業日達本中心作業要點第四條第一項第一款,True,10683.0,True,False,True
3287,2018-03-06,2018-03-07,2018-03-20,2018,因連續3個營業日達本中心作業要點第四條第一項第一款,True,0.0,False,False,False
3287,2020-07-13,2020-07-14,2020-07-27,2020,因連續3個營業日達本中心作業要點第四條第一項第一款,True,0.0,False,False,False
3287,2020-09-01,2020-09-02,2020-09-15,2020,因連續3個營業日達本中心作業要點第四條第一項第一款,True,0.0,False,False,False
3287,2020-09-04,2020-09-07,2020-09-18,2020,因連續3個營業日達本中心作業要點第四條第一項第一款,True,0.0,False,False,False
3287,2023-12-13,2023-12-14,2023-12-29,2023,連續3個營業日及沖銷標準,True,10992.0,True,False,True
3288,2018-01-23,2018-01-24,2018-02-06,2018,因連續3個營業日達本中心作業要點第四條第一項第一款,True,0.0,False,False,False
3288,2018-01-26,2018-01-29,2018-02-09,2018,因連續3個營業日達本中心作業要點第四條第一項第一款,True,0.0,False,False,False
3288,2018-03-29,2018-03-30,2018-04-16,2018,因連續3個營業日達本中心作業要點第四條第一項第一款,True,0.0,False,False,False
3288,2019-12-03,2019-12-04,2019-12-17,2019,因連續3個營業日達本中心作業要點第四條第一項第一款,True,0.0,False,False,False
3288,2021-03-24,2021-03-25,2021-04-09,2021,因連續3個營業日達本中心作業要點第四條第一項第一款,True,0.0,False,False,False
3288,2024-01-05,2024-01-08,2024-01-19,2024,因連續3個營業日達本中心作業要點第四條第一項第一款,True,0.0,False,False,False
3288,2026-06-04,2026-06-05,2026-06-18,2026,因連續3個營業日達本中心作業要點第四條第一項第一款,True,0.0,False,False,False
3288,2026-07-21,2026-07-22,2026-08-04,2026,連續3個營業日,True,0.0,False,False,False
3289,2026-04-16,2026-04-17,2026-04-30,2026,因連續3個營業日達本中心作業要點第四條第一項第一款,True,21536.0,True,False,True
3293,2019-08-14,2019-08-15,2019-08-28,2019,因連續3個營業日達本中心作業要點第四條第一項第一款,True,17595.0,True,False,True
3294,2021-03-24,2021-03-25,2021-04-09,2021,因連續3個營業日達本中心作業要點第四條第一項第一款,True,33003.0,True,False,True
3294,2021-12-03,2021-12-06,2021-12-17,2021,因連續3個營業日達本中心作業要點第四條第一項第一款,True,33003.0,True,False,True
3294,2024-02-01,2024-02-02,2024-02-26,2024,因連續3個營業日達本中心作業要點第四條第一項第一款,True,33003.0,True,False,True
3294,2024-02-15,2024-02-16,2024-03-01,2024,因連續3個營業日達本中心作業要點第四條第一項第一款,True,33003.0,True,False,True
3294,2024-02-20,2024-02-21,2024-03-06,2024,因連續3個營業日達本中心作業要點第四條第一項第一款,True,33003.0,True,False,True
3294,2025-05-29,2025-06-02,2025-06-17,2025,連續3個營業日及沖銷標準,True,33003.0,True,False,True
3297,2020-12-31,2021-01-04,2021-01-15,2020,因連續3個營業日達本中心作業要點第四條第一項第一款,True,9209.0,True,False,True
3297,2021-01-13,2021-01-14,2021-01-27,2021,因連續3個營業日達本中心作業要點第四條第一項第一款,True,9209.0,True,False,True
3297,2024-06-27,2024-06-28,2024-07-11,2024,因連續3個營業日達本中心作業要點第四條第一項第一款,True,9012.0,True,False,True
3297,2025-04-14,2025-04-15,2025-04-30,2025,連續3個營業日及沖銷標準,True,9012.0,True,False,True
3297,2025-05-27,2025-05-28,2025-06-13,2025,連續3個營業日及沖銷標準,True,9012.0,True,False,True
3303,2024-08-15,2024-08-16,2024-08-29,2024,因連續3個營業日達本中心作業要點第四條第一項第一款,True,23522.0,True,False,True
3306,2023-08-22,2023-08-23,2023-09-07,2023,連續3個營業日及沖銷標準,True,12651.0,True,False,True
3308,2021-04-12,2021-04-13,2021-04-26,2021,連續三次,True,0.0,False,False,False
3308,2021-12-20,2021-12-21,2022-01-04,2021,連續三次,True,0.0,False,False,False
3308,2023-04-14,2023-04-17,2023-04-28,2023,連續三次,True,0.0,False,False,False
3308,2023-04-19,2023-04-20,2023-05-04,2023,連續三次,True,0.0,False,False,False
3308,2026-01-06,2026-01-07,2026-01-20,2026,連續三次,True,15000.0,True,False,True
3312,2024-06-03,2024-06-04,2024-06-20,2024,連續三次及當日沖銷標準,True,40656.0,True,False,True
3313,2019-01-02,2019-01-03,2019-01-16,2019,因連續3個營業日達本中心作業要點第四條第一項第一款,True,0.0,False,False,False
3313,2019-01-07,2019-01-08,2019-01-21,2019,因連續3個營業日達本中心作業要點第四條第一項第一款,True,0.0,False,False,False
3313,2024-02-26,2024-02-27,2024-03-12,2024,因連續3個營業日達本中心作業要點第四條第一項第一款,True,0.0,False,False,False
3313,2025-09-10,2025-09-11,2025-09-24,2025,因連續3個營業日達本中心作業要點第四條第一項第一款,True,28097.0,True,False,True
3321,2020-03-19,2020-03-20,2020-04-06,2020,連續三次,True,0.0,False,False,False
3321,2020-03-24,2020-03-25,2020-04-09,2020,連續三次,True,0.0,False,False,False
3321,2020-07-01,2020-07-02,2020-07-15,2020,連續三次,True,0.0,False,False,False
3321,2020-07-06,2020-07-07,2020-07-20,2020,連續三次,True,0.0,False,False,False
3321,2020-07-09,2020-07-10,2020-07-23,2020,連續三次,True,0.0,False,False,False
3321,2020-07-20,2020-07-21,2020-08-03,2020,連續三次,True,0.0,False,False,False
3321,2024-02-22,2024-02-23,2024-03-08,2024,連續三次,True,0.0,False,False,False
3321,2025-03-06,2025-03-07,2025-03-20,2025,連續三次,True,0.0,False,False,False
3323,2025-09-12,2025-09-15,2025-10-01,2025,連續3個營業日及沖銷標準,True,23488.0,True,False,True
3324,2019-01-17,2019-01-18,2019-02-11,2019,連續5個營業日,True,20785.0,True,False,True
3324,2019-02-15,2019-02-18,2019-03-05,2019,連續5個營業日,True,20785.0,True,False,True
3324,2026-09-02,2026-09-03,2026-09-09,2026,連續3個營業日,True,23269.0,True,False,True
3324,2026-09-07,2026-09-08,2026-09-14,2026,連續3個營業日,True,23269.0,True,False,True
3325,2020-06-29,2020-06-30,2020-07-13,2020,因連續3個營業日達本中心作業要點第四條第一項第一款,True,18063.0,True,False,True
3325,2020-08-25,2020-08-26,2020-09-08,2020,最近10個營業日內有6個營業日,True,18063.0,True,False,True
3338,2019-04-17,2019-04-18,2019-05-02,2019,最近十個營業日已有六次,True,21620.0,True,False,True
3339,2018-02-06,2018-02-07,2018-03-01,2018,因連續3個營業日達本中心作業要點第四條第一項第一款,True,0.0,False,False,False
3339,2018-06-07,2018-06-08,2018-06-22,2018,因連續3個營業日達本中心作業要點第四條第一項第一款,True,0.0,False,False,False
3339,2020-07-16,2020-07-17,2020-07-30,2020,因連續3個營業日達本中心作業要點第四條第一項第一款,True,0.0,False,False,False
3339,2020-09-25,2020-09-28,2020-10-14,2020,因連續3個營業日達本中心作業要點第四條第一項第一款,True,0.0,False,False,False
3339,2021-01-07,2021-01-08,2021-01-21,2021,因連續3個營業日達本中心作業要點第四條第一項第一款,True,0.0,False,False,False
3339,2021-06-15,2021-06-16,2021-06-29,2021,因連續3個營業日達本中心作業要點第四條第一項第一款,True,0.0,False,False,False
3339,2021-06-18,2021-06-21,2021-07-02,2021,因連續3個營業日達本中心作業要點第四條第一項第一款,True,0.0,False,False,False
3339,2026-04-17,2026-04-20,2026-05-04,2026,因連續3個營業日達本中心作業要點第四條第一項第一款,True,16642.0,True,False,True
3339,2026-04-22,2026-04-23,2026-05-07,2026,因連續3個營業日達本中心作業要點第四條第一項第一款,True,16642.0,True,False,True
3346,2026-06-03,2026-06-04,2026-06-17,2026,連續三次,True,30307.0,True,False,True
3349,2025-02-10,2025-02-11,2025-02-24,2025,因連續3個營業日達本中心作業要點第四條第一項第一款,False,,False,False,False
3354,2024-09-20,2024-09-23,2024-10-04,2024,因連續3個營業日達本中心作業要點第四條第一項第一款,True,17528.0,True,False,True
3354,2025-12-30,2025-12-31,2026-01-14,2025,因連續3個營業日達本中心作業要點第四條第一項第一款,True,17528.0,True,False,True
3356,2018-11-28,2018-11-29,2018-12-12,2018,連續三次,True,22396.0,True,False,True
3360,2024-01-31,2024-02-01,2024-02-27,2024,連續3個營業日及沖銷標準,True,19100.0,True,False,True
3362,2021-03-11,2021-03-12,2021-03-25,2021,因連續3個營業日達本中心作業要點第四條第一項第一款,True,27886.0,True,False,True
3362,2021-03-16,2021-03-17,2021-03-30,2021,因連續3個營業日達本中心作業要點第四條第一項第一款,True,27886.0,True,False,True
3362,2021-04-06,2021-04-07,2021-04-20,2021,因連續3個營業日達本中心作業要點第四條第一項第一款,True,27886.0,True,False,True
3362,2021-05-03,2021-05-04,2021-05-17,2021,最近10個營業日內有6個營業日,True,27886.0,True,False,True
3362,2022-07-21,2022-07-22,2022-08-08,2022,連續3個營業日及沖銷標準,True,27984.0,True,False,True
3362,2023-03-09,2023-03-10,2023-03-27,2023,連續3個營業日及沖銷標準,True,28114.0,True,False,True
3362,2023-07-21,2023-07-24,2023-08-04,2023,連續5個營業日,True,28114.0,True,False,True
3362,2023-08-22,2023-08-23,2023-09-05,2023,最近10個營業日內有6個營業日,True,28114.0,True,False,True
3362,2023-11-28,2023-11-29,2023-12-12,2023,連續5個營業日,True,28114.0,True,False,True
3362,2024-02-22,2024-02-23,2024-03-08,2024,最近10個營業日內有6個營業日,True,28114.0,True,False,True
3362,2026-08-04,2026-08-05,2026-08-13,2026,連續5個營業日及沖銷標準,True,36861.0,True,False,True
3362,2026-08-26,2026-08-27,2026-09-04,2026,連續5個營業日及沖銷標準,True,36861.0,True,False,True
3363,2023-07-19,2023-07-20,2023-08-04,2023,連續3個營業日及沖銷標準,True,22156.0,True,False,True
3363,2024-03-04,2024-03-05,2024-03-20,2024,連續5個營業日及沖銷標準,True,24660.0,True,False,True
3363,2024-05-27,2024-05-28,2024-06-11,2024,最近10個營業日內有6個營業日,True,24660.0,True,False,True
3363,2024-06-21,2024-06-24,2024-07-05,2024,最近10個營業日內有6個營業日,True,24660.0,True,False,True
3363,2024-07-15,2024-07-16,2024-07-29,2024,連續5個營業日,True,24660.0,True,False,True
3363,2024-10-11,2024-10-14,2024-10-25,2024,最近10個營業日內有6個營業日,True,24660.0,True,False,True
3363,2024-11-04,2024-11-05,2024-11-18,2024,連續5個營業日,True,24660.0,True,False,True
3363,2024-11-27,2024-11-28,2024-12-11,2024,最近10個營業日內有6個營業日,True,24660.0,True,False,True
3363,2024-12-20,2024-12-23,2025-01-06,2024,最近10個營業日內有6個營業日,True,24660.0,True,False,True
3363,2025-01-13,2025-01-14,2025-02-07,2025,連續5個營業日及沖銷標準,True,24660.0,True,False,True
3363,2025-02-20,2025-02-21,2025-03-07,2025,最近10個營業日內有6個營業日,True,24660.0,True,False,True
3363,2025-03-14,2025-03-17,2025-03-28,2025,連續5個營業日,True,24660.0,True,False,True
3363,2025-04-08,2025-04-09,2025-04-22,2025,因連續3個營業日達本中心作業要點第四條第一項第一款,True,24660.0,True,False,True
3363,2025-04-11,2025-04-14,2025-04-25,2025,因連續3個營業日達本中心作業要點第四條第一項第一款,True,24660.0,True,False,True
3363,2025-05-12,2025-05-13,2025-05-26,2025,最近10個營業日內有6個營業日,True,24660.0,True,False,True
3363,2025-06-05,2025-06-06,2025-06-23,2025,連續5個營業日及沖銷標準,True,24660.0,True,False,True
3363,2025-08-18,2025-08-19,2025-09-01,2025,連續5個營業日,True,24660.0,True,False,True
3363,2025-09-08,2025-09-09,2025-09-22,2025,連續5個營業日,True,24660.0,True,False,True
3363,2025-12-04,2025-12-05,2025-12-18,2025,最近10個營業日內有6個營業日,True,24660.0,True,False,True
3363,2026-02-26,2026-03-02,2026-03-13,2026,因連續3個營業日達本中心作業要點第四條第一項第一款,True,27160.0,True,False,True
3363,2026-03-24,2026-03-25,2026-04-09,2026,最近10個營業日內有6個營業日,True,27160.0,True,False,True
3363,2026-04-23,2026-04-24,2026-05-08,2026,最近10個營業日內有6個營業日,True,27160.0,True,False,True
3372,2021-07-13,2021-07-14,2021-07-27,2021,因連續3個營業日達本中心作業要點第四條第一項第一款,True,36521.0,True,False,True
3372,2024-03-06,2024-03-07,2024-03-20,2024,因連續3個營業日達本中心作業要點第四條第一項第一款,True,43835.0,True,False,True
3373,2020-03-03,2020-03-04,2020-03-17,2020,因連續3個營業日達本中心作業要點第四條第一項第一款,True,10822.0,True,False,True
3373,2020-03-06,2020-03-09,2020-03-20,2020,因連續3個營業日達本中心作業要點第四條第一項第一款,True,10822.0,True,False,True
3373,2020-04-14,2020-04-15,2020-04-28,2020,最近10個營業日內有6個營業日,True,10822.0,True,False,True
3373,2020-05-06,2020-05-07,2020-05-20,2020,因連續3個營業日達本中心作業要點第四條第一項第一款,True,10822.0,True,False,True
3373,2022-09-07,2022-09-08,2022-09-22,2022,因連續3個營業日達本中心作業要點第四條第一項第一款,True,10822.0,True,False,True
3373,2023-12-01,2023-12-04,2023-12-19,2023,連續3個營業日及沖銷標準,True,10822.0,True,False,True
3374,2019-10-30,2019-10-31,2019-11-13,2019,連續5個營業日,True,67930.0,True,False,True
3374,2019-11-27,2019-11-28,2019-12-11,2019,連續5個營業日,True,67930.0,True,False,True
3374,2019-12-25,2019-12-26,2020-01-09,2019,最近10個營業日內有6個營業日,True,67930.0,True,False,True
3374,2020-02-17,2020-02-18,2020-03-03,2020,連續5個營業日,True,67930.0,True,False,True
3374,2020-03-12,2020-03-13,2020-03-26,2020,最近10個營業日內有6個營業日,True,67930.0,True,False,True
3374,2020-03-17,2020-03-18,2020-03-31,2020,因連續3個營業日達本中心作業要點第四條第一項第一款,True,67930.0,True,False,True
3374,2020-03-20,2020-03-23,2020-04-07,2020,因連續3個營業日達本中心作業要點第四條第一項第一款,True,67841.0,True,False,True
3374,2026-09-01,2026-09-02,2026-09-10,2026,連續3個營業日及沖銷標準,True,67841.0,True,False,True
3374,2026-09-24,2026-09-29,2026-10-05,2026,最近10個營業日內有6個營業日,True,67841.0,True,False,True
3376,2024-03-07,2024-03-08,2024-03-25,2024,連續三次及當日沖銷標準,True,46937.0,True,False,True
3379,2021-04-19,2021-04-20,2021-05-04,2021,因連續3個營業日達本中心作業要點第四條第一項第一款,True,9510.0,True,False,True
3379,2024-06-04,2024-06-05,2024-06-19,2024,因連續3個營業日達本中心作業要點第四條第一項第一款,True,9510.0,True,False,True
3379,2024-06-20,2024-06-21,2024-07-04,2024,因連續3個營業日達本中心作業要點第四條第一項第一款,True,9510.0,True,False,True
3379,2024-07-17,2024-07-18,2024-07-31,2024,最近10個營業日內有6個營業日,True,9510.0,True,False,True
3379,2025-01-20,2025-01-21,2025-02-14,2025,連續3個營業日及沖銷標準,True,9510.0,True,False,True
3383,2020-01-17,2020-01-20,2020-02-11,2020,連續三次,True,0.0,False,False,False
3383,2021-03-24,2021-03-25,2021-04-09,2021,連續三次,True,0.0,False,False,False
3383,2021-12-28,2021-12-29,2022-01-12,2021,連續三次,True,0.0,False,False,False
3383,2022-01-03,2022-01-04,2022-01-17,2022,連續三次,True,0.0,False,False,False
3383,2022-01-06,2022-01-07,2022-01-20,2022,連續三次,True,0.0,False,False,False
3383,2022-01-17,2022-01-18,2022-02-09,2022,連續三次,True,0.0,False,False,False
3383,2022-09-02,2022-09-05,2022-09-19,2022,連續五次,True,0.0,False,False,False
3388,2026-04-21,2026-04-22,2026-05-06,2026,因連續3個營業日達本中心作業要點第四條第一項第一款,True,18516.0,True,False,True
3406,2026-09-01,2026-09-02,2026-09-08,2026,連續三次,True,28185.0,True,False,True
3419,2021-11-16,2021-11-17,2021-11-30,2021,連續三次,True,30120.0,True,False,True
3430,2025-10-03,2025-10-07,2025-10-23,2025,連續5個營業日及沖銷標準,True,8429.0,True,False,True
3430,2026-04-24,2026-04-27,2026-05-11,2026,因連續3個營業日達本中心作業要點第四條第一項第一款,True,8429.0,True,False,True
3432,2022-08-10,2022-08-11,2022-08-24,2022,連續三次,True,16646.0,True,False,True
3432,2026-01-21,2026-01-22,2026-02-04,2026,連續三次,True,0.0,False,False,False
3434,2022-04-20,2022-04-21,2022-05-05,2022,因連續3個營業日達本中心作業要點第四條第一項第一款,True,5675.0,True,False,True
3434,2025-04-17,2025-04-18,2025-05-02,2025,因連續3個營業日達本中心作業要點第四條第一項第一款,True,7006.0,True,False,True
3437,2023-11-28,2023-11-29,2023-12-12,2023,連續三次,True,36137.0,True,False,True
3437,2026-03-18,2026-03-19,2026-04-01,2026,連續三次,True,36137.0,True,False,True
3438,2018-12-10,2018-12-11,2018-12-22,2018,因連續3個營業日達本中心作業要點第四條第一項第一款,True,16844.0,True,False,True
3438,2018-12-13,2018-12-14,2018-12-26,2018,因連續3個營業日達本中心作業要點第四條第一項第一款,True,16844.0,True,False,True
3441,2026-06-18,2026-06-22,2026-07-07,2026,連續3個營業日及沖銷標準,True,10009.0,True,False,True
3441,2026-08-28,2026-08-31,2026-09-04,2026,連續3個營業日,True,10009.0,True,False,True
3441,2026-09-17,2026-09-18,2026-09-30,2026,連續5個營業日及沖銷標準,True,10009.0,True,False,True
3443,2026-04-16,2026-04-17,2026-04-30,2026,連續三次,True,33502.0,True,False,True
3443,2026-09-24,2026-09-29,2026-10-05,2026,連續三次,True,33502.0,True,False,True
3444,2021-11-23,2021-11-24,2021-12-07,2021,因連續3個營業日達本中心作業要點第四條第一項第一款,True,9778.0,True,False,True
3444,2025-12-31,2026-01-02,2026-01-15,2025,因連續3個營業日達本中心作業要點第四條第一項第一款,True,11249.0,True,False,True
3447,2024-10-28,2024-10-29,2024-11-13,2024,連續三次及當日沖銷標準,True,19327.0,True,False,True
3450,2024-09-03,2024-09-04,2024-09-20,2024,連續五次及當日沖銷標準,True,36420.0,True,False,True
3450,2026-05-12,2026-05-13,2026-05-26,2026,連續三次,True,36420.0,True,False,True
3450,2026-06-29,2026-06-30,2026-07-14,2026,最近十個營業日已有六次,True,36420.0,True,False,True
3450,2026-08-10,2026-08-11,2026-08-17,2026,連續三次,True,36420.0,True,False,True
3450,2026-09-02,2026-09-03,2026-09-11,2026,連續五次及當日沖銷標準,True,36420.0,True,False,True
3455,2026-04-13,2026-04-14,2026-04-27,2026,因連續3個營業日達本中心作業要點第四條第一項第一款,True,14962.0,True,False,True
3455,2026-05-07,2026-05-08,2026-05-21,2026,因連續3個營業日達本中心作業要點第四條第一項第一款,True,14962.0,True,False,True
3455,2026-10-05,2026-10-06,2026-10-13,2026,連續5個營業日,True,14962.0,True,False,True
3465,2019-02-12,2019-02-13,2019-02-26,2019,因連續3個營業日達本中心作業要點第四條第一項第一款,True,,False,False,False
3465,2020-04-27,2020-04-28,2020-05-12,2020,因連續3個營業日達本中心作業要點第四條第一項第一款,True,,False,False,False
3465,2020-10-16,2020-10-19,2020-10-30,2020,因連續3個營業日達本中心作業要點第四條第一項第一款,True,,False,False,False
3466,2022-05-24,2022-05-25,2022-06-08,2022,因連續3個營業日達本中心作業要點第四條第一項第一款,True,15221.0,True,False,True
3466,2024-04-11,2024-04-12,2024-04-25,2024,因連續3個營業日達本中心作業要點第四條第一項第一款,True,15370.0,True,False,True
3466,2024-05-08,2024-05-09,2024-05-22,2024,因連續3個營業日達本中心作業要點第四條第一項第一款,True,15370.0,True,False,True
3466,2024-05-29,2024-05-30,2024-06-13,2024,因連續3個營業日達本中心作業要點第四條第一項第一款,True,15370.0,True,False,True
3467,2026-04-17,2026-04-20,2026-05-04,2026,因連續3個營業日達本中心作業要點第四條第一項第一款,True,7776.0,True,False,True
3467,2026-09-17,2026-09-18,2026-09-24,2026,連續3個營業日,True,7776.0,True,False,True
3481,2026-01-06,2026-01-07,2026-01-20,2026,連續三次,True,1997299.0,True,False,True
3481,2026-06-03,2026-06-04,2026-06-17,2026,最近十個營業日已有六次,True,1997299.0,True,False,True
3483,2019-04-02,2019-04-03,2019-04-18,2019,因連續3個營業日達本中心作業要點第四條第一項第一款,True,13464.0,True,False,True
3483,2019-04-29,2019-04-30,2019-05-14,2019,因連續3個營業日達本中心作業要點第四條第一項第一款,True,13464.0,True,False,True
3483,2021-02-22,2021-02-23,2021-03-09,2021,因連續3個營業日達本中心作業要點第四條第一項第一款,True,17671.0,True,False,True
3483,2023-07-19,2023-07-20,2023-08-02,2023,因連續3個營業日達本中心作業要點第四條第一項第一款,True,19557.0,True,False,True
3483,2023-07-24,2023-07-25,2023-08-07,2023,因連續3個營業日達本中心作業要點第四條第一項第一款,True,19557.0,True,False,True
3485,2026-06-01,2026-06-02,2026-06-15,2026,因連續3個營業日達本中心作業要點第四條第一項第一款,False,,False,False,False
3490,2026-08-19,2026-08-20,2026-08-26,2026,連續3個營業日,True,13751.0,True,False,True
3491,2021-11-02,2021-11-03,2021-11-16,2021,因連續3個營業日達本中心作業要點第四條第一項第一款,True,15539.0,True,False,True
3491,2021-12-22,2021-12-23,2022-01-10,2021,連續5個營業日及沖銷標準,True,15539.0,True,False,True
3491,2024-05-27,2024-05-28,2024-06-11,2024,連續5個營業日,True,15941.0,True,False,True
3491,2025-12-17,2025-12-18,2026-01-02,2025,最近10個營業日內有6個營業日,True,17181.0,True,False,True
3491,2026-01-22,2026-01-23,2026-02-05,2026,最近10個營業日內有6個營業日,True,17201.0,True,False,True
3491,2026-02-04,2026-02-05,2026-03-02,2026,最近10個營業日內有6個營業日,True,17201.0,True,False,True
3491,2026-03-03,2026-03-04,2026-03-17,2026,最近10個營業日內有6個營業日,True,17201.0,True,False,True
3491,2026-03-11,2026-03-12,2026-03-25,2026,因連續3個營業日達本中心作業要點第四條第一項第一款,True,17201.0,True,False,True
3491,2026-05-25,2026-05-26,2026-06-08,2026,最近30個營業日內有12個營業日,True,17201.0,True,False,True
3492,2024-07-05,2024-07-08,2024-07-19,2024,因連續3個營業日達本中心作業要點第四條第一項第一款,True,8882.0,True,False,True
3494,2022-06-14,2022-06-15,2022-06-28,2022,連續三次,True,0.0,False,False,False
3494,2023-04-14,2023-04-17,2023-04-28,2023,連續三次,True,0.0,False,False,False
3498,2020-06-17,2020-06-18,2020-07-03,2020,因連續3個營業日達本中心作業要點第四條第一項第一款,True,13593.0,True,False,True
3498,2020-06-22,2020-06-23,2020-07-08,2020,因連續3個營業日達本中心作業要點第四條第一項第一款,True,13593.0,True,False,True
3498,2026-05-18,2026-05-19,2026-06-01,2026,因連續3個營業日達本中心作業要點第四條第一項第一款,True,12868.0,True,False,True
3498,2026-08-18,2026-08-19,2026-08-25,2026,連續3個營業日,True,12868.0,True,False,True
3498,2026-08-21,2026-08-24,2026-08-28,2026,連續3個營業日,True,12868.0,True,False,True
3504,2018-06-12,2018-06-13,2018-06-27,2018,最近十個營業日已有六次,True,28514.0,True,False,True
3504,2020-03-19,2020-03-20,2020-04-06,2020,連續三次,True,28514.0,True,False,True
3508,2018-01-09,2018-01-10,2018-01-23,2018,最近10個營業日內有6個營業日,True,23209.0,True,False,True
3508,2020-03-19,2020-03-20,2020-04-06,2020,因連續3個營業日達本中心作業要點第四條第一項第一款,True,24328.0,True,False,True
3508,2021-11-15,2021-11-16,2021-12-01,2021,連續3個營業日及沖銷標準,True,24285.0,True,False,True
3508,2021-12-16,2021-12-17,2021-12-30,2021,最近10個營業日內有6個營業日,True,24285.0,True,False,True
3508,2022-06-29,2022-06-30,2022-07-15,2022,連續3個營業日及沖銷標準,True,24285.0,True,False,True
3508,2026-02-09,2026-02-10,2026-03-05,2026,因連續3個營業日達本中心作業要點第四條第一項第一款,True,0.0,False,False,False
3508,2026-04-09,2026-04-10,2026-04-23,2026,因連續3個營業日達本中心作業要點第四條第一項第一款,True,0.0,False,False,False
3508,2026-04-14,2026-04-15,2026-04-28,2026,因連續3個營業日達本中心作業要點第四條第一項第一款,True,0.0,False,False,False
3518,2026-04-22,2026-04-23,2026-05-07,2026,連續三次,True,23440.0,True,False,True
3518,2026-10-06,2026-10-07,2026-10-14,2026,連續三次,True,23391.0,True,False,True
3519,2018-11-22,2018-11-23,2018-12-06,2018,連續三次,True,0.0,False,False,False
3519,2019-01-25,2019-01-28,2019-02-19,2019,連續三次,True,0.0,False,False,False
3519,2019-04-26,2019-04-29,2019-05-13,2019,最近十個營業日已有六次,True,0.0,False,False,False
3520,2018-04-12,2018-04-13,2018-04-26,2018,因連續3個營業日達本中心作業要點第四條第一項第一款,True,0.0,False,False,False
3520,2018-04-24,2018-04-25,2018-05-09,2018,因連續3個營業日達本中心作業要點第四條第一項第一款,True,0.0,False,False,False
3520,2018-08-24,2018-08-27,2018-09-07,2018,因連續3個營業日達本中心作業要點第四條第一項第一款,True,0.0,False,False,False
3520,2019-04-15,2019-04-16,2019-04-29,2019,因連續3個營業日達本中心作業要點第四條第一項第一款,True,0.0,False,False,False
3520,2020-07-09,2020-07-10,2020-07-23,2020,因連續3個營業日達本中心作業要點第四條第一項第一款,True,0.0,False,False,False
3520,2022-08-24,2022-08-25,2022-09-07,2022,因連續3個營業日達本中心作業要點第四條第一項第一款,True,11725.0,True,False,True
3522,2020-04-08,2020-04-09,2020-04-22,2020,因連續3個營業日達本中心作業要點第四條第一項第一款,True,11725.0,True,False,True
3522,2020-11-26,2020-11-27,2020-12-10,2020,因連續3個營業日達本中心作業要點第四條第一項第一款,True,11725.0,True,False,True
3522,2020-12-01,2020-12-02,2020-12-15,2020,因連續3個營業日達本中心作業要點第四條第一項第一款,True,11725.0,True,False,True
3522,2020-12-11,2020-12-14,2020-12-25,2020,因連續3個營業日達本中心作業要點第四條第一項第一款,True,11725.0,True,False,True
3523,2018-09-26,2018-09-27,2018-10-11,2018,因連續3個營業日達本中心作業要點第四條第一項第一款,True,0.0,False,False,False
3523,2022-09-12,2022-09-13,2022-09-26,2022,因連續3個營業日達本中心作業要點第四條第一項第一款,True,0.0,False,False,False
3523,2026-06-01,2026-06-02,2026-06-15,2026,因連續3個營業日達本中心作業要點第四條第一項第一款,True,0.0,False,False,False
3523,2026-06-04,2026-06-05,2026-06-18,2026,因連續3個營業日達本中心作業要點第四條第一項第一款,True,0.0,False,False,False
3527,2021-08-23,2021-08-24,2021-09-06,2021,因連續3個營業日達本中心作業要點第四條第一項第一款,True,10236.0,True,False,True
3527,2021-08-26,2021-08-27,2021-09-09,2021,因連續3個營業日達本中心作業要點第四條第一項第一款,True,10236.0,True,False,True
3528,2025-03-14,2025-03-17,2025-04-01,2025,連續三次及當日沖銷標準,True,16659.0,True,False,True
3528,2026-06-01,2026-06-02,2026-06-15,2026,連續三次,True,16659.0,True,False,True
3529,2020-08-05,2020-08-06,2020-08-19,2020,最近10個營業日內有6個營業日,True,18958.0,True,False,True
3529,2026-02-25,2026-02-26,2026-03-12,2026,因連續3個營業日達本中心作業要點第四條第一項第一款,True,18671.0,True,False,True
3529,2026-04-21,2026-04-22,2026-05-06,2026,因連續3個營業日達本中心作業要點第四條第一項第一款,True,18671.0,True,False,True
3530,2020-11-25,2020-11-26,2020-12-09,2020,連續三次,True,19526.0,True,False,True
3530,2021-06-08,2021-06-09,2021-06-23,2021,連續三次,True,19527.0,True,False,True
3532,2026-04-15,2026-04-16,2026-04-29,2026,連續三次,True,96962.0,True,False,True
3532,2026-05-08,2026-05-11,2026-05-22,2026,連續三次,True,96962.0,True,False,True
3532,2026-05-28,2026-05-29,2026-06-11,2026,連續三次,True,96962.0,True,False,True
3532,2026-06-18,2026-06-22,2026-07-03,2026,連續三次,True,96962.0,True,False,True
3532,2026-07-30,2026-07-31,2026-08-07,2026,連續三次,True,96962.0,True,False,True
3535,2019-03-26,2019-03-27,2019-04-11,2019,連續三次,True,19763.0,True,False,True
3535,2019-03-29,2019-04-01,2019-04-16,2019,連續三次,True,19763.0,True,False,True
3535,2022-05-19,2022-05-20,2022-06-07,2022,連續五次及當日沖銷標準,True,19763.0,True,False,True
3535,2024-07-15,2024-07-16,2024-07-29,2024,最近十個營業日已有六次,True,19763.0,True,False,True
3535,2026-06-04,2026-06-05,2026-06-18,2026,最近十個營業日已有六次,True,19763.0,True,False,True
3536,2020-09-09,2020-09-10,2020-09-23,2020,連續三次,True,0.0,False,False,False
3536,2020-09-14,2020-09-15,2020-09-28,2020,連續三次,True,0.0,False,False,False
3536,2021-04-26,2021-04-27,2021-05-11,2021,連續三次,True,0.0,False,False,False
3536,2021-04-29,2021-05-03,2021-05-14,2021,連續三次,True,0.0,False,False,False
3537,2024-05-29,2024-05-30,2024-06-13,2024,因連續3個營業日達本中心作業要點第四條第一項第一款,True,13391.0,True,False,True
3540,2020-07-21,2020-07-22,2020-08-04,2020,因連續3個營業日達本中心作業要點第四條第一項第一款,True,16653.0,True,False,True
3545,2021-03-17,2021-03-18,2021-03-31,2021,連續三次,True,52628.0,True,False,True
3548,2023-09-07,2023-09-08,2023-09-21,2023,因連續3個營業日達本中心作業要點第四條第一項第一款,True,15030.0,True,False,True
3548,2023-12-01,2023-12-04,2023-12-15,2023,最近10個營業日內有6個營業日,True,16443.0,True,False,True
3550,2024-08-29,2024-08-30,2024-09-12,2024,連續三次,True,21887.0,True,False,True
3552,2020-03-17,2020-03-18,2020-03-31,2020,因連續3個營業日達本中心作業要點第四條第一項第一款,True,21398.0,True,False,True
3552,2020-03-20,2020-03-23,2020-04-07,2020,因連續3個營業日達本中心作業要點第四條第一項第一款,True,21398.0,True,False,True
3552,2020-04-16,2020-04-17,2020-04-30,2020,因連續3個營業日達本中心作業要點第四條第一項第一款,True,21398.0,True,False,True
3552,2020-05-14,2020-05-15,2020-05-28,2020,因連續3個營業日達本中心作業要點第四條第一項第一款,True,21398.0,True,False,True
3552,2020-08-07,2020-08-10,2020-08-21,2020,因連續3個營業日達本中心作業要點第四條第一項第一款,True,21398.0,True,False,True
3552,2021-01-11,2021-01-12,2021-01-25,2021,因連續3個營業日達本中心作業要點第四條第一項第一款,True,21398.0,True,False,True
3552,2021-02-01,2021-02-02,2021-02-24,2021,連續5個營業日,True,21398.0,True,False,True
3552,2021-03-04,2021-03-05,2021-03-18,2021,連續5個營業日,True,21398.0,True,False,True
3552,2021-03-30,2021-03-31,2021-04-15,2021,最近10個營業日內有6個營業日,True,21398.0,True,False,True
3555,2019-03-28,2019-03-29,2019-04-15,2019,因連續3個營業日達本中心作業要點第四條第一項第一款,True,4827.0,True,False,True
3555,2024-04-11,2024-04-12,2024-04-25,2024,因連續3個營業日達本中心作業要點第四條第一項第一款,True,0.0,False,False,False
3555,2025-08-15,2025-08-18,2025-08-29,2025,因連續3個營業日達本中心作業要點第四條第一項第一款,True,0.0,False,False,False
3555,2025-08-20,2025-08-21,2025-09-03,2025,因連續3個營業日達本中心作業要點第四條第一項第一款,True,0.0,False,False,False
3555,2025-10-03,2025-10-07,2025-10-21,2025,因連續3個營業日達本中心作業要點第四條第一項第一款,True,0.0,False,False,False
3555,2026-02-03,2026-02-04,2026-02-26,2026,因連續3個營業日達本中心作業要點第四條第一項第一款,True,6267.0,True,False,True
3555,2026-03-16,2026-03-17,2026-03-30,2026,因連續3個營業日達本中心作業要點第四條第一項第一款,True,6267.0,True,False,True
3555,2026-03-19,2026-03-20,2026-04-02,2026,因連續3個營業日達本中心作業要點第四條第一項第一款,True,6267.0,True,False,True
3555,2026-04-20,2026-04-21,2026-05-05,2026,因連續3個營業日達本中心作業要點第四條第一項第一款,True,6267.0,True,False,True
3556,2026-06-03,2026-06-04,2026-06-17,2026,因連續3個營業日達本中心作業要點第四條第一項第一款,True,15925.0,True,False,True
3564,2023-07-07,2023-07-10,2023-07-21,2023,因連續3個營業日達本中心作業要點第四條第一項第一款,True,,False,False,False
3576,2026-03-03,2026-03-04,2026-03-17,2026,連續三次,True,0.0,False,False,False
3577,2025-07-04,2025-07-07,2025-07-18,2025,因連續3個營業日達本中心作業要點第四條第一項第一款,True,15991.0,True,False,True
3581,2024-06-28,2024-07-01,2024-07-16,2024,連續3個營業日及沖銷標準,True,12751.0,True,False,True
3581,2025-10-07,2025-10-08,2025-10-22,2025,因連續3個營業日達本中心作業要點第四條第一項第一款,True,12751.0,True,False,True
3581,2026-04-16,2026-04-17,2026-04-30,2026,因連續3個營業日達本中心作業要點第四條第一項第一款,True,12751.0,True,False,True
3581,2026-04-21,2026-04-22,2026-05-06,2026,因連續3個營業日達本中心作業要點第四條第一項第一款,True,12751.0,True,False,True
3581,2026-04-24,2026-04-27,2026-05-11,2026,因連續3個營業日達本中心作業要點第四條第一項第一款,True,12751.0,True,False,True
3581,2026-05-07,2026-05-08,2026-05-21,2026,因連續3個營業日達本中心作業要點第四條第一項第一款,True,12751.0,True,False,True
3581,2026-06-05,2026-06-08,2026-06-22,2026,因連續3個營業日達本中心作業要點第四條第一項第一款,True,12751.0,True,False,True
3581,2026-06-10,2026-06-11,2026-06-25,2026,因連續3個營業日達本中心作業要點第四條第一項第一款,True,12751.0,True,False,True
3583,2026-04-13,2026-04-14,2026-04-27,2026,連續三次,True,20086.0,True,False,True
3587,2026-03-25,2026-03-26,2026-04-10,2026,因連續3個營業日達本中心作業要點第四條第一項第一款,True,16759.0,True,False,True
3593,2019-12-09,2019-12-10,2019-12-23,2019,連續三次,True,0.0,False,False,False
3593,2024-07-12,2024-07-15,2024-07-26,2024,連續三次,True,0.0,False,False,False
3593,2024-11-22,2024-11-25,2024-12-06,2024,連續三次,True,0.0,False,False,False
3593,2024-11-27,2024-11-28,2024-12-11,2024,連續三次,True,0.0,False,False,False
3593,2026-04-16,2026-04-17,2026-04-30,2026,連續三次,True,0.0,False,False,False
3597,2024-11-27,2024-11-28,2024-12-11,2024,因連續3個營業日達本中心作業要點第四條第一項第一款,True,9809.0,True,False,True
3609,2020-07-17,2020-07-20,2020-07-31,2020,因連續3個營業日達本中心作業要點第四條第一項第一款,True,7669.0,True,False,True
3609,2021-07-01,2021-07-02,2021-07-15,2021,因連續3個營業日達本中心作業要點第四條第一項第一款,True,7669.0,True,False,True
3609,2024-04-16,2024-04-17,2024-04-30,2024,因連續3個營業日達本中心作業要點第四條第一項第一款,True,7669.0,True,False,True
3622,2020-11-23,2020-11-24,2020-12-07,2020,連續三次,True,37831.0,True,False,True
3623,2023-11-23,2023-11-24,2023-12-07,2023,因連續3個營業日達本中心作業要點第四條第一項第一款,True,7296.0,True,False,True
3623,2023-11-28,2023-11-29,2023-12-12,2023,因連續3個營業日達本中心作業要點第四條第一項第一款,True,7296.0,True,False,True
3623,2023-12-19,2023-12-20,2024-01-03,2023,因連續3個營業日達本中心作業要點第四條第一項第一款,True,7296.0,True,False,True
3623,2025-08-06,2025-08-07,2025-08-20,2025,因連續3個營業日達本中心作業要點第四條第一項第一款,True,7296.0,True,False,True
3624,2018-05-29,2018-05-30,2018-06-12,2018,因連續3個營業日達本中心作業要點第四條第一項第一款,True,29335.0,True,False,True
3624,2018-06-12,2018-06-13,2018-06-27,2018,因連續3個營業日達本中心作業要點第四條第一項第一款,True,29335.0,True,False,True
3624,2026-05-20,2026-05-21,2026-06-03,2026,因連續3個營業日達本中心作業要點第四條第一項第一款,True,29335.0,True,False,True
3624,2026-06-23,2026-06-24,2026-07-09,2026,連續5個營業日及沖銷標準,True,29335.0,True,False,True
3624,2026-07-21,2026-07-22,2026-08-04,2026,連續3個營業日,True,29335.0,True,False,True
3624,2026-07-31,2026-08-03,2026-08-07,2026,連續3個營業日,True,29335.0,True,False,True
3625,2024-11-21,2024-11-22,2024-12-05,2024,因連續3個營業日達本中心作業要點第四條第一項第一款,True,0.0,False,False,False
3625,2024-12-06,2024-12-09,2024-12-20,2024,因連續3個營業日達本中心作業要點第四條第一項第一款,True,0.0,False,False,False
3625,2026-08-24,2026-08-25,2026-08-31,2026,連續3個營業日,True,0.0,False,False,False
3628,2018-04-18,2018-04-19,2018-05-03,2018,因連續3個營業日達本中心作業要點第四條第一項第一款,True,11250.0,True,False,True
3628,2025-10-03,2025-10-07,2025-10-21,2025,連續5個營業日,True,11250.0,True,False,True
3629,2019-09-20,2019-09-23,2019-10-04,2019,因連續3個營業日達本中心作業要點第四條第一項第一款,False,,False,False,False
3629,2019-09-25,2019-09-26,2019-10-09,2019,因連續3個營業日達本中心作業要點第四條第一項第一款,False,,False,False,False
3629,2019-10-01,2019-10-02,2019-10-17,2019,因連續3個營業日達本中心作業要點第四條第一項第一款,False,,False,False,False
3629,2019-10-16,2019-10-17,2019-10-30,2019,因連續3個營業日達本中心作業要點第四條第一項第一款,False,,False,False,False
3629,2022-05-13,2022-05-16,2022-05-27,2022,因連續3個營業日達本中心作業要點第四條第一項第一款,False,,False,False,False
3629,2023-03-28,2023-03-29,2023-04-14,2023,因連續3個營業日達本中心作業要點第四條第一項第一款,False,,False,False,False
3629,2023-04-25,2023-04-26,2023-05-10,2023,因連續3個營業日達本中心作業要點第四條第一項第一款,False,,False,False,False
3629,2024-04-03,2024-04-08,2024-04-19,2024,因連續3個營業日達本中心作業要點第四條第一項第一款,False,,False,False,False
3629,2025-07-07,2025-07-08,2025-07-21,2025,因連續3個營業日達本中心作業要點第四條第一項第一款,False,,False,False,False
3629,2025-07-10,2025-07-11,2025-07-24,2025,因連續3個營業日達本中心作業要點第四條第一項第一款,False,,False,False,False
3629,2026-09-01,2026-09-02,2026-09-08,2026,連續3個營業日,False,,False,False,False
3630,2018-09-14,2018-09-17,2018-10-01,2018,最近10個營業日內有6個營業日,True,25837.0,True,False,True
3630,2019-01-15,2019-01-16,2019-01-29,2019,最近10個營業日內有6個營業日,True,25837.0,True,False,True
3630,2019-03-15,2019-03-18,2019-03-29,2019,最近10個營業日內有6個營業日,True,25837.0,True,False,True
3630,2019-05-13,2019-05-14,2019-05-27,2019,最近10個營業日內有6個營業日,True,25837.0,True,False,True
3630,2019-07-03,2019-07-04,2019-07-17,2019,連續5個營業日,True,25760.0,True,False,True
3631,2019-12-10,2019-12-11,2019-12-24,2019,因連續3個營業日達本中心作業要點第四條第一項第一款,True,19980.0,True,False,True
3631,2020-03-23,2020-03-24,2020-04-08,2020,因連續3個營業日達本中心作業要點第四條第一項第一款,True,19980.0,True,False,True
3631,2026-04-24,2026-04-27,2026-05-11,2026,因連續3個營業日達本中心作業要點第四條第一項第一款,True,20455.0,True,False,True
3632,2020-07-15,2020-07-16,2020-07-29,2020,因連續3個營業日達本中心作業要點第四條第一項第一款,True,0.0,False,False,False
3642,2021-11-22,2021-11-23,2021-12-06,2021,因連續3個營業日達本中心作業要點第四條第一項第一款,True,0.0,False,False,False
3652,2024-06-28,2024-07-01,2024-07-12,2024,連續五次,True,18774.0,True,False,True
3653,2026-04-23,2026-04-24,2026-05-08,2026,連續三次,True,36683.0,True,False,True
3653,2026-05-12,2026-05-13,2026-05-26,2026,連續三次,True,36683.0,True,False,True
3653,2026-08-07,2026-08-10,2026-08-14,2026,連續三次,True,36683.0,True,False,True
3661,2020-06-29,2020-06-30,2020-07-13,2020,連續三次,True,15277.0,True,False,True
3661,2021-01-11,2021-01-12,2021-01-25,2021,連續三次,True,15493.0,True,False,True
3661,2021-04-15,2021-04-16,2021-04-29,2021,連續三次,True,17488.0,True,False,True
3661,2021-04-20,2021-04-21,2021-05-05,2021,連續三次,True,17488.0,True,False,True
3661,2021-04-23,2021-04-26,2021-05-10,2021,連續三次,True,17488.0,True,False,True
3663,2021-07-30,2021-08-02,2021-08-13,2021,因連續3個營業日達本中心作業要點第四條第一項第一款,True,14739.0,True,False,True
3664,2023-04-07,2023-04-10,2023-04-21,2023,因連續3個營業日達本中心作業要點第四條第一項第一款,True,0.0,False,False,False
3664,2023-04-12,2023-04-13,2023-04-26,2023,因連續3個營業日達本中心作業要點第四條第一項第一款,True,0.0,False,False,False
3664,2023-05-08,2023-05-09,2023-05-22,2023,因連續3個營業日達本中心作業要點第四條第一項第一款,True,0.0,False,False,False
3664,2023-07-03,2023-07-04,2023-07-17,2023,最近10個營業日內有6個營業日,True,0.0,False,False,False
3664,2026-04-08,2026-04-09,2026-04-22,2026,因連續3個營業日達本中心作業要點第四條第一項第一款,True,0.0,False,False,False
3664,2026-05-12,2026-05-13,2026-05-26,2026,因連續3個營業日達本中心作業要點第四條第一項第一款,True,0.0,False,False,False
3664,2026-09-03,2026-09-04,2026-09-10,2026,連續3個營業日,True,0.0,False,False,False
3665,2026-05-19,2026-05-20,2026-06-02,2026,連續三次,True,48769.0,True,False,True
3666,2020-11-23,2020-11-24,2020-12-07,2020,連續5個營業日,True,12139.0,True,False,True
3666,2020-12-03,2020-12-04,2020-12-17,2020,最近10個營業日內有6個營業日,True,12139.0,True,False,True
3669,2020-08-10,2020-08-11,2020-08-24,2020,連續三次,True,23229.0,True,False,True
3669,2020-11-11,2020-11-12,2020-11-25,2020,最近十個營業日已有六次,True,23229.0,True,False,True
3672,2020-03-25,2020-03-26,2020-04-10,2020,因連續3個營業日達本中心作業要點第四條第一項第一款,True,8292.0,True,False,True
3672,2021-11-26,2021-11-29,2021-12-10,2021,因連續3個營業日達本中心作業要點第四條第一項第一款,True,8067.0,True,False,True
3675,2021-07-13,2021-07-14,2021-07-27,2021,因連續3個營業日達本中心作業要點第四條第一項第一款,True,11107.0,True,False,True
3675,2021-08-26,2021-08-27,2021-09-09,2021,因連續3個營業日達本中心作業要點第四條第一項第一款,True,11107.0,True,False,True
3675,2021-10-25,2021-10-26,2021-11-10,2021,連續3個營業日及沖銷標準,True,11107.0,True,False,True
3675,2022-07-01,2022-07-04,2022-07-19,2022,連續3個營業日及沖銷標準,True,11107.0,True,False,True
3675,2022-07-06,2022-07-07,2022-07-20,2022,因連續3個營業日達本中心作業要點第四條第一項第一款,True,11107.0,True,False,True
3675,2026-05-22,2026-05-25,2026-06-05,2026,因連續3個營業日達本中心作業要點第四條第一項第一款,True,13264.0,True,False,True
3675,2026-06-24,2026-06-25,2026-07-08,2026,因連續3個營業日達本中心作業要點第四條第一項第一款,True,13264.0,True,False,True
3675,2026-07-21,2026-07-22,2026-08-04,2026,連續3個營業日,True,13264.0,True,False,True
3680,2019-12-05,2019-12-06,2019-12-19,2019,最近10個營業日內有6個營業日,True,17640.0,True,False,True
3680,2019-12-19,2019-12-20,2020-01-03,2019,最近10個營業日內有6個營業日,True,17640.0,True,False,True
3680,2020-05-27,2020-05-28,2020-06-10,2020,連續5個營業日,True,18515.0,True,False,True
3680,2020-06-17,2020-06-18,2020-07-03,2020,最近10個營業日內有6個營業日,True,18615.0,True,False,True
3680,2020-07-08,2020-07-09,2020-07-22,2020,因連續3個營業日達本中心作業要點第四條第一項第一款,True,18615.0,True,False,True
3682,2020-02-05,2020-02-06,2020-02-19,2020,連續三次,True,0.0,False,False,False
3682,2020-09-14,2020-09-15,2020-09-28,2020,連續三次,True,0.0,False,False,False
3685,2021-01-15,2021-01-18,2021-01-29,2021,因連續3個營業日達本中心作業要點第四條第一項第一款,True,19997.0,True,False,True
3685,2021-01-20,2021-01-21,2021-02-03,2021,因連續3個營業日達本中心作業要點第四條第一項第一款,True,19997.0,True,False,True
3685,2021-10-25,2021-10-26,2021-11-08,2021,因連續3個營業日達本中心作業要點第四條第一項第一款,True,19997.0,True,False,True
3685,2025-08-26,2025-08-27,2025-09-09,2025,因連續3個營業日達本中心作業要點第四條第一項第一款,True,0.0,False,False,False
3685,2025-08-29,2025-09-01,2025-09-12,2025,因連續3個營業日達本中心作業要點第四條第一項第一款,True,0.0,False,False,False
3685,2025-12-04,2025-12-05,2025-12-18,2025,最近10個營業日內有6個營業日,True,0.0,False,False,False
3686,2020-07-14,2020-07-15,2020-07-28,2020,連續三次,True,0.0,False,False,False
3686,2020-08-18,2020-08-19,2020-09-01,2020,連續三次,True,0.0,False,False,False
3686,2020-09-11,2020-09-14,2020-09-25,2020,最近十個營業日已有六次,True,0.0,False,False,False
3686,2020-10-14,2020-10-15,2020-10-28,2020,連續三次,True,0.0,False,False,False
3686,2022-10-14,2022-10-17,2022-10-28,2022,連續三次,True,0.0,False,False,False
3686,2024-07-02,2024-07-03,2024-07-16,2024,連續三次,True,0.0,False,False,False
3687,2020-03-31,2020-04-01,2020-04-16,2020,因連續3個營業日達本中心作業要點第四條第一項第一款,True,7514.0,True,False,True
3687,2021-04-19,2021-04-20,2021-05-04,2021,因連續3個營業日達本中心作業要點第四條第一項第一款,True,7514.0,True,False,True
3687,2021-06-23,2021-06-24,2021-07-07,2021,因連續3個營業日達本中心作業要點第四條第一項第一款,True,7514.0,True,False,True
3687,2021-12-17,2021-12-20,2022-01-05,2021,連續3個營業日及沖銷標準,True,7514.0,True,False,True
3687,2021-12-22,2021-12-23,2022-01-06,2021,因連續3個營業日達本中心作業要點第四條第一項第一款,True,7514.0,True,False,True
3691,2020-10-19,2020-10-20,2020-11-02,2020,因連續3個營業日達本中心作業要點第四條第一項第一款,True,15247.0,True,False,True
3691,2026-01-19,2026-01-20,2026-02-02,2026,因連續3個營業日達本中心作業要點第四條第一項第一款,True,19799.0,True,False,True
3693,2018-06-14,2018-06-15,2018-06-29,2018,因連續3個營業日達本中心作業要點第四條第一項第一款,True,9627.0,True,False,True
3693,2020-05-18,2020-05-19,2020-06-01,2020,因連續3個營業日達本中心作業要點第四條第一項第一款,True,9622.0,True,False,True
3693,2022-12-15,2022-12-16,2023-01-03,2022,連續3個營業日及沖銷標準,True,9622.0,True,False,True
3693,2023-04-17,2023-04-18,2023-05-04,2023,連續3個營業日及沖銷標準,True,9622.0,True,False,True
3693,2025-10-29,2025-10-30,2025-11-12,2025,因連續3個營業日達本中心作業要點第四條第一項第一款,True,10747.0,True,False,True
3693,2025-11-03,2025-11-04,2025-11-17,2025,因連續3個營業日達本中心作業要點第四條第一項第一款,True,10747.0,True,False,True
3693,2026-01-14,2026-01-15,2026-01-28,2026,因連續3個營業日達本中心作業要點第四條第一項第一款,True,10747.0,True,False,True
3693,2026-03-20,2026-03-23,2026-04-07,2026,因連續3個營業日達本中心作業要點第四條第一項第一款,True,10747.0,True,False,True
3694,2025-08-18,2025-08-19,2025-09-03,2025,連續三次及當日沖銷標準,True,38744.0,True,False,True
3701,2021-09-07,2021-09-08,2021-09-23,2021,連續三次,True,42336.0,True,False,True
3701,2025-12-31,2026-01-02,2026-01-15,2025,連續五次,True,53881.0,True,False,True
3706,2023-07-19,2023-07-20,2023-08-02,2023,連續三次,True,301639.0,True,False,True
3707,2018-06-01,2018-06-04,2018-06-15,2018,因連續3個營業日達本中心作業要點第四條第一項第一款,True,69437.0,True,False,True
3708,2018-04-02,2018-04-03,2018-04-19,2018,連續三次,True,22711.0,True,False,True
3708,2025-07-16,2025-07-17,2025-08-01,2025,連續三次及當日沖銷標準,True,27584.0,True,False,True
3709,2025-04-28,2025-04-29,2025-05-13,2025,因連續3個營業日達本中心作業要點第四條第一項第一款,True,31392.0,True,False,True
3709,2025-10-13,2025-10-14,2025-10-28,2025,因連續3個營業日達本中心作業要點第四條第一項第一款,True,31392.0,True,False,True
3712,2018-10-12,2018-10-15,2018-10-26,2018,連續三次,True,61560.0,True,False,True
3712,2020-06-23,2020-06-24,2020-07-09,2020,連續三次,True,61560.0,True,False,True
3712,2020-07-02,2020-07-03,2020-07-16,2020,連續五次,True,61560.0,True,False,True
3712,2020-07-07,2020-07-08,2020-07-21,2020,連續三次,True,61560.0,True,False,True
3712,2020-09-03,2020-09-04,2020-09-17,2020,最近十個營業日已有六次,True,61560.0,True,False,True
3713,2020-07-08,2020-07-09,2020-07-22,2020,因連續3個營業日達本中心作業要點第四條第一項第一款,False,,False,False,False
3713,2020-09-22,2020-09-23,2020-10-08,2020,因連續3個營業日達本中心作業要點第四條第一項第一款,False,,False,False,False
3714,2026-04-17,2026-04-20,2026-05-04,2026,連續三次,True,166985.0,True,False,True
3715,2023-11-02,2023-11-03,2023-11-16,2023,最近十個營業日已有六次,True,69418.0,True,False,True
4102,2020-06-17,2020-06-18,2020-07-03,2020,因連續3個營業日達本中心作業要點第四條第一項第一款,True,10593.0,True,False,True
4106,2022-04-22,2022-04-25,2022-05-09,2022,連續三次,True,20846.0,True,False,True
4116,2022-05-09,2022-05-10,2022-05-25,2022,連續3個營業日及沖銷標準,True,11141.0,True,False,True
4119,2020-12-28,2020-12-29,2021-01-12,2020,連續三次,True,19871.0,True,False,True
4121,2020-03-05,2020-03-06,2020-03-19,2020,連續5個營業日,True,18329.0,True,False,True
4121,2021-06-02,2021-06-03,2021-06-17,2021,因連續3個營業日達本中心作業要點第四條第一項第一款,True,19829.0,True,False,True
4123,2020-06-09,2020-06-10,2020-06-23,2020,因連續3個營業日達本中心作業要點第四條第一項第一款,True,98068.0,True,True,False
4127,2020-06-22,2020-06-23,2020-07-08,2020,因連續3個營業日達本中心作業要點第四條第一項第一款,True,0.0,False,False,False
4127,2024-03-22,2024-03-25,2024-04-09,2024,因連續3個營業日達本中心作業要點第四條第一項第一款,True,11440.0,True,False,True
4127,2024-03-27,2024-03-28,2024-04-12,2024,因連續3個營業日達本中心作業要點第四條第一項第一款,True,11440.0,True,False,True
4127,2024-05-27,2024-05-28,2024-06-11,2024,最近10個營業日內有6個營業日,True,11440.0,True,False,True
4127,2026-05-26,2026-05-27,2026-06-09,2026,因連續3個營業日達本中心作業要點第四條第一項第一款,True,11440.0,True,False,True
4128,2020-04-21,2020-04-22,2020-05-06,2020,因連續3個營業日達本中心作業要點第四條第一項第一款,True,,False,False,False
4128,2020-05-20,2020-05-21,2020-06-03,2020,因連續3個營業日達本中心作業要點第四條第一項第一款,True,,False,False,False
4128,2020-06-22,2020-06-23,2020-07-08,2020,因連續3個營業日達本中心作業要點第四條第一項第一款,True,,False,False,False
4128,2020-06-29,2020-06-30,2020-07-13,2020,因連續3個營業日達本中心作業要點第四條第一項第一款,True,,False,False,False
4128,2020-07-02,2020-07-03,2020-07-16,2020,因連續3個營業日達本中心作業要點第四條第一項第一款,True,,False,False,False
4128,2020-07-07,2020-07-08,2020-07-21,2020,因連續3個營業日達本中心作業要點第四條第一項第一款,True,,False,False,False
4128,2020-07-10,2020-07-13,2020-07-24,2020,因連續3個營業日達本中心作業要點第四條第一項第一款,True,,False,False,False
4128,2020-07-20,2020-07-21,2020-08-03,2020,因連續3個營業日達本中心作業要點第四條第一項第一款,True,,False,False,False
4128,2020-08-07,2020-08-10,2020-08-21,2020,因連續3個營業日達本中心作業要點第四條第一項第一款,True,,False,False,False
4128,2020-09-30,2020-10-05,2020-10-19,2020,最近10個營業日內有6個營業日,True,,False,False,False
4130,2020-03-27,2020-03-30,2020-04-14,2020,因連續3個營業日達本中心作業要點第四條第一項第一款,True,26453.0,True,False,True
4130,2020-06-19,2020-06-22,2020-07-07,2020,因連續3個營業日達本中心作業要點第四條第一項第一款,True,26453.0,True,False,True
4131,2020-06-29,2020-06-30,2020-07-13,2020,因連續3個營業日達本中心作業要點第四條第一項第一款,False,,False,False,False
4131,2020-07-02,2020-07-03,2020-07-16,2020,因連續3個營業日達本中心作業要點第四條第一項第一款,False,,False,False,False
4131,2020-07-07,2020-07-08,2020-07-21,2020,因連續3個營業日達本中心作業要點第四條第一項第一款,False,,False,False,False
4131,2020-07-10,2020-07-13,2020-07-24,2020,因連續3個營業日達本中心作業要點第四條第一項第一款,False,,False,False,False
4131,2020-07-22,2020-07-23,2020-08-05,2020,因連續3個營業日達本中心作業要點第四條第一項第一款,False,,False,False,False
4131,2021-05-20,2021-05-21,2021-06-03,2021,因連續3個營業日達本中心作業要點第四條第一項第一款,False,,False,False,False
4131,2024-02-27,2024-02-29,2024-03-13,2024,因連續3個營業日達本中心作業要點第四條第一項第一款,False,,False,False,False
4133,2020-06-29,2020-06-30,2020-07-13,2020,連續五次,True,15138.0,True,False,True
4133,2020-07-10,2020-07-13,2020-07-24,2020,連續三次,True,15138.0,True,False,True
4133,2020-07-20,2020-07-21,2020-08-03,2020,連續三次,True,15138.0,True,False,True
4133,2020-08-07,2020-08-10,2020-08-21,2020,連續三次,True,15138.0,True,False,True
4133,2022-04-12,2022-04-13,2022-04-28,2022,連續三次及當日沖銷標準,True,15138.0,True,False,True
4133,2022-04-15,2022-04-18,2022-05-04,2022,連續三次及當日沖銷標準,True,15138.0,True,False,True
4139,2026-07-20,2026-07-21,2026-08-03,2026,連續3個營業日,True,0.0,False,False,False
4139,2026-07-23,2026-07-24,2026-08-06,2026,連續3個營業日,True,0.0,False,False,False
4141,2021-10-01,2021-10-04,2021-10-20,2021,連續三次及當日沖銷標準,True,38960.0,True,False,True
4142,2020-05-20,2020-05-21,2020-06-03,2020,最近十個營業日已有六次,True,102238.0,True,False,True
4142,2020-05-26,2020-05-27,2020-06-09,2020,連續三次,True,102238.0,True,False,True
4144,2018-03-27,2018-03-28,2018-04-12,2018,連續三次,True,19534.0,True,False,True
4147,2023-04-26,2023-04-27,2023-05-11,2023,最近10個營業日內有6個營業日,True,63167.0,True,False,True
4148,2020-05-05,2020-05-06,2020-05-19,2020,連續三次,True,16008.0,True,False,True
4148,2022-04-15,2022-04-18,2022-05-04,2022,連續五次及當日沖銷標準,True,16008.0,True,False,True
4152,2020-06-24,2020-06-29,2020-07-10,2020,因連續3個營業日達本中心作業要點第四條第一項第一款,False,,False,False,False
4152,2021-06-01,2021-06-02,2021-06-16,2021,因連續3個營業日達本中心作業要點第四條第一項第一款,False,,False,False,False
4154,2021-08-31,2021-09-01,2021-09-14,2021,因連續3個營業日達本中心作業要點第四條第一項第一款,False,,False,False,False
4154,2023-07-24,2023-07-25,2023-08-07,2023,因連續3個營業日達本中心作業要點第四條第一項第一款,False,,False,False,False
4154,2023-07-27,2023-07-28,2023-08-10,2023,因連續3個營業日達本中心作業要點第四條第一項第一款,False,,False,False,False
4154,2023-08-17,2023-08-18,2023-08-31,2023,因連續3個營業日達本中心作業要點第四條第一項第一款,False,,False,False,False
4154,2025-02-10,2025-02-11,2025-02-24,2025,因連續3個營業日達本中心作業要點第四條第一項第一款,False,,False,False,False
4154,2026-03-31,2026-04-01,2026-04-16,2026,因連續3個營業日達本中心作業要點第四條第一項第一款,False,,False,False,False
4157,2020-03-18,2020-03-19,2020-04-01,2020,因連續3個營業日達本中心作業要點第四條第一項第一款,True,179210.0,True,False,True
4157,2020-03-23,2020-03-24,2020-04-08,2020,因連續3個營業日達本中心作業要點第四條第一項第一款,True,179210.0,True,False,True
4157,2020-03-26,2020-03-27,2020-04-13,2020,因連續3個營業日達本中心作業要點第四條第一項第一款,True,179210.0,True,False,True
4157,2020-06-23,2020-06-24,2020-07-09,2020,因連續3個營業日達本中心作業要點第四條第一項第一款,True,179210.0,True,False,True
4157,2020-07-16,2020-07-17,2020-07-30,2020,連續5個營業日,True,179210.0,True,False,True
4160,2023-05-10,2023-05-11,2023-05-24,2023,因連續3個營業日達本中心作業要點第四條第一項第一款,True,,False,False,False
4162,2021-02-25,2021-02-26,2021-03-12,2021,因連續3個營業日達本中心作業要點第四條第一項第一款,True,36649.0,True,False,True
4168,2020-03-20,2020-03-23,2020-04-07,2020,因連續3個營業日達本中心作業要點第四條第一項第一款,True,,False,False,False
4168,2022-09-06,2022-09-07,2022-09-21,2022,因連續3個營業日達本中心作業要點第四條第一項第一款,True,24734.0,True,False,True
4168,2025-06-05,2025-06-06,2025-06-19,2025,因連續3個營業日達本中心作業要點第四條第一項第一款,True,0.0,False,False,False
4169,2026-07-09,2026-07-10,2026-07-24,2026,連續三次,False,,False,False,False
4169,2026-07-31,2026-08-03,2026-08-07,2026,連續三次,False,,False,False,False
4171,2020-03-03,2020-03-04,2020-03-17,2020,因連續3個營業日達本中心作業要點第四條第一項第一款,True,,False,False,False
4171,2020-04-16,2020-04-17,2020-04-30,2020,因連續3個營業日達本中心作業要點第四條第一項第一款,True,,False,False,False
4171,2020-04-27,2020-04-28,2020-05-12,2020,因連續3個營業日達本中心作業要點第四條第一項第一款,True,,False,False,False
4171,2020-05-19,2020-05-20,2020-06-02,2020,因連續3個營業日達本中心作業要點第四條第一項第一款,True,,False,False,False
4171,2020-05-22,2020-05-25,2020-06-05,2020,因連續3個營業日達本中心作業要點第四條第一項第一款,True,,False,False,False
4171,2020-08-11,2020-08-12,2020-08-25,2020,最近10個營業日內有6個營業日,True,,False,False,False
4171,2021-05-19,2021-05-20,2021-06-02,2021,因連續3個營業日達本中心作業要點第四條第一項第一款,True,10147.0,True,False,True
4171,2025-10-30,2025-10-31,2025-11-13,2025,因連續3個營業日達本中心作業要點第四條第一項第一款,True,14614.0,True,False,True
4174,2020-03-20,2020-03-23,2020-04-07,2020,因連續3個營業日達本中心作業要點第四條第一項第一款,True,,False,False,False
4174,2026-10-02,2026-10-05,2026-10-12,2026,連續3個營業日,True,32894.0,True,False,True
4175,2021-09-01,2021-09-02,2021-09-15,2021,因連續3個營業日達本中心作業要點第四條第一項第一款,True,7903.0,True,False,True
4183,2023-11-16,2023-11-17,2023-11-30,2023,因連續3個營業日達本中心作業要點第四條第一項第一款,False,,False,False,False
4188,2020-03-19,2020-03-20,2020-04-06,2020,因連續3個營業日達本中心作業要點第四條第一項第一款,False,,False,False,False
4188,2023-07-26,2023-07-27,2023-08-09,2023,因連續3個營業日達本中心作業要點第四條第一項第一款,False,,False,False,False
4188,2026-08-28,2026-08-31,2026-09-04,2026,連續3個營業日,False,,False,False,False
4192,2020-06-12,2020-06-15,2020-06-30,2020,因連續3個營業日達本中心作業要點第四條第一項第一款,False,,False,False,False
4192,2020-07-07,2020-07-08,2020-07-21,2020,因連續3個營業日達本中心作業要點第四條第一項第一款,False,,False,False,False
4192,2020-07-10,2020-07-13,2020-07-24,2020,因連續3個營業日達本中心作業要點第四條第一項第一款,False,,False,False,False
4192,2020-07-20,2020-07-21,2020-08-03,2020,因連續3個營業日達本中心作業要點第四條第一項第一款,False,,False,False,False
4192,2020-08-07,2020-08-10,2020-08-21,2020,因連續3個營業日達本中心作業要點第四條第一項第一款,False,,False,False,False
4192,2021-08-09,2021-08-10,2021-08-23,2021,因連續3個營業日達本中心作業要點第四條第一項第一款,False,,False,False,False
4192,2021-10-07,2021-10-08,2021-10-22,2021,最近10個營業日內有6個營業日,False,,False,False,False
4192,2021-10-29,2021-11-01,2021-11-12,2021,因連續3個營業日達本中心作業要點第四條第一項第一款,False,,False,False,False
4192,2021-11-03,2021-11-04,2021-11-17,2021,因連續3個營業日達本中心作業要點第四條第一項第一款,False,,False,False,False
4192,2021-11-08,2021-11-09,2021-11-22,2021,因連續3個營業日達本中心作業要點第四條第一項第一款,False,,False,False,False
4192,2024-04-12,2024-04-15,2024-04-26,2024,因連續3個營業日達本中心作業要點第四條第一項第一款,False,,False,False,False
4198,2020-02-14,2020-02-17,2020-03-02,2020,因連續3個營業日達本中心作業要點第四條第一項第一款,False,,False,False,False
4198,2020-07-15,2020-07-16,2020-07-29,2020,因連續3個營業日達本中心作業要點第四條第一項第一款,False,,False,False,False
4198,2020-09-03,2020-09-04,2020-09-17,2020,因連續3個營業日達本中心作業要點第四條第一項第一款,False,,False,False,False
4198,2020-09-08,2020-09-09,2020-09-22,2020,因連續3個營業日達本中心作業要點第四條第一項第一款,False,,False,False,False
4198,2020-09-11,2020-09-14,2020-09-25,2020,因連續3個營業日達本中心作業要點第四條第一項第一款,False,,False,False,False
4198,2024-04-03,2024-04-08,2024-04-19,2024,因連續3個營業日達本中心作業要點第四條第一項第一款,False,,False,False,False
4198,2024-04-10,2024-04-11,2024-04-24,2024,因連續3個營業日達本中心作業要點第四條第一項第一款,False,,False,False,False
4303,2018-03-21,2018-03-22,2018-04-03,2018,因連續3個營業日達本中心作業要點第四條第一項第一款,True,5000.0,True,False,True
4303,2018-09-03,2018-09-04,2018-09-17,2018,因連續3個營業日達本中心作業要點第四條第一項第一款,True,5000.0,True,False,True
4303,2024-03-01,2024-03-04,2024-03-15,2024,連續5個營業日,True,16875.0,True,False,True
4303,2024-03-06,2024-03-07,2024-03-20,2024,因連續3個營業日達本中心作業要點第四條第一項第一款,True,16875.0,True,False,True
4303,2024-05-13,2024-05-14,2024-05-27,2024,最近10個營業日內有6個營業日,True,19491.0,True,False,True
4304,2019-11-05,2019-11-06,2019-11-19,2019,因連續3個營業日達本中心作業要點第四條第一項第一款,True,0.0,False,False,False
4304,2021-04-09,2021-04-12,2021-04-23,2021,因連續3個營業日達本中心作業要點第四條第一項第一款,True,0.0,False,False,False
4304,2022-01-04,2022-01-05,2022-01-18,2022,因連續3個營業日達本中心作業要點第四條第一項第一款,True,0.0,False,False,False
4304,2022-01-07,2022-01-10,2022-01-21,2022,因連續3個營業日達本中心作業要點第四條第一項第一款,True,0.0,False,False,False
4304,2022-05-04,2022-05-05,2022-05-18,2022,因連續3個營業日達本中心作業要點第四條第一項第一款,True,0.0,False,False,False
4304,2022-09-28,2022-09-29,2022-10-13,2022,因連續3個營業日達本中心作業要點第四條第一項第一款,True,0.0,False,False,False
4304,2024-04-11,2024-04-12,2024-04-25,2024,因連續3個營業日達本中心作業要點第四條第一項第一款,True,0.0,False,False,False
4304,2024-07-01,2024-07-02,2024-07-15,2024,因連續3個營業日達本中心作業要點第四條第一項第一款,True,0.0,False,False,False
4304,2024-07-04,2024-07-05,2024-07-18,2024,因連續3個營業日達本中心作業要點第四條第一項第一款,True,0.0,False,False,False
4304,2025-10-29,2025-10-30,2025-11-12,2025,因連續3個營業日達本中心作業要點第四條第一項第一款,True,0.0,False,False,False
4304,2025-11-03,2025-11-04,2025-11-17,2025,因連續3個營業日達本中心作業要點第四條第一項第一款,True,0.0,False,False,False
4304,2025-11-06,2025-11-07,2025-11-20,2025,因連續3個營業日達本中心作業要點第四條第一項第一款,True,0.0,False,False,False
4304,2025-11-11,2025-11-12,2025-11-25,2025,因連續3個營業日達本中心作業要點第四條第一項第一款,True,0.0,False,False,False
4304,2026-01-06,2026-01-07,2026-01-20,2026,最近10個營業日內有6個營業日,True,0.0,False,False,False
4304,2026-08-24,2026-08-25,2026-08-31,2026,連續3個營業日,True,0.0,False,False,False
4304,2026-09-09,2026-09-10,2026-09-16,2026,連續3個營業日,True,0.0,False,False,False
4401,2020-03-19,2020-03-20,2020-04-06,2020,因連續3個營業日達本中心作業要點第四條第一項第一款,True,30071.0,True,False,True
4402,2019-05-22,2019-05-23,2019-06-05,2019,因連續3個營業日達本中心作業要點第四條第一項第一款,False,,False,False,False
4402,2022-06-10,2022-06-13,2022-06-24,2022,因連續3個營業日達本中心作業要點第四條第一項第一款,False,,False,False,False
4402,2024-09-30,2024-10-01,2024-10-15,2024,因連續3個營業日達本中心作業要點第四條第一項第一款,False,,False,False,False
4402,2026-06-12,2026-06-15,2026-06-29,2026,因連續3個營業日達本中心作業要點第四條第一項第一款,False,,False,False,False
4406,2021-07-07,2021-07-08,2021-07-21,2021,因連續3個營業日達本中心作業要點第四條第一項第一款,True,12978.0,True,False,True
4413,2022-08-17,2022-08-18,2022-08-31,2022,因連續3個營業日達本中心作業要點第四條第一項第一款,True,0.0,False,False,False
4413,2023-12-12,2023-12-13,2023-12-26,2023,因連續3個營業日達本中心作業要點第四條第一項第一款,True,2591.0,True,False,True
4414,2020-06-19,2020-06-22,2020-07-07,2020,連續三次,True,223858.0,True,False,True
4415,2019-03-22,2019-03-25,2019-04-09,2019,因連續3個營業日達本中心作業要點第四條第一項第一款,False,,False,False,False
4415,2019-03-27,2019-03-28,2019-04-12,2019,因連續3個營業日達本中心作業要點第四條第一項第一款,False,,False,False,False
4415,2019-04-01,2019-04-02,2019-04-17,2019,因連續3個營業日達本中心作業要點第四條第一項第一款,False,,False,False,False
4416,2026-03-09,2026-03-10,2026-03-23,2026,因連續3個營業日達本中心作業要點第四條第一項第一款,True,18396.0,True,False,True
4416,2026-03-12,2026-03-13,2026-03-26,2026,因連續3個營業日達本中心作業要點第四條第一項第一款,True,18396.0,True,False,True
4419,2019-02-27,2019-03-04,2019-03-15,2019,因連續3個營業日達本中心作業要點第四條第一項第一款,False,,False,False,False
4419,2020-03-10,2020-03-11,2020-03-24,2020,因連續3個營業日達本中心作業要點第四條第一項第一款,False,,False,False,False
4419,2020-10-30,2020-11-02,2020-11-13,2020,因連續3個營業日達本中心作業要點第四條第一項第一款,False,,False,False,False
4419,2020-11-04,2020-11-05,2020-11-18,2020,因連續3個營業日達本中心作業要點第四條第一項第一款,False,,False,False,False
4419,2021-04-01,2021-04-06,2021-04-19,2021,因連續3個營業日達本中心作業要點第四條第一項第一款,False,,False,False,False
4419,2023-07-17,2023-07-18,2023-07-31,2023,最近10個營業日內有6個營業日,False,,False,False,False
4419,2024-06-18,2024-06-19,2024-07-02,2024,因連續3個營業日達本中心作業要點第四條第一項第一款,False,,False,False,False
4420,2023-12-04,2023-12-05,2023-12-18,2023,因連續3個營業日達本中心作業要點第四條第一項第一款,True,10113.0,True,False,True
4429,2019-10-04,2019-10-07,2019-10-22,2019,因連續3個營業日達本中心作業要點第四條第一項第一款,True,8587.0,True,False,True
4432,2020-03-20,2020-03-23,2020-04-07,2020,因連續3個營業日達本中心作業要點第四條第一項第一款,True,12647.0,True,False,True
4433,2019-04-10,2019-04-11,2019-04-24,2019,因連續3個營業日達本中心作業要點第四條第一項第一款,True,7873.0,True,False,True
4433,2019-07-22,2019-07-23,2019-08-05,2019,因連續3個營業日達本中心作業要點第四條第一項第一款,True,8655.0,True,False,True
4502,2019-10-21,2019-10-22,2019-11-04,2019,因連續3個營業日達本中心作業要點第四條第一項第一款,True,11629.0,True,False,True
4510,2024-07-09,2024-07-10,2024-07-23,2024,因連續3個營業日達本中心作業要點第四條第一項第一款,True,27002.0,True,False,True
4510,2024-07-12,2024-07-15,2024-07-26,2024,因連續3個營業日達本中心作業要點第四條第一項第一款,True,27002.0,True,False,True
4510,2024-08-08,2024-08-09,2024-08-26,2024,連續3個營業日及沖銷標準,True,27002.0,True,False,True
4513,2018-06-20,2018-06-21,2018-07-04,2018,因連續3個營業日達本中心作業要點第四條第一項第一款,True,19220.0,True,True,False
4513,2018-06-25,2018-06-26,2018-07-09,2018,因連續3個營業日達本中心作業要點第四條第一項第一款,True,19220.0,True,False,True
4523,2019-04-09,2019-04-10,2019-04-23,2019,因連續3個營業日達本中心作業要點第四條第一項第一款,True,16000.0,True,False,True
4526,2024-06-26,2024-06-27,2024-07-12,2024,連續五次及當日沖銷標準,True,63706.0,True,False,True
4526,2024-09-02,2024-09-03,2024-09-19,2024,連續三次及當日沖銷標準,True,63706.0,True,False,True
4529,2019-08-28,2019-08-29,2019-09-11,2019,因連續3個營業日達本中心作業要點第四條第一項第一款,True,12522.0,True,False,True
4529,2020-03-19,2020-03-20,2020-04-06,2020,因連續3個營業日達本中心作業要點第四條第一項第一款,True,12495.0,True,False,True
4529,2020-03-24,2020-03-25,2020-04-09,2020,因連續3個營業日達本中心作業要點第四條第一項第一款,True,12495.0,True,False,True
4529,2020-04-17,2020-04-20,2020-05-04,2020,因連續3個營業日達本中心作業要點第四條第一項第一款,True,0.0,False,False,False
4529,2021-03-10,2021-03-11,2021-03-24,2021,因連續3個營業日達本中心作業要點第四條第一項第一款,True,0.0,False,False,False
4529,2021-07-02,2021-07-05,2021-07-16,2021,因連續3個營業日達本中心作業要點第四條第一項第一款,True,0.0,False,False,False
4529,2024-01-17,2024-01-18,2024-01-31,2024,因連續3個營業日達本中心作業要點第四條第一項第一款,True,0.0,False,False,False
4529,2026-04-29,2026-04-30,2026-05-14,2026,因連續3個營業日達本中心作業要點第四條第一項第一款,True,0.0,False,False,False
4533,2023-06-14,2023-06-15,2023-06-30,2023,因連續3個營業日達本中心作業要點第四條第一項第一款,True,39608.0,True,False,True
4533,2023-06-19,2023-06-20,2023-07-05,2023,因連續3個營業日達本中心作業要點第四條第一項第一款,True,39608.0,True,False,True
4533,2024-04-15,2024-04-16,2024-04-29,2024,因連續3個營業日達本中心作業要點第四條第一項第一款,True,39608.0,True,False,True
4534,2024-07-05,2024-07-08,2024-07-19,2024,因連續3個營業日達本中心作業要點第四條第一項第一款,True,0.0,False,False,False
4534,2025-02-26,2025-02-27,2025-03-13,2025,因連續3個營業日達本中心作業要點第四條第一項第一款,True,0.0,False,False,False
4534,2026-03-02,2026-03-03,2026-03-16,2026,因連續3個營業日達本中心作業要點第四條第一項第一款,True,0.0,False,False,False
4540,2024-12-18,2024-12-19,2025-01-06,2024,連續五次及當日沖銷標準,True,24903.0,True,False,True
4542,2023-09-05,2023-09-06,2023-09-19,2023,因連續3個營業日達本中心作業要點第四條第一項第一款,True,8071.0,True,False,True
4542,2023-09-08,2023-09-11,2023-09-22,2023,因連續3個營業日達本中心作業要點第四條第一項第一款,True,8071.0,True,False,True
4542,2025-12-15,2025-12-16,2025-12-30,2025,因連續3個營業日達本中心作業要點第四條第一項第一款,True,8080.0,True,False,True
4542,2026-04-29,2026-04-30,2026-05-14,2026,最近10個營業日內有6個營業日,True,8646.0,True,False,True
4542,2026-05-06,2026-05-07,2026-05-20,2026,因連續3個營業日達本中心作業要點第四條第一項第一款,True,8646.0,True,False,True
4542,2026-06-11,2026-06-12,2026-06-26,2026,因連續3個營業日達本中心作業要點第四條第一項第一款,True,8646.0,True,False,True
4542,2026-07-14,2026-07-15,2026-07-28,2026,因連續3個營業日達本中心作業要點第四條第一項第一款,True,8813.0,True,False,True
4542,2026-09-24,2026-09-29,2026-10-05,2026,連續3個營業日,True,8945.0,True,False,True
4543,2023-06-02,2023-06-05,2023-06-16,2023,因連續3個營業日達本中心作業要點第四條第一項第一款,True,14242.0,True,False,True
4545,2018-04-19,2018-04-20,2018-05-04,2018,連續五次,True,19250.0,True,False,True
4549,2024-06-03,2024-06-04,2024-06-18,2024,因連續3個營業日達本中心作業要點第四條第一項第一款,True,13697.0,True,False,True
4551,2026-06-22,2026-06-23,2026-07-06,2026,連續三次,True,28805.0,True,False,True
4554,2020-03-23,2020-03-24,2020-04-08,2020,因連續3個營業日達本中心作業要點第四條第一項第一款,True,,False,False,False
4554,2025-05-16,2025-05-19,2025-06-02,2025,因連續3個營業日達本中心作業要點第四條第一項第一款,True,,False,False,False
4554,2025-05-21,2025-05-22,2025-06-05,2025,因連續3個營業日達本中心作業要點第四條第一項第一款,True,,False,False,False
4556,2026-06-12,2026-06-15,2026-06-29,2026,因連續3個營業日達本中心作業要點第四條第一項第一款,True,10575.0,True,False,True
4556,2026-06-17,2026-06-18,2026-07-02,2026,因連續3個營業日達本中心作業要點第四條第一項第一款,True,10575.0,True,False,True
4556,2026-07-14,2026-07-15,2026-07-28,2026,因連續3個營業日達本中心作業要點第四條第一項第一款,True,10575.0,True,False,True
4556,2026-08-03,2026-08-04,2026-08-10,2026,連續3個營業日,True,10575.0,True,False,True
4556,2026-10-06,2026-10-07,2026-10-14,2026,連續3個營業日,True,10575.0,True,False,True
4558,2024-10-29,2024-10-30,2024-11-12,2024,因連續3個營業日達本中心作業要點第四條第一項第一款,True,12500.0,True,False,True
4561,2026-01-22,2026-01-23,2026-02-05,2026,因連續3個營業日達本中心作業要點第四條第一項第一款,True,14630.0,True,False,True
4561,2026-05-11,2026-05-12,2026-05-25,2026,連續5個營業日,True,14630.0,True,False,True
4562,2024-05-13,2024-05-14,2024-05-27,2024,連續三次,True,21886.0,True,False,True
4562,2024-07-08,2024-07-09,2024-07-22,2024,連續三次,True,21886.0,True,False,True
4569,2024-09-06,2024-09-09,2024-09-23,2024,連續三次,True,7750.0,True,False,True
4569,2024-09-11,2024-09-12,2024-09-26,2024,連續三次,True,7750.0,True,False,True
4569,2026-04-15,2026-04-16,2026-04-29,2026,連續三次,True,7650.0,True,False,True
4571,2021-03-02,2021-03-03,2021-03-16,2021,連續三次,True,12100.0,True,False,True
4571,2021-03-05,2021-03-08,2021-03-19,2021,連續三次,True,12100.0,True,False,True
4571,2024-12-23,2024-12-24,2025-01-09,2024,連續三次及當日沖銷標準,True,13254.0,True,False,True
4576,2021-01-28,2021-01-29,2021-02-22,2021,連續三次,True,29653.0,True,False,True
4576,2024-10-22,2024-10-23,2024-11-07,2024,連續三次及當日沖銷標準,True,29950.0,True,False,True
4576,2026-04-15,2026-04-16,2026-04-29,2026,連續三次,True,29950.0,True,False,True
4577,2025-08-18,2025-08-19,2025-09-01,2025,最近10個營業日內有6個營業日,True,12284.0,True,False,True
4577,2025-11-27,2025-11-28,2025-12-11,2025,因連續3個營業日達本中心作業要點第四條第一項第一款,True,12284.0,True,False,True
4577,2026-03-02,2026-03-03,2026-03-16,2026,因連續3個營業日達本中心作業要點第四條第一項第一款,True,12284.0,True,False,True
4577,2026-04-15,2026-04-16,2026-04-29,2026,因連續3個營業日達本中心作業要點第四條第一項第一款,True,12284.0,True,False,True
4583,2024-09-02,2024-09-03,2024-09-16,2024,連續三次,True,20042.0,True,False,True
4588,2024-02-26,2024-02-27,2024-03-12,2024,連續三次,True,,False,False,False
4588,2024-04-19,2024-04-22,2024-05-06,2024,連續三次,True,,False,False,False
4609,2018-05-10,2018-05-11,2018-05-24,2018,因連續3個營業日達本中心作業要點第四條第一項第一款,True,0.0,False,False,False
4609,2018-05-15,2018-05-16,2018-05-29,2018,因連續3個營業日達本中心作業要點第四條第一項第一款,True,0.0,False,False,False
4609,2018-06-11,2018-06-12,2018-06-26,2018,因連續3個營業日達本中心作業要點第四條第一項第一款,True,0.0,False,False,False
4702,2020-03-23,2020-03-24,2020-04-08,2020,因連續3個營業日達本中心作業要點第四條第一項第一款,True,,False,False,False
4702,2020-11-06,2020-11-09,2020-11-20,2020,因連續3個營業日達本中心作業要點第四條第一項第一款,True,18083.0,True,False,True
4707,2026-06-04,2026-06-05,2026-06-18,2026,因連續3個營業日達本中心作業要點第四條第一項第一款,True,100928.0,True,False,True
4707,2026-07-08,2026-07-09,2026-07-23,2026,最近10個營業日內有6個營業日,True,100928.0,True,False,True
4712,2020-05-26,2020-05-27,2020-06-09,2020,因連續3個營業日達本中心作業要點第四條第一項第一款,True,0.0,False,False,False
4714,2024-02-20,2024-02-21,2024-03-06,2024,因連續3個營業日達本中心作業要點第四條第一項第一款,True,35543.0,True,False,True
4714,2024-02-23,2024-02-26,2024-03-11,2024,因連續3個營業日達本中心作業要點第四條第一項第一款,True,35543.0,True,False,True
4722,2025-08-20,2025-08-21,2025-09-03,2025,連續三次,True,25324.0,True,False,True
4722,2025-08-25,2025-08-26,2025-09-08,2025,連續三次,True,25324.0,True,False,True
4722,2025-10-03,2025-10-07,2025-10-21,2025,最近十個營業日已有六次,True,25341.0,True,False,True
4722,2026-05-25,2026-05-26,2026-06-08,2026,最近十個營業日已有六次,True,25696.0,True,False,True
4725,2020-05-25,2020-05-26,2020-06-08,2020,連續三次,True,0.0,False,False,False
4726,2020-05-20,2020-05-21,2020-06-03,2020,因連續3個營業日達本中心作業要點第四條第一項第一款,True,,False,False,False
4726,2020-05-25,2020-05-26,2020-06-08,2020,因連續3個營業日達本中心作業要點第四條第一項第一款,True,,False,False,False
4726,2020-07-10,2020-07-13,2020-07-24,2020,因連續3個營業日達本中心作業要點第四條第一項第一款,True,,False,False,False
4726,2021-04-14,2021-04-15,2021-04-28,2021,因連續3個營業日達本中心作業要點第四條第一項第一款,True,,False,False,False
4728,2023-04-19,2023-04-20,2023-05-04,2023,因連續3個營業日達本中心作業要點第四條第一項第一款,True,13615.0,True,False,True
4728,2023-04-24,2023-04-25,2023-05-09,2023,因連續3個營業日達本中心作業要點第四條第一項第一款,True,13615.0,True,False,True
4729,2020-04-29,2020-04-30,2020-05-14,2020,因連續3個營業日達本中心作業要點第四條第一項第一款,True,,False,False,False
4729,2020-05-05,2020-05-06,2020-05-19,2020,因連續3個營業日達本中心作業要點第四條第一項第一款,True,,False,False,False
4729,2020-05-26,2020-05-27,2020-06-09,2020,因連續3個營業日達本中心作業要點第四條第一項第一款,True,,False,False,False
4729,2024-08-23,2024-08-26,2024-09-06,2024,因連續3個營業日達本中心作業要點第四條第一項第一款,True,19431.0,True,False,True
4736,2020-05-18,2020-05-19,2020-06-01,2020,因連續3個營業日達本中心作業要點第四條第一項第一款,True,21073.0,True,False,True
4736,2022-04-13,2022-04-14,2022-04-29,2022,連續3個營業日及沖銷標準,True,23277.0,True,False,True
4736,2022-04-18,2022-04-19,2022-05-03,2022,因連續3個營業日達本中心作業要點第四條第一項第一款,True,23277.0,True,False,True
4739,2020-03-18,2020-03-19,2020-04-01,2020,連續三次,True,22469.0,True,False,True
4741,2023-04-27,2023-04-28,2023-05-12,2023,因連續3個營業日達本中心作業要點第四條第一項第一款,True,8210.0,True,False,True
4741,2024-08-28,2024-08-29,2024-09-11,2024,因連續3個營業日達本中心作業要點第四條第一項第一款,True,8210.0,True,False,True
4741,2026-04-01,2026-04-02,2026-04-17,2026,因連續3個營業日達本中心作業要點第四條第一項第一款,True,8703.0,True,False,True
4741,2026-04-08,2026-04-09,2026-04-22,2026,因連續3個營業日達本中心作業要點第四條第一項第一款,True,8703.0,True,False,True
4743,2020-04-22,2020-04-23,2020-05-07,2020,因連續3個營業日達本中心作業要點第四條第一項第一款,True,,False,False,False
4743,2020-04-27,2020-04-28,2020-05-12,2020,因連續3個營業日達本中心作業要點第四條第一項第一款,True,,False,False,False
4743,2020-05-20,2020-05-21,2020-06-03,2020,因連續3個營業日達本中心作業要點第四條第一項第一款,True,,False,False,False
4743,2020-05-25,2020-05-26,2020-06-08,2020,因連續3個營業日達本中心作業要點第四條第一項第一款,True,,False,False,False
4743,2020-06-11,2020-06-12,2020-06-29,2020,因連續3個營業日達本中心作業要點第四條第一項第一款,True,,False,False,False
4743,2020-07-07,2020-07-08,2020-07-21,2020,因連續3個營業日達本中心作業要點第四條第一項第一款,True,,False,False,False
4743,2020-07-10,2020-07-13,2020-07-24,2020,因連續3個營業日達本中心作業要點第四條第一項第一款,True,,False,False,False
4743,2020-07-17,2020-07-20,2020-07-31,2020,因連續3個營業日達本中心作業要點第四條第一項第一款,True,,False,False,False
4743,2020-07-22,2020-07-23,2020-08-05,2020,因連續3個營業日達本中心作業要點第四條第一項第一款,True,,False,False,False
4743,2021-02-25,2021-02-26,2021-03-12,2021,因連續3個營業日達本中心作業要點第四條第一項第一款,True,,False,False,False
4743,2021-10-19,2021-10-20,2021-11-02,2021,因連續3個營業日達本中心作業要點第四條第一項第一款,True,,False,False,False
4743,2022-08-25,2022-08-26,2022-09-08,2022,因連續3個營業日達本中心作業要點第四條第一項第一款,True,97124.0,True,False,True
4743,2022-08-30,2022-08-31,2022-09-14,2022,因連續3個營業日達本中心作業要點第四條第一項第一款,True,97124.0,True,False,True
4746,2020-03-25,2020-03-26,2020-04-10,2020,連續三次,True,24753.0,True,False,True
4746,2021-05-28,2021-05-31,2021-06-11,2021,最近十個營業日已有六次,True,27090.0,True,False,True
4747,2020-03-31,2020-04-01,2020-04-16,2020,因連續3個營業日達本中心作業要點第四條第一項第一款,True,7504.0,True,False,True
4747,2022-12-26,2022-12-27,2023-01-10,2022,最近10個營業日內有6個營業日,True,7504.0,True,False,True
4755,2021-12-30,2022-01-03,2022-01-18,2021,連續五次及當日沖銷標準,True,25176.0,True,False,True
4760,2020-01-17,2020-01-20,2020-02-11,2020,最近10個營業日內有6個營業日,True,,False,True,False
4760,2020-04-14,2020-04-15,2020-04-28,2020,因連續3個營業日達本中心作業要點第四條第一項第一款,True,,False,False,False
4760,2021-01-15,2021-01-18,2021-01-29,2021,因連續3個營業日達本中心作業要點第四條第一項第一款,True,7703.0,True,False,True
4760,2025-08-29,2025-09-01,2025-09-12,2025,因連續3個營業日達本中心作業要點第四條第一項第一款,True,7678.0,True,False,True
4763,2023-03-27,2023-03-28,2023-04-13,2023,最近十個營業日已有六次,True,17763.0,True,False,True
4763,2023-04-12,2023-04-13,2023-04-26,2023,連續三次,True,17763.0,True,False,True
4764,2025-10-23,2025-10-27,2025-11-07,2025,連續三次,True,21385.0,True,False,True
4764,2025-10-29,2025-10-30,2025-11-12,2025,連續三次,True,21385.0,True,False,True
4764,2026-04-15,2026-04-16,2026-04-29,2026,連續三次,True,21385.0,True,False,True
4764,2026-04-20,2026-04-21,2026-05-05,2026,連續三次,True,21385.0,True,False,True
4764,2026-05-06,2026-05-07,2026-05-20,2026,連續三次,True,21385.0,True,False,True
4764,2026-06-23,2026-06-24,2026-07-07,2026,連續三次,True,21385.0,True,False,True
4768,2022-08-25,2022-08-26,2022-09-08,2022,連續5個營業日,True,,False,False,False
4768,2024-04-19,2024-04-22,2024-05-06,2024,最近10個營業日內有6個營業日,True,10768.0,True,False,True
4768,2025-08-20,2025-08-21,2025-09-03,2025,因連續3個營業日達本中心作業要點第四條第一項第一款,True,11306.0,True,False,True
4768,2025-10-13,2025-10-14,2025-10-28,2025,因連續3個營業日達本中心作業要點第四條第一項第一款,True,11871.0,True,False,True
4768,2025-12-19,2025-12-22,2026-01-06,2025,連續5個營業日,True,11871.0,True,False,True
4768,2026-03-04,2026-03-05,2026-03-18,2026,連續5個營業日,True,11871.0,True,False,True
4768,2026-04-23,2026-04-24,2026-05-08,2026,最近10個營業日內有6個營業日,True,11871.0,True,False,True
4770,2022-08-26,2022-08-29,2022-09-12,2022,連續三次,True,19750.0,True,False,True
4772,2025-01-17,2025-01-20,2025-02-11,2025,因連續3個營業日達本中心作業要點第四條第一項第一款,True,,False,False,False
4772,2025-08-29,2025-09-01,2025-09-12,2025,最近10個營業日內有6個營業日,True,36920.0,True,False,True
4803,2021-08-18,2021-08-19,2021-09-01,2021,因連續3個營業日達本中心作業要點第四條第一項第一款,True,0.0,False,False,False
4803,2021-08-23,2021-08-24,2021-09-06,2021,因連續3個營業日達本中心作業要點第四條第一項第一款,True,0.0,False,False,False
4803,2021-09-16,2021-09-17,2021-10-04,2021,因連續3個營業日達本中心作業要點第四條第一項第一款,True,0.0,False,False,False
4803,2021-11-19,2021-11-22,2021-12-03,2021,因連續3個營業日達本中心作業要點第四條第一項第一款,True,0.0,False,False,False
4804,2022-03-18,2022-03-21,2022-04-01,2022,因連續3個營業日達本中心作業要點第四條第一項第一款,True,8646.0,True,False,True
4804,2022-05-12,2022-05-13,2022-05-26,2022,因連續3個營業日達本中心作業要點第四條第一項第一款,True,8646.0,True,False,True
4804,2023-04-13,2023-04-14,2023-04-27,2023,因連續3個營業日達本中心作業要點第四條第一項第一款,True,0.0,False,False,False
4804,2024-07-17,2024-07-18,2024-07-31,2024,因連續3個營業日達本中心作業要點第四條第一項第一款,True,0.0,False,False,False
4804,2025-06-30,2025-07-01,2025-07-14,2025,因連續3個營業日達本中心作業要點第四條第一項第一款,True,0.0,False,False,False
4804,2025-08-05,2025-08-06,2025-08-19,2025,因連續3個營業日達本中心作業要點第四條第一項第一款,True,0.0,False,False,False
4806,2018-05-22,2018-05-23,2018-06-05,2018,因連續3個營業日達本中心作業要點第四條第一項第一款,True,0.0,False,False,False
4806,2018-05-25,2018-05-28,2018-06-08,2018,因連續3個營業日達本中心作業要點第四條第一項第一款,True,0.0,False,False,False
4806,2018-05-30,2018-05-31,2018-06-13,2018,因連續3個營業日達本中心作業要點第四條第一項第一款,True,0.0,False,False,False
4806,2023-10-20,2023-10-23,2023-11-03,2023,因連續3個營業日達本中心作業要點第四條第一項第一款,True,0.0,False,False,False
4806,2023-11-13,2023-11-14,2023-11-27,2023,因連續3個營業日達本中心作業要點第四條第一項第一款,True,0.0,False,False,False
4807,2018-03-16,2018-03-19,2018-03-30,2018,連續三次,True,,False,False,False
4807,2020-03-23,2020-03-24,2020-04-08,2020,連續三次,True,9617.0,True,False,True
4807,2026-06-05,2026-06-08,2026-06-22,2026,連續三次,True,12249.0,True,False,True
4903,2019-01-08,2019-01-09,2019-01-22,2019,因連續3個營業日達本中心作業要點第四條第一項第一款,True,0.0,False,False,False
4903,2019-10-24,2019-10-25,2019-11-07,2019,因連續3個營業日達本中心作業要點第四條第一項第一款,True,0.0,False,False,False
4903,2021-09-28,2021-09-29,2021-10-13,2021,因連續3個營業日達本中心作業要點第四條第一項第一款,True,0.0,False,False,False
4905,2023-07-07,2023-07-10,2023-07-21,2023,因連續3個營業日達本中心作業要點第四條第一項第一款,True,7315.0,True,False,True
4905,2026-03-24,2026-03-25,2026-04-09,2026,因連續3個營業日達本中心作業要點第四條第一項第一款,True,7315.0,True,False,True
4908,2019-10-23,2019-10-24,2019-11-06,2019,因連續3個營業日達本中心作業要點第四條第一項第一款,True,19554.0,True,False,True
4908,2026-04-15,2026-04-16,2026-04-29,2026,因連續3個營業日達本中心作業要點第四條第一項第一款,True,19554.0,True,False,True
4908,2026-04-20,2026-04-21,2026-05-05,2026,因連續3個營業日達本中心作業要點第四條第一項第一款,True,19554.0,True,False,True
4908,2026-05-06,2026-05-07,2026-05-20,2026,因連續3個營業日達本中心作業要點第四條第一項第一款,True,19554.0,True,False,True
4908,2026-09-02,2026-09-03,2026-09-09,2026,連續3個營業日,True,19554.0,True,False,True
4909,2024-03-13,2024-03-14,2024-03-27,2024,最近10個營業日內有6個營業日,True,23339.0,True,False,True
4909,2024-04-03,2024-04-08,2024-04-19,2024,最近10個營業日內有6個營業日,True,23339.0,True,False,True
4911,2020-05-29,2020-06-01,2020-06-12,2020,因連續3個營業日達本中心作業要點第四條第一項第一款,True,,False,False,False
4911,2022-06-17,2022-06-20,2022-07-01,2022,因連續3個營業日達本中心作業要點第四條第一項第一款,True,,False,False,False
4911,2022-06-22,2022-06-23,2022-07-06,2022,因連續3個營業日達本中心作業要點第四條第一項第一款,True,,False,False,False
4916,2026-05-25,2026-05-26,2026-06-08,2026,連續三次,True,30976.0,True,False,True
4919,2026-04-21,2026-04-22,2026-05-06,2026,連續三次,True,104941.0,True,False,True
4919,2026-05-27,2026-05-28,2026-06-10,2026,連續三次,True,104941.0,True,False,True
4923,2026-06-23,2026-06-24,2026-07-07,2026,因連續3個營業日達本中心作業要點第四條第一項第一款,True,8813.0,True,False,True
4924,2020-08-20,2020-08-21,2020-09-03,2020,因連續3個營業日達本中心作業要點第四條第一項第一款,True,0.0,False,False,False
4924,2024-06-18,2024-06-19,2024-07-02,2024,因連續3個營業日達本中心作業要點第四條第一項第一款,True,0.0,False,False,False
4927,2024-07-16,2024-07-17,2024-07-30,2024,連續三次,True,47484.0,True,False,True
4927,2026-03-02,2026-03-03,2026-03-16,2026,連續三次,True,66234.0,True,False,True
4931,2024-11-15,2024-11-18,2024-12-03,2024,連續3個營業日及沖銷標準,True,16433.0,True,False,True
4931,2025-08-29,2025-09-01,2025-09-12,2025,最近10個營業日內有6個營業日,True,16404.0,True,False,True
4931,2025-12-04,2025-12-05,2025-12-22,2025,連續5個營業日及沖銷標準,True,16404.0,True,False,True
4931,2025-12-23,2025-12-24,2026-01-08,2025,最近10個營業日內有6個營業日,True,16391.0,True,False,True
4931,2026-08-12,2026-08-13,2026-08-21,2026,連續3個營業日,True,16391.0,True,False,True
4934,2020-09-04,2020-09-07,2020-09-18,2020,連續三次,True,0.0,False,False,False
4939,2026-04-21,2026-04-22,2026-05-06,2026,因連續3個營業日達本中心作業要點第四條第一項第一款,True,24550.0,True,False,True
4939,2026-08-31,2026-09-01,2026-09-09,2026,連續3個營業日及沖銷標準,True,24550.0,True,False,True
4943,2018-10-12,2018-10-15,2018-10-26,2018,連續三次,True,26584.0,True,False,True
4943,2021-11-22,2021-11-23,2021-12-06,2021,連續三次,True,35823.0,True,False,True
4943,2022-11-23,2022-11-24,2022-12-07,2022,連續三次,True,0.0,False,False,False
4943,2022-12-26,2022-12-27,2023-01-10,2022,連續三次,True,0.0,False,False,False
4943,2022-12-29,2022-12-30,2023-01-13,2022,連續三次,True,0.0,False,False,False
4943,2023-01-04,2023-01-05,2023-01-30,2023,連續三次,True,0.0,False,False,False
4943,2024-03-08,2024-03-11,2024-03-22,2024,連續三次,True,0.0,False,False,False
4943,2025-03-24,2025-03-25,2025-04-09,2025,連續三次,True,0.0,False,False,False
4944,2020-02-19,2020-02-20,2020-03-05,2020,因連續3個營業日達本中心作業要點第四條第一項第一款,True,0.0,False,False,False
4944,2020-03-18,2020-03-19,2020-04-01,2020,因連續3個營業日達本中心作業要點第四條第一項第一款,True,0.0,False,False,False
4944,2020-03-23,2020-03-24,2020-04-08,2020,因連續3個營業日達本中心作業要點第四條第一項第一款,True,0.0,False,False,False
4944,2020-07-13,2020-07-14,2020-07-27,2020,因連續3個營業日達本中心作業要點第四條第一項第一款,True,0.0,False,False,False
4944,2021-03-02,2021-03-03,2021-03-16,2021,因連續3個營業日達本中心作業要點第四條第一項第一款,True,0.0,False,False,False
4944,2021-10-06,2021-10-07,2021-10-21,2021,因連續3個營業日達本中心作業要點第四條第一項第一款,True,0.0,False,False,False
4944,2021-12-10,2021-12-13,2021-12-24,2021,因連續3個營業日達本中心作業要點第四條第一項第一款,True,0.0,False,False,False
4944,2022-05-10,2022-05-11,2022-05-24,2022,因連續3個營業日達本中心作業要點第四條第一項第一款,True,0.0,False,False,False
4944,2022-05-13,2022-05-16,2022-05-27,2022,因連續3個營業日達本中心作業要點第四條第一項第一款,True,0.0,False,False,False
4944,2022-05-24,2022-05-25,2022-06-08,2022,因連續3個營業日達本中心作業要點第四條第一項第一款,True,0.0,False,False,False
4944,2023-08-24,2023-08-25,2023-09-07,2023,因連續3個營業日達本中心作業要點第四條第一項第一款,True,0.0,False,False,False
4945,2021-07-23,2021-07-26,2021-08-06,2021,因連續3個營業日達本中心作業要點第四條第一項第一款,True,7516.0,True,False,True
4945,2024-02-22,2024-02-23,2024-03-08,2024,因連續3個營業日達本中心作業要點第四條第一項第一款,True,7505.0,True,False,True
4946,2020-05-26,2020-05-27,2020-06-09,2020,因連續3個營業日達本中心作業要點第四條第一項第一款,True,,False,False,False
4946,2020-11-23,2020-11-24,2020-12-07,2020,因連續3個營業日達本中心作業要點第四條第一項第一款,True,,False,False,False
4946,2020-11-26,2020-11-27,2020-12-10,2020,因連續3個營業日達本中心作業要點第四條第一項第一款,True,,False,False,False
4946,2021-01-08,2021-01-11,2021-01-22,2021,因連續3個營業日達本中心作業要點第四條第一項第一款,True,,False,False,False
4946,2021-12-21,2021-12-22,2022-01-05,2021,因連續3個營業日達本中心作業要點第四條第一項第一款,True,,False,False,False
4946,2022-01-10,2022-01-11,2022-01-24,2022,因連續3個營業日達本中心作業要點第四條第一項第一款,True,,False,False,False
4946,2023-06-08,2023-06-09,2023-06-26,2023,因連續3個營業日達本中心作業要點第四條第一項第一款,True,,False,False,False
4946,2025-02-12,2025-02-13,2025-02-26,2025,因連續3個營業日達本中心作業要點第四條第一項第一款,True,,False,False,False
4946,2025-03-13,2025-03-14,2025-03-27,2025,因連續3個營業日達本中心作業要點第四條第一項第一款,True,,False,False,False
4946,2025-05-06,2025-05-07,2025-05-20,2025,因連續3個營業日達本中心作業要點第四條第一項第一款,True,,False,False,False
4946,2025-05-26,2025-05-27,2025-06-10,2025,因連續3個營業日達本中心作業要點第四條第一項第一款,True,,False,False,False
4949,2025-03-27,2025-03-28,2025-04-14,2025,連續五次,True,16756.0,True,False,True
4949,2026-04-15,2026-04-16,2026-04-29,2026,連續三次,True,16930.0,True,False,True
4950,2020-08-25,2020-08-26,2020-09-08,2020,因連續3個營業日達本中心作業要點第四條第一項第一款,False,,False,False,False
4950,2020-08-28,2020-08-31,2020-09-11,2020,因連續3個營業日達本中心作業要點第四條第一項第一款,False,,False,False,False
4950,2020-11-11,2020-11-12,2020-11-25,2020,因連續3個營業日達本中心作業要點第四條第一項第一款,False,,False,False,False
4950,2024-09-13,2024-09-16,2024-09-30,2024,因連續3個營業日達本中心作業要點第四條第一項第一款,False,,False,False,False
4950,2024-09-19,2024-09-20,2024-10-03,2024,因連續3個營業日達本中心作業要點第四條第一項第一款,False,,False,False,False
4951,2026-05-04,2026-05-05,2026-05-18,2026,因連續3個營業日達本中心作業要點第四條第一項第一款,True,8537.0,True,False,True
4951,2026-05-07,2026-05-08,2026-05-21,2026,因連續3個營業日達本中心作業要點第四條第一項第一款,True,8537.0,True,False,True
4956,2020-04-30,2020-05-04,2020-05-15,2020,連續三次,True,25102.0,True,False,True
4956,2020-05-06,2020-05-07,2020-05-20,2020,連續三次,True,25102.0,True,False,True
4956,2024-10-16,2024-10-17,2024-11-01,2024,連續三次及當日沖銷標準,True,25102.0,True,False,True
4956,2026-04-21,2026-04-22,2026-05-06,2026,連續三次,True,25102.0,True,False,True
4958,2026-05-27,2026-05-28,2026-06-10,2026,連續三次,True,269855.0,True,False,True
4960,2020-04-07,2020-04-08,2020-04-21,2020,連續三次,True,166432.0,True,False,True
4960,2026-03-16,2026-03-17,2026-03-30,2026,連續三次,True,142926.0,True,False,True
4960,2026-04-17,2026-04-20,2026-05-04,2026,連續三次,True,142926.0,True,False,True
4960,2026-04-22,2026-04-23,2026-05-07,2026,連續三次,True,142926.0,True,False,True
4961,2020-12-11,2020-12-14,2020-12-25,2020,連續三次,True,41387.0,True,False,True
4961,2020-12-16,2020-12-17,2020-12-30,2020,連續三次,True,41387.0,True,False,True
4961,2021-01-08,2021-01-11,2021-01-22,2021,最近十個營業日已有六次,True,41647.0,True,False,True
4961,2021-02-19,2021-02-22,2021-03-08,2021,連續三次,True,41647.0,True,False,True
4961,2021-03-22,2021-03-23,2021-04-07,2021,連續三次,True,41647.0,True,False,True
4965,2018-04-13,2018-04-16,2018-04-27,2018,因連續3個營業日達本中心作業要點第四條第一項第一款,False,,False,False,False
4966,2026-05-14,2026-05-15,2026-05-28,2026,因連續3個營業日達本中心作業要點第四條第一項第一款,True,19739.0,True,False,True
4967,2025-10-15,2025-10-16,2025-11-03,2025,連續三次及當日沖銷標準,True,21240.0,True,False,True
4967,2026-01-12,2026-01-13,2026-01-26,2026,最近十個營業日已有六次,True,21240.0,True,False,True
4968,2019-08-21,2019-08-22,2019-09-04,2019,最近十個營業日已有六次,True,15350.0,True,False,True
4968,2019-10-04,2019-10-07,2019-10-22,2019,最近十個營業日已有六次,True,15395.0,True,False,True
4968,2020-07-09,2020-07-10,2020-07-23,2020,連續三次,True,15535.0,True,False,True
4968,2021-10-28,2021-10-29,2021-11-11,2021,連續三次,True,15798.0,True,False,True
4971,2025-02-13,2025-02-14,2025-02-27,2025,因連續3個營業日達本中心作業要點第四條第一項第一款,True,9504.0,True,False,True
4971,2025-02-18,2025-02-19,2025-03-07,2025,連續3個營業日及沖銷標準,True,9504.0,True,False,True
4971,2025-12-19,2025-12-22,2026-01-06,2025,最近10個營業日內有6個營業日,True,9996.0,True,False,True
4971,2026-02-04,2026-02-05,2026-03-04,2026,連續5個營業日及沖銷標準,True,9996.0,True,False,True
4971,2026-03-11,2026-03-12,2026-03-25,2026,連續5個營業日,True,9996.0,True,False,True
4971,2026-03-31,2026-04-01,2026-04-20,2026,連續3個營業日及沖銷標準,True,9996.0,True,False,True
4971,2026-04-24,2026-04-27,2026-05-11,2026,連續5個營業日,True,9996.0,True,False,True
4971,2026-05-18,2026-05-19,2026-06-01,2026,連續5個營業日,True,9996.0,True,False,True
4971,2026-08-10,2026-08-11,2026-08-17,2026,連續3個營業日,True,11796.0,True,False,True
4971,2026-08-24,2026-08-25,2026-08-31,2026,連續5個營業日,True,11796.0,True,False,True
4973,2026-03-16,2026-03-17,2026-03-30,2026,因連續3個營業日達本中心作業要點第四條第一項第一款,True,16348.0,True,False,True
4973,2026-03-19,2026-03-20,2026-04-02,2026,因連續3個營業日達本中心作業要點第四條第一項第一款,True,16348.0,True,False,True
4973,2026-06-01,2026-06-02,2026-06-15,2026,因連續3個營業日達本中心作業要點第四條第一項第一款,True,16323.0,True,False,True
4976,2018-06-15,2018-06-19,2018-07-02,2018,連續三次,True,28911.0,True,False,True
4976,2020-09-04,2020-09-07,2020-09-18,2020,連續三次,True,29730.0,True,False,True
4979,2020-03-19,2020-03-20,2020-04-06,2020,因連續3個營業日達本中心作業要點第四條第一項第一款,True,25257.0,True,False,True
4979,2020-07-07,2020-07-08,2020-07-21,2020,因連續3個營業日達本中心作業要點第四條第一項第一款,True,25327.0,True,False,True
4979,2022-12-05,2022-12-06,2022-12-21,2022,連續3個營業日及沖銷標準,True,25101.0,True,False,True
4979,2023-07-10,2023-07-11,2023-07-26,2023,連續5個營業日及沖銷標準,True,25097.0,True,False,True
4979,2023-08-02,2023-08-03,2023-08-18,2023,連續5個營業日及沖銷標準,True,25097.0,True,False,True
4979,2023-08-30,2023-08-31,2023-09-13,2023,最近10個營業日內有6個營業日,True,25097.0,True,False,True
4979,2023-10-31,2023-11-01,2023-11-14,2023,最近10個營業日內有6個營業日,True,25097.0,True,False,True
4979,2026-03-02,2026-03-03,2026-03-16,2026,連續5個營業日,True,35360.0,True,False,True
4979,2026-03-26,2026-03-27,2026-04-13,2026,連續5個營業日,True,35423.0,True,False,True
4979,2026-04-20,2026-04-21,2026-05-05,2026,因連續3個營業日達本中心作業要點第四條第一項第一款,True,35589.0,True,False,True
4979,2026-05-12,2026-05-13,2026-05-26,2026,連續5個營業日,True,35589.0,True,False,True
4979,2026-06-02,2026-06-03,2026-06-16,2026,連續5個營業日,True,35589.0,True,False,True
4979,2026-07-29,2026-07-30,2026-08-07,2026,連續5個營業日及沖銷標準,True,35700.0,True,False,True
4979,2026-08-13,2026-08-14,2026-08-20,2026,連續5個營業日,True,35705.0,True,False,True
4979,2026-08-27,2026-08-28,2026-09-03,2026,連續5個營業日,True,35705.0,True,False,True
4979,2026-09-10,2026-09-11,2026-09-17,2026,連續5個營業日,True,35705.0,True,False,True
4979,2026-09-24,2026-09-29,2026-10-05,2026,連續5個營業日,True,35718.0,True,False,True
4984,2018-04-02,2018-04-03,2018-04-19,2018,連續三次,True,11550.0,True,False,True
4989,2025-07-24,2025-07-25,2025-08-07,2025,連續三次,True,34444.0,True,False,True
4989,2025-08-18,2025-08-19,2025-09-01,2025,連續三次,True,34444.0,True,False,True
4989,2025-10-13,2025-10-14,2025-10-28,2025,連續三次,True,34444.0,True,False,True
4989,2026-04-16,2026-04-17,2026-04-30,2026,連續三次,True,34444.0,True,False,True
4991,2024-10-16,2024-10-17,2024-10-30,2024,因連續3個營業日達本中心作業要點第四條第一項第一款,True,22976.0,True,False,True
4991,2024-11-08,2024-11-11,2024-11-26,2024,連續3個營業日及沖銷標準,True,22978.0,True,False,True
4991,2025-07-16,2025-07-17,2025-08-01,2025,連續5個營業日及沖銷標準,True,23400.0,True,False,True
4991,2025-08-13,2025-08-14,2025-08-27,2025,最近10個營業日內有6個營業日,True,23429.0,True,False,True
4991,2025-09-03,2025-09-04,2025-09-17,2025,連續5個營業日,True,23429.0,True,False,True
4991,2025-11-06,2025-11-07,2025-11-24,2025,連續5個營業日及沖銷標準,True,23454.0,True,False,True
4991,2025-12-04,2025-12-05,2025-12-18,2025,最近10個營業日內有6個營業日,True,23446.0,True,False,True
4991,2025-12-26,2025-12-29,2026-01-12,2025,因連續3個營業日達本中心作業要點第四條第一項第一款,True,23464.0,True,False,True
4991,2026-01-19,2026-01-20,2026-02-02,2026,連續5個營業日,True,23464.0,True,False,True
4991,2026-02-09,2026-02-10,2026-03-05,2026,連續5個營業日,True,24972.0,True,False,True
4991,2026-03-03,2026-03-04,2026-03-17,2026,因連續3個營業日達本中心作業要點第四條第一項第一款,True,24972.0,True,False,True
4991,2026-03-26,2026-03-27,2026-04-13,2026,連續5個營業日,True,24982.0,True,False,True
4991,2026-04-14,2026-04-15,2026-04-28,2026,因連續3個營業日達本中心作業要點第四條第一項第一款,True,25235.0,True,False,True
4991,2026-05-08,2026-05-11,2026-05-22,2026,最近10個營業日內有6個營業日,True,25235.0,True,False,True
4991,2026-06-17,2026-06-18,2026-07-02,2026,連續5個營業日,True,25235.0,True,False,True
4991,2026-07-29,2026-07-30,2026-08-07,2026,連續5個營業日及沖銷標準,True,25333.0,True,False,True
4991,2026-08-13,2026-08-14,2026-08-20,2026,連續5個營業日,True,25336.0,True,False,True
4991,2026-09-03,2026-09-04,2026-09-10,2026,最近10個營業日內有6個營業日,True,25336.0,True,False,True
4994,2020-03-17,2020-03-18,2020-03-31,2020,連續三次,True,27659.0,True,False,True
4994,2024-03-14,2024-03-15,2024-03-28,2024,連續三次,True,16595.0,True,False,True
5013,2026-10-06,2026-10-07,2026-10-14,2026,連續3個營業日,True,33354.0,True,False,True
5205,2020-06-17,2020-06-18,2020-07-03,2020,因連續3個營業日達本中心作業要點第四條第一項第一款,False,,False,False,False
5205,2020-06-22,2020-06-23,2020-07-08,2020,因連續3個營業日達本中心作業要點第四條第一項第一款,False,,False,False,False
5205,2020-07-06,2020-07-07,2020-07-20,2020,因連續3個營業日達本中心作業要點第四條第一項第一款,False,,False,False,False
5205,2020-07-21,2020-07-22,2020-08-04,2020,因連續3個營業日達本中心作業要點第四條第一項第一款,False,,False,False,False
5205,2021-03-23,2021-03-24,2021-04-08,2021,因連續3個營業日達本中心作業要點第四條第一項第一款,False,,False,False,False
5205,2021-05-06,2021-05-07,2021-05-20,2021,因連續3個營業日達本中心作業要點第四條第一項第一款,False,,False,False,False
5205,2021-05-11,2021-05-12,2021-05-25,2021,因連續3個營業日達本中心作業要點第四條第一項第一款,False,,False,False,False
5205,2022-06-01,2022-06-02,2022-06-16,2022,因連續3個營業日達本中心作業要點第四條第一項第一款,False,,False,False,False
5205,2022-08-23,2022-08-24,2022-09-06,2022,因連續3個營業日達本中心作業要點第四條第一項第一款,False,,False,False,False
5210,2023-12-07,2023-12-08,2023-12-21,2023,因連續3個營業日達本中心作業要點第四條第一項第一款,True,0.0,False,False,False
5210,2024-09-24,2024-09-25,2024-10-08,2024,因連續3個營業日達本中心作業要點第四條第一項第一款,True,0.0,False,False,False
5215,2020-07-31,2020-08-03,2020-08-14,2020,最近十個營業日已有六次,True,14834.0,True,False,True
5223,2020-07-07,2020-07-08,2020-07-21,2020,因連續3個營業日達本中心作業要點第四條第一項第一款,True,10811.0,True,False,True
5227,2021-07-09,2021-07-12,2021-07-23,2021,因連續3個營業日達本中心作業要點第四條第一項第一款,True,,False,False,False
5227,2021-08-09,2021-08-10,2021-08-23,2021,因連續3個營業日達本中心作業要點第四條第一項第一款,True,,False,False,False
5227,2021-08-31,2021-09-01,2021-09-14,2021,因連續3個營業日達本中心作業要點第四條第一項第一款,True,,False,False,False
5227,2021-11-01,2021-11-02,2021-11-15,2021,因連續3個營業日達本中心作業要點第四條第一項第一款,True,,False,False,False
5227,2021-12-29,2021-12-30,2022-01-13,2021,連續5個營業日,True,,False,False,False
5227,2026-06-17,2026-06-18,2026-07-02,2026,因連續3個營業日達本中心作業要點第四條第一項第一款,True,0.0,False,False,False
5227,2026-06-23,2026-06-24,2026-07-07,2026,因連續3個營業日達本中心作業要點第四條第一項第一款,True,0.0,False,False,False
5228,2026-04-17,2026-04-20,2026-05-04,2026,因連續3個營業日達本中心作業要點第四條第一項第一款,True,9514.0,True,False,True
5228,2026-05-15,2026-05-18,2026-05-29,2026,因連續3個營業日達本中心作業要點第四條第一項第一款,True,9514.0,True,False,True
5234,2024-09-20,2024-09-23,2024-10-08,2024,連續三次及當日沖銷標準,True,25678.0,True,False,True
5236,2021-11-22,2021-11-23,2021-12-06,2021,因連續3個營業日達本中心作業要點第四條第一項第一款,True,,False,False,False
5243,2026-04-10,2026-04-13,2026-04-24,2026,連續三次,True,42132.0,True,False,True
5245,2020-03-20,2020-03-23,2020-04-07,2020,因連續3個營業日達本中心作業要點第四條第一項第一款,True,11247.0,True,False,True
5245,2021-04-09,2021-04-12,2021-04-23,2021,因連續3個營業日達本中心作業要點第四條第一項第一款,True,11247.0,True,False,True
5245,2021-12-07,2021-12-08,2021-12-21,2021,因連續3個營業日達本中心作業要點第四條第一項第一款,True,11247.0,True,False,True
5245,2021-12-10,2021-12-13,2021-12-24,2021,因連續3個營業日達本中心作業要點第四條第一項第一款,True,11247.0,True,False,True
5245,2025-04-14,2025-04-15,2025-04-28,2025,因連續3個營業日達本中心作業要點第四條第一項第一款,True,11247.0,True,False,True
5245,2025-07-11,2025-07-14,2025-07-25,2025,因連續3個營業日達本中心作業要點第四條第一項第一款,True,11247.0,True,False,True
5258,2019-04-19,2019-04-22,2019-05-06,2019,連續三次,True,22385.0,True,False,True
5258,2022-06-06,2022-06-07,2022-06-22,2022,連續三次及當日沖銷標準,True,22385.0,True,False,True
5259,2019-07-23,2019-07-24,2019-08-06,2019,連續三次,True,0.0,False,False,False
5259,2019-07-26,2019-07-29,2019-08-09,2019,連續三次,True,0.0,False,False,False
5259,2019-07-31,2019-08-01,2019-08-14,2019,連續三次,True,0.0,False,False,False
5259,2019-10-15,2019-10-16,2019-10-29,2019,連續三次,True,0.0,False,False,False
5272,2020-03-18,2020-03-19,2020-04-01,2020,因連續3個營業日達本中心作業要點第四條第一項第一款,True,14106.0,True,False,True
5272,2020-03-23,2020-03-24,2020-04-08,2020,因連續3個營業日達本中心作業要點第四條第一項第一款,True,14106.0,True,False,True
5272,2021-04-06,2021-04-07,2021-04-20,2021,因連續3個營業日達本中心作業要點第四條第一項第一款,True,14106.0,True,False,True
5274,2018-10-04,2018-10-05,2018-10-19,2018,因連續3個營業日達本中心作業要點第四條第一項第一款,True,8005.0,True,False,True
5274,2018-10-09,2018-10-11,2018-10-24,2018,因連續3個營業日達本中心作業要點第四條第一項第一款,True,8005.0,True,False,True
5274,2018-11-05,2018-11-06,2018-11-19,2018,因連續3個營業日達本中心作業要點第四條第一項第一款,True,8005.0,True,False,True
5276,2020-10-08,2020-10-12,2020-10-23,2020,因連續3個營業日達本中心作業要點第四條第一項第一款,False,,False,False,False
5278,2019-03-18,2019-03-19,2019-04-01,2019,因連續3個營業日達本中心作業要點第四條第一項第一款,True,,False,False,False
5278,2024-12-13,2024-12-16,2024-12-27,2024,因連續3個營業日達本中心作業要點第四條第一項第一款,True,,False,False,False
5281,2018-02-26,2018-02-27,2018-03-13,2018,因連續3個營業日達本中心作業要點第四條第一項第一款,True,9252.0,True,False,True
5281,2018-03-02,2018-03-05,2018-03-16,2018,因連續3個營業日達本中心作業要點第四條第一項第一款,True,9252.0,True,False,True
5281,2018-03-27,2018-03-28,2018-04-12,2018,因連續3個營業日達本中心作業要點第四條第一項第一款,True,9252.0,True,False,True
5281,2018-10-16,2018-10-17,2018-10-30,2018,因連續3個營業日達本中心作業要點第四條第一項第一款,True,9252.0,True,False,True
5281,2018-10-19,2018-10-22,2018-11-02,2018,因連續3個營業日達本中心作業要點第四條第一項第一款,True,9252.0,True,False,True
5284,2024-02-22,2024-02-23,2024-03-08,2024,連續五次,True,11982.0,True,False,True
5289,2026-03-16,2026-03-17,2026-03-30,2026,因連續3個營業日達本中心作業要點第四條第一項第一款,True,24069.0,True,False,True
5289,2026-03-19,2026-03-20,2026-04-02,2026,因連續3個營業日達本中心作業要點第四條第一項第一款,True,24069.0,True,False,True
5291,2026-03-02,2026-03-03,2026-03-16,2026,因連續3個營業日達本中心作業要點第四條第一項第一款,True,9972.0,True,False,True
5299,2018-05-31,2018-06-01,2018-06-14,2018,因連續3個營業日達本中心作業要點第四條第一項第一款,True,,False,False,False
5301,2020-06-02,2020-06-03,2020-06-16,2020,因連續3個營業日達本中心作業要點第四條第一項第一款,True,0.0,False,False,False
5301,2020-08-07,2020-08-10,2020-08-21,2020,因連續3個營業日達本中心作業要點第四條第一項第一款,True,0.0,False,False,False
5301,2022-02-23,2022-02-24,2022-03-10,2022,因連續3個營業日達本中心作業要點第四條第一項第一款,True,0.0,False,False,False
5301,2023-05-30,2023-05-31,2023-06-13,2023,因連續3個營業日達本中心作業要點第四條第一項第一款,True,0.0,False,False,False
5301,2024-05-03,2024-05-06,2024-05-17,2024,因連續3個營業日達本中心作業要點第四條第一項第一款,True,0.0,False,False,False
5302,2021-03-19,2021-03-22,2021-04-06,2021,因連續3個營業日達本中心作業要點第四條第一項第一款,True,0.0,False,False,False
5302,2021-04-08,2021-04-09,2021-04-22,2021,因連續3個營業日達本中心作業要點第四條第一項第一款,True,0.0,False,False,False
5304,2018-06-22,2018-06-25,2018-07-06,2018,因連續3個營業日達本中心作業要點第四條第一項第一款,True,0.0,False,False,False
5309,2019-12-09,2019-12-10,2019-12-23,2019,因連續3個營業日達本中心作業要點第四條第一項第一款,True,0.0,False,False,False
5309,2019-12-12,2019-12-13,2019-12-26,2019,因連續3個營業日達本中心作業要點第四條第一項第一款,True,0.0,False,True,False
5309,2020-01-02,2020-01-03,2020-01-16,2020,因連續3個營業日達本中心作業要點第四條第一項第一款,True,0.0,False,False,False
5309,2020-07-09,2020-07-10,2020-07-23,2020,因連續3個營業日達本中心作業要點第四條第一項第一款,True,0.0,False,False,False
5309,2020-11-06,2020-11-09,2020-11-20,2020,連續5個營業日,True,0.0,False,False,False
5309,2022-04-13,2022-04-14,2022-04-27,2022,連續5個營業日,True,0.0,False,False,False
5310,2018-08-07,2018-08-08,2018-08-21,2018,因連續3個營業日達本中心作業要點第四條第一項第一款,True,12400.0,True,False,True
5310,2019-05-16,2019-05-17,2019-05-30,2019,因連續3個營業日達本中心作業要點第四條第一項第一款,True,0.0,False,False,False
5310,2019-06-24,2019-06-25,2019-07-08,2019,因連續3個營業日達本中心作業要點第四條第一項第一款,True,0.0,False,False,False
5310,2020-06-12,2020-06-15,2020-06-30,2020,因連續3個營業日達本中心作業要點第四條第一項第一款,True,0.0,False,False,False
5310,2020-08-06,2020-08-07,2020-08-20,2020,因連續3個營業日達本中心作業要點第四條第一項第一款,True,0.0,False,False,False
5310,2020-08-20,2020-08-21,2020-09-03,2020,因連續3個營業日達本中心作業要點第四條第一項第一款,True,0.0,False,False,False
5310,2021-04-07,2021-04-08,2021-04-21,2021,因連續3個營業日達本中心作業要點第四條第一項第一款,True,0.0,False,False,False
5310,2024-03-11,2024-03-12,2024-03-25,2024,因連續3個營業日達本中心作業要點第四條第一項第一款,True,0.0,False,False,False
5314,2023-04-13,2023-04-14,2023-04-27,2023,因連續3個營業日達本中心作業要點第四條第一項第一款,True,0.0,False,False,False
5314,2023-11-20,2023-11-21,2023-12-04,2023,因連續3個營業日達本中心作業要點第四條第一項第一款,True,3675.0,True,False,True
5314,2023-12-22,2023-12-25,2024-01-08,2023,連續5個營業日,True,3675.0,True,False,True
5314,2024-01-16,2024-01-17,2024-01-30,2024,因連續3個營業日達本中心作業要點第四條第一項第一款,True,3675.0,True,False,True
5314,2024-02-02,2024-02-05,2024-02-27,2024,因連續3個營業日達本中心作業要點第四條第一項第一款,True,3675.0,True,False,True
5314,2024-03-06,2024-03-07,2024-03-20,2024,因連續3個營業日達本中心作業要點第四條第一項第一款,True,3675.0,True,False,True
5314,2024-03-28,2024-03-29,2024-04-15,2024,最近10個營業日內有6個營業日,True,3675.0,True,False,True
5314,2024-04-22,2024-04-23,2024-05-07,2024,因連續3個營業日達本中心作業要點第四條第一項第一款,True,3675.0,True,False,True
5314,2024-04-25,2024-04-26,2024-05-10,2024,因連續3個營業日達本中心作業要點第四條第一項第一款,True,3675.0,True,False,True
5314,2024-09-19,2024-09-20,2024-10-03,2024,因連續3個營業日達本中心作業要點第四條第一項第一款,True,3675.0,True,False,True
5314,2024-11-26,2024-11-27,2024-12-10,2024,因連續3個營業日達本中心作業要點第四條第一項第一款,True,3675.0,True,False,True
5314,2024-12-02,2024-12-03,2024-12-16,2024,因連續3個營業日達本中心作業要點第四條第一項第一款,True,3675.0,True,False,True
5314,2024-12-30,2024-12-31,2025-01-14,2024,因連續3個營業日達本中心作業要點第四條第一項第一款,True,3675.0,True,False,True
5314,2025-01-03,2025-01-06,2025-01-17,2025,因連續3個營業日達本中心作業要點第四條第一項第一款,True,3675.0,True,False,True
5314,2025-03-07,2025-03-10,2025-03-21,2025,連續5個營業日,True,3675.0,True,False,True
5314,2025-03-12,2025-03-13,2025-03-26,2025,因連續3個營業日達本中心作業要點第四條第一項第一款,True,3675.0,True,False,True
5314,2025-04-17,2025-04-18,2025-05-02,2025,連續5個營業日,True,73500.0,True,False,True
5314,2025-07-15,2025-07-16,2025-07-31,2025,連續3個營業日及沖銷標準,True,73500.0,True,False,True
5314,2025-09-09,2025-09-10,2025-09-23,2025,因連續3個營業日達本中心作業要點第四條第一項第一款,True,73000.0,True,False,True
5314,2026-08-21,2026-08-24,2026-08-28,2026,連續3個營業日,True,73000.0,True,False,True
5314,2026-08-26,2026-08-27,2026-09-02,2026,連續3個營業日,True,73000.0,True,False,True
5314,2026-08-31,2026-09-01,2026-09-07,2026,連續3個營業日,True,73000.0,True,False,True
5314,2026-09-21,2026-09-22,2026-09-30,2026,連續3個營業日,True,301490.0,True,False,True
5321,2018-05-07,2018-05-08,2018-05-21,2018,因連續3個營業日達本中心作業要點第四條第一項第一款,True,7200.0,True,False,True
5321,2018-05-10,2018-05-11,2018-05-24,2018,因連續3個營業日達本中心作業要點第四條第一項第一款,True,7200.0,True,False,True
5321,2020-04-01,2020-04-06,2020-04-17,2020,因連續3個營業日達本中心作業要點第四條第一項第一款,True,8050.0,True,False,True
5321,2020-06-15,2020-06-16,2020-07-01,2020,因連續3個營業日達本中心作業要點第四條第一項第一款,True,8050.0,True,False,True
5321,2021-07-26,2021-07-27,2021-08-09,2021,因連續3個營業日達本中心作業要點第四條第一項第一款,True,8050.0,True,False,True
5321,2021-09-28,2021-09-29,2021-10-15,2021,連續3個營業日及沖銷標準,True,8050.0,True,False,True
5321,2021-10-01,2021-10-04,2021-10-20,2021,連續3個營業日及沖銷標準,True,8050.0,True,False,True
5321,2021-10-27,2021-10-28,2021-11-10,2021,連續5個營業日,True,8050.0,True,False,True
5321,2021-11-24,2021-11-25,2021-12-08,2021,最近10個營業日內有6個營業日,True,8050.0,True,False,True
5321,2022-02-18,2022-02-21,2022-03-09,2022,連續5個營業日及沖銷標準,True,8050.0,True,False,True
5321,2022-03-25,2022-03-28,2022-04-12,2022,最近10個營業日內有6個營業日,True,8050.0,True,False,True
5321,2023-09-18,2023-09-19,2023-10-03,2023,因連續3個營業日達本中心作業要點第四條第一項第一款,True,10054.0,True,False,True
5321,2026-05-22,2026-05-25,2026-06-05,2026,因連續3個營業日達本中心作業要點第四條第一項第一款,True,13294.0,True,False,True
5321,2026-05-27,2026-05-28,2026-06-10,2026,因連續3個營業日達本中心作業要點第四條第一項第一款,True,13294.0,True,False,True
5321,2026-06-01,2026-06-02,2026-06-15,2026,因連續3個營業日達本中心作業要點第四條第一項第一款,True,13294.0,True,False,True
5321,2026-06-11,2026-06-12,2026-06-26,2026,因連續3個營業日達本中心作業要點第四條第一項第一款,True,13294.0,True,False,True
5321,2026-06-26,2026-06-29,2026-07-13,2026,因連續3個營業日達本中心作業要點第四條第一項第一款,True,13294.0,True,False,True
5321,2026-08-21,2026-08-24,2026-08-28,2026,最近10個營業日內有6個營業日,True,13294.0,True,False,True
5328,2018-06-13,2018-06-14,2018-06-28,2018,因連續3個營業日達本中心作業要點第四條第一項第一款,True,0.0,False,False,False
5328,2019-12-27,2019-12-30,2020-01-13,2019,因連續3個營業日達本中心作業要點第四條第一項第一款,True,0.0,False,False,False
5328,2026-01-20,2026-01-21,2026-02-03,2026,因連續3個營業日達本中心作業要點第四條第一項第一款,True,43177.0,True,False,True
5340,2019-02-27,2019-03-04,2019-03-15,2019,因連續3個營業日達本中心作業要點第四條第一項第一款,True,0.0,False,False,False
5340,2019-05-06,2019-05-07,2019-05-20,2019,因連續3個營業日達本中心作業要點第四條第一項第一款,True,0.0,False,False,False
5340,2021-07-20,2021-07-21,2021-08-03,2021,因連續3個營業日達本中心作業要點第四條第一項第一款,True,0.0,False,False,False
5340,2023-01-09,2023-01-10,2023-02-02,2023,因連續3個營業日達本中心作業要點第四條第一項第一款,True,0.0,False,False,False
5340,2025-11-17,2025-11-18,2025-12-01,2025,因連續3個營業日達本中心作業要點第四條第一項第一款,True,41473.0,True,False,True
5340,2026-01-21,2026-01-22,2026-02-04,2026,連續5個營業日,True,41473.0,True,False,True
5340,2026-02-11,2026-02-23,2026-03-09,2026,連續5個營業日,True,41473.0,True,False,True
5340,2026-03-16,2026-03-17,2026-03-30,2026,連續5個營業日,True,41473.0,True,False,True
5340,2026-04-20,2026-04-21,2026-05-05,2026,最近10個營業日內有6個營業日,True,41473.0,True,False,True
5344,2018-03-20,2018-03-21,2018-04-02,2018,因連續3個營業日達本中心作業要點第四條第一項第一款,True,0.0,False,False,False
5344,2020-07-06,2020-07-07,2020-07-20,2020,因連續3個營業日達本中心作業要點第四條第一項第一款,True,0.0,False,False,False
5344,2021-04-12,2021-04-13,2021-04-26,2021,因連續3個營業日達本中心作業要點第四條第一項第一款,True,0.0,False,False,False
5344,2021-11-15,2021-11-16,2021-11-29,2021,因連續3個營業日達本中心作業要點第四條第一項第一款,True,0.0,False,False,False
5344,2021-12-08,2021-12-09,2021-12-22,2021,因連續3個營業日達本中心作業要點第四條第一項第一款,True,0.0,False,False,False
5345,2018-06-04,2018-06-05,2018-06-19,2018,因連續3個營業日達本中心作業要點第四條第一項第一款,True,0.0,False,False,False
5345,2020-04-17,2020-04-20,2020-05-04,2020,因連續3個營業日達本中心作業要點第四條第一項第一款,True,0.0,False,False,False
5345,2020-06-15,2020-06-16,2020-07-01,2020,因連續3個營業日達本中心作業要點第四條第一項第一款,True,0.0,False,False,False
5345,2020-06-18,2020-06-19,2020-07-06,2020,因連續3個營業日達本中心作業要點第四條第一項第一款,True,0.0,False,False,False
5345,2020-06-23,2020-06-24,2020-07-09,2020,因連續3個營業日達本中心作業要點第四條第一項第一款,True,0.0,False,False,False
5345,2024-06-28,2024-07-01,2024-07-12,2024,因連續3個營業日達本中心作業要點第四條第一項第一款,True,0.0,False,False,False
5345,2024-07-03,2024-07-04,2024-07-17,2024,因連續3個營業日達本中心作業要點第四條第一項第一款,True,0.0,False,False,False
5345,2024-07-08,2024-07-09,2024-07-22,2024,因連續3個營業日達本中心作業要點第四條第一項第一款,True,0.0,False,False,False
5345,2026-06-12,2026-06-15,2026-06-29,2026,因連續3個營業日達本中心作業要點第四條第一項第一款,True,0.0,False,False,False
5348,2023-08-28,2023-08-29,2023-09-11,2023,因連續3個營業日達本中心作業要點第四條第一項第一款,False,,False,False,False
5349,2020-03-19,2020-03-20,2020-04-06,2020,因連續3個營業日達本中心作業要點第四條第一項第一款,True,56024.0,True,False,True
5351,2020-03-04,2020-03-05,2020-03-18,2020,因連續3個營業日達本中心作業要點第四條第一項第一款,True,0.0,False,False,False
5351,2020-07-08,2020-07-09,2020-07-22,2020,因連續3個營業日達本中心作業要點第四條第一項第一款,True,0.0,False,False,False
5351,2021-11-04,2021-11-05,2021-11-22,2021,連續3個營業日及沖銷標準,True,67467.0,True,False,True
5351,2026-01-06,2026-01-07,2026-01-20,2026,因連續3個營業日達本中心作業要點第四條第一項第一款,True,81428.0,True,False,True
5351,2026-03-18,2026-03-19,2026-04-01,2026,因連續3個營業日達本中心作業要點第四條第一項第一款,True,81986.0,True,False,True
5351,2026-08-10,2026-08-11,2026-08-17,2026,連續3個營業日,True,82159.0,True,False,True
5355,2025-11-24,2025-11-25,2025-12-08,2025,因連續3個營業日達本中心作業要點第四條第一項第一款,True,0.0,False,False,False
5364,2020-06-18,2020-06-19,2020-07-06,2020,因連續3個營業日達本中心作業要點第四條第一項第一款,True,,False,False,False
5364,2024-08-29,2024-08-30,2024-09-12,2024,因連續3個營業日達本中心作業要點第四條第一項第一款,True,,False,False,False
5381,2020-09-24,2020-09-25,2020-10-13,2020,因連續3個營業日達本中心作業要點第四條第一項第一款,True,0.0,False,False,False
5381,2023-03-28,2023-03-29,2023-04-14,2023,因連續3個營業日達本中心作業要點第四條第一項第一款,True,0.0,False,False,False
5381,2023-03-31,2023-04-06,2023-04-19,2023,因連續3個營業日達本中心作業要點第四條第一項第一款,True,0.0,False,False,False
5381,2023-06-19,2023-06-20,2023-07-05,2023,最近10個營業日內有6個營業日,True,0.0,False,False,False
5381,2024-02-26,2024-02-27,2024-03-12,2024,連續5個營業日,True,0.0,False,False,False
5383,2019-06-05,2019-06-06,2019-06-20,2019,因連續3個營業日達本中心作業要點第四條第一項第一款,True,0.0,False,False,False
5383,2019-12-26,2019-12-27,2020-01-10,2019,因連續3個營業日達本中心作業要點第四條第一項第一款,True,0.0,False,False,False
5383,2020-04-10,2020-04-13,2020-04-24,2020,因連續3個營業日達本中心作業要點第四條第一項第一款,True,0.0,False,False,False
5386,2018-02-21,2018-02-22,2018-03-08,2018,因連續3個營業日達本中心作業要點第四條第一項第一款,True,3379.0,True,False,True
5386,2018-02-26,2018-02-27,2018-03-13,2018,因連續3個營業日達本中心作業要點第四條第一項第一款,True,3379.0,True,False,True
5386,2018-03-08,2018-03-09,2018-03-22,2018,連續5個營業日,True,3379.0,True,False,True
5386,2018-03-19,2018-03-20,2018-03-31,2018,因連續3個營業日達本中心作業要點第四條第一項第一款,True,3379.0,True,False,True
5386,2020-11-20,2020-11-23,2020-12-04,2020,因連續3個營業日達本中心作業要點第四條第一項第一款,True,5899.0,True,False,True
5386,2020-11-25,2020-11-26,2020-12-09,2020,因連續3個營業日達本中心作業要點第四條第一項第一款,True,5899.0,True,False,True
5386,2020-12-21,2020-12-22,2021-01-05,2020,因連續3個營業日達本中心作業要點第四條第一項第一款,True,5899.0,True,False,True
5386,2024-03-14,2024-03-15,2024-03-28,2024,因連續3個營業日達本中心作業要點第四條第一項第一款,True,7158.0,True,False,True
5386,2024-08-30,2024-09-02,2024-09-13,2024,因連續3個營業日達本中心作業要點第四條第一項第一款,True,7158.0,True,False,True
5386,2026-02-10,2026-02-11,2026-03-06,2026,因連續3個營業日達本中心作業要點第四條第一項第一款,True,8877.0,True,False,True
5386,2026-02-24,2026-02-25,2026-03-13,2026,連續3個營業日及沖銷標準,True,8877.0,True,False,True
5386,2026-03-02,2026-03-03,2026-03-16,2026,因連續3個營業日達本中心作業要點第四條第一項第一款,True,8877.0,True,False,True
5386,2026-03-11,2026-03-12,2026-03-25,2026,因連續3個營業日達本中心作業要點第四條第一項第一款,True,8877.0,True,False,True
5386,2026-03-16,2026-03-17,2026-03-30,2026,因連續3個營業日達本中心作業要點第四條第一項第一款,True,8877.0,True,False,True
5386,2026-03-19,2026-03-20,2026-04-02,2026,因連續3個營業日達本中心作業要點第四條第一項第一款,True,8877.0,True,False,True
5386,2026-03-30,2026-03-31,2026-04-15,2026,因連續3個營業日達本中心作業要點第四條第一項第一款,True,8877.0,True,False,True
5386,2026-05-07,2026-05-08,2026-05-21,2026,因連續3個營業日達本中心作業要點第四條第一項第一款,True,8877.0,True,False,True
5392,2024-05-22,2024-05-23,2024-06-05,2024,連續5個營業日,True,42239.0,True,False,True
5398,2018-04-02,2018-04-03,2018-04-19,2018,因連續3個營業日達本中心作業要點第四條第一項第一款,True,8262.0,True,False,True
5410,2018-03-21,2018-03-22,2018-04-03,2018,因連續3個營業日達本中心作業要點第四條第一項第一款,True,21475.0,True,False,True
5425,2026-06-25,2026-06-26,2026-07-09,2026,連續5個營業日,True,65871.0,True,False,True
5426,2023-12-14,2023-12-15,2023-12-28,2023,因連續3個營業日達本中心作業要點第四條第一項第一款,True,35950.0,True,False,True
5426,2026-06-08,2026-06-09,2026-06-23,2026,因連續3個營業日達本中心作業要點第四條第一項第一款,True,35950.0,True,False,True
5432,2019-04-15,2019-04-16,2019-04-29,2019,因連續3個營業日達本中心作業要點第四條第一項第一款,True,5171.0,True,False,True
5432,2021-07-27,2021-07-28,2021-08-10,2021,因連續3個營業日達本中心作業要點第四條第一項第一款,True,5171.0,True,False,True
5432,2023-10-03,2023-10-04,2023-10-23,2023,連續3個營業日及沖銷標準,True,5171.0,True,False,True
5432,2023-12-18,2023-12-19,2024-01-04,2023,連續5個營業日及沖銷標準,True,5171.0,True,False,True
5438,2024-09-18,2024-09-19,2024-10-02,2024,因連續3個營業日達本中心作業要點第四條第一項第一款,True,28134.0,True,False,True
5438,2025-09-05,2025-09-08,2025-09-19,2025,因連續3個營業日達本中心作業要點第四條第一項第一款,True,28134.0,True,False,True
5443,2020-03-31,2020-04-01,2020-04-16,2020,因連續3個營業日達本中心作業要點第四條第一項第一款,True,41284.0,True,False,True
5443,2024-02-22,2024-02-23,2024-03-08,2024,因連續3個營業日達本中心作業要點第四條第一項第一款,True,41284.0,True,False,True
5443,2024-09-19,2024-09-20,2024-10-03,2024,最近10個營業日內有6個營業日,True,41284.0,True,False,True
5450,2019-01-07,2019-01-08,2019-01-21,2019,因連續3個營業日達本中心作業要點第四條第一項第一款,True,0.0,False,False,False
5450,2019-02-25,2019-02-26,2019-03-13,2019,因連續3個營業日達本中心作業要點第四條第一項第一款,True,0.0,False,False,False
5450,2019-04-23,2019-04-24,2019-05-08,2019,最近10個營業日內有6個營業日,True,0.0,False,False,False
5452,2021-03-18,2021-03-19,2021-04-01,2021,因連續3個營業日達本中心作業要點第四條第一項第一款,True,37190.0,True,False,True
5452,2021-03-23,2021-03-24,2021-04-08,2021,因連續3個營業日達本中心作業要點第四條第一項第一款,True,37190.0,True,False,True
5457,2020-03-23,2020-03-24,2020-04-08,2020,因連續3個營業日達本中心作業要點第四條第一項第一款,True,42411.0,True,False,True
5464,2021-06-29,2021-06-30,2021-07-13,2021,因連續3個營業日達本中心作業要點第四條第一項第一款,True,17767.0,True,False,True
5464,2026-05-08,2026-05-11,2026-05-22,2026,因連續3個營業日達本中心作業要點第四條第一項第一款,True,17767.0,True,False,True
5464,2026-05-13,2026-05-14,2026-05-27,2026,因連續3個營業日達本中心作業要點第四條第一項第一款,True,17767.0,True,False,True
5464,2026-06-26,2026-06-29,2026-07-13,2026,因連續3個營業日達本中心作業要點第四條第一項第一款,True,17767.0,True,False,True
5468,2020-11-30,2020-12-01,2020-12-14,2020,因連續3個營業日達本中心作業要點第四條第一項第一款,True,0.0,False,False,False
5468,2020-12-03,2020-12-04,2020-12-17,2020,因連續3個營業日達本中心作業要點第四條第一項第一款,True,0.0,False,False,False
5468,2021-01-06,2021-01-07,2021-01-20,2021,因連續3個營業日達本中心作業要點第四條第一項第一款,True,0.0,False,False,False
5468,2021-01-14,2021-01-15,2021-01-28,2021,因連續3個營業日達本中心作業要點第四條第一項第一款,True,0.0,False,False,False
5468,2021-03-05,2021-03-08,2021-03-19,2021,因連續3個營業日達本中心作業要點第四條第一項第一款,True,0.0,False,False,False
5468,2021-11-17,2021-11-18,2021-12-01,2021,因連續3個營業日達本中心作業要點第四條第一項第一款,True,0.0,False,False,False
5468,2025-10-16,2025-10-17,2025-10-31,2025,因連續3個營業日達本中心作業要點第四條第一項第一款,True,0.0,False,False,False
5468,2026-06-17,2026-06-18,2026-07-02,2026,因連續3個營業日達本中心作業要點第四條第一項第一款,True,0.0,False,False,False
5468,2026-06-23,2026-06-24,2026-07-07,2026,因連續3個營業日達本中心作業要點第四條第一項第一款,True,0.0,False,False,False
5474,2020-06-18,2020-06-19,2020-07-06,2020,因連續3個營業日達本中心作業要點第四條第一項第一款,True,8432.0,True,False,True
5474,2020-09-01,2020-09-02,2020-09-15,2020,因連續3個營業日達本中心作業要點第四條第一項第一款,True,8432.0,True,False,True
5474,2020-10-19,2020-10-20,2020-11-02,2020,因連續3個營業日達本中心作業要點第四條第一項第一款,True,8432.0,True,False,True
5474,2024-05-28,2024-05-29,2024-06-12,2024,因連續3個營業日達本中心作業要點第四條第一項第一款,True,10088.0,True,False,True
5475,2019-01-30,2019-02-11,2019-02-22,2019,因連續3個營業日達本中心作業要點第四條第一項第一款,True,0.0,False,False,False
5475,2021-04-22,2021-04-23,2021-05-07,2021,因連續3個營業日達本中心作業要點第四條第一項第一款,True,0.0,False,False,False
5475,2021-04-27,2021-04-28,2021-05-12,2021,因連續3個營業日達本中心作業要點第四條第一項第一款,True,0.0,False,False,False
5475,2021-05-28,2021-05-31,2021-06-11,2021,連續5個營業日,True,0.0,False,False,False
5475,2021-06-04,2021-06-07,2021-06-21,2021,因連續3個營業日達本中心作業要點第四條第一項第一款,True,0.0,False,False,False
5475,2021-07-30,2021-08-02,2021-08-13,2021,最近10個營業日內有6個營業日,True,0.0,False,False,False
5475,2025-05-28,2025-05-29,2025-06-12,2025,因連續3個營業日達本中心作業要點第四條第一項第一款,True,0.0,False,False,False
5475,2025-08-14,2025-08-15,2025-08-28,2025,連續5個營業日,True,0.0,False,False,False
5475,2025-08-19,2025-08-20,2025-09-02,2025,因連續3個營業日達本中心作業要點第四條第一項第一款,True,0.0,False,False,False
5475,2025-09-12,2025-09-15,2025-09-26,2025,最近10個營業日內有6個營業日,True,0.0,False,False,False
5475,2025-10-13,2025-10-14,2025-10-28,2025,最近10個營業日內有6個營業日,True,0.0,False,False,False
5475,2025-11-04,2025-11-05,2025-11-18,2025,連續5個營業日,True,0.0,False,False,False
5475,2025-12-11,2025-12-12,2025-12-26,2025,最近10個營業日內有6個營業日,True,0.0,False,False,False
5475,2026-01-22,2026-01-23,2026-02-05,2026,連續5個營業日,True,0.0,False,False,False
5475,2026-02-25,2026-02-26,2026-03-12,2026,因連續3個營業日達本中心作業要點第四條第一項第一款,True,0.0,False,False,False
5475,2026-04-21,2026-04-22,2026-05-06,2026,因連續3個營業日達本中心作業要點第四條第一項第一款,True,0.0,False,False,False
5475,2026-08-14,2026-08-17,2026-08-21,2026,最近10個營業日內有6個營業日,True,0.0,False,False,False
5475,2026-08-19,2026-08-20,2026-08-26,2026,連續3個營業日,True,0.0,False,False,False
5478,2023-12-01,2023-12-04,2023-12-15,2023,因連續3個營業日達本中心作業要點第四條第一項第一款,True,31868.0,True,False,True
5478,2023-12-06,2023-12-07,2023-12-20,2023,因連續3個營業日達本中心作業要點第四條第一項第一款,True,31868.0,True,False,True
5481,2018-04-27,2018-04-30,2018-05-14,2018,因連續3個營業日達本中心作業要點第四條第一項第一款,True,23673.0,True,False,True
5481,2018-05-03,2018-05-04,2018-05-17,2018,因連續3個營業日達本中心作業要點第四條第一項第一款,True,23673.0,True,False,True
5484,2024-06-11,2024-06-12,2024-06-25,2024,連續三次,True,0.0,False,False,False
5484,2024-06-14,2024-06-17,2024-06-28,2024,連續三次,True,0.0,False,False,False
5484,2024-07-05,2024-07-08,2024-07-19,2024,連續三次,True,0.0,False,False,False
5484,2024-07-16,2024-07-17,2024-07-30,2024,連續三次,True,0.0,False,False,False
5487,2019-09-18,2019-09-19,2019-10-02,2019,因連續3個營業日達本中心作業要點第四條第一項第一款,True,5743.0,True,False,True
5489,2026-06-25,2026-06-26,2026-07-09,2026,因連續3個營業日達本中心作業要點第四條第一項第一款,True,25676.0,True,False,True
5493,2024-03-25,2024-03-26,2024-04-10,2024,因連續3個營業日達本中心作業要點第四條第一項第一款,True,10402.0,True,False,True
5498,2019-08-28,2019-08-29,2019-09-11,2019,因連續3個營業日達本中心作業要點第四條第一項第一款,True,37194.0,True,False,True
5498,2025-12-30,2025-12-31,2026-01-16,2025,連續3個營業日及沖銷標準,True,0.0,False,False,False
5498,2026-04-23,2026-04-24,2026-05-08,2026,最近10個營業日內有6個營業日,True,44053.0,True,False,True
5511,2023-08-07,2023-08-08,2023-08-21,2023,最近10個營業日內有6個營業日,True,28360.0,True,False,True
5521,2025-12-17,2025-12-18,2026-01-02,2025,連續三次,True,123070.0,True,False,True
5521,2026-03-12,2026-03-13,2026-03-26,2026,連續三次,True,123070.0,True,False,True
5529,2021-04-08,2021-04-09,2021-04-22,2021,因連續3個營業日達本中心作業要點第四條第一項第一款,True,0.0,False,False,False
5531,2020-11-27,2020-11-30,2020-12-11,2020,連續三次,True,244397.0,True,False,True
5531,2020-12-02,2020-12-03,2020-12-16,2020,連續三次,True,244397.0,True,False,True
5543,2020-06-24,2020-06-29,2020-07-10,2020,因連續3個營業日達本中心作業要點第四條第一項第一款,True,,False,False,False
5543,2020-08-27,2020-08-28,2020-09-10,2020,最近10個營業日內有6個營業日,True,,False,False,False
5543,2024-10-14,2024-10-15,2024-10-28,2024,因連續3個營業日達本中心作業要點第四條第一項第一款,True,0.0,False,False,False
5603,2020-10-13,2020-10-14,2020-10-27,2020,因連續3個營業日達本中心作業要點第四條第一項第一款,True,19581.0,True,False,True
5603,2020-10-27,2020-10-28,2020-11-10,2020,因連續3個營業日達本中心作業要點第四條第一項第一款,True,19581.0,True,False,True
5603,2021-05-31,2021-06-01,2021-06-15,2021,因連續3個營業日達本中心作業要點第四條第一項第一款,True,19581.0,True,False,True
5603,2022-03-30,2022-03-31,2022-04-15,2022,因連續3個營業日達本中心作業要點第四條第一項第一款,True,20168.0,True,False,True
5608,2020-12-23,2020-12-24,2021-01-07,2020,連續三次,True,69816.0,True,False,True
5608,2020-12-28,2020-12-29,2021-01-12,2020,連續三次,True,69816.0,True,False,True
5608,2021-03-23,2021-03-24,2021-04-08,2021,連續三次,True,69816.0,True,False,True
5608,2021-04-21,2021-04-22,2021-05-06,2021,連續三次,True,69816.0,True,False,True
5608,2021-06-17,2021-06-18,2021-07-01,2021,最近十個營業日已有六次,True,69816.0,True,False,True
5608,2021-06-22,2021-06-23,2021-07-06,2021,連續三次,True,69816.0,True,False,True
5701,2020-06-05,2020-06-08,2020-06-19,2020,連續5個營業日,True,0.0,False,False,False
5701,2020-06-18,2020-06-19,2020-07-06,2020,最近10個營業日內有6個營業日,True,0.0,False,False,False
5701,2020-07-03,2020-07-06,2020-07-17,2020,最近10個營業日內有6個營業日,True,0.0,False,False,False
5701,2023-02-24,2023-03-01,2023-03-14,2023,連續5個營業日,True,0.0,False,False,False
5701,2026-06-05,2026-06-08,2026-06-22,2026,因連續3個營業日達本中心作業要點第四條第一項第一款,True,0.0,False,False,False
5703,2022-09-27,2022-09-28,2022-10-12,2022,因連續3個營業日達本中心作業要點第四條第一項第一款,True,0.0,False,False,False
5703,2023-06-13,2023-06-14,2023-06-29,2023,因連續3個營業日達本中心作業要點第四條第一項第一款,True,0.0,False,False,False
5905,2024-08-22,2024-08-23,2024-09-05,2024,因連續3個營業日達本中心作業要點第四條第一項第一款,True,62456.0,True,False,True
5906,2019-12-25,2019-12-26,2020-01-09,2019,連續三次,True,3750.0,True,False,True
5906,2020-09-08,2020-09-09,2020-09-22,2020,連續三次,True,0.0,False,False,False
5907,2024-10-07,2024-10-08,2024-10-22,2024,連續三次,True,48882.0,True,False,True
6101,2018-04-02,2018-04-03,2018-04-19,2018,因連續3個營業日達本中心作業要點第四條第一項第一款,True,0.0,False,False,False
6103,2018-10-19,2018-10-22,2018-11-02,2018,因連續3個營業日達本中心作業要點第四條第一項第一款,True,0.0,False,False,False
6103,2020-04-10,2020-04-13,2020-04-24,2020,因連續3個營業日達本中心作業要點第四條第一項第一款,True,0.0,False,False,False
6103,2020-06-15,2020-06-16,2020-07-01,2020,因連續3個營業日達本中心作業要點第四條第一項第一款,True,0.0,False,False,False
6103,2020-12-29,2020-12-30,2021-01-13,2020,因連續3個營業日達本中心作業要點第四條第一項第一款,True,0.0,False,False,False
6103,2021-03-25,2021-03-26,2021-04-12,2021,因連續3個營業日達本中心作業要點第四條第一項第一款,True,0.0,False,False,False
6103,2021-03-30,2021-03-31,2021-04-15,2021,因連續3個營業日達本中心作業要點第四條第一項第一款,True,0.0,False,False,False
6103,2021-04-06,2021-04-07,2021-04-20,2021,因連續3個營業日達本中心作業要點第四條第一項第一款,True,0.0,False,False,False
6103,2022-08-15,2022-08-16,2022-08-29,2022,因連續3個營業日達本中心作業要點第四條第一項第一款,True,0.0,False,False,False
6103,2026-03-18,2026-03-19,2026-04-01,2026,因連續3個營業日達本中心作業要點第四條第一項第一款,True,2547.0,True,False,True
6103,2026-08-28,2026-08-31,2026-09-04,2026,連續3個營業日,True,2547.0,True,False,True
6104,2021-07-20,2021-07-21,2021-08-03,2021,因連續3個營業日達本中心作業要點第四條第一項第一款,True,22569.0,True,False,True
6104,2024-12-05,2024-12-06,2024-12-23,2024,連續5個營業日及沖銷標準,True,22669.0,True,False,True
6104,2024-12-30,2024-12-31,2025-01-14,2024,連續5個營業日,True,22669.0,True,False,True
6104,2025-02-03,2025-02-04,2025-02-17,2025,最近10個營業日內有6個營業日,True,22713.0,True,False,True
6111,2018-05-30,2018-05-31,2018-06-13,2018,最近10個營業日內有6個營業日,True,6695.0,True,False,True
6111,2020-03-18,2020-03-19,2020-04-01,2020,因連續3個營業日達本中心作業要點第四條第一項第一款,True,7063.0,True,False,True
6111,2020-03-23,2020-03-24,2020-04-08,2020,因連續3個營業日達本中心作業要點第四條第一項第一款,True,7063.0,True,False,True
6111,2021-12-24,2021-12-27,2022-01-10,2021,連續5個營業日,True,9393.0,True,False,True
6111,2023-05-08,2023-05-09,2023-05-24,2023,連續3個營業日及沖銷標準,True,12211.0,True,False,True
6113,2020-09-17,2020-09-18,2020-10-05,2020,因連續3個營業日達本中心作業要點第四條第一項第一款,True,0.0,False,False,False
6113,2022-05-12,2022-05-13,2022-05-26,2022,因連續3個營業日達本中心作業要點第四條第一項第一款,True,12511.0,True,False,True
6113,2024-01-05,2024-01-08,2024-01-23,2024,連續3個營業日及沖銷標準,True,12511.0,True,False,True
6113,2025-02-12,2025-02-13,2025-02-26,2025,因連續3個營業日達本中心作業要點第四條第一項第一款,True,13137.0,True,False,True
6113,2025-03-19,2025-03-20,2025-04-08,2025,連續3個營業日及沖銷標準,True,13137.0,True,False,True
6116,2021-04-29,2021-05-03,2021-05-14,2021,連續三次,True,756796.0,True,False,True
6116,2026-01-09,2026-01-12,2026-01-23,2026,連續三次,True,714663.0,True,False,True
6116,2026-05-29,2026-06-01,2026-06-12,2026,連續三次,True,714663.0,True,False,True
6116,2026-06-03,2026-06-04,2026-06-17,2026,連續三次,True,714663.0,True,False,True
6117,2023-07-07,2023-07-10,2023-07-21,2023,連續三次,True,22162.0,True,False,True
6117,2023-08-24,2023-08-25,2023-09-11,2023,連續三次及當日沖銷標準,True,22162.0,True,False,True
6117,2023-10-04,2023-10-05,2023-10-24,2023,連續三次及當日沖銷標準,True,22162.0,True,False,True
6117,2023-12-07,2023-12-08,2023-12-21,2023,連續三次,True,22162.0,True,False,True
6117,2024-06-04,2024-06-05,2024-06-19,2024,最近十個營業日已有六次,True,22162.0,True,False,True
6118,2018-03-20,2018-03-21,2018-04-02,2018,因連續3個營業日達本中心作業要點第四條第一項第一款,True,22722.0,True,False,True
6118,2018-03-23,2018-03-26,2018-04-10,2018,因連續3個營業日達本中心作業要點第四條第一項第一款,True,22722.0,True,False,True
6118,2018-04-17,2018-04-18,2018-05-02,2018,因連續3個營業日達本中心作業要點第四條第一項第一款,True,22722.0,True,False,True
6118,2018-07-02,2018-07-03,2018-07-16,2018,因連續3個營業日達本中心作業要點第四條第一項第一款,True,22722.0,True,False,True
6118,2021-11-15,2021-11-16,2021-11-29,2021,因連續3個營業日達本中心作業要點第四條第一項第一款,True,22722.0,True,False,True
6118,2021-12-14,2021-12-15,2021-12-30,2021,連續3個營業日及沖銷標準,True,22722.0,True,False,True
6120,2023-06-26,2023-06-27,2023-07-10,2023,連續五次,True,166388.0,True,False,True
6122,2023-09-06,2023-09-07,2023-09-22,2023,連續3個營業日及沖銷標準,True,18051.0,True,False,True
6122,2023-11-15,2023-11-16,2023-12-01,2023,連續3個營業日及沖銷標準,True,18593.0,True,False,True
6125,2023-06-26,2023-06-27,2023-07-10,2023,因連續3個營業日達本中心作業要點第四條第一項第一款,True,60502.0,True,False,True
6125,2023-07-07,2023-07-10,2023-07-21,2023,因連續3個營業日達本中心作業要點第四條第一項第一款,True,60502.0,True,False,True
6127,2018-06-01,2018-06-04,2018-06-15,2018,因連續3個營業日達本中心作業要點第四條第一項第一款,True,27353.0,True,False,True
6127,2018-06-06,2018-06-07,2018-06-21,2018,因連續3個營業日達本中心作業要點第四條第一項第一款,True,27353.0,True,False,True
6127,2025-09-26,2025-09-30,2025-10-15,2025,因連續3個營業日達本中心作業要點第四條第一項第一款,True,0.0,False,False,False
6127,2025-10-23,2025-10-27,2025-11-07,2025,因連續3個營業日達本中心作業要點第四條第一項第一款,True,0.0,False,False,False
6127,2026-06-11,2026-06-12,2026-06-26,2026,最近10個營業日內有6個營業日,True,27019.0,True,False,True
6129,2021-01-04,2021-01-05,2021-01-18,2021,因連續3個營業日達本中心作業要點第四條第一項第一款,True,0.0,False,False,False
6129,2021-03-18,2021-03-19,2021-04-01,2021,因連續3個營業日達本中心作業要點第四條第一項第一款,True,0.0,False,False,False
6129,2021-03-23,2021-03-24,2021-04-08,2021,因連續3個營業日達本中心作業要點第四條第一項第一款,True,0.0,False,False,False
6129,2025-08-08,2025-08-11,2025-08-22,2025,因連續3個營業日達本中心作業要點第四條第一項第一款,True,0.0,False,False,False
6130,2019-11-19,2019-11-20,2019-12-03,2019,因連續3個營業日達本中心作業要點第四條第一項第一款,True,,False,False,False
6130,2021-06-28,2021-06-29,2021-07-12,2021,因連續3個營業日達本中心作業要點第四條第一項第一款,True,,False,False,False
6130,2025-03-21,2025-03-24,2025-04-08,2025,因連續3個營業日達本中心作業要點第四條第一項第一款,True,,False,False,False
6130,2025-03-26,2025-03-27,2025-04-11,2025,因連續3個營業日達本中心作業要點第四條第一項第一款,True,,False,False,False
6131,2019-03-27,2019-03-28,2019-04-12,2019,連續三次,True,0.0,False,False,False
6131,2019-04-01,2019-04-02,2019-04-17,2019,連續三次,True,0.0,False,False,False
6131,2019-11-11,2019-11-12,2019-11-25,2019,最近十個營業日已有六次,True,0.0,False,False,False
6131,2020-07-20,2020-07-21,2020-08-03,2020,連續五次,True,0.0,False,False,False
6133,2022-07-21,2022-07-22,2022-08-08,2022,連續三次及當日沖銷標準,True,29251.0,True,False,True
6133,2024-07-10,2024-07-11,2024-07-24,2024,連續三次,True,0.0,False,False,False
6134,2021-02-25,2021-02-26,2021-03-12,2021,因連續3個營業日達本中心作業要點第四條第一項第一款,True,0.0,False,False,False
6134,2021-12-08,2021-12-09,2021-12-22,2021,因連續3個營業日達本中心作業要點第四條第一項第一款,True,16894.0,True,False,True
6134,2021-12-13,2021-12-14,2021-12-27,2021,因連續3個營業日達本中心作業要點第四條第一項第一款,True,16894.0,True,False,True
6139,2024-04-08,2024-04-09,2024-04-24,2024,連續三次及當日沖銷標準,True,58135.0,True,False,True
6140,2020-06-19,2020-06-22,2020-07-07,2020,因連續3個營業日達本中心作業要點第四條第一項第一款,True,9591.0,True,False,True
6140,2020-08-14,2020-08-17,2020-08-28,2020,因連續3個營業日達本中心作業要點第四條第一項第一款,True,9591.0,True,False,True
6140,2020-08-31,2020-09-01,2020-09-14,2020,因連續3個營業日達本中心作業要點第四條第一項第一款,True,9591.0,True,False,True
6140,2025-03-27,2025-03-28,2025-04-16,2025,連續3個營業日及沖銷標準,True,12476.0,True,False,True
6141,2026-03-05,2026-03-06,2026-03-19,2026,連續三次,True,0.0,False,False,False
6141,2026-03-19,2026-03-20,2026-04-02,2026,連續三次,True,0.0,False,False,False
6141,2026-04-21,2026-04-22,2026-05-06,2026,連續五次,True,0.0,False,False,False
6141,2026-06-25,2026-06-26,2026-07-09,2026,最近十個營業日已有六次,True,0.0,False,False,False
6143,2022-07-08,2022-07-11,2022-07-22,2022,因連續3個營業日達本中心作業要點第四條第一項第一款,True,20751.0,True,False,True
6144,2024-06-28,2024-07-01,2024-07-12,2024,最近10個營業日內有6個營業日,True,0.0,False,False,False
6144,2024-07-26,2024-07-29,2024-08-09,2024,因連續3個營業日達本中心作業要點第四條第一項第一款,True,0.0,False,False,False
6144,2024-09-24,2024-09-25,2024-10-08,2024,最近10個營業日內有6個營業日,True,0.0,False,False,False
6144,2024-10-29,2024-10-30,2024-11-12,2024,因連續3個營業日達本中心作業要點第四條第一項第一款,True,0.0,False,False,False
6144,2024-11-04,2024-11-05,2024-11-18,2024,因連續3個營業日達本中心作業要點第四條第一項第一款,True,0.0,False,False,False
6144,2024-11-07,2024-11-08,2024-11-21,2024,因連續3個營業日達本中心作業要點第四條第一項第一款,True,0.0,False,False,False
6144,2024-11-28,2024-11-29,2024-12-12,2024,因連續3個營業日達本中心作業要點第四條第一項第一款,True,0.0,False,False,False
6147,2026-04-14,2026-04-15,2026-04-28,2026,因連續3個營業日達本中心作業要點第四條第一項第一款,True,186148.0,True,False,True
6148,2020-09-17,2020-09-18,2020-10-05,2020,因連續3個營業日達本中心作業要點第四條第一項第一款,True,11750.0,True,False,True
6148,2023-05-05,2023-05-08,2023-05-23,2023,連續3個營業日及沖銷標準,True,11650.0,True,False,True
6148,2025-02-10,2025-02-11,2025-02-26,2025,連續3個營業日及沖銷標準,True,11650.0,True,False,True
6150,2018-01-18,2018-01-19,2018-02-01,2018,因連續3個營業日達本中心作業要點第四條第一項第一款,True,7566.0,True,False,True
6150,2018-02-26,2018-02-27,2018-03-13,2018,因連續3個營業日達本中心作業要點第四條第一項第一款,True,7566.0,True,False,True
6150,2018-03-02,2018-03-05,2018-03-16,2018,因連續3個營業日達本中心作業要點第四條第一項第一款,True,7566.0,True,False,True
6150,2018-03-26,2018-03-27,2018-04-11,2018,連續5個營業日,True,7566.0,True,False,True
6150,2018-04-18,2018-04-19,2018-05-03,2018,因連續3個營業日達本中心作業要點第四條第一項第一款,True,7566.0,True,False,True
6150,2018-04-23,2018-04-24,2018-05-08,2018,因連續3個營業日達本中心作業要點第四條第一項第一款,True,7566.0,True,False,True
6150,2019-05-20,2019-05-21,2019-06-03,2019,連續5個營業日,True,8322.0,True,False,True
6150,2019-06-21,2019-06-24,2019-07-05,2019,連續5個營業日,True,8322.0,True,False,True
6150,2019-07-12,2019-07-15,2019-07-26,2019,連續5個營業日,True,8322.0,True,False,True
6150,2020-03-18,2020-03-19,2020-04-01,2020,因連續3個營業日達本中心作業要點第四條第一項第一款,True,8322.0,True,False,True
6150,2020-03-23,2020-03-24,2020-04-08,2020,因連續3個營業日達本中心作業要點第四條第一項第一款,True,8322.0,True,False,True
6150,2020-05-14,2020-05-15,2020-05-28,2020,最近10個營業日內有6個營業日,True,8322.0,True,False,True
6150,2020-11-12,2020-11-13,2020-11-26,2020,因連續3個營業日達本中心作業要點第四條第一項第一款,True,11220.0,True,False,True
6150,2020-11-19,2020-11-20,2020-12-03,2020,連續5個營業日,True,11220.0,True,False,True
6150,2020-12-10,2020-12-11,2020-12-24,2020,連續5個營業日,True,11220.0,True,False,True
6150,2020-12-31,2021-01-04,2021-01-15,2020,連續5個營業日,True,11220.0,True,False,True
6150,2021-02-25,2021-02-26,2021-03-12,2021,連續5個營業日,True,11220.0,True,False,True
6150,2021-03-17,2021-03-18,2021-03-31,2021,連續5個營業日,True,11220.0,True,False,True
6150,2021-04-08,2021-04-09,2021-04-22,2021,因連續3個營業日達本中心作業要點第四條第一項第一款,True,11220.0,True,False,True
6150,2021-05-19,2021-05-20,2021-06-02,2021,因連續3個營業日達本中心作業要點第四條第一項第一款,True,11220.0,True,False,True
6150,2023-07-21,2023-07-24,2023-08-04,2023,因連續3個營業日達本中心作業要點第四條第一項第一款,True,12086.0,True,False,True
6151,2024-10-23,2024-10-24,2024-11-06,2024,因連續3個營業日達本中心作業要點第四條第一項第一款,True,13814.0,True,False,True
6155,2018-06-06,2018-06-07,2018-06-21,2018,連續三次,True,21542.0,True,False,True
6155,2018-06-28,2018-06-29,2018-07-12,2018,連續五次,True,21542.0,True,False,True
6155,2025-11-18,2025-11-19,2025-12-02,2025,連續三次,True,22005.0,True,False,True
6158,2019-04-30,2019-05-02,2019-05-15,2019,因連續3個營業日達本中心作業要點第四條第一項第一款,True,27338.0,True,False,True
6158,2021-12-29,2021-12-30,2022-01-13,2021,因連續3個營業日達本中心作業要點第四條第一項第一款,True,13761.0,True,False,True
6160,2023-03-27,2023-03-28,2023-04-13,2023,因連續3個營業日達本中心作業要點第四條第一項第一款,True,17122.0,True,False,True
6160,2024-05-31,2024-06-03,2024-06-17,2024,因連續3個營業日達本中心作業要點第四條第一項第一款,True,17122.0,True,False,True
6163,2025-12-04,2025-12-05,2025-12-22,2025,連續3個營業日及沖銷標準,True,35506.0,True,False,True
6164,2020-12-29,2020-12-30,2021-01-13,2020,連續三次,True,25000.0,True,False,True
6167,2026-03-19,2026-03-20,2026-04-02,2026,因連續3個營業日達本中心作業要點第四條第一項第一款,True,36500.0,True,False,True
6168,2026-09-23,2026-09-24,2026-10-02,2026,連續三次,True,51440.0,True,False,True
6169,2019-12-03,2019-12-04,2019-12-17,2019,因連續3個營業日達本中心作業要點第四條第一項第一款,True,,False,False,False
6169,2020-02-17,2020-02-18,2020-03-03,2020,因連續3個營業日達本中心作業要點第四條第一項第一款,True,,False,False,False
6169,2020-03-23,2020-03-24,2020-04-08,2020,因連續3個營業日達本中心作業要點第四條第一項第一款,True,,False,False,False
6169,2020-04-14,2020-04-15,2020-04-28,2020,因連續3個營業日達本中心作業要點第四條第一項第一款,True,,False,False,False
6169,2020-08-20,2020-08-21,2020-09-03,2020,因連續3個營業日達本中心作業要點第四條第一項第一款,True,,False,False,False
6170,2021-07-01,2021-07-02,2021-07-15,2021,因連續3個營業日達本中心作業要點第四條第一項第一款,True,22417.0,True,False,True
6171,2020-03-30,2020-03-31,2020-04-15,2020,因連續3個營業日達本中心作業要點第四條第一項第一款,True,18837.0,True,False,True
6172,2021-10-29,2021-11-01,2021-11-12,2021,連續三次,True,6510.0,True,False,True
6173,2018-05-11,2018-05-14,2018-05-25,2018,因連續3個營業日達本中心作業要點第四條第一項第一款,True,43000.0,True,False,True
6173,2018-06-12,2018-06-13,2018-06-27,2018,因連續3個營業日達本中心作業要點第四條第一項第一款,True,43000.0,True,False,True
6173,2026-04-20,2026-04-21,2026-05-05,2026,因連續3個營業日達本中心作業要點第四條第一項第一款,True,43000.0,True,False,True
6173,2026-05-11,2026-05-12,2026-05-25,2026,因連續3個營業日達本中心作業要點第四條第一項第一款,True,43000.0,True,False,True
6173,2026-05-14,2026-05-15,2026-05-28,2026,因連續3個營業日達本中心作業要點第四條第一項第一款,True,43000.0,True,False,True
6173,2026-05-27,2026-05-28,2026-06-10,2026,因連續3個營業日達本中心作業要點第四條第一項第一款,True,43000.0,True,False,True
6173,2026-06-16,2026-06-17,2026-07-01,2026,因連續3個營業日達本中心作業要點第四條第一項第一款,True,42800.0,True,False,True
6173,2026-07-16,2026-07-17,2026-07-30,2026,因連續3個營業日達本中心作業要點第四條第一項第一款,True,42800.0,True,False,True
6173,2026-07-21,2026-07-22,2026-08-04,2026,連續3個營業日,True,42800.0,True,False,True
6174,2018-06-01,2018-06-04,2018-06-15,2018,因連續3個營業日達本中心作業要點第四條第一項第一款,True,12500.0,True,False,True
6174,2026-07-08,2026-07-09,2026-07-23,2026,最近10個營業日內有6個營業日,True,12500.0,True,False,True
6182,2026-05-11,2026-05-12,2026-05-25,2026,因連續3個營業日達本中心作業要點第四條第一項第一款,True,143410.0,True,False,True
6182,2026-05-27,2026-05-28,2026-06-10,2026,因連續3個營業日達本中心作業要點第四條第一項第一款,True,143410.0,True,False,True
6182,2026-06-01,2026-06-02,2026-06-15,2026,因連續3個營業日達本中心作業要點第四條第一項第一款,True,143410.0,True,False,True
6182,2026-07-23,2026-07-24,2026-08-07,2026,連續3個營業日及沖銷標準,True,156326.0,True,False,True
6182,2026-07-31,2026-08-03,2026-08-07,2026,連續3個營業日,True,156326.0,True,False,True
6187,2024-01-23,2024-01-24,2024-02-15,2024,連續5個營業日,True,20831.0,True,False,True
6187,2024-02-22,2024-02-23,2024-03-08,2024,連續5個營業日,True,21404.0,True,False,True
6187,2024-03-15,2024-03-18,2024-03-29,2024,連續5個營業日,True,22132.0,True,False,True
6187,2024-04-09,2024-04-10,2024-04-23,2024,連續5個營業日,True,22132.0,True,False,True
6187,2024-06-20,2024-06-21,2024-07-04,2024,最近10個營業日內有6個營業日,True,22527.0,True,False,True
6187,2024-07-11,2024-07-12,2024-07-25,2024,連續5個營業日,True,22593.0,True,False,True
6187,2024-08-16,2024-08-19,2024-08-30,2024,因連續3個營業日達本中心作業要點第四條第一項第一款,True,24176.0,True,False,True
6187,2024-09-18,2024-09-19,2024-10-04,2024,連續5個營業日及沖銷標準,True,24212.0,True,False,True
6187,2024-10-16,2024-10-17,2024-10-30,2024,連續5個營業日,True,24224.0,True,False,True
6187,2026-03-02,2026-03-03,2026-03-16,2026,因連續3個營業日達本中心作業要點第四條第一項第一款,True,24296.0,True,False,True
6187,2026-03-05,2026-03-06,2026-03-19,2026,因連續3個營業日達本中心作業要點第四條第一項第一款,True,24296.0,True,False,True
6187,2026-03-27,2026-03-30,2026-04-14,2026,因連續3個營業日達本中心作業要點第四條第一項第一款,True,24320.0,True,False,True
6187,2026-06-16,2026-06-17,2026-07-01,2026,最近10個營業日內有6個營業日,True,24565.0,True,False,True
6188,2019-02-14,2019-02-15,2019-03-04,2019,因連續3個營業日達本中心作業要點第四條第一項第一款,True,69589.0,True,False,True
6197,2024-04-02,2024-04-03,2024-04-18,2024,連續三次,True,30521.0,True,False,True
6198,2023-05-18,2023-05-19,2023-06-01,2023,因連續3個營業日達本中心作業要點第四條第一項第一款,False,,False,False,False
6199,2021-06-03,2021-06-04,2021-06-18,2021,因連續3個營業日達本中心作業要點第四條第一項第一款,True,,False,False,False
6199,2022-04-25,2022-04-26,2022-05-10,2022,因連續3個營業日達本中心作業要點第四條第一項第一款,True,,False,False,False
6199,2024-04-26,2024-04-29,2024-05-13,2024,因連續3個營業日達本中心作業要點第四條第一項第一款,True,,False,False,False
6199,2024-08-02,2024-08-05,2024-08-16,2024,因連續3個營業日達本中心作業要點第四條第一項第一款,True,,False,False,False
6199,2024-08-07,2024-08-08,2024-08-21,2024,因連續3個營業日達本中心作業要點第四條第一項第一款,True,,False,False,False
6204,2020-11-17,2020-11-18,2020-12-01,2020,最近10個營業日內有6個營業日,True,5775.0,True,False,True
6204,2020-12-18,2020-12-21,2021-01-04,2020,連續5個營業日,True,5775.0,True,False,True
6204,2023-11-29,2023-11-30,2023-12-13,2023,因連續3個營業日達本中心作業要點第四條第一項第一款,True,5775.0,True,False,True
6205,2025-12-31,2026-01-02,2026-01-15,2025,連續三次,True,20558.0,True,False,True
6207,2024-04-10,2024-04-11,2024-04-24,2024,因連續3個營業日達本中心作業要點第四條第一項第一款,True,19919.0,True,False,True
6208,2026-04-20,2026-04-21,2026-05-05,2026,因連續3個營業日達本中心作業要點第四條第一項第一款,True,23615.0,True,False,True
6209,2020-06-23,2020-06-24,2020-07-09,2020,連續三次,True,40786.0,True,False,True
6212,2018-05-17,2018-05-18,2018-05-31,2018,因連續3個營業日達本中心作業要點第四條第一項第一款,True,25500.0,True,False,True
6213,2025-08-21,2025-08-22,2025-09-04,2025,連續五次,True,90739.0,True,False,True
6213,2026-04-22,2026-04-23,2026-05-11,2026,連續三次及當日沖銷標準,True,90890.0,True,False,True
6213,2026-08-10,2026-08-11,2026-08-17,2026,連續三次,True,90899.0,True,False,True
6213,2026-08-13,2026-08-14,2026-08-20,2026,連續三次,True,90904.0,True,False,True
6215,2025-02-11,2025-02-12,2025-02-27,2025,連續五次及當日沖銷標準,True,20697.0,True,False,True
6215,2025-08-14,2025-08-15,2025-09-01,2025,連續五次及當日沖銷標準,True,20697.0,True,False,True
6217,2026-03-02,2026-03-03,2026-03-16,2026,因連續3個營業日達本中心作業要點第四條第一項第一款,True,29302.0,True,False,True
6217,2026-03-19,2026-03-20,2026-04-02,2026,因連續3個營業日達本中心作業要點第四條第一項第一款,True,29302.0,True,False,True
6217,2026-04-13,2026-04-14,2026-04-27,2026,連續5個營業日,True,29302.0,True,False,True
6217,2026-04-24,2026-04-27,2026-05-11,2026,因連續3個營業日達本中心作業要點第四條第一項第一款,True,29302.0,True,False,True
6217,2026-05-19,2026-05-20,2026-06-02,2026,連續5個營業日,True,29302.0,True,False,True
6217,2026-07-03,2026-07-06,2026-07-20,2026,最近10個營業日內有6個營業日,True,29302.0,True,False,True
6217,2026-07-22,2026-07-23,2026-08-05,2026,連續3個營業日,True,29302.0,True,False,True
6217,2026-07-27,2026-07-28,2026-08-07,2026,連續3個營業日,True,29302.0,True,False,True
6217,2026-07-30,2026-07-31,2026-08-07,2026,連續3個營業日,True,29302.0,True,False,True
6217,2026-08-10,2026-08-11,2026-08-17,2026,連續3個營業日,True,29302.0,True,False,True
6218,2024-07-11,2024-07-12,2024-07-25,2024,因連續3個營業日達本中心作業要點第四條第一項第一款,True,16065.0,True,False,True
6218,2026-04-13,2026-04-14,2026-04-27,2026,因連續3個營業日達本中心作業要點第四條第一項第一款,True,16065.0,True,False,True
6218,2026-09-22,2026-09-23,2026-10-05,2026,連續3個營業日及沖銷標準,True,16065.0,True,False,True
6221,2026-09-18,2026-09-21,2026-09-29,2026,連續3個營業日,True,42153.0,True,False,True
6222,2018-03-07,2018-03-08,2018-03-21,2018,因連續3個營業日達本中心作業要點第四條第一項第一款,True,0.0,False,False,False
6222,2020-03-05,2020-03-06,2020-03-19,2020,因連續3個營業日達本中心作業要點第四條第一項第一款,True,0.0,False,False,False
6222,2023-08-25,2023-08-28,2023-09-08,2023,因連續3個營業日達本中心作業要點第四條第一項第一款,True,0.0,False,False,False
6222,2023-12-11,2023-12-12,2023-12-25,2023,因連續3個營業日達本中心作業要點第四條第一項第一款,True,0.0,False,False,False
6223,2020-07-06,2020-07-07,2020-07-20,2020,因連續3個營業日達本中心作業要點第四條第一項第一款,True,19989.0,True,False,True
6223,2020-07-09,2020-07-10,2020-07-23,2020,因連續3個營業日達本中心作業要點第四條第一項第一款,True,19989.0,True,False,True
6224,2026-04-17,2026-04-20,2026-05-04,2026,連續三次,True,21411.0,True,False,True
6225,2018-05-29,2018-05-30,2018-06-12,2018,連續三次,True,0.0,False,False,False
6225,2022-01-14,2022-01-17,2022-02-08,2022,連續三次,True,0.0,False,False,False
6225,2022-07-08,2022-07-11,2022-07-22,2022,連續三次,True,0.0,False,False,False
6225,2022-07-26,2022-07-27,2022-08-09,2022,連續三次,True,0.0,False,False,False
6225,2026-08-14,2026-08-17,2026-08-21,2026,連續三次,True,0.0,False,False,False
6225,2026-08-19,2026-08-20,2026-08-26,2026,連續三次,True,0.0,False,False,False
6225,2026-08-24,2026-08-25,2026-08-31,2026,連續三次,True,0.0,False,False,False
6226,2021-07-26,2021-07-27,2021-08-09,2021,連續三次,True,28737.0,True,False,True
6226,2026-03-19,2026-03-20,2026-04-02,2026,連續三次,True,0.0,False,False,False
6226,2026-06-29,2026-06-30,2026-07-14,2026,連續三次,True,28883.0,True,False,True
6226,2026-07-02,2026-07-03,2026-07-17,2026,連續三次,True,28883.0,True,False,True
6226,2026-08-31,2026-09-01,2026-09-07,2026,連續三次,True,28883.0,True,False,True
6226,2026-09-18,2026-09-21,2026-10-01,2026,連續三次及當日沖銷標準,True,28883.0,True,False,True
6227,2024-03-05,2024-03-06,2024-03-19,2024,因連續3個營業日達本中心作業要點第四條第一項第一款,True,19027.0,True,False,True
6227,2025-03-19,2025-03-20,2025-04-08,2025,連續3個營業日及沖銷標準,True,19027.0,True,False,True
6228,2020-07-10,2020-07-13,2020-07-24,2020,因連續3個營業日達本中心作業要點第四條第一項第一款,True,0.0,False,False,False
6228,2021-01-15,2021-01-18,2021-01-29,2021,因連續3個營業日達本中心作業要點第四條第一項第一款,True,0.0,False,False,False
6228,2022-01-03,2022-01-04,2022-01-17,2022,因連續3個營業日達本中心作業要點第四條第一項第一款,True,0.0,False,False,False
6228,2024-06-11,2024-06-12,2024-06-25,2024,因連續3個營業日達本中心作業要點第四條第一項第一款,True,2668.0,True,False,True
6228,2024-07-30,2024-07-31,2024-08-13,2024,因連續3個營業日達本中心作業要點第四條第一項第一款,True,2668.0,True,False,True
6228,2025-04-17,2025-04-18,2025-05-02,2025,因連續3個營業日達本中心作業要點第四條第一項第一款,True,2668.0,True,False,True
6229,2020-07-31,2020-08-03,2020-08-14,2020,因連續3個營業日達本中心作業要點第四條第一項第一款,True,9021.0,True,False,True
6229,2020-09-03,2020-09-04,2020-09-17,2020,因連續3個營業日達本中心作業要點第四條第一項第一款,True,8910.0,True,False,True
6229,2021-07-20,2021-07-21,2021-08-03,2021,因連續3個營業日達本中心作業要點第四條第一項第一款,True,8910.0,True,False,True
6229,2024-02-01,2024-02-02,2024-02-29,2024,連續3個營業日及沖銷標準,True,8910.0,True,False,True
6230,2024-03-19,2024-03-20,2024-04-02,2024,連續三次,True,21585.0,True,False,True
6230,2024-05-02,2024-05-03,2024-05-16,2024,最近十個營業日已有六次,True,21585.0,True,False,True
6230,2026-03-06,2026-03-09,2026-03-20,2026,連續五次,True,21585.0,True,False,True
6231,2019-08-28,2019-08-29,2019-09-11,2019,因連續3個營業日達本中心作業要點第四條第一項第一款,True,9510.0,True,False,True
6231,2019-09-02,2019-09-03,2019-09-17,2019,因連續3個營業日達本中心作業要點第四條第一項第一款,True,9510.0,True,False,True
6231,2023-12-28,2023-12-29,2024-01-16,2023,連續3個營業日及沖銷標準,True,9510.0,True,False,True
6231,2024-05-30,2024-05-31,2024-06-14,2024,因連續3個營業日達本中心作業要點第四條第一項第一款,True,9510.0,True,False,True
6231,2024-07-10,2024-07-11,2024-07-24,2024,最近10個營業日內有6個營業日,True,9510.0,True,False,True
6231,2024-09-13,2024-09-16,2024-09-30,2024,最近10個營業日內有6個營業日,True,11413.0,True,False,True
6233,2020-03-19,2020-03-20,2020-04-06,2020,因連續3個營業日達本中心作業要點第四條第一項第一款,True,20592.0,True,False,True
6233,2020-09-17,2020-09-18,2020-10-05,2020,因連續3個營業日達本中心作業要點第四條第一項第一款,True,19902.0,True,False,True
6234,2026-05-04,2026-05-05,2026-05-18,2026,因連續3個營業日達本中心作業要點第四條第一項第一款,True,25096.0,True,False,True
6235,2021-12-08,2021-12-09,2021-12-22,2021,連續三次,True,42958.0,True,False,True
6235,2023-04-24,2023-04-25,2023-05-09,2023,最近十個營業日已有六次,True,48033.0,True,False,True
6235,2023-06-19,2023-06-20,2023-07-07,2023,連續五次及當日沖銷標準,True,48227.0,True,False,True
6236,2018-04-13,2018-04-16,2018-04-27,2018,因連續3個營業日達本中心作業要點第四條第一項第一款,False,,False,False,False
6236,2018-04-18,2018-04-19,2018-05-03,2018,因連續3個營業日達本中心作業要點第四條第一項第一款,False,,False,False,False
6236,2020-07-16,2020-07-17,2020-07-30,2020,因連續3個營業日達本中心作業要點第四條第一項第一款,False,,False,False,False
6236,2023-09-12,2023-09-13,2023-09-26,2023,因連續3個營業日達本中心作業要點第四條第一項第一款,False,,False,False,False
6237,2018-02-26,2018-02-27,2018-03-13,2018,因連續3個營業日達本中心作業要點第四條第一項第一款,True,19753.0,True,False,True
6237,2020-03-19,2020-03-20,2020-04-06,2020,因連續3個營業日達本中心作業要點第四條第一項第一款,True,19763.0,True,False,True
6237,2020-06-01,2020-06-02,2020-06-15,2020,連續5個營業日,True,19758.0,True,False,True
6237,2020-08-06,2020-08-07,2020-08-20,2020,最近10個營業日內有6個營業日,True,19802.0,True,False,True
6237,2020-09-02,2020-09-03,2020-09-16,2020,因連續3個營業日達本中心作業要點第四條第一項第一款,True,19851.0,True,False,True
6237,2020-12-25,2020-12-28,2021-01-11,2020,因連續3個營業日達本中心作業要點第四條第一項第一款,True,19894.0,True,False,True
6237,2020-12-30,2020-12-31,2021-01-14,2020,因連續3個營業日達本中心作業要點第四條第一項第一款,True,19894.0,True,False,True
6237,2021-04-08,2021-04-09,2021-04-22,2021,因連續3個營業日達本中心作業要點第四條第一項第一款,True,19962.0,True,False,True
6239,2026-05-28,2026-05-29,2026-06-11,2026,連續三次,True,189786.0,True,False,True
6240,2018-02-27,2018-03-01,2018-03-14,2018,因連續3個營業日達本中心作業要點第四條第一項第一款,True,5774.0,True,False,True
6240,2018-03-05,2018-03-06,2018-03-19,2018,因連續3個營業日達本中心作業要點第四條第一項第一款,True,5774.0,True,False,True
6240,2018-03-08,2018-03-09,2018-03-22,2018,因連續3個營業日達本中心作業要點第四條第一項第一款,True,5774.0,True,False,True
6240,2018-03-29,2018-03-30,2018-04-16,2018,因連續3個營業日達本中心作業要點第四條第一項第一款,True,5774.0,True,False,True
6240,2018-08-08,2018-08-09,2018-08-22,2018,因連續3個營業日達本中心作業要點第四條第一項第一款,True,5774.0,True,False,True
6240,2018-08-13,2018-08-14,2018-08-27,2018,因連續3個營業日達本中心作業要點第四條第一項第一款,True,5774.0,True,False,True
6240,2018-11-22,2018-11-23,2018-12-06,2018,因連續3個營業日達本中心作業要點第四條第一項第一款,True,5774.0,True,False,True
6240,2019-05-16,2019-05-17,2019-05-30,2019,因連續3個營業日達本中心作業要點第四條第一項第一款,True,5774.0,True,False,True
6240,2022-03-25,2022-03-28,2022-04-12,2022,因連續3個營業日達本中心作業要點第四條第一項第一款,True,5716.0,True,False,True
6241,2020-07-20,2020-07-21,2020-08-03,2020,因連續3個營業日達本中心作業要點第四條第一項第一款,True,0.0,False,False,False
6241,2022-03-25,2022-03-28,2022-04-12,2022,因連續3個營業日達本中心作業要點第四條第一項第一款,True,0.0,False,False,False
6241,2022-05-05,2022-05-06,2022-05-19,2022,連續5個營業日,True,0.0,False,False,False
6241,2026-06-16,2026-06-17,2026-07-01,2026,因連續3個營業日達本中心作業要點第四條第一項第一款,True,0.0,False,False,False
6242,2021-05-25,2021-05-26,2021-06-08,2021,因連續3個營業日達本中心作業要點第四條第一項第一款,False,,False,False,False
6242,2022-04-18,2022-04-19,2022-05-03,2022,因連續3個營業日達本中心作業要點第四條第一項第一款,False,,False,False,False
6243,2026-06-26,2026-06-29,2026-07-13,2026,連續三次,True,11317.0,True,False,True
6244,2020-08-13,2020-08-14,2020-08-27,2020,因連續3個營業日達本中心作業要點第四條第一項第一款,True,0.0,False,False,False
6244,2020-08-18,2020-08-19,2020-09-01,2020,因連續3個營業日達本中心作業要點第四條第一項第一款,True,0.0,False,False,False
6244,2020-11-30,2020-12-01,2020-12-14,2020,最近10個營業日內有6個營業日,True,0.0,False,False,False
6246,2020-09-16,2020-09-17,2020-09-30,2020,因連續3個營業日達本中心作業要點第四條第一項第一款,True,0.0,False,False,False
6246,2024-10-04,2024-10-07,2024-10-21,2024,因連續3個營業日達本中心作業要點第四條第一項第一款,True,3749.0,True,False,True
6247,2018-03-01,2018-03-02,2018-03-15,2018,因連續3個營業日達本中心作業要點第四條第一項第一款,False,,False,False,False
6247,2022-10-20,2022-10-21,2022-11-03,2022,因連續3個營業日達本中心作業要點第四條第一項第一款,False,,False,False,False
6259,2021-09-30,2021-10-01,2021-10-15,2021,因連續3個營業日達本中心作業要點第四條第一項第一款,True,,False,False,False
6263,2026-05-14,2026-05-15,2026-05-28,2026,因連續3個營業日達本中心作業要點第四條第一項第一款,True,15625.0,True,False,True
6264,2024-04-30,2024-05-02,2024-05-15,2024,因連續3個營業日達本中心作業要點第四條第一項第一款,True,0.0,False,False,False
6265,2025-11-14,2025-11-17,2025-11-28,2025,因連續3個營業日達本中心作業要點第四條第一項第一款,True,29543.0,True,False,True
6265,2026-01-02,2026-01-05,2026-01-16,2026,因連續3個營業日達本中心作業要點第四條第一項第一款,True,29543.0,True,False,True
6271,2026-05-27,2026-05-28,2026-06-10,2026,連續三次,True,52264.0,True,False,True
6274,2026-04-16,2026-04-17,2026-04-30,2026,因連續3個營業日達本中心作業要點第四條第一項第一款,True,72203.0,True,False,True
6274,2026-05-08,2026-05-11,2026-05-22,2026,因連續3個營業日達本中心作業要點第四條第一項第一款,True,72203.0,True,False,True
6274,2026-08-07,2026-08-10,2026-08-14,2026,連續3個營業日,True,74834.0,True,False,True
6276,2023-05-11,2023-05-12,2023-05-25,2023,因連續3個營業日達本中心作業要點第四條第一項第一款,True,4408.0,True,False,True
6276,2023-05-16,2023-05-17,2023-06-01,2023,連續3個營業日及沖銷標準,True,4408.0,True,False,True
6276,2023-12-04,2023-12-05,2023-12-18,2023,因連續3個營業日達本中心作業要點第四條第一項第一款,True,4408.0,True,False,True
6276,2025-02-18,2025-02-19,2025-03-05,2025,因連續3個營業日達本中心作業要點第四條第一項第一款,True,0.0,False,False,False
6276,2025-06-10,2025-06-11,2025-06-26,2025,連續5個營業日及沖銷標準,True,3085.0,True,False,True
6278,2026-04-17,2026-04-20,2026-05-04,2026,連續三次,True,73099.0,True,False,True
6283,2020-03-18,2020-03-19,2020-04-01,2020,連續三次,True,20406.0,True,False,True
6283,2020-10-06,2020-10-07,2020-10-21,2020,連續三次,True,20386.0,True,False,True
6283,2021-03-23,2021-03-24,2021-04-08,2021,連續三次,True,20386.0,True,False,True
6283,2024-04-18,2024-04-19,2024-05-03,2024,連續三次,True,20363.0,True,False,True
6283,2025-08-18,2025-08-19,2025-09-01,2025,連續三次,True,20363.0,True,False,True
6284,2018-04-13,2018-04-16,2018-04-27,2018,因連續3個營業日達本中心作業要點第四條第一項第一款,True,25639.0,True,False,True
6287,2020-12-16,2020-12-17,2020-12-30,2020,因連續3個營業日達本中心作業要點第四條第一項第一款,True,0.0,False,False,False
6287,2021-07-09,2021-07-12,2021-07-23,2021,因連續3個營業日達本中心作業要點第四條第一項第一款,True,0.0,False,False,False
6287,2022-10-13,2022-10-14,2022-10-27,2022,因連續3個營業日達本中心作業要點第四條第一項第一款,True,0.0,False,False,False
6289,2020-09-17,2020-09-18,2020-10-05,2020,連續五次,True,0.0,False,False,False
6289,2020-09-22,2020-09-23,2020-10-08,2020,連續三次,True,0.0,False,False,False
6291,2018-04-12,2018-04-13,2018-04-26,2018,因連續3個營業日達本中心作業要點第四條第一項第一款,True,0.0,False,True,False
6291,2018-04-17,2018-04-18,2018-05-02,2018,因連續3個營業日達本中心作業要點第四條第一項第一款,True,0.0,False,False,False
6291,2021-07-27,2021-07-28,2021-08-10,2021,因連續3個營業日達本中心作業要點第四條第一項第一款,True,0.0,False,False,False
6291,2023-03-16,2023-03-17,2023-03-30,2023,因連續3個營業日達本中心作業要點第四條第一項第一款,True,5171.0,True,False,True
6291,2023-06-01,2023-06-02,2023-06-15,2023,因連續3個營業日達本中心作業要點第四條第一項第一款,True,5171.0,True,False,True
6291,2025-07-29,2025-07-30,2025-08-12,2025,因連續3個營業日達本中心作業要點第四條第一項第一款,True,8833.0,True,False,True
6291,2026-05-29,2026-06-01,2026-06-12,2026,因連續3個營業日達本中心作業要點第四條第一項第一款,True,10500.0,True,False,True
6404,2020-07-16,2020-07-17,2020-07-30,2020,因連續3個營業日達本中心作業要點第四條第一項第一款,True,0.0,False,False,False
6404,2020-07-21,2020-07-22,2020-08-04,2020,因連續3個營業日達本中心作業要點第四條第一項第一款,True,0.0,False,False,False
6404,2020-09-14,2020-09-15,2020-09-28,2020,因連續3個營業日達本中心作業要點第四條第一項第一款,True,0.0,False,False,False
6404,2021-04-26,2021-04-27,2021-05-11,2021,因連續3個營業日達本中心作業要點第四條第一項第一款,True,0.0,False,False,False
6404,2023-10-25,2023-10-26,2023-11-08,2023,因連續3個營業日達本中心作業要點第四條第一項第一款,True,0.0,False,False,False
6404,2023-10-30,2023-10-31,2023-11-13,2023,因連續3個營業日達本中心作業要點第四條第一項第一款,True,0.0,False,False,False
6404,2023-11-20,2023-11-21,2023-12-04,2023,因連續3個營業日達本中心作業要點第四條第一項第一款,True,0.0,False,False,False
6405,2026-05-05,2026-05-06,2026-05-19,2026,連續三次,True,16450.0,True,False,True
6405,2026-05-08,2026-05-11,2026-05-22,2026,連續三次,True,16450.0,True,False,True
6405,2026-05-28,2026-05-29,2026-06-11,2026,連續三次,True,16450.0,True,False,True
6414,2018-08-20,2018-08-21,2018-09-03,2018,連續三次,True,19393.0,True,False,True
6414,2020-03-20,2020-03-23,2020-04-07,2020,連續三次,True,20893.0,True,False,True
6415,2020-03-27,2020-03-30,2020-04-14,2020,連續三次,True,22894.0,True,False,True
6415,2026-04-23,2026-04-24,2026-05-08,2026,連續三次,True,97237.0,True,False,True
6415,2026-06-23,2026-06-24,2026-07-07,2026,連續三次,True,97159.0,True,False,True
6418,2025-08-19,2025-08-20,2025-09-02,2025,因連續3個營業日達本中心作業要點第四條第一項第一款,True,8630.0,True,False,True
6418,2025-09-09,2025-09-10,2025-09-23,2025,因連續3個營業日達本中心作業要點第四條第一項第一款,True,8630.0,True,False,True
6418,2025-09-30,2025-10-01,2025-10-20,2025,連續3個營業日及沖銷標準,True,8630.0,True,False,True
6419,2020-09-09,2020-09-10,2020-09-23,2020,因連續3個營業日達本中心作業要點第四條第一項第一款,True,,False,False,False
6419,2021-08-24,2021-08-25,2021-09-07,2021,因連續3個營業日達本中心作業要點第四條第一項第一款,True,,False,False,False
6419,2021-08-27,2021-08-30,2021-09-10,2021,因連續3個營業日達本中心作業要點第四條第一項第一款,True,,False,False,False
6419,2023-07-13,2023-07-14,2023-07-27,2023,因連續3個營業日達本中心作業要點第四條第一項第一款,True,,False,False,False
6419,2023-10-18,2023-10-19,2023-11-01,2023,因連續3個營業日達本中心作業要點第四條第一項第一款,True,,False,False,False
6419,2024-05-09,2024-05-10,2024-05-23,2024,因連續3個營業日達本中心作業要點第四條第一項第一款,True,,False,False,False
6419,2024-05-16,2024-05-17,2024-05-30,2024,因連續3個營業日達本中心作業要點第四條第一項第一款,True,,False,False,False
6419,2024-05-21,2024-05-22,2024-06-04,2024,因連續3個營業日達本中心作業要點第四條第一項第一款,True,,False,False,False
6419,2026-04-17,2026-04-20,2026-05-04,2026,因連續3個營業日達本中心作業要點第四條第一項第一款,True,3289.0,True,False,True
6423,2026-04-23,2026-04-24,2026-05-08,2026,因連續3個營業日達本中心作業要點第四條第一項第一款,True,7754.0,True,False,True
6425,2024-01-17,2024-01-18,2024-01-31,2024,因連續3個營業日達本中心作業要點第四條第一項第一款,True,10900.0,True,False,True
6425,2024-02-22,2024-02-23,2024-03-08,2024,因連續3個營業日達本中心作業要點第四條第一項第一款,True,10900.0,True,False,True
6425,2024-04-30,2024-05-02,2024-05-15,2024,最近10個營業日內有6個營業日,True,10900.0,True,False,True
6426,2019-08-21,2019-08-22,2019-09-04,2019,最近10個營業日內有6個營業日,True,8377.0,True,False,True
6426,2019-10-14,2019-10-15,2019-10-28,2019,連續5個營業日,True,8377.0,True,False,True
6426,2020-03-20,2020-03-23,2020-04-07,2020,因連續3個營業日達本中心作業要點第四條第一項第一款,True,9627.0,True,False,True
6426,2024-12-09,2024-12-10,2024-12-23,2024,連續三次,True,9627.0,True,False,True
6426,2026-02-04,2026-02-05,2026-03-04,2026,連續三次及當日沖銷標準,True,9627.0,True,False,True
6426,2026-02-26,2026-03-02,2026-03-13,2026,連續三次,True,9627.0,True,False,True
6426,2026-03-20,2026-03-23,2026-04-07,2026,最近十個營業日已有六次,True,9627.0,True,False,True
6426,2026-08-11,2026-08-12,2026-08-18,2026,連續三次,True,9627.0,True,False,True
6431,2024-06-26,2024-06-27,2024-07-10,2024,連續三次,True,0.0,False,False,False
6432,2018-05-31,2018-06-01,2018-06-14,2018,因連續3個營業日達本中心作業要點第四條第一項第一款,True,,False,False,False
6432,2018-06-29,2018-07-02,2018-07-13,2018,因連續3個營業日達本中心作業要點第四條第一項第一款,True,,False,False,False
6441,2020-10-20,2020-10-21,2020-11-03,2020,連續5個營業日,True,9607.0,True,False,True
6441,2020-11-10,2020-11-11,2020-11-24,2020,連續5個營業日,True,9607.0,True,False,True
6441,2021-11-03,2021-11-04,2021-11-17,2021,因連續3個營業日達本中心作業要點第四條第一項第一款,True,10608.0,True,False,True
6441,2025-05-06,2025-05-07,2025-05-20,2025,因連續3個營業日達本中心作業要點第四條第一項第一款,True,13329.0,True,False,True
6442,2023-07-20,2023-07-21,2023-08-03,2023,連續三次,True,16575.0,True,False,True
6442,2024-02-23,2024-02-26,2024-03-13,2024,連續三次及當日沖銷標準,True,16575.0,True,False,True
6442,2024-05-08,2024-05-09,2024-05-24,2024,連續五次及當日沖銷標準,True,18900.0,True,False,True
6442,2024-05-21,2024-05-22,2024-06-04,2024,最近十個營業日已有六次,True,18900.0,True,False,True
6442,2024-06-11,2024-06-12,2024-06-27,2024,連續三次及當日沖銷標準,True,18900.0,True,False,True
6442,2024-07-17,2024-07-18,2024-07-31,2024,最近十個營業日已有六次,True,18900.0,True,False,True
6442,2024-11-05,2024-11-06,2024-11-19,2024,最近十個營業日已有六次,True,18900.0,True,False,True
6442,2024-12-13,2024-12-16,2024-12-31,2024,連續五次及當日沖銷標準,True,19000.0,True,False,True
6442,2025-01-08,2025-01-09,2025-01-22,2025,連續五次,True,19000.0,True,False,True
6442,2025-05-15,2025-05-16,2025-05-29,2025,連續三次,True,19000.0,True,False,True
6442,2025-07-24,2025-07-25,2025-08-11,2025,連續三次及當日沖銷標準,True,19000.0,True,False,True
6442,2025-11-28,2025-12-01,2025-12-16,2025,連續五次及當日沖銷標準,True,19460.0,True,False,True
6442,2026-02-03,2026-02-04,2026-02-26,2026,最近十個營業日已有六次,True,19518.0,True,False,True
6442,2026-03-06,2026-03-09,2026-03-20,2026,連續五次,True,19518.0,True,False,True
6442,2026-04-21,2026-04-22,2026-05-06,2026,最近十個營業日已有六次,True,19647.0,True,False,True
6442,2026-06-05,2026-06-08,2026-06-22,2026,最近十個營業日已有六次,True,19759.0,True,False,True
6443,2020-07-16,2020-07-17,2020-07-30,2020,連續三次,True,0.0,False,False,False
6443,2020-10-14,2020-10-15,2020-10-28,2020,連續三次,True,0.0,False,False,False
6443,2020-12-07,2020-12-08,2020-12-21,2020,最近十個營業日已有六次,True,0.0,False,False,False
6443,2025-12-16,2025-12-17,2025-12-31,2025,連續三次,True,128199.0,True,False,True
6443,2026-04-13,2026-04-14,2026-04-27,2026,最近三十個營業日已有十二次,True,0.0,False,False,False
6443,2026-04-27,2026-04-28,2026-05-12,2026,最近十個營業日已有六次,True,0.0,False,False,False
6446,2020-03-23,2020-03-24,2020-04-08,2020,因連續3個營業日達本中心作業要點第四條第一項第一款,True,,False,False,False
6446,2021-11-19,2021-11-22,2021-12-03,2021,因連續3個營業日達本中心作業要點第四條第一項第一款,True,,False,False,False
6446,2021-11-24,2021-11-25,2021-12-08,2021,因連續3個營業日達本中心作業要點第四條第一項第一款,True,,False,False,False
6446,2021-12-08,2021-12-09,2021-12-22,2021,因連續3個營業日達本中心作業要點第四條第一項第一款,True,,False,False,False
6446,2021-12-13,2021-12-14,2021-12-27,2021,因連續3個營業日達本中心作業要點第四條第一項第一款,True,,False,False,False
6446,2021-12-16,2021-12-17,2021-12-30,2021,因連續3個營業日達本中心作業要點第四條第一項第一款,True,,False,False,False
6446,2022-03-24,2022-03-25,2022-04-11,2022,最近30個營業日內有12個營業日,True,,False,False,False
6446,2024-05-21,2024-05-22,2024-06-04,2024,連續三次,True,74477.0,True,False,True
6446,2026-02-02,2026-02-03,2026-02-25,2026,連續三次,True,94984.0,True,False,True
6449,2026-05-18,2026-05-19,2026-06-01,2026,連續三次,True,22974.0,True,False,True
6449,2026-05-21,2026-05-22,2026-06-04,2026,連續三次,True,22974.0,True,False,True
6449,2026-05-29,2026-06-01,2026-06-12,2026,連續三次,True,22971.0,True,False,True
6451,2023-07-05,2023-07-06,2023-07-19,2023,連續三次,True,26813.0,True,False,True
6451,2024-06-20,2024-06-21,2024-07-04,2024,連續三次,True,26813.0,True,False,True
6451,2026-03-19,2026-03-20,2026-04-02,2026,連續三次,True,26813.0,True,False,True
6451,2026-04-14,2026-04-15,2026-04-28,2026,連續三次,True,27160.0,True,False,True
6451,2026-04-17,2026-04-20,2026-05-04,2026,連續三次,True,27160.0,True,False,True
6451,2026-08-10,2026-08-11,2026-08-17,2026,連續三次,True,28563.0,True,False,True
6452,2018-10-29,2018-10-30,2018-11-12,2018,連續三次,True,19500.0,True,False,True
6452,2018-11-01,2018-11-02,2018-11-15,2018,連續三次,True,19500.0,True,False,True
6452,2018-11-06,2018-11-07,2018-11-20,2018,連續三次,True,19500.0,True,False,True
6452,2018-11-09,2018-11-12,2018-11-23,2018,連續三次,True,19500.0,True,False,True
6452,2020-08-13,2020-08-14,2020-08-27,2020,連續三次,True,0.0,False,False,False
6456,2026-04-20,2026-04-21,2026-05-05,2026,連續三次,True,84484.0,True,False,True
6457,2020-03-04,2020-03-05,2020-03-18,2020,因連續3個營業日達本中心作業要點第四條第一項第一款,True,,False,False,False
6461,2022-08-23,2022-08-24,2022-09-06,2022,因連續3個營業日達本中心作業要點第四條第一項第一款,True,29065.0,True,False,True
6462,2024-01-31,2024-02-01,2024-02-27,2024,連續3個營業日及沖銷標準,True,17317.0,True,False,True
6465,2021-05-18,2021-05-19,2021-06-01,2021,因連續3個營業日達本中心作業要點第四條第一項第一款,True,0.0,False,False,False
6465,2021-05-21,2021-05-24,2021-06-04,2021,因連續3個營業日達本中心作業要點第四條第一項第一款,True,0.0,False,False,False
6465,2021-06-24,2021-06-25,2021-07-08,2021,因連續3個營業日達本中心作業要點第四條第一項第一款,True,0.0,False,False,False
6465,2021-11-19,2021-11-22,2021-12-03,2021,因連續3個營業日達本中心作業要點第四條第一項第一款,True,0.0,False,False,False
6465,2023-04-17,2023-04-18,2023-05-02,2023,因連續3個營業日達本中心作業要點第四條第一項第一款,True,0.0,False,False,False
6465,2024-02-01,2024-02-02,2024-02-26,2024,因連續3個營業日達本中心作業要點第四條第一項第一款,True,0.0,False,False,False
6465,2025-11-28,2025-12-01,2025-12-12,2025,因連續3個營業日達本中心作業要點第四條第一項第一款,True,0.0,False,False,False
6465,2025-12-16,2025-12-17,2025-12-31,2025,因連續3個營業日達本中心作業要點第四條第一項第一款,True,0.0,False,False,False
6465,2026-03-23,2026-03-24,2026-04-08,2026,因連續3個營業日達本中心作業要點第四條第一項第一款,True,0.0,False,False,False
6469,2021-08-27,2021-08-30,2021-09-10,2021,因連續3個營業日達本中心作業要點第四條第一項第一款,True,13500.0,True,False,True
6472,2018-03-12,2018-03-13,2018-03-26,2018,因連續3個營業日達本中心作業要點第四條第一項第一款,True,,False,False,False
6472,2018-04-09,2018-04-10,2018-04-23,2018,最近10個營業日內有6個營業日,True,,False,False,False
6472,2018-07-13,2018-07-16,2018-07-27,2018,連續5個營業日,True,,False,False,False
6472,2021-05-21,2021-05-24,2021-06-04,2021,因連續3個營業日達本中心作業要點第四條第一項第一款,True,13528.0,True,False,True
6472,2021-06-01,2021-06-02,2021-06-16,2021,因連續3個營業日達本中心作業要點第四條第一項第一款,True,13528.0,True,False,True
6472,2022-08-18,2022-08-19,2022-09-05,2022,連續3個營業日及沖銷標準,True,17132.0,True,False,True
6472,2022-11-17,2022-11-18,2022-12-05,2022,連續3個營業日及沖銷標準,True,18845.0,True,False,True
6472,2023-02-13,2023-02-14,2023-03-03,2023,連續3個營業日及沖銷標準,True,19167.0,True,False,True
6472,2023-03-30,2023-03-31,2023-04-20,2023,連續3個營業日及沖銷標準,True,19350.0,True,False,True
6477,2020-07-16,2020-07-17,2020-07-30,2020,連續三次,True,23614.0,True,False,True
6477,2020-10-14,2020-10-15,2020-10-28,2020,連續三次,True,26742.0,True,False,True
6477,2025-01-09,2025-01-10,2025-02-05,2025,連續三次及當日沖銷標準,True,30946.0,True,False,True
6482,2021-02-18,2021-02-19,2021-03-05,2021,因連續3個營業日達本中心作業要點第四條第一項第一款,True,,False,False,False
6482,2021-02-23,2021-02-24,2021-03-10,2021,因連續3個營業日達本中心作業要點第四條第一項第一款,True,,False,False,False
6482,2023-10-18,2023-10-19,2023-11-01,2023,因連續3個營業日達本中心作業要點第四條第一項第一款,True,,False,False,False
6482,2023-12-04,2023-12-05,2023-12-18,2023,因連續3個營業日達本中心作業要點第四條第一項第一款,True,,False,False,False
6485,2021-02-18,2021-02-19,2021-03-05,2021,因連續3個營業日達本中心作業要點第四條第一項第一款,True,9845.0,True,False,True
6485,2021-02-23,2021-02-24,2021-03-10,2021,因連續3個營業日達本中心作業要點第四條第一項第一款,True,9845.0,True,False,True
6485,2021-05-31,2021-06-01,2021-06-15,2021,連續5個營業日,True,10110.0,True,False,True
6485,2021-06-15,2021-06-16,2021-06-29,2021,最近10個營業日內有6個營業日,True,10110.0,True,False,True
6485,2025-02-06,2025-02-07,2025-02-20,2025,因連續3個營業日達本中心作業要點第四條第一項第一款,True,10768.0,True,False,True
6488,2020-12-03,2020-12-04,2020-12-17,2020,因連續3個營業日達本中心作業要點第四條第一項第一款,True,109312.0,True,False,True
6488,2025-09-22,2025-09-23,2025-10-08,2025,因連續3個營業日達本中心作業要點第四條第一項第一款,True,119528.0,True,False,True
6488,2025-11-11,2025-11-12,2025-11-25,2025,因連續3個營業日達本中心作業要點第四條第一項第一款,True,119528.0,True,False,True
6488,2026-05-11,2026-05-12,2026-05-25,2026,因連續3個營業日達本中心作業要點第四條第一項第一款,True,119528.0,True,False,True
6488,2026-05-29,2026-06-01,2026-06-12,2026,因連續3個營業日達本中心作業要點第四條第一項第一款,True,119528.0,True,False,True
6488,2026-06-18,2026-06-22,2026-07-03,2026,因連續3個營業日達本中心作業要點第四條第一項第一款,True,119528.0,True,False,True
6492,2018-04-13,2018-04-16,2018-04-27,2018,因連續3個營業日達本中心作業要點第四條第一項第一款,True,,False,False,False
6492,2020-05-22,2020-05-25,2020-06-05,2020,因連續3個營業日達本中心作業要點第四條第一項第一款,True,,False,False,False
6492,2020-09-09,2020-09-10,2020-09-23,2020,因連續3個營業日達本中心作業要點第四條第一項第一款,True,,False,False,False
6492,2020-09-14,2020-09-15,2020-09-28,2020,因連續3個營業日達本中心作業要點第四條第一項第一款,True,,False,False,False
6492,2022-04-20,2022-04-21,2022-05-05,2022,因連續3個營業日達本中心作業要點第四條第一項第一款,True,,False,False,False
6492,2024-07-19,2024-07-22,2024-08-02,2024,因連續3個營業日達本中心作業要點第四條第一項第一款,True,22435.0,True,False,True
6494,2021-04-07,2021-04-08,2021-04-21,2021,最近10個營業日內有6個營業日,True,7889.0,True,False,True
6496,2018-05-25,2018-05-28,2018-06-08,2018,因連續3個營業日達本中心作業要點第四條第一項第一款,True,11666.0,True,False,True
6497,2018-06-05,2018-06-06,2018-06-20,2018,因連續3個營業日達本中心作業要點第四條第一項第一款,False,,False,False,False
6497,2019-08-22,2019-08-23,2019-09-05,2019,因連續3個營業日達本中心作業要點第四條第一項第一款,False,,False,False,False
6497,2019-08-27,2019-08-28,2019-09-10,2019,因連續3個營業日達本中心作業要點第四條第一項第一款,False,,False,False,False
6497,2019-12-03,2019-12-04,2019-12-17,2019,因連續3個營業日達本中心作業要點第四條第一項第一款,False,,False,False,False
6497,2019-12-06,2019-12-09,2019-12-20,2019,因連續3個營業日達本中心作業要點第四條第一項第一款,False,,False,False,False
6497,2020-06-05,2020-06-08,2020-06-19,2020,因連續3個營業日達本中心作業要點第四條第一項第一款,False,,False,False,False
6497,2020-07-10,2020-07-13,2020-07-24,2020,因連續3個營業日達本中心作業要點第四條第一項第一款,False,,False,False,False
6499,2018-03-09,2018-03-12,2018-03-23,2018,因連續3個營業日達本中心作業要點第四條第一項第一款,True,,False,False,False
6499,2018-03-14,2018-03-15,2018-03-28,2018,因連續3個營業日達本中心作業要點第四條第一項第一款,True,,False,False,False
6499,2025-05-14,2025-05-15,2025-05-28,2025,因連續3個營業日達本中心作業要點第四條第一項第一款,True,23061.0,True,False,True
6499,2025-05-23,2025-05-26,2025-06-09,2025,最近10個營業日內有6個營業日,True,23061.0,True,False,True
6499,2025-05-28,2025-05-29,2025-06-12,2025,因連續3個營業日達本中心作業要點第四條第一項第一款,True,23061.0,True,False,True
6499,2025-06-19,2025-06-20,2025-07-07,2025,連續3個營業日及沖銷標準,True,23061.0,True,False,True
6499,2025-07-18,2025-07-21,2025-08-01,2025,最近10個營業日內有6個營業日,True,23061.0,True,False,True
6499,2025-10-16,2025-10-17,2025-10-31,2025,因連續3個營業日達本中心作業要點第四條第一項第一款,True,23061.0,True,False,True
6509,2021-07-06,2021-07-07,2021-07-20,2021,因連續3個營業日達本中心作業要點第四條第一項第一款,True,43301.0,True,False,True
6510,2019-08-12,2019-08-13,2019-08-26,2019,因連續3個營業日達本中心作業要點第四條第一項第一款,True,8197.0,True,False,True
6512,2022-08-08,2022-08-09,2022-08-22,2022,因連續3個營業日達本中心作業要點第四條第一項第一款,False,,False,False,False
6512,2024-06-05,2024-06-06,2024-06-20,2024,因連續3個營業日達本中心作業要點第四條第一項第一款,False,,False,False,False
6514,2021-12-14,2021-12-15,2021-12-28,2021,因連續3個營業日達本中心作業要點第四條第一項第一款,True,7503.0,True,False,True
6515,2025-09-03,2025-09-04,2025-09-17,2025,連續三次,True,8962.0,True,False,True
6515,2026-03-25,2026-03-26,2026-04-10,2026,最近十個營業日已有六次,True,9010.0,True,False,True
6516,2021-03-19,2021-03-22,2021-04-06,2021,因連續3個營業日達本中心作業要點第四條第一項第一款,True,9647.0,True,False,True
6517,2023-03-29,2023-03-30,2023-04-17,2023,因連續3個營業日達本中心作業要點第四條第一項第一款,True,,False,False,False
6517,2023-04-06,2023-04-07,2023-04-20,2023,因連續3個營業日達本中心作業要點第四條第一項第一款,True,,False,False,False
6517,2025-04-14,2025-04-15,2025-04-28,2025,因連續3個營業日達本中心作業要點第四條第一項第一款,True,7644.0,True,False,True
6523,2018-04-03,2018-04-09,2018-04-20,2018,因連續3個營業日達本中心作業要點第四條第一項第一款,True,11453.0,True,False,True
6523,2020-01-02,2020-01-03,2020-01-16,2020,因連續3個營業日達本中心作業要點第四條第一項第一款,True,11261.0,True,False,True
6523,2021-11-17,2021-11-18,2021-12-01,2021,因連續3個營業日達本中心作業要點第四條第一項第一款,True,11261.0,True,False,True
6523,2021-11-22,2021-11-23,2021-12-06,2021,因連續3個營業日達本中心作業要點第四條第一項第一款,True,11261.0,True,False,True
6526,2026-09-29,2026-09-30,2026-10-06,2026,連續三次,True,41876.0,True,False,True
6527,2023-07-21,2023-07-24,2023-08-04,2023,因連續3個營業日達本中心作業要點第四條第一項第一款,True,,False,False,False
6530,2023-07-21,2023-07-24,2023-08-04,2023,因連續3個營業日達本中心作業要點第四條第一項第一款,True,8437.0,True,False,True
6530,2023-10-20,2023-10-23,2023-11-07,2023,連續5個營業日及沖銷標準,True,8437.0,True,False,True
6531,2019-12-05,2019-12-06,2019-12-19,2019,連續三次,True,18457.0,True,False,True
6531,2020-05-04,2020-05-05,2020-05-18,2020,連續三次,True,18478.0,True,False,True
6531,2020-06-05,2020-06-08,2020-06-19,2020,連續三次,True,18484.0,True,False,True
6531,2020-06-23,2020-06-24,2020-07-09,2020,連續三次,True,18484.0,True,False,True
6531,2026-04-24,2026-04-27,2026-05-11,2026,連續三次,True,40711.0,True,False,True
6531,2026-07-31,2026-08-03,2026-08-07,2026,連續三次,True,40787.0,True,False,True
6531,2026-08-10,2026-08-11,2026-08-17,2026,連續三次,True,40787.0,True,False,True
6532,2020-05-13,2020-05-14,2020-05-27,2020,因連續3個營業日達本中心作業要點第四條第一項第一款,True,7906.0,True,False,True
6533,2018-03-28,2018-03-29,2018-04-13,2018,連續三次,True,10154.0,True,False,True
6533,2020-11-20,2020-11-23,2020-12-04,2020,連續三次,True,10662.0,True,False,True
6533,2020-11-25,2020-11-26,2020-12-09,2020,連續三次,True,10662.0,True,False,True
6533,2021-03-16,2021-03-17,2021-03-30,2021,最近十個營業日已有六次,True,10662.0,True,False,True
6533,2026-10-05,2026-10-06,2026-10-13,2026,連續三次,True,12662.0,True,False,True
6535,2018-03-01,2018-03-02,2018-03-15,2018,因連續3個營業日達本中心作業要點第四條第一項第一款,False,,False,False,False
6535,2020-07-08,2020-07-09,2020-07-22,2020,因連續3個營業日達本中心作業要點第四條第一項第一款,False,,False,False,False
6535,2020-07-13,2020-07-14,2020-07-27,2020,因連續3個營業日達本中心作業要點第四條第一項第一款,False,,False,False,False
6535,2020-07-21,2020-07-22,2020-08-04,2020,因連續3個營業日達本中心作業要點第四條第一項第一款,False,,False,False,False
6535,2024-01-19,2024-01-22,2024-02-02,2024,因連續3個營業日達本中心作業要點第四條第一項第一款,False,,False,False,False
6535,2024-01-25,2024-01-26,2024-02-19,2024,因連續3個營業日達本中心作業要點第四條第一項第一款,False,,False,False,False
6535,2024-03-05,2024-03-06,2024-03-19,2024,因連續3個營業日達本中心作業要點第四條第一項第一款,False,,False,False,False
6535,2024-05-17,2024-05-20,2024-05-31,2024,最近10個營業日內有6個營業日,False,,False,False,False
6535,2024-06-20,2024-06-21,2024-07-04,2024,因連續3個營業日達本中心作業要點第四條第一項第一款,False,,False,False,False
6535,2024-12-06,2024-12-09,2024-12-20,2024,因連續3個營業日達本中心作業要點第四條第一項第一款,False,,False,False,False
6535,2024-12-11,2024-12-12,2024-12-25,2024,因連續3個營業日達本中心作業要點第四條第一項第一款,False,,False,False,False
6535,2025-10-31,2025-11-03,2025-11-14,2025,因連續3個營業日達本中心作業要點第四條第一項第一款,False,,False,False,False
6538,2019-04-08,2019-04-09,2019-04-22,2019,因連續3個營業日達本中心作業要點第四條第一項第一款,True,7575.0,True,False,True
6538,2020-01-09,2020-01-10,2020-02-03,2020,最近10個營業日內有6個營業日,True,7575.0,True,True,False
6538,2020-03-04,2020-03-05,2020-03-18,2020,因連續3個營業日達本中心作業要點第四條第一項第一款,True,7575.0,True,False,True
6538,2023-07-11,2023-07-12,2023-07-25,2023,因連續3個營業日達本中心作業要點第四條第一項第一款,True,9551.0,True,False,True
6538,2026-05-22,2026-05-25,2026-06-05,2026,因連續3個營業日達本中心作業要點第四條第一項第一款,True,9518.0,True,False,True
6538,2026-09-07,2026-09-08,2026-09-14,2026,連續3個營業日,True,9610.0,True,False,True
6538,2026-09-10,2026-09-11,2026-09-17,2026,連續3個營業日,True,9610.0,True,False,True
6541,2021-02-25,2021-02-26,2021-03-12,2021,連續三次,True,0.0,False,False,False
6541,2021-03-03,2021-03-04,2021-03-17,2021,連續三次,True,0.0,False,False,False
6541,2024-07-05,2024-07-08,2024-07-19,2024,連續三次,True,0.0,False,False,False
6542,2018-07-09,2018-07-10,2018-07-23,2018,因連續3個營業日達本中心作業要點第四條第一項第一款,True,7875.0,True,False,True
6546,2024-10-18,2024-10-21,2024-11-01,2024,因連續3個營業日達本中心作業要點第四條第一項第一款,True,16709.0,True,False,True
6547,2020-02-26,2020-02-27,2020-03-12,2020,因連續3個營業日達本中心作業要點第四條第一項第一款,True,,False,False,False
6547,2021-02-18,2021-02-19,2021-03-05,2021,因連續3個營業日達本中心作業要點第四條第一項第一款,True,,False,False,False
6547,2021-02-23,2021-02-24,2021-03-10,2021,因連續3個營業日達本中心作業要點第四條第一項第一款,True,,False,False,False
6547,2021-05-17,2021-05-18,2021-05-31,2021,因連續3個營業日達本中心作業要點第四條第一項第一款,True,,False,False,False
6547,2021-06-04,2021-06-07,2021-06-21,2021,因連續3個營業日達本中心作業要點第四條第一項第一款,True,,False,False,False
6547,2025-01-15,2025-01-16,2025-02-07,2025,因連續3個營業日達本中心作業要點第四條第一項第一款,True,82187.0,True,False,True
6547,2026-03-24,2026-03-25,2026-04-09,2026,因連續3個營業日達本中心作業要點第四條第一項第一款,True,82187.0,True,False,True
6548,2026-06-03,2026-06-04,2026-06-17,2026,因連續3個營業日達本中心作業要點第四條第一項第一款,True,237616.0,True,False,True
6550,2022-10-03,2022-10-04,2022-10-20,2022,連續三次及當日沖銷標準,True,,False,False,False
6552,2024-05-02,2024-05-03,2024-05-20,2024,連續三次及當日沖銷標準,True,20750.0,True,False,True
6556,2021-12-09,2021-12-10,2021-12-23,2021,因連續3個營業日達本中心作業要點第四條第一項第一款,False,,False,False,False
6556,2022-11-09,2022-11-10,2022-11-23,2022,因連續3個營業日達本中心作業要點第四條第一項第一款,False,,False,False,False
6558,2020-03-19,2020-03-20,2020-04-06,2020,連續三次,True,21667.0,True,False,True
6558,2025-02-04,2025-02-05,2025-02-18,2025,最近十個營業日已有六次,True,21612.0,True,False,True
6560,2020-08-26,2020-08-27,2020-09-09,2020,因連續3個營業日達本中心作業要點第四條第一項第一款,True,,False,False,False
6560,2020-09-01,2020-09-02,2020-09-15,2020,因連續3個營業日達本中心作業要點第四條第一項第一款,True,,False,False,False
6560,2025-04-18,2025-04-21,2025-05-05,2025,因連續3個營業日達本中心作業要點第四條第一項第一款,True,,False,False,False
6560,2025-05-26,2025-05-27,2025-06-10,2025,因連續3個營業日達本中心作業要點第四條第一項第一款,True,,False,False,False
6568,2021-07-28,2021-07-29,2021-08-11,2021,因連續3個營業日達本中心作業要點第四條第一項第一款,True,,False,False,False
6568,2021-09-03,2021-09-06,2021-09-17,2021,因連續3個營業日達本中心作業要點第四條第一項第一款,True,,False,False,False
6569,2023-07-18,2023-07-19,2023-08-01,2023,因連續3個營業日達本中心作業要點第四條第一項第一款,True,8316.0,True,False,True
6569,2023-07-21,2023-07-24,2023-08-04,2023,因連續3個營業日達本中心作業要點第四條第一項第一款,True,8316.0,True,False,True
6570,2024-08-21,2024-08-22,2024-09-04,2024,因連續3個營業日達本中心作業要點第四條第一項第一款,True,9279.0,True,False,True
6570,2026-05-27,2026-05-28,2026-06-10,2026,因連續3個營業日達本中心作業要點第四條第一項第一款,True,9279.0,True,False,True
6573,2021-07-09,2021-07-12,2021-07-23,2021,連續三次,True,20124.0,True,False,True
6574,2025-05-29,2025-06-02,2025-06-13,2025,因連續3個營業日達本中心作業要點第四條第一項第一款,False,,False,False,False
6574,2026-03-19,2026-03-20,2026-04-02,2026,因連續3個營業日達本中心作業要點第四條第一項第一款,False,,False,False,False
6577,2023-06-13,2023-06-14,2023-06-29,2023,因連續3個營業日達本中心作業要點第四條第一項第一款,True,9563.0,True,False,True
6578,2018-10-08,2018-10-09,2018-10-23,2018,因連續3個營業日達本中心作業要點第四條第一項第一款,True,,False,False,False
6578,2022-04-19,2022-04-20,2022-05-04,2022,因連續3個營業日達本中心作業要點第四條第一項第一款,True,9832.0,True,False,True
6579,2023-07-20,2023-07-21,2023-08-03,2023,連續三次,True,40044.0,True,False,True
6582,2021-04-12,2021-04-13,2021-04-26,2021,連續三次,True,26531.0,True,False,True
6584,2024-02-15,2024-02-16,2024-03-01,2024,因連續3個營業日達本中心作業要點第四條第一項第一款,True,16410.0,True,False,True
6584,2024-02-20,2024-02-21,2024-03-06,2024,因連續3個營業日達本中心作業要點第四條第一項第一款,True,16410.0,True,False,True
6584,2025-09-01,2025-09-02,2025-09-15,2025,因連續3個營業日達本中心作業要點第四條第一項第一款,True,16484.0,True,False,True
6584,2025-11-19,2025-11-20,2025-12-03,2025,最近10個營業日內有6個營業日,True,16988.0,True,False,True
6584,2026-02-10,2026-02-11,2026-03-06,2026,連續5個營業日,True,17450.0,True,False,True
6584,2026-03-24,2026-03-25,2026-04-09,2026,因連續3個營業日達本中心作業要點第四條第一項第一款,True,17563.0,True,False,True
6584,2026-03-27,2026-03-30,2026-04-14,2026,因連續3個營業日達本中心作業要點第四條第一項第一款,True,17563.0,True,False,True
6588,2026-02-03,2026-02-04,2026-02-26,2026,因連續3個營業日達本中心作業要點第四條第一項第一款,True,8675.0,True,False,True
6588,2026-02-24,2026-02-25,2026-03-11,2026,因連續3個營業日達本中心作業要點第四條第一項第一款,True,8675.0,True,False,True
6588,2026-03-02,2026-03-03,2026-03-16,2026,因連續3個營業日達本中心作業要點第四條第一項第一款,True,8675.0,True,False,True
6589,2020-05-05,2020-05-06,2020-05-19,2020,最近10個營業日內有6個營業日,True,,False,False,False
6589,2020-08-06,2020-08-07,2020-08-20,2020,因連續3個營業日達本中心作業要點第四條第一項第一款,True,,False,False,False
6589,2021-02-22,2021-02-23,2021-03-09,2021,因連續3個營業日達本中心作業要點第四條第一項第一款,True,,False,False,False
6589,2021-02-25,2021-02-26,2021-03-12,2021,因連續3個營業日達本中心作業要點第四條第一項第一款,True,,False,False,False
6589,2021-03-25,2021-03-26,2021-04-12,2021,連續5個營業日,True,,False,False,False
6589,2021-03-30,2021-03-31,2021-04-15,2021,因連續3個營業日達本中心作業要點第四條第一項第一款,True,,False,False,False
6589,2021-05-18,2021-05-19,2021-06-01,2021,連續5個營業日,True,,False,False,False
6590,2021-04-01,2021-04-06,2021-04-19,2021,因連續3個營業日達本中心作業要點第四條第一項第一款,False,,False,False,False
6591,2025-05-19,2025-05-20,2025-06-03,2025,連續三次,True,9474.0,True,False,True
6593,2021-12-27,2021-12-28,2022-01-11,2021,因連續3個營業日達本中心作業要點第四條第一項第一款,True,,False,False,False
6593,2023-10-27,2023-10-30,2023-11-10,2023,因連續3個營業日達本中心作業要點第四條第一項第一款,True,,False,False,False
6593,2023-12-14,2023-12-15,2023-12-28,2023,最近10個營業日內有6個營業日,True,,False,False,False
6593,2025-06-02,2025-06-03,2025-06-18,2025,連續3個營業日及沖銷標準,True,,False,False,False
6594,2020-05-14,2020-05-15,2020-05-28,2020,因連續3個營業日達本中心作業要點第四條第一項第一款,True,,False,False,False
6594,2021-03-16,2021-03-17,2021-03-30,2021,因連續3個營業日達本中心作業要點第四條第一項第一款,True,,False,False,False
6594,2021-03-19,2021-03-22,2021-04-06,2021,因連續3個營業日達本中心作業要點第四條第一項第一款,True,,False,False,False
6596,2025-05-14,2025-05-15,2025-05-28,2025,因連續3個營業日達本中心作業要點第四條第一項第一款,True,9500.0,True,False,True
6598,2022-04-18,2022-04-19,2022-05-03,2022,最近十個營業日已有六次,True,20433.0,True,False,True
6598,2024-06-24,2024-06-25,2024-07-08,2024,連續三次,True,0.0,False,False,False
6612,2023-02-02,2023-02-03,2023-02-16,2023,因連續3個營業日達本中心作業要點第四條第一項第一款,True,8540.0,True,False,True
6613,2026-06-17,2026-06-18,2026-07-02,2026,因連續3個營業日達本中心作業要點第四條第一項第一款,True,19450.0,True,False,True
6617,2026-07-07,2026-07-08,2026-07-22,2026,因連續3個營業日達本中心作業要點第四條第一項第一款,True,31876.0,True,False,True
6620,2026-06-25,2026-06-26,2026-07-09,2026,因連續3個營業日達本中心作業要點第四條第一項第一款,True,,False,False,False
6620,2026-09-08,2026-09-09,2026-09-15,2026,連續3個營業日,True,38245.0,True,False,True
6624,2025-12-02,2025-12-03,2025-12-16,2025,因連續3個營業日達本中心作業要點第四條第一項第一款,True,,False,False,False
6625,2023-06-12,2023-06-13,2023-06-30,2023,連續五次及當日沖銷標準,True,11085.0,True,False,True
6640,2021-06-18,2021-06-21,2021-07-02,2021,因連續3個營業日達本中心作業要點第四條第一項第一款,True,,False,False,False
6640,2021-06-23,2021-06-24,2021-07-07,2021,因連續3個營業日達本中心作業要點第四條第一項第一款,True,,False,False,False
6640,2024-02-21,2024-02-22,2024-03-07,2024,因連續3個營業日達本中心作業要點第四條第一項第一款,True,,False,False,False
6640,2024-02-26,2024-02-27,2024-03-12,2024,因連續3個營業日達本中心作業要點第四條第一項第一款,True,,False,False,False
6640,2024-03-05,2024-03-06,2024-03-19,2024,因連續3個營業日達本中心作業要點第四條第一項第一款,True,,False,False,False
6640,2024-03-25,2024-03-26,2024-04-10,2024,因連續3個營業日達本中心作業要點第四條第一項第一款,True,,False,False,False
6640,2024-06-18,2024-06-19,2024-07-02,2024,最近10個營業日內有6個營業日,True,,False,False,False
6640,2024-08-06,2024-08-07,2024-08-20,2024,最近10個營業日內有6個營業日,True,,False,False,False
6642,2021-02-23,2021-02-24,2021-03-10,2021,因連續3個營業日達本中心作業要點第四條第一項第一款,True,,False,False,False
6643,2021-04-13,2021-04-14,2021-04-27,2021,因連續3個營業日達本中心作業要點第四條第一項第一款,True,7829.0,True,False,True
6643,2022-08-16,2022-08-17,2022-08-30,2022,因連續3個營業日達本中心作業要點第四條第一項第一款,True,7928.0,True,False,True
6643,2023-05-30,2023-05-31,2023-06-13,2023,因連續3個營業日達本中心作業要點第四條第一項第一款,True,7924.0,True,False,True
6643,2023-06-27,2023-06-28,2023-07-11,2023,最近10個營業日內有6個營業日,True,7924.0,True,False,True
6643,2023-10-20,2023-10-23,2023-11-07,2023,連續5個營業日及沖銷標準,True,8716.0,True,False,True
6643,2023-11-14,2023-11-15,2023-11-28,2023,連續5個營業日,True,8716.0,True,False,True
6643,2023-12-15,2023-12-18,2023-12-29,2023,連續5個營業日,True,8716.0,True,False,True
6643,2024-02-05,2024-02-15,2024-02-29,2024,最近10個營業日內有6個營業日,True,8716.0,True,False,True
6643,2024-03-14,2024-03-15,2024-03-28,2024,最近10個營業日內有6個營業日,True,8716.0,True,False,True
6643,2024-06-18,2024-06-19,2024-07-02,2024,最近10個營業日內有6個營業日,True,8710.0,True,False,True
6643,2024-08-09,2024-08-12,2024-08-23,2024,因連續3個營業日達本中心作業要點第四條第一項第一款,True,10452.0,True,False,True
6643,2024-09-20,2024-09-23,2024-10-04,2024,連續5個營業日,True,10451.0,True,False,True
6643,2026-04-23,2026-04-24,2026-05-08,2026,連續5個營業日,True,10449.0,True,False,True
6649,2019-11-05,2019-11-06,2019-11-19,2019,因連續3個營業日達本中心作業要點第四條第一項第一款,True,,False,False,False
6649,2020-03-20,2020-03-23,2020-04-07,2020,因連續3個營業日達本中心作業要點第四條第一項第一款,True,,False,False,False
6649,2020-07-09,2020-07-10,2020-07-23,2020,因連續3個營業日達本中心作業要點第四條第一項第一款,True,,False,False,False
6649,2022-08-24,2022-08-25,2022-09-07,2022,因連續3個營業日達本中心作業要點第四條第一項第一款,True,,False,False,False
6651,2021-02-26,2021-03-02,2021-03-15,2021,因連續3個營業日達本中心作業要點第四條第一項第一款,True,,False,False,False
6654,2026-06-01,2026-06-02,2026-06-15,2026,因連續3個營業日達本中心作業要點第四條第一項第一款,True,8315.0,True,False,True
6658,2024-07-04,2024-07-05,2024-07-18,2024,連續三次,True,8217.0,True,False,True
6658,2026-04-28,2026-04-29,2026-05-13,2026,連續三次,True,9092.0,True,False,True
6658,2026-05-04,2026-05-05,2026-05-18,2026,連續三次,True,9092.0,True,False,True
6661,2024-07-03,2024-07-04,2024-07-17,2024,因連續3個營業日達本中心作業要點第四條第一項第一款,False,,False,False,False
6662,2020-05-06,2020-05-07,2020-05-20,2020,因連續3個營業日達本中心作業要點第四條第一項第一款,False,,False,False,False
6666,2022-09-01,2022-09-02,2022-09-16,2022,連續三次,True,11847.0,True,False,True
6668,2021-04-12,2021-04-13,2021-04-26,2021,連續三次,True,17084.0,True,False,True
6668,2025-04-14,2025-04-15,2025-04-28,2025,連續三次,True,19957.0,True,False,True
6672,2026-10-05,2026-10-06,2026-10-13,2026,連續三次,True,20575.0,True,False,True
6674,2020-07-09,2020-07-10,2020-07-23,2020,連續三次,True,16721.0,True,False,True
6683,2019-08-22,2019-08-23,2019-09-05,2019,因連續3個營業日達本中心作業要點第四條第一項第一款,True,,False,False,False
6683,2019-08-27,2019-08-28,2019-09-10,2019,因連續3個營業日達本中心作業要點第四條第一項第一款,True,,False,False,False
6683,2020-07-02,2020-07-03,2020-07-16,2020,因連續3個營業日達本中心作業要點第四條第一項第一款,True,,False,False,False
6683,2022-09-01,2022-09-02,2022-09-16,2022,因連續3個營業日達本中心作業要點第四條第一項第一款,True,,False,False,False
6683,2026-02-03,2026-02-04,2026-02-26,2026,因連續3個營業日達本中心作業要點第四條第一項第一款,True,6866.0,True,False,True
6683,2026-02-06,2026-02-09,2026-03-04,2026,因連續3個營業日達本中心作業要點第四條第一項第一款,True,6866.0,True,False,True
6683,2026-03-13,2026-03-16,2026-03-27,2026,因連續3個營業日達本中心作業要點第四條第一項第一款,True,6889.0,True,False,True
6683,2026-04-10,2026-04-13,2026-04-24,2026,最近10個營業日內有6個營業日,True,6889.0,True,False,True
6683,2026-05-06,2026-05-07,2026-05-20,2026,因連續3個營業日達本中心作業要點第四條第一項第一款,True,6889.0,True,False,True
6683,2026-06-26,2026-06-29,2026-07-13,2026,最近10個營業日內有6個營業日,True,6889.0,True,False,True
6683,2026-07-21,2026-07-22,2026-08-04,2026,連續3個營業日,True,6889.0,True,False,True
6692,2024-07-22,2024-07-23,2024-08-05,2024,因連續3個營業日達本中心作業要點第四條第一項第一款,True,,False,False,False
6693,2026-06-23,2026-06-24,2026-07-07,2026,因連續3個營業日達本中心作業要點第四條第一項第一款,True,11430.0,True,False,True
6695,2024-06-03,2024-06-04,2024-06-18,2024,連續三次,True,21406.0,True,False,True
6697,2023-05-23,2023-05-24,2023-06-06,2023,因連續3個營業日達本中心作業要點第四條第一項第一款,True,,False,False,False
6697,2023-05-26,2023-05-29,2023-06-09,2023,因連續3個營業日達本中心作業要點第四條第一項第一款,True,,False,False,False
6698,2020-03-20,2020-03-23,2020-04-07,2020,連續三次,True,,False,False,False
6698,2024-07-05,2024-07-08,2024-07-23,2024,連續三次及當日沖銷標準,True,16597.0,True,False,True
6703,2023-07-14,2023-07-17,2023-07-28,2023,因連續3個營業日達本中心作業要點第四條第一項第一款,True,,False,False,False
6706,2024-09-25,2024-09-26,2024-10-09,2024,最近十個營業日已有六次,True,18394.0,True,False,True
6708,2026-10-05,2026-10-06,2026-10-13,2026,連續3個營業日,True,7252.0,True,False,True
6715,2026-03-12,2026-03-13,2026-03-26,2026,連續三次,True,16591.0,True,False,True
6715,2026-03-17,2026-03-18,2026-03-31,2026,連續三次,True,16591.0,True,False,True
6715,2026-06-24,2026-06-25,2026-07-08,2026,連續三次,True,17068.0,True,False,True
6715,2026-09-22,2026-09-23,2026-10-01,2026,連續三次,True,18568.0,True,False,True
6716,2021-02-23,2021-02-24,2021-03-10,2021,因連續3個營業日達本中心作業要點第四條第一項第一款,True,,False,False,False
6716,2021-02-26,2021-03-02,2021-03-15,2021,因連續3個營業日達本中心作業要點第四條第一項第一款,True,,False,False,False
6716,2021-03-22,2021-03-23,2021-04-07,2021,因連續3個營業日達本中心作業要點第四條第一項第一款,True,,False,False,False
6716,2021-07-14,2021-07-15,2021-07-28,2021,因連續3個營業日達本中心作業要點第四條第一項第一款,True,,False,False,False
6716,2023-11-28,2023-11-29,2023-12-12,2023,因連續3個營業日達本中心作業要點第四條第一項第一款,True,,False,False,False
6716,2026-02-25,2026-02-26,2026-03-12,2026,因連續3個營業日達本中心作業要點第四條第一項第一款,True,7567.0,True,False,True
6716,2026-03-03,2026-03-04,2026-03-17,2026,因連續3個營業日達本中心作業要點第四條第一項第一款,True,7567.0,True,False,True
6716,2026-08-14,2026-08-17,2026-08-21,2026,連續3個營業日,True,7560.0,True,False,True
6727,2021-07-19,2021-07-20,2021-08-02,2021,因連續3個營業日達本中心作業要點第四條第一項第一款,True,,False,False,False
6727,2021-07-22,2021-07-23,2021-08-05,2021,因連續3個營業日達本中心作業要點第四條第一項第一款,True,,False,False,False
6727,2021-08-12,2021-08-13,2021-08-26,2021,因連續3個營業日達本中心作業要點第四條第一項第一款,True,,False,False,False
6727,2025-08-08,2025-08-11,2025-08-22,2025,因連續3個營業日達本中心作業要點第四條第一項第一款,True,,False,False,False
6727,2025-08-13,2025-08-14,2025-08-27,2025,因連續3個營業日達本中心作業要點第四條第一項第一款,True,,False,False,False
6727,2025-08-18,2025-08-19,2025-09-01,2025,因連續3個營業日達本中心作業要點第四條第一項第一款,True,,False,False,False
6727,2025-10-28,2025-10-29,2025-11-11,2025,最近10個營業日內有6個營業日,True,,False,False,False
6727,2026-03-17,2026-03-18,2026-03-31,2026,因連續3個營業日達本中心作業要點第四條第一項第一款,True,6721.0,True,False,True
6727,2026-04-07,2026-04-08,2026-04-21,2026,因連續3個營業日達本中心作業要點第四條第一項第一款,True,6721.0,True,False,True
6727,2026-07-21,2026-07-22,2026-08-04,2026,連續3個營業日,True,6721.0,True,False,True
6733,2025-08-20,2025-08-21,2025-09-03,2025,因連續3個營業日達本中心作業要點第四條第一項第一款,False,,False,False,False
6735,2025-09-03,2025-09-04,2025-09-17,2025,因連續3個營業日達本中心作業要點第四條第一項第一款,True,11545.0,True,False,True
6735,2026-04-24,2026-04-27,2026-05-11,2026,因連續3個營業日達本中心作業要點第四條第一項第一款,True,11545.0,True,False,True
6735,2026-04-29,2026-04-30,2026-05-14,2026,因連續3個營業日達本中心作業要點第四條第一項第一款,True,11545.0,True,False,True
6739,2025-02-13,2025-02-14,2025-02-27,2025,因連續3個營業日達本中心作業要點第四條第一項第一款,True,,False,False,False
6739,2025-02-18,2025-02-19,2025-03-05,2025,因連續3個營業日達本中心作業要點第四條第一項第一款,True,,False,False,False
6739,2025-06-25,2025-06-26,2025-07-11,2025,連續3個營業日及沖銷標準,True,,False,False,False
6739,2026-02-02,2026-02-03,2026-02-25,2026,因連續3個營業日達本中心作業要點第四條第一項第一款,True,5842.0,True,False,True
6739,2026-07-31,2026-08-03,2026-08-07,2026,連續3個營業日,True,5848.0,True,False,True
6741,2021-06-28,2021-06-29,2021-07-12,2021,因連續3個營業日達本中心作業要點第四條第一項第一款,True,,False,False,False
6742,2026-05-22,2026-05-25,2026-06-05,2026,連續三次,True,17816.0,True,False,True
6751,2023-03-03,2023-03-06,2023-03-17,2023,因連續3個營業日達本中心作業要點第四條第一項第一款,True,,False,False,False
6751,2023-03-23,2023-03-24,2023-04-11,2023,因連續3個營業日達本中心作業要點第四條第一項第一款,True,,False,False,False
6752,2023-03-06,2023-03-07,2023-03-20,2023,因連續3個營業日達本中心作業要點第四條第一項第一款,True,,False,False,False
6752,2023-05-05,2023-05-08,2023-05-19,2023,最近10個營業日內有6個營業日,True,,False,False,False
6753,2024-03-25,2024-03-26,2024-04-10,2024,連續三次,True,26937.0,True,False,True
6754,2024-08-15,2024-08-16,2024-08-29,2024,連續三次,True,16500.0,True,False,True
6756,2021-06-21,2021-06-22,2021-07-05,2021,連續三次,True,,False,False,False
6756,2021-06-24,2021-06-25,2021-07-08,2021,連續三次,True,,False,False,False
6763,2024-10-21,2024-10-22,2024-11-04,2024,因連續3個營業日達本中心作業要點第四條第一項第一款,True,,False,False,False
6763,2024-10-24,2024-10-25,2024-11-07,2024,因連續3個營業日達本中心作業要點第四條第一項第一款,True,,False,False,False
6767,2022-08-25,2022-08-26,2022-09-08,2022,因連續3個營業日達本中心作業要點第四條第一項第一款,False,,False,False,False
6770,2026-01-08,2026-01-09,2026-01-22,2026,連續五次,True,1054625.0,True,False,True
6770,2026-06-01,2026-06-02,2026-06-15,2026,連續三次,True,1069968.0,True,False,True
6781,2024-11-12,2024-11-13,2024-11-26,2024,連續三次,True,21354.0,True,False,True
6781,2024-11-15,2024-11-18,2024-11-29,2024,連續三次,True,21354.0,True,False,True
6781,2024-12-06,2024-12-09,2024-12-20,2024,連續三次,True,21354.0,True,False,True
6785,2024-02-20,2024-02-21,2024-03-06,2024,因連續3個營業日達本中心作業要點第四條第一項第一款,True,,False,False,False
6785,2025-10-07,2025-10-08,2025-10-22,2025,因連續3個營業日達本中心作業要點第四條第一項第一款,True,16700.0,True,False,True
6785,2026-03-04,2026-03-05,2026-03-18,2026,因連續3個營業日達本中心作業要點第四條第一項第一款,True,16700.0,True,False,True
6788,2025-12-22,2025-12-23,2026-01-07,2025,因連續3個營業日達本中心作業要點第四條第一項第一款,True,9684.0,True,False,True
6791,2023-02-24,2023-03-01,2023-03-14,2023,因連續3個營業日達本中心作業要點第四條第一項第一款,True,,False,False,False
6791,2023-04-24,2023-04-25,2023-05-09,2023,因連續3個營業日達本中心作業要點第四條第一項第一款,True,,False,False,False
6791,2024-10-28,2024-10-29,2024-11-11,2024,因連續3個營業日達本中心作業要點第四條第一項第一款,True,,False,False,False
6791,2026-04-20,2026-04-21,2026-05-05,2026,因連續3個營業日達本中心作業要點第四條第一項第一款,True,5211.0,True,False,True
6796,2022-07-13,2022-07-14,2022-07-27,2022,連續三次,True,,False,False,False
6805,2024-02-16,2024-02-19,2024-03-04,2024,連續三次,True,,False,False,False
6805,2026-09-01,2026-09-02,2026-09-08,2026,連續三次,True,17138.0,True,False,True
6806,2026-04-10,2026-04-13,2026-04-24,2026,連續三次,True,0.0,False,False,False
6806,2026-04-15,2026-04-16,2026-04-29,2026,連續三次,True,0.0,False,False,False
6806,2026-05-20,2026-05-21,2026-06-03,2026,連續三次,True,0.0,False,False,False
6806,2026-05-25,2026-05-26,2026-06-08,2026,連續三次,True,0.0,False,False,False
6806,2026-05-28,2026-05-29,2026-06-11,2026,連續三次,True,0.0,False,False,False
6811,2023-03-07,2023-03-08,2023-03-21,2023,因連續3個營業日達本中心作業要點第四條第一項第一款,True,10362.0,True,False,True
6811,2023-07-25,2023-07-26,2023-08-08,2023,因連續3個營業日達本中心作業要點第四條第一項第一款,True,10362.0,True,False,True
6811,2023-07-28,2023-07-31,2023-08-11,2023,因連續3個營業日達本中心作業要點第四條第一項第一款,True,10362.0,True,False,True
6821,2026-03-30,2026-03-31,2026-04-15,2026,因連續3個營業日達本中心作業要點第四條第一項第一款,True,7903.0,True,False,True
6821,2026-05-28,2026-05-29,2026-06-11,2026,因連續3個營業日達本中心作業要點第四條第一項第一款,True,8216.0,True,False,True
6829,2026-04-17,2026-04-20,2026-05-04,2026,因連續3個營業日達本中心作業要點第四條第一項第一款,True,14792.0,True,False,True
6829,2026-04-22,2026-04-23,2026-05-07,2026,因連續3個營業日達本中心作業要點第四條第一項第一款,True,14792.0,True,False,True
6829,2026-05-15,2026-05-18,2026-05-29,2026,因連續3個營業日達本中心作業要點第四條第一項第一款,True,14792.0,True,False,True
6830,2026-03-04,2026-03-05,2026-03-18,2026,連續三次,True,12945.0,True,False,True
6830,2026-03-09,2026-03-10,2026-03-23,2026,連續三次,True,12945.0,True,False,True
6830,2026-04-08,2026-04-09,2026-04-22,2026,連續三次,True,13024.0,True,False,True
6830,2026-04-13,2026-04-14,2026-04-27,2026,連續三次,True,13361.0,True,False,True
6830,2026-06-12,2026-06-15,2026-06-29,2026,連續三次,True,13361.0,True,False,True
6831,2026-05-14,2026-05-15,2026-05-28,2026,連續三次,True,,False,False,False
6831,2026-07-14,2026-07-15,2026-07-28,2026,最近十個營業日已有六次,True,16875.0,True,False,True
6834,2026-05-22,2026-05-25,2026-06-05,2026,連續三次,True,22117.0,True,False,True
6834,2026-05-27,2026-05-28,2026-06-10,2026,連續三次,True,22117.0,True,False,True
6834,2026-06-25,2026-06-26,2026-07-09,2026,連續五次,True,22117.0,True,False,True
6854,2024-10-18,2024-10-21,2024-11-01,2024,連續三次,True,26794.0,True,False,True
6854,2025-02-14,2025-02-17,2025-03-03,2025,最近三十個營業日已有十二次,True,26794.0,True,False,True
6861,2026-03-02,2026-03-03,2026-03-16,2026,連續三次,True,10399.0,True,False,True
6861,2026-03-05,2026-03-06,2026-03-19,2026,連續三次,True,10399.0,True,False,True
6861,2026-04-23,2026-04-24,2026-05-08,2026,連續三次,True,10399.0,True,False,True
6861,2026-04-28,2026-04-29,2026-05-13,2026,連續三次,True,10399.0,True,False,True
6861,2026-05-04,2026-05-05,2026-05-18,2026,連續三次,True,10399.0,True,False,True
6861,2026-05-07,2026-05-08,2026-05-21,2026,連續三次,True,10399.0,True,False,True
6863,2024-05-16,2024-05-17,2024-05-30,2024,連續三次,True,18579.0,True,False,True
6865,2023-02-14,2023-02-15,2023-03-02,2023,因連續3個營業日達本中心作業要點第四條第一項第一款,True,,False,False,False
6869,2024-06-27,2024-06-28,2024-07-11,2024,連續三次,True,32671.0,True,False,True
6869,2024-07-02,2024-07-03,2024-07-18,2024,連續三次及當日沖銷標準,True,32671.0,True,False,True
6872,2026-09-09,2026-09-10,2026-09-16,2026,連續3個營業日,False,,False,False,False
6874,2023-02-20,2023-02-21,2023-03-08,2023,因連續3個營業日達本中心作業要點第四條第一項第一款,True,,False,False,False
6874,2023-02-23,2023-02-24,2023-03-13,2023,因連續3個營業日達本中心作業要點第四條第一項第一款,True,,False,False,False
6874,2023-03-02,2023-03-03,2023-03-16,2023,因連續3個營業日達本中心作業要點第四條第一項第一款,True,,False,False,False
6874,2023-03-24,2023-03-27,2023-04-12,2023,因連續3個營業日達本中心作業要點第四條第一項第一款,True,,False,False,False
6874,2023-04-26,2023-04-27,2023-05-15,2023,連續3個營業日及沖銷標準,True,,False,False,False
6877,2026-03-05,2026-03-06,2026-03-19,2026,因連續3個營業日達本中心作業要點第四條第一項第一款,True,10030.0,True,False,True
6885,2025-06-09,2025-06-10,2025-06-23,2025,連續三次,True,,False,False,False
6890,2026-06-08,2026-06-09,2026-06-23,2026,連續三次,True,62350.0,True,False,True
6890,2026-06-11,2026-06-12,2026-06-26,2026,連續三次,True,62350.0,True,False,True
6895,2024-06-06,2024-06-07,2024-06-21,2024,因連續3個營業日達本中心作業要點第四條第一項第一款,True,8525.0,True,False,True
6895,2024-07-02,2024-07-03,2024-07-16,2024,因連續3個營業日達本中心作業要點第四條第一項第一款,True,8525.0,True,False,True
6895,2025-06-25,2025-06-26,2025-07-09,2025,因連續3個營業日達本中心作業要點第四條第一項第一款,True,8525.0,True,False,True
6895,2025-08-13,2025-08-14,2025-08-27,2025,因連續3個營業日達本中心作業要點第四條第一項第一款,True,8525.0,True,False,True
6895,2025-08-18,2025-08-19,2025-09-01,2025,因連續3個營業日達本中心作業要點第四條第一項第一款,True,8525.0,True,False,True
6895,2025-09-17,2025-09-18,2025-10-02,2025,因連續3個營業日達本中心作業要點第四條第一項第一款,True,8525.0,True,False,True
6903,2026-04-14,2026-04-15,2026-04-28,2026,因連續3個營業日達本中心作業要點第四條第一項第一款,True,16669.0,True,False,True
6906,2026-05-27,2026-05-28,2026-06-10,2026,連續三次,True,8384.0,True,False,True
6907,2026-02-25,2026-02-26,2026-03-12,2026,因連續3個營業日達本中心作業要點第四條第一項第一款,True,,False,False,False
6907,2026-03-03,2026-03-04,2026-03-17,2026,因連續3個營業日達本中心作業要點第四條第一項第一款,True,,False,False,False
6907,2026-03-20,2026-03-23,2026-04-07,2026,因連續3個營業日達本中心作業要點第四條第一項第一款,True,,False,False,False
6907,2026-03-31,2026-04-01,2026-04-16,2026,因連續3個營業日達本中心作業要點第四條第一項第一款,True,,False,False,False
6907,2026-07-16,2026-07-17,2026-07-30,2026,最近10個營業日內有6個營業日,True,,False,False,False
6916,2025-04-21,2025-04-22,2025-05-06,2025,連續三次,True,16875.0,True,False,True
6922,2024-12-26,2024-12-27,2025-01-10,2024,因連續3個營業日達本中心作業要點第四條第一項第一款,True,,False,False,False
6924,2026-05-19,2026-05-20,2026-06-02,2026,連續三次,False,,False,False,False
6924,2026-06-12,2026-06-15,2026-06-29,2026,連續三次,False,,False,False,False
6928,2025-07-31,2025-08-01,2025-08-18,2025,連續三次及當日沖銷標準,True,21500.0,True,False,True
6933,2025-07-17,2025-07-18,2025-07-31,2025,連續三次,True,10560.0,True,False,True
6933,2025-07-22,2025-07-23,2025-08-05,2025,連續三次,True,10560.0,True,False,True
6933,2026-09-01,2026-09-02,2026-09-08,2026,連續三次,True,10610.0,True,False,True
6933,2026-09-04,2026-09-07,2026-09-11,2026,連續三次,True,10610.0,True,False,True
6937,2024-07-11,2024-07-12,2024-07-25,2024,連續三次,True,16869.0,True,False,True
6945,2026-09-22,2026-09-23,2026-10-01,2026,連續3個營業日,False,,False,False,False
6949,2024-04-12,2024-04-15,2024-04-26,2024,連續三次,True,,False,False,False
6949,2025-08-06,2025-08-07,2025-08-20,2025,連續三次,True,14663.0,True,False,True
6949,2025-08-11,2025-08-12,2025-08-25,2025,連續三次,True,14663.0,True,False,True
6949,2026-01-28,2026-01-29,2026-02-11,2026,連續三次,True,16228.0,True,False,True
6949,2026-02-02,2026-02-03,2026-02-25,2026,連續三次,True,16228.0,True,False,True
6949,2026-04-16,2026-04-17,2026-04-30,2026,連續三次,True,16395.0,True,False,True
6969,2024-09-26,2024-09-27,2024-10-11,2024,連續三次,False,,False,False,False
6969,2026-07-27,2026-07-28,2026-08-07,2026,連續三次,False,,False,False,False
7402,2021-04-13,2021-04-14,2021-04-27,2021,因連續3個營業日達本中心作業要點第四條第一項第一款,True,,False,False,False
7402,2023-03-10,2023-03-13,2023-03-24,2023,因連續3個營業日達本中心作業要點第四條第一項第一款,True,,False,False,False
7402,2024-04-03,2024-04-08,2024-04-23,2024,連續5個營業日及沖銷標準,True,8724.0,True,False,True
7402,2025-08-29,2025-09-01,2025-09-16,2025,連續5個營業日及沖銷標準,True,8807.0,True,False,True
7402,2025-09-10,2025-09-11,2025-09-24,2025,因連續3個營業日達本中心作業要點第四條第一項第一款,True,8807.0,True,False,True
7402,2025-10-13,2025-10-14,2025-10-28,2025,最近10個營業日內有6個營業日,True,8807.0,True,False,True
7402,2025-11-11,2025-11-12,2025-11-25,2025,最近10個營業日內有6個營業日,True,8807.0,True,False,True
7402,2025-12-02,2025-12-03,2025-12-18,2025,連續5個營業日及沖銷標準,True,8807.0,True,False,True
7556,2021-02-24,2021-02-25,2021-03-11,2021,因連續3個營業日達本中心作業要點第四條第一項第一款,True,,False,False,False
7556,2026-04-16,2026-04-17,2026-04-30,2026,因連續3個營業日達本中心作業要點第四條第一項第一款,True,6831.0,True,False,True
7610,2026-02-23,2026-02-24,2026-03-10,2026,連續三次,False,,False,False,False
7610,2026-02-26,2026-03-02,2026-03-13,2026,連續三次,False,,False,False,False
7610,2026-04-14,2026-04-15,2026-04-28,2026,連續三次,False,,False,False,False
7610,2026-04-17,2026-04-20,2026-05-04,2026,連續三次,False,,False,False,False
7610,2026-05-22,2026-05-25,2026-06-05,2026,連續三次,False,,False,False,False
7610,2026-06-03,2026-06-04,2026-06-17,2026,連續三次,False,,False,False,False
7610,2026-06-23,2026-06-24,2026-07-07,2026,連續三次,False,,False,False,False
7610,2026-07-24,2026-07-27,2026-08-07,2026,連續三次,False,,False,False,False
7610,2026-07-29,2026-07-30,2026-08-07,2026,連續三次,False,,False,False,False
7610,2026-08-10,2026-08-11,2026-08-17,2026,連續三次,False,,False,False,False
7642,2025-06-17,2025-06-18,2025-07-01,2025,因連續3個營業日達本中心作業要點第四條第一項第一款,True,,False,False,False
7703,2025-09-03,2025-09-04,2025-09-17,2025,因連續3個營業日達本中心作業要點第四條第一項第一款,True,8686.0,True,False,True
7709,2026-06-03,2026-06-04,2026-06-17,2026,因連續3個營業日達本中心作業要點第四條第一項第一款,True,9775.0,True,False,True
7711,2026-03-23,2026-03-24,2026-04-08,2026,連續三次,True,,False,False,False
7711,2026-04-28,2026-04-29,2026-05-13,2026,連續三次,True,,False,False,False
7711,2026-08-12,2026-08-13,2026-08-19,2026,連續三次,True,17925.0,True,False,True
7712,2026-06-24,2026-06-25,2026-07-08,2026,因連續3個營業日達本中心作業要點第四條第一項第一款,True,8140.0,True,False,True
7714,2025-05-02,2025-05-05,2025-05-16,2025,因連續3個營業日達本中心作業要點第四條第一項第一款,True,,False,False,False
7714,2025-09-11,2025-09-12,2025-09-25,2025,因連續3個營業日達本中心作業要點第四條第一項第一款,True,,False,False,False
7714,2026-07-16,2026-07-17,2026-07-30,2026,因連續3個營業日達本中心作業要點第四條第一項第一款,True,5250.0,True,False,True
7717,2025-12-16,2025-12-17,2025-12-31,2025,因連續3個營業日達本中心作業要點第四條第一項第一款,True,,False,False,False
7717,2025-12-30,2025-12-31,2026-01-14,2025,因連續3個營業日達本中心作業要點第四條第一項第一款,True,,False,False,False
7717,2026-01-28,2026-01-29,2026-02-11,2026,因連續3個營業日達本中心作業要點第四條第一項第一款,True,,False,False,False
7717,2026-03-02,2026-03-03,2026-03-16,2026,因連續3個營業日達本中心作業要點第四條第一項第一款,True,,False,False,False
7717,2026-03-11,2026-03-12,2026-03-25,2026,因連續3個營業日達本中心作業要點第四條第一項第一款,True,,False,False,False
7721,2026-04-01,2026-04-02,2026-04-17,2026,連續三次,True,12592.0,True,False,True
7728,2025-12-04,2025-12-05,2025-12-18,2025,因連續3個營業日達本中心作業要點第四條第一項第一款,True,3463.0,True,False,True
7728,2025-12-09,2025-12-10,2025-12-23,2025,因連續3個營業日達本中心作業要點第四條第一項第一款,True,3463.0,True,False,True
7728,2026-01-05,2026-01-06,2026-01-19,2026,因連續3個營業日達本中心作業要點第四條第一項第一款,True,3463.0,True,False,True
7728,2026-02-05,2026-02-06,2026-03-03,2026,因連續3個營業日達本中心作業要點第四條第一項第一款,True,3463.0,True,False,True
7734,2026-04-07,2026-04-08,2026-04-21,2026,因連續3個營業日達本中心作業要點第四條第一項第一款,True,7000.0,True,False,True
7734,2026-04-27,2026-04-28,2026-05-12,2026,因連續3個營業日達本中心作業要點第四條第一項第一款,True,7000.0,True,False,True
7744,2026-02-25,2026-02-26,2026-03-12,2026,因連續3個營業日達本中心作業要點第四條第一項第一款,True,,False,False,False
7744,2026-03-03,2026-03-04,2026-03-17,2026,因連續3個營業日達本中心作業要點第四條第一項第一款,True,,False,False,False
7751,2025-12-04,2025-12-05,2025-12-18,2025,因連續3個營業日達本中心作業要點第四條第一項第一款,True,,False,False,False
7751,2025-12-09,2025-12-10,2025-12-23,2025,因連續3個營業日達本中心作業要點第四條第一項第一款,True,,False,False,False
7751,2026-03-02,2026-03-03,2026-03-16,2026,因連續3個營業日達本中心作業要點第四條第一項第一款,True,,False,False,False
7751,2026-03-19,2026-03-20,2026-04-02,2026,因連續3個營業日達本中心作業要點第四條第一項第一款,True,,False,False,False
7751,2026-04-28,2026-04-29,2026-05-13,2026,因連續3個營業日達本中心作業要點第四條第一項第一款,True,,False,False,False
7751,2026-05-12,2026-05-13,2026-05-26,2026,因連續3個營業日達本中心作業要點第四條第一項第一款,True,,False,False,False
7751,2026-05-15,2026-05-18,2026-05-29,2026,因連續3個營業日達本中心作業要點第四條第一項第一款,True,,False,False,False
7769,2026-05-13,2026-05-14,2026-05-27,2026,連續三次,True,,False,False,False
7772,2026-09-10,2026-09-11,2026-09-17,2026,連續3個營業日,False,,False,False,False
7772,2026-09-23,2026-09-24,2026-10-02,2026,連續3個營業日,False,,False,False,False
7777,2026-01-28,2026-01-29,2026-02-11,2026,因連續3個營業日達本中心作業要點第四條第一項第一款,True,,False,False,False
7780,2026-01-23,2026-01-26,2026-02-06,2026,連續三次,True,,False,False,False
7792,2026-09-29,2026-09-30,2026-10-06,2026,連續3個營業日,True,11665.0,True,False,True
7795,2026-07-03,2026-07-06,2026-07-20,2026,連續三次,True,,False,False,False
7795,2026-08-17,2026-08-18,2026-08-24,2026,連續三次,True,19707.0,True,False,True
7828,2026-05-29,2026-06-01,2026-06-12,2026,因連續3個營業日達本中心作業要點第四條第一項第一款,False,,False,False,False
7828,2026-06-17,2026-06-18,2026-07-02,2026,因連續3個營業日達本中心作業要點第四條第一項第一款,False,,False,False,False
7828,2026-07-31,2026-08-03,2026-08-07,2026,連續3個營業日,False,,False,False,False
8021,2025-08-08,2025-08-11,2025-08-22,2025,最近十個營業日已有六次,True,35545.0,True,False,True
8021,2025-08-25,2025-08-26,2025-09-08,2025,最近十個營業日已有六次,True,35545.0,True,False,True
8021,2026-01-23,2026-01-26,2026-02-06,2026,最近十個營業日已有六次,True,35510.0,True,False,True
8021,2026-04-14,2026-04-15,2026-04-28,2026,連續三次,True,36260.0,True,False,True
8021,2026-04-24,2026-04-27,2026-05-11,2026,連續三次,True,36260.0,True,False,True
8021,2026-05-25,2026-05-26,2026-06-08,2026,最近十個營業日已有六次,True,36435.0,True,False,True
8021,2026-06-15,2026-06-16,2026-06-30,2026,連續五次,True,36681.0,True,False,True
8021,2026-07-02,2026-07-03,2026-07-17,2026,最近十個營業日已有六次,True,36681.0,True,False,True
8021,2026-08-10,2026-08-11,2026-08-17,2026,連續三次,True,36772.0,True,False,True
8021,2026-09-08,2026-09-09,2026-09-15,2026,最近十個營業日已有六次,True,36794.0,True,False,True
8021,2026-09-22,2026-09-23,2026-10-01,2026,連續五次,True,36817.0,True,False,True
8024,2021-01-27,2021-01-28,2021-02-19,2021,因連續3個營業日達本中心作業要點第四條第一項第一款,True,11290.0,True,False,True
8024,2026-06-29,2026-06-30,2026-07-14,2026,因連續3個營業日達本中心作業要點第四條第一項第一款,True,0.0,False,False,False
8027,2020-09-17,2020-09-18,2020-10-05,2020,最近10個營業日內有6個營業日,True,20393.0,True,False,True
8027,2026-05-05,2026-05-06,2026-05-19,2026,因連續3個營業日達本中心作業要點第四條第一項第一款,True,27437.0,True,False,True
8027,2026-05-22,2026-05-25,2026-06-05,2026,最近10個營業日內有6個營業日,True,27500.0,True,False,True
8027,2026-06-17,2026-06-18,2026-07-02,2026,最近10個營業日內有6個營業日,True,27703.0,True,False,True
8027,2026-07-13,2026-07-14,2026-07-27,2026,最近10個營業日內有6個營業日,True,28114.0,True,False,True
8028,2026-07-22,2026-07-23,2026-08-05,2026,連續五次,True,45887.0,True,False,True
8032,2024-09-18,2024-09-19,2024-10-02,2024,因連續3個營業日達本中心作業要點第四條第一項第一款,True,12952.0,True,False,True
8033,2022-11-08,2022-11-09,2022-11-22,2022,連續三次,True,0.0,False,False,False
8033,2023-03-06,2023-03-07,2023-03-20,2023,最近十個營業日已有六次,True,0.0,False,False,False
8033,2023-03-27,2023-03-28,2023-04-13,2023,最近十個營業日已有六次,True,0.0,False,False,False
8033,2023-04-20,2023-04-21,2023-05-05,2023,連續五次,True,0.0,False,False,False
8033,2023-05-12,2023-05-15,2023-05-26,2023,連續五次,True,0.0,False,False,False
8033,2024-05-23,2024-05-24,2024-06-06,2024,最近十個營業日已有六次,True,0.0,False,False,False
8033,2025-01-03,2025-01-06,2025-01-17,2025,連續五次,True,0.0,False,False,False
8033,2025-03-25,2025-03-26,2025-04-14,2025,連續五次及當日沖銷標準,True,0.0,False,False,False
8033,2025-07-31,2025-08-01,2025-08-18,2025,連續五次及當日沖銷標準,True,36239.0,True,False,True
8033,2025-08-07,2025-08-08,2025-08-21,2025,連續五次,True,36239.0,True,False,True
8033,2025-08-28,2025-08-29,2025-09-11,2025,連續五次,True,36239.0,True,False,True
8033,2025-09-18,2025-09-19,2025-10-03,2025,連續五次,True,36239.0,True,False,True
8033,2025-10-14,2025-10-15,2025-10-29,2025,連續五次,True,36239.0,True,False,True
8033,2025-12-03,2025-12-04,2025-12-19,2025,連續五次及當日沖銷標準,True,36239.0,True,False,True
8033,2026-01-14,2026-01-15,2026-01-28,2026,連續五次,True,36239.0,True,False,True
8033,2026-03-05,2026-03-06,2026-03-19,2026,最近十個營業日已有六次,True,36239.0,True,False,True
8033,2026-07-02,2026-07-03,2026-07-17,2026,最近十個營業日已有六次,True,39239.0,True,False,True
8033,2026-07-24,2026-07-27,2026-08-07,2026,連續五次,True,39239.0,True,False,True
8033,2026-08-17,2026-08-18,2026-08-24,2026,連續五次,True,39239.0,True,False,True
8034,2019-12-27,2019-12-30,2020-01-13,2019,連續5個營業日,True,0.0,False,False,False
8034,2020-05-07,2020-05-08,2020-05-21,2020,因連續3個營業日達本中心作業要點第四條第一項第一款,True,15718.0,True,False,True
8034,2020-06-03,2020-06-04,2020-06-17,2020,因連續3個營業日達本中心作業要點第四條第一項第一款,True,15718.0,True,False,True
8034,2020-06-08,2020-06-09,2020-06-22,2020,因連續3個營業日達本中心作業要點第四條第一項第一款,True,15718.0,True,False,True
8034,2023-06-13,2023-06-14,2023-06-29,2023,因連續3個營業日達本中心作業要點第四條第一項第一款,True,15718.0,True,False,True
8038,2025-05-19,2025-05-20,2025-06-03,2025,因連續3個營業日達本中心作業要點第四條第一項第一款,False,,False,False,False
8038,2025-08-08,2025-08-11,2025-08-22,2025,連續5個營業日,False,,False,False,False
8038,2025-09-04,2025-09-05,2025-09-18,2025,最近10個營業日內有6個營業日,False,,False,False,False
8038,2026-01-19,2026-01-20,2026-02-02,2026,最近10個營業日內有6個營業日,False,,False,False,False
8039,2024-08-29,2024-08-30,2024-09-12,2024,連續三次,True,60128.0,True,False,True
8040,2019-11-14,2019-11-15,2019-11-28,2019,因連續3個營業日達本中心作業要點第四條第一項第一款,True,0.0,False,False,False
8040,2021-03-18,2021-03-19,2021-04-01,2021,因連續3個營業日達本中心作業要點第四條第一項第一款,True,17136.0,True,False,True
8040,2021-03-23,2021-03-24,2021-04-08,2021,因連續3個營業日達本中心作業要點第四條第一項第一款,True,17136.0,True,False,True
8040,2021-06-18,2021-06-21,2021-07-02,2021,因連續3個營業日達本中心作業要點第四條第一項第一款,True,0.0,False,False,False
8040,2024-03-14,2024-03-15,2024-03-28,2024,因連續3個營業日達本中心作業要點第四條第一項第一款,True,17212.0,True,False,True
8042,2026-05-08,2026-05-11,2026-05-22,2026,因連續3個營業日達本中心作業要點第四條第一項第一款,True,32365.0,True,False,True
8042,2026-05-13,2026-05-14,2026-05-27,2026,因連續3個營業日達本中心作業要點第四條第一項第一款,True,32365.0,True,False,True
8042,2026-05-27,2026-05-28,2026-06-10,2026,因連續3個營業日達本中心作業要點第四條第一項第一款,True,32365.0,True,False,True
8042,2026-06-17,2026-06-18,2026-07-02,2026,因連續3個營業日達本中心作業要點第四條第一項第一款,True,32476.0,True,False,True
8043,2018-05-15,2018-05-16,2018-05-29,2018,因連續3個營業日達本中心作業要點第四條第一項第一款,True,19976.0,True,False,True
8043,2018-06-01,2018-06-04,2018-06-15,2018,因連續3個營業日達本中心作業要點第四條第一項第一款,True,19976.0,True,False,True
8043,2025-10-27,2025-10-28,2025-11-12,2025,連續3個營業日及沖銷標準,True,19976.0,True,False,True
8043,2025-11-24,2025-11-25,2025-12-08,2025,最近10個營業日內有6個營業日,True,19976.0,True,False,True
8043,2026-04-17,2026-04-20,2026-05-04,2026,因連續3個營業日達本中心作業要點第四條第一項第一款,True,19976.0,True,False,True
8044,2024-10-30,2024-10-31,2024-11-13,2024,因連續3個營業日達本中心作業要點第四條第一項第一款,True,33644.0,True,False,True
8045,2025-01-10,2025-01-13,2025-02-04,2025,連續三次,True,,False,False,False
8045,2025-07-31,2025-08-01,2025-08-14,2025,連續三次,True,23749.0,True,False,True
8046,2026-01-21,2026-01-22,2026-02-04,2026,連續三次,True,161541.0,True,False,True
8046,2026-01-26,2026-01-27,2026-02-09,2026,連續三次,True,161541.0,True,False,True
8046,2026-02-26,2026-03-02,2026-03-13,2026,連續三次,True,161541.0,True,False,True
8046,2026-07-31,2026-08-03,2026-08-11,2026,連續三次及當日沖銷標準,True,161541.0,True,False,True
8047,2024-02-29,2024-03-01,2024-03-14,2024,因連續3個營業日達本中心作業要點第四條第一項第一款,True,10416.0,True,False,True
8047,2024-11-06,2024-11-07,2024-11-20,2024,因連續3個營業日達本中心作業要點第四條第一項第一款,True,10416.0,True,False,True
8047,2025-10-09,2025-10-13,2025-10-27,2025,因連續3個營業日達本中心作業要點第四條第一項第一款,True,0.0,False,False,False
8047,2025-10-16,2025-10-17,2025-10-31,2025,因連續3個營業日達本中心作業要點第四條第一項第一款,True,0.0,False,False,False
8047,2025-10-21,2025-10-22,2025-11-05,2025,因連續3個營業日達本中心作業要點第四條第一項第一款,True,0.0,False,False,False
8048,2023-07-07,2023-07-10,2023-07-21,2023,因連續3個營業日達本中心作業要點第四條第一項第一款,True,13617.0,True,False,True
8054,2020-06-24,2020-06-29,2020-07-10,2020,因連續3個營業日達本中心作業要點第四條第一項第一款,True,17705.0,True,False,True
8054,2021-02-23,2021-02-24,2021-03-10,2021,因連續3個營業日達本中心作業要點第四條第一項第一款,True,17663.0,True,False,True
8054,2021-03-22,2021-03-23,2021-04-07,2021,連續5個營業日,True,17663.0,True,False,True
8054,2023-11-02,2023-11-03,2023-11-20,2023,連續5個營業日及沖銷標準,True,17864.0,True,False,True
8054,2023-12-22,2023-12-25,2024-01-10,2023,連續5個營業日及沖銷標準,True,17778.0,True,False,True
8054,2024-01-05,2024-01-08,2024-01-19,2024,最近10個營業日內有6個營業日,True,17778.0,True,False,True
8054,2024-02-16,2024-02-19,2024-03-04,2024,最近10個營業日內有6個營業日,True,17778.0,True,False,True
8059,2019-04-29,2019-04-30,2019-05-14,2019,因連續3個營業日達本中心作業要點第四條第一項第一款,True,0.0,False,False,False
8059,2023-12-27,2023-12-28,2024-01-11,2023,因連續3個營業日達本中心作業要點第四條第一項第一款,True,22128.0,True,False,True
8059,2024-01-02,2024-01-03,2024-01-18,2024,連續3個營業日及沖銷標準,True,22128.0,True,False,True
8064,2026-05-06,2026-05-07,2026-05-20,2026,因連續3個營業日達本中心作業要點第四條第一項第一款,True,41204.0,True,False,True
8067,2025-10-15,2025-10-16,2025-10-30,2025,因連續3個營業日達本中心作業要點第四條第一項第一款,False,,False,False,False
8068,2021-12-13,2021-12-14,2021-12-27,2021,因連續3個營業日達本中心作業要點第四條第一項第一款,True,0.0,False,False,False
8068,2022-05-31,2022-06-01,2022-06-15,2022,因連續3個營業日達本中心作業要點第四條第一項第一款,True,0.0,False,False,False
8068,2026-01-02,2026-01-05,2026-01-16,2026,因連續3個營業日達本中心作業要點第四條第一項第一款,True,11117.0,True,False,True
8069,2026-05-14,2026-05-15,2026-05-28,2026,因連續3個營業日達本中心作業要點第四條第一項第一款,True,273590.0,True,False,True
8071,2024-05-23,2024-05-24,2024-06-06,2024,因連續3個營業日達本中心作業要點第四條第一項第一款,True,12963.0,True,False,True
8077,2021-03-03,2021-03-04,2021-03-17,2021,因連續3個營業日達本中心作業要點第四條第一項第一款,False,,False,False,False
8077,2024-04-17,2024-04-18,2024-05-02,2024,因連續3個營業日達本中心作業要點第四條第一項第一款,False,,False,False,False
8080,2018-05-23,2018-05-24,2018-06-06,2018,因連續3個營業日達本中心作業要點第四條第一項第一款,True,0.0,False,False,False
8080,2018-09-20,2018-09-21,2018-10-05,2018,因連續3個營業日達本中心作業要點第四條第一項第一款,True,0.0,False,False,False
8080,2021-12-29,2021-12-30,2022-01-13,2021,因連續3個營業日達本中心作業要點第四條第一項第一款,True,0.0,False,False,False
8080,2024-01-31,2024-02-01,2024-02-23,2024,因連續3個營業日達本中心作業要點第四條第一項第一款,True,0.0,False,False,False
8080,2024-02-05,2024-02-15,2024-02-29,2024,因連續3個營業日達本中心作業要點第四條第一項第一款,True,0.0,False,False,False
8080,2024-08-27,2024-08-28,2024-09-10,2024,因連續3個營業日達本中心作業要點第四條第一項第一款,True,0.0,False,False,False
8080,2024-08-30,2024-09-02,2024-09-13,2024,因連續3個營業日達本中心作業要點第四條第一項第一款,True,0.0,False,False,False
8080,2024-09-04,2024-09-05,2024-09-19,2024,因連續3個營業日達本中心作業要點第四條第一項第一款,True,0.0,False,False,False
8080,2026-01-15,2026-01-16,2026-01-29,2026,因連續3個營業日達本中心作業要點第四條第一項第一款,True,0.0,False,False,False
8084,2020-03-06,2020-03-09,2020-03-20,2020,因連續3個營業日達本中心作業要點第四條第一項第一款,False,,False,False,False
8084,2020-04-09,2020-04-10,2020-04-23,2020,因連續3個營業日達本中心作業要點第四條第一項第一款,False,,False,False,False
8084,2020-04-29,2020-04-30,2020-05-14,2020,因連續3個營業日達本中心作業要點第四條第一項第一款,False,,False,False,False
8084,2026-10-01,2026-10-02,2026-10-08,2026,連續3個營業日,False,,False,False,False
8084,2026-10-06,2026-10-07,2026-10-14,2026,連續3個營業日,False,,False,False,False
8085,2021-03-16,2021-03-17,2021-03-30,2021,因連續3個營業日達本中心作業要點第四條第一項第一款,True,0.0,False,False,False
8085,2024-07-29,2024-07-30,2024-08-12,2024,因連續3個營業日達本中心作業要點第四條第一項第一款,True,34995.0,True,False,True
8086,2019-10-22,2019-10-23,2019-11-05,2019,最近10個營業日內有6個營業日,True,36179.0,True,False,True
8086,2019-11-11,2019-11-12,2019-11-25,2019,連續5個營業日,True,36179.0,True,False,True
8087,2020-12-31,2021-01-04,2021-01-15,2020,因連續3個營業日達本中心作業要點第四條第一項第一款,True,,False,False,False
8087,2021-01-06,2021-01-07,2021-01-20,2021,因連續3個營業日達本中心作業要點第四條第一項第一款,True,,False,False,False
8087,2021-01-11,2021-01-12,2021-01-25,2021,因連續3個營業日達本中心作業要點第四條第一項第一款,True,,False,False,False
8087,2021-02-18,2021-02-19,2021-03-05,2021,因連續3個營業日達本中心作業要點第四條第一項第一款,True,,False,False,False
8087,2022-04-26,2022-04-27,2022-05-11,2022,因連續3個營業日達本中心作業要點第四條第一項第一款,True,,False,False,False
8088,2025-03-20,2025-03-21,2025-04-09,2025,連續5個營業日及沖銷標準,True,15230.0,True,False,True
8089,2023-11-27,2023-11-28,2023-12-11,2023,因連續3個營業日達本中心作業要點第四條第一項第一款,True,14666.0,True,False,True
8089,2024-02-20,2024-02-21,2024-03-06,2024,最近10個營業日內有6個營業日,True,14666.0,True,False,True
8089,2024-03-29,2024-04-01,2024-04-16,2024,最近30個營業日內有12個營業日,True,14666.0,True,False,True
8089,2024-05-20,2024-05-21,2024-06-03,2024,最近10個營業日內有6個營業日,True,14666.0,True,False,True
8089,2024-06-11,2024-06-12,2024-06-25,2024,連續5個營業日,True,14666.0,True,False,True
8089,2024-07-02,2024-07-03,2024-07-16,2024,連續5個營業日,True,14666.0,True,False,True
8089,2024-07-23,2024-07-24,2024-08-06,2024,連續5個營業日,True,14666.0,True,False,True
8091,2026-05-19,2026-05-20,2026-06-02,2026,因連續3個營業日達本中心作業要點第四條第一項第一款,True,13402.0,True,False,True
8092,2018-04-18,2018-04-19,2018-05-03,2018,因連續3個營業日達本中心作業要點第四條第一項第一款,False,,False,False,False
8092,2024-02-29,2024-03-01,2024-03-14,2024,因連續3個營業日達本中心作業要點第四條第一項第一款,False,,False,False,False
8092,2024-03-06,2024-03-07,2024-03-20,2024,因連續3個營業日達本中心作業要點第四條第一項第一款,False,,False,False,False
8092,2026-04-23,2026-04-24,2026-05-08,2026,因連續3個營業日達本中心作業要點第四條第一項第一款,False,,False,False,False
8093,2018-03-01,2018-03-02,2018-03-15,2018,因連續3個營業日達本中心作業要點第四條第一項第一款,True,0.0,False,False,False
8093,2018-03-06,2018-03-07,2018-03-20,2018,因連續3個營業日達本中心作業要點第四條第一項第一款,True,0.0,False,False,False
8093,2020-07-03,2020-07-06,2020-07-17,2020,因連續3個營業日達本中心作業要點第四條第一項第一款,True,0.0,False,False,False
8093,2020-07-08,2020-07-09,2020-07-22,2020,因連續3個營業日達本中心作業要點第四條第一項第一款,True,0.0,False,False,False
8093,2023-07-10,2023-07-11,2023-07-24,2023,因連續3個營業日達本中心作業要點第四條第一項第一款,True,0.0,False,False,False
8096,2025-02-07,2025-02-10,2025-02-21,2025,因連續3個營業日達本中心作業要點第四條第一項第一款,True,37335.0,True,False,True
8096,2025-02-13,2025-02-14,2025-02-27,2025,因連續3個營業日達本中心作業要點第四條第一項第一款,True,37335.0,True,False,True
8096,2026-02-02,2026-02-03,2026-02-25,2026,因連續3個營業日達本中心作業要點第四條第一項第一款,True,37335.0,True,False,True
8096,2026-06-23,2026-06-24,2026-07-07,2026,最近10個營業日內有6個營業日,True,37335.0,True,False,True
8096,2026-07-15,2026-07-16,2026-07-29,2026,連續5個營業日,True,37335.0,True,False,True
8097,2018-04-02,2018-04-03,2018-04-19,2018,因連續3個營業日達本中心作業要點第四條第一項第一款,True,0.0,False,False,False
8097,2018-06-12,2018-06-13,2018-06-27,2018,因連續3個營業日達本中心作業要點第四條第一項第一款,True,1724.0,True,False,True
8097,2022-06-06,2022-06-07,2022-06-20,2022,最近10個營業日內有6個營業日,True,9791.0,True,False,True
8097,2022-07-01,2022-07-04,2022-07-15,2022,最近10個營業日內有6個營業日,True,9791.0,True,False,True
8097,2022-08-11,2022-08-12,2022-08-25,2022,連續5個營業日,True,10290.0,True,False,True
8099,2021-03-12,2021-03-15,2021-03-26,2021,因連續3個營業日達本中心作業要點第四條第一項第一款,True,22140.0,True,False,True
8101,2019-12-30,2019-12-31,2020-01-14,2019,連續三次,True,0.0,False,False,False
8101,2020-09-14,2020-09-15,2020-09-28,2020,連續三次,True,0.0,False,False,False
8101,2024-11-29,2024-12-02,2024-12-13,2024,連續三次,True,0.0,False,False,False
8101,2024-12-04,2024-12-05,2024-12-18,2024,連續三次,True,0.0,False,False,False
8103,2025-10-22,2025-10-23,2025-11-06,2025,連續三次,True,23069.0,True,False,True
8104,2024-07-05,2024-07-08,2024-07-19,2024,連續三次,True,22912.0,True,False,True
8110,2025-11-13,2025-11-14,2025-11-27,2025,連續三次,True,129434.0,True,False,True
8110,2025-12-15,2025-12-16,2026-01-02,2025,連續三次及當日沖銷標準,True,129434.0,True,False,True
8111,2024-09-02,2024-09-03,2024-09-16,2024,因連續3個營業日達本中心作業要點第四條第一項第一款,True,27275.0,True,False,True
8111,2025-03-21,2025-03-24,2025-04-10,2025,連續3個營業日及沖銷標準,True,27275.0,True,False,True
8111,2025-12-10,2025-12-11,2025-12-24,2025,最近10個營業日內有6個營業日,True,27275.0,True,False,True
8114,2026-05-14,2026-05-15,2026-05-28,2026,連續三次,True,19121.0,True,False,True
8121,2021-09-06,2021-09-07,2021-09-22,2021,因連續3個營業日達本中心作業要點第四條第一項第一款,True,0.0,False,False,False
8121,2021-09-09,2021-09-10,2021-09-27,2021,因連續3個營業日達本中心作業要點第四條第一項第一款,True,0.0,False,False,False
8121,2021-09-23,2021-09-24,2021-10-07,2021,連續5個營業日,True,0.0,False,False,False
8121,2021-10-20,2021-10-21,2021-11-03,2021,最近10個營業日內有6個營業日,True,0.0,False,False,False
8121,2021-11-10,2021-11-11,2021-11-26,2021,連續5個營業日及沖銷標準,True,0.0,False,False,False
8121,2021-11-30,2021-12-01,2021-12-14,2021,最近10個營業日內有6個營業日,True,0.0,False,False,False
8121,2021-12-13,2021-12-14,2021-12-27,2021,最近10個營業日內有6個營業日,True,0.0,False,False,False
8147,2024-02-26,2024-02-27,2024-03-12,2024,因連續3個營業日達本中心作業要點第四條第一項第一款,True,7716.0,True,False,True
8155,2026-03-23,2026-03-24,2026-04-08,2026,因連續3個營業日達本中心作業要點第四條第一項第一款,True,14972.0,True,False,True
8171,2018-06-08,2018-06-11,2018-06-25,2018,因連續3個營業日達本中心作業要點第四條第一項第一款,True,0.0,False,False,False
8182,2019-12-05,2019-12-06,2019-12-19,2019,因連續3個營業日達本中心作業要點第四條第一項第一款,True,26760.0,True,False,True
8182,2026-04-21,2026-04-22,2026-05-06,2026,因連續3個營業日達本中心作業要點第四條第一項第一款,True,26760.0,True,False,True
8201,2018-03-19,2018-03-20,2018-03-31,2018,連續三次,True,15591.0,True,False,True
8201,2025-08-26,2025-08-27,2025-09-09,2025,連續三次,True,0.0,False,False,False
8201,2026-10-05,2026-10-06,2026-10-13,2026,連續三次,True,0.0,False,False,False
8210,2023-07-24,2023-07-25,2023-08-07,2023,最近十個營業日已有六次,True,30151.0,True,False,True
8210,2025-07-18,2025-07-21,2025-08-01,2025,最近十個營業日已有六次,True,30269.0,True,False,True
8222,2022-06-23,2022-06-24,2022-07-11,2022,連續三次及當日沖銷標準,True,17143.0,True,False,True
8222,2022-11-30,2022-12-01,2022-12-16,2022,連續三次及當日沖銷標準,True,17143.0,True,False,True
8227,2023-02-10,2023-02-13,2023-02-24,2023,因連續3個營業日達本中心作業要點第四條第一項第一款,True,,False,False,False
8227,2023-03-14,2023-03-15,2023-03-30,2023,連續5個營業日及沖銷標準,True,,False,False,False
8227,2023-04-11,2023-04-12,2023-04-25,2023,連續5個營業日,True,,False,False,False
8227,2023-05-03,2023-05-04,2023-05-19,2023,連續5個營業日及沖銷標準,True,,False,False,False
8227,2023-05-31,2023-06-01,2023-06-14,2023,最近10個營業日內有6個營業日,True,,False,False,False
8227,2023-10-13,2023-10-16,2023-10-27,2023,連續5個營業日,True,9335.0,True,False,True
8227,2023-11-03,2023-11-06,2023-11-17,2023,連續5個營業日,True,9335.0,True,False,True
8227,2023-11-24,2023-11-27,2023-12-08,2023,連續5個營業日,True,9335.0,True,False,True
8227,2023-12-21,2023-12-22,2024-01-05,2023,最近10個營業日內有6個營業日,True,9335.0,True,False,True
8227,2024-01-12,2024-01-15,2024-01-26,2024,連續5個營業日,True,9335.0,True,False,True
8227,2024-02-02,2024-02-05,2024-03-01,2024,連續5個營業日及沖銷標準,True,9335.0,True,False,True
8227,2024-03-08,2024-03-11,2024-03-22,2024,連續5個營業日,True,9335.0,True,False,True
8227,2024-03-13,2024-03-14,2024-03-27,2024,因連續3個營業日達本中心作業要點第四條第一項第一款,True,9335.0,True,False,True
8227,2025-07-04,2025-07-07,2025-07-22,2025,連續5個營業日及沖銷標準,True,9885.0,True,False,True
8227,2026-05-11,2026-05-12,2026-05-25,2026,因連續3個營業日達本中心作業要點第四條第一項第一款,True,9885.0,True,False,True
8227,2026-09-14,2026-09-15,2026-09-21,2026,連續3個營業日,True,9885.0,True,False,True
8227,2026-09-17,2026-09-18,2026-09-24,2026,連續3個營業日,True,9885.0,True,False,True
8227,2026-10-01,2026-10-02,2026-10-08,2026,連續3個營業日,True,9885.0,True,False,True
8234,2025-02-17,2025-02-18,2025-03-06,2025,連續5個營業日及沖銷標準,True,35306.0,True,False,True
8240,2026-03-19,2026-03-20,2026-04-02,2026,因連續3個營業日達本中心作業要點第四條第一項第一款,True,25001.0,True,False,True
8249,2024-09-16,2024-09-18,2024-10-01,2024,連續三次,True,31763.0,True,False,True
8261,2018-06-14,2018-06-15,2018-06-29,2018,連續三次,True,20335.0,True,False,True
8261,2021-04-23,2021-04-26,2021-05-10,2021,連續五次,True,20335.0,True,False,True
8261,2026-07-08,2026-07-09,2026-07-27,2026,連續三次及當日沖銷標準,True,29719.0,True,False,True
8271,2025-10-17,2025-10-20,2025-11-03,2025,連續三次,True,27922.0,True,False,True
8271,2026-03-16,2026-03-17,2026-03-30,2026,連續三次,True,27772.0,True,False,True
8271,2026-03-19,2026-03-20,2026-04-02,2026,連續三次,True,27772.0,True,False,True
8271,2026-04-23,2026-04-24,2026-05-08,2026,連續三次,True,27772.0,True,False,True
8277,2018-05-23,2018-05-24,2018-06-06,2018,因連續3個營業日達本中心作業要點第四條第一項第一款,True,22907.0,True,False,True
8277,2021-04-09,2021-04-12,2021-04-23,2021,因連續3個營業日達本中心作業要點第四條第一項第一款,True,0.0,False,False,False
8277,2025-11-25,2025-11-26,2025-12-09,2025,因連續3個營業日達本中心作業要點第四條第一項第一款,True,0.0,False,False,False
8277,2026-06-03,2026-06-04,2026-06-17,2026,因連續3個營業日達本中心作業要點第四條第一項第一款,True,0.0,False,False,False
8289,2026-03-03,2026-03-04,2026-03-17,2026,因連續3個營業日達本中心作業要點第四條第一項第一款,True,17083.0,True,False,True
8289,2026-04-21,2026-04-22,2026-05-06,2026,因連續3個營業日達本中心作業要點第四條第一項第一款,True,17083.0,True,False,True
8291,2024-05-28,2024-05-29,2024-06-12,2024,因連續3個營業日達本中心作業要點第四條第一項第一款,False,,False,False,False
8291,2024-05-31,2024-06-03,2024-06-17,2024,因連續3個營業日達本中心作業要點第四條第一項第一款,False,,False,False,False
8291,2024-06-05,2024-06-06,2024-06-20,2024,因連續3個營業日達本中心作業要點第四條第一項第一款,False,,False,False,False
8291,2026-02-26,2026-03-02,2026-03-13,2026,因連續3個營業日達本中心作業要點第四條第一項第一款,False,,False,False,False
8291,2026-04-30,2026-05-04,2026-05-15,2026,因連續3個營業日達本中心作業要點第四條第一項第一款,False,,False,False,False
8291,2026-05-06,2026-05-07,2026-05-20,2026,因連續3個營業日達本中心作業要點第四條第一項第一款,False,,False,False,False
8291,2026-05-11,2026-05-12,2026-05-25,2026,因連續3個營業日達本中心作業要點第四條第一項第一款,False,,False,False,False
8291,2026-05-14,2026-05-15,2026-05-28,2026,因連續3個營業日達本中心作業要點第四條第一項第一款,False,,False,False,False
8291,2026-05-19,2026-05-20,2026-06-02,2026,因連續3個營業日達本中心作業要點第四條第一項第一款,False,,False,False,False
8291,2026-05-22,2026-05-25,2026-06-05,2026,因連續3個營業日達本中心作業要點第四條第一項第一款,False,,False,False,False
8291,2026-05-27,2026-05-28,2026-06-10,2026,因連續3個營業日達本中心作業要點第四條第一項第一款,False,,False,False,False
8291,2026-06-08,2026-06-09,2026-06-23,2026,因連續3個營業日達本中心作業要點第四條第一項第一款,False,,False,False,False
8291,2026-06-11,2026-06-12,2026-06-26,2026,因連續3個營業日達本中心作業要點第四條第一項第一款,False,,False,False,False
8291,2026-06-16,2026-06-17,2026-07-01,2026,因連續3個營業日達本中心作業要點第四條第一項第一款,False,,False,False,False
8291,2026-07-15,2026-07-16,2026-07-29,2026,因連續3個營業日達本中心作業要點第四條第一項第一款,False,,False,False,False
8291,2026-07-24,2026-07-27,2026-08-07,2026,連續3個營業日,False,,False,False,False
8299,2025-09-16,2025-09-17,2025-10-01,2025,因連續3個營業日達本中心作業要點第四條第一項第一款,True,51703.0,True,False,True
8299,2025-10-09,2025-10-13,2025-10-27,2025,因連續3個營業日達本中心作業要點第四條第一項第一款,True,51703.0,True,False,True
8299,2026-01-06,2026-01-07,2026-01-20,2026,最近10個營業日內有6個營業日,True,54458.0,True,False,True
8358,2025-08-18,2025-08-19,2025-09-01,2025,因連續3個營業日達本中心作業要點第四條第一項第一款,True,63147.0,True,False,True
8358,2025-10-20,2025-10-21,2025-11-04,2025,最近10個營業日內有6個營業日,True,63147.0,True,False,True
8358,2025-11-05,2025-11-06,2025-11-19,2025,最近10個營業日內有6個營業日,True,63147.0,True,False,True
8358,2025-11-25,2025-11-26,2025-12-09,2025,最近10個營業日內有6個營業日,True,63147.0,True,False,True
8358,2025-12-16,2025-12-17,2025-12-31,2025,連續5個營業日,True,63147.0,True,False,True
8358,2026-01-08,2026-01-09,2026-01-22,2026,連續5個營業日,True,63147.0,True,False,True
8358,2026-01-29,2026-01-30,2026-02-23,2026,連續5個營業日,True,63147.0,True,False,True
8358,2026-03-05,2026-03-06,2026-03-19,2026,最近10個營業日內有6個營業日,True,63147.0,True,False,True
8358,2026-04-21,2026-04-22,2026-05-06,2026,因連續3個營業日達本中心作業要點第四條第一項第一款,True,63147.0,True,False,True
8358,2026-05-14,2026-05-15,2026-05-28,2026,最近10個營業日內有6個營業日,True,63147.0,True,False,True
8358,2026-06-04,2026-06-05,2026-06-18,2026,連續5個營業日,True,63147.0,True,False,True
8358,2026-09-01,2026-09-02,2026-09-10,2026,連續5個營業日及沖銷標準,True,63147.0,True,False,True
8358,2026-09-17,2026-09-18,2026-09-24,2026,連續5個營業日,True,63147.0,True,False,True
8367,2018-10-02,2018-10-03,2018-10-17,2018,連續三次,True,,False,False,False
8374,2024-05-29,2024-05-30,2024-06-13,2024,連續三次,True,22312.0,True,False,True
8374,2024-06-03,2024-06-04,2024-06-18,2024,連續三次,True,22312.0,True,False,True
8374,2024-07-08,2024-07-09,2024-07-22,2024,連續三次,True,22312.0,True,False,True
8383,2026-07-17,2026-07-20,2026-07-31,2026,因連續3個營業日達本中心作業要點第四條第一項第一款,True,28440.0,True,False,True
8390,2020-07-09,2020-07-10,2020-07-23,2020,因連續3個營業日達本中心作業要點第四條第一項第一款,True,19390.0,True,False,True
8403,2020-05-04,2020-05-05,2020-05-18,2020,因連續3個營業日達本中心作業要點第四條第一項第一款,True,25577.0,True,False,True
8404,2024-10-08,2024-10-09,2024-10-23,2024,連續三次,True,99984.0,True,False,True
8406,2021-06-22,2021-06-23,2021-07-06,2021,因連續3個營業日達本中心作業要點第四條第一項第一款,True,24268.0,True,False,True
8406,2021-12-02,2021-12-03,2021-12-16,2021,因連續3個營業日達本中心作業要點第四條第一項第一款,True,24268.0,True,False,True
8409,2018-03-26,2018-03-27,2018-04-11,2018,因連續3個營業日達本中心作業要點第四條第一項第一款,False,,False,False,False
8409,2020-03-16,2020-03-17,2020-03-30,2020,因連續3個營業日達本中心作業要點第四條第一項第一款,False,,False,False,False
8409,2022-04-15,2022-04-18,2022-04-29,2022,因連續3個營業日達本中心作業要點第四條第一項第一款,False,,False,False,False
8409,2022-04-20,2022-04-21,2022-05-05,2022,因連續3個營業日達本中心作業要點第四條第一項第一款,False,,False,False,False
8420,2023-10-02,2023-10-03,2023-10-18,2023,因連續3個營業日達本中心作業要點第四條第一項第一款,True,0.0,False,False,False
8420,2024-04-22,2024-04-23,2024-05-07,2024,因連續3個營業日達本中心作業要點第四條第一項第一款,True,0.0,False,False,False
8423,2018-03-02,2018-03-05,2018-03-16,2018,因連續3個營業日達本中心作業要點第四條第一項第一款,True,,False,False,False
8423,2018-03-07,2018-03-08,2018-03-21,2018,因連續3個營業日達本中心作業要點第四條第一項第一款,True,,False,False,False
8426,2022-09-15,2022-09-16,2022-09-29,2022,因連續3個營業日達本中心作業要點第四條第一項第一款,True,12560.0,True,False,True
8426,2022-09-20,2022-09-21,2022-10-04,2022,因連續3個營業日達本中心作業要點第四條第一項第一款,True,12560.0,True,False,True
8426,2023-05-19,2023-05-22,2023-06-02,2023,因連續3個營業日達本中心作業要點第四條第一項第一款,True,12560.0,True,False,True
8427,2021-02-23,2021-02-24,2021-03-10,2021,連續三次,True,26065.0,True,False,True
8427,2021-11-18,2021-11-19,2021-12-02,2021,連續三次,True,26065.0,True,False,True
8429,2021-06-23,2021-06-24,2021-07-07,2021,連續三次,True,46436.0,True,False,True
8431,2018-11-14,2018-11-15,2018-11-28,2018,因連續3個營業日達本中心作業要點第四條第一項第一款,True,11201.0,True,False,True
8438,2026-01-05,2026-01-06,2026-01-19,2026,連續三次,True,17485.0,True,False,True
8438,2026-01-08,2026-01-09,2026-01-22,2026,連續三次,True,17485.0,True,False,True
8438,2026-04-20,2026-04-21,2026-05-05,2026,最近十個營業日已有六次,True,17485.0,True,False,True
8440,2021-12-29,2021-12-30,2022-01-13,2021,因連續3個營業日達本中心作業要點第四條第一項第一款,True,9500.0,True,False,True
8440,2022-02-15,2022-02-16,2022-03-04,2022,連續5個營業日及沖銷標準,True,9500.0,True,False,True
8440,2022-03-24,2022-03-25,2022-04-13,2022,連續3個營業日及沖銷標準,True,9500.0,True,False,True
8440,2024-07-01,2024-07-02,2024-07-15,2024,因連續3個營業日達本中心作業要點第四條第一項第一款,True,9500.0,True,False,True
8440,2024-07-04,2024-07-05,2024-07-18,2024,因連續3個營業日達本中心作業要點第四條第一項第一款,True,9500.0,True,False,True
8444,2026-04-14,2026-04-15,2026-04-28,2026,因連續3個營業日達本中心作業要點第四條第一項第一款,True,0.0,False,False,False
8444,2026-05-15,2026-05-18,2026-05-29,2026,因連續3個營業日達本中心作業要點第四條第一項第一款,True,0.0,False,False,False
8450,2021-11-23,2021-11-24,2021-12-07,2021,因連續3個營業日達本中心作業要點第四條第一項第一款,True,12827.0,True,False,True
8450,2021-12-16,2021-12-17,2021-12-30,2021,因連續3個營業日達本中心作業要點第四條第一項第一款,True,12827.0,True,False,True
8450,2022-01-17,2022-01-18,2022-02-09,2022,最近10個營業日內有6個營業日,True,12827.0,True,False,True
8454,2022-02-07,2022-02-08,2022-02-21,2022,連續三次,True,45519.0,True,False,True
8454,2026-06-04,2026-06-05,2026-06-18,2026,連續三次,True,66243.0,True,False,True
8454,2026-06-09,2026-06-10,2026-06-24,2026,連續三次,True,66243.0,True,False,True
8455,2024-06-03,2024-06-04,2024-06-18,2024,因連續3個營業日達本中心作業要點第四條第一項第一款,False,,False,False,False
8455,2026-05-20,2026-05-21,2026-06-03,2026,因連續3個營業日達本中心作業要點第四條第一項第一款,False,,False,False,False
8463,2019-10-18,2019-10-21,2019-11-01,2019,連續三次,True,37500.0,True,False,True
8467,2018-12-20,2018-12-21,2019-01-04,2018,連續三次,True,12715.0,True,False,True
8467,2022-06-22,2022-06-23,2022-07-06,2022,連續三次,True,12383.0,True,False,True
8467,2023-11-22,2023-11-23,2023-12-06,2023,連續三次,True,12808.0,True,False,True
8467,2024-01-11,2024-01-12,2024-01-29,2024,連續三次及當日沖銷標準,True,12808.0,True,False,True
8472,2020-07-09,2020-07-10,2020-07-23,2020,因連續3個營業日達本中心作業要點第四條第一項第一款,True,,False,False,False
8472,2020-12-17,2020-12-18,2020-12-31,2020,因連續3個營業日達本中心作業要點第四條第一項第一款,True,,False,False,False
8472,2025-07-18,2025-07-21,2025-08-01,2025,因連續3個營業日達本中心作業要點第四條第一項第一款,True,,False,False,False
8472,2025-08-06,2025-08-07,2025-08-20,2025,因連續3個營業日達本中心作業要點第四條第一項第一款,True,,False,False,False
8472,2025-10-15,2025-10-16,2025-10-30,2025,最近10個營業日內有6個營業日,True,,False,False,False
8476,2021-08-09,2021-08-10,2021-08-23,2021,因連續3個營業日達本中心作業要點第四條第一項第一款,True,0.0,False,False,False
8476,2021-10-27,2021-10-28,2021-11-10,2021,最近10個營業日內有6個營業日,True,0.0,False,False,False
8476,2021-11-08,2021-11-09,2021-11-22,2021,最近10個營業日內有6個營業日,True,0.0,False,False,False
8478,2022-08-23,2022-08-24,2022-09-08,2022,連續三次及當日沖銷標準,True,22221.0,True,False,True
8478,2023-03-27,2023-03-28,2023-04-17,2023,連續三次及當日沖銷標準,True,22221.0,True,False,True
8488,2019-07-26,2019-07-29,2019-08-09,2019,連續三次,True,16875.0,True,False,True
8489,2018-11-02,2018-11-05,2018-11-16,2018,因連續3個營業日達本中心作業要點第四條第一項第一款,True,9005.0,True,False,True
8499,2025-07-15,2025-07-16,2025-07-29,2025,連續三次,True,10371.0,True,False,True
8499,2025-07-18,2025-07-21,2025-08-01,2025,連續三次,True,10371.0,True,False,True
8905,2021-06-07,2021-06-08,2021-06-22,2021,因連續3個營業日達本中心作業要點第四條第一項第一款,True,29860.0,True,False,True
8906,2018-08-15,2018-08-16,2018-08-29,2018,因連續3個營業日達本中心作業要點第四條第一項第一款,True,0.0,False,False,False
8906,2018-09-04,2018-09-05,2018-09-18,2018,因連續3個營業日達本中心作業要點第四條第一項第一款,True,0.0,False,False,False
8906,2024-05-07,2024-05-08,2024-05-21,2024,因連續3個營業日達本中心作業要點第四條第一項第一款,True,11009.0,True,False,True
8906,2024-07-10,2024-07-11,2024-07-24,2024,最近10個營業日內有6個營業日,True,11009.0,True,False,True
8913,2018-06-11,2018-06-12,2018-06-26,2018,因連續3個營業日達本中心作業要點第四條第一項第一款,True,1849.0,True,False,True
8913,2018-06-14,2018-06-15,2018-06-29,2018,因連續3個營業日達本中心作業要點第四條第一項第一款,True,1849.0,True,False,True
8913,2018-06-20,2018-06-21,2018-07-04,2018,因連續3個營業日達本中心作業要點第四條第一項第一款,True,1849.0,True,False,True
8913,2018-06-25,2018-06-26,2018-07-09,2018,因連續3個營業日達本中心作業要點第四條第一項第一款,True,1849.0,True,False,True
8913,2018-07-05,2018-07-06,2018-07-19,2018,因連續3個營業日達本中心作業要點第四條第一項第一款,True,19202.0,True,False,True
8913,2018-07-10,2018-07-11,2018-07-24,2018,因連續3個營業日達本中心作業要點第四條第一項第一款,True,19202.0,True,False,True
8913,2018-07-13,2018-07-16,2018-07-27,2018,因連續3個營業日達本中心作業要點第四條第一項第一款,True,19202.0,True,False,True
8929,2020-05-07,2020-05-08,2020-05-21,2020,因連續3個營業日達本中心作業要點第四條第一項第一款,True,12645.0,True,False,True
8932,2018-04-24,2018-04-25,2018-05-09,2018,因連續3個營業日達本中心作業要點第四條第一項第一款,True,,False,False,False
8932,2018-04-27,2018-04-30,2018-05-14,2018,因連續3個營業日達本中心作業要點第四條第一項第一款,True,,False,False,False
8932,2018-11-23,2018-11-26,2018-12-07,2018,因連續3個營業日達本中心作業要點第四條第一項第一款,True,,False,False,False
8933,2020-06-30,2020-07-01,2020-07-14,2020,最近10個營業日內有6個營業日,True,0.0,False,False,False
8933,2026-01-23,2026-01-26,2026-02-06,2026,因連續3個營業日達本中心作業要點第四條第一項第一款,True,0.0,False,False,False
8934,2020-10-19,2020-10-20,2020-11-02,2020,因連續3個營業日達本中心作業要點第四條第一項第一款,False,,False,False,False
8935,2025-08-13,2025-08-14,2025-08-27,2025,因連續3個營業日達本中心作業要點第四條第一項第一款,True,0.0,False,False,False
8936,2020-03-19,2020-03-20,2020-04-06,2020,因連續3個營業日達本中心作業要點第四條第一項第一款,True,62306.0,True,False,True
8937,2024-07-11,2024-07-12,2024-07-25,2024,因連續3個營業日達本中心作業要點第四條第一項第一款,True,18119.0,True,False,True
8937,2024-11-05,2024-11-06,2024-11-19,2024,最近30個營業日內有12個營業日,True,18119.0,True,False,True
8937,2024-11-12,2024-11-13,2024-11-26,2024,連續5個營業日,True,18119.0,True,False,True
8937,2025-01-06,2025-01-07,2025-01-20,2025,最近10個營業日內有6個營業日,True,18119.0,True,False,True
8937,2025-04-11,2025-04-14,2025-04-25,2025,因連續3個營業日達本中心作業要點第四條第一項第一款,True,18119.0,True,False,True
8940,2023-02-22,2023-02-23,2023-03-10,2023,連續三次,True,0.0,False,False,False
8996,2023-03-02,2023-03-03,2023-03-20,2023,連續五次及當日沖銷標準,True,22346.0,True,False,True
8996,2023-03-27,2023-03-28,2023-04-13,2023,連續五次,True,22346.0,True,False,True
8996,2023-06-07,2023-06-08,2023-06-21,2023,連續五次,True,22346.0,True,False,True
8996,2023-07-04,2023-07-05,2023-07-18,2023,最近十個營業日已有六次,True,22346.0,True,False,True
8996,2023-07-25,2023-07-26,2023-08-08,2023,連續五次,True,22346.0,True,False,True
8996,2024-05-07,2024-05-08,2024-05-23,2024,連續五次及當日沖銷標準,True,22346.0,True,False,True
8996,2024-05-30,2024-05-31,2024-06-14,2024,連續五次,True,22346.0,True,False,True
8996,2024-09-19,2024-09-20,2024-10-03,2024,最近十個營業日已有六次,True,22754.0,True,False,True
8996,2025-10-17,2025-10-20,2025-11-03,2025,最近十個營業日已有六次,True,23062.0,True,False,True
8996,2025-11-10,2025-11-11,2025-11-24,2025,連續五次,True,23062.0,True,False,True
8996,2025-12-05,2025-12-08,2025-12-19,2025,最近十個營業日已有六次,True,23110.0,True,False,True
8996,2026-01-15,2026-01-16,2026-01-29,2026,最近十個營業日已有六次,True,23120.0,True,False,True
8996,2026-02-24,2026-02-25,2026-03-11,2026,最近十個營業日已有六次,True,23271.0,True,False,True
8996,2026-04-14,2026-04-15,2026-04-28,2026,最近十個營業日已有六次,True,23346.0,True,False,True
8996,2026-06-23,2026-06-24,2026-07-07,2026,連續三次,True,23374.0,True,False,True
8996,2026-09-14,2026-09-15,2026-09-21,2026,最近十個營業日已有六次,True,23406.0,True,False,True
8996,2026-10-02,2026-10-05,2026-10-12,2026,最近十個營業日已有六次,True,23406.0,True,False,True
9103,2018-11-05,2018-11-06,2018-11-19,2018,連續五次,True,51382.0,True,False,True
9103,2018-11-12,2018-11-13,2018-11-26,2018,連續五次,True,51382.0,True,False,True
9103,2018-11-19,2018-11-20,2018-12-03,2018,連續五次,True,51382.0,True,False,True
9103,2020-01-08,2020-01-09,2020-01-31,2020,連續五次,True,51382.0,True,False,True
9103,2020-02-12,2020-02-13,2020-02-26,2020,連續五次,True,51382.0,True,False,True
9103,2020-02-27,2020-03-02,2020-03-13,2020,連續五次,True,51382.0,True,False,True
9103,2020-04-09,2020-04-10,2020-04-23,2020,最近十個營業日已有六次,True,51382.0,True,False,True
9103,2020-04-23,2020-04-24,2020-05-08,2020,最近十個營業日已有六次,True,51382.0,True,False,True
9103,2020-05-08,2020-05-11,2020-05-22,2020,連續五次,True,51382.0,True,False,True
9103,2020-05-21,2020-05-22,2020-06-04,2020,最近十個營業日已有六次,True,51382.0,True,False,True
9103,2020-05-28,2020-05-29,2020-06-11,2020,連續三次,True,51382.0,True,False,True
9103,2020-07-06,2020-07-07,2020-07-20,2020,連續三次,True,51382.0,True,False,True
9103,2020-07-09,2020-07-10,2020-07-23,2020,連續三次,True,51382.0,True,False,True
9103,2020-08-05,2020-08-06,2020-08-19,2020,最近十個營業日已有六次,True,51382.0,True,False,True
9103,2020-08-10,2020-08-11,2020-08-24,2020,連續三次,True,51382.0,True,False,True
9103,2020-08-18,2020-08-19,2020-09-01,2020,連續三次,True,51382.0,True,False,True
9103,2020-08-21,2020-08-24,2020-09-04,2020,連續三次,True,51382.0,True,False,True
9103,2020-09-24,2020-09-25,2020-10-13,2020,監視業務督導會報決議,True,51382.0,True,False,True
9103,2020-11-06,2020-11-09,2020-11-20,2020,最近十個營業日已有六次,True,51382.0,True,False,True
9103,2021-05-18,2021-05-19,2021-06-01,2021,連續三次,True,49945.0,True,False,True
9103,2021-12-01,2021-12-02,2021-12-15,2021,最近十個營業日已有六次,True,51382.0,True,False,True
9103,2021-12-17,2021-12-20,2022-01-03,2021,最近十個營業日已有六次,True,51382.0,True,False,True
9103,2022-01-04,2022-01-05,2022-01-18,2022,最近十個營業日已有六次,True,51382.0,True,False,True
9103,2022-01-17,2022-01-18,2022-02-09,2022,最近十個營業日已有六次,True,51382.0,True,False,True
9103,2022-02-18,2022-02-21,2022-03-07,2022,最近十個營業日已有六次,True,51382.0,True,False,True
9103,2022-03-21,2022-03-22,2022-04-06,2022,最近十個營業日已有六次,True,51382.0,True,False,True
9103,2022-04-11,2022-04-12,2022-04-25,2022,最近十個營業日已有六次,True,51382.0,True,False,True
9103,2022-04-25,2022-04-26,2022-05-10,2022,最近十個營業日已有六次,True,51382.0,True,False,True
9103,2022-07-27,2022-07-28,2022-08-10,2022,最近十個營業日已有六次,True,51382.0,True,False,True
9103,2022-08-18,2022-08-19,2022-09-01,2022,最近十個營業日已有六次,True,51382.0,True,False,True
9103,2022-10-05,2022-10-06,2022-10-20,2022,最近三十個營業日已有十二次,True,51382.0,True,False,True
9103,2022-10-31,2022-11-01,2022-11-14,2022,最近十個營業日已有六次,True,51382.0,True,False,True
9103,2022-11-15,2022-11-16,2022-11-29,2022,最近十個營業日已有六次,True,51382.0,True,False,True
9103,2022-12-01,2022-12-02,2022-12-15,2022,連續五次,True,51382.0,True,False,True
9103,2022-12-19,2022-12-20,2023-01-03,2022,最近十個營業日已有六次,True,51382.0,True,False,True
9103,2023-02-23,2023-02-24,2023-03-13,2023,最近三十個營業日已有十二次,True,51382.0,True,False,True
9103,2023-05-24,2023-05-25,2023-06-07,2023,最近十個營業日已有六次,True,51382.0,True,False,True
9103,2023-09-06,2023-09-07,2023-09-20,2023,連續五次,True,51382.0,True,False,True
9103,2023-09-28,2023-10-02,2023-10-17,2023,最近十個營業日已有六次,True,51382.0,True,False,True
9103,2023-11-06,2023-11-07,2023-11-20,2023,最近十個營業日已有六次,True,51382.0,True,False,True
9103,2023-11-28,2023-11-29,2023-12-12,2023,最近十個營業日已有六次,True,51382.0,True,False,True
9103,2023-12-05,2023-12-06,2023-12-19,2023,連續五次,True,51382.0,True,False,True
9103,2023-12-19,2023-12-20,2024-01-03,2023,最近十個營業日已有六次,True,51382.0,True,False,True
9103,2024-01-11,2024-01-12,2024-01-25,2024,最近十個營業日已有六次,True,51382.0,True,False,True
9103,2024-01-25,2024-01-26,2024-02-19,2024,連續五次,True,51382.0,True,False,True
9103,2024-03-20,2024-03-21,2024-04-03,2024,最近三十個營業日已有十二次,True,51382.0,True,False,True
9103,2024-05-15,2024-05-16,2024-05-29,2024,最近十個營業日已有六次,True,51382.0,True,False,True
9103,2024-06-18,2024-06-19,2024-07-02,2024,最近十個營業日已有六次,True,51382.0,True,False,True
9103,2024-08-20,2024-08-21,2024-09-03,2024,最近十個營業日已有六次,True,51382.0,True,False,True
9103,2024-12-25,2024-12-26,2025-01-09,2024,最近三十個營業日已有十二次,True,51382.0,True,False,True
9103,2025-01-09,2025-01-10,2025-02-03,2025,最近十個營業日已有六次,True,51382.0,True,False,True
9103,2025-02-04,2025-02-05,2025-02-18,2025,最近十個營業日已有六次,True,51382.0,True,False,True
9103,2025-02-19,2025-02-20,2025-03-06,2025,最近十個營業日已有六次,True,51382.0,True,False,True
9103,2025-03-21,2025-03-24,2025-04-08,2025,最近十個營業日已有六次,True,51382.0,True,False,True
9103,2025-05-19,2025-05-20,2025-06-03,2025,最近十個營業日已有六次,True,51382.0,True,False,True
9103,2026-01-30,2026-02-02,2026-02-24,2026,連續五次,True,51382.0,True,False,True
9105,2019-10-07,2019-10-08,2019-10-23,2019,最近十個營業日已有六次,True,209821.0,True,False,True
9105,2019-12-25,2019-12-26,2020-01-09,2019,最近三十個營業日已有十二次,True,209821.0,True,False,True
9105,2020-02-11,2020-02-12,2020-02-25,2020,最近十個營業日已有六次,True,209821.0,True,False,True
9105,2020-04-09,2020-04-10,2020-04-23,2020,最近十個營業日已有六次,True,209821.0,True,False,True
9105,2020-04-30,2020-05-04,2020-05-15,2020,最近十個營業日已有六次,True,209821.0,True,False,True
9105,2020-05-18,2020-05-19,2020-06-01,2020,最近十個營業日已有六次,True,209821.0,True,False,True
9105,2020-06-30,2020-07-01,2020-07-14,2020,最近十個營業日已有六次,True,209821.0,True,False,True
9105,2020-08-24,2020-08-25,2020-09-07,2020,連續五次,True,209821.0,True,False,True
9105,2020-08-31,2020-09-01,2020-09-14,2020,連續五次,True,209821.0,True,False,True
9105,2020-09-14,2020-09-15,2020-09-28,2020,最近十個營業日已有六次,True,209821.0,True,False,True
9105,2020-09-17,2020-09-18,2020-10-05,2020,連續三次,True,209821.0,True,False,True
9105,2020-09-22,2020-09-23,2020-10-08,2020,連續三次,True,209821.0,True,False,True
9105,2020-09-24,2020-09-25,2020-10-13,2020,監視業務督導會報決議,True,210877.0,True,False,True
9105,2020-11-06,2020-11-09,2020-11-20,2020,最近十個營業日已有六次,True,209821.0,True,False,True
9105,2021-03-16,2021-03-17,2021-03-30,2021,最近十個營業日已有六次,True,209821.0,True,False,True
9105,2021-04-16,2021-04-19,2021-05-03,2021,連續五次,True,209821.0,True,False,True
9105,2021-08-31,2021-09-01,2021-09-14,2021,最近十個營業日已有六次,True,226942.0,True,False,True
9105,2021-09-23,2021-09-24,2021-10-07,2021,最近十個營業日已有六次,True,226942.0,True,False,True
9105,2021-10-21,2021-10-22,2021-11-04,2021,最近十個營業日已有六次,True,226942.0,True,False,True
9105,2021-11-05,2021-11-08,2021-11-19,2021,最近十個營業日已有六次,True,226942.0,True,False,True
9105,2021-11-19,2021-11-22,2021-12-03,2021,最近十個營業日已有六次,True,226942.0,True,False,True
9105,2022-03-16,2022-03-17,2022-03-30,2022,最近三十個營業日已有十二次,True,226942.0,True,False,True
9105,2022-05-18,2022-05-19,2022-06-01,2022,最近十個營業日已有六次,True,226942.0,True,False,True
9105,2022-06-06,2022-06-07,2022-06-20,2022,最近十個營業日已有六次,True,226942.0,True,False,True
9105,2022-09-15,2022-09-16,2022-09-29,2022,最近三十個營業日已有十二次,True,245411.0,True,False,True
9105,2022-11-02,2022-11-03,2022-11-16,2022,連續五次,True,245411.0,True,False,True
9105,2022-12-08,2022-12-09,2022-12-22,2022,最近三十個營業日已有十二次,True,245411.0,True,False,True
9105,2023-02-03,2023-02-06,2023-02-17,2023,連續五次,True,245411.0,True,False,True
9105,2023-02-20,2023-02-21,2023-03-08,2023,連續五次,True,245411.0,True,False,True
9105,2023-03-15,2023-03-16,2023-03-29,2023,最近十個營業日已有六次,True,245411.0,True,False,True
9105,2023-04-14,2023-04-17,2023-04-28,2023,最近十個營業日已有六次,True,245411.0,True,False,True
9105,2023-05-08,2023-05-09,2023-05-22,2023,最近十個營業日已有六次,True,245411.0,True,False,True
9105,2023-05-23,2023-05-24,2023-06-06,2023,最近十個營業日已有六次,True,245411.0,True,False,True
9105,2023-06-07,2023-06-08,2023-06-21,2023,連續五次,True,245411.0,True,False,True
9105,2023-07-03,2023-07-04,2023-07-17,2023,最近十個營業日已有六次,True,265302.0,True,False,True
9105,2023-07-27,2023-07-28,2023-08-10,2023,最近十個營業日已有六次,True,265302.0,True,False,True
9105,2023-10-05,2023-10-06,2023-10-23,2023,最近三十個營業日已有十二次,True,265302.0,True,False,True
9105,2023-11-08,2023-11-09,2023-11-22,2023,最近十個營業日已有六次,True,265302.0,True,False,True
9105,2023-11-23,2023-11-24,2023-12-07,2023,最近十個營業日已有六次,True,265302.0,True,False,True
9105,2024-01-26,2024-01-29,2024-02-20,2024,連續五次,True,413841.0,True,False,True
9105,2024-06-17,2024-06-18,2024-07-01,2024,最近十個營業日已有六次,True,413841.0,True,False,True
9105,2024-08-27,2024-08-28,2024-09-10,2024,最近十個營業日已有六次,True,413841.0,True,False,True
9110,2020-08-27,2020-08-28,2020-09-10,2020,連續三次,False,,False,False,False
9110,2020-09-22,2020-09-23,2020-10-08,2020,連續五次,False,,False,False,False
9110,2020-09-24,2020-09-25,2020-10-13,2020,監視業務督導會報決議,False,,False,False,False
9110,2021-04-19,2021-04-20,2021-05-04,2021,連續五次,False,,False,False,False
9110,2021-06-30,2021-07-01,2021-07-14,2021,最近十個營業日已有六次,False,,False,False,False
9110,2024-07-01,2024-07-02,2024-07-15,2024,最近三十個營業日已有十二次,False,,False,False,False
9136,2020-09-18,2020-09-21,2020-10-06,2020,連續三次,True,40000.0,True,False,True
9136,2020-09-24,2020-09-25,2020-10-13,2020,監視業務督導會報決議,True,40000.0,True,False,True
9136,2024-01-29,2024-01-30,2024-02-21,2024,最近十個營業日已有六次,True,40000.0,True,False,True
9136,2024-05-29,2024-05-30,2024-06-13,2024,最近十個營業日已有六次,True,40000.0,True,False,True
9136,2024-12-27,2024-12-30,2025-01-13,2024,連續五次,True,40000.0,True,False,True
9157,2018-06-11,2018-06-12,2018-06-26,2018,連續五次,True,0.0,False,False,False
9157,2018-06-21,2018-06-22,2018-07-05,2018,最近十個營業日已有六次,True,0.0,False,False,False
9157,2018-06-28,2018-06-29,2018-07-12,2018,連續五次,True,0.0,False,False,False
9157,2018-07-05,2018-07-06,2018-07-19,2018,連續五次,True,0.0,False,False,False
9157,2018-07-12,2018-07-13,2018-07-26,2018,連續五次,True,0.0,False,False,False
9157,2018-07-19,2018-07-20,2018-08-02,2018,連續五次,True,0.0,False,False,False
9157,2018-07-26,2018-07-27,2018-08-09,2018,連續五次,True,0.0,False,False,False
9157,2018-08-02,2018-08-03,2018-08-16,2018,連續五次,True,0.0,False,False,False
9157,2018-08-09,2018-08-10,2018-08-23,2018,連續五次,True,0.0,False,False,False
9157,2018-08-16,2018-08-17,2018-08-30,2018,連續五次,True,0.0,False,False,False
9157,2018-08-23,2018-08-24,2018-09-06,2018,連續五次,True,0.0,False,False,False
9157,2018-08-30,2018-08-31,2018-09-13,2018,連續五次,True,0.0,False,False,False
9157,2018-09-06,2018-09-07,2018-09-20,2018,連續五次,True,0.0,False,False,False
9157,2018-09-13,2018-09-14,2018-09-28,2018,連續五次,True,0.0,False,False,False
9157,2018-09-20,2018-09-21,2018-10-05,2018,連續五次,True,0.0,False,False,False
9157,2018-09-28,2018-10-01,2018-10-15,2018,連續五次,True,0.0,False,False,False
9157,2018-10-05,2018-10-08,2018-10-22,2018,連續五次,True,0.0,False,False,False
9157,2018-10-15,2018-10-16,2018-10-29,2018,連續五次,True,0.0,False,False,False
9157,2018-10-22,2018-10-23,2018-11-05,2018,連續五次,True,0.0,False,False,False
9157,2018-11-09,2018-11-12,2018-11-23,2018,最近十個營業日已有六次,True,0.0,False,False,False
9157,2018-11-16,2018-11-19,2018-11-30,2018,連續五次,True,0.0,False,False,False
9157,2018-11-23,2018-11-26,2018-12-07,2018,連續五次,True,0.0,False,False,False
9157,2018-12-05,2018-12-06,2018-12-19,2018,最近十個營業日已有六次,True,0.0,False,False,False
9157,2019-10-09,2019-10-14,2019-10-25,2019,連續五次,True,0.0,False,False,False
9188,2020-08-21,2020-08-24,2020-09-04,2020,連續五次,True,20000.0,True,False,True
9188,2020-09-04,2020-09-07,2020-09-18,2020,連續五次,True,20000.0,True,False,True
9188,2020-09-18,2020-09-21,2020-10-06,2020,最近十個營業日已有六次,True,20000.0,True,False,True
9188,2020-09-23,2020-09-24,2020-10-12,2020,連續三次,True,20000.0,True,False,True
9188,2020-09-24,2020-09-25,2020-10-13,2020,監視業務督導會報決議,True,20000.0,True,False,True
9188,2021-07-06,2021-07-07,2021-07-20,2021,最近十個營業日已有六次,True,20000.0,True,False,True
9902,2025-05-29,2025-06-02,2025-06-13,2025,連續五次,True,24512.0,True,False,True
9906,2020-07-09,2020-07-10,2020-07-23,2020,連續三次,True,0.0,False,False,False
9912,2022-08-05,2022-08-08,2022-08-19,2022,連續五次,True,0.0,False,False,False
9919,2020-02-04,2020-02-05,2020-02-18,2020,連續三次,True,48843.0,True,False,True
9919,2020-05-04,2020-05-05,2020-05-18,2020,連續三次,True,48840.0,True,False,True
9919,2020-05-07,2020-05-08,2020-05-21,2020,連續三次,True,48840.0,True,False,True
9919,2020-05-26,2020-05-27,2020-06-09,2020,連續三次,True,48840.0,True,False,True
9919,2023-12-04,2023-12-05,2023-12-20,2023,連續三次及當日沖銷標準,True,48840.0,True,False,True
9928,2022-08-25,2022-08-26,2022-09-08,2022,連續三次,True,0.0,False,False,False
9928,2022-11-04,2022-11-07,2022-11-18,2022,連續三次,True,0.0,False,False,False
9935,2020-03-19,2020-03-20,2020-04-06,2020,連續三次,True,29372.0,True,False,True
9944,2020-02-04,2020-02-05,2020-02-18,2020,連續三次,True,27276.0,True,False,True
9944,2020-05-04,2020-05-05,2020-05-18,2020,連續三次,True,27276.0,True,False,True
9946,2020-03-24,2020-03-25,2020-04-09,2020,連續三次,True,0.0,False,False,False
9949,2026-05-04,2026-05-05,2026-05-18,2026,因連續3個營業日達本中心作業要點第四條第一項第一款,True,11008.0,True,False,True
9950,2023-06-28,2023-06-29,2023-07-12,2023,因連續3個營業日達本中心作業要點第四條第一項第一款,True,0.0,False,False,False
9955,2022-02-24,2022-02-25,2022-03-15,2022,連續五次及當日沖銷標準,True,25802.0,True,False,True
9955,2024-04-19,2024-04-22,2024-05-06,2024,連續五次,True,25802.0,True,False,True
9958,2018-01-08,2018-01-09,2018-01-22,2018,連續三次,True,46389.0,True,False,True
9958,2018-01-11,2018-01-12,2018-01-25,2018,連續三次,True,46389.0,True,False,True
9958,2018-04-11,2018-04-12,2018-04-25,2018,最近十個營業日已有六次,True,46389.0,True,False,True
9958,2018-04-27,2018-04-30,2018-05-14,2018,最近十個營業日已有六次,True,46389.0,True,False,True
9958,2018-05-08,2018-05-09,2018-05-22,2018,連續三次,True,46389.0,True,False,True
9962,2021-07-02,2021-07-05,2021-07-16,2021,因連續3個營業日達本中心作業要點第四條第一項第一款,True,22555.0,True,False,True
9962,2021-07-23,2021-07-26,2021-08-06,2021,因連續3個營業日達本中心作業要點第四條第一項第一款,True,22555.0,True,False,True
