stock_key,attention_date,year,layer,margin_to_threshold,inv_margin,disposal_tomorrow,ret5,ret10,ret20,vol20,vol_ratio,c10,streak,net_ret_1d,raw_ret_1d,net_ret_3d,raw_ret_3d,net_ret_5d,raw_ret_5d,net_ret_10d,raw_ret_10d
1256,2024-10-04,2024,tradable,0.04178,-0.04178,False,0.26595744680851063,0.38372093023255816,0.14057507987220452,0.043418977281729866,3.6774135708125923,2.0,2.0,-0.0399441256830601,-0.0355191256830601,-0.1301080601092896,-0.1256830601092896,-0.1355725409836066,-0.1311475409836066,-0.1410370218579235,-0.1366120218579235
1256,2025-09-08,2025,tradable,0.03998,-0.03998,False,0.23754789272030652,0.3628691983122363,0.32921810699588483,0.03894812207392628,1.7837395438828318,3.0,3.0,-0.001348076923077,0.0030769230769229,0.1155750000000001,0.1200000000000001,0.0140365384615385,0.0184615384615385,0.0663442307692307,0.0707692307692307
1303,2026-06-22,2026,tradable,0.19568,-0.19568,True,0.431924882629108,0.4593301435406698,0.7589388696655133,0.059530073572421405,0.6668207172621886,2.0,2.0,-0.0203485668789808,-0.0159235668789808,-0.0171638535031847,-0.0127388535031847,-0.0394568471337579,-0.0350318471337579,0.1739189490445859,0.1783439490445859
1312,2026-06-04,2026,tradable,0.08808,-0.08808,False,0.29680365296803646,0.3396226415094339,0.17355371900826433,0.04668327146981012,8.411636890296364,2.0,2.0,0.0096595070422535,0.0140845070422535,-0.0361151408450703,-0.0316901408450703,-0.0994954225352112,-0.0950704225352112,-0.0537207746478872,-0.0492957746478872
1325,2023-11-30,2023,tradable,0.18938,-0.18938,True,0.5673289183222958,0.5883668903803132,0.595505617977528,0.04171422810706423,8.814435576297042,3.0,3.0,0.0567163043478261,0.0611413043478261,0.0472054347826088,0.0516304347826088,0.0118793478260869,0.0163043478260869,-0.0451858695652174,-0.0407608695652174
1340,2025-09-25,2025,tradable,0.10298,-0.10298,False,0.31424148606811153,0.5464480874316939,0.37601296596434364,0.048727564465360085,1.6557836392531833,4.0,4.0,-0.0183299826187718,-0.0139049826187718,-0.0982836326767092,-0.0938586326767092,-0.1504273174971032,-0.1460023174971032,-0.1736022885283894,-0.1691772885283894
1409,2025-08-19,2025,tradable,0.08818,-0.08818,False,0.4183266932270917,0.42400000000000015,0.435483870967742,0.03934549699334888,7.005170686273963,2.0,2.0,-0.0671030626780627,-0.0626780626780627,-0.1069891025641026,-0.1025641025641026,-0.1468751424501424,-0.1424501424501424,-0.1839121794871795,-0.1794871794871795
1418,2024-02-01,2024,tradable,0.04328,-0.04328,True,0.3569794050343247,0.4119047619047618,0.449877750611247,,5.1681518099448365,3.0,3.0,-0.0093836776859503,-0.0049586776859503,-0.0622762396694215,-0.0578512396694215,-0.08541673553719,-0.08099173553719,-0.0556646694214876,-0.0512396694214876
1419,2025-05-22,2025,tradable,0.17828,-0.17828,True,0.5594002306805073,0.5887191539365453,0.6568627450980391,0.04176401220728332,5.023827826935293,4.0,4.0,0.0524740042674253,0.0568990042674253,0.0624313300142248,0.0668563300142248,0.0126447012802276,0.0170697012802276,0.0041098506401139,0.0085348506401139
1435,2023-10-02,2023,tradable,0.0397799999999999,-0.0397799999999999,False,0.22807017543859653,0.4330708661417322,,,,2.0,2.0,-0.0276808139534884,-0.0232558139534884,-0.004425,0.0,-0.052099418604651,-0.047674418604651,-0.0939598837209302,-0.0895348837209302
1435,2026-06-26,2026,tradable,0.3134800000000001,-0.3134800000000001,True,0.6063829787234043,,,,,2.0,2.0,0.0949127483443709,0.0993377483443709,0.322285816777042,0.326710816777042,0.3090407836644592,0.3134657836644592,0.1854204746136866,0.1898454746136866
1444,2026-07-03,2026,tradable,0.09558,-0.09558,False,0.3427800269905532,0.4133522727272727,0.38966480446927365,0.041524054788144575,2.7638417616207867,4.0,4.0,-0.0894249999999999,-0.0849999999999999,-0.144425,-0.14,-0.1974249999999999,-0.1929999999999999,-0.194425,-0.19
1447,2026-07-02,2026,tradable,0.12218,-0.12218,True,0.48772504091653013,0.49016393442622963,0.3041606886657102,0.04917725545782369,8.178888146717807,2.0,2.0,-0.0004048994974873,0.0040201005025126,-0.0999023869346733,-0.0954773869346733,-0.1622139447236179,-0.1577889447236179,-0.1843244974874371,-0.1798994974874371
1449,2023-11-07,2023,tradable,0.11678,-0.11678,True,0.4545454545454546,0.4440433212996391,0.3114754098360655,0.04316228492554654,7.139533762744896,3.0,3.0,0.0185341836734692,0.0229591836734692,-0.0018739795918368,0.0025510204081631,0.082309693877551,0.086734693877551,0.1690443877551019,0.1734693877551019
1449,2026-04-10,2026,tradable,0.08778,-0.08778,False,0.3938053097345131,0.34615384615384626,0.47196261682243,0.058177865717245605,3.482751514830575,3.0,3.0,-0.066925,-0.0625,-0.085675,-0.08125,-0.1044249999999999,-0.0999999999999999,-0.154425,-0.15
1453,2024-04-12,2024,tradable,0.14068,-0.14068,True,0.5196078431372548,0.5604026845637584,0.5551839464882944,0.04185387549033597,11.049872077186972,2.0,2.0,0.0332319037656904,0.0376569037656904,-0.0922911087866108,-0.0878661087866108,-0.0713706066945606,-0.0669456066945606,0.0206796025104602,0.0251046025104602
1456,2024-03-05,2024,tradable,0.09708,-0.09708,False,0.4204204204204205,0.4246987951807226,0.3952802359882006,0.037478618576233524,10.846263421169837,2.0,2.0,-0.0509366279069766,-0.0465116279069766,-0.1946998414376322,-0.1902748414376321,-0.1566448731501056,-0.1522198731501056,-0.1672156976744185,-0.1627906976744185
1471,2023-06-27,2023,tradable,0.11358,-0.11358,True,0.41999999999999993,0.518716577540107,0.5760266370699223,0.04023852667241122,5.303381604648443,3.0,3.0,-0.0151392857142857,-0.0107142857142857,-0.029425,-0.025,0.0527178571428571,0.0571428571428571,0.1812892857142857,0.1857142857142857
1471,2026-01-27,2026,tradable,0.10448,-0.10448,True,0.4504950495049507,0.5372507869884577,0.662883087400681,0.04653503104005744,8.237551352487047,2.0,2.0,-0.1076508064516128,-0.1032258064516128,-0.1979733870967742,-0.1935483870967742,-0.1753927419354839,-0.1709677419354839,-0.2302314516129032,-0.2258064516129032
1503,2024-02-23,2024,tradable,0.06468,-0.06468,False,0.2654545454545454,0.4320987654320987,0.5605381165919283,0.04282657221525025,2.578142042482693,2.0,2.0,-0.029425,-0.025,0.0344638888888889,0.0388888888888889,0.0205749999999999,0.0249999999999999,-0.0710916666666666,-0.0666666666666666
1503,2024-03-19,2024,tradable,0.08688,-0.08688,False,0.3168044077134986,0.30958904109589036,0.6094276094276094,0.050792744710805325,1.6016906208636608,5.0,4.0,0.0038910083160083,0.0083160083160083,0.1348681392931393,0.1392931392931393,0.3261363305613306,0.3305613305613306,0.2762402806652807,0.2806652806652807
1514,2024-04-12,2024,tradable,0.17848,-0.17848,True,0.5849056603773586,0.5135135135135136,0.6000000000000001,0.04617849586780461,2.7601168137636556,3.0,3.0,-0.0294946378830083,-0.0250696378830083,0.0067170612813371,0.0111420612813371,-0.0852049442896936,-0.0807799442896936,-0.132558704735376,-0.128133704735376
1515,2026-07-03,2026,tradable,0.07888,-0.07888,True,0.3770491803278688,0.6216216216216217,0.6600790513833992,0.05071349537760609,3.529923800403179,2.0,2.0,-0.0554793840177579,-0.0510543840177579,-0.083226331853496,-0.078801331853496,-0.0909954772475027,-0.0865704772475027,-0.0277324361820199,-0.0233074361820199
1519,2023-04-13,2023,tradable,0.04868,-0.04868,False,0.29427792915531326,0.3728323699421965,0.4179104477611941,0.040740686609266684,3.1364356362685193,2.0,2.0,-0.0351312436028658,-0.0307062436028658,-0.0023779170931422,0.0020470829068577,-0.0105662487205733,-0.0061412487205733,-0.056625614124872,-0.052200614124872
1519,2023-08-23,2023,tradable,-1.999999999996449e-05,1.999999999996449e-05,False,0.25396825396825395,0.234375,0.3422330097087378,0.05976283660955327,2.2895980767421573,5.0,3.0,-0.0202144736842105,-0.0157894736842105,-0.0395127192982456,-0.0350877192982456,0.0236451754385965,0.0280701754385965,0.0131188596491228,0.0175438596491228
1519,2023-12-08,2023,tradable,-0.0009199999999999,0.0009199999999999,False,0.28771929824561404,0.3345454545454545,0.5452631578947369,0.04039249744467241,1.2405294710519867,6.0,4.0,-0.0756578767123288,-0.0712328767123288,-0.0304523972602739,-0.0260273972602739,-0.052370205479452,-0.047945205479452,-0.1249729452054794,-0.1205479452054794
1519,2024-02-05,2024,tradable,-0.0152199999999999,0.0152199999999999,False,0.24399494310998726,0.3261455525606469,0.43231441048034935,0.03601849214405025,0.7795202517879012,4.0,3.0,-0.0084410642570281,-0.0040160642570281,0.0036071285140563,0.0080321285140563,0.0136472891566265,0.0180722891566265,0.0758962851405623,0.0803212851405623
1519,2024-06-17,2024,tradable,0.00648,-0.00648,True,0.2196765498652291,0.2675070028011204,0.2213225371120109,0.04006066825390684,1.7844868258006976,3.0,3.0,0.0317592105263157,0.0361842105263157,0.0317592105263157,0.0361842105263157,-0.0175828947368421,-0.0131578947368421,0.0218907894736842,0.0263157894736842
1519,2025-11-04,2025,tradable,-0.0018199999999999,0.0018199999999999,True,0.2491909385113269,0.3106960950764006,0.37122557726465355,0.03873315047969458,3.796859746109887,3.0,3.0,0.0450402406417113,0.0494652406417113,-0.0070987967914438,-0.0026737967914438,0.0089439839572193,0.0133689839572193,-0.0592378342245989,-0.0548128342245989
1528,2024-10-23,2024,tradable,0.11278,-0.11278,False,0.32326283987915394,0.5642857142857143,0.5208333333333333,0.04791565022262648,7.508931075190394,4.0,3.0,-0.0577583333333333,-0.0533333333333333,-0.1599805555555555,-0.1555555555555555,-0.064425,-0.06,-0.0910916666666666,-0.0866666666666666
1528,2025-08-05,2025,tradable,0.05128,-0.05128,False,0.2754716981132075,0.39094650205761305,0.3629032258064515,0.03906726000882287,3.026638166532842,3.0,3.0,-0.0014576409495551,0.0029673590504448,0.0074444362017803,0.0118694362017803,0.0964652077151334,0.1008902077151334,0.2596699554896141,0.2640949554896141
1528,2025-12-30,2025,tradable,0.09838,-0.09838,True,0.4085365853658538,0.44827586206896575,0.5555555555555556,0.04408144268846102,7.139900806675084,2.0,2.0,-0.0310643442622949,-0.0266393442622949,-0.1109823770491802,-0.1065573770491802,-0.1068840163934426,-0.1024590163934426,-0.0105725409836064,-0.0061475409836064
1528,2026-01-20,2026,tradable,0.07978,-0.07978,True,0.43115124153498874,0.45080091533180755,0.9750778816199375,0.050523073921543316,2.5526835995870347,2.0,2.0,-0.0470790284360188,-0.0426540284360188,-0.0897330568720379,-0.0853080568720379,-0.1150095181674565,-0.1105845181674565,-0.1481848736176935,-0.1437598736176935
1529,2023-04-18,2023,tradable,0.10598,-0.10598,True,0.43470790378006874,0.5045045045045045,0.7841880341880343,0.04667065489060916,3.085429126271178,3.0,3.0,0.0027263706793802,0.0071513706793802,-0.0842819725864124,-0.0798569725864124,-0.0723630214541121,-0.0679380214541121,0.0086858462455302,0.0131108462455302
1539,2024-09-05,2024,tradable,0.0408799999999999,-0.0408799999999999,False,0.23738317757009342,0.3677685950413223,0.5253456221198158,0.03830217407109636,10.79708282140921,3.0,2.0,0.0045840090090091,0.0090090090090091,-0.1035240990990989,-0.0990990990990989,-0.0795000750750749,-0.0750750750750749,-0.0479685435435433,-0.0435435435435433
1540,2024-07-18,2024,tradable,0.12608,-0.12608,False,0.34489402697495186,0.5476718403547671,0.665871121718377,0.044323779750525524,4.432809749069335,3.0,3.0,-0.0556341038406826,-0.0512091038406826,-0.0186497510668562,-0.0142247510668562,-0.1182230085348506,-0.1137980085348506,0.1591596372688478,0.1635846372688478
1540,2024-08-07,2024,tradable,0.06158,-0.06158,True,0.3905996758508914,0.36190476190476195,0.7581967213114755,0.06114026281815102,2.881422721610614,4.0,4.0,-0.0008955882352942,0.0035294117647057,-0.0585426470588234,-0.0541176470588234,-0.1173661764705882,-0.1129411764705882,-0.1173661764705882,-0.1129411764705882
1560,2026-09-24,2026,tradable,-0.0004199999999999,0.0004199999999999,False,0.19141104294478528,0.32469304229195095,0.40724637681159415,0.045538287979222866,1.008498413392119,2.0,2.0,-0.0085916666666666,-0.0041666666666666,0.0372416666666667,0.0416666666666667,0.0789083333333332,0.0833333333333332,,
1563,2026-06-01,2026,tradable,0.15548,-0.15548,True,0.5195652173913046,0.5481727574750832,0.6904474002418381,0.03874240595988291,3.6035392927876466,3.0,3.0,-0.0072821428571428,-0.0028571428571428,-0.0572821428571429,-0.0528571428571429,-0.1401392857142857,-0.1357142857142856,-0.0901392857142857,-0.0857142857142857
1568,2026-05-28,2026,tradable,0.15428,-0.15428,True,0.4499121265377857,0.4550264550264549,0.4499121265377857,0.04225251440621842,2.3801046270643655,2.0,2.0,-0.004425,0.0,0.0628296857772877,0.0672546857772877,-0.0110402149944873,-0.0066152149944873,-0.1664977673649393,-0.1620727673649393
1569,2024-11-25,2024,tradable,0.10468,-0.10468,True,0.39043381535038924,0.5644555694618272,0.513317191283293,0.0448785577245366,1.9893326890524758,3.0,3.0,0.027833064516129,0.032258064516129,-0.0350701612903225,-0.0306451612903225,0.0407362903225806,0.0451612903225806,0.0439620967741935,0.0483870967741935
1569,2025-02-24,2025,tradable,0.1170799999999999,-0.1170799999999999,False,0.2973451327433627,0.35239852398523963,0.3351548269581057,0.05815528422803236,3.1348670101433864,3.0,3.0,0.0107265151515153,0.0151515151515153,0.1126548898071625,0.1170798898071625,0.1525997933884298,0.1570247933884299,-0.0305957988980715,-0.0261707988980715
1570,2026-05-28,2026,tradable,0.0751799999999999,-0.0751799999999999,False,0.3207070707070705,0.31407035175879394,0.37631578947368416,0.03656140499794483,2.0646876708374435,2.0,2.0,-0.0287695692883894,-0.0243445692883894,0.0217922284644195,0.0262172284644195,-0.0493688202247191,-0.0449438202247191,-0.2132264981273408,-0.2088014981273408
1584,2023-04-18,2023,tradable,0.0656799999999999,-0.0656799999999999,True,0.34687500000000004,0.37042925278219396,0.517605633802817,0.043280290619558785,3.1444701958674566,3.0,2.0,0.0128362197928654,0.0172612197928654,-0.0872788550057538,-0.0828538550057538,-0.0884296029919449,-0.0840046029919449,-0.0677161392405063,-0.0632911392405063
1587,2024-04-08,2024,tradable,0.17688,-0.17688,True,0.5138888888888888,0.6148148148148149,0.7616161616161616,0.04618160115277475,1.4526610026705575,3.0,2.0,-0.1164159502262443,-0.1119909502262443,-0.0824792986425339,-0.0780542986425339,0.1098283936651584,0.1142533936651584,-0.0383616515837103,-0.0339366515837104
1591,2026-04-13,2026,tradable,0.1123799999999999,-0.1123799999999999,True,0.4194341943419435,0.40731707317073185,0.2557127312295975,0.046384043106488394,7.604718392987605,2.0,2.0,-0.0145090336134454,-0.0100840336134454,-0.0296350840336134,-0.0252100840336134,0.0611212184873949,0.0655462184873949,0.049356512605042,0.053781512605042
1595,2024-10-07,2024,tradable,0.0522799999999999,-0.0522799999999999,False,0.23844282238442815,0.3465608465608465,0.29024081115335854,0.045896700658064844,4.963989227837084,4.0,4.0,-0.0486557692307691,-0.0442307692307691,0.1494211538461537,0.1538461538461537,0.0705749999999999,0.0749999999999999,0.4513442307692309,0.4557692307692309
1595,2024-10-18,2024,tradable,0.07368,-0.07368,False,0.2366666666666668,0.4914572864321609,0.9424083769633507,0.06283079311049976,1.6187039079771124,5.0,2.0,-0.009469136191677,-0.005044136191677,-0.0712598045397225,-0.0668348045397225,-0.133050472887768,-0.128625472887768,-0.1734035624211852,-0.1689785624211852
1595,2025-07-16,2025,tradable,0.0741799999999999,-0.0741799999999999,True,0.3192182410423452,0.3500000000000001,0.28775834658187605,0.0398288385296164,2.260263716930103,3.0,3.0,-0.0019558641975308,0.0024691358024691,-0.024178086419753,-0.019753086419753,-0.0204743827160493,-0.0160493827160493,-0.0303509259259259,-0.0259259259259259
1595,2026-05-07,2026,tradable,0.14968,-0.14968,True,0.45317220543806647,0.7459165154264973,1.2850356294536818,0.05413475816308253,1.8161473792761698,4.0,2.0,0.0142471991701244,0.0186721991701244,-0.0656283195020746,-0.0612033195020746,-0.0687403526970954,-0.0643153526970954,0.0069857883817426,0.0114107883817426
1597,2026-05-05,2026,tradable,0.20668,-0.20668,True,0.5656108597285068,0.49783549783549774,1.0186697782963825,0.0554477284497887,0.39001605277444384,2.0,2.0,-0.067582894736842,-0.063157894736842,-0.0938986842105262,-0.0894736842105262,-0.0202144736842105,-0.0157894736842105,-0.0596881578947367,-0.0552631578947367
1616,2024-03-27,2024,tradable,0.11788,-0.11788,True,0.4903846153846154,0.43518518518518534,0.637323943661972,0.04617219857786672,2.2994883506031365,2.0,2.0,-0.0584206803455723,-0.0539956803455723,-0.0713796436285095,-0.0669546436285095,-0.1145761879049674,-0.1101511879049674,-0.0152241360691144,-0.0107991360691144
1616,2025-06-18,2025,tradable,0.13798,-0.13798,False,0.35458786936236386,0.5952380952380951,0.6129629629629629,0.04304308099207132,5.467744231153938,4.0,3.0,-0.0180150339750849,-0.0135900339750849,-0.0553876274065685,-0.0509626274065685,-0.0644476500566251,-0.0600226500566251,-0.1278678086070214,-0.1234428086070213
1617,2024-04-19,2024,tradable,0.24528,-0.24528,True,0.5846560846560847,0.6233062330623307,0.8487654320987654,0.059101995389993646,2.2263277858913564,3.0,3.0,-0.1220720588235294,-0.1176470588235294,-0.2021374183006535,-0.1977124183006535,-0.1923334967320261,-0.1879084967320261,-0.231549183006536,-0.227124183006536
1617,2026-07-02,2026,tradable,0.07388,-0.07388,True,0.3079178885630498,0.3597560975609757,0.30409356725146197,0.04280293207046342,11.104579891864265,2.0,2.0,0.0942297085201794,0.0986547085201794,0.10319831838565,0.10762331838565,0.049386659192825,0.053811659192825,-0.0380572869955156,-0.0336322869955156
1618,2024-04-19,2024,tradable,0.23708,-0.23708,False,0.49128919860627196,0.7685950413223144,0.8581765557163534,0.04608278202589926,2.21556589464432,4.0,3.0,-0.154425,-0.15,-0.155895588235294,-0.151470588235294,-0.1617779411764706,-0.1573529411764705,-0.3139838235294118,-0.3095588235294118
1623,2026-04-22,2026,tradable,0.0421799999999999,-0.0421799999999999,True,0.3672922252010724,0.3972602739726028,0.2749999999999999,0.04095749987757046,7.933396057443201,2.0,2.0,-0.03176875,-0.02734375,-0.100128125,-0.095703125,-0.066925,-0.0625,-0.0434875,-0.0390625
1711,2026-03-18,2026,tradable,0.16568,-0.16568,True,0.41801801801801797,0.4990476190476192,0.7373068432671084,0.06078909210096424,2.6398973332301057,2.0,2.0,0.094685546378653,0.099110546378653,-0.0272966645489198,-0.0228716645489198,0.0273412007623888,0.0317662007623888,-0.0145901842439643,-0.0101651842439643
1717,2025-08-18,2025,tradable,0.14708,-0.14708,True,0.4300168634064081,0.5306859205776173,0.6434108527131781,0.041122729880563424,6.506004935441565,2.0,2.0,-0.064425,-0.06,-0.0722027777777777,-0.0677777777777777,-0.0822027777777777,-0.0777777777777777,0.0177972222222221,0.0222222222222221
1718,2026-06-04,2026,tradable,0.16628,-0.16628,True,0.5125,0.49613601236476046,0.5244094488188977,0.04506402853379722,3.567976815000577,2.0,2.0,-0.0084694893832154,-0.0040444893832154,-0.0529588725985844,-0.0485338725985844,-0.0893592770475227,-0.0849342770475227,-0.0074583670374116,-0.0030333670374116
1718,2026-07-03,2026,tradable,0.13218,-0.13218,True,0.34080717488789225,0.5162271805273835,0.5444214876033058,0.059731733833801155,2.38906961378048,4.0,4.0,-0.0423996835443038,-0.0379746835443038,-0.1025262658227848,-0.0981012658227848,-0.0961971518987342,-0.0917721518987342,-0.1816401898734178,-0.1772151898734177
1721,2023-10-26,2023,tradable,0.08858,-0.08858,False,0.40977443609022557,0.3837638376383763,0.3837638376383763,0.03821886116767025,9.732841586303802,3.0,3.0,-0.0288815217391303,-0.0244565217391303,-0.0832293478260869,-0.0788043478260869,-0.1022510869565216,-0.0978260869565216,-0.0750771739130433,-0.0706521739130433
1721,2024-09-20,2024,tradable,0.17658,-0.17658,True,0.47865853658536595,0.46525679758308147,0.4139941690962101,0.050082606916314734,2.9519030004516598,2.0,2.0,-0.0159634615384616,-0.0115384615384616,-0.0217326923076922,-0.0173076923076922,-0.0409634615384615,-0.0365384615384615,-0.0948096153846154,-0.0903846153846154
1721,2025-12-31,2025,tradable,0.05518,-0.05518,False,0.2595419847328244,0.4864864864864866,0.45374449339207046,0.047899873581529286,5.748537020937946,2.0,2.0,-0.0378511838440109,-0.0334261838440109,-0.0657063370473536,-0.0612813370473536,-0.1604138579387186,-0.1559888579387186,0.0401432451253481,0.0445682451253481
1721,2026-01-19,2026,tradable,0.09758,-0.09758,True,0.4364820846905537,0.40894568690095845,0.785425101214575,0.06400740598204803,2.31401804616625,2.0,2.0,-0.0566977272727272,-0.0522727272727272,-0.138515909090909,-0.134090909090909,-0.1089704545454546,-0.1045454545454546,-0.2316977272727273,-0.2272727272727273
1721,2026-04-22,2026,tradable,0.04818,-0.04818,True,0.41191709844559576,0.5935672514619881,0.5096952908587258,0.05333281937074164,4.040162235265982,2.0,2.0,0.0142824829931972,0.0187074829931972,-0.1659896258503401,-0.1615646258503401,-0.1506835034013605,-0.1462585034013604,0.0159831632653061,0.0204081632653061
1725,2024-03-04,2024,tradable,0.20748,-0.20748,True,0.6069767441860463,0.6297169811320753,0.6570743405275776,0.044618085597959274,3.5064476754680345,4.0,4.0,0.0409670220082531,0.0453920220082531,0.025836348005502,0.030261348005502,-0.0952090440165063,-0.0907840440165063,-0.1419765818431911,-0.1375515818431911
1725,2024-04-30,2024,tradable,0.08898,-0.08898,False,0.3666666666666667,0.5974025974025974,0.4642857142857144,0.051038095854688,4.557813086954002,2.0,2.0,-0.0975672722620266,-0.0931422722620266,-0.1272499744114636,-0.1228249744114636,-0.1231558085977483,-0.1187308085977483,-0.1026849795291709,-0.0982599795291709
1727,2023-04-27,2023,tradable,0.10748,-0.10748,True,0.4972067039106145,0.558139534883721,0.5461538461538462,0.044364194731585954,4.354491243597421,3.0,3.0,-0.0283484449760765,-0.0239234449760765,-0.0056211722488037,-0.0011961722488037,-0.0127982057416267,-0.0083732057416267,-0.1120805023923445,-0.1076555023923445
1735,2024-09-04,2024,tradable,0.18158,-0.18158,True,0.5638888888888889,0.5638888888888889,0.5903954802259888,0.048095215915517305,10.184261242148782,3.0,2.0,-0.1332909793814433,-0.1288659793814432,-0.1865555841924399,-0.1821305841924398,-0.2209198453608247,-0.2164948453608247,-0.0903356529209622,-0.0859106529209622
1735,2026-03-18,2026,tradable,0.24648,-0.24648,True,0.5047846889952154,0.7,0.8832335329341319,0.06426714093554943,5.9283679707265104,2.0,2.0,0.0035241255961843,0.0079491255961843,-0.1443296104928457,-0.1399046104928457,-0.1649973370429253,-0.1605723370429252,-0.1936141891891891,-0.1891891891891891
1784,2024-07-02,2024,tradable,0.15788,-0.15788,True,0.4644351464435148,0.4568158168574403,0.6470588235294117,0.053285499998728246,3.36430284691979,2.0,2.0,-0.04413619133574,-0.03971119133574,-0.04413619133574,-0.03971119133574,0.031676083032491,0.036101083032491,0.0172356498194946,0.0216606498194946
1785,2026-04-14,2026,tradable,0.2232799999999999,-0.2232799999999999,True,0.5534521158129175,0.44709543568464727,0.7012195121951219,0.0614862018366927,0.12190143105436627,2.0,2.0,0.0326120370370369,0.0370370370370369,0.1511305555555554,0.1555555555555554,0.1437231481481481,0.1481481481481481,0.206686111111111,0.211111111111111
1789,2026-01-12,2026,tradable,0.0547799999999999,-0.0547799999999999,True,0.3830409356725144,0.37900874635568527,0.375,0.037824317974433606,3.265664435879882,3.0,3.0,0.0039257306889352,0.0083507306889352,0.0623808455114823,0.0668058455114823,0.1270990083507307,0.1315240083507307,0.1291866910229645,0.1336116910229645
1795,2025-09-30,2025,tradable,0.04748,-0.04748,True,0.36578947368421044,0.39516129032258074,0.38031914893617014,0.03784179922868175,9.676349417410755,2.0,2.0,-0.0402740566037735,-0.0358490566037735,-0.0006514150943396,0.0037735849056603,0.0578391509433963,0.0622641509433963,0.086141037735849,0.090566037735849
1799,2024-05-24,2024,tradable,0.0937799999999999,-0.0937799999999999,False,0.33757961783439483,0.37254901960784315,0.5555555555555556,0.039015968637184775,2.0296433100105813,2.0,2.0,-0.0382414251207729,-0.0338164251207729,-0.0913815217391304,-0.0869565217391304,-0.1174684782608695,-0.1130434782608695,-0.0565989130434782,-0.0521739130434782
1799,2024-07-18,2024,tradable,0.0069799999999999,-0.0069799999999999,False,0.31879194630872476,0.5595238095238095,0.8714285714285714,0.05331472554186502,1.675617314798788,2.0,2.0,-0.0758535714285714,-0.0714285714285714,-0.1880984693877551,-0.183673469387755,-0.2824862244897959,-0.2780612244897958,-0.0860576530612244,-0.0816326530612244
1799,2024-12-25,2024,tradable,0.04768,-0.04768,False,0.21510673234811173,0.34790528233151186,0.11278195488721798,0.04994549036196171,2.993290483291123,2.0,2.0,-0.0832631742738589,-0.0788381742738589,-0.0818800484094052,-0.0774550484094052,-0.1164581950207468,-0.1120331950207468,-0.1579519709543567,-0.1535269709543567
1799,2026-03-18,2026,tradable,0.1608799999999999,-0.1608799999999999,True,0.4606365159128978,0.5433628318584072,0.38193343898573695,,3.175448580432561,2.0,2.0,-0.0794249999999999,-0.0749999999999999,-0.1862431818181817,-0.1818181818181817,-0.1498795454545454,-0.1454545454545454,-0.1532886363636363,-0.1488636363636363
1802,2025-08-18,2025,tradable,0.18438,-0.18438,True,0.51417004048583,0.5454545454545454,1.2195845697329375,0.05074570323054993,1.291678746631534,4.0,4.0,-0.1011586683417083,-0.0967336683417083,-0.1828169597989948,-0.1783919597989948,-0.1652290201005025,-0.1608040201005025,-0.2029174623115578,-0.1984924623115578
1802,2026-01-21,2026,tradable,0.20118,-0.20118,True,0.5629522431259046,0.5275813295615275,0.5104895104895104,0.04593972268837601,3.2964774593526243,2.0,2.0,-0.1108822425828969,-0.1064572425828969,-0.1004110383944153,-0.0959860383944153,-0.0969206369982548,-0.0924956369982548,-0.0777234293193716,-0.0732984293193717
1802,2026-03-02,2026,tradable,0.19168,-0.19168,True,0.42826780021253996,0.2655367231638419,0.24444444444444446,0.06714141703859686,2.296564561734348,3.0,3.0,-0.067660294117647,-0.063235294117647,-0.1147191176470588,-0.1102941176470588,-0.2220720588235294,-0.2176470588235294,-0.0970720588235294,-0.0926470588235294
1809,2024-02-22,2024,tradable,0.11868,-0.11868,True,0.4277777777777778,0.4560906515580738,0.7076411960132889,0.03947306277392201,3.577666835660537,2.0,2.0,0.0656507575757575,0.0700757575757575,0.2076962121212121,0.2121212121212121,0.1982265151515151,0.2026515151515151,0.2247416666666667,0.2291666666666667
1809,2026-01-21,2026,tradable,0.12648,-0.12648,False,0.41999999999999993,0.4677002583979326,0.595505617977528,0.044194644312256226,7.017663559823963,2.0,2.0,-0.086449432809773,-0.082024432809773,-0.0358386125654449,-0.0314136125654449,-0.098665837696335,-0.094240837696335,-0.1004110383944153,-0.0959860383944153
1809,2026-05-11,2026,tradable,0.17098,-0.17098,True,0.40176991150442487,0.5438596491228072,0.5499021526418786,0.051059389592202305,1.4964286063101,4.0,4.0,-0.0746206271576526,-0.0701956271576526,-0.1010878308400461,-0.0966628308400461,-0.1390625143843499,-0.1346375143843499,0.0462079113924048,0.0506329113924048
1810,2023-04-19,2023,tradable,0.13958,-0.13958,True,0.4631578947368422,0.5401662049861495,0.5795454545454544,0.04273873451802763,5.904678786841689,3.0,3.0,-0.0501996478873238,-0.0457746478873238,-0.0590024647887322,-0.0545774647887322,-0.055481338028169,-0.051056338028169,-0.0202700704225351,-0.0158450704225351
1815,2025-08-15,2025,tradable,0.1295799999999999,-0.1295799999999999,True,0.4114490161001789,0.43978102189781043,0.7114967462039046,0.04172672312949243,1.2319914044238218,5.0,4.0,-0.004425,0.0,-0.1490479913473424,-0.1446229913473424,-0.1787142459826948,-0.1742892459826948,-0.0588131334981459,-0.0543881334981459
1815,2026-08-07,2026,tradable,0.11268,-0.11268,True,0.2956259426847663,0.16238159675236807,-0.09578947368421042,0.061196620051330926,1.8421859027943508,2.0,2.0,0.0316215116279069,0.0360465116279069,0.0420866279069768,0.0465116279069768,0.0595284883720929,0.0639534883720929,0.2979005813953489,0.3023255813953489
1903,2023-07-28,2023,tradable,0.05448,-0.05448,False,0.24780316344463982,0.3786407766990292,0.3733075435203095,0.04670109038667267,3.39567735170212,3.0,3.0,-0.0396362676056337,-0.0352112676056337,-0.0959742957746478,-0.0915492957746478,-0.1072419014084506,-0.1028169014084506,-0.2030165492957747,-0.1985915492957747
1905,2023-04-27,2023,tradable,0.06588,-0.06588,False,0.2670157068062826,0.47112462006079037,0.48012232415902134,0.04250111441863213,3.2036805253984597,4.0,4.0,-0.0165217741935483,-0.0120967741935483,0.0258169354838709,0.0302419354838709,0.0096879032258062,0.0141129032258062,-0.0346669354838709,-0.0302419354838709
1905,2026-03-31,2026,tradable,0.13278,-0.13278,True,0.5081300813008129,0.592274678111588,0.5204918032786887,0.0472921805842104,3.9046369197859274,3.0,3.0,-0.004425,0.0,-0.127179491017964,-0.1227544910179639,-0.1391555389221557,-0.1347305389221557,-0.1301735029940119,-0.1257485029940119
2009,2024-04-10,2024,tradable,0.05118,-0.05118,False,0.2875000000000001,0.40902872777017785,0.5968992248062015,0.043892910571023194,3.9019324192102665,2.0,2.0,-0.0473099902534111,-0.0428849902534111,-0.0161209064327484,-0.0116959064327484,0.0053215886939571,0.0097465886939571,-0.1204094054580896,-0.1159844054580896
2025,2025-05-09,2025,tradable,0.04518,-0.04518,False,0.24626865671641784,0.3413654618473896,0.28957528957528966,0.041103572223406666,1.6200763863973706,2.0,2.0,-0.0253830838323352,-0.0209580838323352,-0.0463411676646706,-0.0419161676646706,-0.0283770958083832,-0.0239520958083832,-0.0972393712574849,-0.0928143712574849
2030,2026-09-30,2026,tradable,0.1233799999999999,-0.1233799999999999,True,0.4798387096774195,0.5818965517241381,0.6203090507726272,0.044668395260100024,3.2149581718802285,3.0,3.0,0.0076717741935482,0.0120967741935482,-0.0124895161290323,-0.0080645161290323,-0.0165217741935484,-0.0120967741935484,,
2033,2024-09-19,2024,tradable,0.1304799999999999,-0.1304799999999999,True,0.48355263157894757,0.4272151898734178,0.3343195266272192,0.043831001988782176,7.489312905079096,2.0,2.0,-0.0354671286031041,-0.0310421286031041,-0.0155114745011086,-0.0110864745011086,-0.004425,0.0,0.0088787694013304,0.0133037694013304
2033,2026-09-23,2026,tradable,0.11788,-0.11788,False,0.32976827094474137,0.3663003663003661,0.6217391304347826,0.055062056189501704,2.5857464759655717,2.0,2.0,-0.0270013612217796,-0.0225763612217796,0.1204089973439576,0.1248339973439576,0.3554687583001329,0.3598937583001329,,
2059,2023-06-27,2023,tradable,0.00708,-0.00708,True,0.32100108813928174,0.35794183445190164,0.4452380952380952,0.0373657696060914,2.3930952925767084,3.0,3.0,-0.0539002623688156,-0.0494752623688156,-0.0104220014992504,-0.0059970014992504,0.0405525112443777,0.0449775112443777,0.0345555097451274,0.0389805097451274
2059,2023-07-20,2023,tradable,0.01318,-0.01318,False,0.27628032345013476,0.41979010494752633,0.8678500986193294,0.04581956181579895,2.2450862487970364,3.0,2.0,0.0161823752711497,0.0206073752711497,0.0964426789587852,0.1008676789587852,0.0172669739696312,0.0216919739696312,-0.1183078633405639,-0.1138828633405639
2059,2026-05-11,2026,tradable,0.0765799999999999,-0.0765799999999999,True,0.36128236744759556,0.4545454545454546,0.6453055141579731,0.045118029802562715,1.8030655465669772,3.0,2.0,-0.0053424311926605,-0.0009174311926605,-0.0851589449541284,-0.0807339449541284,-0.1301130733944954,-0.1256880733944954,-0.0906635321100916,-0.0862385321100916
2061,2024-04-19,2024,tradable,0.0591799999999999,-0.0591799999999999,False,0.3086053412462908,0.34042553191489366,0.47,0.05104945459447826,6.702685555008932,2.0,2.0,-0.0200499999999998,-0.0156249999999998,-0.0803178571428571,-0.0758928571428571,-0.0512999999999998,-0.0468749999999998,0.013432142857143,0.017857142857143
2061,2026-05-26,2026,tradable,0.1533799999999999,-0.1533799999999999,True,0.4838709677419357,0.49767441860465134,0.7311827956989247,0.04221401552941704,3.498844373100115,2.0,2.0,0.0605512282091916,0.0649762282091916,0.1461296751188588,0.1505546751188589,0.2206146196513468,0.2250396196513469,0.1873341125198099,0.1917591125198099
2061,2026-06-22,2026,tradable,0.33598,-0.33598,True,0.6044260027662518,0.4572864321608041,1.176360225140713,0.07445271383725069,1.2100560144084405,2.0,2.0,-0.036144532554257,-0.031719532554257,0.1558421118530885,0.1602671118530885,0.0055916944908179,0.0100166944908179,0.332803714524207,0.337228714524207
2067,2025-10-03,2025,tradable,0.10048,-0.10048,False,0.3971539456662354,0.3705583756345179,0.4266842800528401,0.045388917189730225,3.1825598691132795,3.0,3.0,-0.0555877906976744,-0.0511627906976744,-0.0648901162790698,-0.0604651162790698,-0.0741924418604651,-0.0697674418604651,0.0932494186046512,0.0976744186046512
2070,2024-08-20,2024,tradable,0.1448799999999999,-0.1448799999999999,True,0.405,0.4973357015985791,0.5327272727272727,0.0600066844514868,3.433237437787681,2.0,2.0,0.0003596889952154,0.0047846889952154,0.0051443779904306,0.0095693779904306,0.0063405502392345,0.0107655502392345,-0.017582894736842,-0.013157894736842
2070,2024-09-23,2024,tradable,0.0492799999999999,-0.0492799999999999,False,0.20707596253902194,0.5890410958904109,0.3744075829383886,0.07388705061632325,3.6281402790362907,4.0,2.0,-0.0716518907563025,-0.0672268907563025,-0.138878781512605,-0.134453781512605,-0.1052653361344537,-0.1008403361344537,-0.1178703781512605,-0.1134453781512605
2208,2025-09-11,2025,tradable,0.06538,-0.06538,False,0.26269315673289206,0.4408060453400504,0.7023809523809523,0.052395928661486665,2.8829574130906037,3.0,2.0,0.0326120370370369,0.0370370370370369,-0.0485167107583774,-0.0440917107583774,-0.1208271164021164,-0.1164021164021164,-0.1719735008818342,-0.1675485008818342
2221,2026-08-28,2026,tradable,0.1400799999999999,-0.1400799999999999,False,0.3836805555555556,0.523900573613767,0.840646651270208,0.033694529395831334,3.615106324929094,2.0,2.0,-0.0362721337579617,-0.0318471337579617,0.0554476114649681,0.0598726114649681,0.1522628980891719,0.1566878980891719,0.2108616242038218,0.2152866242038218
2221,2026-09-22,2026,tradable,0.30668,-0.30668,True,0.6024973985431843,0.7948717948717949,1.2882615156017834,0.0559545715620727,0.3175005346966914,6.0,4.0,-0.0496057228915662,-0.0451807228915662,0.0799123493975903,0.0843373493975903,0.0738882530120482,0.0783132530120482,,
2230,2023-07-04,2023,tradable,0.19238,-0.19238,True,0.5486194477791118,0.575091575091575,0.5828220858895705,0.04625207855302618,2.2804708141024723,2.0,2.0,-0.09426875,-0.08984375,-0.10208125,-0.09765625,-0.10208125,-0.09765625,-0.129425,-0.125
2231,2026-03-27,2026,tradable,0.17448,-0.17448,True,0.5206812652068127,0.5225334957369063,0.3102725366876309,0.05299802479699423,5.848928798354197,3.0,3.0,0.091192529880478,0.095617529880478,-0.0402815737051792,-0.0358565737051792,-0.0880903386454183,-0.0836653386454183,0.0035431274900398,0.0079681274900398
2233,2024-12-25,2024,tradable,0.06128,-0.06128,False,0.26491646778042965,0.49717514124293793,0.4887640449438202,0.03814812336973768,3.235498748924255,3.0,2.0,-0.0139488095238094,-0.0095238095238094,0.0146226190476189,0.0190476190476189,0.0393845238095237,0.0438095238095237,-0.0691869047619048,-0.0647619047619048
2233,2026-05-05,2026,tradable,-0.0059199999999999,0.0059199999999999,True,0.27327935222672073,0.2862985685071575,0.4393592677345537,0.043714788264415466,1.422875129753135,2.0,2.0,-0.0107242125984252,-0.0062992125984252,-0.0847399606299212,-0.0803149606299212,-0.0658423228346456,-0.0614173228346456,0.0664411417322835,0.0708661417322835
2243,2024-07-15,2024,tradable,0.11318,-0.11318,True,0.4552845528455285,0.4592391304347827,0.38046272493573285,0.041964477788655724,5.55237147075369,3.0,3.0,0.0134321428571427,0.0178571428571427,0.0348607142857143,0.0392857142857143,0.0045035714285713,0.0089285714285713,0.0384321428571429,0.0428571428571429
2243,2026-03-17,2026,tradable,0.2318799999999999,-0.2318799999999999,True,0.48425196850393726,0.5907172995780592,0.6111111111111114,0.04561639140583015,1.1582796546168401,3.0,3.0,-0.0140868357487922,-0.0096618357487922,-0.0623960144927535,-0.0579710144927535,-0.0696423913043476,-0.0652173913043476,0.0487150966183575,0.0531400966183575
2250,2024-12-24,2024,tradable,0.11628,-0.11628,True,0.389776357827476,0.430921052631579,0.4077669902912622,0.03855307582742863,10.183855652303567,2.0,2.0,0.0179630597014924,0.0223880597014924,0.0851272388059701,0.0895522388059701,-0.004425,0.0,-0.0827832089552238,-0.0783582089552238
2301,2026-05-12,2026,tradable,0.04538,-0.04538,False,0.371345029239766,0.3633720930232558,0.5276872964169381,0.03974263612598543,2.187653092964504,2.0,2.0,-0.0517222972972972,-0.0472972972972972,-0.0832538288288288,-0.0788288288288288,-0.0742448198198197,-0.0698198198198197,0.0744038288288288,0.0788288288288288
2302,2026-05-29,2026,tradable,0.08718,-0.08718,True,0.3345195729537367,0.5120967741935483,1.0053475935828877,0.05136363117882083,2.027308167181368,2.0,2.0,0.0196713855421685,0.0240963855421685,-0.0539564591700134,-0.0495314591700134,-0.0994718540829987,-0.0950468540829987,-0.0767141566265061,-0.0722891566265061
2302,2026-06-22,2026,tradable,0.15058,-0.15058,False,0.3751803751803753,0.4097633136094676,0.695729537366548,0.06102041919882195,1.5829388984943755,4.0,4.0,-0.0423596680716544,-0.0379346680716544,0.0071661485774498,0.0115911485774498,-0.0096937038988409,-0.0052687038988409,0.0956803740779767,0.1001053740779767
2305,2026-05-28,2026,tradable,0.06698,-0.06698,False,0.31073446327683607,0.4189602446483178,0.4276923076923076,0.04493687142762008,2.5460585095058628,2.0,2.0,0.0170342274678111,0.0214592274678111,-0.0001331545064379,0.004291845493562,-0.0366138412017167,-0.0321888412017167,-0.0237383047210299,-0.0193133047210299
2305,2026-06-22,2026,tradable,0.22418,-0.22418,True,0.47410358565737054,0.6444444444444444,0.9680851063829787,0.05036598941662094,1.7113009968554216,3.0,3.0,0.000995054200542,0.005420054200542,0.019965243902439,0.024390243902439,-0.0247502032520325,-0.0203252032520325,0.1514015582655826,0.1558265582655826
2305,2026-09-14,2026,tradable,0.11618,-0.11618,False,0.35179640718562877,0.502495840266223,0.5814360770577933,0.04810802090160444,2.9100652330624266,2.0,2.0,-0.0186793859649122,-0.0142543859649122,0.1863644736842103,0.1907894736842104,0.2850486842105261,0.2894736842105261,0.502153947368421,0.506578947368421
2312,2024-07-12,2024,tradable,0.07058,-0.07058,False,0.27251732101616644,0.5391061452513968,0.49728260869565233,0.0423180612991786,5.213170883691424,3.0,2.0,-0.043993345323741,-0.039568345323741,-0.0511875899280575,-0.0467625899280575,-0.0871588129496403,-0.0827338129496403,-0.1788854316546763,-0.1744604316546762
2312,2026-01-16,2026,tradable,0.13508,-0.13508,True,0.47807017543859653,0.46840958605664507,0.4525862068965518,0.04447597761158425,5.503583610243087,2.0,2.0,0.0429122781065089,0.0473372781065088,-0.0059042899408283,-0.0014792899408283,-0.1937741124260354,-0.1893491124260354,-0.2248392011834318,-0.2204142011834318
2314,2025-06-25,2025,tradable,0.17188,-0.17188,True,0.5947075208913648,0.4870129870129869,0.36961722488038284,0.04970777346852458,4.643251599718648,2.0,2.0,-0.056217828685259,-0.051792828685259,-0.1876919322709164,-0.1832669322709164,-0.2219548804780876,-0.2175298804780876,-0.20840906374502,-0.2039840637450199
2316,2023-07-20,2023,tradable,0.09688,-0.09688,True,0.41123188405797095,0.3812056737588654,0.3885918003565063,0.03787088115866847,8.66289820960857,3.0,3.0,0.0682567042606515,0.0726817042606515,0.1472040726817044,0.1516290726817044,0.145950939849624,0.150375939849624,0.1284070802005014,0.1328320802005014
2316,2026-06-23,2026,tradable,0.07088,-0.07088,True,0.2682215743440233,0.3063063063063063,0.2908011869436202,0.0508917628551615,2.636697273758086,2.0,2.0,-0.006687443438914,-0.002262443438914,0.0362989819004525,0.0407239819004525,-0.0225245475113122,-0.0180995475113122,-0.0745607466063348,-0.0701357466063348
2327,2026-05-19,2026,tradable,-0.0302199999999999,0.0302199999999999,False,0.1847437425506555,0.42611190817790523,0.5555555555555556,0.0487717726188407,1.6563018806308303,3.0,2.0,0.0072481517509727,0.0116731517509727,0.2193104085603113,0.2237354085603113,0.2815672178988327,0.2859922178988328,0.6414893968871594,0.6459143968871595
2327,2026-05-22,2026,tradable,0.04298,-0.04298,True,0.3809001097694842,0.6169665809768639,1.1322033898305084,0.04702604369129005,1.302115634269928,5.0,2.0,0.0132480486008835,0.0176730486008835,0.0279755891016201,0.0324005891016201,0.0824674889543445,0.0868924889543445,0.1281228645066273,0.1325478645066273
2329,2023-07-28,2023,tradable,0.19018,-0.19018,True,0.4922600619195048,0.5829228243021347,1.0956521739130438,0.049080587772554175,2.573729077963443,4.0,3.0,-0.1195824803149605,-0.1151574803149605,-0.1540312992125982,-0.1496062992125982,-0.0369053149606298,-0.0324803149606298,-0.1136769685039369,-0.1092519685039369
2332,2026-07-13,2026,tradable,0.09098,-0.09098,False,0.2974999999999999,0.5131195335276968,0.6528662420382165,0.05539259782466474,5.562339340736611,2.0,2.0,-0.0758535714285714,-0.0714285714285714,-0.1356991312741312,-0.1312741312741312,-0.2071277027027027,-0.2027027027027027,-0.0662010617760616,-0.0617760617760616
2337,2026-01-08,2026,tradable,0.2328799999999999,-0.2328799999999999,True,0.6045627376425853,0.6441558441558441,0.6335483870967742,0.04884214797006217,3.1308882917648395,3.0,3.0,-0.0834139415481832,-0.0789889415481832,-0.0423396919431279,-0.0379146919431279,-0.0265419036334912,-0.0221169036334912,0.1551326619273302,0.1595576619273302
2338,2026-03-02,2026,tradable,0.20838,-0.20838,True,0.6077265973254087,0.43311258278145703,0.29116945107398573,0.05632808876100926,4.523633655290345,2.0,2.0,-0.0783081615120275,-0.0738831615120275,-0.0989267182130584,-0.0945017182130584,-0.1874146907216496,-0.1829896907216496,-0.1350091924398625,-0.1305841924398625
2340,2026-04-22,2026,tradable,0.12178,-0.12178,False,0.46337308347529804,0.47594501718213067,0.512323943661972,0.05185214932856374,3.226512866855637,2.0,2.0,-0.1496215065502183,-0.1451965065502183,-0.2347743449781658,-0.2303493449781658,-0.1561717248908296,-0.1517467248908296,-0.1135953056768559,-0.1091703056768559
2342,2025-09-18,2025,tradable,0.17778,-0.17778,True,0.6028037383177569,0.6028037383177569,0.6141176470588234,0.04951474395712145,5.633483055412935,4.0,4.0,-0.0740628830083564,-0.0696378830083565,-0.1172383704735375,-0.1128133704735375,-0.1297731894150418,-0.1253481894150417,-0.1144528551532033,-0.1100278551532033
2342,2026-06-22,2026,tradable,0.12318,-0.12318,True,0.4327628361858191,0.4154589371980677,0.4154589371980677,0.053063033496266426,2.4958065474907456,3.0,3.0,-0.0300660256410256,-0.0256410256410256,-0.0950232905982905,-0.0905982905982905,-0.1086985042735043,-0.1042735042735043,0.0075408119658119,0.0119658119658119
2344,2026-01-07,2026,tradable,0.05848,-0.05848,True,0.2724014336917562,0.45690834473324227,0.5684830633284241,0.04665760732986431,0.9258053636422319,5.0,4.0,0.024011018957346,0.028436018957346,-0.0376003554502369,-0.0331753554502369,-0.0584534360189573,-0.0540284360189573,-0.004425,0.0
2344,2026-06-22,2026,tradable,0.08338,-0.08338,False,0.2906976744186047,0.37037037037037046,0.776,0.06442035859242629,1.4221254124888103,2.0,2.0,-0.0386715753424657,-0.0342465753424657,-0.0021418949771688,0.0022831050228311,-0.0774843607305936,-0.0730593607305936,-0.1688085616438356,-0.1643835616438356
2348,2024-12-26,2024,tradable,0.02608,-0.02608,False,0.3550135501355014,0.32625994694960214,0.5015015015015014,0.04075295758070663,2.551996131823706,2.0,2.0,-0.0550579113924051,-0.0506329113924051,-0.1563237341772152,-0.1518987341772152,-0.1774207805907173,-0.1729957805907173,-0.2871254219409282,-0.2827004219409282
2349,2024-07-03,2024,tradable,0.22258,-0.22258,True,0.5889830508474576,0.6611295681063125,0.6146393972012918,0.04485488736189792,2.9142993347680277,3.0,3.0,0.0109596153846153,0.0153846153846153,0.2232673076923076,0.2276923076923076,-0.007501923076923,-0.003076923076923,0.0263442307692306,0.0307692307692306
2351,2026-08-28,2026,tradable,-0.0012199999999999,0.0012199999999999,False,0.3087431693989071,0.4005847953216375,0.6460481099656357,0.03887865481408364,1.5135553853347021,2.0,2.0,-0.004425,0.0,-0.0194787634408601,-0.0150537634408601,0.0256825268817203,0.0301075268817203,0.0020266129032257,0.0064516129032257
2355,2023-11-21,2023,tradable,0.05158,-0.05158,False,0.3076923076923077,0.37281292059219395,0.4305750350631137,0.036946813198144766,4.062452833335418,2.0,2.0,-0.0063857843137254,-0.0019607843137254,-0.0279544117647059,-0.0235294117647059,-0.0328563725490196,-0.0284313725490196,0.0387122549019608,0.0431372549019608
2356,2023-07-18,2023,tradable,0.15638,-0.15638,True,0.3862433862433863,0.3891834570519619,0.43956043956043955,0.04385050369392288,2.874190019680996,2.0,2.0,-0.0826858695652173,-0.0782608695652173,-0.0334105072463768,-0.0289855072463768,0.0390532608695651,0.0434782608695651,-0.0754394927536232,-0.0710144927536232
2358,2023-09-07,2023,tradable,0.04848,-0.04848,True,0.36892177589851993,0.3747346072186837,0.3602941176470589,0.03779408882760491,9.577311985554708,2.0,2.0,0.0921000965250965,0.0965250965250965,-0.0005639961389961,0.0038610038610038,0.0071580115830115,0.0115830115830115,-0.0082860038610037,-0.0038610038610037
2359,2024-03-25,2024,tradable,0.2388800000000001,-0.2388800000000001,True,0.5956151035322779,0.6273291925465838,0.7726657645466846,0.04566765495374611,2.6583859220044666,3.0,3.0,-0.0072862303290415,-0.0028612303290415,0.0413546852646636,0.0457796852646636,0.1357752861230329,0.1402002861230329,0.4333432403433476,0.4377682403433476
2359,2024-05-22,2024,tradable,0.11368,-0.11368,False,0.3266932270916334,0.6403940886699508,0.8438538205980066,0.06217521028566775,2.0678877533773243,6.0,5.0,-0.0622284682080924,-0.0578034682080924,0.0100258670520231,0.0144508670520231,0.0158062138728324,0.0202312138728324,-0.0564481213872832,-0.0520231213872832
2360,2026-02-26,2026,tradable,0.02318,-0.02318,True,0.32692307692307687,0.32692307692307687,0.3398058252427185,0.04331093787734914,0.9793831539576531,3.0,2.0,0.0624764084507042,0.0669014084507042,-0.0607630281690141,-0.0563380281690141,-0.0361151408450703,-0.0316901408450703,0.0730397887323942,0.0774647887323942
2362,2024-05-17,2024,tradable,0.08838,-0.08838,True,0.42334096109839825,0.49879518072289164,0.5847133757961784,0.04158151264873176,2.743822634977348,2.0,2.0,-0.0142610655737704,-0.0098360655737704,0.0234438524590164,0.0278688524590164,0.0054110655737705,0.0098360655737705,0.0037717213114753,0.0081967213114753
2363,2024-04-11,2024,tradable,0.15738,-0.15738,True,0.5354330708661417,0.5096774193548388,0.40963855421686746,0.04570634857705337,4.5763055391945855,3.0,3.0,0.0206167362270449,0.0250417362270449,0.0473279215358931,0.0517529215358931,0.1508337646076795,0.1552587646076795,0.2075950333889816,0.2120200333889816
2364,2023-10-17,2023,tradable,0.16668,-0.16668,True,0.19999999999999996,0.2931034482758621,0.37614678899082565,0.047450510150805064,1.4333504960685743,3.0,3.0,-0.0815954180064308,-0.0771704180064308,-0.0558719453376206,-0.0514469453376206,-0.0783799839228296,-0.0739549839228296,-0.1137497588424437,-0.1093247588424437
2364,2024-08-19,2024,tradable,0.06668,-0.06668,False,0.26539753639417696,0.4267676767676767,0.26681614349775784,0.05911218892413764,3.986454874975707,4.0,4.0,-7.717391304350348e-05,0.0043478260869564,0.1086184782608695,0.1130434782608695,0.112966304347826,0.117391304347826,-0.1774684782608696,-0.1730434782608696
2365,2024-02-16,2024,tradable,0.12518,-0.12518,True,0.4693251533742331,0.6020066889632107,0.748175182481752,0.04429795797083535,3.724809919186307,3.0,2.0,-0.026425,-0.022,-0.048425,-0.044,-0.0844249999999999,-0.0799999999999999,-0.0004249999999999,0.004
2365,2024-07-08,2024,tradable,0.08458,-0.08458,False,0.3571428571428572,0.4557463672391018,0.6277695716395864,0.0617162323100297,3.145509569630354,5.0,2.0,-0.0692398148148147,-0.0648148148148147,0.0659453703703704,0.0703703703703704,0.0955749999999998,0.0999999999999998,0.1715009259259258,0.1759259259259258
2367,2026-03-03,2026,tradable,0.05718,-0.05718,True,0.29982046678635554,0.2569444444444444,0.8054862842892769,0.05943991554392813,1.754030583591348,6.0,3.0,0.0113117668097281,0.0157367668097281,-0.0173005364806867,-0.0128755364806867,-0.1017068311874106,-0.0972818311874106,0.0942874463519311,0.0987124463519311
2368,2026-03-13,2026,tradable,-0.0305199999999999,0.0305199999999999,False,0.18055555555555558,0.13196125907990308,0.23841059602649017,0.049464698114759446,1.2471398717326272,3.0,3.0,-0.053588179916318,-0.049163179916318,-0.0452199790794979,-0.0407949790794979,0.0290478033472804,0.0334728033472804,-0.0378978033472803,-0.0334728033472803
2369,2026-05-28,2026,tradable,0.05168,-0.05168,False,0.32499999999999996,0.31404958677685957,0.316225165562914,0.04508569019116376,2.4067743565421367,3.0,3.0,0.0018171972534332,0.0062421972534332,-0.0893188826466916,-0.0848938826466916,-0.1242751872659175,-0.1198501872659175,-0.2079206304619225,-0.2034956304619225
2374,2024-05-20,2024,tradable,0.07138,-0.07138,False,0.27526881720430096,0.47329192546583854,0.42548076923076916,0.05177685861062032,2.1773480953970292,4.0,3.0,0.0326744940978077,0.0370994940978077,-0.0330927908937604,-0.0286677908937604,0.022556450252951,0.026981450252951,0.0158110876897134,0.0202360876897134
2375,2026-05-28,2026,tradable,0.10848,-0.10848,True,0.31836734693877555,0.5990099009900991,0.8436073059360731,0.045333502462907405,2.0478634458705347,4.0,2.0,-0.0335795189504373,-0.0291545189504373,-0.0569031341107871,-0.0524781341107871,-0.1589439504373178,-0.1545189504373177,-0.0656494897959183,-0.0612244897959183
2375,2026-06-22,2026,tradable,0.04378,-0.04378,False,0.26956521739130435,0.40384615384615374,0.6282527881040891,0.06046213596661762,1.8896162067168858,3.0,2.0,-0.0804618663594469,-0.0760368663594469,-0.0274664746543778,-0.0230414746543778,-0.1173282258064516,-0.1129032258064516,-0.0435955069124423,-0.0391705069124423
2380,2025-08-20,2025,tradable,0.23098,-0.23098,True,0.6062801932367152,0.6299019607843137,0.8472222222222223,0.043522631672472244,10.757235438997206,2.0,2.0,-0.1044249999999999,-0.0999999999999999,0.0134854477611939,0.0179104477611939,-0.0163652985074626,-0.0119402985074626,-0.0909921641791044,-0.0865671641791044
2383,2026-04-15,2026,tradable,0.00908,-0.00908,False,0.20189274447949535,0.3680430879712746,0.47388781431334626,0.05066035444146257,1.1176227254785558,4.0,2.0,-0.0335389240506329,-0.0291139240506329,-0.0297414556962025,-0.0253164556962025,0.0246889240506328,0.0291139240506328,0.1196256329113924,0.1240506329113924
2388,2023-07-14,2023,tradable,0.15378,-0.15378,True,0.508313539192399,0.5679012345679013,0.5487804878048781,0.0439721330122634,2.609217163741759,2.0,2.0,0.0314315737051792,0.0358565737051792,0.0115112549800796,0.0159362549800796,0.1788419322709163,0.1832669322709164,0.1708738047808765,0.1752988047808765
2392,2024-05-24,2024,tradable,0.06148,-0.06148,True,0.34450651769087526,0.48102564102564105,0.590308370044053,0.036310729020908324,3.769375894270748,2.0,2.0,0.0037605388813099,0.0081855388813099,0.0187673601637107,0.0231923601637107,-0.0221603342428375,-0.0177353342428375,-0.0426241814461117,-0.0381991814461117
2395,2026-05-11,2026,tradable,0.01578,-0.01578,False,0.21139240506329116,0.35169491525423724,0.3829479768786128,0.03301237392953125,1.2700581261939798,2.0,2.0,0.0109754106776179,0.0154004106776179,-0.0495995379876796,-0.0451745379876796,-0.0649999486652977,-0.0605749486652977,0.0191889630390144,0.0236139630390144
2399,2026-03-19,2026,tradable,0.06148,-0.06148,True,0.29445506692160617,0.4312896405919664,0.5386363636363638,0.05412568861708799,4.85243661998451,2.0,2.0,-0.004425,0.0,-0.1737798387096775,-0.1693548387096775,-0.2181346774193548,-0.2137096774193548,-0.0958228494623657,-0.0913978494623657
2402,2025-08-18,2025,tradable,0.04048,-0.04048,False,0.23882224645583405,0.40594059405940586,0.42177722152690844,0.035859379658506926,2.7174994911896597,3.0,3.0,0.0041220085470085,0.0085470085470085,0.0314724358974359,0.0358974358974359,0.0417288461538462,0.0461538461538462,-0.0317754273504273,-0.0273504273504273
2402,2026-04-15,2026,tradable,0.0704799999999999,-0.0704799999999999,False,0.272407732864675,0.39499036608863203,0.4251968503937009,0.04481351757600456,2.3409073703196017,2.0,2.0,0.0157770202020203,0.0202020202020203,0.1110151154401154,0.1154401154401154,0.1052431096681098,0.1096681096681098,-0.0174120129870128,-0.0129870129870128
2404,2024-03-11,2024,tradable,-0.0101199999999999,0.0101199999999999,True,0.27018121911037896,0.333910034602076,0.3916967509025271,0.0319767143962831,2.378341344342216,2.0,2.0,0.0654674731182795,0.0698924731182795,0.0117040322580645,0.0161290322580645,0.0076717741935484,0.0120967741935484,0.0184244623655914,0.0228494623655914
2406,2025-08-08,2025,tradable,0.17178,-0.17178,True,0.4301886792452829,0.5791666666666666,0.6196581196581197,0.04428080825533186,7.3885402428725255,3.0,3.0,0.035575,0.04,0.058075,0.0625,0.1630749999999999,0.1674999999999999,0.170575,0.175
2408,2025-02-20,2025,tradable,0.06208,-0.06208,False,0.26590538336052205,0.39819819819819813,0.45590994371482174,0.04298448473981959,4.549267688221989,2.0,2.0,0.0750020833333334,0.0794270833333334,0.1127625,0.1171875,0.0020854166666667,0.0065104166666667,0.0359395833333334,0.0403645833333334
2408,2025-09-19,2025,tradable,0.07168,-0.07168,True,0.3797909407665505,0.49433962264150955,0.7464167585446526,0.04019489235483632,1.4281714899554454,5.0,5.0,0.0144905107187894,0.0189155107187894,-0.0460391235813366,-0.0416141235813366,-0.1090908259773013,-0.1046658259773013,0.1456380517023959,0.1500630517023959
2408,2026-05-12,2026,tradable,0.03828,-0.03828,False,0.2514619883040936,0.4172185430463575,0.4235033259423504,0.05807144288308921,1.6746518293121477,2.0,2.0,0.0260725922953452,0.0304975922953452,-0.004425,0.0,-0.1232050963081862,-0.1187800963081862,-0.0301071829855538,-0.0256821829855538
2408,2026-06-03,2026,tradable,0.01268,-0.01268,False,0.28685897435897445,0.45999999999999996,0.4237588652482269,0.06080801423622692,0.9733290024836636,2.0,2.0,-0.0056892225031606,-0.0012642225031606,-0.1460179203539823,-0.1415929203539823,-0.1624528128950695,-0.1580278128950695,0.1005054677623261,0.1049304677623261
2413,2025-12-30,2025,tradable,0.15308,-0.15308,True,0.4294205052005944,0.4466165413533836,0.7427536231884058,0.04791885921115205,3.067612300186238,5.0,4.0,-0.0393456349206349,-0.0349206349206349,-0.0636842592592592,-0.0592592592592592,-0.0954302910052909,-0.0910052910052909,0.0103898148148148,0.0148148148148148
2413,2026-02-26,2026,tradable,0.09758,-0.09758,False,0.3012600229095075,0.2749719416386083,0.1675231243576567,0.06811033311528071,3.5556808327005944,2.0,2.0,0.0403511194029849,0.0447761194029849,-0.1238279850746268,-0.1194029850746268,-0.088380223880597,-0.083955223880597,-0.1415518656716418,-0.1371268656716417
2417,2023-10-05,2023,tradable,0.10948,-0.10948,True,0.4484848484848485,0.35795454545454564,0.7030878859857481,0.04916214636482695,4.51492363869079,2.0,2.0,-0.0073362081513829,-0.0029112081513829,-0.0437263100436682,-0.0393013100436682,-0.0772052037845706,-0.0727802037845706,-0.1616302401746725,-0.1572052401746725
2417,2024-03-07,2024,tradable,0.11018,-0.11018,False,0.3538461538461537,0.5064194008559202,0.5438596491228067,0.045750062036206456,4.577817963331742,3.0,3.0,-0.0600836270871984,-0.0556586270871984,-0.0823470779220778,-0.0779220779220778,-0.0888405844155843,-0.0844155844155843,-0.1175975417439702,-0.1131725417439702
2417,2026-05-06,2026,tradable,0.06988,-0.06988,False,0.37948717948717947,0.2748815165876777,0.4308510638297871,0.04870106912099136,6.050297015407632,2.0,2.0,-0.0363199343339586,-0.0318949343339586,-0.0475769699812382,-0.0431519699812382,-0.0851004221388367,-0.0806754221388367,-0.1141810975609754,-0.1097560975609754
2421,2023-07-24,2023,tradable,0.08488,-0.08488,False,0.3999999999999999,0.5926748057713653,0.5979955456570156,0.04957500554550302,2.3759559475895737,5.0,3.0,-0.052370205479452,-0.047945205479452,-0.0112743150684931,-0.0068493150684931,-0.1003154109589041,-0.0958904109589041,-0.0729181506849315,-0.0684931506849315
2424,2023-05-05,2023,tradable,0.19828,-0.19828,True,0.6064814814814814,0.5630630630630633,0.5353982300884956,0.04735922041882606,5.22586223147027,2.0,2.0,-0.0231569884726226,-0.0187319884726226,-0.0447708213256485,-0.0403458213256485,-0.1427535302593661,-0.1383285302593661,-0.1341079971181557,-0.1296829971181556
2424,2024-08-28,2024,tradable,0.19378,-0.19378,True,0.5194805194805194,0.6625222024866786,0.5810810810810809,,2.9820595179977207,2.0,2.0,-0.0458451183431952,-0.0414201183431952,-0.043872731755424,-0.039447731755424,-0.038941765285996,-0.034516765285996,0.0448846646942801,0.0493096646942801
2425,2024-08-30,2024,tradable,0.11158,-0.11158,True,0.45362563237774034,0.43666666666666676,0.33436532507739947,0.05239956019799434,7.604714047729124,3.0,3.0,-0.0124988177623991,-0.0080738177623991,-0.1013108131487889,-0.0968858131487889,-0.0990040080738178,-0.0945790080738178,-0.0713223471741637,-0.0668973471741637
2426,2026-03-12,2026,tradable,0.23368,-0.23368,True,0.4891566265060241,0.5927835051546393,0.6010362694300517,0.04833120779215002,1.7296072504731002,4.0,4.0,0.0228891122913505,0.0273141122913505,0.112418702579666,0.116843702579666,0.0486857738998482,0.0531107738998481,0.0153018588770864,0.0197268588770864
2426,2026-04-13,2026,tradable,0.1451800000000001,-0.1451800000000001,True,0.3577023498694518,0.5476190476190474,0.6828478964401294,0.07419151176447997,0.6425019997409148,2.0,2.0,-0.0529861510791367,-0.0485611510791367,-0.0475904676258992,-0.0431654676258992,-0.0026264388489208,0.0017985611510791,-0.1195329136690647,-0.1151079136690647
2426,2026-05-06,2026,tradable,0.18058,-0.18058,True,0.4085027726432533,0.4269662921348316,1.1434599156118148,0.06407102074748437,2.8460296648277765,3.0,3.0,-0.0151201871657753,-0.0106951871657753,-0.1127137700534758,-0.1082887700534758,-0.0953340909090908,-0.0909090909090908,-0.0833020053475934,-0.0788770053475934
2426,2026-06-23,2026,tradable,0.07198,-0.07198,False,0.26604278074866317,0.5274193548387098,0.210997442455243,0.06994516719954795,2.097447228053255,3.0,3.0,0.0097054347826085,0.0141304347826085,-0.1609467391304349,-0.1565217391304348,-0.1772510869565218,-0.1728260869565218,-0.2142076086956521,-0.2097826086956521
2426,2026-08-27,2026,tradable,0.08928,-0.08928,False,0.29144385026737973,0.40816326530612246,1.0358271865121176,0.058160430809545874,3.2928772533660435,3.0,2.0,-0.0337179292929293,-0.0292929292929293,0.0814335858585858,0.0858585858585858,-0.0448290404040404,-0.0404040404040404,-0.0337179292929293,-0.0292929292929293
2427,2023-05-19,2023,tradable,0.21828,-0.21828,True,0.6042402826855122,0.5133333333333332,0.5183946488294315,0.05130780954660455,1.689529903986717,3.0,3.0,0.0228286687631026,0.0272536687631026,-0.0065214360587002,-0.0020964360587002,0.016539360587002,0.020964360587002,0.2324722746331237,0.2368972746331237
2429,2023-03-09,2023,tradable,0.14948,-0.14948,True,0.4672897196261683,0.5242718446601939,0.5096153846153846,0.040293778973723306,10.84460447510321,2.0,2.0,-0.0280238200589969,-0.0235988200589969,-0.0634220501474926,-0.0589970501474926,-0.172566592920354,-0.168141592920354,-0.0781713126843658,-0.0737463126843658
2429,2024-07-02,2024,tradable,0.20168,-0.20168,True,0.604127579737336,0.601123595505618,1.0853658536585367,0.0548710988180371,0.7465705153825694,4.0,3.0,-0.0280301502145923,-0.0236051502145923,-0.1492747854077253,-0.1448497854077253,-0.2780301502145923,-0.2736051502145923,-0.2211631974248927,-0.2167381974248927
2429,2025-09-05,2025,tradable,0.12418,-0.12418,False,0.3409337676438655,0.6871584699453552,0.48795180722891573,0.05548706292371029,1.8554941702262147,3.0,2.0,0.0036395161290322,0.0080645161290322,0.2133169354838709,0.217741935483871,0.1004137096774192,0.1048387096774192,0.027833064516129,0.032258064516129
2429,2025-09-10,2025,tradable,0.19108,-0.19108,True,0.43127962085308047,0.9816272965879265,0.8596059113300492,0.058015539232871886,1.2948930895200153,5.0,2.0,-0.047471357615894,-0.043046357615894,-0.1633653973509934,-0.1589403973509934,-0.1600541390728477,-0.1556291390728477,-0.0938289735099337,-0.0894039735099337
2429,2026-04-24,2026,tradable,0.13008,-0.13008,True,0.5282308657465495,0.6068601583113458,0.33699231613611413,0.05220425737685748,6.463019407619478,2.0,2.0,-0.0878974540901502,-0.0834724540901502,-0.1196169866444073,-0.1151919866444073,-0.1379809265442404,-0.1335559265442404,-0.1446587228714524,-0.1402337228714524
2438,2024-06-20,2024,tradable,0.19968,-0.19968,True,0.43625192012288805,0.5557404326123128,1.0917225950782998,0.052912449976092235,1.4328617076577788,4.0,2.0,0.0742738457502624,0.0786988457502624,0.2085865424973766,0.2130115424973766,0.1498247376705143,0.1542497376705143,0.4226474029380903,0.4270724029380903
2438,2025-02-13,2025,tradable,0.19198,-0.19198,True,0.5653846153846156,0.4305799648506152,0.3003194888178915,0.05059115161737824,7.497466332449719,2.0,2.0,-0.0550579113924051,-0.0506329113924051,-0.044931329113924,-0.040506329113924,-0.0499946202531644,-0.0455696202531644,-0.0639186708860759,-0.0594936708860759
2451,2025-11-12,2025,tradable,0.16698,-0.16698,True,0.5232558139534884,0.4609665427509293,0.5910931174089069,0.049815557013303945,2.9741583157434808,2.0,2.0,0.0241464285714284,0.0285714285714284,-0.0568059523809524,-0.0523809523809524,-0.0306154761904762,-0.0261904761904762,-0.1329964285714285,-0.1285714285714285
2451,2026-03-19,2026,tradable,0.03398,-0.03398,True,0.3702882483370289,0.4473067915690867,0.3825503355704698,0.05145437976838178,2.3707250206197874,2.0,2.0,-0.1029324626865671,-0.0985074626865671,-0.249201119402985,-0.244776119402985,-0.2820369402985074,-0.2776119402985074,-0.3089026119402985,-0.3044776119402985
2453,2023-02-14,2023,tradable,0.13108,-0.13108,True,0.46840148698884776,0.5134099616858236,0.5490196078431373,0.03684308669297233,10.784838759193761,4.0,3.0,0.0260318527918782,0.0304568527918782,0.0869455583756345,0.0913705583756345,0.0920217005076143,0.0964467005076143,0.2646105329949239,0.2690355329949239
2454,2026-05-05,2026,tradable,-0.0096199999999999,0.0096199999999999,True,0.2956878850102669,0.6605263157894736,1.1535836177474401,0.0459013476270189,0.6330147431532953,4.0,2.0,-0.0159523775216138,-0.0115273775216138,0.0416845100864552,0.0461095100864552,0.0618574207492795,0.0662824207492795,-0.0952030979827089,-0.0907780979827089
2454,2026-05-28,2026,tradable,0.0483799999999999,-0.0483799999999999,False,0.24225352112676046,0.2951541850220265,0.712621359223301,0.06161161378127006,1.3400549247086901,4.0,2.0,-0.0380572869955156,-0.0336322869955156,0.0101489910313902,0.0145739910313902,-0.0111514573991031,-0.0067264573991031,-0.0885057174887892,-0.0840807174887892
2455,2026-08-06,2026,tradable,0.05028,-0.05028,True,0.4011299435028248,0.07826086956521738,0.11044776119402977,0.06814572888128947,3.9784888752485514,4.0,2.0,-0.041462037037037,-0.037037037037037,-0.0322027777777777,-0.0277777777777777,0.0114480158730158,0.0158730158730158,0.08552208994709,0.08994708994709
2455,2026-09-02,2026,tradable,-0.0148199999999999,0.0148199999999999,False,0.266355140186916,0.3669609079445144,0.3969072164948453,0.05224492111792507,2.463688550277411,5.0,3.0,-0.0339998613678373,-0.0295748613678373,-0.0802105822550831,-0.0757855822550831,-0.0192124306839186,-0.0147874306839186,-0.0524841497227357,-0.0480591497227357
2464,2026-06-01,2026,tradable,0.06058,-0.06058,False,0.259493670886076,0.4316546762589928,0.7155172413793103,0.06221627011068141,0.9122729923443329,4.0,2.0,-0.0794249999999999,-0.0749999999999999,-0.154425,-0.15,-0.2619249999999999,-0.2574999999999999,-0.186925,-0.1825
2464,2026-08-07,2026,tradable,0.08318,-0.08318,False,0.28996282527881045,0.1843003412969284,0.07430340557275539,0.059549645151650954,2.956432287977759,2.0,2.0,0.0241464285714284,0.0285714285714284,0.1184321428571427,0.1228571428571427,0.0927178571428572,0.0971428571428572,0.0184321428571429,0.0228571428571429
2465,2024-02-15,2024,tradable,0.18488,-0.18488,True,0.41975308641975295,0.4577464788732395,0.7135761589403975,0.05813251258282857,0.3514453492633789,3.0,2.0,-0.004425,0.0,0.0660595814977974,0.0704845814977974,0.0484384361233479,0.0528634361233479,0.2819186123348017,0.2863436123348017
2466,2024-12-23,2024,tradable,0.13808,-0.13808,True,0.4805890227576972,0.5129958960328318,0.6005788712011577,0.045311504308172795,0.26263201001987085,4.0,2.0,-0.004425,0.0,0.0728776315789473,0.0773026315789473,0.1057723684210526,0.1101973684210526,0.3064302631578949,0.3108552631578949
2466,2025-04-17,2025,tradable,0.12058,-0.12058,False,0.35455680399500644,0.276470588235294,0.28250591016548476,0.05826084192476603,8.14008663668053,3.0,3.0,-0.0799805555555556,-0.0755555555555556,-0.1022027777777777,-0.0977777777777777,-0.0933138888888889,-0.0888888888888889,-0.2177583333333334,-0.2133333333333333
2466,2026-07-06,2026,tradable,0.23368,-0.23368,True,0.6067796610169491,0.7205081669691469,1.1255605381165918,0.043598913363150055,1.1631627035831722,2.0,2.0,-0.1053958737864077,-0.1009708737864077,-0.0481143203883494,-0.0436893203883494,0.0149924757281553,0.0194174757281553,0.1412060679611649,0.1456310679611649
2467,2024-02-23,2024,tradable,0.04798,-0.04798,False,0.2477064220183487,0.6209773539928485,0.9568345323741008,0.04949981998772646,0.2946955464677577,3.0,2.0,-0.0437107142857142,-0.0392857142857142,-0.1044249999999999,-0.0999999999999999,-0.0901392857142857,-0.0857142857142857,-0.1329964285714285,-0.1285714285714285
2467,2024-07-04,2024,tradable,0.00348,-0.00348,True,0.36513157894736836,0.4716312056737588,0.6085271317829457,0.043157769373892124,3.00165724903433,3.0,3.0,0.0123615707434051,0.0167865707434051,-0.0140173261390887,-0.0095923261390887,-0.0236096522781774,-0.0191846522781774,-0.0164154076738609,-0.0119904076738609
2467,2026-03-03,2026,tradable,0.08558,-0.08558,True,0.3832442067736186,0.40325497287522594,0.5676767676767678,0.04847874647494842,2.1239393517250957,2.0,2.0,-0.0284891711229946,-0.0240641711229946,0.0463771390374331,0.0508021390374331,-0.0552271390374331,-0.0508021390374331,0.0022594919786095,0.0066844919786095
2467,2026-04-13,2026,tradable,0.05428,-0.05428,True,0.4005102040816326,0.326086956521739,0.5041095890410958,0.04981472965587483,1.6255509746824797,4.0,2.0,-0.0724522108843537,-0.0680272108843537,-0.1285746598639455,-0.1241496598639455,-0.0350372448979592,-0.0306122448979592,-0.161737925170068,-0.157312925170068
2468,2023-06-19,2023,tradable,0.24648,-0.24648,True,0.6056074766355142,0.5732600732600732,0.584870848708487,0.046873267908163437,5.655706303327296,3.0,3.0,-0.0149022991850989,-0.0104772991850989,-0.0149022991850989,-0.0104772991850989,-0.0381851862630967,-0.0337601862630967,-0.0824226717112922,-0.0779976717112922
2468,2025-03-26,2025,tradable,0.14828,-0.14828,True,0.5506172839506172,0.4370709382151028,0.6143958868894601,0.05314693529611816,4.555917011416999,4.0,3.0,0.0131188596491226,0.0175438596491226,-0.1782687001594897,-0.1738437001594897,-0.1750789074960128,-0.1706539074960128,-0.1878380781499202,-0.1834130781499202
2468,2025-04-17,2025,tradable,0.05968,-0.05968,False,0.2510729613733904,0.0796296296296295,0.39640718562874255,0.08081427559525711,3.0796466176809147,3.0,3.0,0.0418871783876501,0.0463121783876501,0.0504635077186964,0.0548885077186964,0.2700175385934821,0.2744425385934821,0.3180449828473414,0.3224699828473414
2472,2026-04-15,2026,tradable,0.0825799999999999,-0.0825799999999999,False,0.29181494661921703,0.375,0.5188284518828452,0.041934491522994624,2.4998584337109455,2.0,2.0,0.0011929775280897,0.0056179775280897,0.0236648876404493,0.0280898876404493,0.0292828651685394,0.0337078651685394,-0.0072339887640448,-0.0028089887640448
2472,2026-05-28,2026,tradable,0.11168,-0.11168,True,0.39473684210526305,0.6025917926565876,1.0901408450704224,0.05111513651800979,0.729203704881965,3.0,2.0,-0.0861081683168316,-0.0816831683168316,-0.0638309405940594,-0.0594059405940594,-0.1380883663366336,-0.1336633663366336,-0.1380883663366336,-0.1336633663366336
2478,2026-05-22,2026,tradable,0.17878,-0.17878,True,0.5269461077844311,0.6325224071702946,0.9230769230769231,0.04089195751700437,0.5307813994358098,2.0,2.0,-0.1089026119402984,-0.1044776119402984,-0.1089026119402984,-0.1044776119402984,0.0328884328358208,0.0373134328358208,0.1149779850746267,0.1194029850746267
2478,2026-06-17,2026,tradable,0.04368,-0.04368,True,0.33823529411764697,0.6605839416058394,1.1563981042654028,0.05465502313531638,1.6477913633546848,3.0,2.0,-0.0128995762711864,-0.0084745762711864,-0.0573911016949152,-0.0529661016949152,0.0209987288135592,0.0254237288135592,-0.0383233050847457,-0.0338983050847457
2481,2026-06-24,2026,tradable,0.04768,-0.04768,True,0.3928571428571428,0.3356164383561644,0.3265306122448979,0.061005483400723114,1.72349850945262,3.0,2.0,-0.0586121921182266,-0.0541871921182266,-0.1866910098522167,-0.1822660098522167,-0.046296921182266,-0.041871921182266,0.037446921182266,0.041871921182266
2482,2023-02-03,2023,tradable,0.08678,-0.08678,True,0.4207650273224044,0.4338235294117647,0.5789473684210527,0.042360183524061096,4.557256515307315,4.0,4.0,0.0071431233933162,0.0115681233933162,0.0752665167095115,0.0796915167095115,0.0418474935732647,0.0462724935732647,0.3066289845758355,0.3110539845758355
2483,2026-06-12,2026,tradable,0.0583799999999999,-0.0583799999999999,False,0.2512315270935961,0.4824902723735409,0.5841995841995842,0.04942386783382893,0.9514284133763309,4.0,2.0,-0.050675,-0.04625,-0.1031750000000001,-0.0987500000000001,0.085575,0.09,0.388075,0.3925
2483,2026-06-26,2026,tradable,0.17808,-0.17808,True,0.4047919293820934,0.6075036075036075,1.1843137254901963,0.06107977261294011,2.933803278326821,3.0,2.0,-0.004425,0.0,-0.0008343357271095,0.0035906642728904,0.2002428635547574,0.2046678635547574,0.0943182675044883,0.0987432675044883
2484,2026-01-20,2026,tradable,0.0947799999999999,-0.0947799999999999,False,0.30434782608695654,0.4814814814814814,0.43540669856459346,0.040144945565515205,6.189575925828752,4.0,4.0,-0.0512477424749163,-0.0468227424749163,0.0206586120401338,0.0250836120401338,-0.0144584448160533,-0.0100334448160533,-0.084692558528428,-0.080267558528428
2484,2026-04-20,2026,tradable,0.12008,-0.12008,True,0.335243553008596,0.5354200988467874,0.6702508960573479,0.059670139906622614,1.981727305302498,4.0,4.0,0.0037633316274309,0.0081883316274309,-0.1200851842374616,-0.1156601842374616,-0.2429101586489253,-0.2384851586489252,-0.133391223132037,-0.1289662231320369
2484,2026-05-26,2026,tradable,0.04558,-0.04558,False,0.38957816377171217,0.43958868894601544,0.5053763440860215,0.057616295746679466,2.7800227386975296,4.0,4.0,-0.0734515486725663,-0.0690265486725663,-0.0433630530973452,-0.0389380530973452,-0.0858409292035397,-0.0814159292035398,0.0716811946902654,0.0761061946902654
2485,2026-01-16,2026,tradable,0.06998,-0.06998,True,0.41800000000000015,0.38747553816046976,0.1996615905245347,0.05148598003154479,3.228036781069318,4.0,4.0,0.0476876760563379,0.0521126760563379,-0.0340024647887323,-0.0295774647887323,0.0124764084507042,0.0169014084507042,0.1505045774647887,0.1549295774647887
2485,2026-03-18,2026,tradable,0.2040799999999999,-0.2040799999999999,True,0.44665461121157324,0.606425702811245,0.9300361881785282,0.06827361997993064,1.7295388270726202,4.0,3.0,0.0031221698113207,0.0075471698113207,-0.0232929245283018,-0.0188679245283018,0.0018643081761006,0.0062893081761006,0.0207322327044025,0.0251572327044025
2486,2023-06-08,2023,tradable,0.04968,-0.04968,False,0.24962852897473997,0.418212478920742,0.5402930402930401,0.032403537671048976,1.5767005546000459,3.0,2.0,0.0131188596491228,0.0175438596491228,0.0131188596491228,0.0175438596491228,0.0423586257309941,0.0467836257309941,0.0294931286549707,0.0339181286549707
2486,2025-11-18,2025,tradable,0.11268,-0.11268,False,0.3246753246753247,0.41470180305131765,0.2977099236641223,0.0433085492594412,4.408703630802659,4.0,4.0,-0.0300407635467979,-0.0256157635467979,-0.1068880541871921,-0.1024630541871921,-0.0802870689655172,-0.0758620689655172,-0.0773314039408867,-0.0729064039408867
2486,2026-01-28,2026,tradable,0.07608,-0.07608,True,0.3936170212765957,0.4270152505446623,0.3951011714589989,0.0393369084035909,3.2379696700986518,2.0,2.0,-0.0273257633587786,-0.0229007633587786,-0.0502265267175572,-0.0458015267175572,-0.0158753816793892,-0.0114503816793892,0.1558803435114503,0.1603053435114503
2486,2026-05-05,2026,tradable,0.04658,-0.04658,True,0.3674832962138084,0.5505050505050506,1.0604026845637584,0.04535632720720563,1.8986688074569742,4.0,4.0,-0.0523588842975206,-0.0479338842975206,-0.0738464876033058,-0.0694214876033058,-0.1102101239669421,-0.1057851239669421,-0.173020041322314,-0.168595041322314
2489,2026-02-25,2026,tradable,0.19718,-0.19718,True,0.5157894736842106,0.7560975609756098,1.0,0.05823889750875115,0.5652286943926033,2.0,2.0,0.0241464285714286,0.0285714285714286,0.0423282467532467,0.0467532467532467,0.1241464285714285,0.1285714285714285,-0.0278016233766233,-0.0233766233766233
2489,2026-04-13,2026,tradable,0.09288,-0.09288,True,0.48136645962732905,0.49529780564263337,0.2686170212765957,0.07507312813535874,2.481286357733431,3.0,3.0,-0.0216293010752687,-0.0172043010752687,-0.058188440860215,-0.053763440860215,-0.0882959677419354,-0.0838709677419354,-0.2463604838709677,-0.2419354838709677
2491,2023-05-18,2023,tradable,0.04528,-0.04528,False,0.31557377049180335,0.33750000000000013,0.2788844621513944,0.03957646442167994,4.747743063476257,2.0,2.0,-0.0329060126582278,-0.0284810126582278,-0.0455642405063291,-0.0411392405063291,0.0240560126582277,0.0284810126582277,0.0177268987341771,0.0221518987341771
2491,2025-08-21,2025,tradable,0.16158,-0.16158,False,0.43255813953488365,0.54,0.5430861723446894,0.04258525311398349,5.114783799300263,2.0,2.0,-0.1202786585365852,-0.1158536585365852,-0.1111323170731706,-0.1067073170731706,-0.150766463414634,-0.146341463414634,-0.1446689024390243,-0.1402439024390243
2491,2025-12-03,2025,tradable,0.0422799999999999,-0.0422799999999999,True,0.3664383561643836,0.47777777777777763,0.5346153846153845,0.04272353373071518,6.954756506459642,2.0,2.0,-0.0232485294117646,-0.0188235294117646,-0.0467779411764704,-0.0423529411764704,0.0073397058823528,0.0117647058823529,0.1085161764705881,0.1129411764705881
2491,2026-05-11,2026,tradable,0.05668,-0.05668,False,0.3291139240506329,0.35048231511254,0.3999999999999999,0.04452896560632112,3.5217211427196595,2.0,2.0,0.0121626777251183,0.0165876777251183,-0.047079028436019,-0.042654028436019,0.0074233412322274,0.0118483412322274,0.1140584123222748,0.1184834123222748
2491,2026-06-04,2026,tradable,0.14928,-0.14928,True,0.5246636771300448,0.566820276497696,0.7708333333333335,0.05775197439207467,0.6278381955680739,2.0,2.0,-0.0766175133689838,-0.0721925133689838,-0.1728741978609624,-0.1684491978609624,-0.2276870320855615,-0.2232620320855615,0.0918316844919785,0.0962566844919785
2492,2026-05-13,2026,tradable,0.03198,-0.03198,True,0.3605442176870748,0.408450704225352,0.39860139860139854,0.05467838321598119,2.7927460841466645,2.0,2.0,-0.004425,0.0,-0.0157886363636363,-0.0113636363636363,0.095575,0.1,0.6364840909090909,0.6409090909090909
2492,2026-06-22,2026,tradable,0.12878,-0.12878,True,0.5085574572127138,0.48317307692307687,1.1094017094017095,0.0647135052094267,2.1835574908293007,3.0,3.0,-0.1098513565891473,-0.1054263565891473,-0.0757428294573643,-0.0713178294573643,-0.2075257751937984,-0.2031007751937984,-0.1408591085271318,-0.1364341085271317
2493,2025-08-08,2025,tradable,0.13628,-0.13628,True,0.4863445378151261,0.44535240040858004,0.4708939708939708,0.03994461210150261,4.445148858437948,3.0,3.0,-0.0434320921985815,-0.0390070921985815,-0.0859852836879432,-0.0815602836879432,-0.0505242907801418,-0.0460992907801418,0.0771352836879432,0.0815602836879432
2493,2026-06-16,2026,tradable,0.15798,-0.15798,True,0.47928994082840237,0.7006802721088434,0.9011406844106464,0.058548407130314964,1.1199117099832985,3.0,2.0,0.0098316191446027,0.0142566191446027,0.0872246945010183,0.0916496945010183,0.0750047352342159,0.0794297352342159,0.2868173625254583,0.2912423625254583
2498,2025-08-22,2025,tradable,0.09508,-0.09508,False,0.29925452609158665,0.47878787878787876,0.523096129837703,0.042789172263201176,4.237141615581731,3.0,2.0,-0.0639861285266457,-0.0595611285266457,0.0096815830721003,0.0141065830721003,0.0990232758620691,0.1034482758620691,0.1350734326018808,0.1394984326018808
2515,2025-11-03,2025,tradable,0.07218,-0.07218,True,0.27755102040816326,0.4035874439461884,0.4834123222748814,0.03523214172709013,1.6817883975973802,4.0,4.0,-0.049067857142857,-0.044642857142857,0.0074797619047618,0.0119047619047618,0.0253369047619046,0.0297619047619046,0.0104559523809523,0.0148809523809523
2516,2023-11-22,2023,tradable,0.15988,-0.15988,False,0.3980099502487562,0.5422612513721188,0.5338427947598254,0.04610095590969627,3.0493176665124593,2.0,2.0,-0.0599805555555555,-0.0555555555555555,-0.1007212962962963,-0.0962962962962963,-0.0933138888888888,-0.0888888888888888,-0.1340546296296296,-0.1296296296296296
2524,2024-08-01,2024,tradable,0.19498,-0.19498,True,0.43308080808080796,0.5829846582984657,1.0825688073394497,0.05477629906808997,1.572718987717494,3.0,3.0,0.0222416666666666,0.0266666666666666,-0.172425,-0.168,-0.0977583333333333,-0.0933333333333333,0.0711305555555556,0.0755555555555556
2543,2023-11-17,2023,tradable,0.22898,-0.22898,True,0.568075117370892,0.7305699481865284,1.024242424242424,0.050123130324190135,3.919217956764646,4.0,4.0,-0.0630081062670301,-0.0585831062670301,-0.0711824931880109,-0.0667574931880109,-0.1270408038147139,-0.1226158038147139,0.0010245912806538,0.0054495912806538
2543,2024-07-08,2024,tradable,0.05408,-0.05408,False,0.2769556025369979,0.2769556025369979,0.21651560926485391,0.04387990776839232,2.2101466280530815,2.0,2.0,-0.0962924698795182,-0.0918674698795182,-0.1113527108433736,-0.1069277108433736,-0.1008105421686747,-0.0963855421686747,-0.0842442771084338,-0.0798192771084338
2601,2026-07-09,2026,tradable,0.12038,-0.12038,False,0.4615384615384617,0.45355191256830607,0.3687821612349915,0.04188017894027346,5.822813197514591,3.0,3.0,-0.0929536783042393,-0.0885286783042393,-0.1141506857855361,-0.1097256857855361,-0.1690135286783042,-0.1645885286783042,-0.1752479426433915,-0.1708229426433914
2609,2024-05-15,2024,tradable,0.0397799999999999,-0.0397799999999999,True,0.367816091954023,0.367816091954023,0.6301369863013702,0.039115780706932314,1.7847694822428637,3.0,3.0,0.0247416666666665,0.0291666666666665,0.0025194444444444,0.0069444444444444,-0.004425,0.0,0.0677972222222221,0.0722222222222221
2613,2024-05-29,2024,tradable,0.16648,-0.16648,False,0.38778877887788776,0.36084142394822005,0.8524229074889866,0.0581205113410092,2.570598877629743,3.0,2.0,-0.0631807603686634,-0.0587557603686634,-0.0827660138248847,-0.0783410138248847,-0.057420391705069,-0.052995391705069,0.017464400921659,0.021889400921659
2615,2024-05-14,2024,tradable,0.05148,-0.05148,True,0.3464566929133861,0.3804238143289609,0.516629711751663,0.04083745572230355,7.225241696125557,3.0,3.0,0.0173141304347827,0.0217391304347827,0.0100677536231884,0.0144927536231884,-0.0073235507246377,-0.0028985507246377,0.2564445652173913,0.2608695652173913
2615,2026-08-24,2026,tradable,0.04958,-0.04958,False,0.25,0.4228571428571428,0.4821428571428572,0.03369444629365012,3.1590819853883385,3.0,3.0,-0.0199892023346302,-0.0155642023346302,-0.1211565175097276,-0.1167315175097276,-0.11726546692607,-0.11284046692607,-0.1133744163424124,-0.1089494163424124
2616,2026-03-06,2026,tradable,0.2186799999999999,-0.2186799999999999,True,0.599264705882353,0.5934065934065933,0.564748201438849,0.04484832434523085,4.6155835930383615,3.0,3.0,-0.004425,0.0,-0.1927095188284519,-0.1882845188284518,-0.2701153765690376,-0.2656903765690376,-0.2491948744769874,-0.2447698744769874
2630,2023-04-18,2023,tradable,0.07948,-0.07948,True,0.4020618556701032,0.4584450402144773,0.3807106598984771,0.03852190651131298,5.060400099485666,3.0,3.0,-0.0118876865671642,-0.0074626865671642,-0.0939772388059701,-0.0895522388059701,-0.0715891791044775,-0.0671641791044775,0.167216791044776,0.171641791044776
2640,2026-03-30,2026,tradable,-0.0081199999999999,0.0081199999999999,False,0.26797385620915026,0.33793103448275863,0.5772357723577235,0.02924702299164238,2.416956295741016,2.0,2.0,-0.0017864775725594,0.0026385224274405,-0.0598339709762533,-0.0554089709762533,-0.1178814643799472,-0.1134564643799472,-0.0598339709762533,-0.0554089709762533
2718,2024-05-07,2024,tradable,0.0522799999999999,-0.0522799999999999,False,0.3047619047619048,0.3894523326572008,0.5657142857142856,0.04261746625591017,1.2039518778657963,3.0,3.0,-0.0192948884758364,-0.0148698884758364,-0.2014510223048327,-0.1970260223048326,-0.2572131040892194,-0.2527881040892193,-0.2497781598513011,-0.2453531598513011
2719,2023-02-21,2023,tradable,0.2475799999999999,-0.2475799999999999,True,0.6064610866372984,0.5741007194244605,0.8112582781456954,0.0544207902287747,5.358650235922746,2.0,2.0,0.1003544117647058,0.1047794117647058,0.0102808823529413,0.0147058823529413,-0.0356749999999998,-0.0312499999999998,-0.061410294117647,-0.056985294117647
2719,2023-05-23,2023,tradable,0.2020799999999999,-0.2020799999999999,True,0.40464177598385476,0.5818181818181818,0.5130434782608695,0.054793067818408994,3.037547503261162,3.0,2.0,0.0823459815078237,0.0867709815078237,-0.0599015291607395,-0.0554765291607395,-0.0655914295874822,-0.0611664295874821,0.0951482574679944,0.0995732574679943
2719,2023-06-14,2023,tradable,0.05018,-0.05018,False,0.21176470588235285,0.42265193370165743,0.8899082568807339,0.0682462455252297,1.705421546806656,2.0,2.0,0.0317923038229376,0.0362173038229376,0.1072450201207243,0.1116700201207243,0.1223355633802815,0.1267605633802815,-0.0788716800804829,-0.0744466800804829
2719,2025-05-12,2025,tradable,0.0460799999999999,-0.0460799999999999,False,0.20547945205479445,0.35593220338983045,0.4239482200647249,,6.5292161318086706,2.0,2.0,-0.0660990088105726,-0.0616740088105726,0.007689537444934,0.012114537444934,-0.0110329295154184,-0.0066079295154184,0.0010816079295154,0.0055066079295154
2722,2023-06-21,2023,tradable,0.09428,-0.09428,True,0.40198511166253104,0.4599483204134367,0.6258992805755397,0.046422386551316135,2.244430346839581,5.0,4.0,-0.086392213114754,-0.081967213114754,-0.1560643442622951,-0.151639344262295,-0.2257364754098361,-0.2213114754098361,-0.2806545081967213,-0.2762295081967213
2724,2024-04-15,2024,tradable,0.20088,-0.20088,True,0.4691358024691359,0.5699208443271768,0.9193548387096775,0.04583726630712071,2.1585195286289904,2.0,2.0,-0.0855888591117916,-0.0811638591117916,-0.0886516462480857,-0.0842266462480857,-0.128467879019908,-0.124042879019908,0.2053759188361409,0.2098009188361409
2734,2023-06-07,2023,tradable,0.17978,-0.17978,True,0.37834941050375126,0.3902702702702703,0.899556868537666,0.054038460703762725,0.8516580121969947,3.0,2.0,-0.0191308823529411,-0.0147058823529411,-0.1353073529411764,-0.1308823529411764,-0.0603073529411763,-0.0558823529411763,-0.0029544117647058,0.0014705882352941
2734,2025-05-12,2025,tradable,0.05348,-0.05348,False,0.21563981042654023,0.3902439024390243,0.4132231404958677,0.04791341489589786,7.028711725158402,3.0,3.0,-0.0178865384615385,-0.0134615384615385,-0.002501923076923,0.0019230769230769,-0.0313480769230769,-0.0269230769230769,-0.0467326923076923,-0.0423076923076923
2736,2023-05-26,2023,tradable,0.09038,-0.09038,True,0.3776595744680853,0.523529411764706,0.7986111111111112,0.03580414768641535,4.523223318747239,4.0,2.0,0.0241464285714286,0.0285714285714286,0.0657048701298702,0.0701298701298702,0.0397308441558442,0.0441558441558442,0.147523051948052,0.151948051948052
2739,2023-02-23,2023,tradable,0.10238,-0.10238,True,0.43357664233576654,0.5587301587301587,0.6098360655737705,0.04563447469265279,1.060090708798993,3.0,2.0,-0.0025697124304267,0.0018552875695732,0.1068922541743969,0.1113172541743969,0.1551297309833025,0.1595547309833025,0.0067067254174396,0.0111317254174396
2740,2026-01-29,2026,tradable,0.0651799999999999,-0.0651799999999999,False,0.31362889983579634,0.3840830449826991,0.4440433212996391,0.04191955349659441,2.876426813757847,2.0,2.0,0.0248370865139949,0.0292620865139949,0.0795444656488549,0.0839694656488549,0.1406131679389314,0.1450381679389314,0.0935393765903308,0.0979643765903308
2743,2023-05-16,2023,tradable,0.1645799999999999,-0.1645799999999999,True,0.5127334465195246,0.4899665551839465,0.3921874999999999,0.04623349146762843,4.89264335666065,2.0,2.0,0.0007032051282051,0.0051282051282051,0.1237801282051282,0.1282051282051282,0.2981391025641026,0.3025641025641026,0.2878826923076923,0.2923076923076924
2745,2023-05-17,2023,tradable,0.1866799999999999,-0.1866799999999999,True,0.5093023255813955,0.5582232893157264,0.5676328502415462,0.040825887134859566,6.036792907457218,2.0,2.0,-0.0350528713629403,-0.0306278713629403,0.0752074655436446,0.0796324655436446,0.0828644333843798,0.0872894333843798,0.1441201761102603,0.1485451761102603
2745,2023-06-08,2023,tradable,0.1228799999999999,-0.1228799999999999,True,0.42480211081794206,0.47945205479452047,1.4269662921348316,0.057815348458270306,1.3670464575347794,2.0,2.0,-0.0184436915887849,-0.0140186915887849,-0.0277894859813083,-0.0233644859813083,-0.0511539719626168,-0.0467289719626168,0.0329581775700934,0.0373831775700934
2745,2024-04-26,2024,tradable,0.08788,-0.08788,True,0.4137931034482758,0.3804713804713806,0.5491183879093198,0.043606444111638394,2.797443445554302,2.0,2.0,-0.0674171259842519,-0.0629921259842519,0.0546301181102361,0.0590551181102361,0.0664411417322835,0.0708661417322835,0.0310080708661416,0.0354330708661416
2754,2023-02-16,2023,tradable,0.03938,-0.03938,True,0.32508833922261493,0.3204225352112675,0.32508833922261493,0.03661448479626274,3.077972895189382,2.0,2.0,0.0302416666666666,0.0346666666666666,0.1182416666666667,0.1226666666666667,0.1342416666666667,0.1386666666666667,0.1022416666666666,0.1066666666666666
2923,2026-04-16,2026,tradable,0.06078,-0.06078,True,0.4199475065616798,0.5325779036827196,0.45040214477211804,0.04733492540267198,3.4015256157062104,2.0,2.0,-0.0062075311942959,-0.0017825311942959,-0.0454232174688058,-0.0409982174688058,-0.0846389037433155,-0.0802139037433155,-0.2379365864527629,-0.2335115864527629
2929,2024-10-07,2024,tradable,0.1208799999999999,-0.1208799999999999,True,0.4879649890590809,0.5943728018757328,0.6152019002375297,0.04432366807348533,5.728413434652906,4.0,4.0,-0.0008278776978417,0.0035971223021582,-0.0619789568345324,-0.0575539568345324,-0.0583818345323741,-0.0539568345323741,-0.0835616906474819,-0.0791366906474819
3004,2025-05-22,2025,tradable,0.04318,-0.04318,False,0.3318181818181818,0.45049504950495045,0.6405375139977605,0.034524799678943924,4.624813537732429,4.0,4.0,-0.0146639078498293,-0.0102389078498293,0.0945511092150169,0.0989761092150169,-0.0180768771331057,-0.0136518771331057,0.002400938566553,0.006825938566553
3006,2026-01-02,2026,tradable,0.13278,-0.13278,True,0.3433609958506223,0.5850673194614442,0.677461139896373,0.048874382703099406,2.054633686323616,4.0,3.0,-0.0186093971631205,-0.0141843971631205,0.0345820921985814,0.0390070921985814,-0.0398859929078014,-0.0354609929078014,0.0913196808510638,0.0957446808510638
3006,2026-03-18,2026,tradable,0.12478,-0.12478,True,0.3385579937304075,0.4573378839590443,0.3343750000000001,0.06614863308463262,2.3287059929963365,2.0,2.0,0.0778692643391522,0.0822942643391522,-0.1066693890274313,-0.1022443890274313,-0.1191382169576059,-0.1147132169576059,-0.2238763715710723,-0.2194513715710723
3006,2026-08-07,2026,tradable,0.18758,-0.18758,True,0.42500000000000004,0.24514563106796117,0.08227848101265822,0.0768173001576917,1.6749502903131264,2.0,2.0,-0.004425,0.0,-0.0098696460980036,-0.0054446460980036,-0.0116845281306715,-0.0072595281306715,-0.0733905172413793,-0.0689655172413793
3008,2026-05-18,2026,tradable,-0.0187199999999999,0.0187199999999999,True,0.29273084479371314,0.2776699029126213,0.26295585412667943,0.044139010647824585,2.060688897540868,3.0,2.0,-0.02764706095791,-0.02322206095791,-7.086357039197584e-05,0.004354136429608,0.1116853047895499,0.1161103047895499,0.1087825471698113,0.1132075471698113
3008,2026-06-17,2026,tradable,0.01348,-0.01348,False,0.2457627118644068,0.29109159347553315,0.6078125000000001,0.05588370181303588,2.1461609923860485,3.0,2.0,0.0112152737047898,0.0156402737047898,-0.0269078934506353,-0.0224828934506353,0.0053501710654936,0.0097751710654936,-0.1647378054740957,-0.1603128054740957
3008,2026-09-01,2026,tradable,0.07568,-0.07568,True,0.3251748251748252,0.4328922495274101,0.74052812858783,0.0453435693398947,1.1883413837135293,5.0,4.0,0.0410903949129851,0.0455153949129851,-0.0137958165997322,-0.0093708165997322,-0.1342777443105756,-0.1298527443105755,-0.1938493641231593,-0.1894243641231593
3013,2023-07-05,2023,tradable,0.20918,-0.20918,True,0.5141843971631208,0.5061728395061729,0.41390728476821215,0.054745379952041595,2.0695636401278574,3.0,2.0,0.0453970640569395,0.0498220640569395,-0.0578057829181495,-0.0533807829181495,-0.0400121886120996,-0.0355871886120996,0.1296200771055752,0.1340450771055752
3013,2024-03-07,2024,tradable,0.09588,-0.09588,True,0.4140969162995596,0.3851132686084142,0.5105882352941178,0.04439665116579277,2.8176935569327504,4.0,4.0,-0.0535801459293394,-0.0491551459293394,-0.0981269969278033,-0.0937019969278033,-0.2502007296466972,-0.2457757296466972,-0.1826124039938556,-0.1781874039938555
3013,2024-07-17,2024,tradable,0.11998,-0.11998,False,0.427807486631016,0.4735099337748345,0.5170454545454546,0.04465114703163054,2.681803406667067,5.0,3.0,-0.0498795454545454,-0.0454545454545454,-0.1218492424242424,-0.1174242424242424,-0.1256371212121212,-0.1212121212121212,-0.2354856060606061,-0.231060606060606
3016,2025-09-19,2025,tradable,0.06448,-0.06448,False,0.2550335570469797,0.35180722891566263,0.5080645161290323,0.06088817676777406,2.262940551104313,3.0,3.0,-0.0312586314847942,-0.0268336314847942,0.0921760733452593,0.0966010733452593,0.0331420840787121,0.0375670840787121,0.0224086314847943,0.0268336314847943
3016,2026-05-05,2026,tradable,0.21188,-0.21188,True,0.6000000000000001,0.6388467374810318,1.1176470588235294,0.05293139293504532,1.116118796023475,2.0,2.0,-0.0381802742616034,-0.0337552742616034,-0.0170832278481012,-0.0126582278481012,0.0208914556962024,0.0253164556962024,-0.1394460970464135,-0.1350210970464135
3016,2026-09-29,2026,tradable,0.13748,-0.13748,True,0.4806866952789699,0.5753424657534247,0.7319277108433735,0.04482724991736988,3.9732700290379888,4.0,3.0,-0.0103073529411764,-0.0058823529411764,0.0573397058823529,0.0617647058823529,0.1014573529411765,0.1058823529411765,,
3018,2023-07-07,2023,tradable,0.3084800000000001,-0.3084800000000001,True,0.5967940813810111,,,,,2.0,2.0,-0.1593545774647886,-0.1549295774647886,-0.208650352112676,-0.204225352112676,-0.180481338028169,-0.176056338028169,-0.1769602112676056,-0.1725352112676056
3018,2024-07-04,2024,tradable,0.16708,-0.16708,True,0.48734177215189867,0.5460526315789473,0.5015974440894568,0.041816923695968115,10.126067842831754,2.0,2.0,0.1196967798594847,0.1241217798594847,0.1571675058548008,0.1615925058548009,0.1829286299765807,0.1873536299765807,0.2555281615925057,0.2599531615925057
3019,2024-12-19,2024,tradable,0.05068,-0.05068,True,0.37083333333333335,0.4429824561403508,0.46875,0.0416026303799888,5.2223922729837575,4.0,3.0,-0.0013575153374233,0.0030674846625766,0.0293173312883435,0.0337423312883435,0.0998694785276074,0.1042944785276074,0.0231823619631902,0.0276073619631902
3021,2026-05-28,2026,tradable,0.21928,-0.21928,True,0.6023391812865495,0.6117647058823528,0.6656534954407294,0.046953588476276245,1.1144592851210808,2.0,2.0,-0.004425,0.0,0.2048773255813952,0.2093023255813952,0.1915882890365446,0.1960132890365447,-0.1007705149501661,-0.0963455149501661
3024,2026-04-23,2026,tradable,0.0665799999999999,-0.0665799999999999,False,0.35096153846153855,0.3980099502487562,0.3774509803921571,0.03495814774108298,3.456348693714859,2.0,2.0,-0.0460916666666666,-0.0416666666666666,-0.066925,-0.0625,-0.1224805555555555,-0.1180555555555555,-0.0148416666666667,-0.0104166666666667
3026,2026-04-13,2026,tradable,0.14458,-0.14458,True,0.5379061371841156,0.453924914675768,1.0189573459715642,0.05002785727894337,1.384485133832585,2.0,2.0,-0.0236557692307692,-0.0192307692307692,0.0233527777777776,0.0277777777777776,-0.004425,0.0,-0.0728010683760683,-0.0683760683760683
3026,2026-05-08,2026,tradable,0.08018,-0.08018,True,0.5529411764705883,0.47651006711409405,0.7983651226158037,0.06685919872597236,2.2422986136976455,3.0,3.0,-0.0029052431610941,0.0015197568389058,-0.0165830547112462,-0.0121580547112462,-0.010504027355623,-0.006079027355623,0.4439032674772035,0.4483282674772035
3026,2026-06-16,2026,tradable,0.04178,-0.04178,True,0.23298033282904695,0.25384615384615383,1.2328767123287672,0.05621852011812702,6.345109235211116,3.0,3.0,0.0750930722891566,0.0795180722891566,0.076297891566265,0.080722891566265,-0.0453888554216867,-0.0409638554216867,0.0787075301204819,0.0831325301204819
3026,2026-07-06,2026,tradable,0.01038,-0.01038,False,0.25718015665796345,0.0735785953177257,0.5383386581469649,0.0648854760902857,3.8772526150216757,3.0,2.0,-0.0965715968586388,-0.0921465968586388,0.0479310209424083,0.0523560209424083,-0.1510218586387435,-0.1465968586387435,-0.2902888743455497,-0.2858638743455497
3030,2026-05-06,2026,tradable,0.00808,-0.00808,True,0.2610687022900764,0.2111436950146628,0.6259842519685039,0.051766242542787444,1.5277575611003962,2.0,2.0,-0.0103773809523809,-0.0059523809523809,-0.0591869047619047,-0.0547619047619047,-0.0187107142857142,-0.0142857142857142,-0.1782345238095238,-0.1738095238095238
3031,2026-04-16,2026,tradable,0.06388,-0.06388,False,0.2790697674418605,0.5,0.4347826086956521,0.048277494566881574,1.4486820380229772,3.0,2.0,0.0046935410334346,0.0091185410334346,-0.0363398936170211,-0.0319148936170211,-0.1001696808510638,-0.0957446808510638,-0.0454584346504558,-0.0410334346504558
3035,2023-07-21,2023,tradable,0.07988,-0.07988,True,0.28644067796610173,0.5521472392638036,0.9070351758793971,0.04164911928224541,1.4081714930213713,8.0,8.0,-0.0352337291399229,-0.0308087291399229,-0.1315110077021822,-0.1270860077021822,-0.1841425866495507,-0.1797175866495507,-0.2149513157894736,-0.2105263157894736
3036,2026-05-13,2026,tradable,0.03658,-0.03658,False,0.3271028037383177,0.3719806763285025,0.24835164835164836,0.03977451147485543,2.248307476321199,2.0,2.0,-0.0617166666666666,-0.0572916666666666,-0.0894944444444444,-0.0850694444444444,-0.035675,-0.03125,0.0233527777777776,0.0277777777777776
3037,2026-01-23,2026,tradable,0.03648,-0.03648,False,0.23722627737226287,0.5033259423503327,0.5622119815668203,0.03589453802639622,1.041264775106525,3.0,2.0,-0.0059242503748125,-0.0014992503748125,0.0975240254872563,0.1019490254872563,0.1305075337331335,0.1349325337331335,0.0150652548725637,0.0194902548725637
3037,2026-02-26,2026,tradable,0.0583799999999999,-0.0583799999999999,True,0.29609690444145365,0.25064935064935057,0.5633116883116882,0.052513896489632395,1.246841829786076,3.0,3.0,0.0333312028047464,0.0377562028047464,-0.1047486245954692,-0.1003236245954692,-0.0723861650485436,-0.0679611650485436,0.0915836299892124,0.0960086299892124
3037,2026-03-17,2026,tradable,0.06628,-0.06628,True,0.2806603773584906,0.17278617710583144,0.4856361149110806,0.06545952999558419,1.422492750511553,2.0,2.0,0.0501204545454544,0.0545454545454544,0.0028477272727273,0.0072727272727273,-0.1680613636363637,-0.1636363636363637,-0.1962431818181818,-0.1918181818181817
3037,2026-04-10,2026,tradable,0.09528,-0.09528,True,0.30603889457523037,0.26086956521739135,0.36909871244635184,0.06464638816564419,1.3853957187422266,3.0,3.0,-0.0185982283464567,-0.0141732283464567,-0.0311966535433071,-0.0267716535433071,0.0081734251968505,0.0125984251968505,0.2396694881889763,0.2440944881889764
3037,2026-05-27,2026,tradable,0.00868,-0.00868,False,0.31227217496962334,0.21076233183856496,0.3090909090909091,0.05248958653349913,0.881586989327553,3.0,2.0,-0.0933138888888889,-0.0888888888888889,-0.0710916666666666,-0.0666666666666666,-0.1155361111111111,-0.1111111111111111,-0.2186472222222222,-0.2142222222222222
3037,2026-08-06,2026,tradable,0.0790799999999999,-0.0790799999999999,True,0.3589385474860336,0.0859375,0.12746234067207407,0.07051629598513541,0.8922479263873817,3.0,2.0,-0.0358651622718052,-0.0314401622718052,0.0016601926977687,0.0060851926977687,0.0097737829614604,0.0141987829614604,0.1517616125760649,0.1561866125760649
3040,2025-06-24,2025,tradable,0.05218,-0.05218,True,0.3784683684794674,0.3986486486486487,0.4113636363636364,0.036733866092583,5.063265537000011,2.0,2.0,0.0067392743221689,0.0111642743221689,0.0386372009569379,0.0430622009569379,0.1088126395534289,0.1132376395534289,0.0386372009569379,0.0430622009569379
3041,2023-10-24,2023,tradable,0.05988,-0.05988,True,0.34594594594594597,0.3795013850415512,0.3795013850415512,0.04765984198933268,6.164144864282259,4.0,4.0,0.0808924603174604,0.0853174603174604,0.0610511904761904,0.0654761904761904,-0.0599805555555554,-0.0555555555555554,0.0967654761904762,0.1011904761904762
3042,2026-04-14,2026,tradable,0.1083799999999999,-0.1083799999999999,True,0.42021276595744683,0.4654226125137213,0.427807486631016,0.037982675824121535,6.633006440373629,2.0,2.0,-0.023221992481203,-0.018796992481203,0.1346727443609022,0.1390977443609022,0.2474546992481202,0.2518796992481202,0.1196351503759397,0.1240601503759397
3043,2023-08-17,2023,tradable,0.07638,-0.07638,True,0.4130434782608696,0.5094339622641508,0.44846796657381627,0.03914173994370716,7.4355972328899735,2.0,2.0,0.0340365384615385,0.0384615384615385,0.0532673076923077,0.0576923076923077,0.1474980769230768,0.1519230769230768,0.2590365384615384,0.2634615384615384
3047,2024-07-08,2024,tradable,0.15238,-0.15238,False,0.3748006379585327,0.6450381679389314,0.6640926640926643,0.053153629579990286,0.6444717007433312,6.0,2.0,-0.1131693946188341,-0.1087443946188341,0.0370548206278026,0.0414798206278026,-0.0335729820627803,-0.0291479820627803,-0.1692232062780269,-0.1647982062780268
3048,2024-06-04,2024,tradable,0.15378,-0.15378,False,0.4315196998123827,0.5168986083499005,0.613107822410148,0.038728007353781436,2.074339034490136,3.0,2.0,-0.1113837628865978,-0.1069587628865978,-0.1719507731958762,-0.1675257731958762,-0.1423115979381441,-0.1378865979381441,0.0265028350515465,0.0309278350515465
3048,2026-05-22,2026,tradable,0.11708,-0.11708,False,0.32798573975044554,0.7570754716981132,0.9451697127937337,0.04423873723119292,1.5829413860690915,3.0,2.0,-0.0777499051833122,-0.0733249051833122,-0.1194692477876105,-0.1150442477876105,-0.0941847977243994,-0.0897597977243994,-0.1662454804045512,-0.1618204804045512
3049,2026-01-22,2026,tradable,0.12878,-0.12878,False,0.4032869785082174,0.574468085106383,0.5081521739130435,0.06112482691976074,1.800903505487543,3.0,3.0,-0.181379732510288,-0.176954732510288,-0.2562768518518519,-0.2518518518518519,-0.3097747942386831,-0.3053497942386831,-0.2381698559670781,-0.2337448559670781
3049,2026-03-06,2026,tradable,0.17788,-0.17788,False,0.4134615384615383,0.6297117516629711,0.6171617161716172,0.05858625165911003,3.2355051610393146,2.0,2.0,-0.0155361111111111,-0.0111111111111111,-0.004425,0.0,-0.0822027777777778,-0.0777777777777778,0.3289083333333332,0.3333333333333332
3055,2026-05-13,2026,tradable,0.09928,-0.09928,False,0.4348925410872315,0.46074646074646064,0.860655737704918,0.04967554226907722,3.8884445746566527,3.0,3.0,-0.0622027777777778,-0.0577777777777778,1.944444444447295e-05,0.0044444444444444,-0.0088694444444444,-0.0044444444444444,-0.004425,0.0
3055,2026-07-02,2026,tradable,0.07698,-0.07698,True,0.37254901960784315,0.6129032258064517,0.39303482587064686,0.05965001882676727,2.465070459551531,2.0,2.0,0.069518661971831,0.073943661971831,0.2350116197183097,0.2394366197183097,0.1082510563380282,0.1126760563380282,0.1434623239436619,0.147887323943662
3057,2025-05-19,2025,tradable,0.05498,-0.05498,False,0.37544273907910264,0.38690476190476186,0.4382716049382718,0.04408188509330262,5.32049576112179,3.0,3.0,-0.046441806722689,-0.042016806722689,0.0375918067226891,0.0420168067226891,0.0123817226890755,0.0168067226890755,0.03339012605042,0.03781512605042
3057,2025-12-26,2025,tradable,0.04318,-0.04318,False,0.239193083573487,0.360759493670886,0.4285714285714286,0.045485107871898287,1.944234909186258,4.0,4.0,-0.0346575581395348,-0.0302325581395348,-0.0300063953488371,-0.0255813953488371,0.0723191860465114,0.0767441860465114,-0.0997738372093023,-0.0953488372093023
3058,2023-04-20,2023,tradable,0.15658,-0.15658,True,0.5377358490566038,0.5474683544303796,0.5825242718446602,0.04649210588065667,2.893276610779114,3.0,3.0,-0.1103073529411764,-0.1058823529411764,-0.1338367647058823,-0.1294117647058823,-0.1240328431372549,-0.1196078431372549,0.0151828431372548,0.0196078431372548
3060,2024-04-15,2024,tradable,0.10028,-0.10028,True,0.4341463414634146,0.42028985507246386,0.3835294117647059,0.039709569436768635,4.874720435654224,3.0,3.0,-0.0586622881355932,-0.0542372881355932,-0.0620521186440677,-0.0576271186440677,-0.1603572033898306,-0.1559322033898306,-0.0552724576271186,-0.0508474576271186
3064,2024-05-07,2024,tradable,0.04968,-0.04968,False,0.2796092796092795,0.3628088426527958,0.37172774869109926,,1.2228322177934874,2.0,2.0,-0.0505504612546125,-0.0461254612546125,0.0066451107011068,0.0110701107011068,0.0324753690036899,0.0369003690036899,0.5269403136531364,0.5313653136531364
3066,2024-01-12,2024,tradable,0.09608,-0.09608,False,0.2715053763440858,0.40356083086053385,0.39117647058823524,0.04372536046537859,9.3080709209935,3.0,2.0,0.0256179184549355,0.0300429184549355,-0.0108627682403434,-0.0064377682403434,0.0814119098712446,0.0858369098712446,0.2402101931330472,0.2446351931330472
3066,2026-03-18,2026,tradable,0.0816799999999999,-0.0816799999999999,True,0.34461538461538477,0.405144694533762,0.4566666666666668,0.0515523916014037,4.58207800132329,2.0,2.0,0.0964924311926606,0.1009174311926606,-0.0709387614678899,-0.0665137614678899,-0.089287385321101,-0.084862385321101,-0.1236910550458716,-0.1192660550458716
3071,2025-08-15,2025,tradable,0.0649799999999999,-0.0649799999999999,True,0.3386243386243388,0.39779005524861866,0.4016620498614958,0.036830794978543115,11.196069276614521,2.0,2.0,0.0267034046692608,0.0311284046692608,-0.0472265564202334,-0.0428015564202334,-0.0238802529182879,-0.0194552529182879,0.0364310311284047,0.0408560311284047
3073,2023-06-27,2023,tradable,0.14828,-0.14828,True,,,,,,2.0,2.0,-0.1614665400202634,-0.1570415400202633,-0.1837563069908815,-0.1793313069908815,-0.1685587386018238,-0.1641337386018238,-0.2009802178318136,-0.1965552178318136
3073,2024-07-09,2024,tradable,0.14178,-0.14178,False,0.31707317073170715,0.5069767441860464,0.7632653061224488,0.06370226829197703,1.332016984883932,3.0,2.0,0.0380920068027211,0.0425170068027211,0.2557790816326529,0.2602040816326529,0.3016974489795919,0.3061224489795919,0.713262074829932,0.717687074829932
3073,2024-07-19,2024,tradable,0.1824799999999999,-0.1824799999999999,True,0.3765182186234819,0.5596330275229355,1.608695652173913,0.07334008293831538,2.043699507480545,5.0,3.0,0.0230979357798165,0.0275229357798165,-0.1704800458715596,-0.1660550458715596,-0.2475442660550458,-0.2431192660550458,-0.3475442660550459,-0.3431192660550459
3073,2025-05-06,2025,tradable,0.21938,-0.21938,True,0.5870570107858242,0.6246056782334386,0.4841498559077808,0.07141117579563241,9.732188191326822,2.0,2.0,-0.0341279702970297,-0.0297029702970297,0.0252779702970297,0.0297029702970297,0.0153769801980198,0.0198019801980198,0.0470601485148515,0.0514851485148515
3081,2024-09-02,2024,tradable,0.1976799999999999,-0.1976799999999999,True,0.4862745098039216,0.5661157024793388,0.8221153846153846,0.04024678852342992,6.373691608087688,3.0,3.0,0.0356819518716576,0.0401069518716576,-0.0017512032085561,0.0026737967914438,0.1052006684491978,0.1096256684491978,0.1078744652406417,0.1122994652406417
3081,2024-09-25,2024,tradable,0.01228,-0.01228,False,0.2564102564102564,0.27122641509433953,1.0416666666666665,0.053142424697137675,2.4254359321953403,3.0,3.0,0.0122725881261595,0.0166975881261595,0.0920499536178106,0.0964749536178106,0.2794339981447123,0.2838589981447124,0.4055935528756956,0.4100185528756956
3081,2024-10-04,2024,tradable,0.0235799999999999,-0.0235799999999999,True,0.2838589981447124,0.6130536130536131,0.7789203084832905,0.04995581627603226,3.4582141786887233,6.0,2.0,-0.0316066881258941,-0.0271816881258941,-0.0258842274678111,-0.0214592274678111,0.0828425250357653,0.0872675250357652,-0.0330373032904148,-0.0286123032904148
3081,2025-01-20,2025,tradable,-0.02212,0.02212,True,0.3378561736770691,0.34515688949522505,0.42074927953890495,0.03866288779542791,3.9113551061865435,3.0,3.0,0.0180239795918367,0.0224489795918367,-0.0319760204081632,-0.0275510204081632,-0.0799352040816326,-0.0755102040816326,-0.0421801020408163,-0.0377551020408163
3081,2025-08-19,2025,tradable,8.00000000000245e-05,-8.00000000000245e-05,False,0.24246231155778886,0.2566709021601017,0.4291907514450868,0.043209254143347184,4.053804019561999,2.0,2.0,-0.0575947341513291,-0.0531697341513291,-0.1168994376278118,-0.1124744376278118,-0.062707208588957,-0.058282208588957,-0.0453247955010225,-0.0408997955010225
3081,2025-11-27,2025,tradable,0.03798,-0.03798,False,0.2298850574712643,0.23556581986143188,0.23414071510957335,0.04583097472339884,5.720461994698112,4.0,3.0,-0.030255258302583,-0.025830258302583,-0.0228751845018449,-0.0184501845018449,-0.004425,0.0,0.0380104243542435,0.0424354243542435
3081,2026-01-28,2026,tradable,-0.00782,0.00782,True,0.16883116883116878,0.3452914798206279,0.4876033057851239,0.044254303736502645,2.0498643573342825,5.0,3.0,0.028977922755741,0.033402922755741,0.0383724947807934,0.0427974947807934,0.1803349164926931,0.1847599164926932,0.1281428496868476,0.1325678496868476
3081,2026-04-13,2026,tradable,0.0478799999999999,-0.0478799999999999,False,0.2712328767123289,0.3727810650887573,0.6111111111111112,0.06610528686502952,1.282219731987133,6.0,2.0,-0.0828148305084745,-0.0783898305084745,-0.0023063559322032,0.0021186440677967,0.2074394067796611,0.2118644067796611,0.0718461864406779,0.0762711864406779
3081,2026-04-23,2026,tradable,0.0190799999999999,-0.0190799999999999,False,0.2769556025369979,0.4346793349168645,1.157142857142857,0.054541051217336746,1.8420777484634507,6.0,2.0,-0.1272865863141524,-0.1228615863141524,-0.2252648133748056,-0.2208398133748056,-0.1832741446345256,-0.1788491446345256,-0.1894949844479004,-0.1850699844479004
3081,2026-08-07,2026,tradable,0.20608,-0.20608,True,0.4141104294478528,0.30965909090909083,0.14962593516209477,0.07590774586768198,2.0013501043135125,6.0,2.0,0.009575,0.014,0.085575,0.09,0.011575,0.016,0.1635749999999999,0.1679999999999999
3085,2024-09-23,2024,tradable,0.1889799999999999,-0.1889799999999999,True,0.5159010600706713,0.5487364620938628,0.5431654676258992,0.04269141690688704,3.4934512176788934,2.0,2.0,-0.0914738322717621,-0.0870488322717621,-0.1063358280254778,-0.1019108280254778,-0.1148283970276009,-0.1104033970276009,-0.0383952760084925,-0.0339702760084925
3086,2025-10-27,2025,tradable,-0.00042,0.00042,False,0.25531914893617014,0.34090909090909083,0.7226277372262773,0.039378970910690474,0.8839351607161252,3.0,2.0,-0.0188878099173553,-0.0144628099173553,-0.0870696280991735,-0.0826446280991735,-0.0974002066115702,-0.0929752066115702,-0.0994663223140496,-0.0950413223140496
3086,2026-03-23,2026,tradable,0.02688,-0.02688,False,0.194672131147541,0.3071748878923768,0.2841409691629957,0.043867966002433124,0.9784130317005724,2.0,2.0,0.0005749999999998,0.0049999999999998,-0.0227583333333333,-0.0183333333333333,-0.0277583333333333,-0.0233333333333333,0.0789083333333332,0.0833333333333332
3086,2026-04-22,2026,tradable,0.1438799999999999,-0.1438799999999999,False,,-0.8670769230769231,-0.8518010291595197,,,2.0,2.0,-0.1623197368421053,-0.1578947368421053,-0.1402144736842105,-0.1357894736842105,-0.1833723684210526,-0.1789473684210526,-0.1507407894736843,-0.1463157894736843
3089,2023-06-28,2023,tradable,0.23898,-0.23898,True,0.4640883977900552,0.6036308623298035,0.5340086830680175,0.048007164312274545,4.149073142369839,2.0,2.0,0.057186374407583,0.061611374407583,0.2514991706161137,0.2559241706161137,0.4505513033175355,0.4549763033175356,-0.138074289099526,-0.133649289099526
3090,2026-05-20,2026,tradable,0.12788,-0.12788,True,0.4571428571428571,0.6919431279620853,0.6527777777777777,0.052036533664979234,1.8996912011840854,3.0,3.0,0.049338440860215,0.053763440860215,0.267080376344086,0.271505376344086,0.2375104838709677,0.2419354838709677,0.1461126344086022,0.1505376344086022
3090,2026-06-18,2026,tradable,0.19268,-0.19268,True,0.42703862660944214,0.504524886877828,0.6964285714285714,0.07098773386950034,2.038146314344309,4.0,4.0,-0.0147494837758111,-0.0103244837758111,-0.1106196902654867,-0.1061946902654867,-0.0899707227138642,-0.0855457227138642,-0.0648969764011799,-0.0604719764011799
3092,2025-12-30,2025,tradable,0.14878,-0.14878,True,0.46666666666666656,0.5077881619937694,0.6296296296296295,0.04606655021070513,5.568025415523914,2.0,2.0,0.019575,0.024,0.027575,0.032,0.095575,0.1,0.1695750000000001,0.1740000000000001
3092,2026-03-02,2026,tradable,0.15338,-0.15338,True,0.5269978401727864,0.46680497925311193,0.35961538461538467,0.05501647032572948,2.7225106653123237,2.0,2.0,0.0163794382801664,0.0208044382801664,0.0441186893203883,0.0485436893203883,-0.1542169556171982,-0.1497919556171982,-0.0252294382801664,-0.0208044382801664
3093,2023-03-13,2023,tradable,0.0537799999999999,-0.0537799999999999,False,0.22733812949640275,0.3892508143322475,0.4336134453781513,0.030684873400159636,2.5503682199590867,3.0,3.0,-0.0284634615384615,-0.0240384615384615,-0.0452903846153846,-0.0408653846153846,-0.0152423076923077,-0.0108173076923077,-0.0452903846153846,-0.0408653846153846
3093,2026-04-10,2026,tradable,0.0983799999999999,-0.0983799999999999,False,0.3154084798345398,0.5270108043217288,0.8956780923994041,0.07188344033343143,3.1559548130206836,3.0,3.0,0.0880706369982548,0.0924956369982548,0.3149467277486911,0.3193717277486911,0.2695715095986039,0.2739965095986039,0.0706186300174521,0.0750436300174521
3093,2026-04-15,2026,tradable,0.1243799999999999,-0.1243799999999999,False,0.3079584775086506,0.5899053627760251,0.6950672645739908,0.07098604215803642,1.4613425889427947,5.0,2.0,-0.0361710317460316,-0.0317460317460316,-0.0322027777777776,-0.0277777777777776,-0.1486048941798941,-0.144179894179894,-0.1790281746031745,-0.1746031746031745
3105,2026-02-26,2026,tradable,0.1177799999999999,-0.1177799999999999,True,0.3228962818003913,0.42917547568710357,0.4889867841409692,0.06023861952907401,1.4886359181503148,3.0,3.0,-0.002914425981873,0.0015105740181269,-0.1177180513595166,-0.1132930513595166,-0.1026123111782477,-0.0981873111782477,-0.0588056646525679,-0.0543806646525679
3114,2026-06-05,2026,tradable,0.2141799999999999,-0.2141799999999999,True,0.42879999999999985,0.5805309734513273,0.7173076923076922,0.042217688357536184,5.261234956088924,4.0,4.0,0.10613400621118,0.11055900621118,0.0266309006211179,0.0310559006211179,0.0142085403726707,0.0186335403726707,0.2999228260869565,0.3043478260869565
3122,2023-10-05,2023,tradable,0.1095799999999999,-0.1095799999999999,False,0.2911931818181819,0.4247648902821317,0.8253012048192774,0.047823819182788774,3.3502405299842253,4.0,2.0,0.0226020270270271,0.0270270270270271,0.0316110360360361,0.0360360360360361,-0.1159114864864864,-0.1114864864864864,0.0428722972972973,0.0472972972972973
3122,2024-06-11,2024,tradable,0.10768,-0.10768,True,0.4411764705882353,0.5213454075032342,0.5135135135135134,0.042871500084313924,3.1424296564406857,3.0,3.0,-0.0302870689655172,-0.0258620689655172,0.0007474137931032,0.0051724137931032,0.0472991379310344,0.0517241379310344,-0.0320112068965517,-0.0275862068965517
3122,2025-06-30,2025,tradable,0.1562799999999999,-0.1562799999999999,True,0.46446700507614236,0.3903614457831326,0.4425000000000001,0.046257391546693026,11.881786325603652,2.0,2.0,-0.0617166666666667,-0.0572916666666667,0.0320333333333332,0.0364583333333332,-0.0009527777777779,0.003472222222222,0.0042555555555555,0.0086805555555555
3128,2025-04-17,2025,tradable,0.1233799999999999,-0.1233799999999999,True,0.30612244897959173,0.08704883227176219,-0.20496894409937894,0.08121769924105862,1.9955340711935599,2.0,2.0,0.0183022727272727,0.0227272727272727,-0.1294249999999999,-0.1249999999999998,-0.0745007575757574,-0.0700757575757574,-0.0025310606060605,0.0018939393939394
3131,2023-05-29,2023,tradable,-0.00612,0.00612,False,0.22522522522522515,0.3005464480874316,0.4251497005988023,0.03435661378787833,2.941710692530107,2.0,2.0,-0.027389509394572,-0.022964509394572,0.0686438935281838,0.0730688935281838,0.0811699895615866,0.0855949895615866,0.1020468162839248,0.1064718162839248
3131,2026-05-28,2026,tradable,0.0971799999999999,-0.0971799999999999,False,0.3462962962962963,0.23850085178875635,0.26655052264808354,0.0515169124896876,2.511668656313316,4.0,3.0,-0.1012836387434554,-0.0968586387434554,-0.1392417539267015,-0.1348167539267015,-0.1641108638743456,-0.1596858638743455,-0.2099223821989528,-0.2054973821989528
3135,2026-01-02,2026,tradable,0.07188,-0.07188,False,0.27507163323782247,0.3629402756508424,0.40378548895899047,0.042566365170812664,2.425935951560075,2.0,2.0,-0.0851195863125638,-0.0806945863125638,-0.0238325587334014,-0.0194075587334014,-0.039154315628192,-0.034729315628192,0.2417445607763023,0.2461695607763023
3135,2026-05-12,2026,tradable,0.04898,-0.04898,False,0.3098159509202454,0.5415162454873645,0.8405172413793103,0.048235678112745775,0.7887564308748874,3.0,2.0,-0.0161346018735363,-0.0117096018735363,0.0072846018735363,0.0117096018735363,-0.1238629391100702,-0.1194379391100702,0.049439168618267,0.053864168618267
3138,2026-01-14,2026,tradable,0.09188,-0.09188,True,0.42995169082125595,0.35779816513761475,0.5432742440041709,0.04725282914796296,1.7852253102295592,2.0,2.0,0.0494470538720538,0.0538720538720538,0.1100531144781144,0.1144781144781144,0.1571911616161615,0.1616161616161615,0.2481002525252525,0.2525252525252526
3138,2026-03-03,2026,tradable,0.06718,-0.06718,False,0.276470588235294,0.17934782608695654,0.24,0.06297330605553182,3.159587737077652,3.0,2.0,-0.0622563253012048,-0.0578313253012048,-0.1345454819277108,-0.1301204819277108,-0.1996057228915663,-0.1951807228915663,-0.0791237951807228,-0.0746987951807228
3141,2026-09-07,2026,tradable,0.0546799999999999,-0.0546799999999999,False,0.23936816524908866,0.4107883817427387,0.2749999999999999,0.04470463221579481,1.9610472541731145,3.0,2.0,-0.0645235221674876,-0.0600985221674876,-0.0970358374384236,-0.0926108374384236,-0.1275777093596058,-0.1231527093596058,-0.0901392857142857,-0.0857142857142857
3147,2025-04-18,2025,tradable,0.0745799999999999,-0.0745799999999999,False,0.25,0.14010989010989006,0.14640883977900554,0.06608023699131778,3.2409532340034204,2.0,2.0,0.0027692446043165,0.0071942446043165,0.1178771582733812,0.1223021582733812,0.350491067146283,0.354916067146283,0.3576853117505995,0.3621103117505995
3147,2025-04-25,2025,tradable,0.06788,-0.06788,True,0.3614457831325302,0.7018072289156627,0.49470899470899465,0.07155816822268246,0.3349112068373947,4.0,2.0,0.0925899253731342,0.0970149253731342,0.042216791044776,0.046641791044776,0.0552764925373133,0.0597014925373133,-0.0641264925373133,-0.0597014925373133
3147,2026-06-04,2026,tradable,0.1302799999999999,-0.1302799999999999,True,0.497191011235955,0.47237569060773477,0.5099150141643058,0.043584287240622584,2.8519117904443707,2.0,2.0,0.0773240494296577,0.0817490494296577,0.1837879277566539,0.188212927756654,0.204700475285171,0.209125475285171,0.2389210076045628,0.2433460076045628
3152,2023-11-24,2023,tradable,-0.01572,0.01572,False,0.23636363636363633,0.2534562211981566,0.33660933660933656,0.03520357848338181,5.504359805450258,2.0,2.0,-0.0191038990825688,-0.0146788990825688,-0.0374525229357798,-0.0330275229357798,-0.0502965596330274,-0.0458715596330274,-0.0833240825688072,-0.0788990825688072
3163,2023-07-31,2023,tradable,0.05868,-0.05868,False,0.3806179775280898,0.2272159800249689,0.5957792207792207,0.051241236453896735,2.5233505036600743,3.0,2.0,-0.085022014925373,-0.080597014925373,-0.1755692786069652,-0.1711442786069652,-0.0601463930348258,-0.0557213930348258,-0.085022014925373,-0.080597014925373
3163,2025-12-01,2025,tradable,0.14338,-0.14338,False,0.34439834024896276,0.37872340425531914,0.34719334719334727,0.04920110722677168,3.393834585725815,3.0,2.0,-0.029425,-0.025,-0.0106749999999999,-0.0062499999999999,0.01745,0.021875,0.2080749999999999,0.2124999999999999
3163,2026-01-29,2026,tradable,0.0082799999999999,-0.0082799999999999,True,0.27016129032258074,0.29452054794520555,0.1856963613550815,0.04552115988331748,4.530500002535626,4.0,4.0,-0.0583669087136929,-0.0539419087136929,-0.0552548755186722,-0.0508298755186722,-0.025171887966805,-0.020746887966805,0.337898651452282,0.342323651452282
3163,2026-03-16,2026,tradable,0.0480799999999999,-0.0480799999999999,True,0.4746543778801844,0.18811881188118806,0.9591836734693877,0.06306719907449752,4.093723269510013,4.0,3.0,-0.0384162280701754,-0.0339912280701754,0.002153947368421,0.006578947368421,-0.1042057017543859,-0.0997807017543859,-0.0449951754385965,-0.0405701754385965
3163,2026-04-08,2026,tradable,0.0598799999999999,-0.0598799999999999,True,0.3085714285714285,0.39464068209500613,0.7588325652841781,0.07240869527698805,1.0612457848726708,3.0,3.0,0.0518520562770562,0.0562770562770562,0.0345360389610388,0.0389610389610388,0.0431940476190476,0.0476190476190476,0.0172200216450216,0.0216450216450216
3163,2026-05-26,2026,tradable,0.0591799999999999,-0.0591799999999999,False,0.3555555555555556,0.1455399061032865,0.17307692307692313,0.05873018356367376,1.4569614572138987,3.0,2.0,-0.1064658163265306,-0.1020408163265306,-0.1636086734693878,-0.1591836734693877,-0.197894387755102,-0.193469387755102,-0.2027923469387755,-0.1983673469387755
3167,2024-09-23,2024,tradable,0.14138,-0.14138,True,0.41749723145071993,0.5686274509803924,0.3646055437100213,0.05212149091869855,3.0442774607908203,4.0,4.0,-0.0199288759689922,-0.0155038759689922,-0.0121769379844961,-0.0077519379844961,0.1118540697674418,0.1162790697674418,0.1854974806201549,0.1899224806201549
3167,2026-02-11,2026,tradable,0.01188,-0.01188,True,0.27764705882352936,0.16774193548387095,0.1778741865509761,0.046667655754801904,1.4312997048401068,2.0,2.0,-0.0168583925399644,-0.0124333925399644,0.0435323712255771,0.0479573712255771,0.0932659413854352,0.0976909413854352,-0.0168583925399644,-0.0124333925399644
3167,2026-03-13,2026,tradable,0.0840799999999999,-0.0840799999999999,True,0.34192439862542945,0.3148148148148149,0.9002433090024331,0.056933593757046264,1.6348552556102875,2.0,2.0,-0.0030607435197816,0.0013642564802183,-0.0521739768076397,-0.0477489768076397,-0.0630880286493861,-0.0586630286493861,0.010581821282401,0.015006821282401
3167,2026-04-02,2026,tradable,-0.01422,0.01422,True,0.27467811158798283,0.24789915966386555,0.6141304347826086,0.0721527257181812,3.1949548450065177,2.0,2.0,0.0079716942148761,0.0123966942148761,0.1856576446280992,0.1900826446280992,0.2641700413223141,0.2685950413223141,0.3798725206611569,0.3842975206611569
3167,2026-04-30,2026,tradable,-0.02692,0.02692,True,0.34741784037558676,0.28507462686567164,1.3364993215739482,0.06372953757144495,2.9758171818210104,2.0,2.0,-0.0216862197928653,-0.0172612197928653,-0.0895803509781357,-0.0851553509781357,-0.2173133774453395,-0.2128883774453395,-0.1586252301495972,-0.1542002301495972
3176,2023-11-06,2023,tradable,0.0863799999999999,-0.0863799999999999,False,0.2642487046632125,0.4169570267131244,0.8208955223880596,0.05458403903071138,2.1214746843652907,2.0,2.0,-0.0027829638752051,0.0016420361247948,-0.0208453612479474,-0.0164203612479474,-0.1587763957307061,-0.1543513957307061,-0.1308617816091953,-0.1264367816091953
3178,2023-05-24,2023,tradable,0.07228,-0.07228,False,0.32772020725388606,0.28446115288220564,0.24242424242424243,0.04016055829485852,5.504328186504795,2.0,2.0,-0.0336932926829268,-0.0292682926829268,-0.0434493902439024,-0.0390243902439024,-0.0561323170731706,-0.0517073170731706,-0.060034756097561,-0.055609756097561
3178,2025-08-04,2025,tradable,0.10428,-0.10428,False,0.40894220283533245,0.38626609442060067,0.41048034934497823,0.04079055478913819,8.48324256622474,2.0,2.0,-0.0675991140215718,-0.0631741140215718,-0.0691399460708783,-0.0647149460708783,-0.1246098998459168,-0.1201848998459168,-0.1508040446841295,-0.1463790446841295
3189,2026-03-18,2026,tradable,0.01788,-0.01788,True,0.2581755593803787,0.2847100175746924,0.5072164948453608,0.05544366586065215,1.3767238419136505,5.0,4.0,0.072822191011236,0.077247191011236,-0.0325148876404493,-0.0280898876404493,-0.0170654494382021,-0.0126404494382021,-0.0718407303370787,-0.0674157303370787
3189,2026-04-22,2026,tradable,0.01128,-0.01128,False,0.28161668839634935,0.2474619289340101,0.42052023121387294,0.05641387480164658,2.3827121672109355,2.0,2.0,-0.0386991935483871,-0.0342741935483871,0.0338814516129032,0.0383064516129032,0.0197685483870967,0.0241935483870967,-0.0114814516129032,-0.0070564516129032
3189,2026-04-27,2026,tradable,0.00848,-0.00848,False,0.19628339140534257,0.4051841746248295,0.465149359886202,0.053923564300237745,1.8204674683980384,4.0,2.0,-0.0293770153550863,-0.0249520153550864,0.0090107005758156,0.0134357005758156,0.0070913147792707,0.0115163147792707,-0.0562484165067178,-0.0518234165067178
3189,2026-05-26,2026,tradable,0.0547799999999999,-0.0547799999999999,True,0.35672514619883033,0.4089068825910931,0.3514563106796116,0.05576455521949557,1.6728665707655814,3.0,2.0,-0.0374828512396694,-0.0330578512396694,-0.0002927685950412,0.0041322314049587,0.0189909779614324,0.0234159779614324,-0.0209539256198346,-0.0165289256198346
3189,2026-08-06,2026,tradable,0.12888,-0.12888,True,0.47577854671280284,0.08662420382165603,0.12980132450331117,0.07357922730319842,1.854599227043672,5.0,2.0,-0.0339061320754716,-0.0294811320754716,-0.0115004716981131,-0.0070754716981131,-0.0008872641509433,0.0035377358490567,-0.0008872641509433,0.0035377358490567
3191,2023-07-13,2023,tradable,0.1531799999999999,-0.1531799999999999,True,0.4814814814814816,0.4492753623188408,0.38089758342922897,0.04706363128430461,2.9925841667848165,2.0,2.0,-0.0991219696969697,-0.0946969696969697,-0.0726068181818181,-0.0681818181818181,0.014514393939394,0.018939393939394,0.2493628787878788,0.2537878787878789
3191,2026-05-27,2026,tradable,0.15868,-0.15868,True,0.4797297297297296,0.6102941176470587,0.6043956043956042,0.04138116248321495,3.8658153945654927,2.0,2.0,-0.004425,0.0,0.0226020270270269,0.0270270270270269,-0.137481133056133,-0.133056133056133,-0.1728241683991684,-0.1683991683991684
3211,2024-11-13,2024,tradable,0.13358,-0.13358,True,0.48584905660377364,0.47196261682243,0.529126213592233,0.03943012488264713,5.935425735694859,2.0,2.0,-0.0458262738853503,-0.0414012738853503,-0.0553804140127388,-0.0509554140127388,0.0210527070063694,0.0254777070063694,0.1165941082802547,0.1210191082802547
3211,2025-06-27,2025,tradable,-0.00562,0.00562,False,0.25207756232686984,0.21832884097035032,0.11604938271604937,0.04375027232419748,2.0302578061942174,2.0,2.0,0.0090279147982063,0.0134529147982063,0.0314494394618835,0.0358744394618835,0.0583552690582959,0.0627802690582959,0.1009561659192824,0.1053811659192824
3211,2025-08-22,2025,tradable,0.04208,-0.04208,False,0.21265377855887513,0.32183908045977017,0.550561797752809,0.03637946145967188,2.423908405487552,2.0,2.0,-0.0114672535211267,-0.0070422535211267,0.0307862676056337,0.0352112676056337,0.0209271126760563,0.0253521126760563,0.1293778169014084,0.1338028169014085
3213,2025-02-25,2025,tradable,0.0887799999999999,-0.0887799999999999,False,0.27188940092165903,0.3855421686746989,0.6849816849816848,0.03691016959798133,2.171660658616708,3.0,2.0,-0.0081014705882352,-0.0036764705882352,0.0139573529411764,0.0183823529411764,-0.0007485294117647,0.0036764705882352,-0.129425,-0.125
3219,2024-06-17,2024,tradable,0.1245799999999999,-0.1245799999999999,True,0.4406130268199233,0.46113989637305686,0.39950372208436735,0.04385188771046816,6.6395987572740065,3.0,3.0,0.0794910839160839,0.0839160839160839,0.0742463286713287,0.0786713286713287,0.1913791958041958,0.1958041958041958,0.1109596153846152,0.1153846153846152
3219,2024-08-15,2024,tradable,0.1001799999999999,-0.1001799999999999,True,0.41120381406436235,0.16996047430830052,0.018932874354561147,0.05825240024579507,5.517256459406803,2.0,2.0,-0.0010579966329965,0.0033670033670034,-0.0667145622895621,-0.0622895622895621,-0.0852330808080807,-0.0808080808080807,-0.0330445286195285,-0.0286195286195285
3219,2025-04-30,2025,tradable,0.0862799999999999,-0.0862799999999999,False,0.2594936708860758,0.22461538461538444,0.18805970149253715,0.07499993177232309,1.7195507105412193,3.0,3.0,-0.0365237654320986,-0.0320987654320986,0.0449577160493827,0.0493827160493827,0.0511305555555555,0.0555555555555555,0.1190317901234569,0.1234567901234569
3219,2025-08-28,2025,tradable,0.19088,-0.19088,True,0.52332361516035,0.7741935483870968,1.3456790123456792,0.051966334434636566,0.6075787254890422,4.0,2.0,-0.0314520270270269,-0.0270270270270269,-0.1161367117117117,-0.1117117117117117,-0.1125331081081081,-0.1081081081081081,-0.0900105855855856,-0.0855855855855856
3219,2026-09-29,2026,tradable,0.1955799999999999,-0.1955799999999999,True,0.39755011135857465,0.4661214953271029,0.44087256027554544,0.050489807863917546,1.0542264665925851,2.0,2.0,0.0071134615384614,0.0115384615384614,-0.0159634615384614,-0.0115384615384614,0.0763442307692307,0.0807692307692307,,
3221,2026-04-21,2026,tradable,0.0634799999999999,-0.0634799999999999,True,0.41798941798941813,0.5314285714285714,0.45850340136054424,0.07270329420937466,1.3370826283114379,3.0,3.0,-0.0641264925373134,-0.0597014925373134,-0.1928578358208955,-0.1884328358208955,-0.1965891791044777,-0.1921641791044777,-0.1853951492537313,-0.1809701492537313
3221,2026-05-25,2026,tradable,0.1538799999999999,-0.1538799999999999,False,0.34977578475336335,0.3744292237442923,0.38390804597701167,0.05342844940290256,2.4488677211635856,2.0,2.0,-0.0010409052453469,0.003384094754653,0.0141875211505923,0.0186125211505923,-0.031497758037225,-0.027072758037225,-0.0213454737732656,-0.0169204737732656
3228,2023-11-13,2023,tradable,0.0488799999999999,-0.0488799999999999,False,0.21527777777777768,0.4522821576763485,0.440329218106996,0.04807333454337449,2.4176725696193384,3.0,2.0,0.043327808988764,0.0477528089887639,0.0349008426966292,0.0393258426966292,0.2427660112359549,0.247191011235955,0.298945786516854,0.303370786516854
3228,2023-11-21,2023,tradable,0.03458,-0.03458,True,0.24128686327077742,0.5694915254237287,1.030701754385965,0.049127697846088246,1.3526157603668532,5.0,2.0,0.0810450854700853,0.0854700854700853,0.0318997863247864,0.0363247863247864,0.0404467948717949,0.0448717948717949,0.1195066239316239,0.1239316239316239
3228,2024-01-05,2024,tradable,0.0094799999999999,-0.0094799999999999,False,0.2133580705009277,0.24571428571428577,0.3106212424849699,0.042834725291237455,1.4330955476004488,2.0,2.0,-0.022773623853211,-0.018348623853211,0.0720275993883791,0.0764525993883791,0.1454220948012231,0.1498470948012231,0.1637707186544342,0.1681957186544342
3228,2024-01-11,2024,tradable,0.0013799999999999,-0.0013799999999999,False,0.20625000000000004,0.5287128712871287,0.38103756708407865,0.04357629445912554,1.8066850050471777,4.0,2.0,-0.0201318062827224,-0.0157068062827224,0.0440043193717277,0.0484293193717277,-0.0057339005235602,-0.0013089005235602,0.0191352094240838,0.0235602094240838
3228,2026-04-23,2026,tradable,0.18868,-0.18868,True,0.4981412639405205,0.57421875,0.625,0.04900085397463603,6.091034668498444,2.0,2.0,0.028671926713948,0.033096926713948,0.0192156619385343,0.0236406619385343,-0.0682547872340425,-0.0638297872340425,0.1397830378250592,0.1442080378250592
3229,2024-06-11,2024,tradable,0.12618,-0.12618,True,0.32954545454545436,0.5194805194805194,0.5344262295081967,0.049826216429020666,1.9702543351688684,3.0,2.0,-0.00051875,0.00390625,-0.053253125,-0.048828125,0.063934375,0.068359375,0.0190125,0.0234375
3229,2025-12-16,2025,tradable,0.08778,-0.08778,True,0.39423076923076916,0.7575757575757576,0.9661016949152543,0.05624776865750506,2.993602267048809,5.0,2.0,-0.0893146434634974,-0.0848896434634974,-0.1283638794567062,-0.1239388794567062,-0.0808256791171477,-0.0764006791171477,-0.0638477504244482,-0.0594227504244482
3230,2024-08-14,2024,tradable,0.1513799999999999,-0.1513799999999999,True,0.370967741935484,0.3222222222222222,0.8085106382978724,0.07325962160369737,2.0180762490524944,2.0,2.0,0.1078198979591839,0.1122448979591839,0.2387722789115646,0.2431972789115646,0.4836702380952381,0.4880952380952381,0.6571396258503402,0.6615646258503403
3230,2024-09-20,2024,tradable,0.13188,-0.13188,True,0.3887468030690535,0.2326901248581157,0.3660377358490565,0.06440270382604626,3.311355128483994,4.0,2.0,-0.041462037037037,-0.037037037037037,0.008537962962963,0.012962962962963,0.0122416666666666,0.0166666666666666,0.0603898148148148,0.0648148148148148
3230,2025-07-30,2025,tradable,0.1570799999999999,-0.1570799999999999,True,0.46383647798742134,0.4824840764331211,0.45696400625978084,0.04214088379225223,6.958435038179903,2.0,2.0,0.0124171052631577,0.0168421052631577,0.0418907894736843,0.0463157894736843,0.0650486842105263,0.0694736842105263,0.170311842105263,0.174736842105263
3230,2026-02-10,2026,tradable,0.09148,-0.09148,True,0.26776859504132244,0.23510466988727852,0.1099855282199711,0.05554370792164373,4.140792458023784,2.0,2.0,0.1139260638297871,0.1183510638297871,0.0766920212765957,0.0811170212765957,0.1338728723404253,0.1382978723404253,0.1485005319148936,0.1529255319148936
3230,2026-06-29,2026,tradable,0.14358,-0.14358,True,0.39712918660287055,0.5208333333333333,0.4503311258278144,0.042546918856306744,2.713081319455839,2.0,2.0,0.0053576086956522,0.0097826086956522,0.1151402173913044,0.1195652173913044,0.104270652173913,0.108695652173913,0.1629663043478261,0.1673913043478261
3234,2023-07-14,2023,tradable,0.1027799999999999,-0.1027799999999999,False,0.28383458646616533,0.41995841995841987,0.5629290617848968,0.04224079504366861,2.126811659567491,2.0,2.0,-0.0102474163027656,-0.0058224163027656,-0.0844832241630276,-0.0800582241630276,-0.1135953056768559,-0.1091703056768559,-0.1019504730713246,-0.0975254730713246
3234,2024-04-30,2024,tradable,0.1365799999999999,-0.1365799999999999,True,0.44508670520231197,0.4144271570014144,0.26582278481012667,0.04941954788554849,3.291656859369628,2.0,2.0,0.0188308139534884,0.0232558139534884,-0.0741924418604651,-0.0697674418604651,-0.0367809150657229,-0.0323559150657229,0.0168085692618805,0.0212335692618805
3234,2024-10-09,2024,tradable,0.05368,-0.05368,True,0.36363636363636354,0.3214285714285714,0.47802929427430096,0.04024099562803857,3.6423451403274427,3.0,3.0,-0.0310679840142096,-0.0266429840142096,-0.1038921403197157,-0.0994671403197157,-0.0665919626998223,-0.0621669626998223,-0.077249156305506,-0.0728241563055061
3234,2026-02-11,2026,tradable,0.0866799999999999,-0.0866799999999999,False,0.2607260726072609,0.2524590163934428,0.7383390216154722,0.06056644580250429,0.9689833246622966,3.0,2.0,0.0391681307793922,0.0435931307793922,0.232034709379128,0.236459709379128,0.3826291611624833,0.3870541611624833,-0.0533021466314399,-0.0488771466314399
3234,2026-04-13,2026,tradable,0.1280799999999999,-0.1280799999999999,True,0.49819494584837565,0.31052631578947376,0.44767441860465107,0.06300170373133399,1.6935947797639865,3.0,3.0,-0.0372118852459016,-0.0327868852459016,-0.0822938524590164,-0.0778688524590164,-0.004425,0.0,-0.1724577868852459,-0.1680327868852459
3236,2026-05-26,2026,tradable,0.11018,-0.11018,True,0.4441687344913152,0.6463932107496464,0.969543147208122,0.04558791183182384,2.0221780844922654,5.0,3.0,-0.0777149022801303,-0.0732899022801303,-0.1086595276872963,-0.1042345276872963,-0.1086595276872963,-0.1042345276872963,-0.0842295602605862,-0.0798045602605862
3260,2025-12-30,2025,tradable,0.0800799999999999,-0.0800799999999999,True,0.3025,0.40053763440860224,0.48857142857142866,0.04201527170197815,1.9192807840170554,2.0,2.0,0.068511660268714,0.072936660268714,0.1088187619961612,0.1132437619961612,0.1088187619961612,0.1132437619961612,0.0454790307101728,0.0499040307101728
3260,2026-03-12,2026,tradable,0.03938,-0.03938,False,0.22280701754385968,0.16946308724832204,0.052870090634441036,0.052268546633905726,1.5439905363183366,2.0,2.0,0.0376039855072464,0.0420289855072464,0.2549952898550723,0.2594202898550724,0.5173141304347827,0.5217391304347827,0.0709373188405796,0.0753623188405796
3264,2026-01-02,2026,tradable,0.0883799999999999,-0.0883799999999999,True,0.3587540279269603,0.39470782800441007,0.44406392694063945,0.03811456497649217,2.8008105827704046,2.0,2.0,-0.0353130308880309,-0.0308880308880309,-0.0237300193050192,-0.0193050193050192,-0.0391740347490347,-0.0347490347490347,0.0882390926640927,0.0926640926640927
3268,2024-02-05,2024,tradable,0.0994799999999999,-0.0994799999999999,True,0.37401574803149606,0.37401574803149606,0.2998137802607075,0.042325007978803265,7.1326206798348215,2.0,2.0,-0.0354984463276836,-0.0310734463276836,-0.0411481638418078,-0.0367231638418078,-0.0778713276836158,-0.0734463276836158,0.0012247175141243,0.0056497175141243
3272,2026-04-22,2026,tradable,0.05678,-0.05678,False,0.34827586206896566,0.24920127795527147,0.153392330383481,0.050100405952022614,6.770507372281622,2.0,2.0,-0.0530183503836316,-0.0485933503836316,-0.0811513427109974,-0.0767263427109974,-0.0990541560102302,-0.0946291560102302,-0.0581334398976982,-0.0537084398976982
3284,2024-08-15,2024,tradable,0.1889799999999999,-0.1889799999999999,True,0.5362318840579712,0.2527272727272729,0.4429319371727749,0.06119336683471627,4.847401888405776,2.0,2.0,-0.0844249999999999,-0.0799999999999999,-0.1120112068965517,-0.1075862068965517,-0.1258043103448275,-0.1213793103448275,-0.1299422413793104,-0.1255172413793104
3285,2026-06-16,2026,tradable,0.1531799999999999,-0.1531799999999999,True,0.476725521669342,0.4959349593495934,0.6140350877192982,0.04900018507629903,8.321956722703153,2.0,2.0,0.0242093612334802,0.0286343612334802,0.112315088105727,0.116740088105727,-0.0308567180616738,-0.0264317180616738,0.1057071585903083,0.1101321585903083
3287,2023-06-21,2023,tradable,0.0963799999999999,-0.0963799999999999,False,0.3288770053475938,0.3579234972677596,0.3844011142061283,0.04159422512997475,3.84313108117064,2.0,2.0,-0.0955141089108911,-0.0910891089108911,0.0292383663366336,0.0336633663366336,-0.0182863861386138,-0.0138613861386138,-0.0559101485148515,-0.0514851485148515
3287,2023-12-12,2023,tradable,0.13338,-0.13338,True,0.4192307692307691,0.6327433628318582,0.5668789808917196,0.041809153839311546,4.714294170052024,3.0,3.0,-0.0332208115183246,-0.0287958115183246,-0.0279852094240838,-0.0235602094240838,-0.0253674083769634,-0.0209424083769634,-0.0751056282722514,-0.0706806282722514
3287,2024-05-02,2024,tradable,0.0649799999999999,-0.0649799999999999,False,0.22493887530562362,0.27480916030534375,0.4800590841949779,0.06767457211962016,3.826495413302389,2.0,2.0,-0.0652093137254902,-0.0607843137254902,-0.0240328431372549,-0.0196078431372549,-0.0818759803921569,-0.0774509803921569,-0.0406995098039215,-0.0362745098039215
3287,2025-04-21,2025,tradable,0.0573799999999999,-0.0573799999999999,False,0.3389830508474576,0.1334289813486369,0.31011608623548925,0.08473267817160078,3.425211426590404,2.0,2.0,-0.0598406171284635,-0.0554156171284635,-0.0673972921914357,-0.0629722921914357,0.1278168136020151,0.1322418136020151,0.0786984256926951,0.0831234256926951
3288,2024-01-04,2024,tradable,0.21188,-0.21188,True,0.5647058823529412,0.3525423728813559,0.7892376681614348,,3.165214516043101,2.0,2.0,-0.1155361111111111,-0.1111111111111111,-0.1225536549707601,-0.1181286549707602,-0.2219688596491227,-0.2175438596491227,-0.2886355263157895,-0.2842105263157894
3288,2026-07-20,2026,tradable,0.22618,-0.22618,True,0.6054794520547946,0.4797979797979799,0.4019138755980862,0.06260735886603101,5.898763562166775,2.0,2.0,-0.1593770766773163,-0.1549520766773163,-0.2328595047923323,-0.2284345047923323,-0.2088978434504793,-0.2044728434504793,-0.1785464057507987,-0.1741214057507987
3289,2026-04-15,2026,tradable,0.12738,-0.12738,True,0.33941605839416056,0.3849056603773584,0.47389558232931717,0.05524233602252683,1.7739196556733778,2.0,2.0,-0.0016701790633609,0.002754820936639,0.0864840909090908,0.0909090909090908,0.1167871212121211,0.1212121212121211,0.0589358815426998,0.0633608815426998
3294,2024-01-31,2024,tradable,0.19578,-0.19578,True,0.5065274151436032,0.5679347826086958,0.5065274151436032,0.04131729803190469,2.618174300590438,2.0,2.0,-0.004425,0.0,0.2037768927444795,0.2082018927444795,0.3252279968454258,0.3296529968454258,0.6201806782334386,0.6246056782334386
3294,2025-05-28,2025,tradable,0.0443799999999999,-0.0443799999999999,True,0.3127208480565371,0.25084175084175087,0.3173758865248226,0.04782812564196744,2.1773941046222,4.0,4.0,0.0184552153432032,0.0228802153432032,-0.0259593203230147,-0.0215343203230147,-0.004425,0.0,-0.0273052153432032,-0.0228802153432032
3297,2024-06-26,2024,tradable,0.19548,-0.19548,True,0.4911894273127755,0.6552567237163816,0.585480093676815,0.05203060989405825,2.1405374622859688,4.0,4.0,-0.0543515785609396,-0.0499265785609396,-0.0426041483113068,-0.0381791483113068,0.0543121512481644,0.0587371512481644,-0.0235145741556533,-0.0190895741556533
3297,2025-04-11,2025,tradable,0.1141799999999999,-0.1141799999999999,True,0.28305785123966953,0.4018058690744921,0.4408352668213458,0.06702572024679194,3.515240540521976,3.0,2.0,-1.3235294117662846e-05,0.0044117647058823,-0.0573661764705881,-0.0529411764705881,0.0205750000000001,0.0250000000000001,0.0558691176470588,0.0602941176470588
3297,2025-05-26,2025,tradable,0.15868,-0.15868,True,0.45166666666666666,0.411669367909238,0.20804438280166426,0.06235379299020917,3.4945575732544505,3.0,3.0,-0.0328713894967178,-0.0284463894967178,-0.12915147702407,-0.12472647702407,-0.12915147702407,-0.12472647702407,-0.179479704595186,-0.175054704595186
3297,2025-07-04,2025,tradable,0.0584799999999999,-0.0584799999999999,False,0.2278481012658229,0.47930283224400894,0.8179384203480591,0.0596795473418938,2.7988907968245145,5.0,2.0,-0.0117242700729926,-0.0072992700729926,0.004334124087591,0.008759124087591,0.0160129562043797,0.0204379562043797,-0.0788775547445256,-0.0744525547445256
3303,2024-08-14,2024,tradable,0.1122799999999999,-0.1122799999999999,True,0.33563218390804606,0.2494623655913979,0.2713347921225382,0.04907707844085313,6.610298420952098,2.0,2.0,0.0230192538593482,0.0274442538593482,0.0110123927958835,0.0154373927958835,0.048748241852487,0.053173241852487,0.1242199399656946,0.1286449399656946
3305,2025-09-01,2025,tradable,0.04438,-0.04438,False,0.24390243902439024,0.31443298969072164,0.6887417218543046,0.060334819678404525,2.169058140868156,5.0,4.0,-0.0534816037735848,-0.0490566037735848,-0.1063117924528301,-0.1018867924528301,-0.0232929245283018,-0.0188679245283018,0.0446316037735848,0.0490566037735848
3306,2023-07-28,2023,tradable,0.0976799999999999,-0.0976799999999999,False,0.36790123456790114,0.2706422018348622,0.5261707988980717,0.04998202550717864,1.275695638420215,2.0,2.0,-0.1318246509598604,-0.1273996509598604,-0.1745820680628272,-0.1701570680628272,-0.0951754363001744,-0.0907504363001744,-0.1545122600349039,-0.1500872600349039
3306,2023-08-21,2023,tradable,0.0618799999999999,-0.0618799999999999,True,0.3347022587268993,0.2476007677543186,0.6049382716049383,0.06728827820455754,3.5534587166435285,4.0,3.0,0.036484090909091,0.040909090909091,-0.0195765151515151,-0.0151515151515151,-0.0316977272727272,-0.0272727272727272,-0.0574553030303029,-0.0530303030303029
3308,2023-04-13,2023,tradable,0.13468,-0.13468,True,0.41191709844559576,0.6124260355029587,0.5843023255813955,0.04236434046289039,2.088561697878034,3.0,3.0,-0.0027527591973243,0.0016722408026756,0.0323642976588628,0.0367892976588628,0.0173141304347827,0.0217391304347827,-0.0311808528428092,-0.0267558528428092
3308,2023-06-14,2023,tradable,0.06688,-0.06688,False,0.26530612244897966,0.40271493212669696,0.2109375,0.047797465037899875,4.199291332992139,3.0,3.0,-0.0151661385606874,-0.0107411385606874,-0.0345001879699248,-0.0300751879699248,-0.037722529538131,-0.033297529538131,-0.0914282223415681,-0.0870032223415681
3308,2026-01-05,2026,tradable,0.1108799999999999,-0.1108799999999999,True,0.4430379746835442,0.42056074766355134,0.4568690095846646,0.03854212490774388,5.8243619034528535,3.0,3.0,-0.0591295951859955,-0.0547045951859955,-0.0656941466083151,-0.0612691466083151,-0.0022368161925602,0.0021881838074397,0.1465596827133478,0.1509846827133478
3312,2024-05-31,2024,tradable,0.05658,-0.05658,True,0.34530938123752497,0.4041666666666668,0.4525862068965518,0.04554198790024626,4.360094092895021,6.0,4.0,0.03339012605042,0.03781512605042,-0.0604474089635854,-0.0560224089635854,-0.0674502100840336,-0.0630252100840336,0.0249867647058822,0.0294117647058822
3312,2026-06-05,2026,tradable,0.05528,-0.05528,False,0.34730538922155674,0.4165792235047219,0.6167664670658684,0.05206763768036739,3.7676260001040083,2.0,2.0,-0.004425,0.0,-0.0274513157894736,-0.0230263157894736,-0.055411842105263,-0.050986842105263,0.1041276315789475,0.1085526315789475
3313,2024-02-23,2024,tradable,0.1874799999999999,-0.1874799999999999,True,0.3938356164383563,0.58984375,0.8669724770642202,0.04981369783644948,3.2530423155438517,3.0,2.0,0.0548167061611374,0.0592417061611374,0.1211674170616114,0.1255924170616114,0.1069494075829383,0.1113744075829383,0.0524470379146918,0.0568720379146918
3313,2025-09-09,2025,tradable,0.1398799999999999,-0.1398799999999999,True,0.46303501945525305,0.45736434108527124,0.3525179856115108,0.040556147389411594,4.810626247650188,3.0,3.0,-0.0259303763440861,-0.0215053763440861,-0.0608766129032258,-0.0564516129032258,-0.0635647849462366,-0.0591397849462366,-0.0259303763440861,-0.0215053763440861
3321,2024-02-21,2024,tradable,0.11008,-0.11008,True,0.4626865671641791,0.41516245487364634,0.4961832061068703,0.047663501270090426,2.9288365839761057,3.0,3.0,0.0366006410256411,0.0410256410256411,-0.0454506410256411,-0.0410256410256411,-0.0249378205128204,-0.0205128205128204,-0.0223737179487179,-0.0179487179487179
3323,2025-09-11,2025,tradable,0.1777799999999999,-0.1777799999999999,True,0.47258485639686687,0.4099999999999999,0.3925925925925926,0.0444803454267615,3.293106700482907,3.0,3.0,-0.0721333333333332,-0.0677083333333332,-0.14505,-0.140625,-0.1537305555555556,-0.1493055555555555,-0.0634527777777777,-0.0590277777777777
3324,2024-04-09,2024,tradable,0.02438,-0.02438,False,0.2554426705370101,0.23219373219373218,0.5148861646234677,0.05205234188509786,0.9988212657186832,5.0,4.0,-0.0669974217844727,-0.0625724217844727,-0.1098711181923522,-0.1054461181923522,-0.1469510718424101,-0.1425260718424101,-0.1921422653534182,-0.1877172653534182
3324,2026-09-01,2026,tradable,0.05978,-0.05978,True,0.29107981220657275,0.4059304703476483,0.45656779661016955,0.04445985388689089,2.4197271342822777,2.0,2.0,0.0392113636363637,0.0436363636363636,0.075575,0.08,-0.0298795454545455,-0.0254545454545455,-0.0880613636363636,-0.0836363636363636
3338,2023-07-24,2023,tradable,0.05598,-0.05598,False,0.31433506044905,0.5953878406708593,0.5755693581780539,0.04341741839255092,5.196990877330662,4.0,3.0,-0.0150916666666666,-0.0106666666666666,-0.0497583333333334,-0.0453333333333334,-0.096425,-0.092,-0.1764249999999999,-0.1719999999999999
3339,2026-04-16,2026,tradable,0.08438,-0.08438,True,0.34328358208955234,0.721311475409836,0.8805970149253732,0.05823902843597106,1.618326460075673,5.0,4.0,0.0955749999999998,0.0999999999999998,0.1289083333333335,0.1333333333333335,-0.0171234126984126,-0.0126984126984126,-0.1345837301587302,-0.1301587301587302
3346,2026-06-02,2026,tradable,0.10068,-0.10068,True,0.42414860681114575,0.46496815286624216,0.3411078717201168,0.04616042626982566,8.621628873194968,2.0,2.0,0.0198040748898679,0.0242290748898679,0.1717864537444934,0.1762114537444934,0.088086013215859,0.092511013215859,0.0858833700440527,0.0903083700440527
3349,2024-01-16,2024,tradable,0.1264799999999999,-0.1264799999999999,False,0.3112244897959182,0.4812680115273773,0.5073313782991202,0.04148259904689641,1.929204972755705,4.0,4.0,-0.0901914233576641,-0.0857664233576641,-0.1613593065693429,-0.1569343065693429,-0.1540600364963503,-0.1496350364963503,-0.1029651459854014,-0.0985401459854014
3349,2025-02-07,2025,tradable,0.16758,-0.16758,True,0.46129032258064506,0.4335443037974682,0.3092485549132946,,9.115312467624646,2.0,2.0,-0.066925,-0.0625,-0.129425,-0.125,-0.079425,-0.075,-0.1502583333333333,-0.1458333333333333
3354,2024-01-26,2024,tradable,0.13538,-0.13538,False,0.3227513227513228,0.6286644951140066,0.639344262295082,0.05403080112337447,4.211215286231439,4.0,2.0,-0.0397191176470588,-0.0352941176470588,0.0661632352941176,0.0705882352941176,-0.016189705882353,-0.011764705882353,-0.0789348039215685,-0.0745098039215685
3354,2024-09-19,2024,tradable,0.07188,-0.07188,True,0.4516129032258065,0.5989847715736041,0.5829145728643217,0.05821882446369025,3.496535934568048,3.0,2.0,-0.0790518656716417,-0.0746268656716417,-0.0909921641791044,-0.0865671641791044,-0.1268130597014926,-0.1223880597014925,-0.085022014925373,-0.080597014925373
3354,2025-12-29,2025,tradable,0.13588,-0.13588,True,0.5048309178743962,0.4728132387706856,0.8377581120943953,0.06013981988224365,3.279786081637413,3.0,3.0,-0.1393223607038123,-0.1348973607038123,-0.1613164956011731,-0.1568914956011731,-0.2067710410557185,-0.2023460410557185,-0.1422549120234605,-0.1378299120234605
3360,2024-01-30,2024,tradable,0.1844799999999999,-0.1844799999999999,True,0.5358490566037737,0.5074074074074075,0.5836575875486383,0.041898374878620956,5.750681547182297,3.0,3.0,0.0778994552058113,0.0823244552058113,0.0197880750605327,0.0242130750605327,-0.050429842615012,-0.046004842615012,-0.033480690072639,-0.029055690072639
3362,2023-03-08,2023,tradable,0.0691799999999999,-0.0691799999999999,True,0.33333333333333326,0.4339622641509433,0.5,0.0407621954178981,3.7559002718250927,2.0,2.0,-9.599567099570668e-05,0.0043290043290042,-0.0477150432900432,-0.0432900432900432,-0.0693600649350649,-0.0649350649350649,0.0085620129870128,0.0129870129870128
3362,2026-06-17,2026,tradable,0.0489799999999999,-0.0489799999999999,False,0.2134502923976609,0.583969465648855,0.8281938325991189,0.05799020162765826,3.4944291646755445,4.0,2.0,0.0198468446601941,0.0242718446601941,-0.1015123786407766,-0.0970873786407766,0.0198468446601941,0.0242718446601941,-0.0942308252427184,-0.0898058252427184
3363,2023-07-18,2023,tradable,0.0780799999999999,-0.0780799999999999,True,0.3805825242718446,0.45846153846153825,0.5176093916755602,0.0487670826507605,1.7856331371501142,5.0,2.0,-0.0436141891891892,-0.0391891891891892,-0.0490195945945945,-0.0445945945945945,0.0293587837837837,0.0337837837837837,-0.0165871621621622,-0.0121621621621622
3363,2024-02-29,2024,tradable,0.06928,-0.06928,False,0.3123644251626898,0.5633074935400515,0.6923076923076923,0.04363764882389816,2.016041362880748,6.0,5.0,-0.012655452674897,-0.008230452674897,0.0326120370370369,0.0370370370370369,0.0161511316872428,0.0205761316872428,-0.0455772633744856,-0.0411522633744856
3363,2026-02-25,2026,tradable,0.0856799999999999,-0.0856799999999999,True,0.35381114903299204,0.29912663755458513,0.4782608695652173,0.04658577022315509,1.7564126433939495,4.0,2.0,-0.0010916666666665,0.0033333333333334,0.0305749999999999,0.0349999999999999,0.0172416666666667,0.0216666666666667,-0.029425,-0.025
3372,2024-03-05,2024,tradable,0.1688799999999999,-0.1688799999999999,True,0.5202492211838006,0.5061728395061729,0.6885813148788926,0.04630400062103287,6.00007691100766,2.0,2.0,-0.0253018267223382,-0.0208768267223382,-0.1401243736951983,-0.1356993736951983,-0.1108968162839248,-0.1064718162839248,-0.1401243736951983,-0.1356993736951983
3372,2024-06-04,2024,tradable,0.1287799999999999,-0.1287799999999999,False,0.3120393120393119,0.45504087193460485,0.44324324324324316,0.0440821964006793,2.5877837518139724,2.0,2.0,-0.1053595794392523,-0.1009345794392523,-0.1502193925233644,-0.1457943925233644,-0.198817523364486,-0.1943925233644859,-0.1221820093457943,-0.1177570093457943
3373,2023-11-30,2023,tradable,0.1021799999999999,-0.1021799999999999,True,0.3922902494331064,0.43457943925233655,0.3705357142857144,0.03778654093712957,11.013336880917235,2.0,2.0,0.0857389344262295,0.0901639344262295,-0.0683594262295081,-0.0639344262295081,-0.0814741803278688,-0.0770491803278689,-0.1716381147540984,-0.1672131147540984
3374,2024-06-14,2024,tradable,0.06618,-0.06618,False,0.3448275862068966,0.35521235521235517,0.5064377682403434,0.0348318446409213,4.082572398889313,3.0,3.0,-0.0157886363636363,-0.0113636363636363,-0.0498795454545454,-0.0454545454545454,0.0126204545454545,0.0170454545454545,0.0183022727272727,0.0227272727272727
3374,2024-08-21,2024,tradable,0.0088799999999999,-0.0088799999999999,False,0.2332563510392609,0.27446300715990457,0.32506203473945416,0.05745802614214097,0.9886162937908489,2.0,2.0,-0.0488694444444443,-0.0444444444444444,-0.0655361111111111,-0.0611111111111111,0.0177972222222221,0.0222222222222221,-0.0896101851851851,-0.0851851851851851
3374,2026-05-15,2026,tradable,0.0619799999999999,-0.0619799999999999,False,0.22737306843267113,0.3865336658354115,0.5067750677506775,0.058689914392452296,2.4184423912166944,2.0,2.0,-0.0626956766917293,-0.0582706766917293,-0.136003947368421,-0.131578947368421,-0.0532971804511278,-0.0488721804511278,-0.0307407894736841,-0.0263157894736841
3374,2026-06-25,2026,tradable,0.0145799999999999,-0.0145799999999999,False,0.2331288343558282,0.34298440979955447,0.20359281437125754,0.050951981928826766,1.049839741817177,2.0,2.0,-0.0649292016806722,-0.0605042016806722,-0.0413997899159663,-0.0369747899159663,0.0577598739495798,0.0621848739495798,0.1938943277310924,0.1983193277310924
3374,2026-07-16,2026,tradable,0.0494799999999999,-0.0494799999999999,False,0.2172573189522342,0.29934210526315796,0.6844349680170576,0.05535034887039927,1.915668013865994,2.0,2.0,-0.0328802845528455,-0.0284552845528455,0.025385298102981,0.029810298102981,0.0877159214092141,0.0921409214092141,-0.3214981707317073,-0.3170731707317072
3374,2026-08-31,2026,tradable,0.07728,-0.07728,True,0.39669421487603307,0.4444444444444444,0.3875205254515599,0.049500733412977456,2.3974533327142615,2.0,2.0,-0.0067918639053254,-0.0023668639053254,-0.0576794378698225,-0.0532544378698225,0.1068176035502958,0.1112426035502958,0.012143047337278,0.016568047337278
3376,2024-03-06,2024,tradable,0.02088,-0.02088,True,0.3404907975460123,0.39171974522292996,0.5948905109489051,0.05723638122711339,1.181083598606828,2.0,2.0,-0.0066925736961451,-0.0022675736961451,-0.0815225056689342,-0.0770975056689342,-0.1268739795918367,-0.1224489795918367,-0.1178036848072562,-0.1133786848072562
3379,2025-01-17,2025,tradable,0.2597799999999999,-0.2597799999999999,True,0.4891443167305236,0.546419098143236,0.7402985074626864,0.057750052415289334,4.246939349315962,4.0,4.0,-0.0592637096774193,-0.0548387096774193,-0.0802314516129032,-0.0758064516129032,-0.1770056451612903,-0.1725806451612903,-0.0850701612903226,-0.0806451612903226
3388,2026-04-20,2026,tradable,0.1879799999999999,-0.1879799999999999,True,0.47896879240162815,0.6540212443095599,0.6615853658536588,0.041738261974843906,5.540934988756083,3.0,2.0,0.0257474137931034,0.0301724137931034,-0.025976724137931,-0.021551724137931,-0.1164939655172413,-0.1120689655172413,0.0257474137931034,0.0301724137931034
3406,2026-08-31,2026,tradable,0.17128,-0.17128,True,0.5296803652968036,0.4866863905325445,1.0594262295081966,0.04811421959718658,2.226481995869852,2.0,2.0,-0.004425,0.0,-0.0183553482587064,-0.0139303482587064,-0.0223354477611939,-0.0179104477611939,-0.0551712686567163,-0.0507462686567163
3430,2025-10-02,2025,tradable,0.11858,-0.11858,True,0.3689482470784642,0.5073529411764706,0.6959669079627715,0.04600283212775937,2.4747658352968585,4.0,4.0,-0.0181236301369862,-0.0136986301369862,-0.0056703300124531,-0.0012453300124531,-0.0206142901618928,-0.0161892901618928,-0.0293316002490659,-0.0249066002490659
3430,2026-04-23,2026,tradable,0.1497799999999999,-0.1497799999999999,True,0.48908857509627723,0.6201117318435756,0.5977961432506889,0.05071707419843075,7.008312839165155,2.0,2.0,-0.0671865062761506,-0.0627615062761506,0.0039432008368199,0.0083682008368199,0.0164955020920502,0.0209205020920502,0.2759097280334727,0.2803347280334727
3432,2024-06-04,2024,tradable,0.13398,-0.13398,False,0.4642857142857142,0.4832041343669249,0.4207920792079207,0.042272567180686026,6.739396474008084,2.0,2.0,-0.0845643728222996,-0.0801393728222996,-0.1629615853658537,-0.1585365853658537,0.0129966027874565,0.0174216027874565,0.0339025261324043,0.0383275261324043
3432,2026-01-20,2026,tradable,0.12208,-0.12208,True,0.4738675958188152,0.5270758122743682,0.5,0.04290373291073651,7.289421488077362,2.0,2.0,-0.0244249999999999,-0.0199999999999999,-0.094425,-0.09,-0.0794249999999999,-0.0749999999999999,-0.1144249999999999,-0.1099999999999999
3434,2025-04-16,2025,tradable,0.1391799999999999,-0.1391799999999999,True,0.6046783625730994,0.7301387137452711,0.9460992907801418,0.08086962923496657,0.10909340894882733,5.0,3.0,-0.1715409029649596,-0.1671159029649596,-0.1957996630727763,-0.1913746630727762,-0.1998427897574124,-0.1954177897574124,-0.0852875336927223,-0.0808625336927223
3437,2023-11-27,2023,tradable,0.13638,-0.13638,True,0.4921465968586387,0.5616438356164384,0.5659340659340659,0.03998045696543018,4.9491087264149005,4.0,4.0,0.0221236725663717,0.0265486725663717,0.0858404867256638,0.0902654867256638,0.1601767699115043,0.1646017699115043,0.1442475663716814,0.1486725663716814
3437,2026-03-17,2026,tradable,0.23818,-0.23818,True,0.6027397260273972,0.5294117647058822,0.38053097345132736,0.05674550404290033,1.2644939768512802,2.0,2.0,-0.0860576530612244,-0.0816326530612244,-0.0248331632653061,-0.0204081632653061,-0.1003433673469388,-0.0959183673469388,-0.1636086734693876,-0.1591836734693876
3441,2026-06-17,2026,tradable,0.17408,-0.17408,True,0.37076923076923074,0.7068965517241377,0.8504672897196262,0.06613573434423181,1.2924242277768865,4.0,2.0,0.0326536516853931,0.0370786516853931,-0.0819530898876404,-0.0775280898876404,0.0382716292134831,0.0426966292134831,-0.105548595505618,-0.101123595505618
3441,2026-08-27,2026,tradable,0.2034799999999999,-0.2034799999999999,True,0.41315519013360746,0.6176470588235294,0.7997382198952878,0.058671125962816366,1.588832685636091,8.0,5.0,-0.0657968411552346,-0.0613718411552346,-0.04413619133574,-0.03971119133574,-0.0657968411552346,-0.0613718411552346,0.0858277075812273,0.0902527075812273
3443,2026-04-15,2026,tradable,-0.0113199999999999,0.0113199999999999,True,0.22310756972111556,0.32900432900432897,0.3584070796460177,0.04809742069573216,1.4022227667819283,3.0,2.0,0.0524470379146918,0.0568720379146918,0.1266966429699841,0.1311216429699842,0.1567124407582939,0.1611374407582939,0.29731275671406,0.30173775671406
3443,2026-08-07,2026,tradable,0.00338,-0.00338,False,0.19448094612352174,0.11670761670761665,0.047235023041474644,0.06334619475858083,0.9815283564008228,4.0,3.0,-0.028131896551724,-0.023706896551724,0.1011784482758621,0.1056034482758621,0.173376724137931,0.177801724137931,0.2024715517241379,0.2068965517241379
3443,2026-09-23,2026,tradable,0.0608799999999999,-0.0608799999999999,True,0.3589951377633711,0.4151898734177215,0.3689795918367347,0.04176594853115434,1.0909816568390815,3.0,3.0,0.0226834337349396,0.0271084337349396,-0.0357503012048192,-0.0313253012048192,-0.0526177710843373,-0.0481927710843373,,
3444,2025-12-30,2025,tradable,0.0535799999999999,-0.0535799999999999,True,0.36111111111111116,0.3585951940850276,0.41346153846153855,0.03595254008118219,2.143999736644522,2.0,2.0,-0.0110916666666667,-0.0066666666666667,-0.0537583333333333,-0.0493333333333333,-0.0377583333333333,-0.0333333333333333,0.0369083333333332,0.0413333333333332
3447,2024-10-25,2024,tradable,0.16138,-0.16138,True,0.5535535535535534,0.7497181510710258,0.9207920792079207,0.050163434190252036,3.5928178356466978,4.0,3.0,0.013075,0.0175,-0.014425,-0.01,0.0480749999999999,0.0524999999999999,0.231825,0.23625
3450,2025-09-24,2025,tradable,0.01348,-0.01348,False,0.2601809954751131,0.39250000000000007,0.332535885167464,0.03443975487205518,2.0965586448540114,4.0,3.0,-0.0080746350364964,-0.0036496350364964,-0.0117242700729926,-0.0072992700729926,0.0922903284671533,0.0967153284671533,-0.046395802919708,-0.041970802919708
3450,2026-04-15,2026,tradable,0.02078,-0.02078,False,0.2725598526703499,0.3417475728155339,0.1934369602763386,0.05001139988839531,1.449599824625268,3.0,2.0,-0.0174496020260491,-0.0130246020260491,0.1041133502170767,0.1085383502170767,0.0476734081041968,0.0520984081041968,-0.1303294862518089,-0.1259044862518089
3450,2026-05-11,2026,tradable,0.08778,-0.08778,True,0.28915662650602414,0.3459119496855345,0.3964110929853182,0.059476637346332406,1.260964226505033,6.0,3.0,0.0296409340659341,0.0340659340659341,-0.0769524725274724,-0.0725274725274724,-0.1033260989010988,-0.0989010989010988,0.0966739010989011,0.1010989010989011
3450,2026-05-27,2026,tradable,-0.0255199999999999,0.0255199999999999,False,0.21160822249093103,0.1360544217687074,0.6399345335515547,0.06250710483552281,1.230881163907494,2.0,2.0,-0.0612877450980392,-0.0568627450980392,0.0524377450980392,0.0568627450980392,0.0700848039215685,0.0745098039215685,-0.0789348039215685,-0.0745098039215685
3450,2026-08-07,2026,tradable,0.07848,-0.07848,True,0.282258064516129,0.1170960187353629,-0.04980079681274896,0.07562847045486999,1.7859860576286872,6.0,2.0,0.0541608585858585,0.0585858585858585,0.0198174242424241,0.0242424242424241,0.0258780303030302,0.0303030303030302,0.1087063131313132,0.1131313131313132
3454,2023-03-07,2023,tradable,-0.0302199999999999,0.0302199999999999,False,0.2666666666666666,0.2322175732217573,0.40909090909090917,0.04045548471385852,0.9581099071546827,4.0,3.0,-0.0309736725663717,-0.0265486725663717,-0.0203542035398229,-0.0159292035398229,-0.0699117256637168,-0.0654867256637168,-0.0663719026548672,-0.0619469026548672
3455,2026-04-10,2026,tradable,0.21188,-0.21188,True,0.5296442687747036,0.4942084942084941,0.5668016194331984,0.047217346261331755,4.658399178732655,2.0,2.0,0.0143417560321715,0.0187667560321715,-0.0285536863270777,-0.0241286863270777,0.027746581769437,0.032171581769437,0.1483900134048258,0.1528150134048258
3455,2026-05-06,2026,tradable,0.17048,-0.17048,True,0.37011494252873556,0.32444444444444454,0.9540983606557376,0.056616070396665774,2.30947501191029,2.0,2.0,-0.0385546928327644,-0.0341296928327644,-0.0283157849829351,-0.0238907849829351,-0.0283157849829351,-0.0238907849829351,-0.035141723549488,-0.030716723549488
3455,2026-08-18,2026,tradable,-0.01922,0.01922,False,0.27722772277227725,0.41369863013698627,0.33678756476683946,0.05758889707649374,4.888134695378862,2.0,2.0,0.0037382653061225,0.0081632653061225,-0.0432005102040816,-0.0387755102040816,-0.0248331632653061,-0.0204081632653061,0.0772076530612245,0.0816326530612245
3466,2024-04-10,2024,tradable,0.0727799999999999,-0.0727799999999999,True,0.3553571428571429,0.35778175313059046,0.4709302325581397,0.03682498461690354,2.0860430553128335,3.0,3.0,0.0392908469945355,0.0437158469945355,0.0638810109289617,0.0683060109289617,0.0611487704918031,0.0655737704918031,0.1800012295081966,0.1844262295081966
3466,2024-05-07,2024,tradable,0.1758799999999999,-0.1758799999999999,True,0.5388601036269429,0.44525547445255476,0.6185286103542234,0.05393159189327586,4.115078958843218,2.0,2.0,-0.0300222696245734,-0.0255972696245734,-0.0163703924914676,-0.0119453924914676,-0.0522065699658703,-0.0477815699658703,0.0314111774744027,0.0358361774744027
3466,2024-05-28,2024,tradable,0.11158,-0.11158,True,0.41680395387149916,0.5412186379928317,1.2279792746113989,0.05241787258800747,2.3843687052143006,2.0,2.0,-0.0470285502958579,-0.0426035502958579,-0.0612297337278105,-0.0568047337278105,-0.0103421597633136,-0.0059171597633136,0.0239773668639052,0.0284023668639052
3467,2026-04-16,2026,tradable,0.11968,-0.11968,True,0.448780487804878,0.448780487804878,0.5714285714285716,0.05720860211099581,6.514586793879576,2.0,2.0,0.0092502136752136,0.0136752136752136,0.0041220085470085,0.0085470085470085,0.0724980769230768,0.0769230769230768,0.0434382478632479,0.0478632478632479
3467,2026-09-16,2026,tradable,0.09078,-0.09078,True,0.3849129593810443,0.445005045408678,0.5582154515778017,0.03861843530712559,12.321307963782338,2.0,2.0,0.0051903846153845,0.0096153846153845,0.0587618131868134,0.0631868131868134,0.1837618131868131,0.1881868131868131,0.0010695054945054,0.0054945054945054
3481,2026-01-05,2026,tradable,0.14258,-0.14258,True,0.47407407407407387,0.6048387096774193,0.38675958188153303,0.042639541267802596,2.4026888945673948,4.0,4.0,0.0614286585365854,0.0658536585365854,0.0077701219512195,0.0121951219512195,0.0687457317073171,0.0731707317073171,0.4004530487804879,0.4048780487804879
3481,2026-05-13,2026,tradable,0.05128,-0.05128,False,0.3345195729537367,0.5400410677618068,0.37614678899082565,0.04680268602697127,3.0898752772061986,3.0,3.0,-0.08255,-0.078125,0.0033875000000002,0.0078125000000002,-0.0421854166666665,-0.0377604166666665,0.3028666666666667,0.3072916666666667
3481,2026-06-22,2026,tradable,0.07198,-0.07198,False,0.3594232749742534,0.22905027932960897,0.47816349384098555,0.07183597433257788,1.7461064081416733,2.0,2.0,-0.0029075493171471,0.0015174506828528,0.0714475341426402,0.0758725341426402,0.0122669575113808,0.0166919575113808,0.0456508725341425,0.0500758725341425
3483,2023-07-18,2023,tradable,0.12688,-0.12688,True,0.3977900552486189,0.39010989010989006,0.5753424657534247,0.04731839839423693,4.719266503735122,2.0,2.0,-0.0336220802919707,-0.0291970802919707,0.1014144160583942,0.1058394160583942,0.0722173357664234,0.0766423357664234,0.0612684306569343,0.0656934306569343
3485,2026-05-29,2026,tradable,0.0851799999999999,-0.0851799999999999,True,0.260377358490566,0.2145454545454546,,,,2.0,2.0,0.0718213343108503,0.0762463343108503,0.1290060850439883,0.1334310850439883,0.0219679618768328,0.0263929618768328,-0.0777387829912023,-0.0733137829912023
3490,2026-08-18,2026,tradable,0.0974799999999999,-0.0974799999999999,True,0.390625,0.5669014084507042,0.6007194244604317,0.036176505372229176,2.9328453701741415,3.0,3.0,0.0665132151029747,0.0709382151029747,0.2289846109839816,0.2334096109839816,0.2450029176201372,0.2494279176201372,0.0516390732265445,0.0560640732265445
3492,2024-07-04,2024,tradable,0.1447799999999999,-0.1447799999999999,True,0.4668246445497628,0.4738095238095237,0.43619489559164726,0.0443914708945207,7.70629102426555,2.0,2.0,-0.0261641304347827,-0.0217391304347827,-0.0292697204968945,-0.0248447204968945,-0.0510088509316771,-0.0465838509316771,0.0079973602484472,0.0124223602484472
3498,2023-06-15,2023,tradable,0.0681799999999999,-0.0681799999999999,False,0.24415584415584402,0.3804034582132563,0.4761171032357472,0.040655747390561776,2.8550853426114124,3.0,3.0,-0.0106361801242235,-0.0062111801242235,-0.0106361801242235,-0.0062111801242235,-0.0696423913043477,-0.0652173913043477,-0.0830999482401656,-0.0786749482401656
3498,2025-08-20,2025,tradable,0.04958,-0.04958,False,0.3467455621301774,0.20678685047720036,0.3878048780487804,0.047110387121771374,4.2478865408179916,2.0,2.0,-0.0339902173913043,-0.0295652173913043,-0.0948597826086957,-0.0904347826086957,-0.1052945652173912,-0.1008695652173912,-0.1209467391304348,-0.1165217391304348
3498,2026-05-15,2026,tradable,0.1924799999999999,-0.1924799999999999,True,0.5935828877005347,0.6989737742303306,0.8304668304668303,0.05734207690472001,1.8365913420490911,3.0,3.0,-0.0313610269360269,-0.0269360269360269,-0.0380950336700336,-0.0336700336700336,0.0730160774410774,0.0774410774410774,0.0124100168350168,0.0168350168350168
3498,2026-08-17,2026,tradable,0.0639799999999999,-0.0639799999999999,True,0.268,0.601010101010101,0.44748858447488593,0.059375552035916226,3.6191768721289477,3.0,2.0,0.0933667981072555,0.0977917981072555,0.1533037066246055,0.1577287066246055,0.162767429022082,0.1671924290220821,0.3078778391167193,0.3123028391167193
3508,2026-02-06,2026,tradable,0.1583799999999999,-0.1583799999999999,True,0.4492753623188406,0.4613778705636744,0.4861995753715498,0.04264347891263535,7.138759242699674,3.0,3.0,-0.0988694444444444,-0.0944444444444444,-0.0322027777777777,-0.0277777777777777,0.069186111111111,0.073611111111111,-0.0322027777777777,-0.0277777777777777
3508,2026-03-19,2026,tradable,0.1324799999999999,-0.1324799999999999,False,0.3173803526448362,0.35844155844155834,0.6042944785276072,0.06334873828328014,2.4511360018587514,4.0,3.0,-0.117387962962963,-0.112962962962963,-0.2692398148148147,-0.2648148148148147,-0.1451657407407407,-0.1407407407407407,-0.3368324074074075,-0.3324074074074075
3508,2026-08-20,2026,tradable,0.1109799999999999,-0.1109799999999999,False,0.4204545454545454,0.4492753623188406,0.5479876160990713,0.04606481541047625,7.689119884987259,2.0,2.0,0.026686111111111,0.031111111111111,-0.0088694444444444,-0.0044444444444444,-0.0710916666666666,-0.0666666666666666,-0.0910916666666666,-0.0866666666666666
3515,2023-06-13,2023,tradable,0.04248,-0.04248,False,0.3562874251497006,0.46129032258064506,0.6777777777777778,0.03302067647144506,2.8038998219041233,2.0,2.0,-0.0480029816513761,-0.0435779816513761,-0.0067185779816514,-0.0022935779816514,0.0139236238532108,0.0183486238532109,0.0070428899082569,0.0114678899082569
3515,2024-03-07,2024,tradable,0.02448,-0.02448,False,0.21696252465483234,0.274793388429752,0.32119914346895073,0.04539990383143939,1.7289719207804846,2.0,2.0,-0.0963604838709677,-0.0919354838709677,-0.1173282258064516,-0.1129032258064516,-0.1882959677419354,-0.1838709677419354,-0.1302314516129032,-0.1258064516129032
3516,2024-02-22,2024,tradable,0.1743799999999999,-0.1743799999999999,False,0.36591478696741864,0.49725274725274726,0.5138888888888888,0.04843941191706396,1.884684829846142,3.0,2.0,-0.0576360091743118,-0.0532110091743118,-0.0356176605504587,-0.0311926605504587,0.0194282110091742,0.0238532110091742,-0.0484616972477064,-0.0440366972477064
3518,2026-04-21,2026,tradable,0.09648,-0.09648,True,0.399548532731377,0.5085158150851581,0.35371179039301315,0.043475960160533504,6.077139774029152,3.0,3.0,0.0589896341463415,0.0634146341463415,-0.0190591463414634,-0.0146341463414634,0.0232172764227641,0.0276422764227641,0.2606156504065039,0.2650406504065039
3521,2023-11-22,2023,tradable,0.0629799999999999,-0.0629799999999999,False,0.26813880126182976,0.446043165467626,0.27215189873417733,0.049714137623818655,3.695151435895402,3.0,2.0,0.013075,0.0175,-0.054425,-0.05,-0.076925,-0.0725,-0.1144249999999999,-0.1099999999999999
3523,2024-09-09,2024,tradable,0.04508,-0.04508,False,0.33499999999999996,0.30243902439024395,0.504225352112676,,3.3796552465470024,3.0,3.0,-0.0928227900552486,-0.0883977900552486,0.0581901012891345,0.0626151012891345,0.0452987569060773,0.0497237569060773,-0.0062666206261508,-0.0018416206261508
3523,2026-05-29,2026,tradable,0.23258,-0.23258,True,0.5965965965965965,0.5118483412322272,0.2559055118110236,0.058864411532719194,7.111926647667622,2.0,2.0,-0.004425,0.0,0.2041464285714284,0.2085714285714284,0.192717857142857,0.197142857142857,-0.0958535714285714,-0.0914285714285714
3526,2026-05-05,2026,tradable,0.0260799999999999,-0.0260799999999999,False,0.19661016949152543,0.2906764168190128,0.26296958855098396,0.04254036888988711,2.4667775592524226,2.0,2.0,-0.0684576975476839,-0.0640326975476839,0.0718692779291553,0.0762942779291553,0.0623324931880108,0.0667574931880108,-0.0275857629427792,-0.0231607629427792
3528,2025-03-13,2025,tradable,0.04628,-0.04628,True,0.3553571428571429,0.41078066914498157,0.41078066914498157,0.036457075495122934,2.5335624854824963,4.0,3.0,0.0915014126149803,0.0959264126149803,0.1388075886990801,0.1432325886990801,0.1480060118265441,0.1524310118265441,0.0060874835742445,0.0105124835742445
3528,2025-04-30,2025,tradable,0.09428,-0.09428,False,0.29925925925925934,0.3898573692551506,0.30118694362017795,0.08016242115250913,1.776595304408035,5.0,3.0,-0.0266472222222222,-0.0222222222222222,-0.0733138888888888,-0.0688888888888888,0.0100194444444444,0.0144444444444444,0.0077972222222221,0.0122222222222221
3528,2026-05-29,2026,tradable,0.05408,-0.05408,True,0.2526652452025586,0.3568129330254042,0.47058823529411753,0.048256460255937814,3.8939266646011514,2.0,2.0,-0.004425,0.0,0.0769703488372092,0.0813953488372092,0.065342441860465,0.069767441860465,-0.0780684108527132,-0.0736434108527132
3529,2024-10-07,2024,tradable,-0.02132,0.02132,False,0.14068441064638781,0.32450331125827825,0.23456790123456783,0.048421134330098724,1.3453728747692533,4.0,3.0,-0.0077863445378151,-0.0033613445378151,0.0543985294117647,0.0588235294117647,0.0712052521008402,0.0756302521008402,0.1182640756302521,0.1226890756302521
3529,2026-02-24,2026,tradable,0.04208,-0.04208,True,0.2891891891891891,0.30327868852459017,0.4238805970149253,0.05766880963138418,2.235837881921945,3.0,2.0,-0.0084330160320641,-0.0040080160320641,0.0156150801603206,0.0200400801603206,-0.100617384769539,-0.096192384769539,-0.0084330160320641,-0.0040080160320641
3529,2026-04-20,2026,tradable,0.15358,-0.15358,True,0.38765822784810133,0.667300380228137,0.5801801801801802,0.05161748786491433,1.2411994946280696,4.0,3.0,-0.013434009009009,-0.009009009009009,-0.1080286036036036,-0.1036036036036036,-0.093388963963964,-0.088963963963964,-0.0032988738738738,0.0011261261261261
3532,2025-09-22,2025,tradable,0.07778,-0.07778,False,0.4565992865636148,0.47590361445783125,0.4635603345280763,0.04526413894562439,4.562829400990439,3.0,3.0,-0.0986872950819672,-0.0942622950819672,-0.1396709016393442,-0.1352459016393442,-0.1724577868852459,-0.1680327868852459,-0.1232774590163934,-0.1188524590163934
3532,2026-04-14,2026,tradable,0.0497799999999999,-0.0497799999999999,True,0.3716475095785441,0.2650176678445231,0.4206349206349207,0.0578315686302891,2.2061992210677883,2.0,2.0,0.0616907024793388,0.0661157024793388,0.0341424931129476,0.0385674931129476,0.0010846418732782,0.0055096418732782,-0.0237087465564738,-0.0192837465564738
3532,2026-05-07,2026,tradable,0.12518,-0.12518,True,0.4490358126721763,0.4064171122994653,0.8652482269503545,0.05403501338956722,3.1474726762050054,2.0,2.0,-0.0140403846153845,-0.0096153846153845,0.0128826923076922,0.0173076923076922,-0.0582711538461538,-0.0538461538461538,-0.1351942307692307,-0.1307692307692307
3532,2026-05-27,2026,tradable,0.10158,-0.10158,True,0.413625304136253,0.17849898580121715,0.6320224719101124,0.06666708929649838,2.183442414246087,3.0,2.0,-0.0061461703958691,-0.0017211703958691,0.2021154475043028,0.2065404475043029,0.0781911790017212,0.0826161790017212,-0.0749929862306368,-0.0705679862306368
3532,2026-06-17,2026,tradable,0.06848,-0.06848,True,0.4648148148148148,0.2575516693163753,0.9245742092457421,0.07609447228509296,4.101165260630644,2.0,2.0,-0.0057054097311139,-0.0012804097311139,-0.0492393405889884,-0.0448143405889884,-0.0518001600512163,-0.0473751600512163,0.0378285211267605,0.0422535211267605
3535,2024-07-08,2024,tradable,0.04768,-0.04768,False,0.24453694068678455,0.3529411764705881,1.0549828178694156,0.05298168691198926,2.153850577020525,5.0,5.0,-0.0434080508474575,-0.0389830508474575,0.1565919491525423,0.1610169491525424,0.2786258474576272,0.2830508474576272,0.1243885593220338,0.1288135593220338
3535,2024-07-12,2024,tradable,0.0715799999999999,-0.0715799999999999,True,0.26767676767676774,0.723112128146453,1.3942766295707472,0.05940633722430696,1.3787640627259796,7.0,2.0,-0.0400937898089171,-0.0356687898089171,-0.0006033439490445,0.0038216560509554,-0.1318135350318471,-0.1273885350318471,-0.0579281847133757,-0.0535031847133757
3537,2024-05-28,2024,tradable,0.1570799999999999,-0.1570799999999999,True,0.42978723404255326,0.48508287292817687,0.6251511487303507,0.037713232980335326,1.053232780439534,2.0,2.0,-0.1049836592178769,-0.1005586592178769,-0.1175534916201116,-0.1131284916201116,-0.1454864525139664,-0.1410614525139664,-0.1524696927374301,-0.1480446927374301
3537,2026-05-25,2026,tradable,0.13288,-0.13288,False,0.39454545454545453,0.592938733125649,0.7672811059907836,0.042229424458504944,5.904381744753866,4.0,3.0,-0.0964092312746386,-0.0919842312746386,-0.033334329829172,-0.028909329829172,0.0349968134034165,0.0394218134034165,0.0034593626806834,0.0078843626806834
3543,2025-07-11,2025,tradable,0.08898,-0.08898,False,0.40446650124069494,0.4009900990099011,0.3804878048780489,0.03898857885760117,7.960997755577314,4.0,4.0,-0.0433630530973452,-0.0389380530973452,-0.0876108407079646,-0.0831858407079646,0.1017696902654866,0.1061946902654866,0.2840705752212388,0.2884955752212388
3545,2023-11-21,2023,tradable,0.04708,-0.04708,False,0.26315789473684204,0.3667425968109339,0.5151515151515151,0.0341742939946822,1.2239524174078493,3.0,3.0,0.0333901260504202,0.0378151260504202,0.0459951680672269,0.0504201680672269,0.1090203781512605,0.1134453781512605,0.0291884453781513,0.0336134453781513
3546,2025-05-09,2025,tradable,0.0712799999999999,-0.0712799999999999,False,0.24757281553398047,0.401308615049073,0.5556900726392253,0.04133746188977646,2.9685221647000444,3.0,2.0,-0.048249701195219,-0.043824701195219,0.0194793824701195,0.0239043824701195,-0.1199628486055777,-0.1155378486055777,-0.1637875498007968,-0.1593625498007967
3548,2023-09-06,2023,tradable,0.1094799999999999,-0.1094799999999999,True,0.34615384615384626,0.4032073310423827,0.5644955300127714,0.04053267619658296,3.8576396176532626,3.0,3.0,-0.0003599593495934,0.0040650406504065,-0.0166201219512195,-0.0121951219512195,0.0646806910569105,0.0691056910569105,0.0118351626016261,0.0162601626016261
3548,2024-02-15,2024,tradable,-0.0007199999999999,0.0007199999999999,False,0.22350230414746552,0.3580562659846547,0.43513513513513513,0.043086128567497044,1.705663971127215,6.0,3.0,-0.0400722795497185,-0.0356472795497185,-0.1169953564727954,-0.1125703564727954,-0.101985975609756,-0.097560975609756,-0.0194343808630393,-0.0150093808630393
3550,2024-08-28,2024,tradable,0.20998,-0.20998,True,0.6019736842105265,0.6072607260726073,0.5760517799352753,0.050423716107362494,8.692406149527704,3.0,3.0,0.0222690451745378,0.0266940451745378,0.0202156570841888,0.0246406570841888,-0.0434393737166325,-0.0390143737166325,-0.0804003593429158,-0.0759753593429158
3551,2025-12-12,2025,tradable,0.0088799999999999,-0.0088799999999999,False,0.22946175637393762,0.37777777777777777,0.37341772151898733,0.031206117867047464,2.2689468932500025,2.0,2.0,0.0214573529411764,0.0258823529411764,-0.0232485294117646,-0.0188235294117646,-0.1056014705882353,-0.1011764705882353,-0.0820720588235294,-0.0776470588235294
3555,2024-04-10,2024,tradable,0.2324799999999999,-0.2324799999999999,True,0.4499017681728881,0.5061224489795917,0.2382550335570468,0.05743146441083137,2.2422805421575136,3.0,2.0,0.0006900895140663,0.0051150895140663,-0.1220720588235294,-0.1176470588235294,-0.1310234654731458,-0.1265984654731458,-0.0913815217391303,-0.0869565217391303
3555,2025-08-14,2025,tradable,0.2316799999999999,-0.2316799999999999,True,0.6053333333333335,0.5842105263157895,0.653846153846154,0.04726971694501057,8.783206241661652,2.0,2.0,0.0610617256637168,0.0654867256637168,0.1106192477876105,0.1150442477876105,0.0982298672566372,0.1026548672566372,0.0256634955752212,0.0300884955752211
3555,2025-10-02,2025,tradable,0.1561799999999999,-0.1561799999999999,True,0.3996138996138996,0.4384920634920635,0.34011090573012925,0.06825447739536258,3.3717536989820123,2.0,2.0,-0.0087107142857142,-0.0042857142857142,0.0212892857142855,0.0257142857142855,-0.0387107142857143,-0.0342857142857143,0.2384321428571428,0.2428571428571428
3555,2026-02-02,2026,tradable,0.13358,-0.13358,True,0.41705069124423977,0.4318975552968567,0.4057142857142857,0.04539042591691908,4.502166933500756,2.0,2.0,-0.0715891791044775,-0.0671641791044775,-0.1275593283582089,-0.1231343283582089,-0.1909921641791044,-0.1865671641791044,-0.0380070895522388,-0.0335820895522388
3555,2026-03-13,2026,tradable,0.11288,-0.11288,True,0.3170731707317074,0.14487632508833914,0.29600000000000004,0.07296571827400705,1.3024552248813648,2.0,2.0,0.0426338235294118,0.0470588235294118,0.1985161764705881,0.2029411764705881,0.1955749999999999,0.1999999999999999,-0.1044249999999999,-0.0999999999999999
3555,2026-04-14,2026,tradable,0.1477799999999999,-0.1477799999999999,False,0.3363636363636364,0.4411764705882353,0.36111111111111116,0.07565274160113458,4.772349178027707,3.0,3.0,-0.0315743212669683,-0.0271493212669683,0.1720455882352941,0.1764705882352941,0.1267967194570135,0.1312217194570135,0.0634483031674208,0.0678733031674208
3555,2026-04-17,2026,tradable,0.1441799999999999,-0.1441799999999999,True,0.33333333333333326,0.6560509554140128,0.2713936430317849,0.07603472892661176,2.1595616823724386,5.0,2.0,-0.0214061320754716,-0.0169811320754716,-0.0704627358490565,-0.0660377358490565,-0.1195193396226414,-0.1150943396226414,0.0144429245283018,0.0188679245283018
3556,2026-06-02,2026,tradable,0.10758,-0.10758,True,0.4280639431616342,0.598409542743539,0.5198487712665407,0.04237355754548601,8.250248208657299,2.0,2.0,0.0089083333333334,0.0133333333333334,-0.004425,0.0,-0.0510916666666666,-0.0466666666666666,-0.0177583333333333,-0.0133333333333333
3563,2025-08-29,2025,tradable,0.01888,-0.01888,False,0.32365145228215764,0.3720430107526882,0.279839518555667,0.03584404725620887,2.7614725735379064,2.0,2.0,-0.0552186507936508,-0.0507936507936508,-0.0250599206349206,-0.0206349206349206,-0.0409329365079364,-0.0365079365079364,-0.0742662698412698,-0.0698412698412698
3564,2023-07-06,2023,tradable,0.1781799999999999,-0.1781799999999999,True,0.48906789413118523,0.2888446215139442,0.47045454545454546,0.061043158103640256,2.0763107106040017,2.0,2.0,-0.0471465189873417,-0.0427215189873417,-0.0708806962025316,-0.0664556962025316,-0.0930325949367088,-0.0886075949367088,-0.0408174050632912,-0.0363924050632912
3570,2025-05-05,2025,tradable,0.10678,-0.10678,False,0.2881355932203389,0.4696132596685083,0.5375722543352601,0.052502613021944484,3.9649848180961955,2.0,2.0,0.0150302529182878,0.0194552529182878,0.0714504863813229,0.0758754863813229,-0.0511176070038909,-0.0466926070038909,-0.1328296692607004,-0.1284046692607003
3576,2026-02-06,2026,tradable,0.12268,-0.12268,False,0.4196428571428572,0.5362318840579712,0.75303197353914,0.0491119429730522,4.393561807013753,2.0,2.0,-0.0945150900900899,-0.0900900900900899,-0.0945150900900899,-0.0900900900900899,0.0946740990990992,0.0990990990990992,0.4400194444444446,0.4444444444444446
3576,2026-03-02,2026,tradable,0.26298,-0.26298,True,0.603960396039604,0.8,1.2604651162790699,0.05569406984159882,1.5192245683670784,5.0,3.0,-0.0006656015037594,0.0037593984962405,-0.1303648496240602,-0.1259398496240602,-0.2412671052631578,-0.2368421052631578,-0.0363798872180451,-0.0319548872180451
3577,2025-07-03,2025,tradable,0.1227799999999999,-0.1227799999999999,True,0.3800978792822185,0.451114922813036,0.4662045060658577,0.03721243644222989,9.226370809882987,3.0,3.0,-0.0126121345029239,-0.0081871345029239,0.0061013157894737,0.0105263157894737,0.0914814327485379,0.0959064327485379,0.0926510233918128,0.0970760233918128
3577,2026-05-20,2026,tradable,0.1522799999999999,-0.1522799999999999,False,0.34538152610441775,0.49386845039018956,0.6441717791411044,0.04047405815157606,2.67065964740759,3.0,3.0,-0.0192948884758364,-0.0148698884758364,0.1851660780669145,0.1895910780669145,0.0847943308550186,0.0892193308550186,0.0662069702602229,0.0706319702602229
3581,2024-06-27,2024,tradable,0.17078,-0.17078,True,0.4999999999999998,0.4653465346534653,0.453355155482815,0.04874461515811496,7.540701216493337,3.0,3.0,-0.0453732758620689,-0.0409482758620689,-0.0809336206896551,-0.0765086206896551,0.0947129310344828,0.0991379310344828,0.0516094827586207,0.0560344827586207
3581,2025-10-03,2025,tradable,0.13618,-0.13618,True,0.4993804213135067,0.44047619047619047,0.5316455696202531,0.04826822952949324,3.8442247881638734,2.0,2.0,0.006294754977029,0.010719754977029,-0.0105505742725879,-0.0061255742725879,-0.0641493491577335,-0.0597243491577335,-0.0365842649310872,-0.0321592649310872
3581,2026-04-15,2026,tradable,0.1876799999999999,-0.1876799999999999,True,0.4842578710644676,0.41630901287553645,0.41833810888252154,0.052974597805020875,1.2986827609273761,2.0,2.0,-0.004425,0.0,0.1983399769585253,0.2027649769585253,0.4471879032258065,0.4516129032258065,0.5024874423963134,0.5069124423963134
3581,2026-05-26,2026,tradable,0.0180799999999999,-0.0180799999999999,False,0.30841121495327095,0.19658119658119655,0.8300653594771241,0.0596352269445871,7.5085930570244,2.0,2.0,-0.1028149821109123,-0.0983899821109123,-0.1582711538461538,-0.1538461538461538,-0.2119384168157424,-0.2075134168157424,-0.4999527280858676,-0.4955277280858676
3583,2023-07-31,2023,tradable,0.00958,-0.00958,False,0.29274611398963724,0.3378016085790885,0.6148867313915858,0.04808782752109593,1.8545682950814482,5.0,3.0,-0.1220720588235294,-0.1176470588235294,-0.1279544117647059,-0.1235294117647058,0.0034181372549019,0.0078431372549019,-0.1142289215686275,-0.1098039215686275
3583,2026-04-10,2026,tradable,0.13258,-0.13258,True,0.4473118279569892,0.3541247484909458,0.8115746971736204,0.046931800550125,2.038760608667414,2.0,2.0,-0.0015678571428571,0.0028571428571428,-0.004425,0.0,0.0812892857142856,0.0857142857142856,0.1598607142857143,0.1642857142857143
3587,2026-03-24,2026,tradable,-0.00062,0.00062,True,0.28342245989304815,0.29032258064516125,0.14832535885167464,0.048919593331512974,3.9813516868789405,2.0,2.0,0.0179327235772358,0.0223577235772358,-0.0735306910569105,-0.0691056910569105,-0.1304412601626016,-0.1260162601626016,0.0646806910569105,0.0691056910569105
3587,2026-04-14,2026,tradable,0.0620799999999999,-0.0620799999999999,False,0.30232558139534893,0.34497816593886466,0.6426666666666667,0.056471238878382304,2.388126470620538,2.0,2.0,-0.0011246699669967,0.0033003300330032,0.2067961221122111,0.2112211221122111,0.2133967821782177,0.2178217821782178,0.0764330858085807,0.0808580858085807
3587,2026-04-17,2026,tradable,0.09538,-0.09538,False,0.2698961937716262,0.6167400881057268,0.9315789473684211,0.0604330882016273,1.7233982267236507,4.0,2.0,0.0135060344827585,0.0179310344827585,-0.020976724137931,-0.016551724137931,-0.0458043103448275,-0.0413793103448275,-0.077528448275862,-0.073103448275862
3593,2024-07-11,2024,tradable,0.19218,-0.19218,True,0.5977859778597785,0.6653846153846152,0.6590038314176243,0.05249933082700062,5.7269070114193275,2.0,2.0,-0.004425,0.0,-0.1115678571428571,-0.1071428571428571,-0.0972821428571428,-0.0928571428571428,-0.1282345238095239,-0.1238095238095239
3593,2026-04-15,2026,tradable,0.09818,-0.09818,True,0.3880597014925373,0.4307692307692308,,,4.240880662027574,2.0,2.0,-0.0173448966408268,-0.0129198966408268,-0.0018410206718347,0.0025839793281652,0.011078875968992,0.015503875968992,0.0265827519379843,0.0310077519379843
3597,2024-11-26,2024,tradable,0.14688,-0.14688,True,0.43697478991596617,0.4741379310344829,0.39591836734693864,0.05819671204088644,4.6381216592520325,3.0,3.0,-0.0385805977229602,-0.0341555977229602,-0.0708386622390891,-0.0664136622390891,-0.0556583965844402,-0.0512333965844402,-0.1827931214421253,-0.1783681214421253
3609,2024-04-15,2024,tradable,0.07478,-0.07478,True,0.3734290843806103,0.35398230088495586,0.3660714285714286,0.03859650444268489,1.5815603842240877,2.0,2.0,-0.0654006097560976,-0.0609756097560976,-0.077595731707317,-0.073170731707317,-0.0836932926829267,-0.0792682926829267,0.0065506097560975,0.0109756097560975
3615,2024-01-23,2024,tradable,0.06228,-0.06228,False,0.2272727272727273,0.3655172413793104,0.31707317073170715,0.044102281996784246,9.17016650824046,2.0,2.0,0.002286409395973,0.006711409395973,0.0341656040268455,0.0385906040268455,0.0308098993288591,0.0352348993288591,-0.0413377516778523,-0.0369127516778523
3623,2023-11-22,2023,tradable,0.1108799999999999,-0.1108799999999999,True,0.31703204047217537,0.346551724137931,0.9722222222222221,0.05220329571104023,4.261467937194139,3.0,3.0,0.0870616581956799,0.0914866581956799,0.2611404383735703,0.2655654383735704,0.2446220139771283,0.2490470139771283,0.3043424714104191,0.3087674714104191
3623,2025-08-05,2025,tradable,0.06578,-0.06578,True,0.3764044943820224,0.3999999999999999,0.38810198300283294,0.03887621627314393,2.0126865125199886,4.0,4.0,0.0016974489795916,0.0061224489795916,0.0078198979591835,0.0122448979591835,-0.0064658163265306,-0.0020408163265306,0.0384321428571429,0.0428571428571429
3623,2026-01-07,2026,tradable,0.05368,-0.05368,False,0.33720930232558133,0.31278538812785395,0.4197530864197532,0.04181122312690109,3.1834814762084918,3.0,3.0,-0.0411382867132867,-0.0367132867132867,0.0812393356643356,0.0856643356643356,0.0707498251748252,0.0751748251748252,0.0060645104895104,0.0104895104895104
3624,2026-05-19,2026,tradable,0.1280799999999999,-0.1280799999999999,True,0.3755656108597285,0.6672760511882998,0.5916230366492148,0.050277485031084035,4.656665878686856,3.0,2.0,-0.004425,0.0,0.0122416666666666,0.0166666666666666,0.0344638888888889,0.0388888888888889,0.3511305555555556,0.3555555555555556
3624,2026-06-22,2026,tradable,0.2369799999999999,-0.2369799999999999,True,0.4957627118644068,0.6342592592592593,0.9289617486338797,0.060824928093075444,0.991309185296215,5.0,4.0,-0.0800063953488372,-0.0755813953488372,-0.1090761627906976,-0.1046511627906976,-0.1962854651162791,-0.191860465116279,-0.1439598837209302,-0.1395348837209302
3625,2024-11-20,2024,tradable,0.1294799999999999,-0.1294799999999999,True,0.31799163179916334,0.3938053097345131,0.3125,0.04495457367547826,5.613560520036664,3.0,2.0,0.0717654761904761,0.0761904761904761,0.0241464285714284,0.0285714285714284,0.0050988095238094,0.0095238095238094,0.3574797619047619,0.3619047619047619
3629,2023-03-27,2023,tradable,0.17978,-0.17978,True,0.4796320630749016,0.5053475935828877,0.43074968233799216,,3.3949486330020413,2.0,2.0,-0.0489060543657331,-0.0444810543657331,-0.1461053953871499,-0.1416803953871499,-0.1914101729818781,-0.1869851729818781,-0.0653805189456343,-0.0609555189456343
3629,2023-04-24,2023,tradable,0.15538,-0.15538,True,0.44576271186440675,0.6725490196078432,0.9976580796252925,0.05439209563888787,1.210398804323127,2.0,2.0,0.0096429953106681,0.0140679953106681,0.0037813305978898,0.0082063305978898,0.0729489742086754,0.0773739742086754,0.0670873094958969,0.0715123094958969
3629,2024-04-02,2024,tradable,0.1561799999999999,-0.1561799999999999,True,0.524547803617571,0.4216867469879517,0.3228699551569507,,1.8197603660915695,2.0,2.0,0.0509495928338762,0.0553745928338762,-0.0272263029315961,-0.0228013029315961,-0.048398941368078,-0.043973941368078,-0.1021448697068404,-0.0977198697068404
3631,2025-10-13,2025,tradable,0.1288799999999999,-0.1288799999999999,False,0.3157894736842104,0.41277641277641264,0.48578811369509034,0.04311909550950418,6.8465085445263805,2.0,2.0,-0.0115551247771835,-0.0071301247771835,0.0027051247771835,0.0071301247771835,-0.0543358734402853,-0.0499108734402853,-0.075726247771836,-0.071301247771836
3631,2026-04-23,2026,tradable,0.16178,-0.16178,True,0.4943820224719102,0.5056603773584905,0.395104895104895,0.04584958018102253,6.567918593718438,2.0,2.0,-0.0619249999999998,-0.0574999999999998,-0.035675,-0.03125,-0.046925,-0.0425,-0.0269249999999999,-0.0224999999999999
3645,2026-04-20,2026,tradable,0.0643799999999999,-0.0643799999999999,False,0.2665929203539823,0.5642076502732241,0.41532756489493194,0.05090484480793817,1.399812859700768,5.0,5.0,-0.091925,-0.0875,-0.116925,-0.1125,-0.174425,-0.17,-0.1627583333333333,-0.1583333333333333
3652,2023-03-02,2023,tradable,0.05018,-0.05018,False,0.35593220338983045,0.3943355119825709,0.4096916299559472,0.0360998573374075,5.720411981751313,2.0,2.0,-0.0231457488299531,-0.0187207488299531,-0.0496668096723867,-0.0452418096723867,-0.037186310452418,-0.032761310452418,-0.1807120514820592,-0.1762870514820592
3652,2023-06-16,2023,tradable,0.05318,-0.05318,False,0.34640522875817004,0.35749588138385513,0.36650082918739657,0.04078242988408854,5.72960206651495,2.0,2.0,0.0057790816326529,0.0102040816326529,0.0121566326530612,0.0165816326530612,-0.0554454081632652,-0.0510204081632652,0.0274627551020408,0.0318877551020408
3652,2024-06-27,2024,tradable,0.07138,-0.07138,True,0.26693766937669383,0.38724035608308593,0.38313609467455634,0.04756918552691529,3.8374354411588905,4.0,4.0,0.0092592105263157,0.0136842105263157,-0.0096881578947368,-0.0052631578947368,0.058732894736842,0.063157894736842,-0.036003947368421,-0.031578947368421
3653,2024-08-19,2024,tradable,-0.0241199999999999,0.0241199999999999,False,0.28837209302325584,0.33173076923076916,0.2366071428571428,0.05484680921124056,1.3891928072070847,3.0,3.0,-0.0506883451957295,-0.0462633451957295,-0.0364534697508896,-0.0320284697508896,-0.0506883451957295,-0.0462633451957295,-0.089834252669039,-0.085409252669039
3653,2025-09-01,2025,tradable,0.03658,-0.03658,False,0.23184357541899447,0.36111111111111116,0.6961538461538461,0.05027610743974708,1.9148297259227516,3.0,2.0,-0.0205540322580645,-0.0161290322580645,0.1176948156682028,0.1221198156682028,0.1269114055299539,0.1313364055299539,0.0577869815668202,0.0622119815668202
3653,2026-04-22,2026,tradable,0.03098,-0.03098,True,0.3020457280385078,0.3491271820448878,0.4051948051948051,0.041300481404964715,0.7452440940541807,4.0,2.0,-0.048529410441044,-0.044104410441044,-0.1115357110711071,-0.1071107110711071,-0.0242269801980198,-0.0198019801980198,-0.3068552430243024,-0.3024302430243024
3653,2026-08-06,2026,tradable,0.03128,-0.03128,True,0.41945773524720886,0.19946091644204844,0.390625,0.056401386399070615,1.327981119052788,3.0,2.0,-0.0512149891186072,-0.0467899891186072,-0.1197677638737758,-0.1153427638737758,0.0042801142546246,0.0087051142546246,0.2142909956474429,0.2187159956474429
3653,2026-09-29,2026,tradable,-0.0189199999999999,0.0189199999999999,False,0.24796380090497738,0.19601040763226374,0.19187554019014685,0.042420105824624375,1.3197968493870187,3.0,3.0,-0.0302129656160457,-0.0257879656160457,-0.0302129656160457,-0.0257879656160457,0.0099016475644698,0.0143266475644698,,
3661,2023-03-22,2023,tradable,0.00508,-0.00508,False,0.2731707317073171,0.30499999999999994,0.4077669902912622,0.042220655940245974,0.7494936229010803,6.0,4.0,0.0072029069767442,0.0116279069767442,-0.0276808139534884,-0.0232558139534884,-0.0664405038759689,-0.0620155038759689,0.0149548449612403,0.0193798449612403
3664,2023-04-06,2023,tradable,0.0734799999999999,-0.0734799999999999,True,0.3245382585751979,0.6405228758169934,0.5120481927710843,0.05424138718640336,2.5683040783733424,2.0,2.0,0.0177972222222223,0.0222222222222223,0.0011305555555555,0.0055555555555555,0.0122416666666666,0.0166666666666666,0.0715009259259259,0.0759259259259259
3664,2023-05-05,2023,tradable,0.17218,-0.17218,True,0.3692810457516338,0.4423407917383819,0.6693227091633465,0.05794495421000918,2.6102669135162047,2.0,2.0,-0.0068059523809523,-0.0023809523809523,-0.0758535714285714,-0.0714285714285714,-0.0996630952380952,-0.0952380952380952,-0.0949011904761903,-0.0904761904761903
3664,2026-09-02,2026,tradable,0.20108,-0.20108,True,0.44041450777202074,0.3899999999999999,0.1914285714285715,,5.688070669068702,2.0,2.0,0.0010998618784529,0.0055248618784529,-0.1889553867403316,-0.1845303867403316,-0.1646459944751382,-0.1602209944751382,-0.1049774861878452,-0.1005524861878452
3665,2026-03-06,2026,tradable,0.00408,-0.00408,False,0.25531914893617014,0.28260869565217384,0.2464788732394365,0.05126243407394375,0.9359425859202184,3.0,2.0,-0.004425,0.0,0.0331925548589341,0.0376175548589341,-0.0075597962382445,-0.0031347962382445,0.1397756269592477,0.1442006269592477
3666,2024-04-03,2024,tradable,0.0805799999999999,-0.0805799999999999,False,0.3729166666666668,0.39029535864978926,0.31800000000000006,0.0405188969602806,5.343186187184826,2.0,2.0,-0.0458996543778801,-0.0414746543778801,0.0186164746543778,0.0230414746543778,0.1199989631336407,0.1244239631336407,0.2951141705069123,0.2995391705069123
3673,2026-04-15,2026,tradable,0.04698,-0.04698,False,0.28626692456479685,0.48106904231625847,0.7250324254215306,0.047967514054720266,1.640827804253565,2.0,2.0,-0.0202523381294963,-0.0158273381294963,0.0200354316546763,0.0244604316546763,-0.0547847122302158,-0.0503597122302158,-0.1367991007194244,-0.1323741007194244
3673,2026-04-20,2026,tradable,0.08848,-0.08848,False,0.29454545454545467,0.6072234762979685,0.5769656699889258,0.04647271716270802,2.2269196720111943,4.0,2.0,-0.0268339635854343,-0.0224089635854343,-0.1402793417366947,-0.1358543417366947,-0.173892787114846,-0.169467787114846,-0.1290748599439777,-0.1246498599439777
3675,2026-05-21,2026,tradable,-0.02612,0.02612,True,0.24361493123772093,0.3078512396694215,0.35256410256410264,0.05739945191024407,2.5450751276148673,2.0,2.0,0.005053672985782,0.009478672985782,0.0508672590837283,0.0552922590837283,0.2088451421800948,0.2132701421800948,0.1361753159557662,0.1406003159557662
3675,2026-06-23,2026,tradable,0.11788,-0.11788,True,0.40094339622641506,0.2875722543352601,0.3338323353293413,0.06588627176001181,5.161733825140203,3.0,2.0,-0.0257520142180095,-0.0213270142180095,-0.1525292654028436,-0.1481042654028436,-0.1086904028436018,-0.1042654028436018,-0.0447093601895734,-0.0402843601895734
3680,2026-01-06,2026,tradable,0.0204799999999999,-0.0204799999999999,False,0.27002967359050456,0.3374999999999999,0.26067746686303384,0.0332387289683724,3.6843286569338334,2.0,2.0,-0.0197011457109282,-0.0152761457109282,-0.0455530846063454,-0.0411280846063454,-0.004425,0.0,0.0143764101057578,0.0188014101057578
3685,2025-08-25,2025,tradable,0.15968,-0.15968,True,0.48484848484848464,0.44117647058823506,0.5381165919282509,0.03871773350600593,8.929261715914977,2.0,2.0,0.0241464285714284,0.0285714285714284,0.1298607142857143,0.1342857142857143,0.2270035714285715,0.2314285714285715,0.452717857142857,0.4571428571428571
3685,2025-10-14,2025,tradable,0.1213799999999999,-0.1213799999999999,False,0.43506493506493515,0.5034013605442178,0.6554307116104869,0.05239351349765067,2.305567412193221,3.0,3.0,-0.0456014705882352,-0.0411764705882352,0.0108691176470586,0.0152941176470586,0.072045588235294,0.076470588235294,0.0426338235294118,0.0470588235294118
3686,2024-07-01,2024,tradable,0.06678,-0.06678,True,0.43846153846153846,0.4647519582245432,0.4025000000000001,0.04489935135418004,7.038006106747403,2.0,2.0,0.1235457495429616,0.1279707495429616,0.1016079067641681,0.1060329067641681,0.0687011425959781,0.0731261425959781,0.1290302102376598,0.1334552102376598
3691,2026-01-16,2026,tradable,0.14698,-0.14698,True,0.4457070707070707,0.4548919949174077,0.45120405576679334,0.05202648927732694,4.657987093169336,2.0,2.0,0.0707962389380531,0.0752212389380531,0.0707962389380531,0.0752212389380531,0.0530971238938052,0.0575221238938052,0.0398227876106195,0.0442477876106195
3693,2023-04-14,2023,tradable,0.06488,-0.06488,True,0.32352941176470584,0.506276150627615,0.6363636363636365,0.03758345897774664,2.444938767880956,2.0,2.0,0.0205057479224376,0.0249307479224376,0.0786774930747923,0.0831024930747923,0.0842176592797784,0.0886426592797784,-0.0155053324099723,-0.0110803324099723
3693,2023-06-21,2023,tradable,0.0616799999999999,-0.0616799999999999,False,0.35365853658536595,0.3564154786150713,0.6485148514851484,0.04552066295591655,1.8896654980514556,5.0,4.0,-0.0717032874617736,-0.0672782874617736,-0.1053424311926605,-0.1009174311926605,-0.0074831039755351,-0.0030581039755351,0.0567370795107032,0.0611620795107032
3693,2023-08-22,2023,tradable,-0.0081199999999999,0.0081199999999999,False,0.22580645161290325,0.23778501628664506,0.6838995568685378,0.05789420777533672,1.0732909575300573,7.0,4.0,-0.0724878272251309,-0.0680628272251309,-0.0724878272251309,-0.0680628272251309,-0.1283342495636998,-0.1239092495636998,0.0688734293193717,0.0732984293193717
3693,2025-10-28,2025,tradable,0.0464799999999999,-0.0464799999999999,True,0.350943396226415,0.32592592592592595,0.48856548856548865,0.042428993782583704,9.160156784458076,2.0,2.0,-0.028425,-0.024,0.0102416666666666,0.0146666666666666,-0.0537583333333333,-0.0493333333333333,-0.1084249999999999,-0.1039999999999999
3693,2026-01-13,2026,tradable,0.07428,-0.07428,True,0.24278438030560268,0.30481283422459904,0.3969465648854962,0.04631494253680188,3.1849040228053025,3.0,2.0,0.0037271739130434,0.0081521739130434,-0.0329576086956522,-0.0285326086956522,-0.0533380434782608,-0.0489130434782608,0.0186728260869565,0.0230978260869565
3693,2026-03-19,2026,tradable,0.0897799999999999,-0.0897799999999999,True,0.39640718562874255,0.3637426900584795,0.550531914893617,0.060501456155821365,2.40664455583068,3.0,2.0,-0.1387292071197411,-0.1343042071197411,-0.2277259708737864,-0.2233009708737864,-0.219635355987055,-0.215210355987055,-0.2350075242718446,-0.2305825242718446
3694,2025-08-15,2025,tradable,0.0608799999999999,-0.0608799999999999,True,0.40257648953301106,0.42553191489361697,0.45896147403685084,0.038803155647803206,1.7562852523096342,2.0,2.0,0.0756200958286358,0.0800450958286358,0.0508173900789176,0.0552423900789176,0.0790022829763245,0.0834272829763245,0.1286076944757609,0.1330326944757609
3701,2025-12-30,2025,tradable,0.12178,-0.12178,True,0.33002481389578175,0.3904020752269781,0.7374392220421393,0.05655294165063125,3.2791494125652942,4.0,4.0,0.0397208733205373,0.0441458733205373,-0.0447321017274472,-0.0403071017274472,-0.0351351727447217,-0.0307101727447217,0.0973024472168905,0.1017274472168905
3706,2023-07-18,2023,tradable,0.10608,-0.10608,True,0.40979020979020975,0.3368700265251987,0.382716049382716,0.04955424195897003,5.502128113171166,2.0,2.0,-0.0292341603053434,-0.0248091603053434,-0.0635853053435114,-0.0591603053435114,-0.0826692748091603,-0.0782442748091603,-0.0769440839694656,-0.0725190839694656
3706,2024-11-15,2024,tradable,0.06628,-0.06628,False,0.26666666666666683,0.47572815533980584,0.45222929936305745,0.04032833780368298,3.454670695937406,4.0,4.0,-0.0364017441860465,-0.0319767441860465,0.0522610465116279,0.0566860465116279,0.2019703488372094,0.2063953488372094,0.2165052325581394,0.2209302325581394
3708,2025-07-15,2025,tradable,0.08878,-0.08878,True,0.399719495091164,0.41359773371104813,0.3183619550858652,0.041266856864530355,7.552728537865401,2.0,2.0,-0.0156494897959182,-0.0112244897959182,0.0057790816326529,0.0102040816326529,0.0006770408163264,0.0051020408163264,0.2098607142857141,0.2142857142857142
3709,2023-09-18,2023,tradable,0.0720799999999999,-0.0720799999999999,False,0.24517374517374524,0.3665254237288136,0.39913232104121477,0.03788965899826223,2.7305606255407135,4.0,4.0,0.0088493362831859,0.0132743362831859,0.0427726401179941,0.0471976401179941,-0.0073748525073746,-0.0029498525073746,0.0575219026548673,0.0619469026548673
3709,2025-04-25,2025,tradable,0.2051799999999999,-0.2051799999999999,True,0.4127218934911243,0.6213921901528014,0.41481481481481475,0.0736696943943467,0.7279095484127754,4.0,4.0,0.0070572546972861,0.0114822546972861,-0.0472224947807933,-0.0427974947807933,-0.0440909707724426,-0.0396659707724426,-0.0096442066805845,-0.0052192066805845
3709,2025-10-09,2025,tradable,0.1274799999999999,-0.1274799999999999,True,0.4627906976744185,0.528554070473876,0.5646766169154227,0.04469537613929067,4.850812276217253,2.0,2.0,0.0075408119658119,0.0119658119658119,-0.0950232905982905,-0.0905982905982905,-0.1497241452991453,-0.1452991452991453,-0.1240831196581196,-0.1196581196581196
3713,2024-07-04,2024,tradable,0.1206799999999999,-0.1206799999999999,False,0.30350194552529186,0.39583333333333326,0.6183574879227054,0.04731274804602199,2.49947734379898,2.0,2.0,-0.0281638724035609,-0.0237388724035609,-0.1275704005934719,-0.1231454005934719,-0.1884012611275964,-0.1839762611275964,-0.1824665430267062,-0.1780415430267062
3714,2026-04-16,2026,tradable,0.12458,-0.12458,True,0.3263525305410122,0.6684961580680573,0.5784008307372794,0.06475246982328504,5.077622750383949,2.0,2.0,0.0085789011703511,0.0130039011703511,-0.0473378738621588,-0.0429128738621588,-0.0941519180754226,-0.0897269180754226,-0.0408359232769832,-0.0364109232769832
3715,2023-08-23,2023,tradable,0.08628,-0.08628,False,0.3252032520325203,0.502304147465438,0.4215116279069768,0.04755892174873205,2.400479113139385,4.0,2.0,-0.0536217871485943,-0.0491967871485943,-0.0415735943775099,-0.0371485943775099,0.1582256024096385,0.1626506024096385,0.2124424698795181,0.2168674698795181
4121,2023-05-03,2023,tradable,0.0663799999999999,-0.0663799999999999,False,0.3036363636363637,0.43113772455089827,0.5158562367864694,0.03243331629800776,3.099946187915118,3.0,3.0,0.0081977208976157,0.0126227208976157,-0.0352805399719495,-0.0308555399719495,-0.0731487026647965,-0.0687237026647965,-0.1909607643758766,-0.1865357643758766
4127,2024-03-21,2024,tradable,0.1304799999999999,-0.1304799999999999,True,0.4391025641025641,0.48675496688741715,0.5324232081911262,0.03900508897604629,6.780934360578328,2.0,2.0,0.0248025574112734,0.0292275574112734,0.239833872651357,0.244258872651357,0.2273077766179542,0.2317327766179542,0.450689822546973,0.455114822546973
4127,2026-05-25,2026,tradable,0.3404799999999999,-0.3404799999999999,True,0.6069767441860463,0.5794285714285714,0.8018252933507168,,2.5726963823359723,3.0,2.0,-0.0174684782608696,-0.0130434782608696,-0.0508018115942029,-0.0463768115942029,-0.0087728260869564,-0.0043478260869564,-0.0334105072463768,-0.0289855072463768
4131,2024-02-26,2024,tradable,0.1202799999999999,-0.1202799999999999,True,0.4350393700787403,0.452191235059761,0.4294117647058824,,6.398366275453302,2.0,2.0,-0.0579229423868313,-0.0534979423868313,0.0106641632373113,0.0150891632373113,0.0243815843621399,0.0288065843621398,-0.099075205761317,-0.094650205761317
4139,2026-07-17,2026,tradable,0.19548,-0.19548,True,0.5261044176706828,0.5447154471544715,0.5670103092783505,0.04164953953080481,9.195037309124274,2.0,2.0,-0.0175828947368421,-0.0131578947368421,0.1008381578947369,0.1052631578947369,0.0376802631578948,0.0421052631578948,-0.004425,0.0
4154,2023-08-16,2023,tradable,0.19178,-0.19178,True,0.5291479820627802,0.6965174129353233,-0.05013927576601662,0.07714324602352428,1.0571650932949654,2.0,2.0,-0.1350916666666666,-0.1306666666666666,-0.2657583333333333,-0.2613333333333333,-0.2417583333333333,-0.2373333333333332,-0.2390916666666667,-0.2346666666666667
4154,2025-02-07,2025,tradable,0.0679799999999999,-0.0679799999999999,True,0.38028169014084523,0.3754385964912281,0.3198653198653201,,4.053162682676998,2.0,2.0,0.0131629396984925,0.0175879396984925,0.1312533919597992,0.1356783919597992,0.1865297738693466,0.1909547738693466,0.0508513819095478,0.0552763819095478
4154,2026-03-30,2026,tradable,0.1302799999999999,-0.1302799999999999,True,0.44660194174757284,0.4536585365853658,,,3.621516510543607,2.0,2.0,-0.0249028156996587,-0.0204778156996587,-0.0146639078498293,-0.0102389078498293,-0.0180768771331058,-0.0136518771331058,-0.0658584470989761,-0.0614334470989761
4160,2023-05-09,2023,tradable,0.06938,-0.06938,True,0.2953367875647668,0.42653352353780316,0.7035775127768313,0.04843602518684229,2.8680852476731356,2.0,2.0,0.0667212450592885,0.0711462450592885,-0.0538321146245059,-0.0494071146245059,-0.0854526679841897,-0.0810276679841897,-0.1081799407114624,-0.1037549407114624
4160,2024-07-02,2024,tradable,0.0694799999999999,-0.0694799999999999,False,0.3256325632563255,0.24612202688728013,0.2233502538071066,0.0673547327896024,2.4676081776815137,2.0,2.0,-0.0620381687242797,-0.0576131687242797,-0.0455772633744856,-0.0411522633744856,0.0161511316872428,0.0205761316872428,0.0655338477366255,0.0699588477366255
4168,2025-06-04,2025,tradable,0.1713799999999999,-0.1713799999999999,True,0.361179361179361,0.47340425531914887,0.5518207282913163,0.0474238191873595,6.477411865659597,3.0,2.0,0.0272914179104476,0.0317164179104476,-0.0697235074626866,-0.0652985074626866,-0.0603951492537313,-0.0559701492537313,0.1317690298507462,0.1361940298507462
4169,2026-07-08,2026,tradable,-0.0147199999999999,0.0147199999999999,True,0.37777777777777777,0.4455958549222798,0.8600000000000001,0.049314611648392924,2.8303177554161394,2.0,2.0,-0.0486727876106194,-0.0442477876106194,-0.1442480088495575,-0.1398230088495575,-0.0628320796460176,-0.0584070796460176,,
4171,2025-10-29,2025,tradable,0.2013799999999999,-0.2013799999999999,True,0.545189504373178,0.5634218289085546,0.4640883977900552,0.04356170936744679,9.236076044311696,2.0,2.0,-0.0741924418604651,-0.0697674418604651,-0.0606265503875968,-0.0562015503875968,-0.1381459302325581,-0.1337209302325581,-0.1439598837209302,-0.1395348837209302
4174,2026-10-01,2026,tradable,0.12738,-0.12738,True,0.45362563237774034,0.6576923076923078,0.7205588822355289,0.046386009433240116,1.066610658360754,2.0,2.0,-0.0833723684210526,-0.0789473684210526,0.1096100877192981,0.1140350877192981,,,,
4183,2023-11-15,2023,tradable,0.0799799999999999,-0.0799799999999999,True,,,0.4045226130653268,,5.844645254323591,2.0,2.0,-0.008035108303249,-0.003610108303249,0.0064053249097472,0.0108303249097472,-0.0441361913357399,-0.0397111913357399,-0.0351109205776172,-0.0306859205776172
4188,2023-07-25,2023,tradable,0.15908,-0.15908,True,0.4821917808219178,0.5154061624649859,0.5027777777777778,0.042920657465653746,3.296437547983212,2.0,2.0,-0.0237232456140351,-0.0192982456140351,-0.1272320175438597,-0.1228070175438597,-0.2289864035087718,-0.2245614035087718,-0.2219688596491228,-0.2175438596491228
4188,2023-11-03,2023,tradable,0.04768,-0.04768,False,0.3119047619047619,0.36386138613861396,0.27842227378190265,0.040010093897870184,4.456427226101822,2.0,2.0,-0.0352779945553539,-0.0308529945553539,0.0427619328493648,0.0471869328493648,-0.0933542196007259,-0.0889292196007259,-0.0425375226860253,-0.0381125226860253
4188,2026-08-27,2026,tradable,0.2295799999999999,-0.2295799999999999,True,0.605,0.614688128772636,0.6930379746835442,0.04517975424326575,2.519600323224403,3.0,3.0,-0.089410835694051,-0.084985835694051,-0.1800623937677052,-0.1756373937677052,-0.2083910056657223,-0.2039660056657223,-0.1290708923512747,-0.1246458923512747
4192,2024-04-11,2024,tradable,0.1008799999999999,-0.1008799999999999,True,0.4157894736842105,0.43658210947930565,0.48413793103448266,0.041876732063834056,5.604564466266594,2.0,2.0,-0.0306422284644194,-0.0262172284644194,-0.1130392322097377,-0.1086142322097377,-0.1186572097378277,-0.1142322097378277,-0.1092939138576779,-0.1048689138576779
4198,2024-04-02,2024,tradable,0.2423799999999999,-0.2423799999999999,True,0.606896551724138,0.609671848013817,0.8167641325536064,0.059095232398650784,0.3705989972070962,2.0,2.0,-0.004425,0.0,0.157684375,0.162109375,0.048309375,0.052734375,-0.057159375,-0.052734375
4303,2024-02-05,2024,tradable,0.1074799999999999,-0.1074799999999999,False,0.34459459459459474,0.3630136986301371,0.3661327231121281,0.0366916592401159,4.037800612805817,2.0,2.0,-0.1060916666666666,-0.1016666666666666,0.0622416666666666,0.0666666666666666,-0.0210916666666667,-0.0166666666666667,0.5372416666666667,0.5416666666666667
4304,2024-06-28,2024,tradable,0.1569799999999999,-0.1569799999999999,True,0.48644067796610146,0.6865384615384613,0.5660714285714286,,6.4044584472946635,2.0,2.0,0.0947768244013683,0.0992018244013683,0.3239672462941848,0.3283922462941848,0.0936365735461802,0.0980615735461802,0.0046970068415052,0.0091220068415052
4304,2025-10-28,2025,tradable,0.0776799999999999,-0.0776799999999999,True,0.2534562211981566,0.5094339622641508,0.6075650118203308,,7.942699665975492,3.0,2.0,0.1727403543307085,0.1771653543307085,0.4128978346456694,0.4173228346456694,0.7081734251968504,0.7125984251968505,1.3577797244094492,1.362204724409449
4304,2026-08-21,2026,tradable,0.22438,-0.22438,True,0.6012461059190031,0.6369426751592357,0.4120879120879122,0.053368144516662615,2.886921042417021,2.0,2.0,-0.0610621681415929,-0.0566371681415929,-0.0734515486725663,-0.0690265486725663,-0.1336285398230088,-0.1292035398230088,-0.3265488938053098,-0.3221238938053098
4402,2024-04-16,2024,tradable,0.0464799999999999,-0.0464799999999999,False,0.2169421487603307,0.5748663101604279,0.7374631268436578,0.037830441387658266,2.0553560929304604,3.0,2.0,-0.0577583333333333,-0.0533333333333333,0.0239083333333333,0.0283333333333333,0.1622416666666667,0.1666666666666667,0.255575,0.26
4402,2026-06-11,2026,tradable,0.1116799999999999,-0.1116799999999999,True,0.4156378600823045,0.4700854700854702,0.4700854700854702,0.04362900458554622,1.6347125764832484,2.0,2.0,-0.0564481213872833,-0.0520231213872833,-0.0766793352601156,-0.0722543352601156,-0.0333267341040462,-0.0289017341040462,-0.0680088150289018,-0.0635838150289018
4413,2023-12-11,2023,tradable,0.07118,-0.07118,True,0.3854748603351956,0.2849740932642486,0.6156351791530945,0.04931560506742403,1.4721959657033916,2.0,2.0,-0.004425,0.0,-0.004425,0.0,-0.008465404040404,-0.004040404040404,-0.0306876262626262,-0.0262626262626262
4414,2023-07-05,2023,tradable,0.16938,-0.16938,False,0.39948453608247414,,,,,4.0,4.0,-0.0459344339622641,-0.0415094339622641,-0.0742363207547169,-0.0698113207547169,-0.1421608490566037,-0.1377358490566037,-0.1761231132075472,-0.1716981132075472
4416,2026-08-25,2026,tradable,0.0701799999999999,-0.0701799999999999,False,0.24489795918367352,0.45933014354067003,0.5024630541871922,0.03665012117457354,4.707344708266198,3.0,3.0,-0.0336457792207792,-0.0292207792207792,-0.0920873376623376,-0.0876623376623376,-0.1959834415584416,-0.1915584415584416,-0.2219574675324674,-0.2175324675324674
4419,2023-11-22,2023,tradable,0.1545799999999999,-0.1545799999999999,False,0.34957627118644075,0.5094786729857819,0.17962962962962958,0.057349017266069946,1.5091175055152926,2.0,2.0,-0.0595431102362204,-0.0551181102362204,-0.0910391732283464,-0.0866141732283464,0.0034490157480314,0.0078740157480314,0.1609293307086613,0.1653543307086613
4419,2024-06-17,2024,tradable,0.15788,-0.15788,True,0.46829268292682924,0.3903002309468824,0.408187134502924,0.04889516228010986,11.325132702107007,2.0,2.0,-0.0180304421768706,-0.0136054421768706,-0.0673501700680271,-0.0629251700680271,-0.024833163265306,-0.020408163265306,0.0006770408163267,0.0051020408163267
4420,2023-12-01,2023,tradable,0.12328,-0.12328,True,0.39255014326647575,0.5093167701863353,0.5211267605633803,,12.295449205660045,2.0,2.0,-0.0362975099601593,-0.0318725099601593,-0.0482497011952191,-0.0438247011952191,-0.0621939243027889,-0.0577689243027889,-0.0402815737051793,-0.0358565737051793
4426,2025-02-24,2025,tradable,0.12898,-0.12898,False,0.34745762711864403,0.5071090047393365,0.5362318840579712,0.04030702485905762,6.316485508701741,3.0,2.0,0.0050686708860757,0.0094936708860757,-0.0613870253164556,-0.0569620253164556,-0.0329060126582278,-0.0284810126582278,-0.1278427215189874,-0.1234177215189874
4503,2023-10-16,2023,tradable,0.06378,-0.06378,False,0.23484848484848486,0.32251521298174457,0.2466539196940727,0.04136704042729156,7.092341753105712,3.0,3.0,-0.0152108243451464,-0.0107858243451464,-0.0783849383667181,-0.0739599383667181,-0.0999565870570108,-0.0955315870570108,-0.1970290061633283,-0.1926040061633283
4510,2024-07-08,2024,tradable,0.16418,-0.16418,True,0.429003021148036,0.43333333333333335,0.33615819209039555,0.04181646735878004,1.845749085935908,2.0,2.0,-0.004425,0.0,0.1321134615384614,0.1365384615384615,0.2263442307692308,0.2307692307692308,0.1032673076923077,0.1076923076923077
4510,2024-08-07,2024,tradable,0.1391799999999999,-0.1391799999999999,True,0.3143759873617695,0.4444444444444444,0.7589852008456661,0.06877750414019454,2.6575183999704444,3.0,2.0,-0.0171860208816706,-0.0127610208816706,-0.1308751160092808,-0.1264501160092808,-0.1076732598607888,-0.1032482598607889,-0.1111535382830627,-0.1067285382830627
4510,2024-08-29,2024,tradable,0.07368,-0.07368,False,0.3258145363408522,0.293398533007335,0.5201149425287357,0.06169265909529713,3.5657091897154833,2.0,2.0,-0.069310496183206,-0.064885496183206,0.0509185114503817,0.0553435114503817,-0.0120585877862595,-0.0076335877862595,-0.0235089694656488,-0.0190839694656488
4513,2024-04-12,2024,tradable,0.10358,-0.10358,False,0.3963815789473686,0.51067615658363,0.779874213836478,0.03443915891707862,2.430625494240718,2.0,2.0,-0.0990995562130177,-0.0946745562130177,-0.1795729289940828,-0.1751479289940828,-0.1073835798816568,-0.1029585798816568,-0.0706971893491123,-0.0662721893491123
4513,2024-08-02,2024,tradable,0.0923799999999999,-0.0923799999999999,False,0.39423076923076916,0.38888888888888884,0.8261964735516372,0.040160146072256514,2.989372421301061,2.0,2.0,-0.0580481884057971,-0.0536231884057971,-0.068193115942029,-0.063768115942029,0.1274590579710143,0.1318840579710143,0.1999228260869564,0.2043478260869564
4526,2024-08-30,2024,tradable,0.0986799999999999,-0.0986799999999999,True,0.4361313868613139,0.4283121597096189,0.41546762589928066,0.05626451252991475,6.339493538474467,2.0,2.0,-0.0616041613722998,-0.0571791613722998,-0.0743106416772554,-0.0698856416772554,-0.0844758259212198,-0.0800508259212198,-0.0730399936467599,-0.0686149936467599
4529,2024-01-16,2024,tradable,0.1880799999999999,-0.1880799999999999,True,0.5555555555555556,0.5053763440860215,0.48777895855472897,0.043231170848011306,3.3573831317462526,2.0,2.0,-0.004425,0.0,-0.0303990259740259,-0.0259740259740259,-0.0368925324675324,-0.0324675324675324,0.1579126623376622,0.1623376623376622
4529,2026-04-28,2026,tradable,0.3374799999999999,-0.3374799999999999,True,0.6026666666666667,0.9769736842105263,0.7994011976047903,0.05591991182974246,2.5652609532776847,2.0,2.0,-0.1381636018237082,-0.1337386018237082,-0.2931787993920973,-0.2887537993920973,-0.2597441489361701,-0.2553191489361701,-0.2734219604863223,-0.2689969604863222
4533,2023-06-13,2023,tradable,0.1324799999999999,-0.1324799999999999,True,0.33435582822085874,0.6666666666666665,0.6795366795366797,0.04523969995125328,5.710449912309798,4.0,3.0,0.0415268599562363,0.0459518599562362,0.0962314551422317,0.1006564551422317,0.1159251094091903,0.1203501094091903,0.2909798140043763,0.2954048140043763
4533,2024-04-12,2024,tradable,0.10468,-0.10468,True,0.4478417266187049,0.44265232974910407,0.6035856573705178,0.0413842530497274,3.1863998067372044,3.0,3.0,-0.039207608695652,-0.034782608695652,-0.0913815217391304,-0.0869565217391304,-0.1149840062111802,-0.1105590062111802,-0.0578411490683229,-0.0534161490683229
4533,2026-01-19,2026,tradable,0.0584799999999999,-0.0584799999999999,False,0.32450331125827825,0.41176470588235303,0.408450704225352,0.03857042726788937,7.362076873203514,2.0,2.0,-0.0195765151515151,-0.0151515151515151,0.1858106902356903,0.1902356902356903,0.2312652356902357,0.2356902356902357,0.2363157407407409,0.2407407407407409
4533,2026-01-22,2026,tradable,0.10468,-0.10468,False,0.2807971014492754,0.58165548098434,0.6178489702517163,0.04696444599914914,6.9104413239899625,4.0,2.0,-0.0143259900990099,-0.0099009900990099,0.070539639321075,0.074964639321075,0.0903416195190948,0.0947666195190948,-0.0468578147100424,-0.0424328147100424
4534,2024-07-04,2024,tradable,0.19358,-0.19358,True,0.59375,0.5040214477211797,0.7422360248447204,0.05297006313953645,0.5139670100994568,2.0,2.0,-0.0158256514657979,-0.0114006514657979,-0.1102881921824104,-0.1058631921824104,-0.0663142508143321,-0.0618892508143321,-0.0956302117263844,-0.0912052117263844
4534,2025-02-25,2025,tradable,0.0457799999999999,-0.0457799999999999,True,0.3162583518930959,0.3938679245283019,0.42409638554216866,0.03692271271755024,4.755381941609076,2.0,2.0,0.0365306313993173,0.0409556313993173,-0.0505000853242321,-0.0460750853242321,-0.0010120307167237,0.0034129692832762,-0.0351417235494881,-0.0307167235494881
4534,2026-02-26,2026,tradable,0.05318,-0.05318,True,0.37529137529137535,0.30530973451327426,0.5167095115681235,0.051429161622358076,3.6175784406414153,2.0,2.0,0.0735646013864818,0.0779896013864818,-0.0390870450606586,-0.0346620450606586,0.0007743067590987,0.0051993067590987,0.0181053292894281,0.0225303292894281
4542,2023-09-04,2023,tradable,0.0865799999999999,-0.0865799999999999,True,0.5127892813641901,0.7922077922077924,1.2915129151291511,0.06095435366150267,3.1518217362207817,5.0,2.0,0.1134146072013092,0.1178396072013092,0.2394375204582651,0.2438625204582651,0.0495848199672669,0.0540098199672669,0.1297812193126021,0.1342062193126021
4542,2024-09-23,2024,tradable,0.0986799999999999,-0.0986799999999999,False,0.2727272727272727,0.3291139240506329,0.30922693266832924,0.051652663048301795,3.85896946623373,3.0,3.0,-0.0470790284360189,-0.0426540284360189,-0.152292298578199,-0.147867298578199,-0.1570316350710899,-0.1526066350710899,-0.0660363744075829,-0.0616113744075829
4542,2025-12-12,2025,tradable,0.10548,-0.10548,True,0.4101123595505618,0.4793713163064832,0.3841911764705883,0.04207428605640267,5.915476886882561,2.0,2.0,0.0546354026845638,0.0590604026845638,0.082823322147651,0.0872483221476509,0.0855078859060402,0.0899328859060402,0.2546354026845637,0.2590604026845637
4542,2026-02-10,2026,tradable,0.1047799999999999,-0.1047799999999999,False,0.2850678733031675,0.392156862745098,0.3786407766990292,0.04227540260711245,1.702651457341188,3.0,3.0,0.013496146953405,0.017921146953405,0.0206646057347669,0.0250896057347669,0.1496968637992831,0.1541218637992831,0.113854569892473,0.118279569892473
4542,2026-05-25,2026,tradable,0.0134799999999999,-0.0134799999999999,False,0.2325581395348837,0.3624678663239074,0.518624641833811,0.06235871209840657,2.4194014420702596,3.0,3.0,0.0571134615384615,0.0615384615384615,0.0013442307692307,0.0057692307692307,0.0032673076923076,0.0076923076923076,0.2051903846153845,0.2096153846153845
4542,2026-06-10,2026,tradable,0.0872799999999999,-0.0872799999999999,True,0.38266384778012674,0.20441988950276246,0.49656750572082387,0.06401686335248666,4.410905605228274,4.0,4.0,-0.0513,-0.046875,0.120575,0.125,0.1768249999999999,0.1812499999999999,0.2736999999999999,0.2781249999999999
4542,2026-09-23,2026,tradable,0.03958,-0.03958,True,0.3076923076923077,0.17345132743362823,0.20326678765880213,0.05000528396865686,3.104334326940299,2.0,2.0,0.0094853554868624,0.0139103554868624,0.058944397217929,0.063369397217929,0.0357604714064915,0.0401854714064915,,
4543,2023-06-01,2023,tradable,0.1659799999999999,-0.1659799999999999,True,0.5181102362204726,0.6765217391304348,0.7463768115942029,0.043253479319198346,2.9156354593820715,3.0,3.0,-0.0555613636363635,-0.0511363636363635,-0.0195765151515151,-0.0151515151515151,-0.0120007575757575,-0.0075757575757575,0.1773931818181818,0.1818181818181818
4545,2024-06-19,2024,tradable,0.05758,-0.05758,False,0.2941176470588236,0.45475638051044087,0.6285714285714286,0.05791700082088983,2.9772605764835687,2.0,2.0,-0.0345837301587301,-0.0301587301587301,-0.0837900793650794,-0.0793650793650794,-0.0933138888888889,-0.0888888888888889,-0.0917265873015873,-0.0873015873015873
4549,2024-05-21,2024,tradable,0.05728,-0.05728,False,0.2735426008968609,0.48070907194994783,0.533477321814255,0.043260036420083976,4.343619217785914,5.0,4.0,0.0531289568345324,0.0575539568345324,0.0567260791366907,0.0611510791366907,0.1718339928057554,0.1762589928057554,0.2941361510791366,0.2985611510791366
4549,2024-05-31,2024,tradable,0.07798,-0.07798,True,0.2915254237288136,0.5,0.984375,0.05504615819314716,2.6274221894731227,4.0,2.0,-0.0424960659898476,-0.0380710659898476,0.0031892131979695,0.0076142131979695,0.0057272842639594,0.0101522842639594,0.0336460659898477,0.0380710659898477
4551,2026-06-18,2026,tradable,0.21848,-0.21848,True,0.5992779783393503,0.5275862068965518,0.3974763406940063,0.05120505339423866,2.593042257245421,2.0,2.0,-0.0022077050997782,0.0022172949002217,0.0776149113082039,0.0820399113082039,-0.0066422949002217,-0.0022172949002217,0.1707412971175165,0.1751662971175165
4554,2025-05-15,2025,tradable,0.1390799999999999,-0.1390799999999999,True,0.4627118644067796,0.467687074829932,0.5247349823321554,0.04085541475261897,7.618798425283481,2.0,2.0,-0.028397602739726,-0.023972602739726,0.0229722602739727,0.0273972602739727,0.0777667808219179,0.0821917808219179,-0.1368450913242008,-0.1324200913242008
4556,2026-06-11,2026,tradable,0.1941799999999999,-0.1941799999999999,True,0.39930955120828515,0.5916230366492146,0.4424673784104389,0.05050542693434227,2.005723576589479,2.0,2.0,-0.004425,0.0,-0.0089160179640718,-0.0044910179640718,0.1467726047904193,0.1511976047904193,0.0434791916167666,0.0479041916167666
4556,2026-07-13,2026,tradable,0.09058,-0.09058,True,0.2528216704288939,0.5857142857142856,0.8256578947368423,0.06771936809733552,0.6916848842257448,2.0,2.0,0.0299097639484978,0.0343347639484978,-0.004425,0.0,-0.0215923819742489,-0.0171673819742489,-0.0001331545064376,0.0042918454935623
4558,2024-10-28,2024,tradable,0.18178,-0.18178,True,0.3825944170771758,0.6007604562737643,0.4902654867256637,0.04350644961389198,2.7529454121399697,3.0,2.0,0.1002408259773014,0.1046658259773014,0.0750201450189155,0.0794451450189155,0.038450157629256,0.042875157629256,-0.0233405107187893,-0.0189155107187893
4561,2024-05-14,2024,tradable,0.0564799999999999,-0.0564799999999999,False,0.23234916559691898,0.4285714285714286,0.32413793103448274,0.038105222649035944,1.7825208310637122,2.0,2.0,-0.0659169354838711,-0.0614919354838711,-0.0316427419354838,-0.0272177419354838,0.092349193548387,0.096774193548387,0.1407362903225805,0.1451612903225805
4561,2024-08-15,2024,tradable,0.0786799999999999,-0.0786799999999999,False,0.258,0.2707070707070707,0.1172291296625223,0.05632776973439665,7.731067406047705,2.0,2.0,-0.0153625,-0.0109375,-0.00755,-0.003125,-0.0262999999999999,-0.0218749999999999,0.29245,0.296875
4561,2026-01-21,2026,tradable,0.12538,-0.12538,True,0.3087349397590362,0.3599374021909234,0.3008982035928145,0.046092692071950034,3.6213602755928562,2.0,2.0,0.0400955479452055,0.0445205479452055,0.0891823059360731,0.0936073059360731,0.1005978310502283,0.1050228310502283,0.0503695205479454,0.0547945205479454
4561,2026-05-06,2026,tradable,0.0580799999999999,-0.0580799999999999,False,0.22607489597780872,0.2628571428571429,0.3943217665615144,0.0532975793216809,2.0834401647638536,2.0,2.0,0.0409289823008848,0.0453539823008848,0.1371679203539823,0.1415929203539823,0.0464599557522124,0.0508849557522124,0.0508847345132742,0.0553097345132742
4562,2024-05-10,2024,tradable,0.18678,-0.18678,True,0.6027777777777779,0.471938775510204,0.6207865168539326,0.05324391767207311,8.675622664118555,2.0,2.0,-0.0111703625632377,-0.0067453625632377,0.0427925379426644,0.0472175379426644,-0.0246610876897133,-0.0202360876897133,0.0664013069139967,0.0708263069139967
4562,2024-06-03,2024,tradable,0.14738,-0.14738,False,0.3610315186246418,0.6464471403812824,1.3989898989898988,0.06293991249293102,2.0112730360193414,4.0,2.0,-0.0211439132706374,-0.0167189132706374,-0.1810185214211077,-0.1765935214211077,-0.2667029519331244,-0.2622779519331244,0.040507079414838,0.044932079414838
4562,2024-07-05,2024,tradable,0.20288,-0.20288,True,0.440711462450593,0.5155925155925156,0.8502538071065993,0.07241236628267551,1.2999164222295216,5.0,5.0,-0.0692758430609597,-0.0648508430609597,-0.0848400453955899,-0.0804150453955899,-0.1639580739299611,-0.159533073929961,-0.2015715629053177,-0.1971465629053177
4563,2023-07-03,2023,tradable,0.0665799999999999,-0.0665799999999999,False,0.3370786516853932,0.4441747572815533,0.4819427148194273,0.03360684649989838,2.052107133232431,4.0,4.0,0.0362110424028267,0.0406360424028267,0.0927481448763251,0.0971731448763251,0.1139495583038868,0.1183745583038868,0.1810873674911658,0.1855123674911658
4569,2024-09-05,2024,tradable,0.22618,-0.22618,True,0.5922330097087378,0.6482412060301508,0.7391304347826086,0.04543626882513676,1.6420844324004586,2.0,2.0,-0.004425,0.0,0.1511305555555554,0.1555555555555554,0.2511305555555555,0.2555555555555555,0.370575,0.375
4569,2024-10-29,2024,tradable,0.07238,-0.07238,False,0.27472527472527464,0.30925507900677207,0.20833333333333326,0.06339015979561993,3.6637889170735383,2.0,2.0,-0.0082417938931297,-0.0038167938931297,-0.0922112595419847,-0.0877862595419847,-0.0922112595419847,-0.0877862595419847,-0.0903028625954198,-0.0858778625954198
4569,2026-04-14,2026,tradable,0.06108,-0.06108,True,0.3643410852713178,0.29889298892988925,0.25266903914590744,0.05077627614448064,1.7261306797558285,2.0,2.0,0.0303343582887699,0.0347593582887699,0.0356819518716576,0.0401069518716576,0.0437033422459892,0.0481283422459892,0.0009225935828877,0.0053475935828877
4571,2024-06-04,2024,tradable,0.0633799999999999,-0.0633799999999999,False,0.2586206896551724,0.37735849056603765,0.5368421052631578,0.052471310972289735,4.62750745884974,3.0,3.0,-0.0922628378378378,-0.0878378378378378,0.0428722972972973,0.0472972972972973,-0.014560135135135,-0.010135135135135,-0.1665871621621621,-0.1621621621621621
4571,2024-12-20,2024,tradable,0.05888,-0.05888,True,0.33333333333333326,0.4693877551020409,0.4078212290502794,0.04505455813829107,3.6096094792867324,2.0,2.0,-0.0083542730844793,-0.0039292730844793,0.0721958251473477,0.0766208251473477,-0.0004957269155206,0.0039292730844793,-0.0240713654223968,-0.0196463654223968
4576,2024-10-21,2024,tradable,0.07558,-0.07558,True,0.3940886699507389,0.45876288659793807,0.43073811931243666,0.04775207492392665,5.614259614723943,2.0,2.0,0.009963489208633,0.014388489208633,-0.0008278776978417,0.0035971223021582,0.0819059352517984,0.0863309352517984,0.0135606115107914,0.0179856115107914
4576,2026-04-14,2026,tradable,0.12418,-0.12418,True,0.4206642066420665,0.4206642066420665,0.5843621399176955,0.045210244685034706,4.3419617206043775,2.0,2.0,-0.0196921755725191,-0.0152671755725191,-0.0069695292620864,-0.0025445292620864,-0.0171476463104325,-0.0127226463104325,0.0082976463104326,0.0127226463104326
4577,2025-08-08,2025,tradable,0.0916799999999999,-0.0916799999999999,False,0.2682926829268293,0.42643391521197005,0.4193548387096775,0.04054420684162175,3.2666034500307064,3.0,2.0,0.0145078743545611,0.0189328743545611,0.0489312822719448,0.0533562822719448,0.2692410929432013,0.2736660929432013,0.1246627796901892,0.1290877796901892
4577,2025-11-26,2025,tradable,0.15148,-0.15148,True,0.44110275689223055,0.49156939040207526,0.452020202020202,0.05707626693142623,2.7237473015124216,5.0,5.0,-0.1060643442622951,-0.1016393442622951,-0.1208184426229508,-0.1163934426229508,-0.1093430327868852,-0.1049180327868852,-0.0126217213114754,-0.0081967213114754
4577,2026-02-26,2026,tradable,0.12968,-0.12968,True,0.44000000000000017,0.570909090909091,0.45945945945945943,0.05810065491988813,2.8756653114221673,2.0,2.0,0.1278753575685339,0.1323003575685339,-0.0389899582836711,-0.0345649582836711,0.1099969308700833,0.1144219308700833,0.133834833134684,0.138259833134684
4577,2026-04-14,2026,tradable,0.0580799999999999,-0.0580799999999999,True,0.3632075471698113,0.2620087336244541,0.5130890052356021,0.06445931554670575,1.742399994065811,3.0,3.0,-0.0251862456747404,-0.0207612456747404,0.0024954152249136,0.0069204152249136,0.0094158304498269,0.0138408304498269,0.2066476643598614,0.2110726643598615
4583,2023-07-06,2023,tradable,-0.0204199999999999,0.0204199999999999,False,0.2860576923076923,0.3408521303258145,0.3753213367609254,0.03464379834543429,2.638559232090332,3.0,3.0,-0.0100853773584905,-0.0056603773584905,0.0144429245283018,0.0188679245283018,-0.0365004716981132,-0.0320754716981132,-0.0629155660377358,-0.0584905660377358
4583,2024-08-30,2024,tradable,0.10388,-0.10388,True,0.4478203434610304,0.3944020356234097,0.597667638483965,0.05664990695645487,1.6622349638843135,2.0,2.0,-0.0260077338129496,-0.0215827338129496,0.0693160071942445,0.0737410071942445,0.0747116906474819,0.0791366906474819,0.2491721223021582,0.2535971223021582
4588,2024-02-23,2024,tradable,0.13828,-0.13828,True,0.45207439198855504,0.5037037037037038,,,,2.0,2.0,0.0864840909090908,0.0909090909090908,0.0662820707070707,0.0707070707070707,0.0460800505050506,0.0505050505050506,-0.0054351010101009,-0.0010101010101009
4588,2024-04-18,2024,tradable,0.09388,-0.09388,True,0.4547304170905393,0.49581589958159,0.30000000000000004,0.04568656484613149,2.8733670080171883,2.0,2.0,-0.0258535714285714,-0.0214285714285714,-0.1365678571428571,-0.1321428571428571,-0.154425,-0.15,-0.1829964285714286,-0.1785714285714286
4707,2026-06-03,2026,tradable,0.05818,-0.05818,True,0.32000000000000006,0.3846153846153846,0.306930693069307,0.051007919164532206,3.3116524097911553,2.0,2.0,0.0666409898477159,0.0710659898477159,-0.0272676395939086,-0.0228426395939086,-0.0399579949238578,-0.0355329949238578,0.1427831218274112,0.1472081218274112
4707,2026-07-02,2026,tradable,0.0482799999999999,-0.0482799999999999,False,0.21176470588235285,0.3672566371681414,0.5606060606060606,0.06325321438592081,1.488764510381361,3.0,2.0,0.0355749999999998,0.0399999999999998,0.1217288461538462,0.1261538461538462,0.1109596153846154,0.1153846153846154,0.2417288461538461,0.2461538461538461
4714,2024-02-19,2024,tradable,0.1718799999999999,-0.1718799999999999,True,0.4910394265232976,0.5238095238095237,0.6186770428015564,0.04302416805349544,5.782062920928339,2.0,2.0,-0.0520440476190476,-0.0476190476190476,0.0170035714285713,0.0214285714285713,0.0884321428571427,0.0928571428571427,0.2670035714285713,0.2714285714285713
4716,2024-09-24,2024,tradable,0.0541799999999999,-0.0541799999999999,False,0.34065934065934056,0.326086956521739,0.2055335968379446,0.04387531287343356,2.6496772420036607,2.0,2.0,-0.0060751650165017,-0.0016501650165017,-0.0308276402640263,-0.0264026402640263,-0.0786824257425742,-0.0742574257425742,-0.1050850660066007,-0.1006600660066007
4716,2026-06-26,2026,tradable,0.07578,-0.07578,False,0.29315068493150687,0.4303030303030304,0.6000000000000001,0.04734713149518495,5.769906066782094,3.0,2.0,0.0191296038543896,0.0235546038543896,-0.036544914346895,-0.032119914346895,-0.036544914346895,-0.032119914346895,-0.0408275695931478,-0.0364025695931478
4721,2025-05-16,2025,tradable,0.0599799999999999,-0.0599799999999999,False,0.3320895522388061,0.3370786516853934,0.4223107569721116,0.034671770145092755,2.774612599206985,3.0,3.0,-0.0212317226890756,-0.0168067226890756,-0.1248731792717088,-0.1204481792717088,-0.1234726190476191,-0.1190476190476191,-0.1626883053221288,-0.1582633053221288
4722,2025-08-19,2025,tradable,0.04988,-0.04988,True,0.24563445867287537,0.5070422535211268,0.6984126984126984,0.042011541369359695,1.4855627226579446,2.0,2.0,0.0085060344827586,0.0129310344827586,0.0041956896551723,0.0086206896551723,0.2110922413793102,0.2155172413793102,0.1722991379310344,0.1767241379310344
4722,2026-08-07,2026,tradable,0.10128,-0.10128,False,0.36070381231671544,0.14567901234567904,-0.09551656920077978,0.06453177794076205,0.9942918097817139,3.0,2.0,-0.0854484541577825,-0.0810234541577825,-0.1089026119402984,-0.1044776119402984,-0.1387533582089553,-0.1343283582089552,-0.1259601812366737,-0.1215351812366737
4728,2023-04-18,2023,tradable,0.13798,-0.13798,True,0.46232876712328763,0.5195729537366549,0.5992509363295879,0.040546971575492696,4.762329883422782,2.0,2.0,0.0195924672489081,0.0240174672489081,0.1243959606986898,0.1288209606986898,0.1091121179039301,0.1135371179039301,0.2073653930131004,0.2117903930131004
4729,2024-08-22,2024,tradable,0.1755799999999999,-0.1755799999999999,True,0.4575342465753425,0.47777777777777786,0.41114058355437666,0.060380577142634534,3.289136074964519,2.0,2.0,-0.0063297619047619,-0.0019047619047619,-0.0539488095238095,-0.0495238095238095,0.0317654761904761,0.0361904761904761,0.0336702380952381,0.0380952380952381
4741,2023-04-26,2023,tradable,0.13718,-0.13718,True,0.456043956043956,0.456043956043956,0.4350180505415162,0.03876762725657228,5.107048591740469,4.0,4.0,-0.0406750000000001,-0.0362500000000001,0.024325,0.02875,-0.0419249999999999,-0.0374999999999999,-0.1419249999999999,-0.1374999999999999
4741,2024-08-27,2024,tradable,0.08578,-0.08578,True,0.3856209150326797,0.3984168865435356,0.3892529488859764,,4.854233217392127,3.0,3.0,0.0049207943925232,0.0093457943925232,0.0460422897196263,0.0504672897196263,0.1226778037383177,0.1271028037383177,-0.038069859813084,-0.033644859813084
4741,2026-03-31,2026,tradable,0.1516799999999999,-0.1516799999999999,True,0.4989979959919839,0.5265306122448978,0.6086021505376344,0.05215740811308911,4.469925414413988,2.0,2.0,-0.0433860389610389,-0.0389610389610389,0.1579126623376624,0.1623376623376624,0.2124581168831169,0.2168831168831169,0.4760944805194805,0.4805194805194805
4741,2026-06-11,2026,tradable,0.0931799999999999,-0.0931799999999999,False,0.2695924764890283,0.308562197092084,0.2577639751552794,0.05653140866152794,2.0244630834919164,5.0,4.0,-0.0426494143033291,-0.0382244143033291,-0.1104669235511713,-0.1060419235511713,-0.2078775277435265,-0.2034525277435265,-0.3089872688039458,-0.3045622688039457
4745,2025-11-27,2025,tradable,0.09058,-0.09058,False,0.28720626631853796,0.3469945355191255,0.5122699386503067,0.045865411234954245,1.4815592722041604,4.0,4.0,-0.0143851593625497,-0.0099601593625497,-0.0382895418326694,-0.0338645418326694,0.0294395418326692,0.0338645418326692,-0.0283293824701196,-0.0239043824701196
4760,2025-08-28,2025,tradable,0.14188,-0.14188,True,0.4606741573033708,0.4444444444444444,0.40794223826714804,0.05420714041932972,3.2092575187138137,2.0,2.0,-0.1046581002331002,-0.1002331002331002,-0.1909051864801865,-0.1864801864801865,-0.2002291958041958,-0.1958041958041958,-0.1699261655011654,-0.1655011655011654
4760,2026-04-14,2026,tradable,0.1094799999999999,-0.1094799999999999,False,0.2946859903381642,0.30097087378640786,0.4972067039106145,0.0499323699409411,1.12328002009842,2.0,2.0,-0.0174120129870129,-0.0129870129870129,-0.0137014378478664,-0.0092764378478664,-0.0303990259740259,-0.0259740259740259,-0.1342951298701299,-0.1298701298701299
4760,2026-05-14,2026,tradable,0.0348799999999999,-0.0348799999999999,False,0.20411985018726586,0.35084033613445387,0.2086466165413534,0.04500644354104293,1.5636112968427984,2.0,2.0,-0.061207334384858,-0.056782334384858,-0.0470117507886434,-0.0425867507886434,-0.0265070189274447,-0.0220820189274447,0.3378462933753944,0.3422712933753944
4760,2026-05-29,2026,tradable,0.1754799999999999,-0.1754799999999999,False,0.3724340175953078,0.5652173913043479,0.941908713692946,0.05900719411940012,0.202446065990827,3.0,2.0,-0.106935460251046,-0.102510460251046,-0.1247178870292887,-0.1202928870292887,-0.1445923640167363,-0.1401673640167363,-0.2167680962343096,-0.2123430962343095
4764,2025-10-22,2025,tradable,0.17568,-0.17568,True,0.5577395577395576,0.552019583843329,0.5277108433734938,0.04286378777114889,9.055657995861864,2.0,2.0,0.0897665227629512,0.0941915227629512,0.2593112637362637,0.2637362637362637,0.1180239795918366,0.1224489795918366,0.1227335557299841,0.1271585557299841
4764,2025-12-15,2025,tradable,0.10038,-0.10038,False,0.4670255720053835,0.6490166414523451,0.7111459968602825,0.06329086970688107,2.9329402289062485,3.0,2.0,-0.0789533018867924,-0.0745283018867924,-0.004425,0.0,0.0851976415094338,0.0896226415094338,-0.0232929245283018,-0.0188679245283018
4764,2026-04-14,2026,tradable,0.17628,-0.17628,True,0.5120967741935485,0.40977443609022557,0.15740740740740744,0.06113516734120359,0.3108690519809476,4.0,4.0,0.0410295454545454,0.0454545454545454,0.1319386363636364,0.1363636363636364,0.3030616310160426,0.3074866310160427,0.262954679144385,0.267379679144385
4764,2026-06-22,2026,tradable,-0.0172199999999999,0.0172199999999999,True,0.2623574144486691,0.17730496453900702,0.03750000000000009,0.04948722271713016,1.0228101273323367,2.0,2.0,0.0361155405405405,0.0405405405405405,-0.09451509009009,-0.09009009009009,-0.1560766516516516,-0.1516516516516516,-0.079500075075075,-0.075075075075075
4768,2023-07-20,2023,tradable,0.05268,-0.05268,False,0.21844660194174748,0.23950617283950626,0.34224598930481287,0.039827543523292944,2.6055032176393587,2.0,2.0,-0.0191000524109015,-0.0146750524109015,-0.1029574947589099,-0.0985324947589099,-0.1406933438155136,-0.1362683438155136,-0.2266472222222222,-0.2222222222222222
4768,2025-08-19,2025,tradable,0.1102799999999999,-0.1102799999999999,True,0.40284360189573465,0.34545454545454546,0.35779816513761475,0.052535332057375074,3.666080006005295,2.0,2.0,-0.0181236301369863,-0.0136986301369863,-0.0318222602739726,-0.0273972602739726,0.0092736301369863,0.0136986301369863,0.0880407534246575,0.0924657534246575
4768,2025-10-09,2025,tradable,0.0245799999999999,-0.0245799999999999,True,0.31328320802005005,0.4048257372654156,0.49287749287749283,0.04299841035955117,1.899293824702198,4.0,4.0,0.0418526659959758,0.0462776659959758,0.0096595070422535,0.0140845070422535,0.023744014084507,0.028169014084507,0.0639854627766599,0.0684104627766599
4768,2025-12-17,2025,tradable,-0.0063199999999999,0.0063199999999999,False,0.18292682926829262,0.2543103448275863,0.41951219512195115,0.041292246002697555,4.061618869685754,3.0,3.0,0.0197964532871971,0.0242214532871971,0.0526684256055364,0.0570934256055364,0.2066476643598614,0.2110726643598615,0.3467860726643598,0.3512110726643598
4772,2025-01-16,2025,tradable,0.0090799999999999,-0.0090799999999999,True,0.2687338501291989,0.4028571428571428,0.4613095238095237,0.030726255948394225,3.7197476596287937,2.0,2.0,-0.0125058080808081,-0.0080808080808081,0.0460800505050506,0.0505050505050506,-0.0024047979797979,0.002020202020202,-0.0529098484848484,-0.0484848484848484
4804,2024-07-16,2024,tradable,0.18338,-0.18338,True,0.47754137115839224,0.5586034912718205,0.5394088669950741,0.0433555888711333,3.324234096957226,2.0,2.0,-0.1075996031746031,-0.1031746031746031,0.0797019841269842,0.0841269841269842,-0.0266472222222221,-0.0222222222222221,-0.1631551587301587,-0.1587301587301587
4804,2025-06-27,2025,tradable,0.18038,-0.18038,True,0.4642857142857144,0.4891041162227605,0.5974025974025974,0.039298464567808854,6.133261646862764,2.0,2.0,-0.0361445325542571,-0.0317195325542571,0.1007502921535893,0.1051752921535893,0.0323028797996659,0.0367278797996659,0.0723696577629381,0.0767946577629381
4804,2025-08-04,2025,tradable,0.14438,-0.14438,True,0.4537444933920707,0.4558823529411766,0.5840000000000001,0.037494959134791644,4.729799067948465,3.0,3.0,-0.0382414251207728,-0.0338164251207728,0.0004059178743961,0.0048309178743961,-0.0672269323671498,-0.0628019323671498,-0.0189177536231884,-0.0144927536231884
4806,2023-10-19,2023,tradable,0.33918,-0.33918,True,0.6068515497553018,,,,,2.0,2.0,-0.004425,0.0,0.0048342592592593,0.0092592592592593,-0.0692398148148148,-0.0648148148148148,-0.2349805555555555,-0.2305555555555555
4806,2023-11-10,2023,tradable,0.1502799999999999,-0.1502799999999999,True,0.41782407407407396,0.2894736842105263,0.8175074183976261,0.07064041785204099,0.7739212922523456,2.0,2.0,-0.0329964285714285,-0.0285714285714285,0.1670035714285714,0.1714285714285714,0.1588403061224489,0.1632653061224489,0.379248469387755,0.383673469387755
4807,2026-05-04,2026,tradable,0.12118,-0.12118,False,0.4339622641509433,0.48051948051948057,0.5833333333333333,0.04369884601562784,4.598347153461113,2.0,2.0,-0.0718163043478261,-0.0673913043478261,-0.0870336956521738,-0.0826086956521738,0.0260097826086957,0.0304347826086957,0.0107923913043478,0.0152173913043478
4807,2026-06-04,2026,tradable,0.07728,-0.07728,True,0.3917322834645671,0.5436681222707425,0.6753554502369667,0.04767139948971814,1.933611243823058,3.0,3.0,0.0605819156293222,0.0650069156293222,-0.0652825380359611,-0.0608575380359611,0.0273868948824341,0.0318118948824341,0.2127257607192255,0.2171507607192255
4903,2024-05-14,2024,tradable,0.0604799999999999,-0.0604799999999999,False,0.3187134502923976,0.3303834808259587,0.35029940119760483,0.037408792170859316,4.008011139552613,2.0,2.0,-0.0525421548117154,-0.0481171548117154,-0.0609103556485355,-0.0564853556485355,-0.1885254184100417,-0.1841004184100417,-0.1299480125523012,-0.1255230125523012
4903,2024-09-24,2024,tradable,0.1305799999999999,-0.1305799999999999,False,0.3163097199341023,0.657676348547718,0.3752151462994837,0.0510593439782793,2.1059229063420717,3.0,2.0,-0.038175,-0.03375,-0.0894249999999999,-0.0849999999999999,0.0293249999999999,0.0337499999999999,0.3305749999999999,0.3349999999999999
4903,2024-10-11,2024,tradable,0.1129799999999999,-0.1129799999999999,False,0.29141475211608214,0.33667083854818514,1.2157676348547715,0.055669586864704614,2.317397931553705,5.0,5.0,-0.0357903136531365,-0.0313653136531365,-0.000734963099631,0.0036900369003689,-0.0616205719557195,-0.0571955719557195,-0.0929858856088561,-0.0885608856088561
4905,2023-07-06,2023,tradable,0.1355799999999999,-0.1355799999999999,True,0.4608695652173913,0.516245487364621,0.6153846153846154,,6.034707481473205,2.0,2.0,-0.0180304421768707,-0.0136054421768707,-0.1200712585034013,-0.1156462585034013,-0.0905928004535148,-0.0861678004535148,-0.1767606009070295,-0.1723356009070294
4905,2026-03-23,2026,tradable,0.2343799999999999,-0.2343799999999999,True,0.607201309328969,0.6098360655737705,0.5272161741835149,0.047643630617128695,5.259167224186817,2.0,2.0,-0.1704627358490565,-0.1660377358490565,-0.2072551886792453,-0.2028301886792453,-0.2129155660377357,-0.2084905660377357,-0.2119721698113207,-0.2075471698113207
4908,2026-04-14,2026,tradable,0.1009799999999999,-0.1009799999999999,True,0.37681159420289845,0.2666666666666666,0.3443396226415094,0.05489853511677697,1.886504237885565,2.0,2.0,-0.004425,0.0,0.2047948581560282,0.2092198581560282,0.4494757092198581,0.4539007092198581,0.2721707446808511,0.2765957446808511
4908,2026-09-01,2026,tradable,0.20858,-0.20858,True,0.41666666666666674,0.53,0.5249169435215948,0.06655166282474295,0.5724850335623923,3.0,2.0,-0.0440725770925109,-0.0396475770925109,-0.0154382158590308,-0.0110132158590308,-0.0022223568281939,0.002202643171806,-0.0176408590308369,-0.0132158590308369
4909,2026-03-03,2026,tradable,0.04518,-0.04518,False,0.211169284467714,0.25497287522603984,0.14332784184514002,0.050604447880408965,4.8879488453444795,2.0,2.0,-0.0312506333830103,-0.0268256333830103,-0.0282700074515647,-0.0238450074515647,-0.0655278315946348,-0.0611028315946348,-0.0550956408345751,-0.0506706408345751
4916,2026-05-22,2026,tradable,0.12238,-0.12238,True,0.4519940915805021,0.5854838709677419,0.48714069591528,0.049191497825639335,4.228297041547664,3.0,3.0,0.0105749999999999,0.0149999999999999,-0.0104249999999998,-0.0059999999999998,0.120575,0.125,0.1955749999999999,0.1999999999999999
4919,2026-04-20,2026,tradable,0.17698,-0.17698,True,0.40796019900497504,0.5313852813852813,0.4235412474849094,0.06861093384196958,0.1989832255874001,2.0,2.0,-0.0442921096345515,-0.0398671096345515,-0.0276808139534884,-0.0232558139534884,-0.100770514950166,-0.096345514950166,0.0919205149501661,0.0963455149501661
4919,2026-05-26,2026,tradable,0.08968,-0.08968,True,0.40666666666666673,0.16574585635359118,0.5514705882352942,0.06638592243991871,1.938500880976373,2.0,2.0,-0.0210916666666667,-0.0166666666666667,-0.0925202380952381,-0.0880952380952381,0.0003369047619047,0.0047619047619047,-0.173472619047619,-0.169047619047619
4923,2025-06-18,2025,tradable,0.05208,-0.05208,False,0.3774250440917106,0.45167286245353155,0.36300174520069795,0.04597019627559159,9.243865160540034,2.0,2.0,-0.0439154458598724,-0.0394904458598724,-0.1560173566878981,-0.1515923566878981,-0.0872275477707006,-0.0828025477707006,-0.1343613057324841,-0.1299363057324841
4923,2026-01-22,2026,tradable,0.0704799999999999,-0.0704799999999999,False,0.242765273311897,0.39530685920577624,0.3466898954703832,0.039268144916693414,4.756994764238508,3.0,2.0,-0.0289728036175711,-0.0245478036175711,-0.1181200904392766,-0.1136950904392766,-0.1555877906976744,-0.1511627906976744,-0.1930554909560724,-0.1886304909560724
4923,2026-06-22,2026,tradable,0.1497799999999999,-0.1497799999999999,True,0.3347368421052632,0.38730853391684894,0.5771144278606963,0.06532541349924653,0.7871232777057307,2.0,2.0,-0.019977099533437,-0.015552099533437,-0.0790750777604975,-0.0746500777604975,-0.1537251555209953,-0.1493001555209953,0.017347939346812,0.021772939346812
4924,2024-06-17,2024,tradable,0.1461799999999999,-0.1461799999999999,True,0.4611260053619304,0.49725274725274726,0.45333333333333337,0.042460516294251405,3.1063908999381504,2.0,2.0,-0.0060944490818029,-0.0016694490818029,-0.1096002921535892,-0.1051752921535892,-0.0995835976627712,-0.0951585976627712,-0.0862280050083472,-0.0818030050083472
4924,2026-09-22,2026,tradable,0.18508,-0.18508,False,0.38888888888888884,0.4423076923076923,0.8920282542885973,0.05282410601128908,1.3748857696575068,2.0,2.0,-0.0859467391304348,-0.0815217391304348,-0.1892076086956521,-0.1847826086956521,-0.1402945652173912,-0.1358695652173912,,
4927,2024-07-15,2024,tradable,0.0754799999999999,-0.0754799999999999,True,0.38113207547169803,0.44094488188976366,0.4113110539845759,0.039369085128364546,6.576280057317227,2.0,2.0,0.0180049065420561,0.0224299065420561,-0.0399390186915887,-0.0355140186915887,-0.0343315420560747,-0.0299065420560747,0.0049207943925232,0.0093457943925232
4927,2026-02-26,2026,tradable,0.1290799999999999,-0.1290799999999999,True,0.4881889763779528,0.47887323943661975,0.2650602409638554,0.049443158807800945,3.9507229953528578,2.0,2.0,0.0347687290033594,0.0391937290033594,-0.0357799832026875,-0.0313549832026875,0.0280498040313549,0.0324748040313549,-0.0055448208286673,-0.0011198208286673
4931,2024-11-14,2024,tradable,0.11928,-0.11928,True,0.38176638176638167,0.4285714285714284,0.35474860335195535,0.04128964612452508,10.903848546546499,2.0,2.0,-0.0432005102040816,-0.0387755102040816,0.0057790816326529,0.0102040816326529,0.0649627551020407,0.0693877551020407,0.1343505102040815,0.1387755102040815
4931,2025-12-02,2025,tradable,0.0580799999999999,-0.0580799999999999,False,0.314516129032258,0.24904214559386983,0.22097378277153568,0.04827364350284409,2.2272462766533097,4.0,3.0,-0.004425,0.0,0.0076962121212121,0.0121212121212122,0.001635606060606,0.0060606060606061,0.0349689393939393,0.0393939393939393
4931,2026-08-11,2026,tradable,0.0442799999999999,-0.0442799999999999,True,0.30102040816326525,0.3783783783783783,0.15384615384615374,0.062113398211309935,4.3179837412483675,4.0,4.0,0.0426338235294118,0.0470588235294118,0.0269475490196079,0.0313725490196079,0.0132220588235293,0.0176470588235293,-0.0436406862745097,-0.0392156862745097
4939,2025-12-02,2025,tradable,0.0906799999999999,-0.0906799999999999,False,0.25769854132901115,0.7168141592920352,0.416058394160584,0.06462896390277534,2.7793827244271063,5.0,5.0,-0.0244249999999999,-0.0199999999999999,-0.0806749999999999,-0.0762499999999999,-0.0244249999999999,-0.0199999999999999,-0.081925,-0.0775
4939,2026-04-20,2026,tradable,0.1365799999999999,-0.1365799999999999,True,0.4251968503937007,0.6365280289330923,0.4715447154471544,0.047943445063120295,6.886322174920118,2.0,2.0,0.0132545580110495,0.0176795580110495,-0.0342592541436464,-0.0298342541436464,-0.1193421270718232,-0.1149171270718232,-0.0342592541436464,-0.0298342541436464
4939,2026-06-02,2026,tradable,0.0594799999999999,-0.0594799999999999,False,0.22706422018348627,0.3950456323337679,0.21867881548974943,0.046724515162850984,3.3525402396008115,3.0,3.0,-0.0508535714285714,-0.0464285714285714,0.0616464285714285,0.0660714285714285,0.1670035714285712,0.1714285714285712,0.1491464285714284,0.1535714285714284
4939,2026-08-28,2026,tradable,0.1534799999999999,-0.1534799999999999,True,0.39548872180451133,0.511400651465798,0.8267716535433072,0.04529790535528338,4.173798801305046,8.0,8.0,-0.0021778089887639,0.002247191011236,-0.0055485955056179,-0.0011235955056179,-0.0167845505617977,-0.0123595505617977,-0.0785823033707864,-0.0741573033707864
4943,2024-03-07,2024,tradable,0.15948,-0.15948,True,0.5110410094637223,0.6020066889632107,0.623728813559322,0.03815182371500414,8.552373487342122,2.0,2.0,-0.004425,0.0,0.0221909695817489,0.0266159695817489,-0.0538546577946767,-0.0494296577946767,0.0412023764258554,0.0456273764258554
4944,2023-01-10,2023,tradable,0.08328,-0.08328,False,0.4489795918367345,0.2678571428571428,0.15918367346938767,,3.5087620385129905,2.0,2.0,-0.004425,0.0,-0.0200500000000001,-0.0156250000000001,-0.0122375000000001,-0.0078125000000001,-0.1098937500000001,-0.1054687500000001
4945,2024-02-21,2024,tradable,0.09428,-0.09428,True,0.43920595533498763,0.3892215568862276,0.27472527472527464,0.04252275553012807,8.95933990612205,2.0,2.0,0.0464224576271187,0.0508474576271187,0.1354055084745763,0.1398305084745763,0.0845580508474576,0.0889830508474576,0.1311682203389831,0.1355932203389831
4946,2023-06-07,2023,tradable,0.04618,-0.04618,True,0.3319838056680162,0.3373983739837396,0.2007299270072993,0.0438641848896262,1.3846659167769175,2.0,2.0,0.0031737841945288,0.0075987841945288,-0.0788930851063829,-0.0744680851063829,-0.0925708966565349,-0.0881458966565349,0.0442072188449848,0.0486322188449848
4946,2025-02-11,2025,tradable,0.21328,-0.21328,True,0.5328282828282829,0.5931758530183726,0.572538860103627,0.042948515513809724,3.270113010524972,2.0,2.0,-0.004425,0.0,-0.0329107571214394,-0.0284857571214394,-0.0284130059970015,-0.0239880059970015,0.179982796101949,0.184407796101949
4946,2025-03-12,2025,tradable,0.15448,-0.15448,True,0.5211267605633803,0.36708860759493667,0.7792421746293245,0.06220602397127739,2.6922290551713544,2.0,2.0,-0.1365678571428571,-0.1321428571428571,-0.1454964285714285,-0.1410714285714285,-0.1071035714285714,-0.1026785714285714,-0.1472821428571429,-0.1428571428571429
4946,2025-04-16,2025,tradable,0.0619799999999999,-0.0619799999999999,False,0.2309257375381486,0.6198125836680053,0.2577962577962578,0.07024254193082358,2.460310131787757,3.0,2.0,-0.0332315843621398,-0.0288065843621398,0.1642992798353909,0.1687242798353909,0.1931058641975308,0.1975308641975308,0.4194433127572016,0.4238683127572016
4946,2025-04-22,2025,tradable,0.13338,-0.13338,False,0.32456140350877183,0.6890380313199105,0.5252525252525253,0.07496967785775166,2.992225068362716,5.0,2.0,-0.0009767241379311,0.0034482758620688,0.0162646551724138,0.0206896551724138,0.0817818965517242,0.0862068965517242,0.4576439655172414,0.4620689655172414
4946,2025-05-05,2025,tradable,0.14558,-0.14558,True,0.41216216216216206,0.613899613899614,1.3145071982281284,0.06495622715823055,1.7844513417076893,4.0,2.0,0.1014863300492611,0.1059113300492611,0.0349838669950738,0.0394088669950738,-0.0586121921182266,-0.0541871921182266,-0.048759975369458,-0.044334975369458
4946,2025-05-23,2025,tradable,0.0749799999999999,-0.0749799999999999,True,0.3490813648293962,0.2628992628992628,0.8035087719298246,0.06092383136559591,1.896299636606364,2.0,2.0,-0.0619646825396825,-0.0575396825396825,-0.123472619047619,-0.119047619047619,-0.2325996031746031,-0.2281746031746031,-0.1512503968253968,-0.1468253968253968
4946,2026-03-02,2026,tradable,0.0616799999999999,-0.0616799999999999,False,0.42727272727272725,0.35930735930735924,0.5096153846153846,0.053730454884090284,3.8213231201832687,2.0,2.0,-0.0855938311688312,-0.0811688311688312,-0.0498795454545454,-0.0454545454545454,0.0118087662337661,0.0162337662337661,-0.0693600649350649,-0.0649350649350649
4949,2026-04-14,2026,tradable,0.10048,-0.10048,True,0.4134762633996938,0.3110795454545454,0.3494152046783625,0.059692990458999694,2.066903776158562,4.0,3.0,-0.0370336956521739,-0.0326086956521739,-0.0218163043478259,-0.0173913043478259,-0.0315989130434782,-0.0271739130434782,0.0162271739130436,0.0206521739130436
4950,2024-09-12,2024,tradable,0.2870799999999999,-0.2870799999999999,True,0.5300546448087431,,,,,2.0,2.0,-0.0206851626016261,-0.0162601626016261,0.1825668699186989,0.1869918699186989,0.1012660569105689,0.1056910569105689,0.1297213414634145,0.1341463414634145
4951,2026-04-30,2026,tradable,0.21578,-0.21578,True,0.5973154362416107,0.6550764951321277,0.803030303030303,0.04482943430260662,7.009514980754934,2.0,2.0,0.0032970077220077,0.0077220077220077,0.0071580115830115,0.0115830115830115,-0.0468960424710424,-0.0424710424710425,-0.0739230694980694,-0.0694980694980694
4956,2024-10-15,2024,tradable,0.08808,-0.08808,True,0.2905982905982907,0.3727272727272728,0.40334572490706333,0.04472659671419269,5.088818007376463,3.0,3.0,0.1171966216216217,0.1216216216216217,0.1523317567567567,0.1567567567567567,0.1834128378378378,0.1878378378378378,0.0523317567567568,0.0567567567567568
4956,2026-04-20,2026,tradable,0.16348,-0.16348,True,0.43947368421052646,0.6600910470409711,0.5673352435530088,0.053717668866169,0.09581085136729703,6.0,4.0,-0.1192336522462562,-0.1148086522462562,-0.1807977121464227,-0.1763727121464227,-0.2390339850249584,-0.2346089850249584,-0.1791338186356073,-0.1747088186356072
4958,2026-04-24,2026,tradable,0.03488,-0.03488,False,0.23226950354609932,0.3113207547169812,0.6746987951807228,0.050297207012742796,2.2275014128085284,2.0,2.0,-0.0547561258278145,-0.0503311258278145,0.0101445364238409,0.0145695364238409,0.1412703642384106,0.1456953642384106,0.0869657284768211,0.0913907284768211
4958,2026-05-04,2026,tradable,0.01768,-0.01768,False,0.24460431654676262,0.5336879432624113,0.970387243735763,0.047215463386660585,1.4919222994283161,5.0,2.0,-0.0125645348837208,-0.0081395348837208,-0.0114017441860465,-0.0069767441860465,-0.046285465116279,-0.041860465116279,-0.1009366279069767,-0.0965116279069767
4958,2026-05-26,2026,tradable,0.05948,-0.05948,True,0.32190942472460216,0.3267813267813269,0.506276150627615,0.05523958968512723,0.785758090370538,2.0,2.0,-0.0371522727272727,-0.0327272727272727,-0.0680613636363636,-0.0636363636363636,-0.0589704545454545,-0.0545454545454545,-0.013515909090909,-0.009090909090909
4960,2026-04-16,2026,tradable,0.14668,-0.14668,True,0.4725536992840096,0.2695473251028806,0.179732313575526,0.06680626194481097,0.6607110654363024,2.0,2.0,-0.0058999262536872,-0.0014749262536872,0.2020646755162242,0.2064896755162242,0.1902652654867257,0.1946902654867257,0.1460174778761062,0.1504424778761062
4966,2026-05-13,2026,tradable,0.1209799999999999,-0.1209799999999999,True,0.40940766550522656,0.37585034013605445,0.5009276437847867,0.049302620594704465,2.8176275629251237,3.0,3.0,0.0091888613861385,0.0136138613861385,-0.067543811881188,-0.063118811881188,-0.067543811881188,-0.063118811881188,0.0723076732673268,0.0767326732673268
4967,2025-10-14,2025,tradable,0.06238,-0.06238,True,0.3474387527839644,0.3908045977011494,0.6395663956639568,0.04941148400081413,3.4404199928460195,5.0,5.0,0.0284968106995885,0.0329218106995885,0.0490729423868313,0.0534979423868313,0.0531881687242798,0.0576131687242797,0.0326120370370369,0.0370370370370369
4967,2026-03-20,2026,tradable,0.06148,-0.06148,False,0.3274111675126903,0.40591397849462374,0.3009950248756219,0.05038419249721427,3.366468804677239,3.0,2.0,-0.0179124759152215,-0.0134874759152215,-0.0236928227360307,-0.0192678227360307,-0.1238855009633911,-0.1194605009633911,-0.1855425337186897,-0.1811175337186897
4967,2026-04-28,2026,tradable,0.0704799999999999,-0.0704799999999999,False,0.270440251572327,0.37104072398190047,0.3260393873085339,0.05325268765472015,3.7277627034160727,4.0,2.0,0.0262609205776173,0.0306859205776173,0.0226508122743681,0.0270758122743681,0.071387274368231,0.075812274368231,0.0262609205776173,0.0306859205776173
4971,2025-02-12,2025,tradable,0.26238,-0.26238,True,0.5906680805938496,0.5957446808510638,0.6685205784204671,0.056822782015527866,5.728253446596314,2.0,2.0,0.0335496835443037,0.0379746835443037,0.0651952531645568,0.0696202531645568,0.1696256329113924,0.1740506329113924,0.0968408227848102,0.1012658227848102
4971,2025-12-11,2025,tradable,0.03658,-0.03658,False,0.2935560859188544,0.39331619537275064,0.6035502958579881,0.06648716880678128,1.6448742031233077,5.0,3.0,-0.0226068181818181,-0.0181818181818181,0.0883022727272727,0.0927272727272727,0.0610295454545454,0.0654545454545454,0.1046659090909091,0.1090909090909091
4971,2025-12-16,2025,tradable,0.05318,-0.05318,False,0.2240325865580448,0.6112600536193029,0.7573099415204678,0.06404517386470591,3.038416386194454,5.0,2.0,-0.0345757537688442,-0.0301507537688442,-0.019500376884422,-0.015075376884422,-0.0178253350083752,-0.0134003350083752,0.0341009631490786,0.0385259631490786
4971,2026-03-30,2026,tradable,0.0521799999999999,-0.0521799999999999,True,0.44646924829157175,0.3685344827586208,0.1824953445065176,0.0698742581731046,4.355490105031177,3.0,3.0,-0.0651803366174056,-0.0607553366174056,-0.0783166256157635,-0.0738916256157635,0.0546883004926107,0.0591133004926107,0.1121595648604269,0.1165845648604269
4971,2026-08-07,2026,tradable,0.1398799999999999,-0.1398799999999999,True,0.325179856115108,0.1455223880597014,0.09382422802850354,0.07624977166730262,2.4218192845160513,3.0,2.0,0.0435917014613779,0.0480167014613779,0.0394163361169103,0.0438413361169103,-0.0023373173277661,0.0020876826722338,0.2231324112734863,0.2275574112734864
4973,2026-03-13,2026,tradable,0.2188799999999999,-0.2188799999999999,True,0.6038186157517902,0.4608695652173913,0.48344370860927177,0.06121773714150375,5.083504922509507,3.0,3.0,0.0233914116828929,0.0278164116828929,0.237577781641168,0.242002781641168,0.2250603963838665,0.2294853963838665,-0.1532428025034771,-0.1488178025034771
4973,2026-05-13,2026,tradable,0.0558799999999999,-0.0558799999999999,False,0.29225736095965105,0.29366812227074246,0.4849624060150377,0.05331223019019438,1.1396390144706714,3.0,3.0,-0.0495069672131147,-0.0450819672131147,-0.016720081967213,-0.012295081967213,-0.1109823770491803,-0.1065573770491803,0.134919262295082,0.139344262295082
4973,2026-05-29,2026,tradable,0.1511799999999999,-0.1511799999999999,True,0.3913043478260869,0.36752136752136755,0.9253910950661854,0.04778458205065445,1.746333593536174,2.0,2.0,-0.013918670886076,-0.009493670886076,0.0841825949367088,0.0886075949367088,0.0810180379746835,0.0854430379746835,0.2044357594936708,0.2088607594936709
4976,2025-08-29,2025,tradable,0.06128,-0.06128,False,0.38601823708206706,0.39877300613496924,0.6056338028169015,0.03646621755958085,6.909876462377609,2.0,2.0,-0.0263548245614034,-0.0219298245614034,0.1775925438596489,0.1820175438596489,0.1907504385964912,0.1951754385964912,0.0175048245614034,0.0219298245614034
4979,2023-07-05,2023,tradable,0.10178,-0.10178,False,0.28192032686414703,0.38368246968026454,0.9307692307692308,0.045709892712724604,1.1620101117451183,4.0,2.0,0.0718461864406779,0.0762711864406779,0.1438800847457627,0.1483050847457627,0.2582868644067796,0.2627118644067796,0.3048970338983051,0.3093220338983051
4979,2026-04-17,2026,tradable,0.1656799999999999,-0.1656799999999999,True,0.43270300333704115,0.715046604527297,0.6814621409921671,0.05813530656576344,0.37666241045329746,5.0,4.0,-0.0030105728429986,0.0014144271570013,-0.1147503182461103,-0.1103253182461103,-0.1501109971711457,-0.1456859971711457,-0.0581732319660537,-0.0537482319660537
4979,2026-07-28,2026,tradable,-0.01972,0.01972,True,0.196078431372549,0.05955334987593042,-0.06462212486308871,0.0491248713698644,3.2022076215581965,4.0,4.0,-0.1050097953216374,-0.1005847953216374,-0.1389279239766082,-0.1345029239766082,0.0423586257309941,0.0467836257309941,0.1885574561403508,0.1929824561403508
4989,2025-07-23,2025,tradable,0.04458,-0.04458,True,0.41538461538461546,0.45569620253164556,0.5972222222222221,0.044033840935605896,7.719530459470196,3.0,3.0,0.0353980088495574,0.0398230088495574,0.079645796460177,0.084070796460177,0.0154865044247786,0.0199115044247786,0.0442475663716813,0.0486725663716813
4989,2025-08-15,2025,tradable,0.15178,-0.15178,True,0.36755646817248433,0.39330543933054396,0.8196721311475408,0.062182746008371384,4.969971334773084,3.0,3.0,0.0832421619613671,0.0876671619613671,0.0505527117384844,0.0549777117384844,0.0401515230312036,0.0445765230312036,-0.0237414933135214,-0.0193164933135214
4989,2025-10-09,2025,tradable,0.16108,-0.16108,True,0.6024590163934427,0.524366471734893,0.28407224958949095,0.05869797201574193,3.90714951875464,2.0,2.0,0.1107021753681391,0.1151271753681391,-0.0004089357429718,0.0040160642570281,-0.0820689089692101,-0.0776439089692101,-0.0111184404283801,-0.0066934404283801
4989,2026-03-02,2026,tradable,0.17438,-0.17438,False,0.40637450199203173,0.3629343629343629,0.14796747967479673,0.06431289530820272,2.3696271395120885,3.0,3.0,-0.0614486439499305,-0.0570236439499305,-0.075356849791377,-0.070931849791377,-0.1504611613351878,-0.1460361613351878,-0.067011926286509,-0.062586926286509
4989,2026-04-15,2026,tradable,0.18428,-0.18428,True,0.41847041847041844,0.5169753086419753,0.45845697329376844,0.054159643585483586,0.6435302609375929,5.0,2.0,0.0604837221095334,0.0649087221095334,0.0807676977687627,0.0851926977687627,0.1771165821501014,0.1815415821501014,0.0756967038539554,0.0801217038539554
4991,2024-10-15,2024,tradable,0.0995799999999999,-0.0995799999999999,True,0.2887931034482758,0.42042755344418037,0.5633986928104575,0.038672294506912064,6.952189139550482,4.0,4.0,0.0149298387096773,0.0193548387096773,0.0262201612903224,0.0306451612903224,0.0117040322580645,0.0161290322580645,0.0084782258064516,0.0129032258064516
4991,2024-11-07,2024,tradable,0.1522799999999999,-0.1522799999999999,True,0.3880597014925373,0.4463452566096424,0.8235294117647058,0.044411264315947024,2.5834095239203,3.0,3.0,-0.023085812294182,-0.018660812294182,-0.0033273051591656,0.0010976948408343,-0.0384535400658616,-0.0340285400658616,-0.0110111690450054,-0.0065861690450054
4991,2024-12-24,2024,tradable,0.06228,-0.06228,False,0.28615702479338845,0.2928348909657321,0.3315508021390374,0.06619339911313593,1.763228978233222,5.0,3.0,-0.004425,0.0,0.1139423469387756,0.1183673469387756,0.105779081632653,0.110204081632653,0.0608811224489794,0.0653061224489794
4991,2025-12-24,2025,tradable,-0.0070199999999999,0.0070199999999999,True,0.2712328767123289,0.36070381231671544,0.3768545994065282,0.03912700877482832,2.9143944964045345,3.0,2.0,-0.0087446544276458,-0.0043196544276458,-0.0411420626349891,-0.0367170626349891,-0.0260232721382289,-0.0215982721382289,-0.0692198164146868,-0.0647948164146868
4994,2024-03-13,2024,tradable,0.10988,-0.10988,True,0.43187066974595845,0.5519399249061325,0.9935691318327973,0.03581388964906136,3.4278710463478026,3.0,3.0,0.0246206431535268,0.0290456431535268,0.0951600622406639,0.0995850622406639,0.041218153526971,0.045643153526971,0.0080231327800829,0.0124481327800829
4995,2024-07-09,2024,tradable,0.04408,-0.04408,False,0.24923547400611623,0.49087591240875916,0.5046040515653776,0.03800429086727482,3.1715112490675725,2.0,2.0,-0.0105077250608272,-0.0060827250608272,0.0369375304136251,0.0413625304136251,0.0235555352798052,0.0279805352798052,-0.1248629562043795,-0.1204379562043795
5205,2024-07-30,2024,tradable,0.0651799999999999,-0.0651799999999999,False,0.2349081364829395,0.2890410958904108,0.361794500723589,0.06079095346683282,0.7768736468451032,2.0,2.0,-0.0192869957537156,-0.0148619957537156,-0.0702424097664543,-0.0658174097664543,-0.1827689490445859,-0.1783439490445859,-0.1806458067940552,-0.1762208067940552
5209,2023-04-17,2023,tradable,0.06578,-0.06578,False,0.23828125,0.488262910798122,0.4952830188679245,0.04205111372990429,4.965906115638743,4.0,2.0,-0.0580527602523659,-0.0536277602523659,-0.0580527602523659,-0.0536277602523659,-0.0296615930599368,-0.0252365930599368,0.0271207413249211,0.0315457413249211
5209,2025-08-06,2025,tradable,0.0713799999999999,-0.0713799999999999,False,0.3403361344537814,0.3632478632478633,0.39301310043668125,0.039127145259575564,4.775686725595511,2.0,2.0,-0.029425,-0.025,0.033075,0.0375,0.01745,0.021875,-0.066925,-0.0625
5210,2023-12-06,2023,tradable,0.1063799999999999,-0.1063799999999999,True,0.29756097560975614,0.5113636363636362,0.9487179487179487,0.04577620028476741,1.7724559850083257,3.0,3.0,0.0482065789473683,0.0526315789473683,-0.0382595864661654,-0.0338345864661654,0.0030937969924812,0.0075187969924812,0.2906877819548873,0.2951127819548873
5210,2024-09-23,2024,tradable,0.07338,-0.07338,True,0.3869565217391304,0.3459915611814346,0.32640332640332637,0.04752635470283574,7.845238666612983,2.0,2.0,0.0184882569558101,0.0229132569558101,-0.0387948854337152,-0.0343698854337152,-0.0306115793780687,-0.0261865793780687,0.0070316284779049,0.0114566284779049
5227,2026-06-16,2026,tradable,0.08578,-0.08578,True,0.40754716981132066,0.5286885245901638,0.4627450980392156,0.050506665020627436,1.3031402320133842,2.0,2.0,-0.004425,0.0,0.044355487804878,0.048780487804878,-0.0483274390243901,-0.0439024390243901,-0.1678396341463415,-0.1634146341463415
5228,2026-01-16,2026,tradable,0.08448,-0.08448,False,0.26067415730337085,0.4421593830334192,0.496,0.05000966839079146,1.7398244839220123,3.0,3.0,0.0362110424028267,0.0406360424028267,-0.0697960247349823,-0.0653710247349823,-0.0856970848056537,-0.0812720848056537,-0.142234187279152,-0.137809187279152
5228,2026-04-16,2026,tradable,0.14788,-0.14788,True,0.34194831013916516,0.46420824295010843,0.42105263157894735,0.04638712423711253,2.506120620529692,2.0,2.0,0.0435975988700566,0.0480225988700566,0.0125241525423728,0.0169491525423728,-0.0637470338983051,-0.0593220338983051,-0.04397302259887,-0.03954802259887
5228,2026-05-14,2026,tradable,0.17868,-0.17868,True,0.38101788170563955,0.4786450662739321,0.6351791530944626,0.05638493108550497,2.6187051902542557,3.0,3.0,-0.0054412601626017,-0.0010162601626017,-0.0755632113821138,-0.0711382113821138,0.0626481707317071,0.0670731707317071,0.2801278455284551,0.2845528455284551
5234,2024-09-19,2024,tradable,0.05618,-0.05618,True,0.38636363636363646,0.47432024169184284,0.7183098591549295,0.04613658000388215,4.418832910857035,2.0,2.0,-0.0447475806451612,-0.0403225806451612,-0.0911185483870967,-0.0866935483870967,-0.0407153225806451,-0.0362903225806451,0.0358975806451612,0.0403225806451612
5243,2026-04-09,2026,tradable,0.05368,-0.05368,True,0.37575757575757573,0.6284074605451937,0.5547945205479452,0.042891667948205946,0.6432387331246611,3.0,2.0,-0.0168731327800829,-0.0124481327800829,0.0495169087136929,0.0539419087136929,0.0080231327800829,0.0124481327800829,0.0204712655601658,0.0248962655601658
5245,2025-07-10,2025,tradable,0.10188,-0.10188,True,0.27454909819639295,0.5550122249388754,0.44545454545454555,0.052192573342105655,4.664997628598021,3.0,2.0,0.03756566874028,0.04199066874028,0.0360104587869364,0.0404354587869364,-0.0028697900466562,0.0015552099533437,0.0126823094867808,0.0171073094867808
5251,2024-02-01,2024,tradable,0.0530799999999999,-0.0530799999999999,False,0.34031413612565453,0.3950953678474114,0.3438320209973753,0.038224494028607704,6.414293790367903,3.0,3.0,-0.0391740347490346,-0.0347490347490346,-0.1434211389961389,-0.1389961389961389,-0.0700620656370656,-0.0656370656370656,-0.1144636100386099,-0.1100386100386099
5251,2024-04-19,2024,tradable,0.0620799999999999,-0.0620799999999999,False,0.31141199226305605,0.44562899786780386,0.45493562231759643,0.04582269733024282,1.8536586249393707,2.0,2.0,-0.153944890260631,-0.149519890260631,0.0243815843621399,0.0288065843621398,0.0435859739368999,0.0480109739368999,-0.0620381687242799,-0.0576131687242799
5251,2024-04-25,2024,tradable,0.05618,-0.05618,False,0.21555915721231766,0.4970059880239521,0.6483516483516483,0.05565725291620568,4.6009097551358105,4.0,2.0,0.0008381578947368,0.0052631578947368,-0.004425,0.0,-0.0360039473684211,-0.0315789473684211,-0.004425,0.0
5276,2026-04-28,2026,tradable,0.0478799999999999,-0.0478799999999999,False,0.3114754098360655,0.2987012987012987,0.3289036544850499,,2.983214454996945,2.0,2.0,0.084463888888889,0.088888888888889,0.1177972222222222,0.1222222222222222,0.1733527777777778,0.1777777777777778,0.1372416666666666,0.1416666666666666
5278,2024-12-12,2024,tradable,0.14188,-0.14188,True,,,-0.8450166112956811,,,2.0,2.0,-0.0855060810810811,-0.0810810810810811,-0.2586792542542543,-0.2542542542542543,-0.2456662412412413,-0.2412412412412413,-0.2076282032032033,-0.2032032032032033
5284,2024-02-20,2024,tradable,0.05818,-0.05818,False,0.275092936802974,0.30418250950570336,0.5043859649122806,0.044312326072576694,4.637074119364584,3.0,3.0,0.0274590579710144,0.0318840579710144,0.0361547101449274,0.0405797101449274,0.0651402173913043,0.0695652173913043,0.340502536231884,0.344927536231884
5289,2025-08-29,2025,tradable,-0.01452,0.01452,False,0.19793814432989687,0.2079002079002079,0.2825607064017661,0.036661971753101305,2.8381015989007032,2.0,2.0,-0.0269163494809688,-0.0224913494809688,-0.0321066608996539,-0.0276816608996539,0.0180663494809688,0.0224913494809688,0.1737756920415224,0.1782006920415224
5289,2026-03-13,2026,tradable,0.0199799999999999,-0.0199799999999999,True,0.26086956521739135,0.3029525032092426,0.28970775095298595,0.061778716246591286,0.6864790115446708,3.0,3.0,-0.004425,0.0,0.2031221698113207,0.2075471698113207,0.1323674528301887,0.1367924528301887,-0.0987646226415094,-0.0943396226415094
5289,2026-05-12,2026,tradable,0.08188,-0.08188,False,0.2640845070422535,0.5084033613445378,0.5814977973568283,0.05711317570896469,1.2750203587720668,5.0,2.0,0.0158062138728324,0.0202312138728324,0.0129160404624276,0.0173410404624276,-0.004425,0.0,-0.0275463872832369,-0.0231213872832369
5291,2026-01-12,2026,tradable,0.13008,-0.13008,False,0.3129032258064517,0.48269581056466326,0.49632352941176494,0.04392978153030643,2.603821011296977,3.0,2.0,-0.0374828512396694,-0.0330578512396694,-0.0540117768595041,-0.0495867768595041,-0.1307532172373081,-0.1263282172373081,-0.0079669126328216,-0.0035419126328216
5291,2026-02-26,2026,tradable,0.08938,-0.08938,True,0.4812760055478502,0.46703296703296715,0.3924380704041721,0.06994173810548793,0.8474122314179816,2.0,2.0,0.0806027264325323,0.0850277264325323,-0.0802105822550832,-0.0757855822550832,0.0306951478743068,0.0351201478743068,-0.0229092883548983,-0.0184842883548983
5292,2026-03-30,2026,tradable,-0.0087199999999999,0.0087199999999999,False,0.30232558139534893,0.4078212290502794,0.3999999999999999,0.035614945710568405,2.1870864325016797,2.0,2.0,-0.0385615461847389,-0.0341365461847389,-0.1550274096385542,-0.1506024096385542,-0.1429792168674698,-0.1385542168674698,-0.0465936746987951,-0.0421686746987951
5301,2023-05-29,2023,tradable,0.0604799999999999,-0.0604799999999999,True,0.34099616858237547,0.417004048582996,0.4522821576763485,0.04739761884441432,1.7905527904646144,3.0,3.0,-0.0072027777777777,-0.0027777777777777,0.0427972222222222,0.0472222222222222,0.0455749999999998,0.0499999999999998,0.1261305555555555,0.1305555555555555
5301,2024-05-02,2024,tradable,0.15908,-0.15908,True,0.4732142857142856,0.5566037735849054,0.5348837209302326,0.04590995022819299,3.9424523415503248,2.0,2.0,-0.0464097328244273,-0.0419847328244273,0.0146589694656488,0.0190839694656488,0.0032085877862594,0.0076335877862594,0.0070253816793893,0.0114503816793893
5301,2025-10-28,2025,tradable,0.15898,-0.15898,False,0.35593220338983067,0.46341463414634143,0.3980582524271845,,3.4887280413904107,2.0,2.0,-0.0322027777777777,-0.0277777777777777,-0.1016472222222222,-0.0972222222222222,-0.1141472222222222,-0.1097222222222222,,
5309,2025-09-11,2025,tradable,0.0701799999999999,-0.0701799999999999,False,0.3453237410071941,0.2852233676975944,0.5234215885947047,0.04285246535149714,2.415535214931615,4.0,4.0,-0.0546895502645502,-0.0502645502645502,-0.1036313492063491,-0.0992063492063491,-0.1472821428571428,-0.1428571428571428,-0.1221498677248675,-0.1177248677248675
5310,2024-03-08,2024,tradable,0.15218,-0.15218,True,0.39622641509433953,0.47410358565737054,0.7917675544794189,0.05280776027428425,4.3496869476545506,4.0,4.0,-0.0556379380053908,-0.0512129380053908,0.1303458894878705,0.1347708894878705,0.2004267520215633,0.2048517520215633,0.4349280997304582,0.4393530997304582
5314,2023-04-12,2023,tradable,0.1708799999999999,-0.1708799999999999,True,0.4699738903394257,0.4473007712082262,0.4815789473684209,,8.282637004106903,2.0,2.0,0.003037686567164,0.007462686567164,0.0347541044776119,0.0391791044776119,-0.0230817164179104,-0.0186567164179104,-0.1238279850746268,-0.1194029850746268
5314,2023-11-17,2023,tradable,0.20188,-0.20188,True,0.5890410958904109,0.5143603133159269,0.858974358974359,0.05690050734794054,3.6960680425979153,3.0,3.0,-0.0802870689655171,-0.0758620689655171,-0.0940801724137931,-0.0896551724137931,-0.1371836206896552,-0.1327586206896552,-0.0820112068965517,-0.0775862068965517
5314,2024-01-15,2024,tradable,0.1719799999999999,-0.1719799999999999,True,0.5752461322081577,0.4545454545454546,0.7230769230769232,0.06198914717327034,0.8025207080172193,2.0,2.0,0.0214370689655173,0.0258620689655173,0.0128163793103447,0.0172413793103447,-0.0173560344827586,-0.0129310344827586,0.3748853448275863,0.3793103448275863
5314,2024-02-01,2024,tradable,0.0665799999999999,-0.0665799999999999,True,0.2743055555555556,0.5550847457627119,1.4932065217391308,0.054416926573517266,1.849911175400804,3.0,2.0,0.0731151069518717,0.0775401069518717,-0.0445319518716578,-0.0401069518716578,0.0597461229946524,0.0641711229946524,-0.0846389037433155,-0.0802139037433155
5314,2024-03-05,2024,tradable,0.19928,-0.19928,True,0.5116279069767442,0.306532663316583,0.8055555555555556,0.06992573066739796,1.3921604769081457,2.0,2.0,-0.0410338631984585,-0.0366088631984585,-0.0872766377649325,-0.0828516377649325,-0.0911302023121387,-0.0867052023121387,0.1632050578034681,0.1676300578034681
5314,2024-09-18,2024,tradable,0.05118,-0.05118,True,0.38408304498269885,0.25,0.12676056338028174,0.04432142819533497,5.8293697848334345,2.0,2.0,0.0226020270270269,0.0270270270270269,0.0963121007371007,0.1007371007371007,0.0791130835380834,0.0835380835380834,0.0791130835380834,0.0835380835380834
5314,2024-11-25,2024,tradable,-0.02312,0.02312,True,0.25174825174825166,0.2197614991482113,0.7047619047619047,0.052450731672486005,2.2820129446791717,2.0,2.0,0.0037271739130434,0.0081521739130434,0.0743793478260869,0.0788043478260869,0.1857923913043478,0.1902173913043479,0.245575,0.25
5314,2024-12-27,2024,tradable,0.0874799999999999,-0.0874799999999999,True,0.3594232749742534,0.4301191765980499,0.6562107904642409,0.0583369938223605,2.5953162514939323,4.0,4.0,0.0477489130434781,0.0521739130434781,0.1810822463768114,0.1855072463768114,0.0578938405797101,0.0623188405797101,0.1767344202898549,0.181159420289855
5314,2025-04-01,2025,tradable,0.1155799999999999,-0.1155799999999999,False,,-0.9403007518796992,-0.9026960784313726,,,2.0,2.0,-0.1324737804878049,-0.1280487804878048,-0.2971079268292683,-0.2926829268292683,-0.304425,-0.3,-0.2666201219512195,-0.2621951219512195
5314,2025-07-14,2025,tradable,0.21578,-0.21578,True,0.4282828282828284,0.44285714285714284,0.4225352112676055,0.05089421920847653,6.03667598955746,3.0,2.0,-0.0381802742616032,-0.0337552742616032,-0.0283349859353022,-0.0239099859353022,0.0433949718706049,0.0478199718706049,0.0279238045007034,0.0323488045007034
5314,2025-09-08,2025,tradable,0.16768,-0.16768,True,0.5006385696040869,0.42597087378640763,0.4614427860696517,,2.8390963986065545,2.0,2.0,-0.0467978813559322,-0.0423728813559322,-0.0764588983050847,-0.0720338983050847,0.0040495762711864,0.0084745762711864,0.0760834745762712,0.0805084745762712
5314,2026-09-11,2026,tradable,0.0748799999999999,-0.0748799999999999,False,0.31718749999999996,0.23245614035087714,1.601851851851852,0.07570917350168345,2.086032249351624,3.0,2.0,-0.004425,0.0,-0.1928307971014493,-0.1884057971014493,-0.2007359354413702,-0.1963109354413702,-0.2811048418972333,-0.2766798418972332
5321,2023-09-15,2023,tradable,0.0638799999999999,-0.0638799999999999,True,0.3255813953488371,0.5240641711229947,0.2984054669703873,0.05437416893506383,7.538104763298066,2.0,2.0,-0.0086985042735042,-0.0042735042735042,0.0041220085470085,0.0085470085470085,0.0511305555555555,0.0555555555555555,-0.0257925213675214,-0.0213675213675214
5321,2026-05-21,2026,tradable,0.19368,-0.19368,True,0.5225806451612902,0.6275862068965516,0.4873949579831931,0.04483710077812678,2.9667082548985437,3.0,3.0,-0.004425,0.0,0.2038012210796914,0.2082262210796914,0.2552151028277635,0.2596401028277635,0.2937755141388175,0.2982005141388175
5328,2025-10-23,2025,tradable,0.0634799999999999,-0.0634799999999999,False,0.33228840125391845,0.1643835616438356,0.26488095238095233,0.05268865212480422,2.413279148150633,2.0,2.0,-0.0435054597701149,-0.0390804597701149,-0.0549997126436781,-0.0505747126436781,-0.1308617816091953,-0.1264367816091953,-0.1699422413793104,-0.1655172413793104
5328,2026-01-19,2026,tradable,0.15508,-0.15508,True,0.4716981132075473,0.4682352941176471,0.4716981132075473,0.04369387448707284,1.4899436213526542,2.0,2.0,0.053842716535433,0.058267716535433,-0.0185982283464566,-0.0141732283464566,-0.0752911417322834,-0.0708661417322834,-0.1902517716535432,-0.1858267716535432
5328,2026-07-02,2026,tradable,0.1093799999999999,-0.1093799999999999,False,0.2816901408450705,0.5933852140077822,1.1524310118265442,0.06691570496042433,1.9880950832078814,5.0,2.0,0.0242891073657928,0.0287141073657928,-0.0568594569288388,-0.0524344569288388,-0.1242751872659175,-0.1198501872659175,-0.251616011235955,-0.247191011235955
5340,2023-01-06,2023,tradable,0.1631799999999999,-0.1631799999999999,True,0.47580645161290325,0.4381139489194501,0.47580645161290325,0.04187115817663041,3.5100516243361257,2.0,2.0,-0.0118784161490682,-0.0074534161490682,-0.0106361801242236,-0.0062111801242236,-0.004425,0.0,0.1334631987577638,0.1378881987577638
5340,2025-11-14,2025,tradable,0.0726799999999999,-0.0726799999999999,True,0.4327731092436975,0.36536536536536524,0.4061855670103094,0.0446540777688288,5.542063822217946,2.0,2.0,-0.0673620629370629,-0.0629370629370629,-0.1596697552447552,-0.1552447552447552,-0.1498795454545454,-0.1454545454545454,-0.155473951048951,-0.151048951048951
5345,2024-06-27,2024,tradable,0.22368,-0.22368,True,0.6058091286307055,0.6329113924050636,0.5795918367346939,,2.6993304053567573,2.0,2.0,-0.004425,0.0,0.2026338235294117,0.2070588235294117,0.4543985294117646,0.4588235294117646,0.2191044117647059,0.2235294117647059
5345,2026-06-11,2026,tradable,0.22508,-0.22508,True,0.6068181818181819,0.7286063569682153,0.6635294117647059,,6.7087365794646905,2.0,2.0,-0.0680742220650636,-0.0636492220650636,-0.137381152758133,-0.132956152758133,-0.0892906294200849,-0.0848656294200849,-0.1486965700141442,-0.1442715700141442
5348,2023-07-10,2023,tradable,0.06008,-0.06008,False,0.30805687203791465,0.36633663366336644,0.3596059113300494,0.03828596485490919,4.149089812923487,2.0,2.0,-0.0329964285714285,-0.0285714285714285,0.0634321428571428,0.0678571428571428,0.1027178571428572,0.1071428571428572,0.0134321428571427,0.0178571428571427
5348,2023-08-25,2023,tradable,0.0777799999999999,-0.0777799999999999,True,0.4542124542124544,0.3233333333333335,0.47037037037037055,0.061949039761537004,3.8498194997103874,2.0,2.0,-0.0811513427109974,-0.0767263427109974,-0.0325579923273657,-0.0281329923273657,-0.0837088874680307,-0.0792838874680307,0.0058051790281329,0.0102301790281329
5348,2023-10-18,2023,tradable,0.08898,-0.08898,False,0.26520681265206814,0.5116279069767442,0.3720316622691293,0.0479379941823387,2.7322487839159146,2.0,2.0,-0.0163771912350597,-0.0119521912350597,-0.0940664342629482,-0.0896414342629482,-0.110002689243028,-0.105577689243028,-0.0482497011952191,-0.0438247011952191
5351,2026-01-05,2026,tradable,0.15038,-0.15038,True,0.3995433789954339,0.5597964376590332,0.5984354628422424,0.0432153194952734,2.421346239756666,2.0,2.0,0.0084782258064516,0.0129032258064516,-0.0076508064516129,-0.0032258064516129,-0.004425,0.0,0.1326717741935484,0.1370967741935485
5351,2026-03-17,2026,tradable,0.09148,-0.09148,True,0.34320557491289194,0.45197740112994333,0.38172043010752676,0.06177756442090611,3.1582255920617754,2.0,2.0,0.0135822028811524,0.0180072028811524,-0.0500432472989195,-0.0456182472989195,-0.1640888655462185,-0.1596638655462184,-0.2373181572629051,-0.2328931572629051
5351,2026-08-07,2026,tradable,0.21698,-0.21698,True,0.4305364511691885,0.2264150943396226,0.05906313645621175,0.0721809707361537,2.137685993579512,2.0,2.0,0.0560401162790697,0.0604651162790697,0.1304587209302324,0.1348837209302325,0.2327843023255814,0.2372093023255814,0.1397610465116278,0.1441860465116278
5353,2023-03-24,2023,tradable,0.07858,-0.07858,False,0.30307467057101034,0.32243684992570576,0.26062322946175653,0.04021315616484625,2.411370859994505,2.0,2.0,0.0280199594438007,0.0324449594438007,0.0454011877172652,0.0498261877172652,0.069734907300116,0.074159907300116,0.1311485805330242,0.1355735805330242
5355,2025-08-05,2025,tradable,0.0620799999999999,-0.0620799999999999,False,0.3537675606641124,0.38020833333333326,0.3537675606641124,0.03840605299277534,2.3335057847809124,3.0,3.0,0.0004059178743961,0.0048309178743961,-0.0237486714975845,-0.0193236714975845,-0.0962124396135265,-0.0917874396135265,0.0293914251207728,0.0338164251207728
5364,2024-08-28,2024,tradable,0.1016799999999999,-0.1016799999999999,True,0.3342696629213482,0.43288084464555054,0.7592592592592593,0.057819230325163624,0.8160807954339974,2.0,2.0,0.0082065789473685,0.0126315789473685,-0.0338986842105263,-0.0294736842105263,-0.0781092105263158,-0.0736842105263158,-0.0149513157894737,-0.0105263157894737
5364,2025-03-24,2025,tradable,0.08438,-0.08438,False,0.3430493273542601,0.23505154639175263,0.17681728880157177,0.042081291126326935,2.882792359192197,2.0,2.0,-0.039483430717863,-0.035058430717863,-0.1463281719532554,-0.1419031719532554,-0.2047588898163606,-0.2003338898163605,-0.3683648998330551,-0.3639398998330551
5381,2023-03-27,2023,tradable,0.0680799999999999,-0.0680799999999999,True,0.3833333333333333,0.27561475409836067,0.6824324324324322,0.04727315986190887,2.2333253494408405,2.0,2.0,-0.0230817164179104,-0.0186567164179104,0.0888585820895523,0.0932835820895523,0.0776645522388058,0.0820895522388058,0.256769029850746,0.261194029850746
5386,2023-06-05,2023,tradable,0.0607799999999999,-0.0607799999999999,False,0.23076923076923084,0.39410187667560326,0.34020618556701043,0.040246184426949085,3.834477512018141,4.0,4.0,0.0244211538461537,0.0288461538461537,0.0109596153846153,0.0153846153846153,0.1494211538461537,0.1538461538461537,0.1724980769230769,0.1769230769230769
5386,2024-03-13,2024,tradable,0.1501799999999999,-0.1501799999999999,True,0.49740932642487046,0.6609195402298851,0.723658051689861,0.04560607555587761,2.5085507986231637,3.0,2.0,-0.0406887362637362,-0.0362637362637362,-0.0318975274725274,-0.0274725274725274,-0.0923370879120879,-0.0879120879120879,-0.0527766483516484,-0.0483516483516484
5386,2024-08-29,2024,tradable,0.1348799999999999,-0.1348799999999999,True,0.4807436918990704,0.3401442307692306,0.5638148667601683,0.053496550750322086,1.950357150935275,3.0,3.0,-0.1155361111111111,-0.1111111111111111,-0.1548523504273503,-0.1504273504273503,-0.2693822649572649,-0.2649572649572649,-0.2471600427350427,-0.2427350427350427
5386,2026-02-04,2026,tradable,0.0634799999999999,-0.0634799999999999,False,0.3097949886104785,0.3593380614657211,0.36417556346381974,0.04361048688180569,2.256164860133895,2.0,2.0,-0.004425,0.0,0.2018530269058295,0.2062780269058295,0.4260682735426008,0.4304932735426008,0.8117184977578474,0.8161434977578474
5386,2026-02-09,2026,tradable,0.11358,-0.11358,True,0.29326923076923084,0.5823529411764705,0.6283292978208233,0.05012364630502601,3.2431946708515773,4.0,2.0,0.0776645522388058,0.0820895522388058,0.3015451492537314,0.3059701492537314,0.5739332089552239,0.5783582089552239,0.7605003731343284,0.7649253731343284
5386,2026-05-28,2026,tradable,0.04758,-0.04758,False,0.2286324786324787,0.3356562137049941,0.5312916111850865,0.06363545605714557,1.936338048177122,3.0,2.0,0.0109859589041095,0.0154109589041095,-0.0472332191780821,-0.0428082191780821,-0.0780551369863013,-0.0736301369863013,-0.177370205479452,-0.172945205479452
5392,2024-05-17,2024,tradable,0.0745799999999999,-0.0745799999999999,False,0.31810193321616875,0.38632162661737524,0.4677103718199609,0.04310864638976022,5.9384234596980505,2.0,2.0,-0.0201112745098039,-0.0156862745098039,0.1249867647058823,0.1294117647058823,0.0308691176470589,0.0352941176470589,0.0282547385620916,0.0326797385620916
5425,2026-06-22,2026,tradable,0.1084799999999999,-0.1084799999999999,False,0.28712871287128716,0.28712871287128716,0.4925373134328359,0.06428466539438364,0.14789636733879466,2.0,2.0,-0.0118324074074074,-0.0074074074074074,-0.0636842592592592,-0.0592592592592592,-0.1896101851851852,-0.1851851851851852,0.0622416666666666,0.0666666666666666
5426,2023-12-13,2023,tradable,0.13938,-0.13938,True,0.35849056603773577,0.6258064516129032,0.7379310344827585,0.05319488280191189,3.044179468076484,2.0,2.0,-0.0435311452513966,-0.0391061452513966,-0.0155981843575418,-0.0111731843575418,0.1128934357541898,0.1173184357541898,0.1408263966480446,0.1452513966480446
5426,2026-06-05,2026,tradable,0.2398799999999999,-0.2398799999999999,True,0.605898123324397,0.5598958333333333,0.6873239436619718,0.04704689925413652,10.700819946198369,3.0,3.0,0.1919386363636362,0.1963636363636363,0.1755750000000001,0.1800000000000001,0.1737568181818182,0.1781818181818182,0.4373931818181816,0.4418181818181816
5432,2023-10-02,2023,tradable,0.0699799999999999,-0.0699799999999999,True,0.371841155234657,0.3669064748201438,0.5494393476044852,0.05107113232505663,3.1003327788180397,2.0,2.0,0.053683108108108,0.058108108108108,-0.0165871621621622,-0.0121621621621622,0.003683108108108,0.008108108108108,-0.1260466216216216,-0.1216216216216216
5432,2023-12-01,2023,tradable,0.0827799999999999,-0.0827799999999999,False,0.36451169188445665,0.39718309859154943,0.43768115942028984,0.050064558533246505,3.1721219847934736,3.0,3.0,-0.0568443548387097,-0.0524193548387097,-0.0064411290322581,-0.0020161290322581,0.0691637096774192,0.0735887096774192,0.2002120967741935,0.2046370967741935
5432,2026-08-18,2026,tradable,0.0704799999999999,-0.0704799999999999,False,0.33478260869565224,0.4212962962962963,0.2581967213114753,0.04596093850904789,3.3485719355493813,2.0,2.0,0.0375330419580418,0.0419580419580418,0.051519055944056,0.055944055944056,-0.0184110139860139,-0.0139860139860139,0.0550155594405593,0.0594405594405593
5438,2024-09-16,2024,tradable,0.13618,-0.13618,True,0.4795321637426899,0.4838709677419355,0.547400611620795,0.0415234407834285,8.606260432415688,3.0,3.0,0.0526092205323193,0.0570342205323193,-0.0215352661596957,-0.0171102661596957,-0.0386455323193917,-0.0342205323193917,-0.0234364068441065,-0.0190114068441065
5438,2024-10-29,2024,tradable,0.06378,-0.06378,False,0.3999999999999999,0.6091954022988504,0.6374269005847955,0.07149255549461928,0.10096443369057215,4.0,2.0,-0.1862431818181819,-0.1818181818181818,-0.2078882034632035,-0.2034632034632035,-0.0845115800865801,-0.0800865800865801,-0.1581046536796537,-0.1536796536796537
5438,2025-09-04,2025,tradable,0.12428,-0.12428,True,0.430622009569378,0.47290640394088657,0.4838709677419355,0.04146404866015866,8.149438720818175,2.0,2.0,-0.004425,0.0,-0.0698294750430293,-0.0654044750430293,-0.0371272375215145,-0.0327022375215145,-0.0113096815834767,-0.0068846815834767
5439,2025-11-03,2025,tradable,-0.01982,0.01982,False,0.2063758389261745,0.25043478260869567,0.13765822784810133,0.04076094125616303,2.067659372530719,2.0,2.0,-0.0638994121715076,-0.0594744121715076,-0.1372050829875518,-0.1327800829875518,-0.1358219571230982,-0.1313969571230981,-0.1275232019363762,-0.1230982019363762
5443,2024-02-21,2024,tradable,0.12328,-0.12328,True,0.4339080459770115,0.40365682137834047,0.48071216617210655,0.03833451866881102,5.2361140785748574,2.0,2.0,0.0094363861386138,0.0138613861386138,-0.0380883663366336,-0.0336633663366336,-0.0064051980198019,-0.0019801980198019,0.1658720297029702,0.1702970297029702
5443,2024-07-03,2024,tradable,0.1034799999999999,-0.1034799999999999,False,0.2853403141361257,0.534375,0.6587837837837838,0.04219958277753269,2.950537783056726,4.0,3.0,-0.012425,-0.008,0.015575,0.02,0.005575,0.01,-0.032425,-0.028
5455,2024-04-24,2024,tradable,0.06478,-0.06478,False,0.2374100719424459,0.35433070866141736,0.5204419889502763,,1.6704074027803504,2.0,2.0,-0.0475284482758621,-0.0431034482758621,-0.0978158045977011,-0.0933908045977011,-0.0432181034482756,-0.0387931034482756,-0.1078732758620689,-0.1034482758620689
5460,2024-09-09,2024,tradable,0.11468,-0.11468,False,0.29663608562691124,0.45704467353951883,0.4825174825174825,0.042880338891546556,4.743786245669395,3.0,2.0,-0.1302831235697941,-0.1258581235697941,0.0344766018306636,0.0389016018306636,-0.0479032608695653,-0.0434782608695653,-0.0570565789473684,-0.0526315789473684
5464,2026-05-07,2026,tradable,0.1655799999999999,-0.1655799999999999,True,0.4984276729559747,0.4594180704441042,0.6748681898066784,0.04127742881202895,1.730590398352055,3.0,3.0,-0.004425,0.0,0.2035902671755723,0.2080152671755724,0.1310711832061067,0.1354961832061068,0.3600788167938932,0.3645038167938932
5464,2026-06-25,2026,tradable,0.1915799999999999,-0.1915799999999999,True,0.46457765667574913,0.5925925925925926,0.5119549929676512,0.06345111290359652,0.6649111705777063,2.0,2.0,-0.0741924418604651,-0.0697674418604651,-0.0834947674418604,-0.0790697674418604,-0.046285465116279,-0.041860465116279,-0.1253552325581395,-0.1209302325581395
5465,2023-04-18,2023,tradable,0.0931799999999999,-0.0931799999999999,False,0.30326594090202175,0.6084452975047985,0.7172131147540983,0.047761877106881824,3.9886171371576995,3.0,2.0,-0.0056240407673861,-0.0011990407673861,-0.1171348321342926,-0.1127098321342926,-0.1387175659472422,-0.1342925659472422,-0.0691732014388489,-0.0647482014388489
5465,2026-09-29,2026,tradable,0.11408,-0.11408,False,0.2996254681647941,0.4338842975206614,0.43983402489626555,0.03620907565433227,4.031187570418201,4.0,4.0,0.0031969512195121,0.0076219512195121,0.0047213414634147,0.0091463414634147,0.0001481707317075,0.0045731707317075,,
5468,2025-10-15,2025,tradable,0.15608,-0.15608,True,0.44516129032258056,0.4736842105263157,0.44516129032258056,0.04263570919192213,8.651585924609767,2.0,2.0,-0.0312107142857141,-0.0267857142857141,-0.0646928571428571,-0.060267857142857,-0.2410321428571428,-0.2366071428571428,-0.1673714285714285,-0.1629464285714285
5468,2026-06-16,2026,tradable,0.17108,-0.17108,True,0.5261627906976745,0.43442622950819665,0.5441176470588236,0.04442996452812536,11.012226572135239,2.0,2.0,0.004817144177449,0.009242144177449,0.2155380314232901,0.2199630314232901,0.2044474584103511,0.2088724584103511,0.1416008780036969,0.1460258780036969
5474,2023-07-20,2023,tradable,0.04818,-0.04818,False,0.17374517374517384,0.2510288065843622,0.3217391304347825,0.05783533429475517,5.049667756437496,2.0,2.0,0.0761119127516779,0.0805369127516779,0.1365145973154361,0.1409395973154361,0.0425548657718121,0.0469798657718121,-0.1118075503355704,-0.1073825503355704
5474,2024-05-27,2024,tradable,0.06838,-0.06838,True,0.38152610441767076,0.3870967741935485,0.3870967741935485,0.03704709132837846,8.100211121509082,2.0,2.0,-0.004425,0.0,-0.0218668604651163,-0.0174418604651163,0.0508075581395349,0.0552325581395349,-0.1468668604651163,-0.1424418604651163
5475,2025-05-27,2025,tradable,0.13588,-0.13588,True,0.4358974358974361,0.4608695652173913,0.5272727272727273,0.040949652747282905,2.899361067026525,3.0,3.0,0.0073397058823528,0.0117647058823529,0.0102808823529411,0.0147058823529411,0.157339705882353,0.161764705882353,0.2043985294117648,0.2088235294117648
5475,2025-06-23,2025,tradable,0.1218799999999999,-0.1218799999999999,False,0.3021739130434782,0.3930232558139535,0.9322580645161289,0.05401289080342723,1.8492868111141358,3.0,2.0,-0.0095444539249147,-0.0051194539249147,-0.0829232935153584,-0.0784982935153584,-0.0453806313993173,-0.0409556313993173,0.0245852389078497,0.0290102389078497
5475,2026-02-24,2026,tradable,0.15678,-0.15678,True,0.43956043956043955,0.8450704225352113,0.9359605911330049,0.05429569218219261,0.9310327482716578,4.0,3.0,0.0492335365853659,0.0536585365853659,0.0297213414634146,0.0341463414634146,-0.1605225609756098,-0.1560975609756097,-0.0239371951219512,-0.0195121951219512
5475,2026-04-08,2026,tradable,0.04718,-0.04718,False,0.3050458715596329,0.44050632911392396,0.5420054200542006,0.06436119659890205,1.4148432300326037,4.0,4.0,-0.023859628975265,-0.019434628975265,0.0114760600706712,0.0159010600706712,0.1369177561837454,0.1413427561837454,0.3595325971731448,0.3639575971731448
5475,2026-04-20,2026,tradable,0.0716799999999999,-0.0716799999999999,True,0.3913043478260869,0.6227180527383367,0.8867924528301887,0.0556284654866352,1.1841753559215673,5.0,2.0,-0.0172455128205127,-0.0128205128205127,-0.0736557692307692,-0.0692307692307692,-0.213399358974359,-0.208974358974359,-0.0095532051282051,-0.0051282051282051
5478,2023-11-30,2023,tradable,0.06578,-0.06578,True,0.3706896551724137,0.5820895522388059,0.6579770594369134,0.045393604229837604,6.765506701298371,2.0,2.0,0.0930592767295598,0.0974842767295598,0.1685309748427673,0.1729559748427673,0.1873988993710692,0.1918238993710692,0.1590970125786163,0.1635220125786163
5483,2026-07-16,2026,tradable,0.0261799999999999,-0.0261799999999999,False,0.2451923076923077,0.3080808080808082,0.48,0.05616537834482557,1.170008289574842,2.0,2.0,-0.0412348159509202,-0.0368098159509202,-0.1025845092024539,-0.0981595092024539,-0.1353043456032719,-0.1308793456032719,-0.380703118609407,-0.3762781186094069
5484,2024-07-04,2024,tradable,0.14358,-0.14358,True,0.506276150627615,0.5976331360946747,2.153284671532847,0.04931983549206844,1.025175042793992,3.0,2.0,0.0083955128205127,0.0128205128205127,-0.1813480769230769,-0.1769230769230769,-0.3035702991452992,-0.2991452991452992,-0.3719463675213675,-0.3675213675213675
5489,2026-06-24,2026,tradable,0.19898,-0.19898,True,0.5513784461152882,0.5670886075949366,0.5670886075949366,0.04308478406556768,6.998876347310235,2.0,2.0,-0.0073661764705882,-0.0029411764705882,-0.1588367647058823,-0.1544117647058823,-0.0985426470588235,-0.0941176470588235,-0.0485426470588234,-0.0441176470588234
5493,2024-03-22,2024,tradable,0.0739799999999999,-0.0739799999999999,True,0.39248120300751865,0.307909604519774,0.5775127768313457,0.04115152998902519,3.215254739767913,3.0,3.0,0.0009745680345573,0.0053995680345573,-0.0530211123110151,-0.0485961123110151,-0.0616604211663066,-0.0572354211663066,0.0085339632829374,0.0129589632829374
5498,2025-08-04,2025,tradable,0.06618,-0.06618,False,0.2387096774193549,0.37142857142857144,0.4769230769230768,0.04665497121686718,3.7679261060470512,3.0,2.0,-0.0565083333333333,-0.0520833333333333,0.0372416666666667,0.0416666666666667,0.0554708333333334,0.0598958333333334,0.4434916666666667,0.4479166666666667
5498,2025-08-19,2025,tradable,0.0701799999999999,-0.0701799999999999,False,0.24384787472035785,0.5274725274725276,0.9928315412186381,0.04883902379556593,1.4786479856447006,5.0,2.0,-0.0817631294964029,-0.0773381294964029,-0.0907559352517986,-0.0863309352517986,-0.1626983812949641,-0.1582733812949641,-0.2220508992805755,-0.2176258992805755
5498,2025-12-29,2025,tradable,0.1834799999999999,-0.1834799999999999,True,0.3848238482384825,0.7380952380952381,0.8615664845173043,0.04517514162838461,1.1530852002774914,6.0,2.0,0.0260511904761905,0.0304761904761905,0.0050988095238094,0.0095238095238094,-0.044425,-0.04,0.0431940476190476,0.0476190476190476
5498,2026-01-19,2026,tradable,0.09658,-0.09658,False,0.3382899628252789,0.3740458015267176,1.1460506706408347,0.05112138936032285,0.8856406034846572,2.0,2.0,-0.0087477665706053,-0.0043227665706053,-0.0490935878962537,-0.0446685878962537,-0.1225806195965418,-0.1181556195965418,-0.1903039625360231,-0.1858789625360231
5508,2024-05-06,2024,tradable,0.0616799999999999,-0.0616799999999999,False,0.2762430939226519,0.4171779141104295,0.6985294117647058,0.04116794343233733,2.3076618322130784,3.0,3.0,-0.0530975663716813,-0.0486725663716813,-0.1017701327433628,-0.0973451327433628,-0.0796462389380531,-0.0752212389380531,-0.1128320796460177,-0.1084070796460177
5521,2025-12-16,2025,tradable,0.11108,-0.11108,True,0.42172523961661335,0.488294314381271,0.4833333333333334,0.043142713617886574,7.028685115156664,2.0,2.0,-0.0331860619469027,-0.0287610619469027,-0.081858628318584,-0.077433628318584,0.0176988938053096,0.0221238938053096,0.0287608407079646,0.0331858407079646
5536,2025-08-13,2025,tradable,0.0275799999999999,-0.0275799999999999,False,0.2914979757085021,0.3154639175257732,0.27345309381237515,0.034354689010075455,1.3847042926028075,3.0,2.0,-0.0339739891135303,-0.0295489891135303,0.1682033048211507,0.1726283048211507,0.141764735614308,0.146189735614308,0.2801784214618973,0.2846034214618973
5536,2025-09-02,2025,tradable,-0.00442,0.00442,False,0.24234354194407448,0.22440944881889768,0.9256965944272446,0.04964693151148151,2.3938657872117735,3.0,3.0,-0.0821787796976242,-0.0777537796976242,0.0333719762419005,0.0377969762419005,0.0592899028077754,0.0637149028077754,-0.1037770518358531,-0.0993520518358531
5543,2025-10-30,2025,tradable,0.0549799999999999,-0.0549799999999999,False,0.22107438016528924,0.5076530612244898,0.5115089514066495,,5.802083489022075,3.0,2.0,-0.0535775423728813,-0.0491525423728813,-0.0552724576271186,-0.0508474576271186,-0.0518826271186439,-0.0474576271186439,-0.0383233050847457,-0.0338983050847457
5701,2026-06-04,2026,tradable,0.3405799999999999,-0.3405799999999999,True,0.607142857142857,0.7155425219941347,0.7105263157894737,0.052525088473595945,6.564370618328807,2.0,2.0,-0.004425,0.0,-0.1443938958009331,-0.139968895800933,-0.3061357309486779,-0.3017107309486779,-0.0775198678071539,-0.0730948678071539
5703,2023-06-12,2023,tradable,0.0464799999999999,-0.0464799999999999,True,0.33720930232558133,0.39393939393939403,0.6121495327102804,0.061662474356944184,1.6582242368620543,3.0,3.0,0.0860922413793105,0.0905172413793105,0.0041956896551725,0.0086206896551725,0.0688508620689657,0.0732758620689657,0.0358048850574713,0.0402298850574713
5905,2024-08-21,2024,tradable,0.1691799999999999,-0.1691799999999999,True,0.429003021148036,0.6033898305084744,0.4420731707317074,0.0529027737543918,6.737550738060768,4.0,4.0,0.0040495762711864,0.0084745762711864,0.0315919491525423,0.0360169491525423,0.0485411016949152,0.0529661016949152,-0.0319673728813559,-0.0275423728813559
5907,2024-10-04,2024,tradable,0.15648,-0.15648,True,0.38172043010752676,0.5207100591715976,0.4838337182448036,0.043018950595536,3.535125145973238,3.0,3.0,-0.008115036900369,-0.003690036900369,-0.059775553505535,-0.055350553505535,-0.0856058118081182,-0.0811808118081182,-0.0118050738007381,-0.0073800738007381
6101,2023-02-16,2023,tradable,0.0549799999999999,-0.0549799999999999,False,0.22671353251318105,0.3169811320754716,0.42448979591836733,0.036540169877313323,1.871634181778109,2.0,2.0,0.0011460306406686,0.0055710306406686,-0.0281018802228413,-0.0236768802228413,0.0540708217270195,0.0584958217270195,-0.0336729108635096,-0.0292479108635096
6103,2023-03-23,2023,tradable,0.0937799999999999,-0.0937799999999999,False,0.27431059506531197,0.3203007518796992,6.938517179023507,,,2.0,2.0,-0.0983539805269186,-0.0939289805269186,-0.1006449312714775,-0.0962199312714775,-0.131572766323024,-0.127147766323024,-0.0468075887743414,-0.0423825887743414
6103,2026-03-17,2026,tradable,0.1876799999999999,-0.1876799999999999,True,,,,,12.935906717757648,2.0,2.0,-0.0385380604288498,-0.0341130604288498,-0.115536111111111,-0.111111111111111,-0.0901949805068226,-0.0857699805068226,-0.179863596491228,-0.175438596491228
6103,2026-08-27,2026,tradable,0.18378,-0.18378,True,0.604127579737336,0.44915254237288127,0.5052816901408452,,5.962564350473671,2.0,2.0,-0.004425,0.0,-0.055488829787234,-0.051063829787234,-0.132084574468085,-0.127659574468085,-0.3171909574468086,-0.3127659574468086
6111,2023-05-05,2023,tradable,0.12218,-0.12218,True,0.40662650602409633,0.39402985074626873,0.5211726384364823,0.03588749992364845,4.432176690013211,2.0,2.0,-0.0191154512067155,-0.0146904512067155,-0.0894197534102832,-0.0849947534102832,-0.0799758919202518,-0.0755508919202518,-0.1093567943336831,-0.1049317943336831
6113,2024-01-04,2024,tradable,0.24258,-0.24258,True,0.6054216867469877,0.6604361370716509,0.6349693251533741,0.05141249812294027,7.495100968085493,3.0,3.0,0.0236451754385965,0.0280701754385965,0.0131188596491228,0.0175438596491228,-0.0272320175438596,-0.0228070175438596,-0.0272320175438596,-0.0228070175438596
6113,2025-02-11,2025,tradable,0.11928,-0.11928,True,0.4545454545454546,0.4189602446483178,0.19587628865979378,0.04577483935441823,4.213542939900481,2.0,2.0,-0.0498795454545455,-0.0454545454545455,-0.0239055194805196,-0.0194805194805196,-0.0303990259740259,-0.0259740259740259,0.0042330086580085,0.0086580086580085
6113,2025-03-18,2025,tradable,0.13608,-0.13608,True,0.47959183673469385,0.3744075829383886,0.288888888888889,0.050338296127413626,9.03250991881556,3.0,3.0,-0.0442863518197574,-0.0398613518197574,-0.052951863084922,-0.048526863084922,-0.0754821923743501,-0.0710571923743501,-0.1517386915077989,-0.1473136915077989
6116,2026-01-08,2026,tradable,0.14388,-0.14388,True,0.4935897435897436,0.5679676985195157,0.6091160220994476,0.04166741220567341,9.613670655089201,2.0,2.0,-0.1031374463519313,-0.0987124463519313,-0.1469142703862661,-0.1424892703862661,-0.1554979613733905,-0.1510729613733905,-0.1675151287553649,-0.1630901287553648
6116,2026-05-28,2026,tradable,0.19448,-0.19448,True,0.4398148148148149,0.4951923076923077,0.8894289185905224,0.05215473676657431,2.4207927515824674,3.0,3.0,0.0319386363636363,0.0363636363636363,0.2470901515151514,0.2515151515151514,0.2349689393939392,0.2393939393939392,-0.1438189393939394,-0.1393939393939394
6117,2023-07-06,2023,tradable,0.14608,-0.14608,True,0.5,0.46064139941690985,0.621359223300971,0.049334549101167906,7.710523069819055,2.0,2.0,0.0390532608695651,0.0434782608695651,-0.0064012845849802,-0.0019762845849802,-0.0360455533596838,-0.0316205533596838,-0.0894052371541502,-0.0849802371541502
6117,2023-08-23,2023,tradable,0.1279799999999999,-0.1279799999999999,True,0.46407766990291277,0.6391304347826088,0.4067164179104479,0.06255815805533547,5.358981902789521,4.0,4.0,-0.0282345238095237,-0.0238095238095237,-0.0917265873015872,-0.0873015873015872,-0.0189752645502644,-0.0145502645502644,0.0127707671957674,0.0171957671957674
6117,2023-10-03,2023,tradable,0.06688,-0.06688,True,0.312121212121212,0.3659305993690851,0.18306010928961736,0.0539717539127599,5.652440702835192,2.0,2.0,0.0083409574468086,0.0127659574468086,0.1466388297872339,0.1510638297872339,0.0094047872340424,0.0138297872340424,-0.0267654255319148,-0.0223404255319148
6117,2023-12-06,2023,tradable,0.14588,-0.14588,True,0.36767317939609234,0.47509578544061304,0.47792706333973123,0.04916728944429993,2.3750089374490706,6.0,4.0,0.0007765604681403,0.0052015604681403,-0.074646066319896,-0.070221066319896,-0.016128511053316,-0.011703511053316,-0.0564406046814044,-0.0520156046814044
6118,2025-08-22,2025,tradable,0.08798,-0.08798,False,0.2588555858310626,0.44827586206896575,0.4528301886792454,0.045258893295610184,4.790115397995555,3.0,2.0,-0.078499074074074,-0.074074074074074,0.0058630658436212,0.0102880658436212,0.0326120370370369,0.0370370370370369,-0.0003097736625515,0.0041152263374484
6120,2023-06-21,2023,tradable,0.09908,-0.09908,True,0.40888888888888886,0.46759259259259256,0.48130841121495327,0.03788424482060995,6.269317186251277,4.0,4.0,-0.0268608974358974,-0.0224358974358974,-0.0717326923076922,-0.0673076923076922,-0.0332711538461538,-0.0288461538461538,0.0180108974358973,0.0224358974358973
6122,2023-09-05,2023,tradable,0.1159799999999999,-0.1159799999999999,True,0.37086903304773555,0.33016627078384797,0.26984126984126977,0.0437536171548775,4.901122879038033,3.0,3.0,-0.0008535714285714,0.0035714285714285,0.0080749999999999,0.0124999999999999,-0.0204964285714285,-0.0160714285714285,-0.0633535714285713,-0.0589285714285713
6122,2023-11-14,2023,tradable,0.11928,-0.11928,True,0.39400206825232686,0.4895027624309394,0.48458149779735704,0.04293691110775121,6.76212021618816,3.0,3.0,-0.0029544117647058,0.0014705882352941,0.0632220588235294,0.0676470588235294,0.0543985294117647,0.0588235294117647,0.0764573529411764,0.0808823529411764
6124,2023-06-01,2023,tradable,0.07718,-0.07718,False,0.2508143322475569,0.40402193784277873,0.37881508078994597,0.039988957817544024,1.3650558054590989,3.0,2.0,-0.0916645833333333,-0.0872395833333333,-0.0812479166666665,-0.0768229166666665,-0.0617166666666665,-0.0572916666666665,-0.0994770833333332,-0.0950520833333332
6125,2023-06-21,2023,tradable,0.09538,-0.09538,True,0.38043478260869557,0.5047393364928909,1.0255183413078148,0.04795352330046429,1.1290516362731617,3.0,2.0,0.011127099533437,0.015552099533437,-0.0386396189735613,-0.0342146189735613,0.0655594479004665,0.0699844479004665,0.2863992612752722,0.2908242612752723
6126,2024-02-22,2024,tradable,0.0557799999999999,-0.0557799999999999,False,0.2801251956181534,0.30670926517571884,0.3236245954692556,0.04048710409572285,5.2264824144259805,2.0,2.0,-0.0189881067961164,-0.0145631067961164,-0.0080657766990292,-0.0036407766990292,-0.079667718446602,-0.075242718446602,-0.1573376213592233,-0.1529126213592233
6127,2025-09-25,2025,tradable,0.0788799999999999,-0.0788799999999999,True,0.35189873417721507,0.4916201117318437,0.2867469879518072,0.04467030890832691,4.618451312891398,2.0,2.0,-0.0081843984962406,-0.0037593984962406,-0.0965302631578948,-0.0921052631578948,-0.0833723684210526,-0.0789473684210526,-0.1773573308270677,-0.1729323308270677
6127,2025-10-22,2025,tradable,0.0815799999999999,-0.0815799999999999,True,0.3648648648648649,0.23170731707317072,0.3963133640552996,0.05581566642888662,2.439240289974064,2.0,2.0,0.0267708405545926,0.0311958405545926,-0.0581511698440207,-0.0537261698440207,-0.0789483968804159,-0.0745233968804159,-0.0581511698440207,-0.0537261698440207
6127,2026-06-02,2026,tradable,0.2127799999999999,-0.2127799999999999,False,0.42307692307692313,0.7154899894625921,0.7136842105263159,0.049664335777744886,2.306502081367442,4.0,2.0,-0.0695879072681704,-0.0651629072681704,-0.0570565789473684,-0.0526315789473684,0.045700313283208,0.050125313283208,-0.0457783834586465,-0.0413533834586465
6129,2025-08-07,2025,tradable,0.0458799999999999,-0.0458799999999999,True,0.3512195121951218,0.3381642512077294,0.385,0.03963741881498036,2.3458087563486445,3.0,3.0,-0.032397027972028,-0.027972027972028,-0.039390034965035,-0.034965034965035,-0.0428865384615385,-0.0384615384615385,0.1564141608391608,0.1608391608391608
6133,2024-07-09,2024,tradable,0.04858,-0.04858,True,0.37425149700598803,0.5049180327868852,0.46178343949044587,0.043214961356212535,3.641703741329024,3.0,3.0,0.027833064516129,0.032258064516129,-0.047435752688172,-0.043010752688172,-0.0624895161290322,-0.0580645161290322,-0.0710916666666666,-0.0666666666666666
6139,2024-04-03,2024,tradable,0.03908,-0.03908,True,0.3795620437956204,0.5971830985915494,0.575,0.04842356401875316,1.5516995176041062,4.0,2.0,0.0042555555555555,0.0086805555555555,0.0476583333333332,0.0520833333333332,0.2664083333333332,0.2708333333333332,0.0737,0.078125
6139,2025-06-25,2025,tradable,-0.0180199999999999,0.0180199999999999,False,0.2803030303030303,0.29501915708812265,0.37119675456389456,0.033857728204900656,1.8571894103058075,2.0,2.0,-0.004425,0.0,-0.0867603293413173,-0.0823353293413173,-0.0837663173652695,-0.0793413173652695,-0.0852633233532934,-0.0808383233532934
6140,2024-01-15,2024,tradable,0.1527799999999999,-0.1527799999999999,False,0.4477848101265822,0.6819852941176472,0.8011811023622049,0.059209833130522437,1.0451975824680964,5.0,3.0,-0.1048616812227073,-0.1004366812227073,-0.1114118995633187,-0.1069868995633187,0.0741776200873362,0.0786026200873362,-5.81877729256431e-05,0.0043668122270743
6140,2025-02-10,2025,tradable,0.10048,-0.10048,False,0.3406593406593408,0.3236889692585896,0.5186721991701244,0.05065216598706019,4.922320624194395,4.0,4.0,-0.0307772884882106,-0.0263522884882106,-0.0155207004160887,-0.0110957004160887,-0.064064389736477,-0.059639389736477,-0.0224555131761442,-0.0180305131761442
6140,2025-03-26,2025,tradable,0.05678,-0.05678,True,0.3691588785046729,0.246808510638298,0.26839826839826864,0.0529607748995064,5.6662077157606445,4.0,4.0,-0.0258696952595935,-0.0214446952595935,-0.205327934537246,-0.200902934537246,-0.1838832392776522,-0.1794582392776522,-0.3317387697516929,-0.3273137697516929
6140,2025-04-22,2025,tradable,0.06588,-0.06588,False,0.23695976154992549,0.31746031746031744,0.06958762886597936,0.07486265901488993,1.6115361974751246,3.0,2.0,0.0424134074941452,0.0468384074941452,0.096277576112412,0.100702576112412,0.1489707845433253,0.1533957845433253,0.0716874121779859,0.0761124121779859
6140,2026-09-21,2026,tradable,0.1320799999999999,-0.1320799999999999,False,0.3123287671232877,0.4738461538461538,0.36467236467236464,0.04818440511138929,6.912727946603031,3.0,2.0,-0.0639994680851063,-0.0595744680851063,-0.1022973404255319,-0.0978723404255319,-0.1448505319148936,-0.1404255319148936,-0.1512335106382978,-0.1468085106382978
6141,2026-03-04,2026,tradable,0.12268,-0.12268,True,0.4577777777777776,0.5327102803738317,0.4017094017094016,0.044959220745530624,5.988670554004013,3.0,3.0,-0.004425,0.0,-0.0710916666666666,-0.0666666666666666,0.0011305555555555,0.0055555555555555,0.4400194444444444,0.4444444444444444
6144,2024-07-23,2024,tradable,0.23398,-0.23398,True,0.5232974910394266,0.7223910840932117,1.0807833537331701,0.049860189326601384,1.8257390982185782,4.0,3.0,0.046044483568075,0.050469483568075,-0.0243780516431924,-0.0199530516431925,-0.0830634976525822,-0.0786384976525822,0.0049646713615022,0.0093896713615022
6144,2024-11-27,2024,tradable,0.27328,-0.27328,True,0.6025039123630673,0.29292929292929304,-0.2579710144927536,0.09241263420269089,2.1590355976149693,4.0,2.0,-0.0383872641509433,-0.0339622641509433,-0.2214061320754716,-0.2169811320754716,-0.1902740566037736,-0.1858490566037736,-0.2497080188679244,-0.2452830188679244
6147,2026-04-13,2026,tradable,0.18608,-0.18608,True,0.38690476190476186,0.4974293059125965,0.9098360655737705,0.06671603202105074,0.7458610132899043,3.0,2.0,-0.0131969298245614,-0.0087719298245614,-0.004425,0.0,0.1052241228070175,0.1096491228070175,0.1446978070175438,0.1491228070175438
6147,2026-05-07,2026,tradable,0.0479799999999999,-0.0479799999999999,False,0.2183544303797469,0.36042402826855113,0.950354609929078,0.06519097098399533,0.916297445222505,3.0,2.0,0.0431940476190476,0.0476190476190476,0.0326120370370369,0.0370370370370369,-0.0176525132275132,-0.0132275132275132,0.1728236772486772,0.1772486772486772
6147,2026-06-01,2026,tradable,0.0418799999999999,-0.0418799999999999,False,0.20464135021097052,0.3792270531400965,0.5949720670391061,0.05287396638680649,1.3351115739037187,3.0,2.0,-0.0236222076788831,-0.0191972076788831,-0.0585262216404886,-0.0541012216404886,-0.1562574607329843,-0.1518324607329843,-0.1859258726003491,-0.181500872600349
6148,2023-05-04,2023,tradable,0.1548799999999999,-0.1548799999999999,True,0.3739703459637562,0.42320819112627994,1.0694789081885858,0.060998099593063355,4.200509207390467,4.0,2.0,0.0016282687651331,0.0060532687651331,-0.0359019975786923,-0.0314769975786923,-0.1012773002421307,-0.0968523002421307,-0.0189528450363194,-0.0145278450363194
6148,2025-02-07,2025,tradable,0.22358,-0.22358,True,0.5790513833992095,0.5728346456692914,0.6012024048096194,0.04621059867574637,7.6198219864588035,3.0,3.0,-0.0346898171500629,-0.0302648171500629,-0.0536053278688524,-0.0491803278688524,-0.0435170554854979,-0.0390920554854979,0.0018801702395964,0.0063051702395964
6148,2025-03-26,2025,tradable,0.0875799999999999,-0.0875799999999999,False,0.388816644993498,0.2867469879518072,0.241860465116279,0.0596383974105227,4.828046233321743,5.0,4.0,-0.0636984225621414,-0.0592734225621414,-0.1000272944550669,-0.0956022944550669,-0.0550942160611854,-0.0506692160611854,0.0605845602294456,0.0650095602294456
6150,2023-07-20,2023,tradable,0.10038,-0.10038,True,0.3523573200992556,0.3814955640050697,0.379746835443038,0.04138498269912275,6.547438432486095,2.0,2.0,0.0816994019138756,0.0861244019138756,-0.0331331339712919,-0.0287081339712919,-0.0589704545454545,-0.0545454545454545,-0.2254776315789473,-0.2210526315789472
6151,2024-08-29,2024,tradable,0.0972799999999999,-0.0972799999999999,False,0.27210884353741505,0.3669590643274854,0.47709320695102697,0.05055958263137122,5.726188963480128,2.0,2.0,-0.0023219505783386,0.0021030494216613,-0.0633103838065194,-0.0588853838065194,-0.1211442429022081,-0.1167192429022081,-0.2294512881177707,-0.2250262881177707
6151,2024-10-22,2024,tradable,0.1423799999999999,-0.1423799999999999,True,0.42093023255813966,0.46172248803827776,0.4634730538922156,0.05241554754309421,5.626770641231594,2.0,2.0,-0.0280470472440944,-0.0236220472440944,-0.0280470472440944,-0.0236220472440944,-0.0327714566929133,-0.0283464566929133,-0.0532438976377953,-0.0488188976377953
6155,2025-11-17,2025,tradable,0.08248,-0.08248,True,0.4023437499999998,0.2913669064748201,0.4683026584867076,0.06095868495034742,4.830489506779779,3.0,3.0,0.0234301532033426,0.0278551532033426,-0.0099960306406684,-0.0055710306406684,-0.0016394846796657,0.0027855153203342,0.0540708217270195,0.0584958217270195
6160,2023-03-24,2023,tradable,0.1763799999999999,-0.1763799999999999,True,0.5053475935828877,0.37317073170731696,0.43256997455470736,0.049552735655253984,5.0311384214246555,2.0,2.0,-0.0079276269702277,-0.0035026269702277,-0.0376999562171628,-0.0332749562171628,-0.0184355078809107,-0.0140105078809107,0.0288499562171628,0.0332749562171628
6160,2024-05-30,2024,tradable,0.0568799999999999,-0.0568799999999999,True,0.3475336322869955,0.44124700239808146,0.4174528301886793,0.040637969068104095,4.435505222287367,2.0,2.0,-0.0173699838187701,-0.0129449838187701,-0.1096029935275081,-0.1051779935275081,-0.0885673948220063,-0.0841423948220063,-0.0335512135922329,-0.0291262135922329
6163,2025-12-03,2025,tradable,0.11678,-0.11678,True,0.4303215926493109,0.4991974317817016,0.8792756539235413,0.045544177537586834,3.6187269866135874,4.0,2.0,-0.0650632978723404,-0.0606382978723404,-0.0618718085106383,-0.0574468085106383,-0.0267654255319148,-0.0223404255319148,-0.029956914893617,-0.025531914893617
6163,2026-01-15,2026,tradable,0.0644799999999999,-0.0644799999999999,False,0.32596685082872945,0.3284132841328413,0.5806805708013174,0.053957233489294966,1.5029945302758398,3.0,3.0,-0.0072027777777777,-0.0027777777777777,-0.0141472222222222,-0.0097222222222222,-0.041925,-0.0375,-0.1113694444444445,-0.1069444444444445
6166,2026-05-14,2026,tradable,0.07308,-0.07308,False,0.2890173410404624,0.49664429530201337,0.5550906555090656,0.05008836858887836,3.5645815536934133,2.0,2.0,5.930493273543884e-05,0.0044843049327354,0.0135122197309417,0.0179372197309417,0.0583552690582959,0.0627802690582959,0.1570099775784753,0.1614349775784753
6167,2026-03-18,2026,tradable,0.10408,-0.10408,True,0.3898305084745761,0.4137931034482758,0.4017094017094016,0.04293671340193136,9.527615671640284,2.0,2.0,-0.0292697204968945,-0.0248447204968945,-0.1441765527950311,-0.1397515527950311,-0.1100150621118013,-0.1055900621118013,-0.1534933229813666,-0.1490683229813666
6168,2026-09-22,2026,tradable,0.1229799999999999,-0.1229799999999999,True,0.5042735042735043,0.541155866900175,0.5855855855855856,0.044931376454844,5.4476187126321785,3.0,3.0,-0.0572985632183907,-0.0528735632183907,0.034655459770115,0.039080459770115,0.0760347701149425,0.0804597701149425,,
6173,2026-04-17,2026,tradable,0.14288,-0.14288,True,0.4119448698315469,0.5469798657718121,0.380239520958084,0.04632174871236615,5.64190341087064,2.0,2.0,-0.034371524064171,-0.029946524064171,-0.0579009358288769,-0.053475935828877,-0.1894517379679143,-0.1850267379679143,-0.0418581550802139,-0.0374331550802139
6173,2026-05-08,2026,tradable,0.1314799999999999,-0.1314799999999999,True,0.42357059509918304,0.47342995169082136,0.9426751592356688,0.05481958357528264,1.2457903850550938,2.0,2.0,0.1122416666666667,0.1166666666666667,0.3205749999999999,0.3249999999999999,0.2872416666666667,0.2916666666666667,0.5997416666666667,0.6041666666666667
6173,2026-06-15,2026,tradable,0.0712799999999999,-0.0712799999999999,True,0.45107398568019086,0.28270042194092837,0.8313253012048192,0.06034852736227542,1.6255664469009075,2.0,2.0,-0.0771228998384491,-0.0726978998384491,0.0165766155088852,0.0210016155088852,-0.0835849353796446,-0.0791599353796446,-0.0011939822294023,0.0032310177705976
6173,2026-09-02,2026,tradable,0.0019799999999999,-0.0019799999999999,False,0.31565656565656575,0.22014051522248246,0.5787878787878789,0.06379956838566746,0.5909800670635893,3.0,2.0,-0.0721232591876208,-0.0676982591876208,0.1038922147001934,0.1083172147001934,0.0342597195357833,0.0386847195357833,0.2141436653771761,0.2185686653771761
6174,2026-04-22,2026,tradable,0.0781799999999999,-0.0781799999999999,False,0.3480885311871227,0.4955357142857144,0.5727699530516432,0.04005582682089976,3.8151063210888934,3.0,3.0,-0.0863673368740517,-0.0819423368740517,-0.17741437784522,-0.17298937784522,-0.012012253414264,-0.007587253414264,0.1913261380880119,0.1957511380880119
6182,2026-05-08,2026,tradable,0.1362799999999999,-0.1362799999999999,True,0.4189526184538652,0.3980343980343979,0.7087087087087087,0.05460098373694825,3.074844743563986,3.0,2.0,-0.004425,0.0,-0.0607389931740614,-0.0563139931740614,-0.0624454778156996,-0.0580204778156996,0.1884077645051195,0.1928327645051195
6182,2026-05-26,2026,tradable,0.1905799999999999,-0.1905799999999999,True,0.5207207207207207,0.4991119005328599,1.0942928039702235,0.05131559258937529,0.5018284152528423,2.0,2.0,0.0517810889929743,0.0562060889929743,0.1606803864168616,0.1651053864168616,0.0506101288056205,0.0550351288056205,0.0166522833723653,0.0210772833723653
6182,2026-06-22,2026,tradable,0.12508,-0.12508,False,0.31046119235095615,0.36257309941520477,0.6666666666666665,0.07113494172915295,2.1332604155236283,4.0,4.0,-3.903508771939575e-05,0.0043859649122806,0.0920662280701755,0.0964912280701755,-0.0219688596491228,-0.0175438596491228,0.3639960526315789,0.368421052631579
6182,2026-07-06,2026,tradable,0.0310799999999999,-0.0310799999999999,False,0.3928571428571428,0.3390557939914163,0.8245614035087718,0.06923460499677521,2.5488237594420955,3.0,3.0,-0.0565422638436482,-0.0521172638436482,0.1193535016286645,0.1237785016286645,0.2105587133550489,0.2149837133550489,-0.1575194625407165,-0.1530944625407165
6187,2024-08-15,2024,tradable,0.08928,-0.08928,True,0.3713733075435204,0.25486725663716814,0.3634615384615385,0.05666059658365956,3.0845871754485,4.0,2.0,-0.0553891873278237,-0.0509641873278237,-0.0898244490358126,-0.0853994490358126,-0.0884470385674931,-0.0840220385674931,0.0189909779614324,0.0234159779614324
6187,2026-02-26,2026,tradable,0.0991799999999999,-0.0991799999999999,True,0.42819843342036545,0.46256684491978617,0.45866666666666656,0.042455648776115774,2.420428425839036,3.0,3.0,0.1012501467710372,0.1056751467710372,0.091465410958904,0.095890410958904,0.1501738258317025,0.1545988258317026,0.3341268590998042,0.3385518590998042
6187,2026-03-26,2026,tradable,0.0493799999999999,-0.0493799999999999,True,0.26040268456375837,0.5048076923076923,0.8855421686746987,0.06111377460468807,2.080076357127906,5.0,3.0,0.069936820199778,0.074361820199778,-0.1054238901220865,-0.1009988901220865,-0.0110842674805771,-0.0066592674805771,0.1498480299667036,0.1542730299667036
6197,2024-04-01,2024,tradable,0.1254799999999999,-0.1254799999999999,True,0.3436123348017621,0.47342995169082136,0.5885416666666667,0.05645107252301323,1.9263671940461615,2.0,2.0,0.0219776402640265,0.0264026402640265,0.0714825907590758,0.0759075907590758,0.1473901815181518,0.1518151815181518,-0.0077253300330033,-0.0033003300330033
6198,2023-05-17,2023,tradable,0.2072799999999999,-0.2072799999999999,True,0.5511627906976744,0.5056433408577881,0.5620608899297423,0.04760168093793643,6.838176358649957,2.0,2.0,0.0911862852664579,0.0956112852664579,0.0598383228840126,0.0642633228840126,-0.0091271943573667,-0.0047021943573667,0.0535687304075235,0.0579937304075235
6199,2024-04-25,2024,tradable,0.11118,-0.11118,True,0.4814814814814814,0.33333333333333326,0.14901256732495516,,1.119892947555197,3.0,2.0,-0.0198096153846153,-0.0153846153846153,-0.0536557692307693,-0.0492307692307693,-0.0936557692307692,-0.0892307692307692,-0.1290403846153847,-0.1246153846153846
6199,2024-08-01,2024,tradable,0.14358,-0.14358,True,0.48141891891891886,0.5773381294964028,0.62708719851577,0.04513024990924776,1.5723841269919598,2.0,2.0,-0.004425,0.0,-0.0147984439834024,-0.0103734439834024,0.1822969917012448,0.1867219917012448,0.2632098547717841,0.2676348547717841
6199,2024-10-25,2024,tradable,0.0715799999999999,-0.0715799999999999,False,0.24231464737793873,0.37537537537537546,0.22241992882562278,0.044277882081220285,3.4116654325027125,2.0,2.0,-0.0218922489082969,-0.0174672489082969,-0.0102474163027656,-0.0058224163027656,-0.0248034570596798,-0.0203784570596798,0.0581659752547306,0.0625909752547306
6204,2023-11-28,2023,tradable,0.1001799999999999,-0.1001799999999999,True,0.406443618339529,0.4152119700748129,0.5655172413793104,0.04428852753395058,4.8497680394584926,2.0,2.0,0.061654295154185,0.066079295154185,0.0308172907488987,0.0352422907488987,-0.0264514317180616,-0.0220264317180616,-0.004425,0.0
6205,2025-12-30,2025,tradable,0.15138,-0.15138,True,0.5057915057915057,0.4338235294117647,0.531413612565445,0.04762656099392041,6.603241176891225,2.0,2.0,-0.0171638535031847,-0.0127388535031847,-0.0601574840764331,-0.0557324840764331,-0.0665269108280254,-0.0621019108280254,0.0544921974522293,0.0589171974522293
6205,2026-04-21,2026,tradable,0.09238,-0.09238,False,0.30072992700729917,0.7200772200772201,0.5076142131979695,0.05691099571798881,3.4744494043362644,2.0,2.0,-0.0398232300884956,-0.0353982300884956,-0.1393807522123894,-0.1349557522123894,-0.081858628318584,-0.077433628318584,0.0365042035398229,0.0409292035398229
6206,2025-02-12,2025,tradable,0.08978,-0.08978,False,0.30000000000000004,0.47727272727272707,0.5166666666666666,0.0361183362970652,4.427249382200026,3.0,3.0,-0.029514605734767,-0.025089605734767,-0.015177688172043,-0.010752688172043,0.1891233870967742,0.1935483870967742,0.164033781362007,0.1684587813620071
6207,2024-04-09,2024,tradable,0.1649799999999999,-0.1649799999999999,True,0.48831488314883154,0.5673575129533679,0.5816993464052287,0.04108810978081348,5.265204263380461,2.0,2.0,-0.0451029661016949,-0.0406779661016949,0.0532021186440677,0.0576271186440677,-0.0112046610169491,-0.0067796610169491,-0.0281538135593219,-0.0237288135593219
6207,2026-06-05,2026,tradable,0.0801799999999999,-0.0801799999999999,False,0.2959641255605381,0.60734149054505,1.2720125786163523,0.055782882325047335,2.603272043559565,4.0,2.0,-0.004425,0.0,0.0262263409961686,0.0306513409961686,-0.0542334291187739,-0.0498084291187739,0.2637742337164751,0.2681992337164751
6208,2026-04-17,2026,tradable,0.0712799999999999,-0.0712799999999999,True,0.36363636363636354,0.5739769150052467,0.5479876160990711,0.04699256089898735,3.0661023200198563,3.0,2.0,-0.0356343628088426,-0.0312093628088426,0.068396846553966,0.072821846553966,0.0761991872561766,0.0806241872561766,0.0657960663198958,0.0702210663198958
6213,2024-04-03,2024,tradable,0.04078,-0.04078,False,0.3770685579196218,0.4036144578313252,0.27881448957189914,0.04092594025764363,3.9354108851654304,2.0,2.0,-0.0306258733624453,-0.0262008733624453,0.0785444323144105,0.0829694323144105,0.0567103711790392,0.0611353711790392,-0.0437263100436681,-0.0393013100436681
6213,2025-08-19,2025,tradable,0.04138,-0.04138,False,0.34328358208955234,0.3691683569979718,0.5375854214123008,0.04819152986248732,3.1656460893883844,4.0,4.0,-0.0235089694656488,-0.0190839694656488,-0.0769440839694656,-0.0725190839694656,-0.0654937022900763,-0.0610687022900763,-0.0578601145038167,-0.0534351145038167
6213,2026-04-10,2026,tradable,0.10058,-0.10058,False,0.31288343558282206,0.47079037800687296,0.6029962546816479,0.05679222476805306,1.4940776127754414,3.0,2.0,-0.0329964285714285,-0.0285714285714285,0.0884321428571427,0.0928571428571427,0.2836702380952381,0.2880952380952382,0.3098607142857142,0.3142857142857143
6213,2026-04-21,2026,tradable,0.06978,-0.06978,True,0.2767857142857142,0.5294117647058822,0.9930313588850175,0.05695102173712574,1.4843114747217074,5.0,2.0,0.0304182055749128,0.0348432055749128,-0.0427525261324042,-0.0383275261324042,-0.1211497386759582,-0.1167247386759582,-0.0113936411149826,-0.0069686411149826
6213,2026-06-26,2026,tradable,-0.0027199999999999,0.0027199999999999,False,0.23750000000000004,0.39717741935483875,0.3275862068965518,0.05741643599457629,2.0042784669379268,4.0,3.0,-0.047540438108484,-0.043115438108484,-0.0030341794158553,0.0013908205841446,0.0915416203059805,0.0959666203059805,-0.004425,0.0
6213,2026-08-07,2026,tradable,0.2257799999999999,-0.2257799999999999,True,0.479087452471483,0.25686591276252013,0.010389610389610393,0.07264916218546302,2.3312701859627505,4.0,2.0,0.003829716981132,0.008254716981132,0.0899146226415094,0.0943396226415094,0.1276504716981131,0.1320754716981131,0.2054806603773585,0.2099056603773585
6217,2026-02-26,2026,tradable,0.17178,-0.17178,True,0.46406250000000004,0.44822256568778984,0.4686520376175549,0.06274223507338221,0.12727499563521902,3.0,3.0,-0.004425,0.0,-0.1112211165048543,-0.1067961165048543,0.0732449029126213,0.0776699029126213,0.3159633495145632,0.3203883495145632
6217,2026-03-18,2026,tradable,0.2486799999999999,-0.2486799999999999,True,0.47787610619469034,0.8152173913043479,1.9505300353356891,0.06430926300161037,0.1641246352369288,5.0,2.0,0.0121954986149585,0.0166204986149585,-0.0570565789473684,-0.0526315789473684,-0.0681369113573406,-0.0637119113573406,-0.009965166204986,-0.005540166204986
6218,2024-07-10,2024,tradable,0.1545799999999999,-0.1545799999999999,True,0.4782608695652173,0.4870775347912526,0.5080645161290323,0.04146461269502401,7.421030717905326,3.0,3.0,-0.029557275132275,-0.025132275132275,-0.1367001322751323,-0.1322751322751323,-0.1247953703703703,-0.1203703703703703,-0.2279699735449735,-0.2235449735449735
6218,2026-04-10,2026,tradable,0.1349799999999999,-0.1349799999999999,True,0.43145161290322576,0.32958801498127355,0.5236051502145922,0.04409134491284821,4.652026909283533,2.0,2.0,0.0697008741258741,0.0741258741258741,-0.0309984265734266,-0.0265734265734266,0.0473232517482517,0.0517482517482517,-0.0771522727272727,-0.0727272727272727
6218,2026-09-21,2026,tradable,0.1729799999999999,-0.1729799999999999,True,0.5111607142857144,0.5196408529741865,0.7538860103626943,0.043836235726637536,0.4354233541837107,2.0,2.0,-0.1203670289855072,-0.1159420289855072,-0.0826858695652173,-0.0782608695652173,-0.1073235507246377,-0.1028985507246377,-0.1232655797101449,-0.1188405797101449
6221,2026-09-17,2026,tradable,0.06128,-0.06128,True,0.3514150943396226,0.33255813953488356,0.25109170305676853,0.040829493314547216,3.0842034787594526,3.0,3.0,0.0019647763578275,0.0063897763578275,-0.028386661341853,-0.023961661341853,0.0243289936102236,0.0287539936102236,-0.0427636581469648,-0.0383386581469648
6222,2023-07-11,2023,tradable,0.0492799999999999,-0.0492799999999999,False,0.3490099009900991,0.4046391752577321,0.7412140575079871,0.04535688005138535,2.8600028441655314,3.0,2.0,-0.1149513157894735,-0.1105263157894735,-0.0465302631578947,-0.0421052631578947,0.0727679824561403,0.0771929824561403,0.3534697368421052,0.3578947368421052
6222,2023-07-25,2023,tradable,0.0468799999999999,-0.0468799999999999,False,0.26058631921824116,0.4201834862385323,0.9948453608247425,0.04448689330898943,0.6618263262536542,4.0,4.0,0.0484997910863508,0.0529247910863508,0.0888897632311979,0.0933147632311979,0.0666056406685237,0.0710306406685237,0.0345722144846795,0.0389972144846795
6222,2023-12-08,2023,tradable,0.19478,-0.19478,True,0.4122137404580153,0.37037037037037046,0.7370892018779343,0.053220054630656266,3.4163609315227847,2.0,2.0,-0.0287493243243242,-0.0243243243243242,-0.0557763513513512,-0.0513513513513512,0.0834128378378379,0.0878378378378379,0.1550344594594593,0.1594594594594593
6223,2026-03-13,2026,tradable,-0.01702,0.01702,False,0.19730185497470498,0.2054329371816639,0.24780316344463982,0.05797326202443138,0.7192886126405711,3.0,3.0,-0.0263728737997256,-0.0219478737997256,0.0202663580246914,0.0246913580246914,0.0545599108367626,0.0589849108367626,0.0010619684499314,0.0054869684499314
6224,2026-04-16,2026,tradable,0.13688,-0.13688,True,0.4563345633456335,0.5160051216389245,0.42822677925211106,0.041594185155347546,3.381326876294337,3.0,3.0,0.0294159475465313,0.0338409475465313,-0.0179613790186125,-0.0135363790186125,0.0192636632825719,0.0236886632825719,0.2358457275803721,0.2402707275803721
6224,2026-05-07,2026,tradable,0.09608,-0.09608,False,0.30239520958083843,0.44999999999999996,1.1481481481481484,0.049342890248805796,2.483746547953644,3.0,3.0,-0.0945984104046242,-0.0901734104046242,-0.1084712427745664,-0.1040462427745664,-0.1535579479768787,-0.1491329479768787,-0.0402631502890172,-0.0358381502890172
6226,2026-03-18,2026,tradable,0.19018,-0.19018,True,0.529209621993127,0.5505226480836238,0.5101809954751131,0.047809521588997796,5.077965329255577,2.0,2.0,0.0495318345323742,0.0539568345323742,-0.0367991007194244,-0.0323741007194244,-0.0547847122302158,-0.0503597122302158,-0.0763674460431654,-0.0719424460431654
6226,2026-06-26,2026,tradable,0.12398,-0.12398,True,0.471774193548387,0.5336134453781511,0.3984674329501916,0.04978110171618109,10.300552416108456,2.0,2.0,0.0317507105943152,0.0361757105943152,0.2488049741602066,0.2532299741602066,0.2358850775193798,0.2403100775193798,0.3211563953488371,0.3255813953488371
6226,2026-08-28,2026,tradable,0.17818,-0.17818,True,0.6037735849056605,0.784776902887139,0.7346938775510203,0.062203424775643355,0.32469799796052656,6.0,4.0,-0.10797109929078,-0.10354609929078,-0.0356306737588652,-0.0312056737588652,-0.0540703900709219,-0.0496453900709219,-0.1533611702127659,-0.1489361702127659
6226,2026-09-17,2026,tradable,0.13698,-0.13698,True,0.3450920245398772,0.37031250000000004,0.9931818181818182,0.07378031136804326,0.9691691681404012,4.0,3.0,0.0330324347332576,0.0374574347332576,-0.0010197786606128,0.0034052213393871,-0.0055600737797956,-0.0011350737797956,-0.0282615493757093,-0.0238365493757093
6227,2024-03-04,2024,tradable,0.1373799999999999,-0.1373799999999999,True,0.3239436619718308,0.6107711138310892,0.5836341756919374,0.0412104500894203,0.9522020747691591,5.0,3.0,-0.0334525761973874,-0.0290275761973874,-0.0290984397677794,-0.0246734397677794,-0.1814932148040638,-0.1770682148040638,-0.2177776850507983,-0.2133526850507983
6227,2025-03-18,2025,tradable,0.13728,-0.13728,True,0.43905191873589167,0.4472190692395006,0.4505119453924913,0.04696779257348242,4.74869370213605,3.0,3.0,-0.0196921755725191,-0.0152671755725191,0.0413765267175573,0.0458015267175573,-0.0273257633587786,-0.0229007633587786,-0.1723639312977098,-0.1679389312977098
6228,2024-06-07,2024,tradable,0.13228,-0.13228,True,0.31660231660231664,0.4327731092436975,0.4479830148619959,0.044782559683089654,7.98113626269754,2.0,2.0,0.0639510683760683,0.0683760683760683,0.1038371082621082,0.1082621082621082,0.2519852564102564,0.2564102564102564,0.1978542022792023,0.2022792022792023
6228,2024-07-29,2024,tradable,0.0890799999999999,-0.0890799999999999,True,0.391578947368421,0.8489510489510488,0.7417654808959153,0.061129724181387145,0.26532198199870094,3.0,2.0,0.1038067073170733,0.1082317073170733,0.1510628048780488,0.1554878048780488,0.0031969512195121,0.0076219512195121,0.0153920731707318,0.0198170731707318
6228,2025-04-16,2025,tradable,0.3388799999999999,-0.3388799999999999,True,0.6063675832127353,0.5568022440392708,1.2469635627530367,0.07587920250837321,0.3131166437646936,3.0,2.0,-0.1855725409836065,-0.1811475409836065,-0.233113524590164,-0.2286885245901639,-0.2929495901639345,-0.2885245901639345,-0.2011463114754098,-0.1967213114754098
6229,2024-01-31,2024,tradable,0.14398,-0.14398,True,0.3327948303715671,0.5193370165745856,0.4945652173913042,0.04497266053218474,2.1793108067310887,4.0,4.0,-0.0135993119266054,-0.0091743119266054,-0.1133699541284404,-0.1089449541284404,-0.0801130733944954,-0.0756880733944954,-0.0881405963302751,-0.0837155963302751
6230,2024-03-18,2024,tradable,0.21338,-0.21338,True,0.46179401993355484,0.5438596491228069,0.5384615384615385,0.04731917856890836,5.924539359940674,3.0,3.0,-0.0721450902934537,-0.0677200902934537,-0.0902037810383746,-0.0857787810383746,-0.1421225169300225,-0.1376975169300225,-0.0811744356659141,-0.0767494356659141
6230,2024-04-22,2024,tradable,0.01078,-0.01078,False,0.40588235294117636,0.27127659574468077,0.18024691358024691,0.05522639793133669,7.804491871887074,2.0,2.0,-0.097494306930693,-0.093069306930693,0.0906245049504951,0.0950495049504951,0.1638918316831682,0.1683168316831682,0.294584900990099,0.299009900990099
6230,2024-04-26,2024,tradable,0.03578,-0.03578,False,0.2233400402414487,0.6657534246575343,0.5751295336787565,0.06208498758684618,0.7506045381558425,4.0,2.0,-0.08255,-0.078125,0.0393249999999999,0.0437499999999999,-0.0216125,-0.0171875,-0.1200499999999999,-0.1156249999999999
6230,2026-03-03,2026,tradable,0.10258,-0.10258,False,0.38955823293172687,0.373015873015873,0.4297520661157024,0.045202492425015554,5.089273213318097,2.0,2.0,-0.0573661764705882,-0.0529411764705882,0.0691044117647058,0.0735294117647058,-0.0103073529411764,-0.0058823529411764,-0.004425,0.0
6231,2023-08-01,2023,tradable,0.0744799999999999,-0.0744799999999999,False,0.3403361344537814,0.39301310043668125,0.35169491525423724,0.05604626013294646,4.4588506271280615,3.0,3.0,-0.0326381661442006,-0.0282131661442006,-0.0389077586206896,-0.0344827586206896,-0.1392212382445141,-0.1347962382445141,-0.1611648119122257,-0.1567398119122257
6231,2023-12-27,2023,tradable,0.0081799999999999,-0.0081799999999999,True,0.2739420935412027,0.4088669950738917,0.6389684813753582,0.029934971059251456,1.8472650636351315,4.0,3.0,0.0096595070422535,0.0140845070422535,-0.0431573943661971,-0.0387323943661971,-0.0713264084507042,-0.0669014084507042,-0.0185095070422535,-0.0140845070422535
6231,2024-05-29,2024,tradable,0.07468,-0.07468,True,0.3085299455535391,0.4165029469548134,0.5178947368421052,0.03512066177212854,3.621329952386464,2.0,2.0,0.0342490331491712,0.0386740331491712,0.0162932320441989,0.0207182320441989,0.0591109116022098,0.0635359116022098,0.1944700276243093,0.1988950276243093
6231,2026-03-23,2026,tradable,-0.00162,0.00162,False,0.2668213457076567,0.4330708661417322,0.4521276595744681,0.04016454870123539,4.4379121225520795,2.0,2.0,-0.0678052816901408,-0.0633802816901408,-0.0097066901408451,-0.0052816901408451,-0.0695658450704225,-0.0651408450704225,-0.0572419014084507,-0.0528169014084507
6234,2026-04-30,2026,tradable,0.0811799999999999,-0.0811799999999999,True,0.25564803804994063,0.5621301775147929,0.89247311827957,0.04679759322461166,0.6561988663292492,5.0,2.0,0.0042706521739129,0.0086956521739129,0.0042706521739129,0.0086956521739129,0.0007923913043478,0.0052173913043478,-0.0913815217391304,-0.0869565217391304
6236,2023-09-11,2023,tradable,0.0877799999999999,-0.0877799999999999,True,0.3755555555555554,0.5436408977556109,,,2.5804305130951555,2.0,2.0,0.0688734293193717,0.0732984293193717,-0.0096606020942407,-0.0052356020942407,-0.0096606020942407,-0.0052356020942407,0.0426954188481675,0.0471204188481675
6239,2026-05-27,2026,tradable,0.14348,-0.14348,True,0.45202558635394463,0.4676724137931034,0.5583524027459954,0.05716750579549603,2.537125248023459,2.0,2.0,0.0363319141193595,0.0407569141193595,0.0610771834061135,0.0655021834061135,-0.0058806040756914,-0.0014556040756914,-0.1223289301310044,-0.1179039301310044
6241,2026-06-15,2026,tradable,0.0699799999999999,-0.0699799999999999,True,0.43072289156626486,0.3970588235294119,0.3507109004739335,0.04209274455518052,3.049579556911578,2.0,2.0,-0.0877583333333333,-0.0833333333333333,-0.0477583333333333,-0.0433333333333333,-0.0410916666666667,-0.0366666666666667,-0.014425,-0.01
6243,2026-06-25,2026,tradable,0.08528,-0.08528,True,0.39212598425196865,0.5008488964346351,0.27930535455861083,0.04797871068393096,3.0017220274903815,3.0,3.0,-0.0055864401858303,-0.0011614401858303,-0.077595731707317,-0.073170731707317,-0.0729499709639952,-0.0685249709639952,-0.08572581300813,-0.08130081300813
6244,2026-03-03,2026,tradable,0.0838799999999999,-0.0838799999999999,False,0.25668449197860954,0.1908783783783783,0.595022624434389,0.06413608655562517,2.258508950415103,3.0,3.0,-0.0747031844802342,-0.0702781844802342,-0.0380999633967788,-0.0336749633967788,-0.1098422767203512,-0.1054172767203512,-0.0307793191800877,-0.0263543191800877
6246,2024-10-01,2024,tradable,0.1869799999999999,-0.1869799999999999,True,0.3901234567901233,0.5509641873278237,0.858085808580858,0.059670697523991074,2.9202029681559933,2.0,2.0,-0.004425,0.0,-0.0901392857142856,-0.0857142857142856,-0.129425,-0.125,-0.079425,-0.075
6259,2026-04-17,2026,tradable,0.05778,-0.05778,False,0.22513089005235587,0.35260115606936404,0.3146067415730336,0.04394026075420801,2.855409458095562,3.0,3.0,-0.0339608649789029,-0.0295358649789029,-0.0698258438818565,-0.0654008438818565,-0.1837498945147679,-0.1793248945147679,-0.1078005274261603,-0.1033755274261603
6261,2026-05-07,2026,tradable,0.10258,-0.10258,False,0.40526315789473677,0.45424836601307184,0.6856060606060606,0.05137771133000102,0.38851498555591624,2.0,2.0,-0.0880751901140684,-0.0836501901140684,-0.0880751901140684,-0.0836501901140684,-0.0880751901140684,-0.0836501901140684,-0.1451094106463878,-0.1406844106463878
6263,2026-05-13,2026,tradable,0.06178,-0.06178,True,0.37591240875912413,0.35125448028673834,0.44999999999999996,0.0409338507957815,9.622520257849178,2.0,2.0,-0.0389077586206896,-0.0344827586206896,-0.0919581564986737,-0.0875331564986737,-0.1052207559681698,-0.1007957559681698,-0.0282976790450928,-0.0238726790450928
6264,2024-04-23,2024,tradable,0.06988,-0.06988,False,0.23529411764705888,0.3110102156640182,0.4365671641791047,0.05279894590149976,3.272199854153806,4.0,2.0,-0.0171368644067797,-0.0127118644067797,0.1862529661016948,0.1906779661016948,0.4320156779661016,0.4364406779661016,0.1565919491525421,0.1610169491525421
6264,2024-04-29,2024,tradable,0.1024799999999999,-0.1024799999999999,True,0.2768595041322315,0.8176470588235294,0.9507575757575757,0.05805229134755044,1.2613017574345766,6.0,2.0,-0.004425,0.0,-0.0457229351032447,-0.0412979351032447,-0.172566592920354,-0.168141592920354,-0.2020651179941003,-0.1976401179941003
6265,2024-02-01,2024,tradable,0.07228,-0.07228,False,0.2440944881889766,0.47663551401869175,0.45622119815668216,0.04205568463958045,6.865693801875334,3.0,2.0,-0.0322887770897832,-0.0278637770897832,-0.0818243808049534,-0.0773993808049534,-0.0880163312693497,-0.0835913312693497,-0.0818243808049534,-0.0773993808049534
6265,2025-11-13,2025,tradable,0.20448,-0.20448,True,0.5077519379844961,0.5375494071146245,0.47908745247148277,0.04854114469772198,1.4762511250423278,2.0,2.0,0.0276737654320987,0.0320987654320987,-0.0908447530864198,-0.0864197530864198,-0.1130669753086419,-0.1086419753086419,-0.0710916666666667,-0.0666666666666667
6265,2025-12-31,2025,tradable,0.18108,-0.18108,True,0.5644768856447688,0.6278481012658228,0.6658031088082901,0.05711783371124264,1.8289613355898842,3.0,2.0,0.0046247737556562,0.0090497737556562,0.0227243212669682,0.0271493212669682,0.1207635369532428,0.1251885369532428,0.3560576546003017,0.3604826546003017
6265,2026-01-20,2026,tradable,0.0774799999999999,-0.0774799999999999,False,0.25419664268585107,0.5359765051395007,1.5450121654501214,0.051373636820244796,1.599372773858912,5.0,2.0,0.0070472753346081,0.0114722753346081,-0.0828188814531547,-0.0783938814531547,-0.1554766252390057,-0.1510516252390057,-0.2682873326959847,-0.2638623326959847
6265,2026-03-18,2026,tradable,0.0604799999999999,-0.0604799999999999,False,0.24238410596026494,0.4020926756352763,0.1710362047440699,0.05509729852650989,1.97314460239648,3.0,3.0,-0.0011641304347825,0.0032608695652174,-0.0739902173913043,-0.0695652173913043,-0.1033380434782608,-0.0989130434782608,-0.1924684782608695,-0.1880434782608695
6271,2026-05-26,2026,tradable,0.0764799999999999,-0.0764799999999999,True,0.4392265193370166,0.42349726775956276,0.4971264367816093,0.03867203753276655,2.895765899496561,2.0,2.0,-0.0330509541984732,-0.0286259541984732,-0.0616769083969466,-0.0572519083969466,-0.0521349236641221,-0.0477099236641221,-0.0883944656488549,-0.0839694656488549
6274,2026-04-10,2026,tradable,0.1093799999999999,-0.1093799999999999,False,0.2969502407704654,0.39310344827586197,0.6540429887410439,0.05738552668761796,0.9026285706325432,3.0,3.0,-0.015536111111111,-0.011111111111111,0.1634762345679011,0.1679012345679011,0.1634762345679011,0.1679012345679011,0.2856984567901234,0.2901234567901234
6274,2026-04-15,2026,tradable,0.08288,-0.08288,True,0.30482758620689654,0.5714285714285714,0.8807157057654076,0.05374345620853258,0.5705693203528557,5.0,2.0,0.0114480158730158,0.0158730158730158,0.0008660052910053,0.0052910052910053,0.0252046296296296,0.0296296296296296,0.0273210317460318,0.0317460317460318
6274,2026-05-07,2026,tradable,0.1630799999999999,-0.1630799999999999,True,0.4820512820512821,0.48509763617677293,0.993103448275862,0.051649232642265404,0.609922235918129,3.0,3.0,-0.0258535714285714,-0.0214285714285714,0.0312892857142858,0.0357142857142858,0.0312892857142858,0.0357142857142858,-0.0579964285714286,-0.0535714285714286
6274,2026-08-06,2026,tradable,0.16768,-0.16768,True,0.5148514851485149,0.146067415730337,-0.06990881458966569,0.07831318556670318,2.6300173750857576,3.0,2.0,-0.0693600649350649,-0.0649350649350649,0.0377827922077921,0.0422077922077921,0.0345360389610388,0.0389610389610388,0.0183022727272727,0.0227272727272727
6276,2023-05-10,2023,tradable,0.1099799999999999,-0.1099799999999999,True,0.4537246049661401,0.5669099756690998,0.370212765957447,0.047674336660466825,8.904499750551043,2.0,2.0,-0.029503369905956,-0.025078369905956,0.0958884796238245,0.1003134796238245,0.105292868338558,0.109717868338558,0.1554496081504702,0.1598746081504702
6276,2023-06-27,2023,tradable,0.0610799999999999,-0.0610799999999999,False,0.31794871794871793,0.4179310344827585,0.4238227146814404,0.056512042329996785,3.748549778315701,2.0,2.0,-0.0013824036511155,0.0030425963488844,0.0827960953346857,0.0872210953346857,0.0787393002028397,0.0831643002028397,-0.0470213488843812,-0.0425963488843812
6276,2023-06-30,2023,tradable,0.0852799999999999,-0.0852799999999999,False,0.25969447708578164,0.5536231884057972,0.3467336683417086,0.0566829909206119,1.5313433183561296,4.0,2.0,-0.0347821428571428,-0.0303571428571428,-0.079425,-0.075,-0.091925,-0.0875,-0.1026392857142857,-0.0982142857142857
6276,2023-12-01,2023,tradable,0.21658,-0.21658,True,0.5772994129158511,0.4816176470588234,0.6217303822937623,0.050739508182363315,2.22499009219683,2.0,2.0,-0.004425,0.0,-0.0450570541760721,-0.0406320541760721,,,,
6276,2025-02-17,2025,tradable,0.0788799999999999,-0.0788799999999999,True,0.38265306122448983,0.40657439446366794,0.3779661016949152,0.04468107904992188,4.3342999567153235,2.0,2.0,0.0147811459667094,0.0192061459667094,0.021183194622279,0.025608194622279,0.0224636043533931,0.0268886043533931,0.0519130281690142,0.0563380281690142
6278,2026-04-16,2026,tradable,0.14948,-0.14948,True,0.508438818565401,0.5459459459459459,0.41584158415841577,0.04288062489773472,4.029526453843639,2.0,2.0,0.0783336206896551,0.0827586206896551,0.0886784482758621,0.0931034482758621,-0.0216663793103448,-0.0172413793103448,0.1541956896551725,0.1586206896551725
6283,2024-04-17,2024,tradable,0.15188,-0.15188,True,0.44303797468354444,0.42500000000000004,0.36254980079681287,0.043767229104269986,5.937481567136013,3.0,3.0,-0.0248928362573099,-0.0204678362573099,-0.1564717836257311,-0.1520467836257311,-0.0775244152046784,-0.0730994152046784,0.0452826023391811,0.0497076023391811
6283,2025-08-15,2025,tradable,0.06248,-0.06248,True,0.39761904761904776,0.38117647058823545,0.41445783132530134,0.03837887146824578,2.860345542670566,3.0,3.0,-0.0180536201022147,-0.0136286201022147,-0.0981217632027256,-0.0936967632027256,-0.0998253407155026,-0.0954003407155026,0.0330537052810903,0.0374787052810903
6285,2026-01-26,2026,tradable,0.11448,-0.11448,False,0.3291139240506329,0.41891891891891886,0.5594059405940595,0.04934230599448894,3.578632469718623,2.0,2.0,0.0114480158730158,0.0158730158730158,0.1162099206349206,0.1206349206349206,0.1574797619047619,0.161904761904762,0.0939876984126985,0.0984126984126985
6290,2026-04-24,2026,tradable,0.0913799999999999,-0.0913799999999999,False,0.348936170212766,0.4343891402714932,0.45747126436781604,0.04390231760031847,3.2129141216500816,2.0,2.0,-0.0804767799352751,-0.0760517799352751,-0.0772405339805824,-0.0728155339805824,-0.0578230582524271,-0.0533980582524271,-0.1128392394822006,-0.1084142394822006
6291,2023-03-15,2023,tradable,0.1769799999999999,-0.1769799999999999,True,0.4925373134328359,0.5075376884422111,0.5,0.04017625434518923,7.9738422945520435,2.0,2.0,-0.1044249999999999,-0.0999999999999999,0.0022416666666665,0.0066666666666665,-0.014425,-0.01,-0.0510916666666666,-0.0466666666666666
6291,2023-05-31,2023,tradable,0.0362799999999999,-0.0362799999999999,True,0.3513513513513513,0.40056022408963576,0.6778523489932886,0.04284904447251021,2.5962389554790026,2.0,2.0,-0.032594014084507,-0.028169014084507,-0.0406423038229376,-0.0362173038229376,-0.0104612173038229,-0.0060362173038229,0.1786735915492957,0.1830985915492957
6291,2023-09-05,2023,tradable,0.0547799999999999,-0.0547799999999999,False,0.2231638418079096,0.3323076923076924,0.10178117048346058,0.05298375626396455,2.1114000289999977,2.0,2.0,-0.0455208904109589,-0.0410958904109589,-0.050087100456621,-0.045662100456621,0.0663512557077624,0.0707762557077624,0.0161229452054795,0.0205479452054795
6291,2025-07-28,2025,tradable,0.1830799999999999,-0.1830799999999999,True,0.3836477987421383,0.5714285714285714,0.5402567094515751,0.04301040976673354,7.961845125693034,3.0,3.0,-0.048705442804428,-0.044280442804428,0.0361654059040589,0.0405904059040589,0.1025860701107012,0.1070110701107012,0.0029550738007379,0.0073800738007379
6291,2025-09-09,2025,tradable,0.11518,-0.11518,False,0.3003194888178913,0.375,0.40830449826989623,0.05949444878158025,1.6258485740638409,2.0,2.0,-0.0167706790123457,-0.0123456790123457,-0.0760299382716049,-0.0716049382716049,-0.1451657407407407,-0.1407407407407407,-0.1624496913580246,-0.1580246913580246
6291,2026-01-30,2026,tradable,-0.0081199999999999,0.0081199999999999,False,0.25464190981432355,0.3475783475783476,0.21282051282051273,0.03882438756610824,2.4097620450788066,2.0,2.0,0.0128910173160173,0.0173160173160173,0.0193845238095237,0.0238095238095237,-0.0823470779220779,-0.0779220779220779,0.2509862554112553,0.2554112554112553
6291,2026-05-28,2026,tradable,0.1044799999999999,-0.1044799999999999,True,0.3292682926829269,0.2848722986247545,0.5209302325581395,0.05930857719669052,3.0197313209106382,4.0,3.0,-0.0274465827338129,-0.0230215827338129,-0.1123386690647482,-0.1079136690647482,-0.1555041366906474,-0.1510791366906474,-0.2921947841726618,-0.2877697841726618
6405,2026-05-04,2026,tradable,0.1819800000000001,-0.1819800000000001,True,0.5463347164591978,0.5294117647058825,0.653846153846154,0.05109179116249525,0.5374819124949682,3.0,3.0,-0.004425,0.0,-0.009310993485342,-0.004885993485342,-0.0597995928338762,-0.0553745928338762,-0.1249461726384364,-0.1205211726384364
6405,2026-05-27,2026,tradable,0.14468,-0.14468,True,0.514018691588785,0.34775374376039925,0.9239904988123515,0.06975572407890052,2.725076061508729,2.0,2.0,-0.0383445979899495,-0.0339195979899495,-0.0031687185929646,0.0012562814070353,-0.0433697236180904,-0.0389447236180904,-0.1300531407035176,-0.1256281407035175
6411,2025-10-28,2025,tradable,0.1255799999999999,-0.1255799999999999,False,0.3137254901960784,0.4357142857142857,0.35627530364372473,0.03951582348679562,6.312103658963441,3.0,3.0,-0.0456724849094568,-0.0412474849094568,0.0006051810865192,0.0050301810865192,-0.1503002515090543,-0.1458752515090543,-0.1734390845070423,-0.1690140845070423
6414,2026-07-23,2026,tradable,-0.0277199999999999,0.0277199999999999,False,0.25750000000000006,0.24504950495049505,0.3557951482479784,0.03589427267877538,3.465985431807198,2.0,2.0,0.0066973458038423,0.0111223458038423,-0.1227263144590495,-0.1183013144590495,-0.1894603892821031,-0.1850353892821031,-0.0580144843276036,-0.0535894843276036
6415,2026-04-22,2026,tradable,0.13738,-0.13738,True,0.4636363636363636,0.343906510851419,0.44524236983842,0.04687028329982738,2.0814231487691384,2.0,2.0,0.006523905109489,0.010948905109489,0.0174728102189781,0.0218978102189781,-0.0482206204379561,-0.0437956204379561,0.028421715328467,0.032846715328467
6415,2026-06-22,2026,tradable,0.07148,-0.07148,True,0.38193018480492813,0.1563573883161513,0.197508896797153,0.06211016403542931,2.354616567675678,3.0,2.0,-0.0388561377245508,-0.0344311377245508,-0.0837663173652695,-0.0793413173652695,-0.1092154191616766,-0.1047904191616766,-0.0762812874251497,-0.0718562874251497
6418,2023-08-11,2023,tradable,0.0739799999999999,-0.0739799999999999,False,0.3522388059701491,0.36858006042296054,0.3323529411764705,0.03762947770328826,9.507871366159057,2.0,2.0,-0.0221241150442479,-0.0176991150442479,0.0265484513274335,0.0309734513274335,0.0774334070796459,0.0818584070796459,0.1769909292035397,0.1814159292035397
6418,2025-08-18,2025,tradable,0.1901799999999999,-0.1901799999999999,True,0.44329896907216493,0.5350877192982455,0.6949152542372883,,8.376086937372191,3.0,2.0,-0.0859167127071823,-0.0814917127071823,-0.0928227900552487,-0.0883977900552487,-0.0955852209944752,-0.0911602209944753,-0.0721045580110497,-0.0676795580110497
6418,2025-09-08,2025,tradable,0.2102799999999999,-0.2102799999999999,True,0.5348148148148146,0.574468085106383,1.136082474226804,,3.924995554079808,3.0,3.0,-0.0312107142857143,-0.0267857142857143,-0.0153376984126983,-0.0109126984126983,-0.0649408730158729,-0.0605158730158729,0.1106543650793651,0.1150793650793651
6418,2025-09-26,2025,tradable,0.14358,-0.14358,True,0.4677103718199609,0.5337423312883436,1.2658610271903323,0.05305696342421721,3.464052880405398,4.0,4.0,0.0171966216216216,0.0216216216216216,-0.0436141891891892,-0.0391891891891892,-0.004425,0.0,-0.0557763513513512,-0.0513513513513512
6419,2023-07-12,2023,tradable,0.13348,-0.13348,True,0.4411764705882353,0.4872204472843449,0.5337726523887971,0.0412320572099875,8.004858256958283,2.0,2.0,-0.0760017634854772,-0.0715767634854772,-0.0583669087136929,-0.0539419087136929,-0.074964419087137,-0.070539419087137,-0.2606490663900415,-0.2562240663900414
6419,2023-10-17,2023,tradable,0.0931799999999999,-0.0931799999999999,True,0.44254278728606367,0.3243546576879912,0.37209302325581395,0.04069801921471772,5.7703316382088685,2.0,2.0,0.0539942439862543,0.0584192439862543,0.0436849656357388,0.0481099656357388,0.088358505154639,0.092783505154639,0.1399048969072164,0.1443298969072164
6419,2026-04-16,2026,tradable,0.1512799999999999,-0.1512799999999999,True,0.4847161572052403,0.5263748597081932,0.4766558089033659,0.05712635894482023,2.2977564868811866,2.0,2.0,-0.0666960622710622,-0.0622710622710622,0.0358680402930403,0.0402930402930403,0.0212160256410255,0.0256410256410255,0.0871500915750914,0.0915750915750914
6419,2026-05-15,2026,tradable,0.1276799999999999,-0.1276799999999999,False,0.3506944444444444,0.30536912751677847,0.43014705882352944,0.06411536312746002,1.552948792396308,2.0,2.0,-0.004425,0.0,-0.1867611823361823,-0.1823361823361823,-0.0955930911680912,-0.0911680911680912,-0.2038551994301994,-0.1994301994301994
6423,2026-04-22,2026,tradable,0.1473799999999999,-0.1473799999999999,True,0.380846325167038,0.4252873563218391,0.4252873563218391,0.04790845191597501,4.13468023184689,2.0,2.0,-0.0816308823529411,-0.0772058823529411,-0.2507485294117647,-0.2463235294117647,-0.2176602941176471,-0.213235294117647,-0.1404544117647058,-0.1360294117647058
6425,2024-01-16,2024,tradable,0.0986799999999999,-0.0986799999999999,True,0.4613686534216337,0.5079726651480638,0.5183486238532111,0.04278206212247809,12.201007884169545,2.0,2.0,-0.0513946969696969,-0.0469696969696969,-0.045334090909091,-0.040909090909091,0.057696212121212,0.062121212121212,0.2364840909090909,0.2409090909090909
6425,2024-02-05,2024,tradable,0.0557799999999999,-0.0557799999999999,False,0.2361809045226133,0.542319749216301,1.0803382663847785,0.056993740453139596,4.344660671365574,2.0,2.0,0.0278666666666666,0.0322916666666666,0.1789083333333333,0.1833333333333333,0.4247416666666664,0.4291666666666665,0.3414083333333332,0.3458333333333332
6425,2024-02-21,2024,tradable,0.10678,-0.10678,True,0.39430894308943065,0.7236180904522613,1.27906976744186,0.053627142673432014,0.9440352056570984,5.0,2.0,-0.002967274052478,0.0014577259475219,-0.0714803935860057,-0.0670553935860057,-0.0627340379008746,-0.0583090379008746,0.0203563411078716,0.0247813411078716
6426,2024-12-06,2024,tradable,0.15788,-0.15788,True,0.48224043715846987,0.504854368932039,0.588579795021962,0.04421736195313612,7.907038782116622,2.0,2.0,-0.0135574200913242,-0.0091324200913242,-0.1112743150684931,-0.1068493150684931,-0.1551099315068493,-0.1506849315068493,-0.2373017123287671,-0.2328767123287671
6426,2026-02-03,2026,tradable,0.11918,-0.11918,True,0.4146868250539957,0.4086021505376345,0.3980789754535752,0.0466199502887071,3.1278317866736005,3.0,3.0,-0.0273257633587786,-0.0229007633587786,-0.0845776717557251,-0.0801526717557251,0.0719108778625953,0.0763358778625953,0.4574070610687023,0.4618320610687023
6426,2026-04-13,2026,tradable,0.10458,-0.10458,False,0.3746031746031746,0.4982698961937717,0.6718146718146718,0.07480409989653167,1.540585594629736,2.0,2.0,-0.0568059523809524,-0.0523809523809524,-0.0210916666666667,-0.0166666666666667,0.183670238095238,0.1880952380952381,-0.0282345238095238,-0.0238095238095238
6426,2026-08-10,2026,tradable,0.10078,-0.10078,True,0.37658227848101267,0.2682215743440233,0.19505494505494503,0.06437916650257558,3.5283408928610664,2.0,2.0,0.0238768867924529,0.0283018867924529,0.0144429245283018,0.0188679245283018,0.1252919811320755,0.1297169811320755,0.120575,0.125
6431,2024-06-25,2024,tradable,0.07938,-0.07938,True,0.382716049382716,0.38842975206611574,0.3125,0.045437808658109036,3.6267954847288397,2.0,2.0,-0.0524475988700563,-0.0480225988700563,-0.0524475988700563,-0.0480225988700563,-0.0948204802259885,-0.0903954802259885,-0.0948204802259885,-0.0903954802259885
6441,2025-05-05,2025,tradable,0.07858,-0.07858,True,0.366812227074236,0.29072164948453616,-0.011058451816745585,0.06558538236879562,5.6358134316845,2.0,2.0,-0.004425,0.0,-0.0347764376996805,-0.0303514376996805,-0.0699202076677316,-0.0654952076677316,-0.077907428115016,-0.073482428115016
6442,2023-07-19,2023,tradable,0.11538,-0.11538,True,0.448210922787194,0.4347014925373136,0.5048923679060666,0.04508499097809256,4.591571473372481,2.0,2.0,-0.0664503164556963,-0.0620253164556963,-0.0550579113924051,-0.0506329113924051,-0.1183490506329114,-0.1139240506329114,-0.1588553797468355,-0.1544303797468355
6442,2024-02-22,2024,tradable,0.2276800000000001,-0.2276800000000001,True,0.48039215686274517,0.8170878459687125,1.163323782234957,0.04495620495063676,0.8936394851376953,6.0,4.0,-0.086443927444795,-0.082018927444795,-0.1053713722397476,-0.1009463722397476,-0.0580527602523659,-0.0536277602523659,-0.171617429022082,-0.1671924290220819
6442,2024-06-07,2024,tradable,0.10218,-0.10218,True,0.35812672176308546,0.44999999999999996,0.4542772861356932,0.04062069478240459,7.556873631415923,4.0,3.0,-0.0311425572519083,-0.0267175572519083,-0.0216005725190839,-0.0171755725190839,0.1749643129770991,0.1793893129770991,0.213132251908397,0.217557251908397
6442,2025-05-14,2025,tradable,0.02548,-0.02548,True,0.28929068150208614,0.2803867403314917,0.31303116147308785,0.04435851008869931,1.7540421008220746,4.0,4.0,0.0052942224622029,0.0097192224622029,-0.0465416306695464,-0.0421166306695464,-0.0195437904967602,-0.0151187904967602,-0.0065848272138229,-0.0021598272138229
6442,2025-07-23,2025,tradable,-0.0180199999999999,0.0180199999999999,True,0.24336283185840712,0.25167037861915365,0.224400871459695,0.03619652837177434,1.851437898354324,2.0,2.0,0.0667555555555555,0.0711805555555555,0.0737,0.078125,0.0198805555555555,0.0243055555555555,0.0355055555555555,0.0399305555555555
6442,2025-08-18,2025,tradable,0.05818,-0.05818,False,0.31172839506172845,0.43581081081081074,0.5711645101663585,0.03984977722717716,2.2543448542806668,2.0,2.0,-0.0453606725146199,-0.0409356725146199,-0.0558869883040935,-0.0514619883040935,-0.0079337719298245,-0.0035087719298245,0.0727679824561403,0.0771929824561403
6442,2026-01-30,2026,tradable,0.05638,-0.05638,False,0.31734317343173424,0.4223107569721116,0.2934782608695652,0.04860623691784227,2.155792370842842,6.0,2.0,-0.0244823065902578,-0.0200573065902578,0.0614775787965617,0.0659025787965617,-0.0330782951289398,-0.0286532951289398,0.1588987822349569,0.1633237822349569
6443,2025-12-15,2025,tradable,0.22338,-0.22338,True,0.5494505494505493,0.63953488372093,0.5724907063197027,0.04784146174822964,2.669604925726828,4.0,4.0,0.0020685064935063,0.0064935064935063,-0.0693600649350649,-0.0649350649350649,0.0713325757575756,0.0757575757575756,0.2379992424242422,0.2424242424242422
6443,2026-01-14,2026,tradable,0.15308,-0.15308,False,0.38028169014084523,0.36585365853658547,0.8534278959810877,0.05928118323272312,2.8385883951937383,4.0,2.0,-0.0005238296488946,0.0039011703511053,-0.039535533159948,-0.035110533159948,0.0306855331599479,0.0351105331599479,0.0657960663198958,0.0702210663198958
6446,2024-05-20,2024,tradable,0.01998,-0.01998,True,0.3082942097026604,0.32698412698412693,0.4640980735551663,0.03283708866909406,2.037290431933013,2.0,2.0,-0.0090546296296296,-0.0046296296296296,-0.0391472222222222,-0.0347222222222222,-0.0229435185185184,-0.0185185185185184,-0.0148416666666666,-0.0104166666666666
6446,2026-01-30,2026,tradable,0.05548,-0.05548,True,0.28333333333333344,0.31175468483816005,0.5555555555555556,0.042777431185591394,1.6642813513156696,3.0,2.0,-0.0096401238591916,-0.0052151238591916,-0.0109439048239895,-0.0065189048239895,-0.0617913624511082,-0.0573663624511082,-0.0513611147327248,-0.0469361147327248
6449,2025-08-27,2025,tradable,0.07568,-0.07568,False,0.2837370242214532,0.44357976653696496,0.75,0.04227012560629626,1.6538978941545233,3.0,2.0,-0.0370336956521739,-0.0326086956521739,-0.0805119565217391,-0.0760869565217391,-0.0886641304347825,-0.0842391304347826,-0.066925,-0.0625
6449,2026-05-15,2026,tradable,0.12258,-0.12258,True,0.43715846994535523,0.6284829721362228,0.5114942528735633,0.047595879134276646,3.12628728790277,2.0,2.0,0.0259932509505703,0.0304182509505703,0.016487547528517,0.020912547528517,0.157171958174905,0.161596958174905,0.4974761406844107,0.5019011406844107
6451,2023-07-04,2023,tradable,0.09088,-0.09088,True,0.4204545454545454,0.45687645687645695,0.4188422247446084,0.037342977793279726,5.06811925271802,3.0,3.0,0.0324602459016393,0.0368852459016393,-0.0003266393442623,0.0040983606557376,0.0078700819672131,0.0122950819672131,0.0119684426229508,0.0163934426229508
6451,2023-09-15,2023,tradable,0.05278,-0.05278,False,0.24651162790697678,0.39583333333333326,0.4090431125131442,0.04506584427848107,4.872234932170314,2.0,2.0,0.0361654059040589,0.0405904059040589,0.0029550738007379,0.0073800738007379,0.061995664206642,0.066420664206642,0.0915159594095941,0.0959409594095941
6451,2024-06-19,2024,tradable,0.07058,-0.07058,True,0.2720207253886011,0.3452054794520547,0.3601108033240996,0.05112244605569157,2.7929842049794873,2.0,2.0,0.1066861111111111,0.1111111111111111,0.0490729423868313,0.0534979423868313,0.0737643004115226,0.0781893004115226,0.0861099794238683,0.0905349794238683
6451,2026-03-18,2026,tradable,0.22128,-0.22128,True,0.47229551451187346,0.4919786096256684,0.5630252100840336,0.06676291574416068,2.9233958928544257,2.0,2.0,0.0181313909774435,0.0225563909774435,0.0500862781954886,0.0545112781954886,0.1948231203007518,0.1992481203007519,0.1421915413533835,0.1466165413533835
6451,2026-04-13,2026,tradable,0.18598,-0.18598,True,0.607445008460237,0.4307228915662651,1.4234693877551021,0.06687416197400513,1.8498754963300705,3.0,2.0,-0.0505171843687375,-0.0460921843687375,-0.0144450400801603,-0.0100200400801603,0.0116070641282565,0.0160320641282565,-0.2439039579158316,-0.2394789579158316
6451,2026-08-07,2026,tradable,0.00278,-0.00278,True,0.23460410557184752,-0.0377142857142857,-0.18725868725868722,0.07406872569917089,1.9155521634907058,5.0,2.0,0.0331176621160408,0.0375426621160408,0.0217410978384528,0.0261660978384528,-0.0362793799772468,-0.0318543799772468,-0.0533442263936291,-0.0489192263936291
6456,2026-04-17,2026,tradable,0.09828,-0.09828,True,0.4696969696969697,0.42647058823529416,0.22784810126582267,0.05412553839001931,3.5163676840505254,3.0,3.0,0.0630909235668789,0.0675159235668789,0.036339331210191,0.040764331210191,-0.0579281847133757,-0.0535031847133757,-0.0120683121019107,-0.0076433121019107
6456,2026-09-30,2026,tradable,0.0729799999999999,-0.0729799999999999,False,0.2795549374130737,0.45339652448657186,0.2849162011173185,0.04148545780410439,6.479905563936784,3.0,2.0,-0.0479505712731229,-0.0435255712731229,-0.018570810663765,-0.014145810663765,0.1054770674646353,0.1099020674646353,,
6462,2024-01-30,2024,tradable,0.1047799999999999,-0.1047799999999999,True,0.35519125683060104,0.5261538461538462,1.0162601626016259,,1.7238745417597288,6.0,3.0,0.1012660569105691,0.1056910569105691,0.1297213414634145,0.1341463414634145,0.1195587398373984,0.1239837398373984,0.1480140243902438,0.1524390243902438
6465,2023-04-14,2023,tradable,0.0906799999999999,-0.0906799999999999,True,0.39835164835164827,0.39835164835164827,0.368279569892473,0.03864091494335168,6.581188505364298,2.0,2.0,-0.0142481827111984,-0.0098231827111984,0.0014689096267192,0.0058939096267192,-0.0987275540275048,-0.0943025540275048,-0.0299652750491158,-0.0255402750491158
6465,2024-01-31,2024,tradable,0.1179799999999999,-0.1179799999999999,True,0.4382566585956418,0.5,0.5153061224489794,0.04465085757604987,6.462458640911417,2.0,2.0,-0.049425,-0.045,-0.0944249999999999,-0.0899999999999999,-0.0860916666666666,-0.0816666666666666,-0.1044249999999999,-0.0999999999999999
6465,2025-11-27,2025,tradable,0.11898,-0.11898,True,,,0.6171617161716172,,,2.0,2.0,-0.0637297034764826,-0.0593047034764826,0.0160248977505112,0.0204498977505112,0.0303398261758692,0.0347648261758692,0.2696036298568506,0.2740286298568506
6465,2025-12-15,2025,tradable,0.1399799999999999,-0.1399799999999999,True,0.4580896686159843,0.6475770925110131,,,,2.0,2.0,0.0494211538461538,0.0538461538461538,-0.0659634615384615,-0.0615384615384615,0.0083955128205127,0.0128205128205127,0.0058314102564102,0.0102564102564102
6465,2026-03-20,2026,tradable,0.15178,-0.15178,True,0.47530864197530853,0.31862068965517243,0.47758887171561026,0.04915433252075141,4.699740425505802,2.0,2.0,-0.0477583333333334,-0.0433333333333334,-0.0022027777777776,0.0022222222222223,1.944444444447295e-05,0.0044444444444444,-0.0122027777777777,-0.0077777777777777
6465,2026-06-18,2026,tradable,0.11118,-0.11118,False,0.28519855595667876,0.22758620689655173,0.35619047619047617,0.05663425285629901,2.461989510598256,2.0,2.0,-0.0142564606741573,-0.0098314606741573,-0.0634137640449439,-0.0589887640449439,-0.0844811797752809,-0.0800561797752809,-0.1280205056179776,-0.1235955056179776
6472,2023-02-10,2023,tradable,0.0369799999999999,-0.0369799999999999,True,0.31470230862697446,0.3457711442786069,0.2451093210586881,0.03695859836768833,2.2493517653724044,3.0,3.0,-0.0372717153284671,-0.0328467153284671,-0.1485855839416058,-0.1441605839416058,-0.0929286496350365,-0.0885036496350365,-0.0865417883211678,-0.0821167883211678
6472,2023-03-29,2023,tradable,0.1152799999999999,-0.1152799999999999,True,0.2974789915966387,0.3496503496503496,0.5019455252918288,0.04799910399754069,1.2320044757851791,5.0,2.0,-0.0364352432778489,-0.0320102432778489,0.0301460627400768,0.0345710627400768,0.0250244238156211,0.0294494238156211,0.0006966389244557,0.0051216389244557
6472,2023-07-24,2023,tradable,-0.01302,0.01302,False,0.25310173697270466,0.25,0.39310344827586197,0.035647303594440176,0.8588000381454408,3.0,2.0,-0.004425,0.0,-0.1019374378109453,-0.0975124378109453,-0.1059175373134328,-0.1014925373134328,-0.0820369402985074,-0.0776119402985074
6477,2025-01-08,2025,tradable,0.09758,-0.09758,True,0.44227353463587926,0.43462897526501765,0.32247557003257343,0.04191218851265611,7.484765596053695,3.0,3.0,-0.038175,-0.03375,-0.0719250000000001,-0.0675000000000001,-0.029425,-0.025,-0.0119249999999999,-0.0074999999999999
6482,2023-10-17,2023,tradable,0.18648,-0.18648,True,0.4626038781163433,0.5304347826086955,0.5348837209302326,0.04000067880449722,3.3546176700200165,2.0,2.0,-0.045469776119403,-0.041044776119403,-0.0417384328358208,-0.0373134328358208,-0.0025593283582089,0.001865671641791,-0.0249473880597015,-0.0205223880597015
6482,2023-12-01,2023,tradable,0.1105799999999999,-0.1105799999999999,True,0.4043887147335423,0.2923076923076924,0.13322091062394614,0.05421810372722337,4.012172876564749,2.0,2.0,0.0150945195195196,0.0195195195195196,-0.0284490240240239,-0.0240240240240239,-0.0104310060060058,-0.0060060060060058,-0.0434640390390389,-0.0390390390390389
6482,2025-05-08,2025,tradable,0.06178,-0.06178,False,0.34632034632034636,0.3761061946902655,0.7374301675977653,0.049610640672372794,2.5673561718589792,2.0,2.0,-0.0601591907824223,-0.0557341907824223,-0.0837390407288316,-0.0793140407288316,-0.1973510450160771,-0.1929260450160771,-0.2434389335476956,-0.2390139335476956
6485,2025-02-05,2025,tradable,0.0719799999999999,-0.0719799999999999,True,0.3686534216335542,0.612483745123537,0.3732004429678848,0.04775692318279944,4.9163305834174365,2.0,2.0,-0.018941129032258,-0.014516129032258,0.0826717741935484,0.0870967741935484,0.1858975806451611,0.1903225806451611,0.245575,0.25
6488,2025-09-19,2025,tradable,0.0750799999999999,-0.0750799999999999,True,0.2998712998712998,0.3630229419703104,0.3854595336076818,0.03675659557530413,3.6091953681324638,2.0,2.0,0.023744014084507,0.028169014084507,-0.0064370724346076,-0.0020120724346076,-0.0828958249496981,-0.0784708249496981,-0.0014068913480885,0.0030181086519114
6488,2026-05-08,2026,tradable,0.1627799999999999,-0.1627799999999999,True,0.38275862068965516,0.4020979020979021,0.7921787709497208,0.05839565632152803,1.6289160838304209,3.0,3.0,0.0138676829268292,0.0182926829268292,-0.0897908536585365,-0.0853658536585365,-0.1385713414634146,-0.1341463414634146,-0.130034756097561,-0.1256097560975609
6488,2026-05-28,2026,tradable,0.13348,-0.13348,True,0.32239657631954355,0.17639593908629436,0.7294776119402986,0.0636623993101502,2.0869033152945238,4.0,3.0,-0.004425,0.0,-0.0783166256157635,-0.0738916256157635,-0.1472821428571429,-0.1428571428571429,-0.230040763546798,-0.225615763546798
6488,2026-06-17,2026,tradable,0.0739799999999999,-0.0739799999999999,True,0.4193548387096775,0.1578947368421053,0.7241379310344827,0.06555514195914541,2.313265774399761,4.0,3.0,-0.004425,0.0,-0.09451509009009,-0.09009009009009,-0.067488063063063,-0.063063063063063,0.0811605855855856,0.0855855855855856
6488,2026-07-07,2026,tradable,0.03938,-0.03938,False,0.1990049751243781,0.19306930693069302,0.5690104166666667,0.07030704273677854,1.8120315155307463,4.0,2.0,0.0163218879668049,0.0207468879668049,0.2279401452282158,0.2323651452282158,0.2237907676348548,0.2282157676348548,0.0246206431535268,0.0290456431535268
6492,2024-07-18,2024,tradable,0.1203799999999999,-0.1203799999999999,True,0.44651162790697674,0.3868450390189522,0.3067226890756303,0.04734435337324113,4.988556507004177,2.0,2.0,-0.0673282258064515,-0.0629032258064515,-0.1318443548387097,-0.1274193548387097,-0.086683064516129,-0.082258064516129,-0.2350701612903225,-0.2306451612903225
6492,2026-01-27,2026,tradable,0.0837799999999999,-0.0837799999999999,False,0.3601741022850924,0.4285714285714286,0.4619883040935673,0.037324295499756424,6.027148575279916,2.0,2.0,-0.0268249999999999,-0.0223999999999999,-0.0508249999999999,-0.0464,-0.012425,-0.008,-0.154825,-0.1503999999999999
6499,2025-05-13,2025,tradable,0.14358,-0.14358,True,0.4508670520231213,0.47358121330724057,0.8478527607361963,0.04229749296688652,8.161764391818984,2.0,2.0,0.0566639774236389,0.0610889774236389,0.0672881474103587,0.0717131474103587,0.1788419322709163,0.1832669322709164,0.6290411354581674,0.6334661354581674
6499,2025-06-18,2025,tradable,0.18268,-0.18268,True,0.3855421686746989,0.2897196261682242,0.5488215488215489,0.06843213410778888,5.886409490097822,2.0,2.0,-0.044280072463768,-0.039855072463768,-0.1058742753623188,-0.1014492753623188,-0.0805119565217391,-0.0760869565217391,-0.0116713768115942,-0.0072463768115942
6499,2025-10-15,2025,tradable,0.11398,-0.11398,True,0.40829694323144117,0.4144736842105263,0.303030303030303,0.0436379739331196,8.138491914057289,2.0,2.0,-0.0161897058823528,-0.0117647058823529,-0.0357975490196078,-0.0313725490196078,-0.0475622549019607,-0.0431372549019607,-0.1730524509803921,-0.1686274509803921
6505,2026-07-17,2026,tradable,0.04608,-0.04608,False,0.38265306122448983,0.41145833333333326,0.5456273764258555,0.04222240308938758,5.283166631455959,2.0,2.0,-0.0794249999999999,-0.0749999999999999,0.008670238095238,0.013095238095238,0.0170035714285713,0.0214285714285713,-0.1615678571428571,-0.1571428571428571
6510,2024-12-06,2024,tradable,0.02278,-0.02278,False,0.24520547945205484,0.22837837837837838,0.3328445747800586,0.04000354847824573,1.9926550582101585,3.0,3.0,-0.024491889632107,-0.020066889632107,-0.0166880992196209,-0.0122630992196209,-0.0289511984392418,-0.0245261984392418,-0.096955657748049,-0.092530657748049
6510,2026-01-27,2026,tradable,0.04098,-0.04098,False,0.20810313075506448,0.43544857768052525,0.39574468085106385,0.043945628465618385,1.3199809863808913,4.0,2.0,-0.0395931957186544,-0.0351681957186544,0.0062783639143729,0.0107033639143729,0.1500092507645259,0.154434250764526,0.197409862385321,0.201834862385321
6510,2026-09-03,2026,tradable,0.00178,-0.00178,False,0.22262773722627727,0.21376811594202905,0.18165784832451504,0.04716173284893432,3.056580299640189,2.0,2.0,-0.0376140331890332,-0.0331890331890332,0.0403080447330447,0.0447330447330447,0.0547380591630592,0.0591630591630591,-0.0809040764790764,-0.0764790764790764
6510,2026-09-08,2026,tradable,-0.00472,0.00472,False,0.1584000000000001,0.35074626865671643,0.2928571428571429,0.044464968456752886,1.8423509429729688,4.0,2.0,-0.05691843832021,-0.05249343832021,-0.0910391732283464,-0.0866141732283464,-0.1500942913385826,-0.1456692913385826,-0.0332963910761154,-0.0288713910761154
6512,2024-06-04,2024,tradable,0.1513799999999999,-0.1513799999999999,True,0.4732142857142858,0.5068493150684932,0.5602836879432624,0.03959800039882581,6.976283715087084,2.0,2.0,-0.0412249999999999,-0.0367999999999999,-0.1276250000000001,-0.1232,-0.151625,-0.1472,-0.118025,-0.1136
6515,2025-09-02,2025,tradable,0.03908,-0.03908,True,0.3464912280701755,0.27385892116182564,0.4212962962962963,0.046303740336521945,2.1005783745746247,3.0,3.0,0.0218045081967212,0.0262295081967212,0.1398372950819671,0.1442622950819672,0.1496733606557377,0.1540983606557378,0.1201651639344262,0.1245901639344262
6515,2026-03-13,2026,tradable,0.00988,-0.00988,False,0.19714285714285706,0.22873900293255134,0.4076147816349385,0.05083134197639225,0.7690077933588584,3.0,2.0,-0.0243136237072394,-0.0198886237072394,0.1443419053301512,0.1487669053301512,0.2573092879872712,0.2617342879872713,0.2549226531424026,0.2593476531424026
6515,2026-03-18,2026,tradable,0.00798,-0.00798,False,0.22372881355932206,0.5955801104972376,0.6008869179600886,0.054200381268929364,0.7513326060695441,5.0,2.0,0.0067951963534361,0.0112201963534361,0.1014656030855539,0.1058906030855539,0.1807082398316971,0.1851332398316971,0.0180153927068723,0.0224403927068723
6515,2026-04-20,2026,tradable,0.03838,-0.03838,False,0.26109813084112155,0.6343679031037093,0.4972260748959778,0.05577479149577773,1.1632847956728385,4.0,2.0,-0.0231978937728938,-0.0187728937728938,-0.0218242673992674,-0.0173992673992674,-0.1271356227106227,-0.1227106227106227,-0.0836374542124542,-0.0792124542124542
6517,2023-03-28,2023,tradable,0.1766799999999999,-0.1766799999999999,True,0.4744429882044561,0.6917293233082706,0.4423076923076923,0.055301230003702954,2.7787943295408044,3.0,3.0,0.0047493119266054,0.0091743119266054,0.2157584862385321,0.2201834862385321,0.2983272935779816,0.3027522935779816,0.3763089449541285,0.3807339449541285
6517,2025-03-19,2025,tradable,0.09758,-0.09758,False,0.2784992784992786,0.340393343419062,0.30678466076696154,0.0374604173223482,3.0374745362809135,3.0,3.0,-0.0133535714285713,-0.0089285714285713,0.0402178571428572,0.0446428571428572,0.0748160714285716,0.0792410714285716,0.1049500000000002,0.1093750000000002
6525,2026-07-07,2026,tradable,0.17428,-0.17428,False,0.4635761589403973,0.29618768328445744,0.8571428571428572,0.06013982211819813,1.676478655226064,2.0,2.0,-0.0745184579439251,-0.0700934579439251,-0.1048922897196261,-0.1004672897196261,-0.1235838785046728,-0.1191588785046728,-0.2801259345794392,-0.2757009345794392
6526,2026-05-11,2026,tradable,0.03998,-0.03998,False,0.2733446519524618,0.24792013311148087,0.5806111696522656,0.05342080188165621,1.4211034743543371,3.0,3.0,-0.0257583333333333,-0.0213333333333333,-0.0630916666666666,-0.0586666666666666,-0.0857583333333333,-0.0813333333333333,-0.004425,0.0
6526,2026-09-24,2026,tradable,0.0200799999999999,-0.0200799999999999,True,0.33545310015898244,0.30841121495327095,0.3770491803278688,0.04146896702831522,3.2078448502292476,2.0,2.0,-0.0177583333333333,-0.0133333333333333,0.0004234848484848,0.0048484848484848,0.0149689393939392,0.0193939393939392,,
6527,2023-07-20,2023,tradable,0.1188799999999999,-0.1188799999999999,True,0.41666666666666674,0.4406779661016951,0.45654834761321905,0.03619266429994995,4.083641122775975,2.0,2.0,-0.0300660256410256,-0.0256410256410256,-0.004425,0.0,-0.1240831196581196,-0.1196581196581196,-0.204425,-0.2
6530,2023-07-20,2023,tradable,0.1430799999999999,-0.1430799999999999,True,0.4618320610687021,0.47591522157996136,0.43445692883895126,0.04085374392210345,9.982049911818693,2.0,2.0,-0.0097300397877985,-0.0053050397877985,-0.0229926392572945,-0.0185676392572945,-0.1065470159151193,-0.1021220159151193,-0.1940801724137931,-0.1896551724137931
6530,2024-10-08,2024,tradable,0.0512799999999999,-0.0512799999999999,False,0.2671874999999999,0.31869918699186983,0.5596153846153844,0.05177531931142409,1.7564525810221423,6.0,3.0,-0.0056445121951218,-0.0012195121951218,0.0175262195121951,0.0219512195121951,0.0297213414634146,0.0341463414634146,0.0175262195121951,0.0219512195121951
6531,2026-03-18,2026,tradable,0.02438,-0.02438,False,0.29558323895809746,0.41584158415841577,0.4054054054054055,0.049512179747621614,2.5352555622432997,2.0,2.0,-0.0116322072072072,-0.0072072072072072,-0.0620826576576576,-0.0576576576576576,-0.0837042792792792,-0.0792792792792792,-0.1755961711711712,-0.1711711711711712
6531,2026-04-20,2026,tradable,0.01158,-0.01158,False,0.2028218694885362,0.55,0.23774954627949185,0.05370199088150819,2.009799785554313,4.0,2.0,-0.0113215517241379,-0.0068965517241379,0.0783336206896551,0.0827586206896551,0.0341956896551724,0.0386206896551724,0.285230172413793,0.289655172413793
6531,2026-04-23,2026,tradable,0.01568,-0.01568,True,0.3395904436860069,0.6337148803329864,0.56686626746507,0.05360481074754892,3.7664251076987747,6.0,2.0,-0.0773661764705882,-0.0729411764705882,-0.0632485294117647,-0.0588235294117647,-0.0161897058823528,-0.0117647058823529,0.0249867647058822,0.0294117647058822
6533,2026-04-20,2026,tradable,0.02388,-0.02388,False,0.28767123287671237,0.3467048710601719,0.35057471264367823,0.04496442075967887,2.185267639955678,2.0,2.0,-0.0151546137339055,-0.0107296137339055,0.0105964592274677,0.0150214592274677,0.0234719957081545,0.0278969957081545,0.0406393776824033,0.0450643776824033
6535,2023-05-24,2023,tradable,0.0485799999999999,-0.0485799999999999,False,0.36798336798336795,0.44774477447744765,0.5836341756919374,0.045435908369291435,3.7865037791387404,2.0,2.0,-0.0171234126984126,-0.0126984126984126,0.0114480158730158,0.0158730158730158,0.0289083333333332,0.0333333333333332,0.0050988095238094,0.0095238095238094
6535,2024-01-18,2024,tradable,0.11158,-0.11158,True,0.33333333333333326,0.44300144300144306,0.5105740181268881,0.031908406988989925,2.4536574838196636,3.0,3.0,0.0549809405940594,0.0594059405940594,0.1292383663366335,0.1336633663366335,0.3421096534653466,0.3465346534653466,0.4312185643564356,0.4356435643564356
6535,2024-03-04,2024,tradable,0.09648,-0.09648,True,0.40823970037453194,0.224755700325733,0.49800796812749004,0.060195964648771846,1.3267054220001375,2.0,2.0,0.006327688172043,0.010752688172043,-0.0635647849462365,-0.0591397849462365,-0.1173282258064516,-0.1129032258064516,-0.0958228494623656,-0.0913978494623656
6535,2024-06-19,2024,tradable,0.0041799999999999,-0.0041799999999999,True,0.2439678284182305,0.28176795580110503,0.26086956521739135,0.03750806830921785,3.1499846672670584,2.0,2.0,0.0262095733041575,0.0306345733041575,-0.0372477571115973,-0.0328227571115973,0.0196450218818381,0.0240700218818381,0.0480914113785558,0.0525164113785558
6535,2024-09-30,2024,tradable,-0.00772,0.00772,False,0.25141776937618143,0.3966244725738397,0.27063339731285985,0.03478804536859736,2.13060309604914,2.0,2.0,-0.0300660256410256,-0.0256410256410256,-0.0557070512820513,-0.0512820512820513,-0.0692817119155354,-0.0648567119155354,-0.0406240950226244,-0.0361990950226244
6535,2025-09-08,2025,tradable,0.0716799999999999,-0.0716799999999999,False,0.28117359413202925,0.36458333333333326,0.8714285714285714,0.04122974659848851,1.288618980355149,2.0,2.0,-0.0063333969465648,-0.0019083969465648,0.0528269083969464,0.0572519083969464,0.1234375954198473,0.1278625954198473,0.1425215648854961,0.1469465648854961
6538,2023-07-10,2023,tradable,0.0720799999999999,-0.0720799999999999,True,0.3486238532110091,0.4271844660194175,0.47,0.032447152518598546,3.1806865522366916,3.0,3.0,-0.0010579966329965,0.0033670033670034,0.0326120370370369,0.0370370370370369,0.0696490740740741,0.0740740740740741,0.0191440235690235,0.0235690235690235
6538,2026-05-21,2026,tradable,0.1881799999999999,-0.1881799999999999,True,0.3928571428571428,0.4113389626055488,0.5810810810810811,0.0486686695869477,1.781609937122475,2.0,2.0,0.0115112549800796,0.0159362549800796,0.0154953187250995,0.0199203187250995,-0.1080106573705179,-0.1035856573705179,0.0792403386454182,0.0836653386454182
6538,2026-08-18,2026,tradable,0.03098,-0.03098,False,0.30612244897959173,0.29292929292929304,0.3963636363636365,0.055111975873848064,1.0043824700560804,3.0,2.0,0.0251448924731182,0.0295698924731182,0.0520266129032257,0.0564516129032257,0.1004137096774192,0.1048387096774192,0.2106287634408602,0.2150537634408602
6538,2026-09-04,2026,tradable,0.0684799999999999,-0.0684799999999999,True,0.5,0.5267175572519085,1.0689655172413794,0.05182466662875191,3.2679597810268226,2.0,2.0,0.0277239001692048,0.0321489001692048,0.1766240693739423,0.1810490693739423,0.2409218697123519,0.2453468697123519,0.3086037648054146,0.3130287648054146
6541,2024-07-04,2024,tradable,0.15398,-0.15398,True,0.4971941638608306,0.6801007556675063,0.6428571428571428,0.04576459021154114,3.9604637334598767,2.0,2.0,-0.0821876193724421,-0.0777626193724421,-0.0767305934515688,-0.0723055934515688,-0.0426241814461117,-0.0381991814461117,-0.0658165416098226,-0.0613915416098226
6546,2024-07-12,2024,tradable,0.0089799999999999,-0.0089799999999999,False,0.28621908127208484,0.28621908127208484,0.10303030303030303,0.04374483120770634,1.2329803304333198,2.0,2.0,-0.020467780748663,-0.016042780748663,0.0035963903743315,0.0080213903743315,-0.0258153743315507,-0.0213903743315507,-0.1006816844919786,-0.0962566844919786
6546,2026-03-03,2026,tradable,0.18538,-0.18538,False,0.39103554868624424,0.48514851485148514,0.34328358208955234,0.04475468175487504,4.474882661763132,2.0,2.0,-0.0782886363636363,-0.0738636363636363,-0.0839704545454545,-0.0795454545454545,-0.1566977272727273,-0.1522727272727273,-0.1351068181818182,-0.1306818181818182
6547,2025-01-14,2025,tradable,0.1087799999999999,-0.1087799999999999,True,0.4177215189873418,0.3566621803499328,0.4482758620689655,0.04248686585202857,8.012760451107205,2.0,2.0,-0.0104430541624875,-0.0060180541624875,-0.0425393430290872,-0.0381143430290872,-0.0074340270812437,-0.0030090270812437,0.0246622617853559,0.0290872617853559
6547,2026-03-23,2026,tradable,0.14948,-0.14948,True,0.5013774104683197,0.5330520393811535,0.522346368715084,0.04375916127110863,7.192704595646789,2.0,2.0,-0.044491777963272,-0.040066777963272,-0.1363114774624374,-0.1318864774624374,-0.027797287145242,-0.023372287145242,-0.0111027963272119,-0.0066777963272119
6548,2026-06-02,2026,tradable,0.14968,-0.14968,True,0.3449419568822554,0.6721649484536081,0.5330812854442344,0.042742439781726864,2.9360248496132386,3.0,2.0,0.090053527607362,0.094478527607362,0.0961884969325154,0.1006134969325154,0.0569246932515338,0.0613496932515338,0.1231823619631903,0.1276073619631903
6552,2024-04-30,2024,tradable,0.13358,-0.13358,True,0.46666666666666656,0.45802650957290125,0.4473684210526314,0.03894031210116,8.065877758665014,3.0,2.0,-0.004425,0.0,0.0258780303030302,0.0303030303030302,0.0076962121212121,0.0121212121212122,-0.0003845959595959,0.004040404040404
6560,2025-04-17,2025,tradable,0.12108,-0.12108,True,0.30082987551867224,0.04500000000000015,0.0015974440894568342,0.06296765668475385,2.8202165271757584,2.0,2.0,0.055575,0.06,-0.0198096153846153,-0.0153846153846153,0.0509596153846153,0.0553846153846153,0.1171134615384616,0.1215384615384616
6560,2025-05-23,2025,tradable,0.16358,-0.16358,True,0.5031645569620253,0.5273311897106108,0.3848396501457727,0.05813201322236979,6.087421026693704,2.0,2.0,0.0554734771573605,0.0598984771573605,-0.0572168781725889,-0.0527918781725889,-0.0775214467005076,-0.0730964467005076,-0.1110239847715735,-0.1065989847715735
6569,2023-07-17,2023,tradable,0.1744799999999999,-0.1744799999999999,True,0.46808510638297873,0.46289752650176674,0.48920863309352525,0.04443716470704897,1.6341694207826318,2.0,2.0,-0.0382850451467269,-0.0338600451467269,0.0429790632054175,0.0474040632054175,0.0204056997742664,0.0248306997742664,0.015891027088036,0.020316027088036
6570,2024-08-20,2024,tradable,0.16398,-0.16398,True,0.5051759834368532,0.5067357512953368,0.11503067484662566,0.06292699250667959,6.714862219452613,2.0,2.0,-0.091604487179487,-0.087179487179487,-0.086476282051282,-0.082051282051282,-0.1172455128205127,-0.1128205128205127,-0.1198096153846154,-0.1153846153846154
6570,2026-05-26,2026,tradable,0.14858,-0.14858,True,0.49543378995433796,0.48863636363636354,0.6794871794871795,0.04486568561887067,2.7884289655416175,2.0,2.0,-0.0992262232415902,-0.0948012232415902,-0.0915809633027523,-0.0871559633027523,-0.1191038990825689,-0.1146788990825689,-0.1191038990825689,-0.1146788990825689
6573,2025-08-21,2025,tradable,0.03938,-0.03938,False,0.3539192399049882,0.3118527042577677,0.2513721185510429,0.04699051721529147,2.879255891662994,2.0,2.0,-0.038613034188034,-0.034188034188034,-0.0300660256410255,-0.0256410256410255,-0.0898950854700855,-0.0854700854700855,-0.1411771367521367,-0.1367521367521367
6573,2025-10-30,2025,tradable,0.15198,-0.15198,False,0.3728813559322033,0.6119402985074625,0.5728155339805823,0.05059482614911438,6.689428558897125,3.0,2.0,-0.053504754601227,-0.049079754601227,-0.2068789877300614,-0.2024539877300614,-0.0412348159509203,-0.0368098159509203,0.0998694785276072,0.1042944785276072
6573,2026-06-25,2026,tradable,0.08778,-0.08778,False,0.423728813559322,0.39534883720930236,0.5555555555555556,0.062114974088193026,2.61500780951552,2.0,2.0,-0.0591869047619046,-0.0547619047619046,0.0289083333333332,0.0333333333333332,0.095575,0.1,0.3265273809523809,0.3309523809523809
6574,2025-05-28,2025,tradable,0.2222799999999999,-0.2222799999999999,True,0.5776173285198558,0.5890909090909091,,,4.526651286882429,2.0,2.0,-0.0157315326633164,-0.0113065326633164,-0.0157315326633164,-0.0113065326633164,0.1890423366834172,0.1934673366834172,0.137534798994975,0.141959798994975
6574,2026-03-18,2026,tradable,0.1609799999999999,-0.1609799999999999,True,0.4029666254635351,0.49736147757255944,0.49736147757255944,0.038805748850223594,4.277369958761657,2.0,2.0,0.0651402173913043,0.0695652173913043,0.1781836956521739,0.1826086956521739,0.095575,0.1,-0.0522510869565216,-0.0478260869565216
6577,2023-06-12,2023,tradable,0.1738799999999999,-0.1738799999999999,True,0.49874055415617113,0.5006305170239598,0.6146540027137042,0.03955692832992927,3.909873569179769,2.0,2.0,0.0747416666666666,0.0791666666666666,0.0830749999999999,0.0874999999999999,0.0705749999999999,0.0749999999999999,0.0080749999999999,0.0124999999999999
6579,2023-07-19,2023,tradable,0.10488,-0.10488,True,0.39405204460966536,0.5120967741935485,0.46484375,0.049551273624539725,4.333143469017268,3.0,2.0,0.0116177807486631,0.0160427807486631,-0.020467780748663,-0.016042780748663,0.0624199197860963,0.0668449197860963,0.014291577540107,0.018716577540107
6584,2024-02-05,2024,tradable,0.15718,-0.15718,True,0.4948453608247423,0.5726681127982647,0.6801853997682503,0.04106049376756012,4.127446548812546,2.0,2.0,0.095575,0.1,0.2438508620689655,0.2482758620689655,0.188678448275862,0.193103448275862,0.3059198275862068,0.3103448275862068
6584,2025-06-11,2025,tradable,0.05208,-0.05208,False,0.26714801444043323,0.3928571428571428,0.3764705882352941,0.04410854980931027,1.9091831391012797,2.0,2.0,0.0390532608695651,0.0434782608695651,0.0100677536231884,0.0144927536231884,0.0100677536231884,0.0144927536231884,0.0100677536231884,0.0144927536231884
6584,2025-08-29,2025,tradable,0.0056799999999999,-0.0056799999999999,True,0.3078817733990147,0.26128266033254155,0.25531914893617014,0.04562125048131344,0.990088533342667,5.0,4.0,-0.0214704545454545,-0.0170454545454545,-0.0441977272727272,-0.0397727272727272,-0.0460916666666666,-0.0416666666666666,-0.0460916666666666,-0.0416666666666666
6584,2026-03-23,2026,tradable,0.03188,-0.03188,True,0.3120204603580563,0.5132743362831858,0.15280898876404492,0.05806598526310776,2.6632495018044366,2.0,2.0,0.0144429245283018,0.0188679245283018,0.0484051886792452,0.0528301886792452,0.1314240566037735,0.1358490566037735,0.2295372641509433,0.2339622641509433
6588,2025-12-03,2025,tradable,0.14078,-0.14078,False,0.40893470790377995,0.5101289134438307,0.4774774774774775,0.03902607727596693,11.5705225050395,2.0,2.0,-0.0501604758961681,-0.0457354758961681,-0.0600492274412854,-0.0556242274412854,-0.0402717243510507,-0.0358467243510507,0.22548847342398,0.22991347342398
6588,2026-02-02,2026,tradable,0.1325799999999999,-0.1325799999999999,True,0.4463157894736842,0.38787878787878793,0.3313953488372092,0.05138886313217265,5.913941254790446,2.0,2.0,-0.0492875180897249,-0.0448625180897249,0.0230713820549929,0.0274963820549929,0.1041133502170767,0.1085383502170767,0.5006401230101304,0.5050651230101304
6591,2025-05-16,2025,tradable,0.11978,-0.11978,True,0.46586345381526106,0.5287958115183247,0.6367713004484303,0.03953479607412577,8.257448084108505,4.0,4.0,-0.0205975067385445,-0.0161725067385445,0.0306154312668461,0.0350404312668461,0.0885669137466306,0.0929919137466306,0.0467879380053907,0.0512129380053907
6593,2023-10-26,2023,tradable,0.17478,-0.17478,True,0.4152202937249665,0.536231884057971,0.6307692307692307,0.043947599121163465,6.6023754565460555,2.0,2.0,-0.0135993119266054,-0.0091743119266054,0.0368594036697248,0.0412844036697248,0.1652997706422018,0.1697247706422018,0.2845658256880733,0.2889908256880733
6593,2025-05-29,2025,tradable,0.18508,-0.18508,True,0.38841201716738194,0.4873563218390806,0.4539325842696629,0.04639818164434512,6.893267030626752,4.0,4.0,0.1349980769230768,0.1394230769230768,0.1013442307692308,0.1057692307692308,0.0372416666666667,0.0416666666666667,0.0212160256410257,0.0256410256410257
6596,2025-05-13,2025,tradable,0.0518799999999999,-0.0518799999999999,True,0.33818589025755874,0.32336655592469543,0.4662576687116564,0.03983182862404615,1.4403100741205177,2.0,2.0,-0.0086091004184099,-0.0041841004184099,-0.0169773012552301,-0.0125523012552301,0.0206796025104602,0.0251046025104602,0.1378344142259414,0.1422594142259414
6597,2025-11-17,2025,tradable,0.0599799999999999,-0.0599799999999999,False,0.24363057324840764,0.3946428571428571,0.28032786885245886,,2.975774068788038,2.0,2.0,-0.1030165492957745,-0.0985915492957745,-0.1081381882202304,-0.1037131882202304,-0.1772803137003841,-0.1728553137003841,,
6598,2024-06-21,2024,tradable,0.25168,-0.25168,True,0.6038186157517902,0.6926952141057934,0.635036496350365,0.045210983316700454,9.555522724558166,3.0,3.0,-0.0822693113772454,-0.0778443113772454,-0.0762812874251497,-0.0718562874251497,-0.0882573353293412,-0.0838323353293412,-0.1062214071856286,-0.1017964071856286
6612,2023-02-01,2023,tradable,0.13288,-0.13288,True,0.42303433001107416,0.5670731707317074,0.5728274173806609,0.037074706102315676,3.1094935665647254,5.0,5.0,-0.0241878458498023,-0.0197628458498023,0.0074327075098813,0.0118577075098813,0.0192904150197629,0.0237154150197629,0.0271955533596838,0.0316205533596838
6613,2026-06-16,2026,tradable,0.1243799999999999,-0.1243799999999999,True,0.41176470588235303,0.3980582524271845,0.44869215291750497,0.043142006285072296,5.734753369308783,2.0,2.0,0.0127916427546629,0.0172166427546629,0.1146567790530847,0.1190817790530847,0.0257041248206598,0.0301291248206598,0.0472249282639886,0.0516499282639886
6617,2025-07-18,2025,tradable,0.0851799999999999,-0.0851799999999999,False,0.25555555555555554,0.3018433179723503,0.17708333333333326,0.04940857559280556,4.115526722246449,2.0,2.0,-0.0090121559633027,-0.0045871559633027,-0.0686451834862384,-0.0642201834862384,-0.0915809633027523,-0.0871559633027523,-0.0897461009174311,-0.0853211009174311
6617,2026-07-06,2026,tradable,0.2256799999999999,-0.2256799999999999,True,0.6009463722397477,0.5104166666666665,0.48826979472140764,0.048430546677375536,1.295188359950367,2.0,2.0,-0.004425,0.0,-0.0178779147982063,-0.0134529147982063,-0.0627209641255604,-0.0582959641255604,-0.0806581838565022,-0.0762331838565022
6620,2026-06-24,2026,tradable,0.08298,-0.08298,True,0.4030898876404494,0.4150141643059493,0.3722527472527475,0.04065791265324532,3.0186854436670645,2.0,2.0,-0.0357975490196078,-0.0313725490196078,-0.0818759803921569,-0.0774509803921569,-0.004425,0.0,0.0642024509803921,0.0686274509803921
6620,2026-09-07,2026,tradable,0.0513799999999999,-0.0513799999999999,True,0.21636167922497296,0.4907651715039578,0.43765903307888054,0.048506922735695276,5.612170120399555,2.0,2.0,0.0161511316872428,0.0205761316872428,0.0367272633744856,0.0411522633744856,0.040842489711934,0.045267489711934,0.1272622427983539,0.1316872427983539
6624,2025-12-01,2025,tradable,0.13718,-0.13718,True,0.40235910878112713,0.5155807365439096,0.5898959881129273,0.041674889417223235,2.819816342302981,2.0,2.0,0.0571692028985507,0.0615942028985507,0.1640532608695651,0.1684782608695652,,,0.1187634057971013,0.1231884057971013
6625,2023-06-08,2023,tradable,0.16788,-0.16788,False,0.4285714285714286,0.5072765072765073,0.738609112709832,0.05025080715216416,2.4506689663972283,3.0,3.0,-0.1004514900662252,-0.0960264900662252,-0.1136965231788079,-0.1092715231788079,-0.1335640728476821,-0.1291390728476821,-0.1600541390728477,-0.1556291390728477
6637,2025-06-16,2025,tradable,0.0615799999999999,-0.0615799999999999,False,0.3648648648648649,0.3648648648648649,0.3116883116883118,0.0388730371862563,4.347411925057551,2.0,2.0,-0.0204249999999999,-0.0159999999999999,-0.0854249999999999,-0.0809999999999999,0.1055750000000001,0.1100000000000001,-0.012425,-0.008
6640,2024-02-20,2024,tradable,0.0656799999999999,-0.0656799999999999,True,0.34615384615384626,0.4411764705882353,0.6013071895424837,0.043814552369962234,2.7223091351304047,2.0,2.0,-0.0314520270270269,-0.0270270270270269,0.101604106029106,0.106029106029106,0.2138702182952182,0.2182952182952182,0.498693503118503,0.503118503118503
6640,2024-03-22,2024,tradable,0.06828,-0.06828,True,0.36456558773424197,0.2634069400630914,0.6549586776859504,0.06610085955926118,2.239210965698816,3.0,2.0,0.0331219336670839,0.0375469336670839,-0.0282047246558197,-0.0237797246558197,-0.0419719336670838,-0.0375469336670838,0.0093422090112641,0.0137672090112641
6640,2025-06-17,2025,tradable,0.0633799999999999,-0.0633799999999999,False,0.20370370370370372,0.34328358208955234,0.46984924623115587,0.05104013144828701,1.7010925609181295,3.0,2.0,-0.036737925170068,-0.032312925170068,0.0448947278911565,0.0493197278911565,0.1979559523809523,0.2023809523809523,0.0976158163265305,0.1020408163265305
6642,2026-05-22,2026,tradable,0.0899799999999999,-0.0899799999999999,False,0.2679083094555874,0.37422360248447184,0.5418118466898956,0.047783489385488945,2.4722445565940636,4.0,4.0,-0.0121173076923077,-0.0076923076923077,-0.0857436813186813,-0.0813186813186813,-0.0066228021978021,-0.0021978021978021,-0.0670623626373626,-0.0626373626373626
6643,2023-05-29,2023,tradable,0.0381799999999999,-0.0381799999999999,True,0.3359497645211931,0.40197693574958815,0.5250896057347669,0.03419168118527125,1.8230393823913407,5.0,5.0,0.0203683884297519,0.0247933884297519,0.0368973140495868,0.0413223140495868,0.0073813754427391,0.0118063754427391,0.0227296635182999,0.0271546635182999
6654,2025-11-04,2025,tradable,0.0503799999999999,-0.0503799999999999,False,0.3186344238975818,0.4174311926605503,0.3019662921348314,0.036319337827635606,5.281604723194691,2.0,2.0,0.0175530219780219,0.0219780219780219,-0.0231063186813187,-0.0186813186813187,-0.0549744505494504,-0.0505494505494504,-0.1307986263736263,-0.1263736263736263
6654,2026-05-29,2026,tradable,0.22858,-0.22858,True,0.6024973985431843,0.6159496327387199,0.7130144605116795,0.04623844027876473,1.2969688694702348,3.0,3.0,-0.004425,0.0,-0.0221764792899408,-0.0177514792899408,0.0074093195266272,0.0118343195266272,0.0103678994082839,0.0147928994082839
6654,2026-06-18,2026,tradable,0.0323799999999999,-0.0323799999999999,False,0.29552238805970155,0.28023598820059004,1.2371134020618557,0.05472920158259702,2.906599723408326,2.0,2.0,-0.0275731481481481,-0.0231481481481481,-0.1132212962962962,-0.1087962962962962,-0.1479435185185185,-0.1435185185185185,-0.078499074074074,-0.074074074074074
6654,2026-09-04,2026,tradable,0.0236799999999999,-0.0236799999999999,False,0.24362606232294626,0.3303030303030303,0.22625698324022347,0.044932154961023235,2.5301622357721802,2.0,2.0,-0.0249261389521639,-0.0205011389521639,-0.065928416856492,-0.061503416856492,-0.0887074601366742,-0.0842824601366742,-0.1046527904328018,-0.1002277904328018
6658,2024-07-03,2024,tradable,0.13608,-0.13608,True,0.4770833333333335,0.4910620399579393,0.635524798154556,0.049023116522667526,1.7722212790751346,2.0,2.0,0.0085789011703511,0.0130039011703511,-0.0486382639791937,-0.0442132639791937,-0.0590413849154747,-0.0546163849154747,-0.0096265604681404,-0.0052015604681404
6658,2025-05-16,2025,tradable,0.05188,-0.05188,False,0.24885496183206102,0.3193548387096774,0.48998178506375223,0.05415950887605295,5.343419422698036,3.0,2.0,-0.0212924698795181,-0.0168674698795181,-0.0104490963855421,-0.0060240963855421,-0.0453888554216867,-0.0409638554216867,-0.051412951807229,-0.046987951807229
6658,2026-04-27,2026,tradable,0.15848,-0.15848,True,0.5,0.4691656590084643,0.7583212735166427,0.047234163462149835,0.990681594796483,2.0,2.0,-0.004425,0.0,0.1154251872659176,0.1198501872659176,0.1716049625468164,0.1760299625468164,0.4487585205992509,0.4531835205992509
6661,2024-07-02,2024,tradable,0.16298,-0.16298,True,0.4936170212765958,0.5096774193548388,0.4841437632135308,0.04145863120931896,6.2744912409225835,3.0,3.0,-0.078499074074074,-0.074074074074074,-0.0642540598290598,-0.0598290598290598,-0.0371885327635327,-0.0327635327635327,-0.1539976495726496,-0.1495726495726496
6668,2023-12-13,2023,tradable,0.05048,-0.05048,False,0.368421052631579,0.34366925064599463,0.4207650273224044,0.038748555413601296,7.800230522953527,2.0,2.0,-0.0519535171102661,-0.0475285171102661,-0.1270485741444867,-0.1226235741444867,-0.1650713878326997,-0.1606463878326997,-0.1127900190114069,-0.1083650190114069
6674,2025-05-05,2025,tradable,0.04348,-0.04348,False,0.34195402298850586,0.3342857142857143,0.11190476190476195,0.06012984052262994,4.25289475465703,2.0,2.0,-0.0001423447537475,0.0042826552462524,-0.0258382762312634,-0.0214132762312634,0.0084229657387579,0.0128479657387579,-0.0815127944325482,-0.0770877944325482
6683,2026-02-02,2026,tradable,0.11008,-0.11008,True,0.36717062634989195,0.4402730375426622,0.5289855072463767,0.045134489175754744,1.9468028530693293,3.0,2.0,-9.599567099570668e-05,0.0043290043290042,0.0056760101010101,0.0101010101010101,0.0330930375180375,0.0375180375180375,0.2004812049062049,0.2049062049062049
6683,2026-03-12,2026,tradable,0.2233799999999999,-0.2233799999999999,True,0.4363636363636363,0.41916167664670656,0.872037914691943,0.06790271925768662,0.38699288549584226,3.0,2.0,-0.0705407024793388,-0.0661157024793388,-0.0457473140495867,-0.0413223140495867,-0.0374828512396694,-0.0330578512396694,0.0368973140495868,0.0413223140495868
6683,2026-05-05,2026,tradable,0.1033799999999999,-0.1033799999999999,True,0.5,0.3255813953488371,0.7689655172413794,0.05438278910503105,1.1660908190385328,4.0,2.0,-0.0147555785123967,-0.0103305785123967,-0.0912018595041322,-0.0867768595041322,-0.0250861570247934,-0.0206611570247934,-0.3350035123966942,-0.3305785123966942
6683,2026-09-21,2026,tradable,0.0149799999999999,-0.0149799999999999,False,0.25468164794007486,0.1879432624113475,0.536697247706422,0.05219965870983081,1.7356309872225457,4.0,4.0,-0.037859650455927,-0.033434650455927,-0.0804128419452887,-0.0759878419452887,-0.037859650455927,-0.033434650455927,-0.126005547112462,-0.121580547112462
6692,2024-07-19,2024,tradable,0.1930799999999999,-0.1930799999999999,True,0.5342105263157895,0.5064599483204133,0.9498327759197325,0.056708463141717264,2.1119239634635583,2.0,2.0,-0.0367874595469255,-0.0323624595469255,-0.1549104368932038,-0.1504854368932038,-0.2277259708737864,-0.2233009708737864,-0.3830657766990291,-0.378640776699029
6693,2026-06-22,2026,tradable,0.1888799999999999,-0.1888799999999999,True,0.39940828402366857,0.49683544303797467,0.6198630136986301,0.0555910960231101,0.5877561146265479,2.0,2.0,-0.0430428861788617,-0.0386178861788617,-0.012555081300813,-0.008130081300813,-0.1101160569105691,-0.1056910569105691,0.1195587398373984,0.1239837398373984
6695,2024-05-31,2024,tradable,0.12508,-0.12508,True,0.48073022312373226,0.43700787401574814,0.3851992409867171,0.04403607063616562,10.405049548563067,3.0,3.0,-0.0165871621621622,-0.0121621621621622,-0.1152358108108109,-0.1108108108108109,-0.1179385135135135,-0.1135135135135135,-0.0179385135135134,-0.0135135135135134
6697,2023-05-22,2023,tradable,0.1400799999999999,-0.1400799999999999,True,0.4914841849148417,0.38374717832957117,0.5558375634517767,0.048812895330771315,3.505046058078932,2.0,2.0,0.073975,0.0784,0.0995750000000001,0.104,0.083575,0.088,0.105975,0.1104
6698,2024-07-04,2024,tradable,0.08018,-0.08018,True,0.44072164948453607,0.5273224043715845,0.482758620689655,0.04843988124478375,5.005667842178659,4.0,4.0,-0.0243887023593466,-0.0199637023593466,-0.0534268148820327,-0.0490018148820327,-0.1015211887477314,-0.0970961887477314,-0.136003947368421,-0.131578947368421
6703,2023-07-13,2023,tradable,0.0044799999999999,-0.0044799999999999,True,0.2857142857142858,0.26315789473684204,0.352112676056338,0.03667475966252288,2.746520354322804,2.0,2.0,0.0721056122448978,0.0765306122448978,0.0329899659863944,0.0374149659863944,0.0533981292517006,0.0578231292517006,0.0533981292517006,0.0578231292517006
6703,2023-09-11,2023,tradable,-0.02412,0.02412,False,0.2544642857142858,0.3069767441860465,0.14460285132382888,0.041519606908634814,3.4355160754347964,2.0,2.0,-0.0450610424028268,-0.0406360424028268,-0.0521281802120141,-0.0477031802120141,-0.0538949646643109,-0.0494699646643109,-0.1280999116607774,-0.1236749116607773
6706,2024-05-23,2024,tradable,0.11308,-0.11308,False,0.32638888888888906,0.4580152671755726,0.5128712871287129,0.040603674034961075,5.335977203558955,4.0,4.0,-0.0083517015706807,-0.0039267015706807,-0.0083517015706807,-0.0039267015706807,-0.0476187172774871,-0.0431937172774871,-0.0489276178010471,-0.0445026178010471
6706,2024-06-18,2024,tradable,0.13758,-0.13758,False,0.35985748218527314,0.5880721220527048,0.6739766081871343,0.04297737304786677,1.9639927204859333,2.0,2.0,-0.0428865384615384,-0.0384615384615384,-0.0300660256410256,-0.0256410256410256,-0.0856215811965812,-0.0811965811965812,-0.0728010683760683,-0.0683760683760683
6706,2026-05-06,2026,tradable,0.06128,-0.06128,False,0.25373134328358216,0.13131313131313127,0.4482758620689655,0.06162486787005045,1.5773391490055333,4.0,3.0,0.0531507575757576,0.0575757575757576,0.0167871212121212,0.0212121212121212,-0.0104856060606061,-0.0060606060606061,-0.0316977272727272,-0.0272727272727272
6708,2024-11-07,2024,tradable,0.0656799999999999,-0.0656799999999999,False,0.3854447439353099,0.3526315789473684,0.3112244897959182,0.04056276180797374,2.139246984877853,3.0,3.0,-0.1038621482176359,-0.0994371482176359,-0.1704662757973732,-0.1660412757973732,-0.2070516416510318,-0.2026266416510318,-0.1320047373358348,-0.1275797373358348
6715,2026-03-11,2026,tradable,0.14718,-0.14718,True,0.6022727272727273,0.6987951807228916,1.1526717557251906,0.055037537096970325,0.2803035942995245,4.0,3.0,-0.0011246699669967,0.0033003300330032,0.0153769801980198,0.0198019801980198,0.0846839108910891,0.0891089108910891,0.0005254950495049,0.0049504950495049
6715,2026-04-13,2026,tradable,-0.0292199999999999,0.0292199999999999,False,0.33333333333333326,0.2919254658385093,0.368421052631579,0.07121644558237021,2.631358500110849,3.0,3.0,-0.0951226744186046,-0.0906976744186046,-0.0288436046511627,-0.0244186046511627,0.0851098837209302,0.0895348837209302,-0.118378488372093,-0.113953488372093
6715,2026-06-23,2026,tradable,0.11148,-0.11148,True,0.44783715012722647,0.35154394299287417,0.23830250272034825,0.06380265428860078,3.367408761542052,5.0,2.0,-0.0750771739130434,-0.0706521739130434,-0.1801496376811594,-0.1757246376811594,-0.2154757246376811,-0.2110507246376811,-0.1855844202898551,-0.1811594202898551
6715,2026-09-21,2026,tradable,0.07208,-0.07208,True,0.3049132947976878,0.331858407079646,0.11895910780669139,0.06515723467044932,2.7038608359090537,2.0,2.0,-0.004425,0.0,0.0332272702104098,0.0376522702104098,-0.0254659745293466,-0.0210409745293466,0.0697721207087486,0.0741971207087486
6716,2023-11-27,2023,tradable,0.23278,-0.23278,True,0.6052934407364785,0.5924657534246576,0.6164542294322133,0.04473354608268987,4.447673806641756,2.0,2.0,-0.0436406862745097,-0.0392156862745097,-0.0403727124183006,-0.0359477124183006,-0.0893923202614379,-0.0849673202614379,-0.0011570261437908,0.0032679738562091
6716,2026-02-24,2026,tradable,0.13788,-0.13788,True,0.5311418685121108,0.5831842576028623,0.8789808917197452,0.05326775305832195,2.6423889557727582,3.0,2.0,0.0350338500563697,0.0394588500563697,0.1026775930101465,0.1071025930101465,0.0091037485907553,0.0135287485907553,-0.1645151916572717,-0.1600901916572716
6716,2026-08-13,2026,tradable,0.0997799999999999,-0.0997799999999999,True,0.35057471264367823,0.6643059490084988,0.3187429854096522,0.054598050699462025,4.21387525979575,4.0,4.0,0.0466388297872341,0.0510638297872341,0.1657877659574468,0.1702127659574468,0.1274898936170213,0.1319148936170213,0.0806813829787233,0.0851063829787233
6725,2026-03-25,2026,tradable,-0.01532,0.01532,False,0.2250000000000001,0.21739130434782616,0.17131474103585664,0.055100587559982435,6.359499816042599,2.0,2.0,-0.0707515306122449,-0.0663265306122449,-0.1268739795918367,-0.1224489795918367,-0.1472821428571429,-0.1428571428571429,0.1554389455782313,0.1598639455782313
6725,2026-04-13,2026,tradable,0.05868,-0.05868,False,0.30343511450381677,0.24408014571948988,0.5077262693156732,0.051700541113737654,2.701032922913816,2.0,2.0,-0.0321217930029155,-0.0276967930029155,0.0903271865889213,0.0947521865889213,0.1879948250728863,0.1924198250728863,0.0116099854227406,0.0160349854227406
6725,2026-04-16,2026,tradable,0.0439799999999999,-0.0439799999999999,False,0.21129032258064506,0.5141129032258065,0.60813704496788,0.05347984549465202,2.5118820250132963,4.0,2.0,0.0495561066126856,0.0539811066126856,0.0414589406207827,0.0458839406207827,-0.0408622469635627,-0.0364372469635627,-0.0489594129554655,-0.0445344129554655
6727,2025-08-07,2025,tradable,0.1470799999999999,-0.1470799999999999,True,0.42480211081794206,0.4896551724137932,0.5561959654178672,0.03823856834851703,4.516126737001366,2.0,2.0,-0.004425,0.0,0.1516931434599157,0.1561181434599157,0.3921994725738397,0.3966244725738397,0.506123523206751,0.510548523206751
6727,2026-03-16,2026,tradable,0.11578,-0.11578,True,0.5683060109289617,0.30751708428246016,0.5900277008310248,0.057729206422684906,0.5663545422153429,2.0,2.0,0.0147054347826086,0.0191304347826086,0.0373141304347825,0.0417391304347825,-0.044425,-0.04,0.1364445652173912,0.1408695652173912
6727,2026-04-02,2026,tradable,0.0151799999999999,-0.0151799999999999,True,0.2762923351158646,0.1953255425709517,0.7766749379652604,0.07230288338875253,2.366129238902825,2.0,2.0,-0.0703011528326745,-0.0658761528326745,0.0403707839262187,0.0447957839262187,-0.0110126152832674,-0.0065876152832674,0.1418200592885375,0.1462450592885376
6727,2026-05-13,2026,tradable,0.02798,-0.02798,False,0.2829736211031175,0.3717948717948718,0.4078947368421053,0.059235538388436704,1.9878579177284719,4.0,4.0,-0.0270665094339622,-0.0226415094339622,-0.025179716981132,-0.020754716981132,-0.0676325471698113,-0.0632075471698113,0.1823674528301887,0.1867924528301887
6732,2023-02-24,2023,tradable,-0.02362,0.02362,False,0.24310344827586206,0.22827938671209536,0.5210970464135021,0.043660802896785346,2.6916632766476076,2.0,2.0,-0.0100588028169014,-0.0056338028169014,-0.0241433098591549,-0.0197183098591549,0.0462792253521126,0.0507042253521126,-0.0128757042253521,-0.0084507042253521
6732,2025-09-10,2025,tradable,0.0977799999999999,-0.0977799999999999,False,0.2745591939546599,0.3457446808510638,0.4094707520891365,0.04338112552558294,7.121429257806827,2.0,2.0,-0.0460091584158416,-0.0415841584158416,0.0114165841584158,0.0158415841584158,-0.0281873762376237,-0.0237623762376237,-0.0776923267326732,-0.0732673267326732
6733,2023-03-27,2023,tradable,0.0690799999999999,-0.0690799999999999,False,0.26666666666666683,0.33855185909980445,0.22580645161290347,0.044769212161417646,3.1693658206361115,2.0,2.0,-0.0338367647058823,-0.0294117647058823,-0.0411897058823529,-0.0367647058823529,-0.0235426470588234,-0.0191176470588234,0.0029279411764705,0.0073529411764705
6733,2025-08-19,2025,tradable,0.10108,-0.10108,True,0.40199335548172765,0.3701298701298701,0.4627383015597921,0.038371446155116284,8.283399310618842,2.0,2.0,-0.0352306872037916,-0.0308056872037916,-0.0482638625592417,-0.0438388625592417,0.0086081753554502,0.0130331753554502,0.084437559241706,0.088862559241706
6735,2024-02-19,2024,tradable,0.0503799999999999,-0.0503799999999999,False,0.34238310708898956,0.3841368584758944,0.41045958795562587,0.04666301669429582,2.3402391476099975,2.0,2.0,-0.0578771158129175,-0.0534521158129175,0.0991384743875277,0.1035634743875277,0.037891258351893,0.042316258351893,0.1425683184855234,0.1469933184855234
6735,2025-09-02,2025,tradable,0.19078,-0.19078,True,0.5131004366812228,0.5678733031674206,0.4887218045112782,0.04430116142238645,8.719308474893797,2.0,2.0,0.0201414739884392,0.0245664739884392,0.1155171965317919,0.1199421965317919,0.1371934971098264,0.1416184971098264,0.1776559248554913,0.1820809248554913
6739,2025-02-12,2025,tradable,0.0438799999999999,-0.0438799999999999,True,0.34158415841584167,0.355,0.2997601918465227,0.037067162829074726,5.922673526701576,2.0,2.0,-0.0316482304900181,-0.0272232304900181,0.1407655626134302,0.1451905626134302,0.157099500907441,0.161524500907441,0.1734334392014519,0.1778584392014519
6739,2025-05-05,2025,tradable,0.00258,-0.00258,False,0.24378109452736307,0.22850122850122845,0.14678899082568808,0.07065832710256163,4.335736072777291,2.0,2.0,0.021575,0.026,0.1655749999999999,0.1699999999999999,0.1515749999999999,0.1559999999999999,0.005575,0.01
6739,2025-06-24,2025,tradable,0.1119799999999999,-0.1119799999999999,True,0.36630036630036633,0.45703125,0.47430830039525684,0.04133008917466218,3.6799474413435567,2.0,2.0,0.0235377163781623,0.0279627163781623,-0.0217352529960053,-0.0173102529960053,-0.0337192743009321,-0.0292942743009321,0.0288639480692411,0.0332889480692411
6739,2025-08-26,2025,tradable,-0.01852,0.01852,False,0.2106299212598426,0.2349397590361446,0.45734597156398094,0.04120780967487111,1.5827386858196164,3.0,3.0,-0.0385713414634146,-0.0341463414634146,-0.0141810975609756,-0.0097560975609756,-0.0418233739837397,-0.0373983739837398,0.0963880081300813,0.1008130081300813
6739,2026-01-30,2026,tradable,0.06738,-0.06738,True,0.3323983169705469,0.32496513249651326,0.19798234552332916,0.037611164328421515,3.4186979193028457,3.0,3.0,-0.0506118958109559,-0.0461868958109559,-0.0538342373791621,-0.0494092373791621,-0.0839094253490869,-0.0794844253490869,0.0492806928034371,0.0537056928034371
6742,2026-05-21,2026,tradable,0.20838,-0.20838,True,0.45347467608951697,0.5881595881595882,0.4054669703872438,0.04813912613825368,5.3011472234239685,3.0,3.0,0.0037717213114753,0.0081967213114753,-0.027375819672131,-0.022950819672131,-0.0699987704918032,-0.0655737704918032,0.038197950819672,0.042622950819672
6747,2025-06-09,2025,tradable,0.01438,-0.01438,False,0.3016949152542372,0.29729729729729737,0.3913043478260869,0.03234324282124202,7.663125948406677,2.0,2.0,-0.004425,0.0,-0.004425,0.0,-0.004425,0.0,-0.0018275974025975,0.0025974025974024
6751,2023-03-02,2023,tradable,0.11478,-0.11478,True,0.39880952380952395,0.48109243697478976,0.5161290322580645,0.037502768862798755,5.907933132978006,2.0,2.0,0.0500162607449855,0.0544412607449855,0.1445721346704872,0.1489971346704872,0.0929962034383954,0.0974212034383954,-0.0402416189111748,-0.0358166189111748
6751,2023-03-22,2023,tradable,0.13848,-0.13848,True,0.31486486486486487,0.20271940667490718,0.9696356275303644,0.06748138520740939,2.0231963911574185,2.0,2.0,0.0426954188481675,0.0471204188481675,-0.0389799738219894,-0.0345549738219894,-0.0148962041884816,-0.0104712041884816,0.0207058900523561,0.0251308900523561
6752,2023-02-15,2023,tradable,0.0709799999999999,-0.0709799999999999,False,0.2617187500000002,0.38428571428571434,0.5654281098546043,0.04607328685398586,2.216430586010897,2.0,2.0,-0.0085529669762642,-0.0041279669762642,0.0378866615067078,0.0423116615067078,0.1462457946336429,0.1506707946336429,0.6261219556243548,0.6305469556243548
6752,2023-03-03,2023,tradable,0.1915799999999999,-0.1915799999999999,True,0.4170403587443947,0.6305469556243548,1.2571428571428571,0.04509500530358841,1.6013294854577784,3.0,2.0,-0.026096826625387,-0.021671826625387,-0.0230008513931888,-0.0185758513931888,-0.1375519349845201,-0.1331269349845201,-0.1344559597523219,-0.1300309597523219
6753,2023-04-07,2023,tradable,0.08048,-0.08048,False,0.28773584905660377,0.5671641791044777,,,,2.0,2.0,-0.030255258302583,-0.025830258302583,-0.000734963099631,0.0036900369003689,0.0140251845018449,0.0184501845018449,-0.052395479704797,-0.047970479704797
6753,2024-03-22,2024,tradable,0.04788,-0.04788,True,0.36363636363636376,0.3568773234200744,0.37046307884856056,0.040790080749946674,4.293803376502802,3.0,3.0,0.091465410958904,0.095890410958904,0.0960316210045663,0.1004566210045663,0.0732005707762556,0.0776255707762556,0.2558489726027396,0.2602739726027396
6754,2024-08-14,2024,tradable,0.04648,-0.04648,True,0.32258064516129026,0.3057324840764333,0.3036565977742449,0.03958762063687276,3.7008395599612562,2.0,2.0,0.0280659747292418,0.0324909747292418,0.0665737966305656,0.0709987966305656,0.0376929302045728,0.0421179302045728,0.0388962996389893,0.0433212996389893
6763,2024-10-18,2024,tradable,0.2191799999999999,-0.2191799999999999,True,0.5705812574139977,0.5200918484500576,0.38784067085953877,0.046544068111751415,7.355986806879729,3.0,3.0,0.0614607979502196,0.0658857979502196,0.2840083821376281,0.2884333821376281,0.2166584553440703,0.2210834553440703,0.2064095534407027,0.2108345534407028
6770,2025-02-03,2025,tradable,0.10428,-0.10428,False,0.4325259515570934,0.4475524475524475,0.24698795180722866,0.04543759788327783,7.012368488954965,2.0,2.0,-0.0834373456790123,-0.0790123456790123,-0.1007212962962962,-0.0962962962962962,-0.1723262345679012,-0.1679012345679011,-0.0933138888888889,-0.0888888888888889
6770,2026-05-29,2026,tradable,0.13988,-0.13988,True,0.3902821316614422,0.41242038216560517,0.7090558766859345,0.0445860212873017,2.925141882715098,2.0,2.0,-0.0709486051502146,-0.0665236051502146,-0.096699678111588,-0.092274678111588,-0.2039958154506438,-0.1995708154506438,-0.283394957081545,-0.278969957081545
6781,2024-11-11,2024,tradable,0.09578,-0.09578,True,0.45129224652087485,0.3984674329501916,0.3721804511278195,0.04300942597292315,5.513845790325733,2.0,2.0,-0.0179751355013549,-0.0135501355013549,0.0104801490514904,0.0149051490514904,0.0795858401084009,0.0840108401084009,0.1161712059620595,0.1205962059620595
6781,2024-12-05,2024,tradable,-0.0164199999999999,0.0164199999999999,True,0.2875000000000001,0.2146226415094339,0.6968698517298189,0.04387636073458823,1.4643841552013492,3.0,2.0,-0.0236557692307692,-0.0192307692307692,-0.0880788461538461,-0.0836538461538461,-0.1082711538461538,-0.1038461538461538,-0.0717326923076922,-0.0673076923076922
6785,2024-02-19,2024,tradable,0.1536799999999999,-0.1536799999999999,True,0.3377703826955074,0.8148984198645599,,,,2.0,2.0,0.1260097826086955,0.1304347826086955,0.0543985294117647,0.0588235294117647,0.0006900895140665,0.0051150895140665,0.0518409846547315,0.0562659846547315
6785,2025-10-03,2025,tradable,0.02148,-0.02148,True,0.29655172413793096,0.3689320388349515,0.28473804100227795,0.04084720405886473,2.149946830855191,2.0,2.0,-0.0277643177737881,-0.0233393177737881,0.0117329892280072,0.0161579892280072,-0.0331503141831238,-0.0287253141831238,0.0548209605026929,0.0592459605026929
6788,2025-12-19,2025,tradable,0.0220799999999999,-0.0220799999999999,True,0.305050505050505,0.4355555555555555,0.5417661097852029,0.02997966981739642,3.3421185624363083,3.0,2.0,0.0504339341692788,0.0548589341692788,0.0849166927899686,0.0893416927899686,0.1178320532915361,0.1222570532915361,0.2463586990595611,0.2507836990595611
6789,2026-04-21,2026,tradable,0.04038,-0.04038,False,0.23832923832923836,0.5089820359281436,0.4482758620689655,0.05053605628549014,1.553860079814123,3.0,2.0,-0.0214932730923694,-0.0170682730923694,0.1321211847389557,0.1365461847389557,0.1240890562248996,0.1285140562248996,0.1200729919678714,0.1244979919678714
6789,2026-04-27,2026,tradable,-0.0088199999999999,0.0088199999999999,False,0.17758985200845667,0.5054054054054054,0.7138461538461538,0.048479290027727946,2.4221912475270013,5.0,2.0,0.0324753690036899,0.0369003690036899,0.0583056273062731,0.0627306273062731,0.1099661439114391,0.1143911439114391,0.0915159594095941,0.0959409594095941
6791,2023-02-23,2023,tradable,0.1545799999999999,-0.1545799999999999,True,0.5028462998102468,0.6113936927772128,0.6621196222455406,0.04015469940179393,2.4610265515040752,2.0,2.0,-0.0859404994259471,-0.0815154994259471,-0.0009806831228472,0.0034443168771527,-0.0055731056257175,-0.0011481056257175,-0.0870886050516645,-0.0826636050516645
6791,2023-04-21,2023,tradable,0.13588,-0.13588,True,0.3203684749232343,0.5430622009569379,0.575091575091575,0.0610195081849549,1.5910111740754012,4.0,4.0,0.0511305555555555,0.0555555555555555,-0.0599805555555555,-0.0555555555555555,0.0233527777777776,0.0277777777777776,0.0590670634920634,0.0634920634920634
6791,2024-10-25,2024,tradable,0.16668,-0.16668,True,0.49777282850779514,0.4747807017543859,0.4763995609220637,0.04258677847746177,4.836839035102769,2.0,2.0,-0.004425,0.0,-0.0417131355932203,-0.0372881355932203,0.0464224576271187,0.0508474576271187,0.0396427966101694,0.0440677966101694
6791,2026-04-17,2026,tradable,0.09328,-0.09328,True,0.3500000000000001,0.3874614594039054,0.3300492610837438,0.036726132255768616,10.125038152277295,2.0,2.0,-0.0080351083032491,-0.0036101083032491,0.0027952166064982,0.0072202166064982,-0.1018979241877256,-0.0974729241877256,-0.0946777075812273,-0.0902527075812273
6805,2024-02-15,2024,tradable,0.13898,-0.13898,True,0.4541910331384016,0.5193482688391038,0.7070938215102975,0.04362214486070971,1.3173354965273938,3.0,3.0,-0.019431821282401,-0.015006821282401,-0.0740020804911323,-0.0695770804911323,-0.0508097203274215,-0.0463847203274215,0.0255886425648021,0.0300136425648021
6805,2025-05-15,2025,tradable,0.00728,-0.00728,False,0.2709677419354839,0.28898582333696843,0.3856975381008205,0.048957569323130785,0.9877123900416311,2.0,2.0,-0.0162693316412859,-0.0118443316412859,-0.0095011421319797,-0.0050761421319797,0.0158795685279188,0.0203045685279188,-0.0179613790186124,-0.0135363790186124
6805,2026-08-31,2026,tradable,0.00018,-0.00018,True,0.3479532163742689,0.19740259740259747,0.5680272108843538,0.05403633045642953,1.1978361720943553,2.0,2.0,-0.0131017895878524,-0.0086767895878524,-0.0955312906724512,-0.0911062906724512,-0.021778579175705,-0.017353579175705,-0.0651625271149674,-0.0607375271149674
6811,2023-03-06,2023,tradable,0.0706799999999999,-0.0706799999999999,True,0.38110749185667747,0.4086378737541527,0.45704467353951883,0.04165023803791484,3.5661226055723216,2.0,2.0,-0.0068288461538461,-0.0024038461538461,0.0075942307692308,0.0120192307692308,-0.0332711538461538,-0.0288461538461538,0.0051903846153845,0.0096153846153845
6811,2023-07-24,2023,tradable,0.14358,-0.14358,True,0.42352941176470593,0.3802281368821292,0.5748373101952278,0.05199493436026451,3.4745209398493304,2.0,2.0,0.0685479729729729,0.0729729729729729,0.0226020270270269,0.0270270270270269,-0.004425,0.0,-0.181452027027027,-0.177027027027027
6811,2024-12-10,2024,tradable,-0.01022,0.01022,False,0.25667351129363447,0.23886639676113353,0.2644628099173554,0.032020487024142855,2.6565987749315916,2.0,2.0,-0.0109609477124182,-0.0065359477124182,-0.0730524509803921,-0.0686274509803921,-0.1220720588235294,-0.1176470588235294,-0.0599805555555555,-0.0555555555555555
6821,2026-03-27,2026,tradable,0.1793799999999999,-0.1793799999999999,True,0.5252387448840383,0.5252387448840383,0.5210884353741496,0.04156104287032414,12.614908933353187,2.0,2.0,0.0752210176991149,0.0796460176991149,0.0398227876106195,0.0442477876106195,-0.084071017699115,-0.079646017699115,0.2522121681415928,0.2566371681415929
6821,2026-05-27,2026,tradable,0.1034799999999999,-0.1034799999999999,True,0.3826923076923079,0.46138211382113825,0.3314814814814815,0.04199518272100397,6.313314780537498,2.0,2.0,0.0285735652797704,0.0329985652797704,-0.0144680416068867,-0.0100430416068867,-0.0087291606886656,-0.0043041606886656,-0.0718568507890961,-0.0674318507890961
6829,2023-04-11,2023,tradable,0.0971799999999999,-0.0971799999999999,False,0.30090497737556543,0.3497652582159625,0.4093137254901962,0.039631073951725326,3.538577303974781,2.0,2.0,-0.0506434873949579,-0.0462184873949579,0.0459951680672269,0.0504201680672269,0.1510371848739494,0.1554621848739494,0.2728859243697478,0.2773109243697478
6829,2026-04-16,2026,tradable,0.1748799999999999,-0.1748799999999999,True,0.4189723320158103,0.5276595744680852,0.5474137931034482,0.04524519950069021,3.326185900640161,2.0,2.0,0.0575696091644205,0.0619946091644205,0.2785938679245282,0.2830188679245282,0.2651167789757412,0.2695417789757413,0.3190251347708895,0.3234501347708896
6830,2026-03-03,2026,tradable,0.08598,-0.08598,True,0.3708609271523178,0.36483516483516487,0.7394957983193278,0.05550266008144092,2.018846802893853,3.0,2.0,0.0922416666666666,0.0966666666666666,0.3205749999999999,0.3249999999999999,0.2522416666666666,0.2566666666666666,0.2339083333333332,0.2383333333333332
6830,2026-04-07,2026,tradable,-0.0256199999999999,0.0256199999999999,True,0.38550057537399307,0.33777777777777773,0.5144654088050316,0.06333153266252188,1.516013818600822,4.0,2.0,0.02995,0.034375,0.089325,0.09375,0.245575,0.25,0.3643249999999999,0.3687499999999999
6830,2026-05-06,2026,tradable,0.04108,-0.04108,False,0.22625698324022347,0.0022831050228311334,0.4584717607973421,0.07475043879918593,2.2334460839061485,4.0,2.0,0.0298945266272189,0.0343195266272189,-0.1121173076923076,-0.1076923076923076,-0.1215847633136094,-0.1171597633136094,-0.1949575443786982,-0.1905325443786982
6831,2026-05-13,2026,tradable,0.01348,-0.01348,True,0.22638146167557927,0.44842105263157905,0.5170893054024255,0.05520738049888111,1.4482605618855404,3.0,3.0,-0.019431821282401,-0.015006821282401,-0.0057892564802183,-0.0013642564802183,-0.0221603342428376,-0.0177353342428376,0.1142653137789905,0.1186903137789905
6831,2026-08-07,2026,tradable,0.02428,-0.02428,False,0.21333333333333337,-0.06047197640117996,-0.1854219948849105,0.07573589468140582,1.9534520475810242,3.0,2.0,-0.0564923813169985,-0.0520673813169985,0.0338598392036754,0.0382848392036754,0.0415168070444104,0.0459418070444104,-0.1254050918836141,-0.1209800918836141
6834,2024-06-18,2024,tradable,0.0890799999999999,-0.0890799999999999,False,0.2942743009320907,0.5211267605633803,0.5502392344497606,0.04683034153013441,2.5476512259384156,3.0,2.0,-0.1398004940711462,-0.1353754940711462,-0.0647016798418973,-0.0602766798418973,-0.0627253952569171,-0.0583003952569171,-0.0913815217391303,-0.0869565217391303
6834,2026-05-21,2026,tradable,0.15278,-0.15278,True,0.38031088082901543,0.5222857142857142,0.7689243027888446,0.05796552995299857,0.3197552010155831,3.0,2.0,-0.0413102459016393,-0.0368852459016393,0.1144274590163935,0.1188524590163935,-0.0413102459016393,-0.0368852459016393,-0.0208184426229508,-0.0163934426229508
6834,2026-06-22,2026,tradable,0.12038,-0.12038,False,0.32580261593341264,0.5928571428571427,0.5815602836879432,0.07384119343615737,2.385124244880403,3.0,2.0,-0.0088892857142856,-0.0044642857142856,0.1161107142857141,0.1205357142857141,-0.0312107142857143,-0.0267857142857143,0.1384321428571427,0.1428571428571428
6854,2024-10-17,2024,tradable,0.10408,-0.10408,True,0.3162790697674418,0.4617768595041323,0.8048469387755102,0.04375407752121433,2.3163530904069725,3.0,2.0,0.0450449646643108,0.0494699646643108,0.1828541519434628,0.1872791519434629,0.0591792402826855,0.0636042402826855,0.0627128091872791,0.0671378091872791
6861,2026-02-26,2026,tradable,0.18238,-0.18238,True,0.5988779803646564,0.8240000000000001,0.6964285714285714,0.054606770146984535,0.42349006889595514,4.0,3.0,-0.004425,0.0,0.1515749999999999,0.1559999999999999,0.1995749999999999,0.2039999999999999,0.3755749999999999,0.3799999999999999
6861,2026-04-22,2026,tradable,0.12608,-0.12608,True,0.41584158415841577,0.6436781609195403,0.5266903914590748,0.05440262424354656,0.3372463197569032,3.0,3.0,-0.004425,0.0,0.133579246284501,0.138004246284501,0.2673372080679405,0.2717622080679405,0.7153202229299364,0.7197452229299364
6861,2026-09-30,2026,tradable,0.0421799999999999,-0.0421799999999999,False,0.27439024390243905,0.3312101910828025,0.6675531914893618,0.054894642071416574,0.8982757070024687,3.0,2.0,-0.0847399606299212,-0.0803149606299212,-0.0737163385826772,-0.0692913385826772,-0.1524564960629921,-0.1480314960629921,,
6863,2024-05-15,2024,tradable,0.07608,-0.07608,True,0.4006622516556291,0.45862068965517233,0.47902097902097895,0.03484737116873338,4.0045609499819195,3.0,3.0,-0.0067238505747126,-0.0022988505747126,0.0093681034482758,0.0137931034482758,-0.0458043103448275,-0.0413793103448275,0.0438508620689656,0.0482758620689656
6865,2023-02-13,2023,tradable,0.0838799999999999,-0.0838799999999999,True,0.38613861386138626,0.3999999999999999,,,,2.0,2.0,7.950450450445838e-05,0.0045045045045044,-0.022443018018018,-0.018018018018018,0.0811605855855856,0.0855855855855856,-0.0314520270270269,-0.0270270270270269
6865,2025-03-27,2025,tradable,0.0852799999999999,-0.0852799999999999,False,0.24098360655737716,0.3493761140819964,0.2940170940170941,0.04671770616727577,2.4368394655407535,3.0,2.0,-0.0057948630136985,-0.0013698630136985,-0.0427811643835615,-0.0383561643835616,-0.0838770547945205,-0.0794520547945205,-0.1181236301369862,-0.1136986301369862
6869,2024-06-26,2024,tradable,0.15178,-0.15178,True,0.5431654676258992,0.6627906976744187,0.5487364620938628,0.05143644788569879,3.802621664900078,2.0,2.0,-0.0337703724604966,-0.0293453724604966,0.1423018623024831,0.1467268623024831,0.1197284988713317,0.1241534988713317,0.1874485891647855,0.1918735891647855
6872,2026-09-08,2026,tradable,0.22548,-0.22548,True,0.5999999999999999,0.4592833876221498,0.41772151898734156,0.050077345628645485,2.21025955311149,2.0,2.0,-0.004425,0.0,0.0057376016260163,0.0101626016260163,-0.0735306910569106,-0.0691056910569106,-0.0369453252032521,-0.0325203252032521
6874,2023-02-17,2023,tradable,0.19368,-0.19368,True,0.5165441176470589,0.5306122448979593,0.7423442449841604,0.04737894441051879,2.5278228264182157,3.0,3.0,0.0441299132947977,0.0485549132947977,0.2614709537572254,0.2658959537572254,0.2383495664739884,0.2427745664739884,0.4753437861271675,0.4797687861271675
6874,2023-03-23,2023,tradable,0.16548,-0.16548,True,0.5377358490566038,0.3252032520325203,0.6349047141424273,0.0656232087888105,2.422691121281749,2.0,2.0,-0.0723262345679012,-0.0679012345679012,-0.1649188271604938,-0.1604938271604938,-0.1309682098765432,-0.1265432098765432,-0.078499074074074,-0.074074074074074
6874,2023-04-25,2023,tradable,0.09808,-0.09808,True,0.5056603773584907,0.33000000000000007,0.2239263803680982,0.06399905527929035,0.6932409652984826,2.0,2.0,-0.1089026119402984,-0.1044776119402984,-0.1885046019900498,-0.1840796019900498,-0.1686041044776119,-0.1641791044776119,-0.158653855721393,-0.154228855721393
6874,2023-07-27,2023,tradable,0.0677799999999999,-0.0677799999999999,False,0.2432432432432432,0.2727272727272727,0.15827338129496393,0.04446531386370777,5.36833714729866,2.0,2.0,-0.0588056646525679,-0.0543806646525679,-0.1554824018126888,-0.1510574018126887,-0.070890256797583,-0.066465256797583,-0.261222583081571,-0.2567975830815709
6877,2026-03-04,2026,tradable,0.07578,-0.07578,True,0.3784764207980653,0.37349397590361444,0.2984054669703873,0.040404076255192684,7.18886541771247,2.0,2.0,-0.0428865384615384,-0.0384615384615384,-0.1582711538461538,-0.1538461538461538,-0.0898950854700855,-0.0854700854700855,-0.0129720085470085,-0.0085470085470085
6877,2026-04-23,2026,tradable,0.11008,-0.11008,False,0.29268292682926833,0.5267489711934157,0.7582938388625593,0.047689967181165825,3.7540147692476795,3.0,2.0,-0.0331456266318538,-0.0287206266318538,-0.04620045691906,-0.04177545691906,-0.1219184725848564,-0.1174934725848564,-0.1375842689295039,-0.1331592689295039
6885,2025-06-06,2025,tradable,0.11558,-0.11558,True,0.4461538461538461,0.43355119825708055,0.48198198198198194,0.04189963619226071,9.28796686855344,2.0,2.0,0.0596374999999999,0.0640624999999999,0.0487,0.053125,0.0236999999999999,0.0281249999999999,0.2127625,0.2171875000000001
6890,2026-06-05,2026,tradable,0.09308,-0.09308,True,0.4477611940298507,0.4349112426035502,0.5746753246753247,0.0391219875333881,6.270477745240651,2.0,2.0,0.1169233146067415,0.1213483146067415,0.2540019662921348,0.2584269662921348,0.146136797752809,0.1505617977528091,0.0315300561797752,0.0359550561797752
6895,2024-06-05,2024,tradable,0.0948799999999999,-0.0948799999999999,True,0.3650151668351871,0.3663967611336032,0.35814889336016087,0.03685121648485816,7.340396458067246,2.0,2.0,0.0281836956521738,0.0326086956521738,-0.0261641304347825,-0.0217391304347825,0.0318068840579709,0.0362318840579709,0.2781836956521738,0.2826086956521738
6895,2024-07-01,2024,tradable,0.16008,-0.16008,True,0.351421188630491,0.6656050955414012,1.1974789915966388,0.0500369196213516,1.6897724670230476,4.0,2.0,-0.0024564960629921,0.0019685039370078,0.0231340551181101,0.0275590551181101,-0.0004879921259842,0.0039370078740157,-0.0241100393700787,-0.0196850393700787
6895,2025-06-24,2025,tradable,0.0467799999999999,-0.0467799999999999,True,0.3167259786476868,0.2847222222222223,0.48,0.042905709243010196,6.300122028657041,2.0,2.0,-0.0446394772117962,-0.0402144772117962,-0.0875349195710456,-0.0831099195710456,-0.0339156166219839,-0.0294906166219839,-0.0097869302949061,-0.0053619302949061
6895,2025-08-12,2025,tradable,0.06538,-0.06538,True,0.318918918918919,0.38243626062322944,0.18446601941747565,0.04717313641398345,1.595214863685177,2.0,2.0,-0.0392610655737705,-0.0348360655737705,0.0734438524590163,0.0778688524590163,0.1185258196721311,0.1229508196721311,0.1881979508196721,0.1926229508196721
6902,2026-04-23,2026,tradable,0.06208,-0.06208,False,0.26198083067092637,0.5153452685421995,0.577896138482024,0.042595837756195624,4.057480712862902,4.0,2.0,-0.0001877118644067,0.0042372881355932,-0.0764588983050847,-0.0720338983050847,-0.1357809322033898,-0.1313559322033898,-0.1315436440677966,-0.1271186440677966
6903,2026-04-13,2026,tradable,0.0996799999999999,-0.0996799999999999,True,0.446236559139785,0.34276206322795333,0.2995169082125604,0.04763560194780622,3.133469428702943,2.0,2.0,-0.0521022616136919,-0.0476772616136919,-0.0679946821515892,-0.0635696821515892,-0.0508797677261614,-0.0464547677261614,-0.0142049511002445,-0.0097799511002445
6906,2026-05-26,2026,tradable,0.2076800000000001,-0.2076800000000001,True,0.5984251968503937,0.49484536082474206,0.6034755134281202,0.05133654104317447,3.2951788334092176,2.0,2.0,0.025575,0.03,0.085575,0.09,0.005575,0.01,-0.009425,-0.005
6907,2026-02-24,2026,tradable,0.2059799999999999,-0.2059799999999999,True,0.6040723981900453,0.6682352941176473,,,,2.0,2.0,-0.004425,0.0,0.2035339216944799,0.2079589216944799,0.1919806482670089,0.1964056482670089,0.3306199293966622,0.3350449293966622
6907,2026-03-19,2026,tradable,0.1909799999999999,-0.1909799999999999,True,0.4369369369369369,0.696808510638298,2.281893004115226,0.056409774317635275,1.1300974468192069,2.0,2.0,-0.064425,-0.06,-0.2387107142857143,-0.2342857142857143,-0.2958535714285715,-0.2914285714285715,-0.4432821428571428,-0.4388571428571428
6907,2026-07-09,2026,tradable,0.0901799999999999,-0.0901799999999999,False,0.25806451612903225,0.28712871287128716,0.4772727272727273,0.05905161475079431,1.9117007156855348,3.0,2.0,0.0249867647058822,0.0294117647058822,0.2388905080213904,0.2433155080213904,0.2576070855614972,0.2620320855614972,0.0811364973262031,0.0855614973262031
6916,2025-04-18,2025,tradable,0.08688,-0.08688,True,0.4880239520958085,0.13729977116704806,-0.044230769230769185,0.06937851891778556,4.854369623166544,2.0,2.0,-0.0007485294117647,0.0036764705882352,-0.0411897058823529,-0.0367647058823529,-0.0007485294117647,0.0036764705882352,-0.004425,0.0
6919,2025-02-11,2025,tradable,0.01198,-0.01198,False,0.3113342898134863,0.4303599374021909,0.557069846678024,0.03348643331636362,1.3733118093868275,3.0,3.0,-0.050711329386437,-0.046286329386437,0.0095685414424112,0.0139935414424112,-0.0238006727664154,-0.0193756727664154,0.0084921151776104,0.0129171151776104
6919,2025-08-22,2025,tradable,0.07328,-0.07328,False,0.31034482758620685,0.44486692015209117,0.34751773049645385,0.046654347617788326,1.8964285664234135,3.0,3.0,0.0033069587628865,0.0077319587628865,0.0110389175257731,0.0154639175257731,0.0368121134020619,0.0412371134020619,0.3100079896907216,0.3144329896907216
6919,2026-04-09,2026,tradable,0.10628,-0.10628,False,0.31517960602549255,0.2230603448275863,-0.17454545454545456,0.06089564149236401,1.5806452553970018,2.0,2.0,-0.0347280303030302,-0.0303030303030302,-0.0780180735930735,-0.0735930735930735,-0.0780180735930735,-0.0735930735930735,-0.0563730519480519,-0.0519480519480519
6921,2026-01-28,2026,tradable,0.07688,-0.07688,False,0.28019323671497576,0.3706896551724137,0.11971830985915499,0.04795361673499253,1.6523133799391252,2.0,2.0,-0.0254126543209877,-0.0209876543209877,-0.1377583333333333,-0.1333333333333333,0.0338466049382716,0.0382716049382716,0.0326120370370369,0.0370370370370369
6922,2024-12-25,2024,tradable,0.1316799999999999,-0.1316799999999999,True,0.4560260586319218,0.37962962962962954,0.5574912891986064,0.04484349158547394,6.6560861810749445,2.0,2.0,-0.1141296413502109,-0.1097046413502109,-0.1099102320675105,-0.1054852320675105,-0.1816401898734176,-0.1772151898734176,-0.1689819620253164,-0.1645569620253164
6924,2026-05-18,2026,tradable,0.17498,-0.17498,True,0.4077669902912622,0.6292134831460674,0.6292134831460674,0.04746527650439918,1.974491436143544,2.0,2.0,-0.004425,0.0,0.0237881661442006,0.0282131661442006,0.0112489811912225,0.0156739811912225,0.0990232758620689,0.1034482758620689
6925,2025-06-24,2025,tradable,0.14428,-0.14428,False,0.3671875,0.3108614232209739,,,,2.0,2.0,0.0015097181008901,0.0059347181008901,0.0697589762611276,0.0741839762611276,0.051954821958457,0.056379821958457,0.0222812314540058,0.0267062314540058
6928,2025-07-30,2025,tradable,0.2278799999999999,-0.2278799999999999,True,0.5711206896551726,0.5917030567685593,0.691415313225058,0.05172372817208499,5.3167796194869865,3.0,3.0,-0.0246952702702702,-0.0202702702702702,-0.0382087837837837,-0.0337837837837837,-0.0301006756756757,-0.0256756756756757,-0.0828033783783783,-0.0783783783783783
6933,2023-11-23,2023,tradable,0.04898,-0.04898,False,0.24843423799582465,0.3590909090909091,,,,2.0,2.0,-0.0113454152249134,-0.0069204152249134,-0.0770893598615917,-0.0726643598615917,-0.0269163494809688,-0.0224913494809688,0.028446972318339,0.032871972318339
6933,2024-03-19,2024,tradable,0.0543799999999999,-0.0543799999999999,False,0.25,0.6142557651991614,0.7342342342342343,0.05285488125877415,2.485767219074674,3.0,2.0,-0.0320565789473684,-0.0276315789473684,-0.0991618421052631,-0.0947368421052631,-0.1281092105263158,-0.1236842105263158,-0.0952144736842105,-0.0907894736842105
6933,2025-04-17,2025,tradable,0.18068,-0.18068,False,0.42460317460317465,0.14696485623003186,-0.04266666666666663,0.06823192879912647,3.1569478858944335,2.0,2.0,-0.0166201219512195,-0.0121951219512195,-0.0958884146341463,-0.0914634146341463,-0.0806445121951219,-0.0762195121951219,-0.0105225609756097,-0.0060975609756097
6933,2025-07-16,2025,tradable,0.04628,-0.04628,True,0.3319672131147542,0.2645914396887159,0.20817843866171004,0.04693066767178758,3.7683414147996244,2.0,2.0,-0.004425,0.0,0.202857913165266,0.207282913165266,0.1776478291316526,0.1820728291316526,0.222465756302521,0.2268907563025211
6933,2026-04-13,2026,tradable,0.16978,-0.16978,False,0.4014336917562724,0.52734375,0.43223443223443225,0.04941662502316427,2.0496421524445814,2.0,2.0,-0.1114809610705595,-0.1070559610705595,-0.1163471411192213,-0.1119221411192213,-0.0579529805352798,-0.0535279805352798,-0.1844736618004866,-0.1800486618004866
6933,2026-08-31,2026,tradable,0.17188,-0.17188,True,0.4704370179948587,0.48958333333333326,0.8571428571428572,0.050615361680491945,2.584842276972337,2.0,2.0,0.058075,0.0625,0.0158452702702701,0.0202702702702701,0.0530074324324324,0.0574324324324324,0.0276695945945945,0.0320945945945945
6937,2024-07-10,2024,tradable,0.1083799999999999,-0.1083799999999999,True,0.3133047210300428,0.3972602739726028,0.5572519083969465,0.05040542017509535,4.371309022475235,3.0,2.0,-0.0762812874251497,-0.0718562874251497,-0.0583172155688622,-0.0538922155688622,-0.0792752994011975,-0.0748502994011975,-0.160113622754491,-0.155688622754491
6945,2026-09-21,2026,tradable,0.06988,-0.06988,True,0.3527054108216434,0.4165792235047219,0.3300492610837438,0.03917223477521181,2.2766329436164527,2.0,2.0,0.0300577586206897,0.0344827586206897,0.0530462643678161,0.0574712643678161,0.1335060344827586,0.1379310344827586,0.0683719348659003,0.0727969348659003
6949,2024-04-11,2024,tradable,0.0986799999999999,-0.0986799999999999,True,0.4498806682577565,0.6485753052917231,0.1796116504854368,0.06087849293725391,1.8255640282780135,2.0,2.0,-0.0428865384615384,-0.0384615384615384,-0.0967326923076923,-0.0923076923076923,0.0878826923076922,0.0923076923076922,0.2071134615384614,0.2115384615384614
6949,2026-01-22,2026,tradable,-0.0027199999999999,0.0027199999999999,False,0.2621082621082622,0.3164933135215453,0.24788732394366186,0.03826824515218172,1.2133462404814577,2.0,2.0,-0.0359565315315315,-0.0315315315315315,0.1509804054054054,0.1554054054054054,0.3131425675675675,0.3175675675675675,0.4550344594594594,0.4594594594594594
6949,2026-01-27,2026,tradable,0.03438,-0.03438,True,0.23465703971119134,0.5428571428571429,0.45945945945945943,0.04589049650035679,1.9283727881117845,4.0,2.0,0.0724980769230768,0.0769230769230768,0.1494211538461537,0.1538461538461537,0.1282673076923076,0.1326923076923076,0.318651923076923,0.323076923076923
6949,2026-04-15,2026,tradable,-0.0008199999999999,0.0008199999999999,True,0.274671052631579,0.35964912280701755,0.37168141592920345,0.04185280495104803,2.030543083880209,3.0,3.0,0.0125241525423728,0.0169491525423728,0.0385997718383312,0.0430247718383312,0.116826629726206,0.121251629726206,0.0216506192959583,0.0260756192959583
6957,2026-10-01,2026,tradable,0.01178,-0.01178,False,0.26732673267326734,0.5673469387755101,0.7414965986394557,0.03617992089722427,4.852653818506296,2.0,2.0,0.0009083333333334,0.0053333333333334,0.0729083333333332,0.0773333333333332,,,,
6969,2024-09-25,2024,tradable,0.29858,-0.29858,True,0.6077922077922078,0.7942028985507246,,,,2.0,2.0,-0.0641264925373133,-0.0597014925373133,-0.076066791044776,-0.071641791044776,-0.0521861940298507,-0.0477611940298507,-0.0984548507462685,-0.0940298507462685
6969,2026-07-24,2026,tradable,0.15008,-0.15008,True,0.60625,0.48269230769230753,0.5237154150197627,0.06220339712735484,3.979337360360976,2.0,2.0,-0.1314690251572327,-0.1270440251572326,-0.2962488993710692,-0.2918238993710692,-0.1956199685534592,-0.1911949685534592,-0.1113432389937106,-0.1069182389937106
6994,2025-02-10,2025,tradable,0.04668,-0.04668,False,0.25233644859813076,0.4393125671321161,,,,2.0,2.0,0.0745223684210526,0.0789473684210526,0.0933193609022556,0.0977443609022556,0.1609885338345865,0.1654135338345865,0.0557253759398496,0.0601503759398496
7402,2023-03-09,2023,tradable,0.2415799999999999,-0.2415799999999999,True,0.6025641025641026,0.6233766233766234,0.7482517482517483,0.04345514151462968,7.556451390231107,3.0,3.0,0.1110221544715445,0.1154471544715445,0.0898839430894308,0.0943089430894308,-0.0304412601626016,-0.0260162601626016,0.3451684959349593,0.3495934959349593
7402,2026-07-06,2026,tradable,0.07438,-0.07438,False,0.2477064220183487,0.3465346534653466,0.3793103448275863,0.04638205403158654,6.03084472736673,2.0,2.0,-0.0929858856088561,-0.0885608856088561,-0.037635332103321,-0.033210332103321,0.0398554428044281,0.0442804428044281,-0.1151261070110701,-0.1107011070110701
7556,2026-04-15,2026,tradable,0.1705799999999999,-0.1705799999999999,True,0.4505494505494505,0.5438596491228069,0.4465753424657535,0.04788837176357149,2.242645077133709,2.0,2.0,-0.0401392857142857,-0.0357142857142857,0.0384321428571429,0.0428571428571429,0.0741464285714285,0.0785714285714285,0.1062892857142857,0.1107142857142857
7610,2026-02-11,2026,tradable,0.0704799999999999,-0.0704799999999999,True,0.32367149758454117,0.35643564356435653,0.405128205128205,0.05041704611835326,1.136323918701304,2.0,2.0,0.015217857142857,0.019642857142857,0.077717857142857,0.082142857142857,0.1634321428571429,0.1678571428571429,0.015217857142857,0.019642857142857
7610,2026-04-13,2026,tradable,0.13608,-0.13608,True,0.447089947089947,0.486413043478261,0.6475903614457832,0.04765760819759435,1.3126710340337933,3.0,3.0,-0.004425,0.0,0.0721141014975041,0.076539101497504,0.0604668469217969,0.0648918469217969,-0.0476862312811979,-0.0432612312811979
7610,2026-05-21,2026,tradable,0.09568,-0.09568,True,0.4137931034482758,0.6205533596837944,0.835820895522388,0.060357921542267524,1.0434610801499964,5.0,2.0,-0.0201730314960629,-0.0157480314960629,-0.0122990157480314,-0.0078740157480314,0.0546301181102361,0.0590551181102361,0.3577797244094488,0.3622047244094488
7610,2026-06-22,2026,tradable,0.21748,-0.21748,True,0.5754716981132075,0.4314285714285715,1.004,0.06308099515282002,2.294561870401536,4.0,3.0,-0.0403531437125748,-0.0359281437125748,-0.1062214071856287,-0.1017964071856287,-0.1661016467065869,-0.1616766467065868,0.0115430638722554,0.0159680638722554
7610,2026-09-08,2026,tradable,0.05258,-0.05258,False,0.28660436137071654,0.2629969418960245,0.10427807486631013,0.06026151636596234,3.647297573437618,3.0,3.0,-0.0213741525423728,-0.0169491525423728,-0.0480085351089588,-0.0435835351089588,-0.202972215496368,-0.198547215496368,-0.0819068401937046,-0.0774818401937046
7642,2025-06-16,2025,tradable,0.21558,-0.21558,True,0.42461197339246115,0.48554913294797686,,,,2.0,2.0,-0.0160981517509727,-0.0116731517509727,-0.1328296692607004,-0.1284046692607003,-0.0939191634241245,-0.0894941634241245,-0.0122071011673151,-0.0077821011673151
7703,2025-08-20,2025,tradable,0.0051799999999999,-0.0051799999999999,False,0.276536312849162,0.3890577507598785,0.4554140127388535,0.03384216790411607,2.4811631593542987,2.0,2.0,-0.0347280303030302,-0.0303030303030302,-0.0693600649350649,-0.0649350649350649,-0.0109185064935064,-0.0064935064935064,0.2315057359307358,0.2359307359307358
7703,2025-09-02,2025,tradable,0.0298799999999999,-0.0298799999999999,True,0.28733031674208154,0.23965141612200447,0.713855421686747,0.0431622915621215,2.9991323105704866,3.0,2.0,-0.0250081903945111,-0.0205831903945111,-0.0833272298456261,-0.0789022298456261,-0.0661745711835334,-0.0617495711835334,-0.1433615351629502,-0.1389365351629502
7709,2026-01-30,2026,tradable,0.15968,-0.15968,False,0.4037819799777529,0.6035578144853875,0.6759628154050465,0.03803515124456931,8.091611949345069,2.0,2.0,-0.0356236863711001,-0.0311986863711001,0.0431940476190476,0.0476190476190476,0.1548525041050902,0.1592775041050902,0.041552011494253,0.045977011494253
7709,2026-04-01,2026,tradable,0.0542799999999999,-0.0542799999999999,False,0.28546099290780136,0.25432525951557095,0.3551401869158879,0.06027188496416472,5.710200493667403,3.0,3.0,-0.0585165395284325,-0.0540915395284326,0.0233142510402219,0.0277392510402219,0.0025098127600554,0.0069348127600554,0.0052837378640776,0.0097087378640776
7709,2026-06-02,2026,tradable,0.14328,-0.14328,True,0.455834242093784,0.449511400651466,0.5949820788530464,0.05870545558090097,0.2606882142014699,3.0,3.0,-0.1375308020477815,-0.1331058020477815,-0.2433328498293515,-0.2389078498293515,-0.2126161262798634,-0.2081911262798634,-0.1989642491467577,-0.1945392491467577
7711,2026-03-20,2026,tradable,-0.0015199999999999,0.0015199999999999,True,0.3291139240506329,0.2295081967213115,0.15638766519823788,0.0519819836895983,3.2090334783533097,2.0,2.0,0.0523515567765568,0.0567765567765568,0.0065640109890109,0.0109890109890109,0.0138900183150182,0.0183150183150182,0.0065640109890109,0.0109890109890109
7711,2026-04-27,2026,tradable,0.03878,-0.03878,True,0.3366013071895424,0.35206611570247937,0.46071428571428563,0.048778374146530266,2.9226025719269186,2.0,2.0,-0.0181236301369863,-0.0136986301369863,-0.0752012557077625,-0.0707762557077625,-0.0466624429223744,-0.0422374429223744,-0.0569364155251141,-0.0525114155251141
7711,2026-08-11,2026,tradable,0.05898,-0.05898,True,0.358931552587646,0.4280701754385965,0.2941176470588236,0.04357648161251662,4.781641048185771,2.0,2.0,0.0011929775280897,0.0056179775280897,0.0562491573033708,0.0606741573033708,0.1011929775280898,0.1056179775280898,0.1528783707865167,0.1573033707865168
7711,2026-09-07,2026,tradable,0.03938,-0.03938,False,0.23364485981308403,0.3266331658291457,0.6296296296296295,0.05520229040576059,1.6957049029416253,2.0,2.0,-0.0905788461538461,-0.0861538461538461,-0.0967326923076923,-0.0923076923076923,-0.2690403846153846,-0.2646153846153846,-0.1675019230769231,-0.1630769230769231
7712,2026-06-23,2026,tradable,0.0983799999999999,-0.0983799999999999,True,0.30718954248366015,0.4184397163120568,0.19402985074626855,0.05751937433713008,3.004368014983458,2.0,2.0,0.0525698186528497,0.0569948186528497,0.0033470207253886,0.0077720207253886,0.0240724093264249,0.0284974093264249,-0.0070156735751295,-0.0025906735751295
7714,2025-04-30,2025,tradable,0.1693799999999999,-0.1693799999999999,True,0.4554455445544554,0.4411764705882353,0.6243093922651934,0.0687692178888069,2.399249584691946,2.0,2.0,-0.0010120307167234,0.0034129692832765,-0.0317287542662115,-0.0273037542662115,-0.0010120307167234,0.0034129692832765,-0.1238789249146757,-0.1194539249146757
7714,2025-09-10,2025,tradable,0.0604799999999999,-0.0604799999999999,True,0.3744493392070485,0.23320158102766797,0.4311926605504588,0.05331161939645518,1.751880425032017,2.0,2.0,0.0879316878980892,0.0923566878980892,-0.0426415605095541,-0.0382165605095541,-0.058565127388535,-0.054140127388535,-0.0012402866242037,0.0031847133757962
7714,2026-07-15,2026,tradable,0.07858,-0.07858,True,0.45104895104895104,0.36963696369636967,0.6274509803921569,0.05407525083626889,3.212944763363676,2.0,2.0,-0.0379981414868105,-0.0335731414868105,-0.1267271582733813,-0.1223021582733813,-0.1219309952038369,-0.1175059952038369,-0.3521468225419664,-0.3477218225419664
7717,2025-12-15,2025,tradable,0.16038,-0.16038,True,0.3529411764705883,0.4570135746606334,1.267605633802817,0.07643207779174065,0.9121925102890088,3.0,2.0,0.0570442653673163,0.0614692653673163,-0.1048747751124438,-0.1004497751124438,0.0240607571214391,0.0284857571214391,0.1709872938530735,0.1754122938530735
7717,2026-01-27,2026,tradable,-0.00012,0.00012,True,0.271948608137045,0.4261704681872749,0.46666666666666656,0.05183465754336391,2.8167171331362266,3.0,2.0,-0.0126083060556464,-0.0081833060556464,-0.0797114157119476,-0.0752864157119476,-0.0175182896890343,-0.0130932896890343,-0.0551614975450081,-0.0507364975450082
7717,2026-02-26,2026,tradable,0.0730799999999999,-0.0730799999999999,True,0.4293103448275861,0.3747927031509122,0.7751605995717346,0.05480028338718038,1.5058688082498746,3.0,3.0,0.0922292750929369,0.0966542750929368,-0.1147100061957868,-0.1102850061957868,-0.189059448574969,-0.184634448574969,-0.2609305762081785,-0.2565055762081785
7721,2026-03-31,2026,tradable,0.17498,-0.17498,True,0.4624505928853755,0.4538310412573674,0.3528336380255941,0.048754355123604855,3.3150172290532325,2.0,2.0,-0.0005085509138379,0.003916449086162,0.0882642950391646,0.0926892950391646,0.0908752610966058,0.0953002610966058,0.195313903394256,0.199738903394256
7722,2026-06-11,2026,tradable,0.02568,-0.02568,False,0.3327338129496402,0.4332688588007736,0.4087452471482891,0.042996466635833,3.959906246752697,2.0,2.0,-0.1404353626943005,-0.1360103626943005,-0.1417306994818653,-0.1373056994818653,-0.1546840673575129,-0.1502590673575129,-0.1754094559585493,-0.1709844559585492
7728,2025-12-03,2025,tradable,0.1013799999999999,-0.1013799999999999,True,0.427652733118971,0.5025380710659899,0.48494983277591963,0.04734529141506406,4.29346234122469,2.0,2.0,0.0446821428571427,0.0491071428571427,0.0201285714285714,0.0245535714285713,-0.0379071428571429,-0.0334821428571429,-0.0010767857142858,0.0033482142857141
7728,2026-01-02,2026,tradable,0.06318,-0.06318,True,0.44180522565320657,0.35038932146829804,0.36711711711711703,0.056946396257320904,3.651253844872416,2.0,2.0,-0.0210916666666667,-0.0166666666666667,0.0172416666666667,0.0216666666666667,-0.0060916666666667,-0.0016666666666667,0.0089083333333334,0.0133333333333334
7728,2026-02-04,2026,tradable,0.15298,-0.15298,True,0.3368107302533532,0.21709633649932147,0.4632952691680261,0.06933615694481583,2.3086639839571794,3.0,3.0,-0.0758535714285714,-0.0714285714285714,-0.1187107142857143,-0.1142857142857143,-0.1494799450549451,-0.1450549450549451,-0.0472821428571428,-0.0428571428571428
7730,2026-05-21,2026,tradable,-0.0061199999999999,0.0061199999999999,False,0.30116959064327475,0.3126843657817109,0.23611111111111116,0.0423519219799391,2.1849194220161223,2.0,2.0,0.0087908590308371,0.0132158590308371,-0.0528831497797357,-0.0484581497797357,-0.0616937224669603,-0.0572687224669603,-0.1850417400881057,-0.1806167400881057
7734,2026-02-04,2026,tradable,-0.0022199999999999,0.0022199999999999,False,0.1572052401746724,0.3561924257932447,0.3289869608826479,0.04689438453490149,2.903971285034,3.0,2.0,-0.0421608490566037,-0.0377358490566037,0.1201033018867924,0.1245283018867924,0.1804806603773584,0.1849056603773584,0.3351976415094339,0.3396226415094339
7734,2026-04-02,2026,tradable,0.0057799999999999,-0.0057799999999999,True,0.2912087912087913,0.29476584022038566,0.4329268292682926,0.05478902493381964,1.6024064948694163,3.0,2.0,-0.0150632978723403,-0.0106382978723403,0.0381281914893617,0.0425531914893617,0.1211069148936169,0.1255319148936169,0.1040856382978724,0.1085106382978724
7734,2026-04-24,2026,tradable,0.26758,-0.26758,True,0.5029940119760479,0.3970315398886828,1.063013698630137,0.05648672751637706,1.7268206553247871,3.0,2.0,-0.0653668282548476,-0.0609418282548476,-0.1013779085872575,-0.0969529085872575,0.0177356648199446,0.0221606648199446,0.0482065789473683,0.0526315789473683
7744,2026-02-10,2026,tradable,0.0121799999999999,-0.0121799999999999,False,0.2566225165562914,0.20285261489698891,0.11946902654867264,0.03923772735008894,1.809459234165717,2.0,2.0,-0.0423334967320261,-0.0379084967320261,0.1171436274509804,0.1215686274509804,0.3315227124183005,0.3359477124183005,0.1694312091503268,0.1738562091503268
7744,2026-02-24,2026,tradable,0.0198799999999999,-0.0198799999999999,True,0.18181818181818188,0.41584158415841577,0.2711111111111111,0.04493638672342034,3.326895192391305,4.0,2.0,0.0318387362637363,0.0362637362637363,0.1582123626373627,0.1626373626373627,-0.0615678571428571,-0.0571428571428571,0.0790914835164834,0.0835164835164834
7750,2026-04-24,2026,tradable,-0.02992,0.02992,False,0.1712707182320441,0.41333333333333333,0.6758893280632412,0.04285901440205249,2.423663850890899,4.0,2.0,-0.01573721719457,-0.01131221719457,0.0815478506787329,0.0859728506787329,0.1946700226244343,0.1990950226244343,0.2602808823529411,0.2647058823529411
7751,2025-12-03,2025,tradable,0.07828,-0.07828,True,0.35433070866141736,0.36818181818181817,0.2960172228202369,0.04529521006278158,5.042410153387166,3.0,3.0,0.0022195182724252,0.0066445182724252,0.0819537375415281,0.0863787375415281,0.065342441860465,0.069767441860465,0.0470700166112957,0.0514950166112957
7751,2026-02-26,2026,tradable,0.1288799999999999,-0.1288799999999999,True,0.3106796116504855,0.4429928741092637,0.4817073170731707,0.04722339274433836,2.011623742798228,3.0,2.0,0.0799631856540085,0.0843881856540085,-0.0719355485232067,-0.0675105485232067,0.0082332278481013,0.0126582278481013,0.1137184599156117,0.1181434599156117
7751,2026-03-18,2026,tradable,0.0321799999999999,-0.0321799999999999,True,0.2038461538461538,0.41628959276018107,0.9538077403245944,0.0671274297960626,1.3998964876389994,3.0,2.0,0.0203428018575852,0.0247678018575852,-0.0415767027863776,-0.0371517027863776,-0.0322887770897832,-0.0278637770897832,-0.0663445046439629,-0.0619195046439629
7751,2026-04-10,2026,tradable,0.1291799999999999,-0.1291799999999999,False,0.3168316831683169,0.2707006369426752,0.5346153846153847,0.05661106498199644,1.156381202174822,3.0,2.0,-0.019500376884422,-0.015075376884422,-0.0169878140703517,-0.0125628140703517,-0.0521636934673367,-0.0477386934673367,0.2041177135678392,0.2085427135678392
7751,2026-04-27,2026,tradable,0.0901799999999999,-0.0901799999999999,True,0.35989717223650386,0.3494897959183674,0.632716049382716,0.06042993067209062,1.5066152099007486,3.0,3.0,0.112858950617284,0.117283950617284,-0.0085402263374485,-0.0041152263374485,0.0881675925925925,0.0925925925925925,-0.2492809670781893,-0.2448559670781893
7769,2026-05-12,2026,tradable,-0.0276199999999999,0.0276199999999999,True,0.22678571428571437,0.3822937625754528,0.6756097560975609,0.03707989452265891,1.4485756762836723,3.0,2.0,0.083294298245614,0.087719298245614,0.0036159356725146,0.0080409356725146,-0.0395127192982456,-0.0350877192982456,0.150545760233918,0.1549707602339181
7772,2026-09-09,2026,tradable,0.11768,-0.11768,True,0.43646408839779016,0.4460511679644048,0.40845070422535223,0.0466621725343564,10.854580824996921,2.0,2.0,-0.020425,-0.016,0.003575,0.008,0.059575,0.064,0.3835749999999999,0.3879999999999999
7772,2026-09-22,2026,tradable,0.1597799999999999,-0.1597799999999999,True,0.4461538461538461,0.43511450381679384,1.2065727699530515,0.052694849027178026,3.1743135883667306,4.0,2.0,-0.132565703517588,-0.128140703517588,-0.1200028894472361,-0.1155778894472361,-0.0798018844221105,-0.0753768844221105,,
7777,2026-01-27,2026,tradable,0.0850799999999999,-0.0850799999999999,True,0.25132743362831866,0.4282828282828284,0.2147766323024054,0.056737540871239424,3.9297925636009197,3.0,2.0,0.0179434210526315,0.0223684210526315,0.0284697368421053,0.0328947368421053,-0.0662671052631579,-0.0618421052631579,-0.0886355263157895,-0.0842105263157895
7780,2026-01-22,2026,tradable,0.13478,-0.13478,True,,-0.854054054054054,-0.8407079646017699,,,3.0,2.0,0.0370912454873647,0.0415162454873647,-0.06399178700361,-0.05956678700361,-0.0333058664259928,-0.0288808664259928,-0.0188654332129963,-0.0144404332129963
7788,2026-06-11,2026,tradable,0.04678,-0.04678,False,0.32843137254901955,0.49723756906077354,0.31553398058252435,0.05637667040152968,2.66872937448481,3.0,2.0,-0.0371522727272727,-0.0327272727272727,-0.0080613636363636,-0.0036363636363636,0.0573931818181817,0.0618181818181817,-0.0953340909090909,-0.0909090909090909
7788,2026-08-31,2026,tradable,-0.0296199999999999,0.0296199999999999,False,0.24901185770750978,0.12857142857142856,0.6415584415584417,0.04649731690412652,2.604152504716576,2.0,2.0,-0.0059826323987538,-0.0015576323987538,-0.0231165887850467,-0.0186915887850467,-0.0184436915887849,-0.0140186915887849,-0.1259203271028037,-0.1214953271028037
7792,2026-08-20,2026,tradable,-0.00302,0.00302,False,0.2268041237113403,0.37096774193548376,0.3773148148148149,0.04887531979284812,3.6302369890412782,2.0,2.0,-0.0161502931323282,-0.0117252931323282,-0.002749958123953,0.0016750418760469,0.0022751675041875,0.0067001675041875,0.0173505443886096,0.0217755443886096
7792,2026-09-24,2026,tradable,0.09038,-0.09038,True,0.39137380191693283,0.35248447204968936,0.44925124792013316,0.03838472869355706,3.694900644269135,2.0,2.0,-0.0313255847953216,-0.0269005847953216,-0.0196296783625731,-0.0152046783625731,0.0213059941520467,0.0257309941520467,,
7795,2026-07-02,2026,tradable,0.13578,-0.13578,True,0.4582338902147971,0.5275000000000001,0.5606641123882503,0.057468132026528826,4.123016907914982,3.0,2.0,0.0118087662337661,0.0162337662337661,-0.0303990259740259,-0.0259740259740259,-0.1083211038961039,-0.1038961038961039,-0.1813730519480519,-0.1769480519480519
7795,2026-08-14,2026,tradable,-0.0270199999999999,0.0270199999999999,True,0.25087514585764303,0.529243937232525,0.05719921104536496,0.06637890639330596,2.221434136599233,3.0,2.0,-0.0007686928702011,0.0036563071297988,-0.0099094606946983,-0.0054844606946983,0.0284817641681901,0.0329067641681901,0.0266536106032907,0.0310786106032907
7810,2026-03-25,2026,tradable,0.03908,-0.03908,False,0.2674418604651163,0.45333333333333337,0.20044052863436113,0.05858547024397848,6.648205708457994,2.0,2.0,-0.0342757462686566,-0.0298507462686566,0.0142317164179105,0.0186567164179105,-0.0846488805970149,-0.0802238805970149,-0.0865145522388059,-0.0820895522388059
7828,2026-05-28,2026,tradable,0.03548,-0.03548,True,0.320754716981132,0.0980392156862746,0.0980392156862746,0.0665557230848934,1.3731635509579379,3.0,2.0,-0.0452413265306122,-0.0408163265306122,0.0125818027210883,0.0170068027210883,0.0704049319727892,0.0748299319727892,0.2132620748299319,0.217687074829932
7828,2026-06-16,2026,tradable,0.0369799999999999,-0.0369799999999999,True,0.29032258064516125,0.3377926421404682,0.8181818181818181,0.055276891407269796,1.1316291221548618,3.0,2.0,0.065342441860465,0.069767441860465,0.0498385658914729,0.0542635658914729,0.1971253875968991,0.2015503875968991,0.0860142764857882,0.0904392764857882
8021,2026-02-26,2026,tradable,-0.0130199999999999,0.0130199999999999,False,0.3094629156010231,0.26108374384236455,0.13777777777777778,0.05671710236122448,1.4192068776822118,2.0,2.0,0.0157362903225807,0.0201612903225807,-0.0749895161290322,-0.0705645161290322,-0.0588604838709677,-0.0544354838709677,-0.0225701612903226,-0.0181451612903226
8021,2026-04-13,2026,tradable,0.07968,-0.07968,True,0.43917525773195876,0.3606237816764133,0.4756871035940804,0.06039672252469115,1.123800873766447,5.0,5.0,-0.058479054054054,-0.054054054054054,-0.0449655405405405,-0.0405405405405405,0.1253047297297297,0.1297297297297297,0.0928722972972972,0.0972972972972971
8021,2026-08-07,2026,tradable,0.03128,-0.03128,True,0.22291021671826616,0.06756756756756754,-0.24184261036468335,0.07884299474732816,1.4264204890557757,4.0,2.0,0.0592224908200734,0.0636474908200734,0.0408626376988984,0.0452876376988984,0.057998500611995,0.062423500611995,-0.0325767747858016,-0.0281517747858016
8024,2026-06-26,2026,tradable,0.1123799999999999,-0.1123799999999999,True,0.42448979591836733,0.4362139917695471,0.37944664031620534,0.038183064276969145,7.943765505180217,2.0,2.0,0.017587578616352,0.022012578616352,-0.0390161949685534,-0.0345911949685534,-0.0075696540880503,-0.0031446540880503,0.055323427672956,0.059748427672956
8027,2026-05-04,2026,tradable,0.1055799999999999,-0.1055799999999999,True,0.29073482428115005,0.3602693602693603,0.32894736842105265,0.058006538678578905,2.0819861922961707,4.0,3.0,0.0132072418136021,0.0176322418136021,0.0232828085642317,0.0277078085642317,0.1190006926952142,0.1234256926952142,0.3633331863979848,0.3677581863979848
8028,2025-02-20,2025,tradable,0.07628,-0.07628,False,0.28464419475655434,0.41152263374485587,0.3999999999999999,0.04151931653353984,3.5017898463612323,4.0,3.0,-0.0015431556195964,0.0028818443804035,-0.0188342219020173,-0.0144092219020173,-0.036125288184438,-0.031700288184438,-0.1658082853025937,-0.1613832853025937
8032,2024-09-16,2024,tradable,0.1499799999999999,-0.1499799999999999,True,0.41333333333333333,0.5035460992907801,0.5088967971530247,0.04333117029611528,7.871531221440436,3.0,2.0,0.0451245495495497,0.0495495495495497,-0.014560135135135,-0.010135135135135,-0.0618574324324323,-0.0574324324324323,-0.0821277027027026,-0.0777027027027026
8032,2024-10-16,2024,tradable,0.10608,-0.10608,False,0.2791519434628973,0.2959427207637231,0.5492154065620543,0.06701899653973689,4.344839906256548,3.0,3.0,-0.0422628378378378,-0.0378378378378378,0.0063858108108109,0.0108108108108109,0.0424218468468468,0.0468468468468468,0.2316110360360358,0.2360360360360358
8034,2023-06-12,2023,tradable,0.07108,-0.07108,True,0.33134328358208953,0.3680981595092023,0.43870967741935485,0.03665365442749425,9.127722306196482,2.0,2.0,0.0067606823266218,0.0111856823266218,-0.0021878635346758,0.0022371364653241,-0.0156106823266218,-0.0111856823266218,-0.0021878635346758,0.0022371364653241
8034,2024-01-17,2024,tradable,0.06688,-0.06688,False,0.24285714285714288,0.23529411764705888,0.23529411764705888,0.04675689837934601,1.5934944221913414,4.0,4.0,-0.0373099028400598,-0.0328849028400598,-0.0148883781763826,-0.0104633781763826,-0.0522575859491779,-0.0478325859491779,-0.1867867339312406,-0.1823617339312406
8038,2025-05-16,2025,tradable,0.0865799999999999,-0.0865799999999999,True,0.3481308411214954,0.35128805620608894,0.40731707317073185,0.04278958796158079,2.6995759463331908,3.0,3.0,0.0024009385665527,0.0068259385665527,-0.0078379692832765,-0.0034129692832765,-0.0180768771331058,-0.0136518771331058,0.0211722696245734,0.0255972696245734
8039,2024-08-28,2024,tradable,0.04158,-0.04158,True,0.3558994197292067,0.4147325933400605,0.28388278388278376,0.04846519211156661,3.7084811890186606,3.0,3.0,0.0071190115440115,0.0115440115440115,-0.0058680014430013,-0.0014430014430013,-0.0376140331890331,-0.0331890331890331,-0.0809040764790764,-0.0764790764790764
8039,2026-07-17,2026,tradable,0.0568799999999999,-0.0568799999999999,False,0.25,0.30067567567567566,0.31849315068493156,0.05407766803634778,3.927614082797432,3.0,3.0,-0.0370064536340852,-0.0325814536340852,0.1634947994987469,0.1679197994987469,0.1985825187969924,0.2030075187969924,-0.1347508145363408,-0.1303258145363408
8040,2024-03-13,2024,tradable,0.0902799999999999,-0.0902799999999999,True,0.42009884678747933,0.39935064935064934,0.5283687943262412,0.04945473840947987,4.198152480917575,4.0,4.0,-0.0089756257110353,-0.0045506257110353,-0.0283157849829352,-0.0238907849829352,-0.004425,0.0,-0.0510689135381115,-0.0466439135381115
8040,2026-05-25,2026,tradable,0.1338799999999999,-0.1338799999999999,False,0.3186221743810549,0.5705128205128205,0.7857142857142858,0.054118837332082045,1.7319805088589963,3.0,3.0,-0.0528120967741935,-0.0483870967741935,-0.1213604838709677,-0.1169354838709677,-0.097166935483871,-0.092741935483871,-0.2382959677419355,-0.2338709677419355
8042,2026-05-07,2026,tradable,0.12968,-0.12968,True,0.43581081081081074,0.317829457364341,0.5567765567765568,0.052787725763726215,1.9950343685911076,2.0,2.0,-0.0150132352941176,-0.0105882352941176,0.1449867647058823,0.1494117647058823,0.2779279411764707,0.2823529411764707,0.4661632352941177,0.4705882352941177
8042,2026-06-16,2026,tradable,0.14688,-0.14688,True,0.3414634146341464,0.18827160493827155,0.7741935483870968,0.06275647154944287,7.922983592984497,2.0,2.0,0.0272372691292876,0.0316622691292876,0.0008520448548813,0.0052770448548813,0.0087676121372032,0.0131926121372032,0.0615380606860157,0.0659630606860157
8043,2024-08-08,2024,tradable,0.0437799999999999,-0.0437799999999999,False,0.31934306569343063,0.3564727954971858,0.43452380952380953,0.042195347004581725,6.607821292198628,2.0,2.0,-0.0517222972972972,-0.0472972972972972,0.1469263513513513,0.1513513513513513,0.2144939189189189,0.2189189189189189,0.3739533783783783,0.3783783783783783
8043,2024-08-13,2024,tradable,0.1470799999999999,-0.1470799999999999,False,0.3354231974921631,0.6384615384615384,0.6837944664031621,0.04910872017342222,2.0754617174714367,4.0,2.0,-0.0704842255125284,-0.0660592255125284,0.0525226082004556,0.0569476082004556,0.0661900341685649,0.0706150341685649,0.0730237471526195,0.0774487471526195
8043,2025-10-23,2025,tradable,0.09158,-0.09158,True,0.3222929936305732,0.20417633410672842,0.4786324786324785,0.0622468084767161,2.2433088052060617,4.0,3.0,0.0086591121495328,0.0130841121495328,-0.0904063084112149,-0.0859813084112149,-0.1109670560747664,-0.1065420560747664,-0.1362007009345793,-0.1317757009345793
8043,2025-11-21,2025,tradable,0.0860799999999999,-0.0860799999999999,True,0.2538940809968846,0.7330462863293863,0.5510597302504818,0.06081216859106797,2.791576405165396,6.0,4.0,-0.0507526836158191,-0.0463276836158191,-0.1547074858757061,-0.1502824858757061,-0.116289406779661,-0.111864406779661,-0.0213741525423728,-0.0169491525423728
8043,2026-04-16,2026,tradable,0.1095799999999999,-0.1095799999999999,True,0.3899556868537666,0.3578643578643579,0.21262886597938135,0.045219950119652706,3.234787422862171,2.0,2.0,0.0092161332633787,0.0136411332633787,-0.084173163693599,-0.079748163693599,-0.1072581584470094,-0.1028331584470094,-0.1083074763903462,-0.1038824763903462
8043,2026-05-19,2026,tradable,0.0530799999999999,-0.0530799999999999,False,0.21911922663802375,0.1947368421052631,0.24315443592552022,0.05471807985173225,1.9328363628418077,5.0,2.0,0.0133527777777776,0.0177777777777776,0.1555749999999999,0.1599999999999999,0.0711305555555556,0.0755555555555556,0.3911305555555556,0.3955555555555556
8043,2026-06-11,2026,tradable,-0.00312,0.00312,False,0.3206896551724139,0.49027237354085607,0.8592233009708738,0.06329675992427164,1.8114154906925226,6.0,4.0,-0.0933138888888889,-0.0888888888888889,0.0375503086419754,0.0419753086419754,0.1140935185185184,0.1185185185185184,-0.0933138888888889,-0.0888888888888889
8044,2024-10-29,2024,tradable,0.16158,-0.16158,True,0.43276661514683146,0.5450000000000002,0.5475792988313857,0.04137973186475775,11.427445019579872,2.0,2.0,-0.0166325279755849,-0.0122075279755849,-0.002390412004069,0.0020345879959309,0.1410480417090539,0.1454730417090539,0.1003562817904374,0.1047812817904374
8045,2025-01-09,2025,tradable,0.18178,-0.18178,True,0.4866581956797966,0.5940054495912805,0.6786226685796268,0.04711837399270087,3.334018717895499,2.0,2.0,-0.004425,0.0,-0.0348597826086957,-0.0304347826086957,-0.021816304347826,-0.017391304347826,-0.030511956521739,-0.026086956521739
8045,2025-07-30,2025,tradable,0.22428,-0.22428,True,0.5555555555555556,0.5463917525773194,0.569506726457399,0.046670051321187775,7.484454887727483,2.0,2.0,0.0147137559808613,0.0191387559808613,0.057775956937799,0.062200956937799,0.0960534688995215,0.1004784688995215,0.0242831339712917,0.0287081339712917
8046,2026-01-20,2026,tradable,0.02648,-0.02648,True,0.27425373134328357,0.3967280163599183,0.4258872651356993,0.03885754473364908,3.788490270311277,2.0,2.0,0.0284791487839771,0.0329041487839771,0.0885649856938483,0.0929899856938483,0.1257609799713875,0.1301859799713876,0.1243303648068668,0.1287553648068669
8046,2026-02-25,2026,tradable,0.11568,-0.11568,True,0.32773109243697474,0.5027173913043479,0.7389937106918238,0.054228272524543694,2.0790706068183615,2.0,2.0,0.0083487226277371,0.0127737226277371,-0.0920162408759124,-0.0875912408759124,-0.1631841240875912,-0.1587591240875911,-0.1494979927007299,-0.1450729927007299
8046,2026-03-18,2026,tradable,0.01588,-0.01588,False,0.20510095642933046,0.26,0.49604221635883916,0.06881085087375369,1.5110965697547514,3.0,2.0,0.0082103790613717,0.0126353790613717,-0.0405260830324909,-0.0361010830324909,-0.0296957581227437,-0.0252707581227437,0.031676083032491,0.036101083032491
8046,2026-07-01,2026,tradable,-0.0083199999999999,0.0083199999999999,False,0.23036649214659688,0.30266075388026614,0.36310904872389793,0.053129221601553006,1.118260473589784,5.0,2.0,-0.0130830086580086,-0.0086580086580086,-0.0736890692640692,-0.0692640692640692,-0.0477150432900432,-0.0432900432900432,0.0994711038961039,0.1038961038961039
8047,2024-02-27,2024,tradable,0.18128,-0.18128,True,0.37593984962406024,0.5186721991701244,0.5508474576271185,0.04786681969858009,7.150615266441952,4.0,3.0,-0.007135027100271,-0.002710027100271,-0.047785433604336,-0.043360433604336,-0.0613355691056911,-0.0569105691056911,-0.2429073848238482,-0.2384823848238482
8047,2024-11-05,2024,tradable,0.0679799999999999,-0.0679799999999999,True,0.34905660377358494,0.3838709677419354,0.34062499999999996,0.042516136114853435,8.472756500057532,3.0,3.0,-0.0297706221198157,-0.0253456221198157,0.0600911290322582,0.0645161290322582,0.0001832949308756,0.0046082949308756,0.1476487327188941,0.1520737327188941
8047,2025-10-08,2025,tradable,0.20288,-0.20288,True,0.47282608695652195,0.5055555555555555,0.8066666666666669,0.039546992799682934,3.5822230994870616,2.0,2.0,-0.0933511744966444,-0.0889261744966444,,,0.2053065436241609,0.2097315436241609,0.6298031879194631,0.6342281879194631
8047,2025-12-01,2025,tradable,0.06968,-0.06968,False,0.3317073170731708,0.24090909090909096,0.08118811881188126,0.05867370803600337,1.5589402522165423,2.0,2.0,0.010784125475285,0.015209125475285,0.0640160646387831,0.0684410646387831,-0.0405466730038022,-0.0361216730038022,-0.0443489543726236,-0.0399239543726236
8048,2023-07-06,2023,tradable,0.0460799999999999,-0.0460799999999999,True,0.2747603833865815,0.3806228373702423,0.3664383561643836,0.041890651085711855,2.5156284546757472,2.0,2.0,0.0117040322580647,0.0161290322580647,0.060091129032258,0.064516129032258,0.1184037841191067,0.1228287841191067,0.1866419975186105,0.1910669975186105
8054,2023-10-30,2023,tradable,0.09798,-0.09798,False,0.3834951456310678,0.3902439024390243,0.5833333333333333,0.04898296735113214,5.538540940150485,2.0,2.0,-0.0523823712255771,-0.0479573712255771,0.0399799733570159,0.0444049733570159,0.0435323712255774,0.0479573712255774,0.1163565275310835,0.1207815275310835
8059,2023-12-26,2023,tradable,0.1424799999999999,-0.1424799999999999,True,0.44055944055944063,0.46099290780141855,0.44055944055944063,0.038779601042688225,10.582531031140007,3.0,3.0,0.0539862149532709,0.0584112149532709,0.1497806074766355,0.1542056074766356,0.2105282710280375,0.2149532710280375,0.3063226635514019,0.3107476635514019
8059,2024-02-23,2024,tradable,0.0467799999999999,-0.0467799999999999,False,0.2095531587057009,0.28477905073649756,0.4727954971857411,0.060788016597736874,2.0921134605830534,4.0,2.0,0.0146347204574332,0.0190597204574332,-0.0184021283354511,-0.0139771283354511,-0.0133195362134689,-0.0088945362134689,-0.075581289707751,-0.071156289707751
8064,2024-02-23,2024,tradable,0.0766799999999999,-0.0766799999999999,False,0.253191489361702,0.3634259259259258,0.5748663101604279,0.03722903659615888,4.031950004275329,3.0,3.0,-0.0178029264214046,-0.0133779264214046,0.003936204013378,0.008361204013378,0.015641889632107,0.020066889632107,-0.0880370401337793,-0.0836120401337793
8064,2026-05-05,2026,tradable,0.16298,-0.16298,True,0.5923566878980893,0.4970059880239521,0.893939393939394,0.06611806669937491,0.8369204055602824,3.0,2.0,-0.1220720588235294,-0.1176470588235294,-0.192660294117647,-0.188235294117647,-0.0750132352941176,-0.0705882352941176,0.0700848039215685,0.0745098039215685
8067,2024-02-19,2024,tradable,0.0507799999999999,-0.0507799999999999,False,0.21148036253776437,0.44244604316546754,0.43727598566308257,,2.984834641715742,2.0,2.0,-0.0929417464114831,-0.0885167464114831,-0.0690183014354066,-0.0645933014354066,-0.0570565789473683,-0.0526315789473683,-0.0474872009569376,-0.0430622009569376
8067,2025-10-14,2025,tradable,0.0630799999999999,-0.0630799999999999,True,0.359504132231405,,0.295275590551181,,5.026733801458915,2.0,2.0,0.0229306231003038,0.0273556231003038,0.0016540273556232,0.0060790273556232,-0.1016894376899696,-0.0972644376899696,-0.0834523556231002,-0.0790273556231002
8068,2025-12-31,2025,tradable,0.11358,-0.11358,True,0.42364532019704426,0.42014742014742,0.6100278551532032,0.043683235301103684,8.66732449258298,2.0,2.0,-0.0535775423728813,-0.0491525423728813,-0.1112046610169491,-0.1067796610169491,-0.1230690677966101,-0.1186440677966101,-0.0569673728813559,-0.0525423728813559
8069,2026-05-13,2026,tradable,0.19338,-0.19338,True,0.4776632302405499,0.5357142857142858,0.43333333333333335,0.04596413293592408,2.8712511617628547,2.0,2.0,0.0370496543778801,0.0414746543778801,0.0047915898617511,0.0092165898617511,0.0554828341013825,0.0599078341013825,0.1430404377880184,0.1474654377880184
8071,2024-05-22,2024,tradable,0.1584799999999999,-0.1584799999999999,True,0.41874999999999996,0.5083056478405314,0.6156583629893237,0.038691459676864624,5.458799246950425,4.0,3.0,-0.0575223451327434,-0.0530973451327434,-0.084071017699115,-0.079646017699115,-0.1061949115044248,-0.1017699115044248,-0.0796462389380532,-0.0752212389380532
8071,2024-07-08,2024,tradable,0.0956799999999999,-0.0956799999999999,False,0.33000000000000007,0.4860335195530727,0.40000000000000013,0.05308888109797014,3.615258493847735,3.0,3.0,-0.1366713768115942,-0.1322463768115942,-0.1765264492753623,-0.1721014492753623,-0.2254394927536233,-0.2210144927536232,-0.2743525362318841,-0.2699275362318841
8071,2026-06-17,2026,tradable,0.0962799999999999,-0.0962799999999999,False,0.330396475770925,0.330396475770925,0.5368956743002544,0.05915461652046469,2.6307935700176026,2.0,2.0,-0.0061227928692699,-0.0016977928692699,-0.0876168505942275,-0.0831918505942275,0.0414154074702887,0.0458404074702887,0.1432829796264855,0.1477079796264855
8077,2023-11-20,2023,tradable,0.12928,-0.12928,False,,0.4962025316455696,0.4980988593155893,,4.578653558245395,2.0,2.0,-0.1042557952622673,-0.0998307952622673,-0.1414808375634517,-0.1370558375634517,-0.1787058798646362,-0.1742808798646362,-0.2074706852791877,-0.2030456852791877
8077,2024-04-16,2024,tradable,0.24018,-0.24018,True,0.606122448979592,0.5677290836653386,0.47102803738317767,0.049762576293017,3.027207289721821,2.0,2.0,-0.0119912042875156,-0.0075662042875156,-0.1103518600252205,-0.1059268600252205,-0.1443997793190415,-0.1399747793190415,-0.1317894388398486,-0.1273644388398486
8080,2024-01-30,2024,tradable,0.13078,-0.13078,True,,,,,,2.0,2.0,-0.004425,0.0,0.2004361111111111,0.2048611111111111,0.1865472222222221,0.1909722222222221,0.1379361111111109,0.1423611111111109
8080,2024-08-26,2024,tradable,0.2002799999999999,-0.2002799999999999,True,0.5573248407643312,0.5329153605015675,0.5329153605015675,0.05319652785666633,2.475030264992113,2.0,2.0,-0.004425,0.0,0.1985545158286775,0.2029795158286775,0.3829120577281192,0.3873370577281192,0.3065619646182494,0.3109869646182495
8080,2026-01-14,2026,tradable,0.1663799999999999,-0.1663799999999999,True,0.4580536912751678,0.5008635578583767,0.5008635578583767,0.04123667697086074,4.0927745289640045,2.0,2.0,-0.004425,0.0,-0.0515454188481675,-0.0471204188481675,-0.1698700261780105,-0.1654450261780105,-0.2400270942408376,-0.2356020942408376
8085,2023-05-08,2023,tradable,0.06428,-0.06428,False,0.23456790123456783,0.569506726457399,0.7543859649122808,0.04695051492805094,4.354359373261381,3.0,2.0,-0.0172272759601705,-0.0128022759601705,0.0624313300142248,0.0668563300142248,0.0368267780938834,0.0412517780938834,0.1022606330014225,0.1066856330014225
8085,2025-09-16,2025,tradable,0.0705799999999999,-0.0705799999999999,False,0.24594594594594588,0.3323699421965318,0.15829145728643224,0.04162359792452065,2.259237646521403,3.0,3.0,-0.0592495614035087,-0.0548245614035087,-0.1228460526315788,-0.1184210526315788,-0.1009162280701754,-0.0964912280701754,-0.1140741228070175,-0.1096491228070175
8085,2026-06-05,2026,tradable,0.0553799999999999,-0.0553799999999999,False,0.3303167420814479,0.2618025751072961,0.19512195121951215,0.052403840606875404,6.7421167195268,2.0,2.0,0.0370844339622641,0.0415094339622641,-0.0383872641509433,-0.0339622641509433,-0.0421608490566037,-0.0377358490566037,-0.0459344339622642,-0.0415094339622642
8087,2023-07-17,2023,tradable,0.0913799999999999,-0.0913799999999999,False,0.27212020033388984,0.524,0.6565217391304348,0.04580182189910818,4.367191266082752,2.0,2.0,-0.0648717805519053,-0.0604467805519053,-0.045160873850197,-0.040735873850197,-0.1161201379763468,-0.1116951379763468,-0.1581700722733244,-0.1537450722733244
8087,2026-03-03,2026,tradable,0.0956799999999999,-0.0956799999999999,False,0.2667757774140753,0.33910034602076133,0.29000000000000004,0.05569700307436788,4.547680515666142,2.0,2.0,-0.0420873376623377,-0.0376623376623377,-0.0810483766233767,-0.0766233766233767,-0.122606818181818,-0.118181818181818,-0.1187107142857142,-0.1142857142857142
8088,2025-03-19,2025,tradable,0.12228,-0.12228,True,0.30827067669172914,0.4652631578947368,0.5364238410596027,0.0504039236419104,1.9482751496260682,5.0,5.0,-0.001559670487106,0.0028653295128939,-0.1161728510028653,-0.1117478510028653,-0.1061441977077363,-0.1017191977077363,-0.1605854584527221,-0.156160458452722
8089,2023-11-24,2023,tradable,0.1855799999999999,-0.1855799999999999,True,0.5020242914979758,0.6379690949227375,1.049723756906077,0.04070449194582347,4.733182793286244,3.0,2.0,-0.0189945364238409,-0.0145695364238409,0.019416059602649,0.023841059602649,0.1346478476821192,0.1390728476821192,0.3227273178807947,0.3271523178807947
8091,2026-05-18,2026,tradable,0.0701799999999999,-0.0701799999999999,True,0.3025,0.3223350253807107,0.4352617079889807,0.04628339963947736,4.174036363975968,2.0,2.0,0.0013001908396946,0.0057251908396946,-0.0654937022900763,-0.0610687022900763,0.0394681297709923,0.0438931297709923,0.0089337786259541,0.0133587786259541
8092,2024-02-27,2024,tradable,0.12788,-0.12788,True,0.31778425655976705,0.6142857142857143,0.6317689530685922,0.04039243944861835,4.906322841193171,3.0,3.0,0.062966304347826,0.067391304347826,0.1325315217391304,0.1369565217391304,0.3694880434782609,0.3739130434782609,0.0694880434782608,0.0739130434782608
8092,2026-04-22,2026,tradable,0.22518,-0.22518,True,0.5720338983050848,0.5588235294117647,0.4606299212598426,0.04507761730470175,5.981873907254351,3.0,3.0,-0.0687681635388739,-0.0643431635388739,-0.1331113270777479,-0.1286863270777479,-0.1304303619302947,-0.1260053619302947,-0.041958512064343,-0.037533512064343
8093,2023-05-02,2023,tradable,0.1177799999999999,-0.1177799999999999,False,0.3013698630136987,0.4285714285714286,0.49606299212598426,0.04151700851019884,2.8887557353633686,3.0,2.0,0.0416454607046071,0.0460704607046071,0.019965243902439,0.024390243902439,-0.099275948509485,-0.094850948509485,-0.1968369241192411,-0.1924119241192411
8093,2023-07-07,2023,tradable,0.22438,-0.22438,True,0.6019736842105265,0.6909722222222223,0.6621160409556315,0.05634023371513135,4.537377946038492,2.0,2.0,-0.0399390186915887,-0.0355140186915887,-0.1109670560747664,-0.1065420560747664,-0.0661072429906541,-0.0616822429906541,-0.0960137850467289,-0.0915887850467289
8096,2024-05-07,2024,tradable,0.0716799999999999,-0.0716799999999999,False,0.24652777777777768,0.38076923076923075,0.19866444073455747,0.05182403129216387,2.309947621677044,3.0,3.0,0.0150736072423399,0.0194986072423399,-0.0476004874651809,-0.0431754874651809,-0.0670990947075209,-0.0626740947075209,0.0526780640668523,0.0571030640668523
8096,2025-02-06,2025,tradable,0.0840799999999999,-0.0840799999999999,True,0.2857142857142856,0.4117647058823528,0.3475935828877006,0.04030394721575643,5.220039364285764,2.0,2.0,0.0261093511450382,0.0305343511450382,0.1348879770992367,0.1393129770992367,0.2283994274809159,0.2328244274809159,0.4173307251908397,0.4217557251908397
8096,2026-01-30,2026,tradable,0.19978,-0.19978,True,0.5780765253360909,0.49901768172888006,0.44234404536862004,0.05117158019606304,3.5933984679807205,2.0,2.0,-0.0500573337679269,-0.0456323337679269,-0.0904745436766624,-0.0860495436766624,-0.2091186114732725,-0.2046936114732724,-0.0226779335071708,-0.0182529335071708
8103,2025-10-21,2025,tradable,0.09338,-0.09338,True,0.46653919694072665,0.39708561020036437,0.5068762278978389,0.04407222756975812,3.8318499052408383,3.0,3.0,0.0639960526315789,0.0684210526315789,0.0337328947368421,0.0381578947368421,0.0218907894736842,0.0263157894736842,0.0350486842105263,0.0394736842105263
8104,2024-07-04,2024,tradable,0.11628,-0.11628,True,0.3815950920245399,0.5509641873278237,0.6039886039886038,0.039805341140302715,5.809449464514151,4.0,4.0,-0.0247295685279188,-0.0203045685279188,-0.1693996192893401,-0.1649746192893401,-0.1245603637901861,-0.1201353637901861,-0.1279444585448393,-0.1235194585448393
8110,2025-10-08,2025,tradable,0.08878,-0.08878,False,0.2944444444444445,0.35072463768115947,0.5430463576158941,0.05177638626823097,3.5173802954661353,2.0,2.0,-0.028815243902439,-0.024390243902439,-0.0897908536585366,-0.0853658536585366,-0.0369453252032521,-0.0325203252032521,-0.0389778455284553,-0.0345528455284553
8110,2025-11-12,2025,tradable,0.24358,-0.24358,True,0.602510460251046,0.6263269639065816,0.7022222222222221,0.05691431292129537,1.126084872086917,4.0,4.0,0.0325208128078816,0.0369458128078816,-0.0438338669950739,-0.0394088669950739,-0.0967895320197044,-0.0923645320197044,-0.2027008620689656,-0.1982758620689656
8110,2025-12-12,2025,tradable,0.10758,-0.10758,True,0.3787878787878787,0.4776725304465492,0.4368421052631579,0.06690898787243311,3.822272004651306,5.0,3.0,0.0487059297912712,0.0531309297912712,-0.0309904648956358,-0.0265654648956358,-0.0215027988614801,-0.0170777988614801,0.0164478652751422,0.0208728652751422
8111,2024-08-30,2024,tradable,0.06278,-0.06278,True,0.3810623556581987,0.3971962616822431,0.34080717488789225,0.044106612846609314,4.838187010916182,3.0,3.0,-0.0375375827814569,-0.0331125827814569,-0.102107119205298,-0.097682119205298,-0.0872064569536423,-0.0827814569536423,-0.0193256622516556,-0.0149006622516556
8111,2025-03-20,2025,tradable,0.06468,-0.06468,True,0.3780000000000001,0.36435643564356446,0.5142857142857145,0.04078855337578133,6.805407775520161,3.0,3.0,-0.0360341954022986,-0.0316091954022986,-0.1308617816091953,-0.1264367816091953,-0.179712356321839,-0.175287356321839,-0.3521261494252873,-0.3477011494252873
8114,2026-05-13,2026,tradable,0.05568,-0.05568,True,0.3915492957746478,0.30343007915567277,0.49244712990936557,0.03994624567795383,4.099172401550149,2.0,2.0,-0.0167706790123457,-0.0123456790123457,-0.1237665637860082,-0.1193415637860082,-0.0291163580246913,-0.0246913580246913,0.0943404320987654,0.0987654320987654
8147,2024-02-23,2024,tradable,0.1091799999999999,-0.1091799999999999,True,0.2888665997993982,0.5594660194174756,0.7651098901098903,0.04545307098875229,6.062067661244449,4.0,3.0,0.0465553921568627,0.0509803921568627,0.0230259803921567,0.0274509803921567,0.0308691176470589,0.0352941176470589,-0.0161897058823528,-0.0117647058823529
8150,2026-05-08,2026,tradable,0.06148,-0.06148,False,0.32808022922636115,0.28929068150208614,0.5347682119205299,0.0634687430245097,2.2621290018132916,3.0,3.0,-0.0465302631578947,-0.0421052631578947,-0.1044249999999999,-0.0999999999999999,-0.1528460526315789,-0.1484210526315789,-0.1717934210526316,-0.1673684210526316
8150,2026-05-29,2026,tradable,0.13598,-0.13598,False,0.4285714285714286,0.3967861557478367,0.6189111747851004,0.06163743107821053,0.30368625233887236,2.0,2.0,-0.0619471238938052,-0.0575221238938052,-0.1566373893805309,-0.1522123893805309,-0.1477878318584071,-0.1433628318584071,-0.1460179203539823,-0.1415929203539823
8155,2026-01-29,2026,tradable,0.0580799999999999,-0.0580799999999999,False,0.3267045454545454,0.3229461756373937,0.38988095238095233,0.0343204566077403,1.857883790096196,2.0,2.0,-0.0373197368421053,-0.0328947368421053,-0.0636355263157894,-0.0592105263157894,-0.0789864035087719,-0.0745614035087719,-0.0855653508771929,-0.0811403508771929
8155,2026-03-20,2026,tradable,0.0529799999999999,-0.0529799999999999,True,0.3349514563106797,0.44356955380577423,0.2850467289719627,0.05167705956767865,3.768285760353573,2.0,2.0,-0.004425,0.0,0.0068957547169811,0.0113207547169811,0.0295372641509433,0.0339622641509433,0.0446316037735848,0.0490566037735848
8176,2023-03-06,2023,tradable,0.05768,-0.05768,False,0.3694581280788176,0.3694581280788176,0.44041450777202074,0.037610181074066315,4.408321561790647,2.0,2.0,-0.043993345323741,-0.039568345323741,-0.10874154676259,-0.10431654676259,-0.2130580935251799,-0.2086330935251799,-0.1914753597122301,-0.1870503597122301
8182,2026-04-20,2026,tradable,0.1313799999999999,-0.1313799999999999,True,0.3154670750382851,0.5421903052064632,0.6086142322097379,0.050326852645706195,5.129478022622114,2.0,2.0,0.0211563953488373,0.0255813953488373,-0.1346575581395349,-0.1302325581395349,-0.1974482558139534,-0.1930232558139534,-0.068378488372093,-0.063953488372093
8201,2023-07-19,2023,tradable,0.04048,-0.04048,False,0.3679245283018868,0.33435582822085874,0.39423076923076916,0.05254351161216502,2.870011103701072,2.0,2.0,-0.0733905172413793,-0.0689655172413793,-0.0917813218390803,-0.0873563218390803,0.0967244252873563,0.1011494252873563,-0.0389077586206896,-0.0344827586206896
8201,2025-08-25,2025,tradable,0.21968,-0.21968,True,0.5982142857142856,0.7047619047619047,0.6272727272727272,0.04482043241332315,6.282698769887923,3.0,3.0,-0.0224662371134019,-0.0180412371134019,-0.0637033505154638,-0.0592783505154638,-0.0765899484536082,-0.0721649484536082,-0.0405074742268041,-0.0360824742268041
8210,2026-05-12,2026,tradable,0.03278,-0.03278,False,0.22529644268774707,0.33047210300429186,0.7222222222222223,0.045486811260760436,1.2063795411254823,3.0,2.0,0.0089083333333334,0.0133333333333334,-0.064425,-0.06,-0.1210916666666667,-0.1166666666666667,-0.044425,-0.04
8222,2023-04-19,2023,tradable,0.10268,-0.10268,False,0.38552787663107946,0.5109961190168175,0.524804177545692,0.04091401161474191,2.569613966286753,7.0,7.0,-0.1044249999999999,-0.0999999999999999,-0.1044249999999999,-0.0999999999999999,-0.0560916666666666,-0.0516666666666666,0.0639083333333331,0.0683333333333331
8227,2023-02-09,2023,tradable,0.17758,-0.17758,True,0.3812154696132597,0.48809523809523814,0.3812154696132597,0.04867775884046432,2.5880424480674025,2.0,2.0,-0.0393087209302325,-0.0348837209302325,0.053714534883721,0.058139534883721,0.1273579457364341,0.1317829457364341,0.3521641472868216,0.3565891472868217
8227,2026-05-08,2026,tradable,0.0816799999999999,-0.0816799999999999,True,0.43137254901960786,0.37304075235109724,0.7661290322580645,0.047655803161522514,3.214163185424657,2.0,2.0,0.015891027088036,0.020316027088036,-0.0924611173814898,-0.0880361173814898,-0.0653730812641083,-0.0609480812641083,0.0204056997742664,0.0248306997742664
8227,2026-09-11,2026,tradable,0.1854799999999999,-0.1854799999999999,True,0.5078864353312302,0.484472049689441,0.5775577557755776,0.052577307351030694,3.438727294665457,2.0,2.0,-0.0023459979209979,0.002079002079002,0.126552130977131,0.130977130977131,0.15565816008316,0.16008316008316,0.3968224012474012,0.4012474012474012
8227,2026-09-30,2026,tradable,0.03858,-0.03858,True,0.288695652173913,0.537344398340249,1.3674121405750799,0.04946092487798327,0.2369129756261245,5.0,2.0,-0.0465857378129117,-0.0421607378129117,-0.0399981225296442,-0.0355731225296442,-0.0241878458498023,-0.0197628458498023,,
8234,2025-02-12,2025,tradable,0.1263799999999999,-0.1263799999999999,False,0.3355932203389831,0.3946902654867257,0.2104454685099848,0.044744054140569936,5.998403971518604,2.0,2.0,-0.0206749999999999,-0.0162499999999999,0.0930749999999999,0.0974999999999999,0.1743249999999999,0.1787499999999999,0.2293250000000001,0.2337500000000001
8240,2026-03-18,2026,tradable,0.1587799999999999,-0.1587799999999999,True,0.4023529411764706,0.5746367239101717,0.5012594458438286,0.047400958994011214,2.108117284321153,2.0,2.0,-0.058393253968254,-0.053968253968254,-0.1298218253968254,-0.1253968253968254,-0.1218853174603174,-0.1174603174603174,-0.1155361111111111,-0.1111111111111111
8249,2024-09-13,2024,tradable,0.20358,-0.20358,True,0.4425287356321841,0.5835962145110412,0.6817420435510888,0.046237982667442425,2.863227417488346,5.0,5.0,-0.004425,0.0,0.0227489130434782,0.0271739130434782,0.1187634057971013,0.1231884057971013,0.1006474637681159,0.1050724637681159
8261,2026-05-27,2026,tradable,0.09928,-0.09928,False,0.3087248322147651,0.4772727272727273,0.6455696202531647,0.042400801753159995,2.2922418338181965,4.0,2.0,-0.004425,0.0,-0.0886355263157895,-0.0842105263157895,-0.1044249999999999,-0.0999999999999999,-0.1807407894736842,-0.1763157894736842
8261,2026-06-23,2026,tradable,0.14558,-0.14558,False,0.3978494623655915,0.6666666666666667,0.4772727272727273,0.06411721150643054,2.0038830401495784,3.0,2.0,-0.0164490480961923,-0.0120240480961923,-0.0264690881763527,-0.0220440881763527,0.0797433366733467,0.0841683366733467,0.3663164829659319,0.3707414829659319
8261,2026-07-07,2026,tradable,0.06788,-0.06788,True,0.2643253234750462,0.3153846153846154,1.1923076923076925,0.06227760883827498,1.7847257843622608,4.0,2.0,-0.0241433098591549,-0.0197183098591549,-0.180481338028169,-0.176056338028169,-0.1480869718309859,-0.1436619718309859,-0.2889320422535211,-0.2845070422535211
8271,2025-10-16,2025,tradable,0.13648,-0.13648,True,0.45536869340232866,0.5517241379310345,0.6328011611030477,0.04338348011408363,3.5287002368181093,5.0,5.0,0.0135122197309417,0.0179372197309417,-0.0223622197309417,-0.0179372197309417,-0.0223622197309417,-0.0179372197309417,-0.0761738789237668,-0.0717488789237668
8271,2026-03-13,2026,tradable,0.13878,-0.13878,True,0.43388429752066116,0.42798353909465026,0.6367924528301887,0.05642577397870748,0.2860158154002002,3.0,3.0,0.0035115079365079,0.0079365079365079,0.077585582010582,0.082010582010582,-0.0097160052910053,-0.0052910052910053,-0.2398747354497354,-0.2354497354497354
8271,2026-04-22,2026,tradable,0.13768,-0.13768,True,0.49216300940438873,0.5305466237942122,0.4041297935103245,0.06809300543324838,2.0009977599048203,2.0,2.0,-0.1321263752455795,-0.1277013752455795,-0.1753483791748527,-0.1709233791748526,-0.1478434675834971,-0.143418467583497,-0.0299652750491159,-0.0255402750491159
8277,2026-06-02,2026,tradable,0.1434799999999999,-0.1434799999999999,True,0.4689265536723164,0.48997134670487097,0.4035087719298245,0.045221959494346764,2.115140584111077,2.0,2.0,-0.004425,0.0,-0.0438986842105264,-0.0394736842105264,-0.0175828947368421,-0.0131578947368421,-0.092144298245614,-0.087719298245614
8289,2026-03-02,2026,tradable,0.08288,-0.08288,True,0.4246323529411764,0.4220183486238531,0.5881147540983607,0.05671888774782336,2.8221577729159115,3.0,2.0,-0.0237954600484261,-0.0193704600484261,-0.1206477602905568,-0.1162227602905568,-0.2150787530266342,-0.2106537530266342,-0.0843281476997578,-0.0799031476997578
8289,2026-04-20,2026,tradable,0.12978,-0.12978,True,0.3156626506024096,0.5272727272727273,0.49794238683127556,0.05845190004846885,2.2677735579416325,2.0,2.0,-0.0385546928327644,-0.0341296928327644,-0.1887253412969284,-0.1843003412969284,-0.2859949658703071,-0.2815699658703071,-0.1622748293515358,-0.1578498293515358
8291,2026-04-29,2026,tradable,0.23868,-0.23868,True,0.45818181818181825,,,,0.35038386239315783,2.0,2.0,-0.004425,0.0,0.2041917800453513,0.2086167800453513,0.4558924603174604,0.4603174603174604,1.3402462018140593,1.3446712018140592
8299,2025-09-15,2025,tradable,-0.0179199999999999,0.0179199999999999,True,0.23191094619666042,0.37474120082815743,0.37474120082815743,0.03698287027626153,3.3199049424419016,3.0,2.0,0.028608033033033,0.033033033033033,0.0796590840840841,0.0840840840840841,0.1021816066066067,0.1066066066066067,0.05563506006006,0.06006006006006
8299,2025-10-08,2025,tradable,0.0416799999999999,-0.0416799999999999,True,0.21104815864022664,0.1601085481682496,0.5862708719851577,0.04726851640772034,1.154059599013371,3.0,2.0,-0.006687443438914,-0.002262443438914,-0.1209408371040724,-0.1165158371040724,-0.0315743212669683,-0.0271493212669683,-0.008949886877828,-0.004524886877828
8299,2026-05-12,2026,tradable,0.0585799999999999,-0.0585799999999999,False,0.2884160756501182,0.4850136239782017,0.5843023255813953,0.053789422103580745,1.4868832109833432,3.0,2.0,-0.0138767958412098,-0.0094517958412098,-0.002534640831758,0.0018903591682419,-0.0724779300567107,-0.0680529300567107,-0.0573550567107749,-0.052930056710775
8358,2025-08-15,2025,tradable,0.14788,-0.14788,True,0.3440000000000001,0.48672566371681425,1.009569377990431,0.050092341690400236,0.9284461931587097,5.0,4.0,0.0350116197183098,0.0394366197183098,-0.0917489436619718,-0.0873239436619718,0.0124764084507042,0.0169014084507042,0.2209271126760562,0.2253521126760562
8358,2026-04-15,2026,tradable,0.06978,-0.06978,False,0.2467289719626169,0.42826552462526757,0.3340000000000001,0.05704024128332455,3.3733272469451596,2.0,2.0,-0.0206014705882353,-0.0161764705882353,0.183810294117647,0.188235294117647,0.1529279411764706,0.1573529411764707,0.0823397058823528,0.0867647058823528
8358,2026-04-20,2026,tradable,0.1497799999999999,-0.1497799999999999,True,0.4076655052264808,0.7565217391304349,0.5018587360594795,0.06157476563160809,1.6578301282214325,4.0,2.0,-0.030415099009901,-0.025990099009901,-0.0885834158415841,-0.0841584158415841,-0.1739794554455446,-0.1695544554455446,0.0673571782178218,0.0717821782178218
8374,2024-05-28,2024,tradable,0.22158,-0.22158,True,0.6045380875202593,0.6390728476821192,0.6071428571428572,0.044841113365308764,1.379555144072217,3.0,3.0,-0.004425,0.0,0.2032955882352941,0.2077205882352941,0.1904279411764705,0.1948529411764705,0.214325,0.21875
8374,2024-07-05,2024,tradable,0.30638,-0.30638,True,0.5936739659367396,0.5595238095238095,0.9969512195121952,0.07111331735769556,1.8240579488130724,5.0,4.0,-0.1676194444444444,-0.1631944444444444,-0.2023416666666666,-0.1979166666666666,-0.285675,-0.28125,-0.2127583333333333,-0.2083333333333333
8383,2026-07-16,2026,tradable,0.1340799999999999,-0.1340799999999999,True,0.37381703470031535,0.4093851132686084,0.44925124792013293,0.048633925296945615,3.9949687625719137,2.0,2.0,0.0173890068886338,0.0218140068886338,-0.0342757462686566,-0.0298507462686566,0.0059079506314582,0.0103329506314582,-0.2891551951779564,-0.2847301951779564
8404,2024-10-07,2024,tradable,0.13878,-0.13878,True,0.49873417721518987,0.510204081632653,0.7360703812316716,0.042234275695975494,11.51663580718877,2.0,2.0,-0.0214607751277683,-0.0170357751277683,-0.0146464650766609,-0.0102214650766609,-0.0163500425894378,-0.0119250425894378,0.1880792589437819,0.1925042589437819
8409,2023-07-25,2023,tradable,0.10188,-0.10188,False,0.3494208494208495,0.5,0.5228758169934642,0.04351647674498323,3.589352545584929,3.0,3.0,-0.0732955234159779,-0.0688705234159779,-0.1518079201101928,-0.1473829201101928,-0.2330751377410468,-0.2286501377410468,-0.2454718319559228,-0.2410468319559228
8422,2026-01-14,2026,tradable,0.2337800000000001,-0.2337800000000001,False,0.487106017191977,0.724252491694352,1.2132196162046909,0.04640152763456147,0.36864662625183037,5.0,2.0,-0.0076232942430703,-0.0031982942430703,-0.0449367270788912,-0.0405117270788912,-0.0886467484008528,-0.0842217484008528,-0.1472821428571428,-0.1428571428571428
8423,2024-03-07,2024,tradable,0.10648,-0.10648,False,0.40995260663507094,0.4371980676328502,0.3522727272727273,0.040608165841656635,6.491719008172507,2.0,2.0,-0.0777583333333333,-0.0733333333333333,-0.0877583333333333,-0.0833333333333333,-0.1010916666666665,-0.0966666666666665,-0.0944249999999999,-0.0899999999999999
8426,2023-05-18,2023,tradable,0.16438,-0.16438,True,0.5655095184770438,0.4294478527607364,0.444214876033058,0.055195439757413006,3.2224409324310614,2.0,2.0,-0.0747698275862068,-0.0703448275862068,-0.0168387931034483,-0.0124137931034483,-0.0761491379310344,-0.0717241379310344,-0.0389077586206896,-0.0344827586206896
8431,2025-12-10,2025,tradable,0.0956799999999999,-0.0956799999999999,False,0.20123839009287914,0.2904656319290466,0.37264150943396235,0.03294110552452965,4.71488038030554,3.0,3.0,-0.0676728632478632,-0.0632478632478632,0.1271989316239316,0.1316239316239316,0.0605322649572649,0.0649572649572649,0.1801903846153846,0.1846153846153846
8431,2026-09-04,2026,tradable,0.1304799999999999,-0.1304799999999999,False,0.32053742802303264,0.4763948497854076,0.4318418314255983,0.041297033171372365,7.878064937907173,3.0,3.0,-0.0304742040520983,-0.0260492040520983,-0.1187520622286539,-0.1143270622286539,-0.1809807163531114,-0.1765557163531114,-0.0999387481910274,-0.0955137481910274
8437,2024-07-16,2024,tradable,0.10928,-0.10928,False,0.2898089171974523,0.43617021276595747,0.39655172413793105,0.03938238966248245,2.7931596994493426,2.0,2.0,-0.032820061728395,-0.028395061728395,-0.1192398148148148,-0.1148148148148148,-0.2007212962962964,-0.1962962962962964,-0.2118324074074073,-0.2074074074074073
8438,2026-01-02,2026,tradable,0.18648,-0.18648,True,0.5531197301854975,0.5610169491525423,0.5716723549488054,0.04175883016758068,4.191795409890167,3.0,3.0,0.0671585140997829,0.0715835140997829,0.0704123101952277,0.0748373101952277,0.0975272776572667,0.1019522776572667,0.2754014642082428,0.2798264642082428
8440,2024-06-28,2024,tradable,0.1133799999999999,-0.1133799999999999,True,0.3571428571428572,0.4285714285714286,0.45038167938931317,0.03940673830753365,8.719410747968606,2.0,2.0,0.0790740059642146,0.0834990059642146,0.2102867296222664,0.2147117296222664,0.146668439363817,0.151093439363817,0.1287757952286282,0.1332007952286282
8444,2026-05-14,2026,tradable,0.0649799999999999,-0.0649799999999999,True,0.3630769230769231,0.5571177504393672,0.7038461538461538,0.047145518213785466,1.877833874981219,2.0,2.0,0.1091552469135802,0.1135802469135802,-0.1019558641975308,-0.0975308641975308,-0.1822027777777777,-0.1777777777777777,-0.313066975308642,-0.308641975308642
8444,2026-06-26,2026,tradable,0.0972799999999999,-0.0972799999999999,False,0.43260869565217397,0.3448979591836734,0.17678571428571432,0.06479603533297551,0.10744078559841468,3.0,2.0,0.005575,0.01,-0.0710916666666667,-0.0666666666666667,-0.1027583333333332,-0.0983333333333332,-0.0810916666666666,-0.0766666666666666
8454,2026-06-03,2026,tradable,0.17908,-0.17908,True,0.5287958115183247,0.5012853470437018,0.6177285318559558,0.04557878770050955,3.569899817335106,2.0,2.0,0.0584889072847682,0.0629139072847682,0.2803432119205297,0.2847682119205297,0.4839855960264901,0.4884105960264902,0.0386213576158941,0.0430463576158941
8455,2026-05-19,2026,tradable,0.1129799999999999,-0.1129799999999999,True,0.4153297682709447,0.6337448559670782,0.9040767386091126,0.06130832914212402,1.3349728020240355,2.0,2.0,-0.004425,0.0,-0.0857537514318441,-0.0813287514318441,-0.0880447021764031,-0.0836197021764031,-0.0605532932416952,-0.0561282932416952
8467,2023-11-21,2023,tradable,0.15548,-0.15548,True,0.48972602739726034,0.5685096153846154,0.6171003717472119,0.042613509285335825,5.266964885343091,2.0,2.0,0.0568776819923372,0.0613026819923372,0.0568776819923372,0.0613026819923372,0.2369543103448276,0.2413793103448276,0.0951918582375478,0.0996168582375478
8467,2024-01-10,2024,tradable,0.10368,-0.10368,True,0.4285714285714286,0.41176470588235303,0.4457831325301205,0.047359192538040495,4.828504055007052,2.0,2.0,-0.0215678571428571,-0.0171428571428571,-0.0358535714285714,-0.0314285714285714,-0.0472821428571428,-0.0428571428571428,-0.0129964285714285,-0.0085714285714285
8472,2025-08-05,2025,tradable,0.1144799999999999,-0.1144799999999999,True,0.4249512670565301,0.36635514018691584,1.5830388692579502,,3.4138300953555354,2.0,2.0,0.0954382010943914,0.0998632010943914,0.0024149452804377,0.0068399452804377,0.1556297195622434,0.1600547195622434,0.3635640560875514,0.3679890560875514
8477,2023-12-26,2023,tradable,0.0670799999999999,-0.0670799999999999,False,0.23140495867768607,0.48013245033112595,0.44660194174757306,0.04894981652052799,1.2463188501034717,3.0,2.0,-0.0426415605095542,-0.0382165605095542,-0.0150407112526539,-0.0106157112526539,-0.0532572717622081,-0.0488322717622081,-0.2188623673036094,-0.2144373673036094
8478,2023-03-24,2023,tradable,0.00478,-0.00478,True,0.2614980289093298,0.24837451235370622,0.29380053908355785,0.03918273697165242,3.6228032526119516,3.0,3.0,0.0864840909090908,0.0909090909090908,0.0534262396694215,0.0578512396694215,0.0596245867768595,0.0640495867768595,0.0720212809917354,0.0764462809917354
8478,2025-07-03,2025,tradable,0.05308,-0.05308,False,0.252054794520548,0.5335570469798658,0.5439189189189189,0.0495235485135466,1.1296475386147107,3.0,2.0,-0.0128638185654008,-0.0084388185654008,-0.0381802742616034,-0.0337552742616034,-0.0508385021097046,-0.0464135021097046,-0.1099102320675105,-0.1054852320675105
8499,2025-07-14,2025,tradable,0.0482799999999999,-0.0482799999999999,True,0.30810810810810807,0.40289855072463765,0.6805555555555556,0.04087734681259792,7.848509124903396,2.0,2.0,-0.0003097736625513,0.0041152263374486,0.158126440329218,0.1625514403292181,0.1642992798353909,0.1687242798353909,0.1457807613168723,0.1502057613168723
8499,2025-12-12,2025,tradable,0.01608,-0.01608,False,0.20763358778625962,0.4049733570159857,0.594758064516129,0.045355870737563676,1.293305966249422,3.0,2.0,-0.0018476804123711,0.0025773195876288,-0.0134456185567009,-0.0090206185567009,0.0033069587628865,0.0077319587628865,-0.0804559278350515,-0.0760309278350515
8906,2024-05-06,2024,tradable,0.16428,-0.16428,True,0.3536299765807962,0.5495978552278822,0.5792349726775954,0.04842855165459435,5.1566192397684185,3.0,2.0,0.0645985690235689,0.0690235690235689,0.1252046296296295,0.1296296296296295,0.1706591750841751,0.1750841750841751,0.2262147306397305,0.2306397306397305
8933,2026-01-22,2026,tradable,0.18738,-0.18738,True,0.526578073089701,0.5445378151260503,0.5316666666666665,0.042234280196283516,7.553385696851059,3.0,3.0,-0.1071277027027026,-0.1027027027027026,-0.1892898648648648,-0.1848648648648648,-0.1968574324324324,-0.1924324324324324,-0.1849655405405406,-0.1805405405405405
8935,2025-08-12,2025,tradable,0.0665799999999999,-0.0665799999999999,True,0.23579545454545436,0.5263157894736843,0.3987138263665595,0.053299732652220565,1.5148077999180618,2.0,2.0,-0.008626680672269,-0.004201680672269,-0.02333256302521,-0.01890756302521,-0.0884586134453781,-0.0840336134453781,-0.0170300420168067,-0.0126050420168067
8937,2024-07-10,2024,tradable,0.15058,-0.15058,True,0.47844827586206895,0.46895074946466786,0.5043859649122806,0.04035187847994857,11.110297362714356,2.0,2.0,0.010131040756914,0.014556040756914,0.0829112445414847,0.0873362445414847,0.0523435589519648,0.0567685589519648,0.1542358442503638,0.1586608442503638
8940,2023-02-21,2023,tradable,0.07108,-0.07108,True,0.27642276422764245,0.3893805309734515,0.42727272727272725,0.03592804796139481,2.3035950939549052,3.0,3.0,0.121661956521739,0.126086956521739,0.095575,0.1,0.2194880434782607,0.2239130434782608,0.112966304347826,0.117391304347826
8996,2024-03-25,2024,tradable,0.00538,-0.00538,False,0.1941896024464831,0.2456140350877194,0.4462962962962962,0.047210505877711056,1.8844028551556922,4.0,2.0,-0.0508167525773195,-0.0463917525773195,-0.0276208762886598,-0.0231958762886598,-0.0688579896907216,-0.0644329896907216,-0.0933425257731958,-0.0889175257731959
8996,2024-05-02,2024,tradable,-0.0188199999999999,0.0188199999999999,False,0.1701244813278009,0.26268656716417915,0.165289256198347,0.045568788328983895,1.9397608837032365,3.0,2.0,-0.0391472222222222,-0.0347222222222222,-0.0576657407407407,-0.0532407407407407,-0.0206287037037037,-0.0162037037037037,0.0071490740740741,0.0115740740740741
8996,2025-10-09,2025,tradable,-0.0085199999999999,0.0085199999999999,False,0.1933240611961058,0.2941176470588236,0.27299703264094966,0.039760979276665324,2.0493214462689613,2.0,2.0,0.0352772332506202,0.0397022332506202,0.2511581265508685,0.2555831265508685,0.342969540942928,0.347394540942928,0.3181556451612902,0.3225806451612902
8996,2026-01-14,2026,tradable,-0.0195199999999999,0.0195199999999999,True,0.31338028169014076,0.2884283246977548,0.492,0.04355125325346085,1.9336493300629023,5.0,2.0,-0.029218388429752,-0.024793388429752,-0.0278409779614324,-0.0234159779614324,-0.0443699035812672,-0.0399449035812672,0.0644455234159778,0.0688705234159778
8996,2026-06-22,2026,tradable,0.04448,-0.04448,True,0.3580786026200873,0.38222222222222224,0.329059829059829,0.06400032497100895,0.9835198283376672,6.0,3.0,-0.0377583333333333,-0.0333333333333333,-0.0310916666666666,-0.0266666666666666,-0.0210916666666667,-0.0166666666666667,-0.054425,-0.05
8996,2026-08-07,2026,tradable,0.03548,-0.03548,False,0.22222222222222232,0.03980099502487566,-0.15040650406504064,0.07054263459085744,1.6280906878999635,5.0,3.0,0.0049646713615022,0.0093896713615022,0.0941665492957747,0.0985915492957747,0.1974529342723004,0.2018779342723005,0.0190491784037557,0.0234741784037557
9906,2024-07-11,2024,tradable,0.05378,-0.05378,False,0.25757575757575757,0.398876404494382,0.4393063583815029,0.03612550162515094,3.391363444583773,2.0,2.0,-0.0125221659919028,-0.0080971659919028,0.1291782388663968,0.1336032388663968,0.1939555668016194,0.1983805668016194,0.4530648785425101,0.4574898785425101
9919,2023-12-01,2023,tradable,0.23748,-0.23748,True,0.607142857142857,0.6449086161879898,0.726027397260274,0.04355733551642174,4.813750745559972,3.0,3.0,0.0142085403726707,0.0186335403726707,-0.1038038819875777,-0.0993788819875777,-0.1348597826086957,-0.1304347826086956,-0.2202635093167703,-0.2158385093167703
9929,2026-03-23,2026,tradable,0.0593799999999999,-0.0593799999999999,False,0.3429951690821258,0.3694581280788176,0.3301435406698565,0.05147392487942818,1.3001694198942224,2.0,2.0,-0.0835616906474819,-0.0791366906474819,-0.123130035971223,-0.118705035971223,-0.0943530575539568,-0.0899280575539568,-0.1159357913669065,-0.1115107913669065
9950,2023-06-27,2023,tradable,0.1744799999999999,-0.1744799999999999,True,0.48299319727891166,0.5191637630662023,0.6029411764705883,0.045269446242384104,5.590996427111198,2.0,2.0,-0.0722216101694915,-0.0677966101694915,-0.1040012711864407,-0.0995762711864407,-0.1124758474576271,-0.1080508474576271,-0.1739165254237288,-0.1694915254237288
