symbol,announce,start,end,duration,condition,seg1_during,seg2_gap,seg3_exit_day,total,day1_to_end,day1_to_exit,day1_to_exit_open,day2_to_end,day2_to_exit,day2_to_exit_open,day3_to_end,day3_to_exit,day3_to_exit_open,day4_to_end,day4_to_exit,day4_to_exit_open,day5_to_end,day5_to_exit,day5_to_exit_open,day6_to_end,day6_to_exit,day6_to_exit_open,day7_to_end,day7_to_exit,day7_to_exit_open
1235,2025-06-02,2025-06-03,2025-06-16,10,連續三次,0.11111111111111116,-0.020588235294117685,0.018018018018018056,0.1078431372549018,0.11111111111111116,0.1078431372549018,0.08823529411764697,0.10929853181076687,0.10603588907014672,0.08646003262642732,0.07765451664025358,0.074484944532488,0.05546751188589538,0.06750392464678168,0.06436420722134994,0.04552590266875978,0.07594936708860756,0.07278481012658222,0.05379746835443022,0.07765451664025358,0.074484944532488,0.05546751188589538,0.04615384615384621,0.04307692307692301,0.024615384615384484
1303,2026-06-23,2026-06-24,2026-07-07,10,連續三次,0.14432989690721643,0.006006006006006093,0.08656716417910437,0.2508591065292096,0.14432989690721643,0.2508591065292096,0.15120274914089338,0.04062499999999991,0.13749999999999996,0.046875,0.08116883116883122,0.18181818181818188,0.08766233766233755,0.14827586206896548,0.2551724137931035,0.15517241379310343,0.060509554140127486,0.15923566878980888,0.06687898089171984,-0.06197183098591552,0.025352112676056304,-0.05633802816901412,-0.045845272206303744,0.042979942693409656,-0.04011461318051579
1409,2026-06-03,2026-06-04,2026-06-17,10,連續三次,-0.06677796327212016,-0.07155635062611809,-0.01348747591522148,-0.1452420701168614,-0.06677796327212016,-0.1452420701168614,-0.13355592654424042,0.07088122605363978,-0.019157088122605415,-0.005747126436781658,0.14784394250513344,0.05133470225872694,0.0657084188911703,0.07499999999999996,-0.01538461538461533,-0.0019230769230769162,0.0982318271119842,0.005893909626719207,0.01964636542239684,0.0982318271119842,0.005893909626719207,0.01964636542239684,0.0982318271119842,0.005893909626719207,0.01964636542239684
1419,2025-05-23,2025-05-26,2025-06-09,10,連續三次,-0.13735558408215665,-0.017857142857142905,0.0181818181818183,-0.13735558408215665,-0.13735558408215665,-0.13735558408215665,-0.15275994865211817,-0.1952095808383233,-0.1952095808383233,-0.20958083832335328,-0.1063829787234043,-0.1063829787234043,-0.12234042553191493,-0.1261378413524058,-0.1261378413524058,-0.14174252275682708,-0.06145251396648033,-0.06145251396648033,-0.07821229050279321,-0.03170028818443804,-0.03170028818443804,-0.04899135446685887,0.007496251874062887,0.007496251874062887,-0.010494752623688153
1435,2026-06-29,2026-06-30,2026-07-14,10,連續三次,-0.013011152416356753,0.0,0.0,-0.013011152416356753,-0.013011152416356753,-0.013011152416356753,-0.013011152416356753,-0.11647254575707155,-0.11647254575707155,-0.11647254575707155,-0.18181818181818188,-0.18181818181818188,-0.18181818181818188,-0.10756302521008398,-0.10756302521008398,-0.10756302521008398,-0.009328358208955279,-0.009328358208955279,-0.009328358208955279,-0.009328358208955279,-0.009328358208955279,-0.009328358208955279,-0.05178571428571421,-0.05178571428571421,-0.05178571428571421
1435,2026-07-02,2026-07-03,2026-07-17,10,連續三次,-0.2302521008403362,-0.01091703056768556,-0.08830022075055188,-0.3058823529411765,-0.2302521008403362,-0.3058823529411765,-0.238655462184874,-0.14552238805970152,-0.2294776119402986,-0.1548507462686568,-0.14552238805970152,-0.2294776119402986,-0.1548507462686568,-0.18214285714285716,-0.26250000000000007,-0.19107142857142867,-0.1792114695340502,-0.2598566308243728,-0.18817204301075274,-0.21034482758620698,-0.2879310344827587,-0.21896551724137936,-0.1806797853309482,-0.261180679785331,-0.1896243291592129
1447,2026-07-03,2026-07-06,2026-07-20,10,連續三次,-0.2790697674418605,-0.003870967741935516,-0.009067357512953289,-0.2883720930232557,-0.2790697674418605,-0.2883720930232557,-0.28186046511627905,-0.18506834910620396,-0.19558359621451094,-0.18822292323869616,-0.12131519274376423,-0.13265306122448983,-0.12471655328798192,-0.1091954022988505,-0.1206896551724137,-0.11264367816091947,-0.09250585480093665,-0.10421545667447296,-0.09601873536299754,-0.08066429418742582,-0.092526690391459,-0.08422301304863578,-0.0662650602409639,-0.07831325301204828,-0.06987951807228932
1471,2026-01-28,2026-01-29,2026-02-11,10,連續三次,-0.19999999999999996,0.01388888888888884,0.0182648401826484,-0.17407407407407405,-0.19999999999999996,-0.17407407407407405,-0.188888888888889,-0.1359999999999999,-0.10799999999999998,-0.12400000000000011,-0.11475409836065564,-0.08606557377049173,-0.10245901639344268,-0.11111111111111105,-0.08230452674897115,-0.09876543209876554,-0.1660231660231659,-0.13899613899613894,-0.15444015444015446,-0.17557251908396942,-0.14885496183206104,-0.16412213740458015,-0.14624505928853748,-0.11857707509881421,-0.13438735177865624
1515,2026-07-06,2026-07-07,2026-07-21,10,連續三次,0.022836538461538325,-0.012925969447708519,-0.08809523809523812,-0.07932692307692313,0.022836538461538325,-0.07932692307692313,0.009615384615384581,0.08269720101781175,-0.025445292620865145,0.06870229007633588,0.021608643457383003,-0.08043217286914772,0.008403361344537785,0.021608643457383003,-0.08043217286914772,0.008403361344537785,0.021608643457383003,-0.08043217286914772,0.008403361344537785,0.04289215686274517,-0.06127450980392157,0.02941176470588247,0.015513126491646823,-0.08591885441527447,0.0023866348448686736
1515,2026-07-30,2026-07-31,2026-08-07,6,連續三次,0.09352517985611497,0.0,0.026315789473684292,0.1223021582733812,0.09352517985611497,0.1223021582733812,0.09352517985611497,0.08571428571428563,0.11428571428571432,0.08571428571428563,0.013333333333333197,0.040000000000000036,0.013333333333333197,0.03931623931623918,0.06666666666666665,0.03931623931623918,-0.030303030303030387,-0.004784688995215336,-0.030303030303030387,-0.07878787878787885,-0.054545454545454564,-0.07878787878787885,,,
1519,2025-11-05,2025-11-06,2025-11-19,10,連續三次,-0.04458598726114649,0.052000000000000046,-0.0633713561470215,-0.05859872611464967,-0.04458598726114649,-0.05859872611464967,0.005095541401273884,-0.0066225165562914245,-0.021192052980132492,0.04503311258278142,-0.019607843137254943,-0.033986928104575154,0.031372549019607954,-0.032258064516129004,-0.04645161290322586,0.01806451612903226,-0.019607843137254943,-0.033986928104575154,0.031372549019607954,-0.024707412223667125,-0.03901170351105332,0.026007802340702213,0.034482758620689724,0.0193103448275862,0.08827586206896543
1528,2025-12-31,2026-01-02,2026-01-15,10,連續三次,0.12173913043478257,0.06976744186046524,0.02717391304347827,0.232608695652174,0.12173913043478257,0.232608695652174,0.19999999999999996,0.13157894736842102,0.24342105263157898,0.21052631578947367,0.17539863325740335,0.2915717539863327,0.2574031890660593,0.19999999999999996,0.3186046511627907,0.2837209302325583,0.17808219178082196,0.29452054794520555,0.2602739726027399,0.219858156028369,0.34042553191489366,0.3049645390070923,0.14666666666666672,0.26,0.2266666666666668
1528,2026-01-21,2026-01-22,2026-02-04,10,連續三次,-0.11258278145695355,0.035447761194029814,0.0612612612612613,-0.024834437086092676,-0.11258278145695355,-0.024834437086092676,-0.08112582781456956,-0.07105719237435015,0.020797227036394972,-0.03812824956672445,-0.08998302207130726,0.0,-0.05772495755517826,-0.07586206896551717,0.01551724137931032,-0.0431034482758621,-0.06944444444444442,0.02256944444444442,-0.03645833333333337,-0.06293706293706292,0.029720279720279574,-0.029720279720279796,-0.04626334519572961,0.04804270462633453,-0.01245551601423489
1563,2026-06-02,2026-06-03,2026-06-16,10,連續三次,-0.04637681159420293,-0.06079027355623101,-0.003236245954692518,-0.10724637681159421,-0.04637681159420293,-0.10724637681159421,-0.10434782608695659,-0.030927835051546504,-0.09278350515463918,-0.08983799705449202,-0.00303030303030305,-0.06666666666666665,-0.06363636363636371,0.11904761904761907,0.04761904761904767,0.05102040816326525,0.03949447077409163,-0.026856240126382214,-0.023696682464455,0.08401976935749578,0.014827018121911006,0.01812191103789118,0.1443478260869564,0.07130434782608708,0.07478260869565223
1568,2026-05-29,2026-06-01,2026-06-12,10,連續三次,-0.14731182795698927,0.008827238335435084,0.06499999999999995,-0.08387096774193548,-0.14731182795698927,-0.08387096774193548,-0.13978494623655913,-0.20700000000000007,-0.14800000000000002,-0.19999999999999996,-0.17309697601668417,-0.11157455683003126,-0.16579770594369136,-0.13238512035010952,-0.06783369803063455,-0.12472647702407003,-0.023399014778325178,0.049261083743842304,-0.014778325123152691,0.005069708491761693,0.07984790874524705,0.0139416983523446,-0.04457831325301209,0.026506024096385472,-0.03614457831325302
1568,2026-06-03,2026-06-04,2026-06-17,10,連續三次,-0.08315098468271342,-0.014319809069212486,0.11501210653753025,0.007658643326039272,-0.08315098468271342,0.007658643326039272,-0.0962800875273524,0.03201970443349755,0.13423645320197042,0.01724137931034475,0.06210392902408102,0.16730038022813676,0.046894803548795716,0.009638554216867545,0.10963855421686741,-0.004819277108433773,0.03584672435105052,0.13844252163164383,0.021013597033374465,0.11733333333333329,0.22799999999999998,0.10133333333333328,0.10263157894736841,0.21184210526315783,0.08684210526315783
1589,2026-03-04,2026-03-05,2026-03-18,10,連續三次,0.05494505494505497,0.0405092592592593,-0.06562847608453837,0.025641025641025772,0.05494505494505497,0.025641025641025772,0.09768009768009778,0.17073170731707332,0.1382113821138211,0.21815718157181574,0.299248120300752,0.26315789473684204,0.35187969924812035,0.44240400667779634,0.40233722871452415,0.5008347245409015,0.31306990881458985,0.27659574468085113,0.3662613981762919,0.2705882352941178,0.23529411764705888,0.32205882352941173,0.15200000000000014,0.1200000000000001,0.19866666666666677
1589,2026-03-09,2026-03-10,2026-03-23,10,連續三次,0.2871452420701168,0.015564202334630295,-0.0025542784163474774,0.3038397328881468,0.2871452420701168,0.3038397328881468,0.3071786310517528,0.17173252279635265,0.18693009118541015,0.18996960486322179,0.13382352941176467,0.1485294117647058,0.15147058823529425,0.028000000000000025,0.04133333333333322,0.04400000000000004,-0.036250000000000004,-0.02375000000000005,-0.02124999999999999,-0.1317567567567568,-0.12049549549549565,-0.11824324324324331,-0.024050632911392422,-0.0113924050632912,-0.008860759493670933
1591,2026-04-14,2026-04-15,2026-04-28,10,因連續3個營業日達本中心作業要點第四條第一項第一款,0.04761904761904767,0.006493506493506551,0.012903225806451646,0.06802721088435382,0.04761904761904767,0.06802721088435382,0.054421768707483054,0.014827018121911006,0.034596375617792274,0.021416803953871355,0.0620689655172415,0.08275862068965512,0.06896551724137923,0.026666666666666616,0.046666666666666634,0.03333333333333344,-0.06666666666666665,-0.048484848484848575,-0.06060606060606055,-0.10724637681159421,-0.08985507246376812,-0.10144927536231885,-0.0434782608695653,-0.024844720496894568,-0.037267080745341685
1591,2026-05-20,2026-05-21,2026-06-03,10,因連續3個營業日達本中心作業要點第四條第一項第一款,0.25726744186046524,-0.015028901734103983,-0.025821596244131495,0.20639534883720945,0.25726744186046524,0.20639534883720945,0.23837209302325602,0.3307692307692307,0.2769230769230768,0.3107692307692309,0.08125000000000004,0.03750000000000009,0.06499999999999995,-0.05361050328227579,-0.0919037199124727,-0.06783369803063455,-0.13844621513944233,-0.1733067729083666,-0.15139442231075695,-0.030269058295964157,-0.06950672645739908,-0.04484304932735428,0.14116094986807393,0.0949868073878628,0.12401055408970985
1595,2025-07-17,2025-07-18,2025-08-04,12,連續3個營業日及沖銷標準,-0.0556900726392251,0.023076923076922995,0.0,-0.03389830508474578,-0.0556900726392251,-0.03389830508474578,-0.03389830508474578,-0.007633587786259444,0.01526717557251911,0.01526717557251911,-0.02010050251256279,0.002512562814070307,0.002512562814070307,-0.011406844106463976,0.011406844106463865,0.011406844106463865,-0.027431421446384108,-0.004987531172069848,-0.004987531172069848,-0.025000000000000022,-0.0025000000000000577,-0.0025000000000000577,-0.02010050251256279,0.002512562814070307,0.002512562814070307
1595,2026-05-08,2026-05-11,2026-05-22,10,因連續3個營業日達本中心作業要點第四條第一項第一款,0.05370569280343718,-0.011213047910295537,-0.010309278350515427,0.031149301825993625,0.05370569280343718,0.031149301825993625,0.041890440386681105,0.06630434782608696,0.04347826086956519,0.05434782608695654,0.08879023307436174,0.06548279689234193,0.07658157602663707,0.03699788583509522,0.014799154334038223,0.025369978858351017,0.058252427184465994,0.03559870550161803,0.04638619201725991,0.1554770318021199,0.13074204946996448,0.1425206124852767,0.101010101010101,0.07744107744107742,0.08866442199775548
1597,2026-05-06,2026-05-07,2026-05-20,10,連續三次,-0.050000000000000044,0.03801169590643272,-0.06197183098591552,-0.07499999999999996,-0.050000000000000044,-0.07499999999999996,-0.01388888888888884,-0.05524861878453036,-0.08011049723756902,-0.01933701657458564,-0.02840909090909094,-0.05397727272727271,0.008522727272727293,-0.09523809523809523,-0.11904761904761907,-0.060846560846560815,-0.08556149732620322,-0.10962566844919786,-0.050802139037433136,-0.12307692307692308,-0.1461538461538462,-0.08974358974358976,-0.0393258426966292,-0.0646067415730337,-0.002808988764044895
1617,2026-07-03,2026-07-06,2026-07-20,10,連續三次,-0.28014842300556586,-0.020618556701030855,0.013157894736842035,-0.2857142857142857,-0.28014842300556586,-0.2857142857142857,-0.29499072356215217,-0.27340823970037453,-0.27902621722846443,-0.28838951310861416,-0.23921568627450984,-0.2450980392156863,-0.2549019607843137,-0.21457489878542513,-0.22064777327935226,-0.23076923076923073,-0.18487394957983205,-0.19117647058823528,-0.20168067226890762,-0.20491803278688525,-0.21106557377049173,-0.22131147540983598,-0.170940170940171,-0.17735042735042728,-0.18803418803418803
1623,2026-04-23,2026-04-24,2026-05-08,10,連續三次,-0.008064516129032251,0.014227642276422703,-0.028056112224448926,-0.022177419354838745,-0.008064516129032251,-0.022177419354838745,0.006048387096774244,0.020746887966804906,0.006224066390041472,0.03526970954356856,0.06034482758620685,0.04525862068965525,0.07543103448275867,0.03578947368421059,0.021052631578947434,0.05052631578947375,0.02499999999999991,0.01041666666666674,0.039583333333333304,0.01863354037267073,0.0041407867494824835,0.0331262939958592,0.006134969325153339,-0.008179959100204526,0.020449897750511203
1711,2026-03-19,2026-03-20,2026-04-02,10,連續三次,-0.15635545556805408,0.07333333333333325,-0.16149068322981364,-0.2407199100112486,-0.15635545556805408,-0.2407199100112486,-0.09448818897637801,-0.07407407407407407,-0.16666666666666663,-0.006172839506172867,-0.08312958435207818,-0.17481662591687042,-0.0158924205378973,-0.0625,-0.15625,0.006250000000000089,-0.09855769230769229,-0.18870192307692313,-0.03245192307692313,-0.003984063745019917,-0.10358565737051795,0.06905710491367856,-0.013157894736842146,-0.11184210526315785,0.05921052631578938
1711,2026-04-23,2026-04-24,2026-05-08,10,連續五次,0.045454545454545414,-0.008695652173912993,-0.04912280701754379,-0.014545454545454528,0.045454545454545414,-0.014545454545454528,0.036363636363636376,0.123046875,0.05859375,0.11328125,0.06088560885608851,0.0,0.05166051660516602,0.08286252354048962,0.020715630885122405,0.0734463276836157,0.010544815465729274,-0.04745166959578195,0.0017574692442883233,-0.0034662045060659397,-0.060658578856152556,-0.012131715771230511,-0.010327022375215211,-0.06712564543889843,-0.018932874354561147
1714,2026-06-15,2026-06-16,2026-06-30,10,最近十個營業日已有六次,0.1293103448275863,0.01781170483460559,-0.03499999999999992,0.10919540229885061,0.1293103448275863,0.10919540229885061,0.149425287356322,0.09166666666666656,0.07222222222222219,0.11111111111111116,-0.01995012468827939,-0.03740648379052369,-0.0024937655860349794,-0.00757575757575768,-0.025252525252525304,0.010101010101010166,0.09166666666666656,0.07222222222222219,0.11111111111111116,0.07967032967032961,0.06043956043956045,0.098901098901099,0.010282776349614275,-0.007712082262210762,0.028277634961439535
1714,2026-06-18,2026-06-22,2026-07-03,10,連續三次,0.148989898989899,0.098901098901099,-0.16400000000000003,0.05555555555555536,0.148989898989899,0.05555555555555536,0.26262626262626254,0.26388888888888884,0.16111111111111098,0.38888888888888884,0.25,0.14835164835164827,0.37362637362637363,0.16966580976863765,0.07455012853470433,0.28534704370179953,0.22311827956989227,0.12365591397849451,0.34408602150537626,0.25,0.14835164835164827,0.37362637362637363,0.1607142857142856,0.0663265306122447,0.2755102040816326
1717,2025-08-19,2025-08-20,2025-09-02,10,連續三次,0.08235294117647052,0.0,-0.03913043478260858,0.040000000000000036,0.08235294117647052,0.040000000000000036,0.08235294117647052,0.11111111111111116,0.06763285024154597,0.11111111111111116,0.09916367980884111,0.056152927120669105,0.09916367980884111,0.09523809523809534,0.05238095238095242,0.09523809523809534,0.09523809523809534,0.05238095238095242,0.09523809523809534,0.06235565819861444,0.020785219399538146,0.06235565819861444,0.06481481481481466,0.02314814814814814,0.06481481481481466
1718,2026-06-05,2026-06-08,2026-06-22,10,連續三次,0.04375667022411944,0.0,-0.05419222903885479,-0.012806830309498363,0.04375667022411944,-0.012806830309498363,0.04375667022411944,-0.04585365853658541,-0.09756097560975607,-0.04585365853658541,0.03931987247608926,-0.01700318809776835,0.03931987247608926,0.09887640449438195,0.0393258426966292,0.09887640449438195,0.04153354632587836,-0.014909478168264156,0.04153354632587836,0.044871794871794934,-0.01175213675213671,0.044871794871794934,0.04598930481283414,-0.010695187165775333,0.04598930481283414
1718,2026-07-06,2026-07-07,2026-07-21,10,連續三次,-0.12,0.022727272727272707,-0.08518518518518525,-0.17666666666666664,-0.12,-0.17666666666666664,-0.09999999999999998,-0.08965517241379317,-0.1482758620689656,-0.06896551724137934,-0.09589041095890416,-0.15410958904109584,-0.07534246575342463,-0.11409395973154368,-0.17114093959731547,-0.09395973154362414,-0.08013937282229966,-0.13937282229965153,-0.059233449477351874,-0.08333333333333337,-0.14236111111111116,-0.0625,-0.09589041095890416,-0.15410958904109584,-0.07534246575342463
1721,2026-01-20,2026-01-21,2026-02-03,10,連續三次,-0.17733990147783263,-0.0119760479041916,0.11212121212121229,-0.09605911330049255,-0.17733990147783263,-0.09605911330049255,-0.18719211822660098,-0.16080402010050254,-0.07788944723618074,-0.17085427135678388,-0.12793733681462138,-0.04177545691905993,-0.13838120104438634,-0.09973045822102433,-0.010781671159029615,-0.11051212938005395,-0.16080402010050254,-0.07788944723618074,-0.17085427135678388,-0.07479224376731308,0.016620498614958512,-0.08587257617728539,-0.1045576407506702,-0.0160857908847184,-0.11528150134048254
1721,2026-04-23,2026-04-24,2026-05-08,10,連續三次,0.036363636363636376,0.01403508771929829,0.08477508650519039,0.14000000000000012,0.036363636363636376,0.14000000000000012,0.05090909090909079,0.059479553903345694,0.16542750929368033,0.07434944237918217,0.13772455089820346,0.25149700598802394,0.15369261477045892,0.09195402298850563,0.20114942528735624,0.10727969348658983,0.13545816733067717,0.24900398406374502,0.15139442231075684,0.16089613034623218,0.27698574338085535,0.17718940936863525,0.16326530612244894,0.2795918367346939,0.1795918367346938
1735,2026-03-19,2026-03-20,2026-04-02,10,連續三次,-0.2778649921507065,0.0,-0.03260869565217395,-0.30141287284144425,-0.2778649921507065,-0.30141287284144425,-0.2778649921507065,-0.17266187050359716,-0.19964028776978415,-0.17266187050359716,-0.1872791519434629,-0.21378091872791516,-0.1872791519434629,-0.15596330275229353,-0.1834862385321101,-0.15596330275229353,-0.14179104477611948,-0.1697761194029851,-0.14179104477611948,-0.12878787878787878,-0.1571969696969696,-0.12878787878787878,-0.11538461538461542,-0.14423076923076927,-0.11538461538461542
1785,2026-04-15,2026-04-16,2026-04-29,10,因連續3個營業日達本中心作業要點第四條第一項第一款,0.26086956521739135,-0.02298850574712641,-0.026470588235294135,0.19927536231884058,0.26086956521739135,0.19927536231884058,0.2318840579710144,0.2517985611510791,0.19064748201438841,0.2230215827338129,0.11182108626198084,0.057507987220447365,0.08626198083067083,0.10126582278481022,0.04746835443037978,0.07594936708860756,0.11897106109324751,0.06430868167202575,0.09324758842443726,0.1225806451612903,0.06774193548387086,0.09677419354838701,0.17567567567567566,0.1182432432432432,0.14864864864864868
1789,2026-01-13,2026-01-14,2026-01-27,10,連續三次,0.14822546972860118,-0.036363636363636376,-0.037735849056603765,0.06471816283924836,0.14822546972860118,0.06471816283924836,0.10647181628392488,0.12016293279022405,0.0386965376782078,0.07942973523421593,0.04166666666666674,-0.03409090909090906,0.0037878787878788955,0.028037383177569986,-0.04672897196261683,-0.009345794392523366,0.0073260073260073,-0.06593406593406592,-0.02930402930402931,-0.04181184668989546,-0.11149825783972123,-0.07665505226480829,-0.03169014084507038,-0.102112676056338,-0.06690140845070414
1795,2025-10-01,2025-10-02,2025-10-17,10,連續三次,0.16085271317829464,0.0,-0.06844741235392315,0.08139534883720922,0.16085271317829464,0.08139534883720922,0.16085271317829464,0.10925925925925917,0.03333333333333344,0.10925925925925917,0.09306569343065685,0.018248175182481674,0.09306569343065685,0.07733812949640284,0.003597122302158251,0.07733812949640284,0.07347670250896066,0.0,0.07347670250896066,0.11753731343283591,0.04104477611940305,0.11753731343283591,0.0345423143350605,-0.03626943005181349,0.0345423143350605
1799,2026-03-19,2026-03-20,2026-04-02,10,因連續3個營業日達本中心作業要點第四條第一項第一款,-0.0915662650602409,0.09946949602122013,0.0,-0.00120481927710836,-0.0915662650602409,-0.00120481927710836,-0.00120481927710836,0.038567493112947826,0.14187327823691476,0.14187327823691476,0.018918918918918948,0.12027027027027026,0.12027027027027026,0.047222222222222276,0.15138888888888902,0.15138888888888902,-0.010498687664041939,0.0879265091863517,0.0879265091863517,-0.029601029601029616,0.06692406692406694,0.06692406692406694,-0.007894736842105177,0.09078947368421053,0.09078947368421053
1802,2025-08-19,2025-08-20,2025-09-04,12,連續三次及當日沖銷標準,-0.19270072992700737,0.025316455696202667,-0.024691358024691468,-0.19270072992700737,-0.19270072992700737,-0.19270072992700737,-0.17226277372262766,-0.1544342507645261,-0.1544342507645261,-0.1330275229357798,-0.15572519083969472,-0.15572519083969472,-0.13435114503816792,-0.15572519083969472,-0.15572519083969472,-0.13435114503816792,-0.15957446808510634,-0.15957446808510634,-0.13829787234042545,-0.18556701030927847,-0.18556701030927847,-0.1649484536082475,-0.19387755102040816,-0.19387755102040816,-0.1734693877551019
1802,2026-01-22,2026-01-23,2026-02-05,10,連續三次,0.05600000000000005,-0.0719696969696969,-0.02857142857142858,-0.04799999999999993,0.05600000000000005,-0.04799999999999993,-0.020000000000000018,0.05600000000000005,-0.04799999999999993,-0.020000000000000018,0.005714285714285561,-0.09333333333333327,-0.06666666666666665,0.01538461538461533,-0.08461538461538454,-0.05769230769230771,0.005714285714285561,-0.09333333333333327,-0.06666666666666665,0.07208121827411151,-0.03350253807106596,-0.005076142131979711,0.13670613562970924,0.02475780409041972,0.05489773950484378
1802,2026-03-03,2026-03-04,2026-03-17,10,連續三次,0.04201680672268915,0.048387096774193505,-0.013846153846153952,0.07731092436974785,0.04201680672268915,0.07731092436974785,0.09243697478991586,0.02310231023102305,0.05775577557755773,0.0726072607260726,0.06529209621993126,0.10137457044673526,0.11683848797250862,0.16541353383458635,0.20488721804511267,0.22180451127819545,0.1272727272727272,0.1654545454545453,0.18181818181818188,0.16322701688555363,0.20262664165103184,0.2195121951219512,0.09929078014184389,0.1365248226950353,0.15248226950354615
1809,2026-05-12,2026-05-13,2026-05-26,10,連續三次,0.27061855670103085,-0.045638945233265726,-0.05632306057385761,0.14432989690721665,0.27061855670103085,0.14432989690721665,0.21262886597938135,0.2263681592039799,0.10447761194029836,0.17039800995024867,0.23249999999999993,0.10999999999999988,0.17625000000000002,0.27720207253886,0.15025906735751282,0.21891191709844549,0.28218465539661874,0.15474642392717808,0.22366710013003877,0.24181360201511315,0.11838790931989918,0.18513853904282107,0.26248399487836105,0.1370038412291934,0.20486555697823294
1815,2025-08-18,2025-08-19,2025-09-01,10,因連續3個營業日達本中心作業要點第四條第一項第一款,-0.1237373737373737,0.014409221902017322,-0.078125,-0.18055555555555547,-0.1237373737373737,-0.18055555555555547,-0.11111111111111105,0.013138686131386912,-0.052554744525547314,0.027737226277372296,-0.0197740112994349,-0.08333333333333326,-0.005649717514124131,-0.030726256983240052,-0.09357541899441324,-0.016759776536312665,0.0028901734104047616,-0.06213872832369938,0.01734104046242768,0.02359882005899716,-0.042772861356932035,0.038348082595870414,0.020588235294117796,-0.045588235294117596,0.03529411764705892
1815,2026-03-05,2026-03-06,2026-03-19,10,最近10個營業日內有6個營業日,0.056872037914691864,0.049327354260089606,-0.1282051282051282,-0.033175355450236976,0.056872037914691864,-0.033175355450236976,0.1090047393364928,0.16876310272536688,0.0691823899371069,0.2264150943396226,0.08252427184466016,-0.009708737864077666,0.13592233009708732,0.07211538461538458,-0.019230769230769273,0.125,0.07729468599033806,-0.01449275362318836,0.13043478260869557,0.10396039603960405,0.00990099009900991,0.15841584158415833,-0.008888888888888835,-0.09333333333333338,0.040000000000000036
1905,2026-04-01,2026-04-02,2026-04-17,10,連續三次,-0.07236842105263153,-0.0035460992907800915,-0.06049822064056953,-0.13157894736842102,-0.07236842105263153,-0.13157894736842102,-0.07565789473684204,-0.0505050505050505,-0.11111111111111116,-0.05387205387205385,-0.010526315789473717,-0.0736842105263158,-0.014035087719298178,-0.02083333333333337,-0.08333333333333337,-0.02430555555555558,-0.03754266211604096,-0.0989761092150171,-0.04095563139931735,-0.02422145328719716,-0.08650519031141868,-0.027681660899653848,-0.007042253521126751,-0.07042253521126762,-0.010563380281690016
2059,2026-05-12,2026-05-13,2026-05-26,10,連續三次,-0.058878504672897236,0.005958291956305928,-0.028627838104639647,-0.0803738317757009,-0.058878504672897236,-0.0803738317757009,-0.05327102803738315,-0.06759259259259254,-0.0888888888888889,-0.062037037037037,-0.02422480620155043,-0.046511627906976716,-0.018410852713178327,0.06448202959830862,0.04016913319238902,0.07082452431289643,0.05666316894018886,0.03252885624344182,0.06295907660020994,0.0945652173913043,0.06956521739130439,0.10108695652173916,0.03176229508196715,0.008196721311475308,0.037909836065573854
2059,2026-08-07,2026-08-10,2026-08-14,5,連續三次,0.022913256955810146,0.10000000000000009,0.0,0.12520458265139123,0.022913256955810146,0.12520458265139123,0.12520458265139123,0.06837606837606836,0.17521367521367526,0.17521367521367526,0.020408163265306145,0.12244897959183665,0.12244897959183665,0.021659174499387035,0.12382509194932578,0.12382509194932578,0.04079933388842627,0.14487926727726896,0.14487926727726896,,,,,,
2061,2026-05-27,2026-05-28,2026-06-10,10,因連續3個營業日達本中心作業要點第四條第一項第一款,0.11246200607902734,-0.016393442622950838,-0.08472222222222214,0.001519756838905817,0.11246200607902734,0.001519756838905817,0.0942249240121582,0.06395348837209314,-0.04215116279069753,0.04651162790697683,-0.021390374331550777,-0.11898395721925126,-0.03743315508021383,-0.08955223880597019,-0.18034825870646765,-0.10447761194029859,-0.11807228915662649,-0.2060240963855421,-0.1325301204819277,-0.18212290502793294,-0.26368715083798877,-0.1955307262569832,-0.17381489841986453,-0.25620767494356644,-0.1873589164785553
2061,2026-06-01,2026-06-02,2026-06-15,10,因連續3個營業日達本中心作業要點第四條第一項第一款,-0.011194029850746356,0.08553459119496853,0.01274623406720754,0.08706467661691542,-0.011194029850746356,0.08706467661691542,0.0733830845771144,-0.04216867469879515,0.053012048192771166,0.03975903614457832,-0.11173184357541899,-0.02346368715083791,-0.03575418994413415,-0.10270880361173806,-0.013544018058690654,-0.025959367945823875,0.10878661087866104,0.21896792189679215,0.203626220362622,0.10878661087866104,0.21896792189679215,0.203626220362622,0.0831062670299727,0.1907356948228882,0.17574931880108968
2061,2026-06-23,2026-06-24,2026-07-07,10,因連續3個營業日達本中心作業要點第四條第一項第一款,0.34228187919463093,0.03374999999999995,0.0036275695284160303,0.39261744966442946,0.34228187919463093,0.39261744966442946,0.38758389261744974,0.1747430249632893,0.21879588839941277,0.2143906020558004,0.18343195266272194,0.22781065088757413,0.22337278106508895,0.3289036544850499,0.37873754152823924,0.3737541528239203,0.23076923076923084,0.2769230769230768,0.27230769230769236,0.16110304789550067,0.2046444121915818,0.20029027576197378,0.19402985074626855,0.23880597014925375,0.23432835820895526
2230,2026-02-23,2026-02-24,2026-03-10,10,因連續3個營業日達本中心作業要點第四條第一項第一款,-0.24503311258278138,0.020467836257309857,-0.012893982808022786,-0.23951434878587186,-0.24503311258278138,-0.23951434878587186,-0.22958057395143483,-0.20465116279069762,-0.1988372093023255,-0.18837209302325586,-0.21379310344827585,-0.2080459770114942,-0.19770114942528738,-0.09999999999999998,-0.09342105263157885,-0.08157894736842108,-0.0855614973262031,-0.07887700534759345,-0.0668449197860963,0.10322580645161294,0.1112903225806452,0.12580645161290316,0.1231527093596061,0.1313628899835797,0.14614121510673228
2230,2026-02-26,2026-03-02,2026-03-13,10,因連續3個營業日達本中心作業要點第四條第一項第一款,-0.06842105263157894,0.05790960451977423,-0.012016021361815787,-0.02631578947368418,-0.06842105263157894,-0.02631578947368418,-0.014473684210526194,-0.053475935828877,-0.010695187165775333,0.0013368983957220415,0.14193548387096766,0.19354838709677424,0.20806451612903243,0.16256157635467972,0.21510673234811173,0.22988505747126453,0.21649484536082464,0.2714776632302405,0.28694158075601384,0.07598784194528885,0.12462006079027366,0.13829787234042556,-0.032786885245901676,0.010928961748633892,0.023224043715847076
2230,2026-03-04,2026-03-05,2026-03-18,10,因連續3個營業日達本中心作業要點第四條第一項第一款,0.1921182266009851,0.005509641873278293,-0.0657534246575342,0.11986863711001638,0.1921182266009851,0.11986863711001638,0.1986863711001643,0.24742268041237092,0.17182130584192445,0.2542955326460481,0.10334346504559266,0.03647416413373872,0.10942249240121593,-0.00819672131147553,-0.06830601092896171,-0.002732240437158473,0.04011461318051568,-0.022922636103151817,0.045845272206303855,0.022535211267605604,-0.03943661971830981,0.028169014084507005,0.09172932330827055,0.025563909774436233,0.09774436090225569
2231,2026-03-30,2026-03-31,2026-04-15,10,連續三次,-0.13138686131386856,0.0,0.07563025210084029,-0.06569343065693434,-0.13138686131386856,-0.06569343065693434,-0.13138686131386856,-0.08461538461538465,-0.01538461538461533,-0.08461538461538465,0.0,0.07563025210084029,0.0,0.034782608695652195,0.11304347826086958,0.034782608695652195,0.008474576271186418,0.0847457627118644,0.008474576271186418,0.0,0.07563025210084029,0.0,0.02586206896551735,0.10344827586206895,0.02586206896551735
2233,2026-05-06,2026-05-07,2026-05-20,10,連續三次,0.07096774193548394,0.04216867469879526,-0.0028901734104046506,0.11290322580645151,0.07096774193548394,0.11290322580645151,0.11612903225806459,0.15679442508710806,0.20209059233449467,0.20557491289198615,0.14482758620689662,0.18965517241379315,0.193103448275862,0.0744336569579287,0.11650485436893199,0.11974110032362462,0.15277777777777768,0.19791666666666674,0.20138888888888884,0.13698630136986312,0.18150684931506844,0.18493150684931514,0.14482758620689662,0.18965517241379315,0.193103448275862
2233,2026-06-29,2026-06-30,2026-07-14,10,連續三次,0.070754716981132,0.03083700440528636,0.010683760683760646,0.11556603773584895,0.070754716981132,0.11556603773584895,0.10377358490566047,-0.025751072961373356,0.015021459227467782,0.0042918454935623185,-0.013043478260869601,0.02826086956521734,0.017391304347825987,-0.12692307692307692,-0.0903846153846154,-0.09999999999999998,-0.17454545454545456,-0.14,-0.14909090909090905,-0.1319311663479924,-0.09560229445506696,-0.10516252390057357,-0.10629921259842523,-0.06889763779527558,-0.07874015748031493
2243,2026-03-18,2026-03-19,2026-04-01,10,連續三次,0.1484375,0.0,-0.09750566893424051,0.03645833333333326,0.1484375,0.03645833333333326,0.1484375,0.11363636363636354,0.005050505050504972,0.11363636363636354,0.19189189189189193,0.07567567567567557,0.19189189189189193,0.1164556962025316,0.007594936708860578,0.1164556962025316,0.10250000000000004,-0.0050000000000001155,0.10250000000000004,0.06779661016949157,-0.03631961259079908,0.06779661016949157,0.10250000000000004,-0.0050000000000001155,0.10250000000000004
2243,2026-06-16,2026-06-17,2026-07-01,10,連續五次,0.4252873563218391,0.030645161290322465,-0.018779342723004633,0.4413793103448276,0.4252873563218391,0.4413793103448276,0.46896551724137936,0.26530612244897966,0.2795918367346939,0.3040816326530611,0.24,0.254,0.278,0.35964912280701755,0.375,0.40131578947368407,0.3362068965517242,0.351293103448276,0.37715517241379315,0.1588785046728971,0.17196261682242997,0.19439252336448587,0.01806239737274229,0.029556650246305383,0.049261083743842304
2243,2026-06-22,2026-06-23,2026-07-06,10,連續三次,0.44736842105263164,-0.030303030303030276,-0.07187500000000002,0.30263157894736836,0.44736842105263164,0.30263157894736836,0.4035087719298245,0.4224137931034484,0.2801724137931034,0.3793103448275863,0.23364485981308403,0.11028037383177569,0.19626168224299056,0.08374384236453203,-0.024630541871921152,0.05090311986863716,0.3173652694610778,0.18562874251497008,0.2774451097804391,0.1619718309859155,0.045774647887323994,0.12676056338028174,0.11675126903553301,0.0050761421319796,0.08291032148900168
2302,2026-06-01,2026-06-02,2026-06-15,10,連續三次,0.0,0.010526315789473717,0.08854166666666674,0.09999999999999987,0.0,0.09999999999999987,0.010526315789473717,0.01333333333333342,0.1146666666666667,0.02400000000000002,0.08571428571428563,0.19428571428571417,0.0971428571428572,0.08571428571428563,0.19428571428571417,0.0971428571428572,0.2479474548440066,0.3727422003284071,0.26108374384236455,0.1838006230529594,0.3021806853582554,0.19626168224299056,0.1515151515151516,0.2666666666666666,0.16363636363636358
2303,2026-07-01,2026-07-02,2026-07-16,10,最近十個營業日已有六次,-0.024390243902439046,-0.09062499999999996,-0.010309278350515427,-0.12195121951219512,-0.024390243902439046,-0.12195121951219512,-0.11280487804878048,0.0062893081761006275,-0.09433962264150941,-0.08490566037735847,-0.06705539358600587,-0.16034985422740522,-0.15160349854227406,-0.041916167664670656,-0.13772455089820357,-0.12874251497005984,0.02564102564102555,-0.07692307692307687,-0.06730769230769229,-0.006211180124223614,-0.10559006211180122,-0.09627329192546585,0.02564102564102555,-0.07692307692307687,-0.06730769230769229
2305,2026-06-23,2026-06-24,2026-07-07,10,連續三次,0.06371191135734056,-0.015625,-0.07010582010582012,-0.026315789473684292,0.06371191135734056,-0.026315789473684292,0.047091412742382044,-0.040000000000000036,-0.12125000000000008,-0.05500000000000005,0.02127659574468077,-0.06515957446808518,0.005319148936170137,0.06666666666666665,-0.023611111111111138,0.04999999999999982,0.035040431266846195,-0.052560646900269625,0.01886792452830166,-0.01664532650448136,-0.09987195902688861,-0.03201024327784896,0.037837837837837895,-0.050000000000000044,0.021621621621621623
2312,2026-01-19,2026-01-20,2026-02-02,10,連續三次,-0.2686781609195402,0.00982318271119853,0.0038910505836575737,-0.2586206896551724,-0.2686781609195402,-0.2586206896551724,-0.2614942528735632,-0.2707736389684814,-0.26074498567335236,-0.26361031518624645,-0.16282894736842102,-0.15131578947368418,-0.1546052631578947,-0.10858143607705784,-0.09632224168126091,-0.09982486865148865,-0.07454545454545458,-0.06181818181818177,-0.06545454545454543,-0.06261510128913439,-0.04972375690607722,-0.05340699815837935,-0.026768642447418722,-0.01338432122370925,-0.017208413001912004
2314,2025-03-24,2025-03-25,2025-04-09,10,連續三次,-0.35724137931034483,0.09978540772532196,-0.025365853658536608,-0.31103448275862067,-0.35724137931034483,-0.31103448275862067,-0.2931034482758621,-0.285823754789272,-0.23448275862068968,-0.2145593869731801,-0.20680851063829786,-0.14978723404255312,-0.12765957446808507,-0.28030888030888024,-0.22857142857142854,-0.2084942084942084,-0.2603174603174603,-0.20714285714285707,-0.1865079365079365,-0.19655172413793098,-0.13879310344827578,-0.11637931034482751,-0.21350210970464134,-0.15696202531645564,-0.13502109704641352
2314,2025-03-27,2025-03-28,2025-04-14,10,連續三次,-0.2355212355212355,0.030303030303030276,0.06372549019607843,-0.16216216216216217,-0.2355212355212355,-0.16216216216216217,-0.21235521235521237,-0.2142857142857142,-0.13888888888888884,-0.19047619047619047,-0.14655172413793094,-0.06465517241379315,-0.12068965517241381,-0.16455696202531644,-0.08438818565400841,-0.139240506329114,-0.13537117903930118,-0.05240174672489084,-0.10917030567685593,-0.09174311926605505,-0.004587155963302836,-0.06422018348623859,-0.010000000000000009,0.08499999999999996,0.020000000000000018
2314,2025-06-26,2025-06-27,2025-07-10,10,連續三次,-0.1470588235294118,-0.014778325123152691,-0.019999999999999907,-0.17647058823529405,-0.1470588235294118,-0.17647058823529405,-0.15966386554621848,-0.03791469194312802,-0.07109004739336489,-0.05213270142180104,0.051813471502590636,0.015544041450777257,0.03626943005181338,0.0160160160160161,-0.019019019019018923,0.0010010010010010895,0.015000000000000124,-0.019999999999999907,0.0,0.07863974495217851,0.04144527098831041,0.06269925611052063,0.07067510548523215,0.03375527426160341,0.05485232067510548
2316,2026-06-24,2026-06-25,2026-07-08,10,連續三次,-0.0113378684807256,-0.002293577981651418,-0.04367816091954024,-0.05668934240362811,-0.0113378684807256,-0.05668934240362811,-0.013605442176870763,-0.03539823008849563,-0.07964601769911506,-0.03761061946902655,-0.07234042553191489,-0.11489361702127665,-0.07446808510638303,0.028301886792452935,-0.018867924528301883,0.02594339622641506,-0.03111111111111109,-0.0755555555555556,-0.033333333333333326,0.028301886792452935,-0.018867924528301883,0.02594339622641506,0.021077283372365363,-0.025761124121779888,0.0187353629976581
2327,2026-05-25,2026-05-26,2026-06-08,10,連續三次,0.1142433234421365,0.051930758988016024,0.04556962025316458,0.2255192878338279,0.1142433234421365,0.2255192878338279,0.17210682492581597,0.09956076134699843,0.20937042459736466,0.15666178623718885,0.05923836389280668,0.1650211565585331,0.11424541607898453,-0.030967741935483906,0.06580645161290333,0.019354838709677358,-0.018300653594771288,0.0797385620915032,0.03267973856209161,-0.025940337224383936,0.07133592736705574,0.024643320363164634,-0.07283950617283952,0.01975308641975304,-0.024691358024691357
2337,2026-01-09,2026-01-12,2026-01-23,10,連續三次,0.15500000000000003,0.046176046176046315,0.05103448275862066,0.27,0.15500000000000003,0.27,0.20833333333333326,0.10350318471337583,0.213375796178344,0.15445859872611467,0.15500000000000003,0.27,0.20833333333333326,0.14925373134328357,0.263681592039801,0.20232172470978438,0.08281249999999996,0.19062500000000004,0.1328125,-0.050684931506849384,0.043835616438356206,-0.006849315068493178,0.0436746987951806,0.14759036144578297,0.09186746987951788
2337,2026-03-18,2026-03-19,2026-04-01,10,最近十個營業日已有六次,-0.08960573476702505,0.08661417322834652,-0.06521739130434778,-0.07526881720430112,-0.08960573476702505,-0.07526881720430112,-0.010752688172043001,-0.2529411764705882,-0.24117647058823533,-0.18823529411764706,-0.13605442176870752,-0.12244897959183676,-0.061224489795918324,-0.12413793103448278,-0.1103448275862069,-0.0482758620689655,-0.11805555555555558,-0.10416666666666663,-0.04166666666666663,-0.07299270072992703,-0.058394160583941646,0.007299270072992803,0.07627118644067798,0.09322033898305082,0.1694915254237288
2337,2026-03-23,2026-03-24,2026-04-08,10,連續三次,0.034482758620689724,0.026666666666666616,-0.07792207792207795,-0.020689655172413834,0.034482758620689724,-0.020689655172413834,0.06206896551724128,0.04166666666666674,-0.01388888888888884,0.06944444444444442,0.0948905109489051,0.03649635036496357,0.12408759124087587,0.27118644067796605,0.20338983050847448,0.30508474576271194,0.25,0.18333333333333335,0.28333333333333344,0.24481327800829877,0.17842323651452285,0.2780082987551866,0.19999999999999996,0.1359999999999999,0.23199999999999998
2337,2026-06-02,2026-06-03,2026-06-16,10,最近十個營業日已有六次,-0.06197183098591552,-0.01501501501501501,-0.015243902439024404,-0.09014084507042253,-0.06197183098591552,-0.09014084507042253,-0.07605633802816902,0.053797468354430444,0.02215189873417711,0.03797468354430378,0.125,0.09121621621621623,0.10810810810810811,0.2333333333333334,0.1962962962962962,0.2148148148148148,0.125,0.09121621621621623,0.10810810810810811,0.1766784452296819,0.14134275618374548,0.1590106007067138,0.2333333333333334,0.1962962962962962,0.2148148148148148
2338,2026-03-03,2026-03-04,2026-03-17,10,連續三次,-0.02298850574712652,0.0352941176470587,0.0625,0.07471264367816088,-0.02298850574712652,0.07471264367816088,0.011494252873563093,-0.015444015444015413,0.08301158301158318,0.019305019305019266,-0.013539651837524258,0.0851063829787233,0.02127659574468077,0.0725552050473186,0.17981072555205047,0.11041009463722395,0.0725552050473186,0.17981072555205047,0.11041009463722395,0.18604651162790709,0.3046511627906978,0.22790697674418592,0.04508196721311486,0.14959016393442637,0.08196721311475419
2342,2025-09-19,2025-09-22,2025-10-09,12,連續三次及當日沖銷標準,0.03692307692307706,-0.08456973293768555,0.0,-0.05076923076923068,0.03692307692307706,-0.05076923076923068,-0.05076923076923068,0.06645569620253178,-0.02373417721518989,-0.02373417721518989,0.05312500000000009,-0.035937499999999956,-0.035937499999999956,0.012012012012012185,-0.07357357357357341,-0.07357357357357341,0.0732484076433122,-0.01751592356687892,-0.01751592356687892,0.058084772370486704,-0.031397174254317095,-0.031397174254317095,0.051482059282371484,-0.03744149765990623,-0.03744149765990623
2342,2026-06-23,2026-06-24,2026-07-07,10,連續三次,0.0018382352941177516,0.0,-0.02752293577981646,-0.02573529411764708,0.0018382352941177516,-0.02573529411764708,0.0018382352941177516,-0.018018018018018056,-0.04504504504504503,-0.018018018018018056,0.028301886792452935,0.0,0.028301886792452935,0.064453125,0.03515625,0.064453125,0.020599250936329527,-0.0074906367041198685,0.020599250936329527,-0.06034482758620685,-0.08620689655172409,-0.06034482758620685,0.0092592592592593,-0.01851851851851849,0.0092592592592593
2344,2025-10-20,2025-10-21,2025-11-04,10,最近十個營業日已有六次,0.16630196936542663,-0.0881801125703564,0.15226337448559657,0.2253829321663019,0.16630196936542663,0.2253829321663019,0.06345733041575485,0.21967963386727685,0.2814645308924484,0.11212814645308922,0.18576195773081183,0.24582869855394884,0.08120133481646263,0.047151277013752324,0.10019646365422408,-0.04518664047151266,0.047151277013752324,0.10019646365422408,-0.04518664047151266,-0.020220588235294157,0.02941176470588247,-0.10661764705882348,-0.04308797127468589,0.0053859964093356805,-0.12746858168761221
2344,2025-11-03,2025-11-04,2025-11-17,10,最近十個營業日已有六次,0.16549295774647899,0.004531722054380571,-0.07669172932330826,0.08098591549295775,0.16549295774647899,0.08098591549295775,0.170774647887324,0.3621399176954734,0.26337448559670773,0.368312757201646,0.12969283276450505,0.04778156996587035,0.1348122866894197,0.1316239316239316,0.04957264957264962,0.1367521367521367,0.07817589576547235,0.0,0.08306188925081437,0.02003081664098616,-0.053929121725732054,0.024653312788905923,0.04912836767036444,-0.02694136291600635,0.0538827258320127
2344,2026-01-08,2026-01-09,2026-01-26,12,連續五次及當日沖銷標準,0.09178743961352653,0.004424778761061843,0.017621145374449254,0.11594202898550732,0.09178743961352653,0.11594202898550732,0.09661835748792269,0.15188583078491336,0.17737003058103973,0.15698267074413863,0.08133971291866038,0.10526315789473695,0.0861244019138756,0.14141414141414144,0.16666666666666674,0.1464646464646464,0.13226452905811636,0.15731462925851702,0.13727454909819636,0.10784313725490202,0.13235294117647056,0.11274509803921573,-0.017391304347826098,0.004347826086956497,-0.013043478260869601
2349,2025-12-16,2025-12-17,2025-12-31,10,連續五次,0.013245033112582849,0.013071895424836555,-0.041935483870967794,-0.01655629139072845,0.013245033112582849,-0.01655629139072845,0.026490066225165476,0.1007194244604317,0.06834532374100721,0.1151079136690647,0.11678832116788329,0.08394160583941601,0.13138686131386867,0.0736842105263158,0.042105263157894646,0.08771929824561409,0.020000000000000018,-0.010000000000000009,0.03333333333333344,0.020000000000000018,-0.010000000000000009,0.03333333333333344,0.020000000000000018,-0.010000000000000009,0.03333333333333344
2360,2026-03-02,2026-03-03,2026-03-16,10,連續三次,-0.07051282051282048,0.006896551724137945,0.006849315068493178,-0.05769230769230771,-0.07051282051282048,-0.05769230769230771,-0.0641025641025641,0.11538461538461542,0.13076923076923075,0.12307692307692308,0.00694444444444442,0.02083333333333326,0.01388888888888884,0.05454545454545445,0.06909090909090909,0.06181818181818177,0.1693548387096775,0.185483870967742,0.17741935483870974,0.102661596958175,0.11787072243346008,0.11026615969581743,0.0034602076124568004,0.01730103806228378,0.01038062283737018
2367,2026-03-04,2026-03-05,2026-03-18,10,最近十個營業日已有六次,0.016042780748663166,-0.006578947368421018,-0.04503311258278153,-0.03609625668449201,0.016042780748663166,-0.03609625668449201,0.009358288770053624,0.10948905109489049,0.052554744525547425,0.10218978102189791,0.22186495176848875,0.15916398713826352,0.2138263665594855,0.1692307692307693,0.10923076923076924,0.16153846153846163,0.16385911179173052,0.10413476263399679,0.15620214395099552,0.10787172011661816,0.05102040816326525,0.10058309037900881,0.06293706293706292,0.00839160839160824,0.05594405594405605
2375,2026-05-29,2026-06-01,2026-06-12,10,連續三次,0.05504587155963292,0.06376811594202891,0.032697547683923744,0.15902140672782883,0.05504587155963292,0.15902140672782883,0.12232415902140681,0.07476635514018692,0.18068535825545173,0.14330218068535827,0.06811145510835903,0.17337461300309598,0.13622291021671828,0.15771812080536907,0.27181208053691286,0.23154362416107377,0.21052631578947367,0.3298245614035087,0.28771929824561404,0.22775800711743766,0.3487544483985765,0.30604982206405684,0.09872611464968162,0.20700636942675166,0.16878980891719753
2380,2025-08-21,2025-08-22,2025-09-04,10,連續三次,0.11608623548922048,-0.04754829123328386,-0.009360374414976724,0.05306799336650081,0.11608623548922048,0.05306799336650081,0.06301824212271967,-0.011747430249632762,-0.0675477239353891,-0.058737151248164365,-0.010294117647058787,-0.06617647058823528,-0.057352941176470495,0.01969696969696977,-0.037878787878787845,-0.028787878787878696,0.015082956259427016,-0.042232277526395245,-0.03318250377073906,0.03538461538461535,-0.023076923076923106,-0.013846153846153841,0.06825396825396846,0.007936507936507908,0.01746031746031762
2383,2026-06-17,2026-06-18,2026-07-02,10,最近十個營業日已有六次,0.03571428571428581,-0.021220159151193685,0.098464317976513,0.1135531135531136,0.03571428571428581,0.1135531135531136,0.013736263736263687,-0.02751504729148757,0.045571797076526144,-0.048151332760103194,-0.009632224168126147,0.06479859894921192,-0.030647985989492144,0.03952205882352944,0.11764705882352944,0.01746323529411775,-0.007894736842105288,0.06666666666666665,-0.02894736842105261,0.0026595744680850686,0.07801418439716312,-0.018617021276595702,0.07611798287345395,0.15699333967649864,0.05328258801141761
2399,2026-03-20,2026-03-23,2026-04-07,10,連續三次,-0.022662889518413554,0.04057971014492745,0.057103064066852394,0.07507082152974531,-0.022662889518413554,0.07507082152974531,0.016997167138810276,-0.03765690376569042,0.05857740585774063,0.001394700139469851,0.08490566037735836,0.19339622641509435,0.12893081761006275,0.09350237717908083,0.20285261489698891,0.137876386687797,0.19584055459272087,0.31542461005199307,0.24436741767764292,0.1499999999999999,0.2650000000000001,0.19666666666666655,0.14617940199335533,0.260797342192691,0.19269102990033216
2406,2025-08-11,2025-08-12,2025-08-25,10,連續三次,0.21256038647343,0.019920318725099584,-0.11328125000000011,0.09661835748792269,0.21256038647343,0.09661835748792269,0.2367149758454108,0.14090909090909087,0.031818181818181746,0.1636363636363638,0.17840375586854473,0.06572769953051627,0.2018779342723005,0.11555555555555563,0.008888888888888946,0.13777777777777778,0.037190082644628086,-0.06198347107438018,0.05785123966942152,-0.06517690875232773,-0.15456238361266306,-0.046554934823091254,-0.04380952380952374,-0.13523809523809527,-0.024761904761904763
2408,2025-09-22,2025-09-23,2025-10-08,10,連續三次,0.12376237623762387,0.06497797356828205,0.018614270941054833,0.21905940594059414,0.12376237623762387,0.21905940594059414,0.19678217821782185,0.13216957605985025,0.22817955112219446,0.2057356608478802,0.22207267833109023,0.32570659488559905,0.30148048452220744,0.21066666666666656,0.31333333333333324,0.28933333333333344,0.2353741496598638,0.34013605442176864,0.31564625850340144,0.24043715846994518,0.34562841530054644,0.3210382513661203,0.11822660098522153,0.2130541871921181,0.19088669950738923
2408,2025-12-05,2025-12-08,2025-12-19,10,最近十個營業日已有六次,0.11858974358974361,0.057306590257879764,-0.024390243902439046,0.15384615384615374,0.11858974358974361,0.15384615384615374,0.1826923076923077,0.05757575757575761,0.09090909090909083,0.11818181818181817,0.07716049382716039,0.11111111111111116,0.13888888888888884,0.09062499999999996,0.125,0.15312499999999996,0.10443037974683533,0.139240506329114,0.16772151898734178,0.11146496815286633,0.14649681528662417,0.17515923566878988,0.09062499999999996,0.125,0.15312499999999996
2408,2026-01-08,2026-01-09,2026-01-22,10,最近十個營業日已有六次,0.14377682403433467,0.031894934333958735,-0.012727272727272698,0.16523605150214582,0.14377682403433467,0.16523605150214582,0.18025751072961382,0.18181818181818188,0.2039911308203992,0.2195121951219512,0.08775510204081627,0.10816326530612241,0.12244897959183665,0.1844444444444444,0.20666666666666678,0.22222222222222232,0.13163481953290868,0.15286624203821653,0.16772823779193202,0.08997955010224956,0.11042944785276076,0.12474437627811863,-0.012962962962962954,0.005555555555555536,0.0185185185185186
2413,2025-12-31,2026-01-02,2026-01-19,12,連續三次及當日沖銷標準,0.1495535714285714,-0.021359223300970953,-0.03472222222222221,0.0859375,0.1495535714285714,0.0859375,0.125,0.1171366594360086,0.05531453362255956,0.09327548806941421,0.16780045351473927,0.10317460317460303,0.1428571428571428,0.16515837104072384,0.10067873303167407,0.14027149321266963,0.20608899297423888,0.1393442622950818,0.180327868852459,0.20750293083235638,0.14067995310668224,0.18171160609613124,0.15990990990990994,0.09572072072072069,0.1351351351351351
2424,2026-05-25,2026-05-26,2026-06-08,10,連續三次,0.02857142857142847,-0.05555555555555547,0.008403361344537785,-0.020408163265306145,0.02857142857142847,-0.020408163265306145,-0.02857142857142858,0.02857142857142847,-0.020408163265306145,-0.02857142857142858,-0.052631578947368474,-0.09774436090225569,-0.10526315789473684,-0.08029197080291972,-0.12408759124087587,-0.13138686131386856,0.016129032258064502,-0.032258064516129115,-0.040322580645161255,-0.07011070110701112,-0.11439114391143912,-0.12177121771217714,-0.01176470588235301,-0.05882352941176472,-0.06666666666666665
2426,2026-03-13,2026-03-16,2026-03-27,10,連續三次,0.04347826086956519,-0.02499999999999991,-0.002849002849002913,0.01449275362318847,0.04347826086956519,0.01449275362318847,0.01739130434782621,-0.016393442622950838,-0.04371584699453557,-0.040983606557377095,-0.03485254691688999,-0.06166219839142084,-0.05898123324396776,0.019830028328611915,-0.008498583569405027,-0.005665722379603277,0.02857142857142847,0.0,0.0028571428571428914,0.034482758620689724,0.005747126436781658,0.008620689655172598,0.034482758620689724,0.005747126436781658,0.008620689655172598
2426,2026-03-18,2026-03-19,2026-04-01,10,連續三次,-0.012747875354107485,0.09899569583931123,0.0,0.08498583569405094,-0.012747875354107485,0.08498583569405094,0.08498583569405094,-0.004285714285714226,0.0942857142857143,0.0942857142857143,0.001436781609195581,0.10057471264367823,0.10057471264367823,0.001436781609195581,0.10057471264367823,0.10057471264367823,0.01455604075691408,0.1149927219796214,0.1149927219796214,-0.06442953020134223,0.028187919463087185,0.028187919463087185,0.060882800608828,0.16590563165905614,0.16590563165905614
2426,2026-04-14,2026-04-15,2026-04-28,10,連續三次,0.04038461538461546,-0.060998151571164616,0.17125984251968518,0.14423076923076916,0.04038461538461546,0.14423076923076916,-0.023076923076923106,0.08200000000000007,0.18999999999999995,0.016000000000000014,0.0018518518518517713,0.10185185185185186,-0.059259259259259345,-0.019927536231884035,0.0778985507246377,-0.07971014492753636,-0.02872531418312385,0.06822262118491906,-0.087971274685817,0.04038461538461546,0.14423076923076916,-0.023076923076923106,0.020754716981132182,0.12264150943396235,-0.04150943396226425
2426,2026-05-07,2026-05-08,2026-05-21,10,連續三次,0.07834757834757844,0.03830911492734468,0.058524173027989956,0.18518518518518512,0.07834757834757844,0.18518518518518512,0.11965811965811946,0.21900161030595822,0.33977455716586147,0.2657004830917873,0.0814285714285714,0.1885714285714286,0.12285714285714278,0.09235209235209241,0.20057720057720063,0.1341991341991342,0.10672514619883033,0.21637426900584789,0.14912280701754366,0.24098360655737716,0.36393442622950833,0.2885245901639344,0.2574750830564785,0.3820598006644518,0.30564784053156124
2429,2025-08-04,2025-08-05,2025-08-20,12,連續五次及當日沖銷標準,-0.06399999999999995,0.02564102564102555,-0.11071428571428565,-0.14628571428571424,-0.06399999999999995,-0.14628571428571424,-0.040000000000000036,-0.042105263157894646,-0.12631578947368416,-0.01754385964912286,-0.03305785123966942,-0.11806375442739081,-0.008264462809917439,-0.0072727272727272085,-0.09454545454545449,0.018181818181818077,-0.008474576271186307,-0.095641646489104,0.016949152542373058,-0.042105263157894646,-0.12631578947368416,-0.01754385964912286,-0.03076923076923066,-0.11597633136094676,-0.00591715976331364
2429,2025-09-11,2025-09-12,2025-09-25,10,連續三次,-0.10034602076124566,-0.0346153846153846,-0.0677290836653387,-0.19031141868512114,-0.10034602076124566,-0.19031141868512114,-0.13148788927335642,-0.05797101449275366,-0.15217391304347827,-0.0905797101449275,0.007751937984496138,-0.09302325581395354,-0.027131782945736482,-0.011406844106463865,-0.11026615969581754,-0.04562737642585546,0.0,-0.09999999999999998,-0.0346153846153846,0.040000000000000036,-0.06399999999999995,0.0040000000000000036,0.0,-0.09999999999999998,-0.0346153846153846
2429,2026-04-27,2026-04-28,2026-05-12,10,連續三次,0.0392749244712991,-0.029069767441860517,-0.019960079840319334,-0.011077542799597162,0.0392749244712991,-0.011077542799597162,0.009063444108761365,-0.007692307692307665,-0.05576923076923079,-0.03653846153846152,-0.051470588235294046,-0.09742647058823528,-0.07904411764705876,-0.022727272727272596,-0.07007575757575746,-0.051136363636363535,-0.007692307692307665,-0.05576923076923079,-0.03653846153846152,-0.017142857142857126,-0.06476190476190469,-0.04571428571428571,-0.026415094339622636,-0.07358490566037734,-0.05471698113207546
2434,2026-07-14,2026-07-15,2026-07-28,10,最近十個營業日已有六次,-0.28208232445520576,-0.005059021922428242,-0.0949152542372882,-0.35351089588377727,-0.28208232445520576,-0.35351089588377727,-0.2857142857142857,-0.28208232445520576,-0.35351089588377727,-0.2857142857142857,-0.32994350282485874,-0.3966101694915254,-0.33333333333333337,-0.19538670284938953,-0.2754409769335143,-0.19945725915875168,-0.15406562054208273,-0.23823109843081314,-0.1583452211126961,-0.20933333333333337,-0.28800000000000003,-0.21333333333333337,-0.20295698924731198,-0.2822580645161291,-0.206989247311828
2434,2026-07-17,2026-07-20,2026-07-31,10,連續三次,-0.2781546811397557,-0.07330827067669188,0.009127789046653234,-0.324966078697422,-0.2781546811397557,-0.324966078697422,-0.33107191316146545,-0.24108416547788858,-0.29029957203994283,-0.296718972895863,-0.29066666666666663,-0.33666666666666667,-0.3426666666666667,-0.28494623655913975,-0.33131720430107536,-0.3373655913978495,-0.22898550724637678,-0.27898550724637683,-0.2855072463768117,-0.23672883787661403,-0.28622668579626975,-0.29268292682926833,-0.1877862595419847,-0.24045801526717558,-0.24732824427480915
2438,2025-02-14,2025-02-17,2025-03-03,10,連續三次,-0.06951871657754016,-0.07327586206896541,0.06046511627906992,-0.0855614973262031,-0.06951871657754016,-0.0855614973262031,-0.13770053475935828,-0.10769230769230775,-0.12307692307692297,-0.17307692307692313,-0.09138381201044388,-0.10704960835509125,-0.15796344647519578,-0.08300395256917015,-0.09881422924901184,-0.15019762845849804,-0.07446808510638314,-0.09042553191489355,-0.14228723404255328,-0.0769230769230771,-0.09283819628647216,-0.14456233421750675,-0.07814569536423843,-0.09403973509933772,-0.14569536423841056
2451,2025-11-13,2025-11-14,2025-11-27,10,連續三次,-0.06796116504854366,-0.04427083333333337,-0.0027247956403270157,-0.11165048543689315,-0.06796116504854366,-0.11165048543689315,-0.10922330097087374,-0.06112469437652812,-0.10513447432762835,-0.10268948655256727,-0.010309278350515427,-0.05670103092783507,-0.054123711340206215,-0.01538461538461533,-0.06153846153846154,-0.05897435897435899,-0.08571428571428574,-0.12857142857142856,-0.1261904761904762,0.037837837837837895,-0.010810810810810811,-0.008108108108108136,0.02127659574468077,-0.02659574468085102,-0.02393617021276595
2451,2026-03-20,2026-03-23,2026-04-07,10,連續三次,-0.16457960644007152,0.036402569593147804,0.024793388429751984,-0.11270125223613592,-0.16457960644007152,-0.11270125223613592,-0.13416815742397137,-0.14154411764705888,-0.08823529411764708,-0.11029411764705888,-0.08610567514677103,-0.02935420743639927,-0.052837573385518644,-0.054655870445344146,0.004048582995951344,-0.020242914979757054,0.0354767184035476,0.0997782705099779,0.07317073170731714,0.028634361233480066,0.09251101321585908,0.06607929515418509,0.11455847255369922,0.18377088305489253,0.15513126491646778
2454,2026-05-06,2026-05-07,2026-05-20,10,連續三次,-0.058309037900874605,0.05727554179566563,0.039531478770131745,0.03498542274052485,-0.058309037900874605,0.03498542274052485,-0.004373177842565634,-0.027108433734939763,0.06927710843373491,0.028614457831325213,-0.09650349650349654,-0.006993006993006978,-0.04475524475524473,-0.15775749674054762,-0.0743155149934811,-0.10951760104302477,-0.10896551724137926,-0.020689655172413834,-0.0579310344827586,-0.09902370990237097,-0.009762900976290068,-0.04741980474198049,-0.05693430656934306,0.03649635036496357,-0.0029197080291970545
2455,2026-02-26,2026-03-02,2026-03-13,10,最近十個營業日已有六次,0.07466063348416285,0.021052631578947434,-0.05567010309278353,0.03619909502262453,0.07466063348416285,0.03619909502262453,0.09728506787330327,-0.06862745098039214,-0.10196078431372546,-0.0490196078431373,0.01279317697228155,-0.023454157782516027,0.034115138592750505,0.0237068965517242,-0.012931034482758674,0.04525862068965525,0.1473429951690821,0.106280193236715,0.1714975845410629,0.21483375959079276,0.17135549872122757,0.24040920716112524,0.16707616707616713,0.1253071253071254,0.19164619164619157
2455,2026-04-10,2026-04-13,2026-04-24,10,連續五次,0.17887563884156732,0.014450867052023142,-0.1125356125356125,0.061328790459965976,0.17887563884156732,0.061328790459965976,0.19591141396933565,0.15333333333333332,0.03833333333333333,0.16999999999999993,0.22695035460992918,0.10460992907801425,0.24468085106382986,0.23571428571428577,0.11250000000000004,0.25357142857142856,0.1610738255033557,0.04530201342281881,0.1778523489932886,0.10015898251192379,-0.009538950715421324,0.11605723370429244,0.014662756598240456,-0.0865102639296188,0.029325513196480912
2455,2026-05-05,2026-05-06,2026-05-19,10,最近十個營業日已有六次,0.02680965147453085,-0.016971279373368175,0.06374501992031867,0.07372654155495972,0.02680965147453085,0.07372654155495972,0.009383378016085686,0.049315068493150704,0.09726027397260273,0.03150684931506853,0.14328358208955216,0.19552238805970146,0.12388059701492526,0.06388888888888888,0.11250000000000004,0.04583333333333339,0.021333333333333426,0.06800000000000006,0.0040000000000000036,0.03653585926928282,0.08389715832205691,0.018944519621109546,0.007894736842105177,0.05394736842105252,-0.009210526315789447
2455,2026-05-26,2026-05-27,2026-06-09,10,連續五次,-0.038929440389294356,-0.07468354430379742,-0.02735978112175108,-0.13503649635036497,-0.038929440389294356,-0.13503649635036497,-0.11070559610705599,-0.04358353510895885,-0.13922518159806296,-0.11501210653753025,-0.010025062656641603,-0.10902255639097747,-0.08395989974937346,-0.0771028037383178,-0.16939252336448596,-0.1460280373831776,-0.059523809523809534,-0.15357142857142858,-0.12976190476190474,-0.044740024183796856,-0.14026602176541714,-0.11608222490931075,-0.024691358024691357,-0.12222222222222223,-0.09753086419753088
2455,2026-06-18,2026-06-22,2026-07-03,10,連續五次,-0.1310679611650486,0.0405027932960893,-0.09261744966442953,-0.17961165048543692,-0.1310679611650486,-0.17961165048543692,-0.095873786407767,-0.12254901960784315,-0.17156862745098034,-0.08700980392156865,-0.07012987012987015,-0.12207792207792212,-0.03246753246753242,-0.10499999999999998,-0.15500000000000003,-0.06874999999999998,-0.06405228758169934,-0.11633986928104578,-0.02614379084967322,0.05604719764011801,-0.002949852507374673,0.09882005899705004,0.04221251819505101,-0.01601164483260553,0.08442503639010179
2455,2026-08-07,2026-08-10,2026-08-14,5,連續三次,-0.00654450261780104,0.07905138339920947,0.01831501831501825,0.09162303664921456,-0.00654450261780104,0.09162303664921456,0.07198952879581144,0.039726027397260166,0.14246575342465762,0.12191780821917808,0.02016129032258074,0.12096774193548376,0.10080645161290325,-0.04648241206030146,0.047738693467336724,0.028894472361808976,-0.014285714285714235,0.08311688311688314,0.06363636363636371,,,,,,
2466,2026-07-07,2026-07-08,2026-07-22,10,連續三次,0.24595469255663427,-0.03463203463203468,-0.06726457399103136,0.12189859762675304,0.24595469255663427,0.12189859762675304,0.20280474649406677,0.18340163934426235,0.06557377049180335,0.14241803278688536,0.13235294117647056,0.019607843137254832,0.09313725490196068,0.10000000000000009,-0.00952380952380949,0.06190476190476191,0.08962264150943389,-0.018867924528301883,0.05188679245283012,0.013157894736842035,-0.08771929824561409,-0.021929824561403466,-0.03347280334728031,-0.12970711297071125,-0.06694560669456062
2467,2026-03-04,2026-03-05,2026-03-18,10,連續三次,0.024265644955300036,-0.00872817955112215,-0.06540880503144653,-0.05108556832694766,0.024265644955300036,-0.05108556832694766,0.015325670498084198,0.022959183673469497,-0.05229591836734693,0.014030612244897878,0.13276836158192085,0.04943502824858759,0.12288135593220328,0.13276836158192085,0.04943502824858759,0.12288135593220328,0.10013717421124824,0.019204389574760006,0.09053497942386834,0.08967391304347827,0.009510869565217295,0.08016304347826098,0.14571428571428569,0.06142857142857139,0.13571428571428568
2467,2026-04-14,2026-04-15,2026-04-28,10,連續三次,0.011131725417439675,-0.034862385321100864,0.05323193916349811,0.027829313543599188,0.011131725417439675,0.027829313543599188,-0.024118738404452666,0.03809523809523818,0.05523809523809531,0.0019047619047618536,0.07495069033530566,0.09270216962524658,0.03747534516765283,-0.04217926186291743,-0.026362038664323406,-0.07557117750439368,-0.05709342560553632,-0.04152249134948094,-0.08996539792387548,-0.05872193436960271,-0.04317789291882557,-0.09153713298791022,-0.09166666666666667,-0.07666666666666666,-0.1233333333333333
2468,2025-03-27,2025-03-28,2025-04-16,12,連續三次及當日沖銷標準,0.014285714285714235,0.03599374021909241,-0.11933534743202423,-0.07460317460317467,0.014285714285714235,-0.07460317460317467,0.050793650793650835,0.21252371916508528,0.10626185958254264,0.2561669829222011,0.19439252336448587,0.08971962616822426,0.23738317757009342,0.166058394160584,0.06386861313868608,0.2080291970802921,0.3653846153846154,0.24572649572649574,0.4145299145299146,0.5160142348754448,0.3831553973902728,0.5705812574139977,0.37715517241379315,0.2564655172413792,0.4267241379310347
2472,2026-05-29,2026-06-01,2026-06-12,10,連續三次,-0.030026109660574396,0.05921938088829082,-0.019059720457433316,0.007832898172323688,-0.030026109660574396,0.007832898172323688,0.02741514360313313,-0.040051679586563305,-0.0025839793281653423,0.01679586563307489,0.012261580381471404,0.05177111716621252,0.07220708446866486,0.07215007215007208,0.1139971139971141,0.13564213564213556,0.0926470588235293,0.1352941176470588,0.1573529411764707,0.13435114503816803,0.17862595419847338,0.20152671755725193,0.0752532561505066,0.11722141823444288,0.13892908827785821
2478,2026-05-25,2026-05-26,2026-06-08,10,連續三次,0.2666666666666666,0.05921052631578938,0.037267080745341685,0.3916666666666666,0.2666666666666666,0.3916666666666666,0.34166666666666656,0.25619834710743805,0.3801652892561984,0.3305785123966942,0.28270042194092837,0.40928270042194104,0.3586497890295359,0.09352517985611519,0.2014388489208634,0.15827338129496393,0.08185053380782925,0.18861209964412806,0.14590747330960863,0.05555555555555558,0.15972222222222232,0.11805555555555558,0.07042253521126751,0.176056338028169,0.1338028169014085
2478,2026-06-18,2026-06-22,2026-07-03,10,連續三次,0.030303030303030276,0.010504201680672232,-0.10602910602910598,-0.06926406926406925,0.030303030303030276,-0.06926406926406925,0.04112554112554112,0.014925373134328401,-0.08315565031982941,0.02558635394456288,0.0625,-0.0401785714285714,0.07366071428571419,-0.06114398422090728,-0.15187376725838264,-0.05128205128205132,-0.008333333333333304,-0.10416666666666663,0.002083333333333437,0.07692307692307687,-0.02714932126696834,0.08823529411764697,0.1333333333333333,0.023809523809523725,0.14523809523809517
2481,2026-06-25,2026-06-26,2026-07-09,10,連續三次,0.12698412698412698,0.023474178403755763,-0.11926605504587151,0.015873015873015817,0.12698412698412698,0.015873015873015817,0.1534391534391535,0.26409495548961415,0.13946587537091992,0.2937685459940653,0.2383720930232558,0.11627906976744184,0.2674418604651163,0.097938144329897,-0.010309278350515427,0.12371134020618557,0.11811023622047245,0.007874015748031482,0.14435695538057747,0.009478672985782088,-0.09004739336492895,0.033175355450236976,-0.06373626373626373,-0.15604395604395604,-0.04175824175824172
2483,2026-06-29,2026-06-30,2026-07-14,10,連續三次,0.020370370370370372,-0.029038112522686066,-0.04672897196261683,-0.05555555555555558,0.020370370370370372,-0.05555555555555558,-0.0092592592592593,-0.04999999999999993,-0.12068965517241381,-0.07758620689655171,-0.033333333333333326,-0.10526315789473684,-0.06140350877192979,-0.09523809523809523,-0.16256157635467983,-0.12151067323481113,-0.24520547945205473,-0.3013698630136986,-0.26712328767123283,-0.20260492040520972,-0.26193921852387836,-0.22575976845151946,-0.16767371601208458,-0.2296072507552871,-0.19184290030211482
2483,2026-07-21,2026-07-22,2026-08-04,10,連續三次,-0.08013937282229955,0.0997474747474747,-0.11481056257175659,-0.1045296167247387,-0.08013937282229955,-0.1045296167247387,0.011614401858304202,-0.04578313253012045,-0.07108433734939767,0.04939759036144564,-0.03883495145631066,-0.0643203883495147,0.05703883495145612,0.01538461538461533,-0.011538461538461608,0.1166666666666667,0.13142857142857145,0.10142857142857142,0.24428571428571422,0.038007863695937116,0.010484927916120546,0.1415465268676277,0.2571428571428571,0.22380952380952368,0.3825396825396825
2484,2026-04-21,2026-04-22,2026-05-06,10,連續三次,-0.1647901740020472,-0.001225490196078316,0.10061349693251542,-0.08188331627430911,-0.1647901740020472,-0.08188331627430911,-0.16581371545547596,-0.12540192926045024,-0.03858520900321538,-0.1264737406216505,-0.05555555555555569,0.03819444444444442,-0.05671296296296302,0.034220532319391594,0.1368821292775666,0.032953105196451116,0.0736842105263158,0.1802631578947369,0.07236842105263164,0.020000000000000018,0.12125000000000008,0.018750000000000044,0.004926108374384119,0.10467980295566504,0.003694581280788034
2485,2026-01-19,2026-01-20,2026-02-02,10,連續三次,0.06491712707182296,0.044098573281452724,0.022360248447204967,0.1367403314917126,0.06491712707182296,0.1367403314917126,0.11187845303867405,0.05040871934604896,0.12125340599455026,0.09673024523160745,0.07681564245810057,0.1494413407821229,0.12430167597765363,0.096728307254623,0.170697012802276,0.14509246088193462,0.022546419098143033,0.09151193633952248,0.06763925729442954,0.006527415143603221,0.0744125326370757,0.050913838120104415,0.006527415143603221,0.0744125326370757,0.050913838120104415
2485,2026-03-19,2026-03-20,2026-04-02,10,連續三次,-0.019975031210986205,0.028025477707006363,-0.09417596034696418,-0.08739076154806491,-0.019975031210986205,-0.08739076154806491,0.0074906367041198685,0.12949640287769792,0.05179856115107895,0.16115107913669058,-0.023631840796019987,-0.09079601990049768,0.003731343283582156,-0.0012722646310431296,-0.06997455470737912,0.026717557251908497,-0.036809815950920255,-0.10306748466257676,-0.009815950920245342,0.03835978835978837,-0.033068783068783025,0.06746031746031766,-0.006329113924050667,-0.07468354430379753,0.021518987341772267
2486,2026-01-29,2026-01-30,2026-02-23,10,連續三次,0.27016129032258074,-0.00952380952380949,-0.08333333333333337,0.153225806451613,0.27016129032258074,0.153225806451613,0.25806451612903225,0.26,0.1439999999999999,0.248,0.21153846153846145,0.10000000000000009,0.19999999999999996,0.23046875,0.1171875,0.21875,0.19771863117870714,0.0874524714828897,0.18631178707224327,0.15808823529411775,0.05147058823529416,0.1470588235294117,0.10139860139860146,0.0,0.09090909090909083
2486,2026-03-19,2026-03-20,2026-04-02,10,連續五次,-0.06289308176100628,0.07718120805369133,-0.09968847352024923,-0.0911949685534591,-0.06289308176100628,-0.0911949685534591,0.009433962264151052,0.06428571428571428,0.03214285714285725,0.14642857142857135,0.01016949152542379,-0.02033898305084747,0.08813559322033893,-0.06289308176100628,-0.0911949685534591,0.009433962264151052,-0.035598705501618144,-0.06472491909385114,0.03883495145631066,0.02758620689655178,-0.0034482758620689724,0.10689655172413803,0.02758620689655178,-0.0034482758620689724,0.10689655172413803
2486,2026-04-14,2026-04-15,2026-04-28,10,連續五次,0.23262032085561501,-0.03253796095444683,0.13677130044843056,0.3556149732620322,0.23262032085561501,0.3556149732620322,0.19251336898395732,0.239247311827957,0.3629032258064515,0.19892473118279574,0.24594594594594588,0.37027027027027026,0.2054054054054053,0.2131578947368422,0.3342105263157895,0.17368421052631589,0.1467661691542288,0.26119402985074625,0.1094527363184079,0.09241706161137442,0.2014218009478672,0.056872037914691864,0.010964912280701844,0.11184210526315796,-0.021929824561403466
2486,2026-05-06,2026-05-07,2026-05-20,10,連續三次,-0.060109289617486295,0.050387596899224896,0.027675276752767486,0.014571948998178597,-0.060109289617486295,0.014571948998178597,-0.012750455373406244,-0.07194244604316546,0.0017985611510791255,-0.025179856115107868,-0.11340206185567014,-0.04295532646048106,-0.06872852233676974,-0.060109289617486295,0.014571948998178597,-0.012750455373406244,-0.011494252873563204,0.06704980842911867,0.03831417624521083,-0.03731343283582089,0.03917910447761197,0.011194029850746245,-0.007692307692307665,0.07115384615384612,0.04230769230769238
2489,2026-01-27,2026-01-28,2026-02-10,10,連續五次,0.09565217391304337,0.025793650793650924,0.04835589941972929,0.17826086956521747,0.09565217391304337,0.17826086956521747,0.12391304347826093,0.10769230769230775,0.1912087912087912,0.13626373626373622,0.19999999999999996,0.29047619047619055,0.23095238095238102,0.26,0.355,0.2925,0.18867924528301883,0.27830188679245293,0.21933962264150964,0.180327868852459,0.26932084309133497,0.2107728337236534,0.10526315789473673,0.1885964912280702,0.13377192982456143
2489,2026-02-26,2026-03-02,2026-03-13,10,連續三次,0.0073081607795373316,0.03627569528415964,-0.022170361726954524,0.020706455542021995,0.0073081607795373316,0.020706455542021995,0.0438489646772231,-0.13674321503131515,-0.12526096033402923,-0.10542797494780787,-0.02934272300469487,-0.016431924882629123,0.005868544600938996,-0.09120879120879122,-0.07912087912087917,-0.05824175824175826,-0.04833141542002306,-0.03567318757192184,-0.013808975834292303,0.05216284987277375,0.0661577608142494,0.09033078880407142,0.060256410256410264,0.07435897435897432,0.09871794871794881
2489,2026-03-04,2026-03-05,2026-03-18,10,連續三次,-0.1428571428571429,0.034615384615384714,0.0631970260223047,-0.05714285714285716,-0.1428571428571429,-0.05714285714285716,-0.11318681318681312,-0.10241657077100119,-0.012658227848101333,-0.07134637514384357,-0.007633587786259444,0.09160305343511466,0.026717557251908497,0.0,0.09999999999999987,0.034615384615384714,0.0025706940874037354,0.10282776349614386,0.037275064267352276,0.0331125827814569,0.1364238410596026,0.06887417218543046,0.05978260869565233,0.16576086956521752,0.0964673913043479
2489,2026-04-14,2026-04-15,2026-04-28,10,連續三次,-0.13181818181818172,0.017015706806282616,0.08108108108108114,-0.045454545454545414,-0.13181818181818172,-0.045454545454545414,-0.11704545454545456,-0.11778290993071583,-0.03002309468822162,-0.10277136258660502,-0.140607424071991,-0.055118110236220486,-0.12598425196850394,-0.15016685205784208,-0.06562847608453848,-0.13570634037819806,-0.1218390804597701,-0.03448275862068961,-0.10689655172413792,-0.11368909512761016,-0.025522041763341052,-0.09860788863109049,-0.14636871508379878,-0.06145251396648044,-0.13184357541899439
2491,2025-12-04,2025-12-05,2025-12-18,10,連續三次,0.21342925659472423,-0.02766798418972327,-0.07317073170731714,0.09352517985611497,0.21342925659472423,0.09352517985611497,0.17985611510791366,0.2777777777777777,0.1515151515151516,0.24242424242424243,0.2524752475247525,0.12871287128712883,0.21782178217821802,0.18501170960187352,0.06791569086651039,0.15222482435597184,0.14739229024943312,0.03401360544217691,0.11564625850340149,0.26184538653366585,0.1371571072319202,0.22693266832917702,0.25558312655086857,0.13151364764267992,0.22084367245657588
2491,2026-06-05,2026-06-08,2026-06-22,10,連續三次,0.4079999999999999,0.06931818181818183,-0.11477151965993626,0.3328,0.4079999999999999,0.3328,0.5055999999999998,0.39904610492845793,0.32432432432432434,0.4960254372019077,0.44499178981937604,0.367816091954023,0.5451559934318555,0.5224913494809689,0.4411764705882353,0.6280276816608996,0.46666666666666656,0.3883333333333332,0.5683333333333331,0.2790697674418605,0.2107558139534884,0.36773255813953476,0.1796246648793567,0.11662198391420908,0.26139410187667567
2492,2026-05-14,2026-05-15,2026-05-28,10,連續三次,0.8139534883720929,0.05128205128205132,-0.039024390243902474,0.8325581395348838,0.8139534883720929,0.8325581395348838,0.9069767441860466,0.8571428571428572,0.8761904761904762,0.9523809523809523,0.8309859154929577,0.8497652582159625,0.9248826291079812,0.7410714285714286,0.7589285714285714,0.8303571428571428,0.5028901734104045,0.5183044315992293,0.5799614643545279,0.39037433155080214,0.40463458110516926,0.46167557932263814,0.27450980392156854,0.2875816993464053,0.33986928104575154
2492,2026-05-26,2026-05-27,2026-06-09,10,連續三次,0.2753623188405796,0.022727272727272707,-0.09444444444444444,0.181159420289855,0.2753623188405796,0.181159420289855,0.30434782608695654,0.23943661971830976,0.147887323943662,0.267605633802817,0.07317073170731714,-0.0060975609756097615,0.09756097560975618,0.07843137254901955,-0.001225490196078427,0.10294117647058831,0.1253196930946292,0.0421994884910486,0.15089514066496168,-0.013452914798206317,-0.08632286995515692,0.008968609865470878,0.12244897959183665,0.039540816326530503,0.1479591836734695
2492,2026-05-29,2026-06-01,2026-06-12,10,連續三次,0.002450980392156854,0.08801955990220045,0.010112359550561889,0.10171568627450989,0.002450980392156854,0.10171568627450989,0.09068627450980382,0.04603580562659837,0.1496163682864451,0.13810741687979533,-0.0829596412556054,0.007847533632286963,-0.0022421524663677195,0.04336734693877542,0.1466836734693877,0.13520408163265296,0.09358288770053469,0.20187165775401072,0.18983957219251346,0.09212283044058744,0.2002670226969292,0.18825100133511352,-0.0036540803897685548,0.09500609013398287,0.08404384896467731
2492,2026-06-03,2026-06-04,2026-06-17,10,連續三次,0.38265306122448983,-0.009225092250922495,0.04469273743016755,0.43112244897959173,0.38265306122448983,0.43112244897959173,0.3698979591836735,0.44919786096256686,0.5,0.43582887700534756,0.44726301735647533,0.4979973297730307,0.43391188251001345,0.32034104750304504,0.36662606577344703,0.3081607795371497,0.20444444444444443,0.2466666666666666,0.19333333333333336,0.32843137254901955,0.375,0.3161764705882353,0.18469945355191264,0.22622950819672139,0.17377049180327875
2492,2026-06-23,2026-06-24,2026-07-07,10,連續三次,-0.09386281588447654,0.015936254980079667,-0.07058823529411762,-0.14440433212996395,-0.09386281588447654,-0.14440433212996395,-0.07942238267148016,-0.1702479338842975,-0.21652892561983472,-0.15702479338842978,-0.13298791018998268,-0.18134715025906734,-0.11917098445595853,-0.05992509363295884,-0.1123595505617978,-0.0449438202247191,-0.051039697542533125,-0.10396975425330812,-0.03591682419659736,-0.1605351170568562,-0.20735785953177255,-0.14715719063545152,-0.13597246127366613,-0.18416523235800342,-0.1222030981067126
2492,2026-07-15,2026-07-16,2026-07-29,10,連續三次,-0.3942307692307693,-0.07482993197278909,-0.026960784313725505,-0.4546703296703297,-0.3942307692307693,-0.4546703296703297,-0.43956043956043955,-0.2829268292682927,-0.3544715447154472,-0.3365853658536585,-0.234375,-0.31076388888888884,-0.29166666666666663,-0.15192307692307694,-0.2365384615384616,-0.2153846153846154,-0.265,-0.3383333333333334,-0.31999999999999995,-0.24744027303754268,-0.3225255972696246,-0.30375426621160406,-0.2435677530017153,-0.3190394511149228,-0.30017152658662094
2492,2026-07-20,2026-07-21,2026-08-03,10,連續三次,-0.0788461538461539,0.04801670146137793,0.03386454183266929,-0.0019230769230769162,-0.0788461538461539,-0.0019230769230769162,-0.0346153846153846,-0.20166666666666666,-0.135,-0.16333333333333333,-0.18259385665529015,-0.11433447098976113,-0.14334470989761094,-0.1783876500857633,-0.10977701543739282,-0.13893653516295024,-0.11296296296296293,-0.03888888888888886,-0.07037037037037042,-0.030364372469635637,0.0506072874493928,0.0161943319838056,0.021321961620469176,0.10660980810234544,0.07036247334754808
2493,2025-08-11,2025-08-12,2025-08-25,10,連續三次,0.14492753623188404,-0.03164556962025311,0.016339869281045694,0.12681159420289845,0.14492753623188404,0.12681159420289845,0.10869565217391308,0.17037037037037028,0.1518518518518519,0.1333333333333333,0.1924528301886792,0.17358490566037732,0.15471698113207544,0.21538461538461529,0.19615384615384612,0.17692307692307696,0.14909090909090916,0.13090909090909086,0.11272727272727279,0.10489510489510478,0.0874125874125875,0.06993006993007,0.17910447761194037,0.16044776119402981,0.14179104477611948
2493,2026-06-17,2026-06-18,2026-07-02,10,連續三次,0.2928286852589641,-0.02927580893682591,-0.0031746031746031633,0.250996015936255,0.2928286852589641,0.250996015936255,0.2549800796812749,0.17785843920145195,0.13974591651542645,0.14337568058076222,0.24568138195777345,0.20537428023032622,0.20921305182341654,0.22452830188679251,0.18490566037735845,0.18867924528301883,0.17999999999999994,0.14181818181818184,0.1454545454545455,0.16726618705035978,0.12949640287769792,0.13309352517985618,0.18864468864468864,0.1501831501831501,0.15384615384615374
2515,2025-11-04,2025-11-05,2025-11-18,10,連續五次,0.024316109422492627,-0.03264094955489616,-0.0644171779141105,-0.07294832826747721,0.024316109422492627,-0.07294832826747721,-0.009118541033434568,0.012012012012012185,-0.08408408408408397,-0.02102102102102088,-0.014619883040935644,-0.10818713450292405,-0.04678362573099415,0.012012012012012185,-0.08408408408408397,-0.02102102102102088,-0.03714285714285703,-0.12857142857142856,-0.0685714285714285,0.0029761904761904656,-0.09226190476190477,-0.029761904761904767,0.04658385093167694,-0.052795031055900665,0.012422360248447228
2616,2026-03-09,2026-03-10,2026-03-23,10,連續三次,-0.17721518987341767,-0.09999999999999998,0.014245014245014342,-0.24894514767932485,-0.17721518987341767,-0.24894514767932485,-0.2594936708860759,0.005154639175257714,-0.08247422680412364,-0.09536082474226792,0.11428571428571432,0.017142857142857126,0.0028571428571428914,0.05978260869565233,-0.032608695652173836,-0.04619565217391297,0.10795454545454541,0.011363636363636243,-0.0028409090909091717,0.08938547486033532,-0.005586592178770777,-0.019553072625698165,0.16766467065868262,0.06586826347305408,0.050898203592814495
2630,2025-08-18,2025-08-19,2025-09-03,12,連續五次及當日沖銷標準,0.17258064516129035,0.04264099037138913,-0.08443271767810012,0.11935483870967745,0.17258064516129035,0.11935483870967745,0.22258064516129017,0.2534482758620691,0.1965517241379311,0.306896551724138,0.25996533795493937,0.20277296360485275,0.31369150779895993,0.2621527777777779,0.20486111111111116,0.3159722222222221,0.27543859649122804,0.21754385964912282,0.3298245614035087,0.21166666666666667,0.15666666666666673,0.2633333333333332,0.19180327868852465,0.13770491803278695,0.242622950819672
2911,2026-05-22,2026-05-25,2026-06-05,10,連續三次,-0.07853403141361259,-0.07613636363636367,0.04674046740467386,-0.10890052356020952,-0.07853403141361259,-0.10890052356020952,-0.14869109947643977,-0.16190476190476188,-0.18952380952380954,-0.22571428571428565,-0.050701186623516636,-0.08198489751887805,-0.12297734627831702,0.043890865954923086,0.009489916963226541,-0.03558718861209953,0.01382488479262678,-0.019585253456221197,-0.06336405529953903,0.07317073170731736,0.03780487804878052,-0.008536585365853444,0.07975460122699385,0.04417177914110426,-0.0024539877300613355
2911,2026-05-27,2026-05-28,2026-06-10,10,連續三次,-0.05100830367734277,0.013749999999999929,0.01356350184956856,-0.02491103202846967,-0.05100830367734277,-0.02491103202846967,-0.037959667852906276,-0.07834101382488479,-0.05299539170506906,-0.06566820276497698,-0.024390243902438935,0.0024390243902441266,-0.01097560975609757,-0.018404907975460127,0.008588957055214674,-0.004907975460122782,-0.007444168734491385,0.01985111662531014,0.006203473945409321,-0.04420549581839894,-0.017921146953404854,-0.031063321385901954,-0.03730445246690739,-0.010830324909747224,-0.024067388688327473
2923,2026-04-17,2026-04-20,2026-05-04,10,連續三次,-0.2780569514237856,-0.011600928074245953,0.04929577464788726,-0.25125628140703515,-0.2780569514237856,-0.25125628140703515,-0.2864321608040201,-0.25689655172413794,-0.22931034482758617,-0.2655172413793103,-0.20185185185185184,-0.17222222222222217,-0.21111111111111114,-0.14484126984126977,-0.11309523809523803,-0.15476190476190466,-0.1647286821705426,-0.13372093023255816,-0.17441860465116277,-0.04222222222222216,-0.006666666666666599,-0.053333333333333344,-0.03794642857142849,-0.0022321428571426827,-0.049107142857142794
3006,2026-01-05,2026-01-06,2026-01-19,10,連續三次,0.1697416974169741,-0.082018927444795,0.04467353951890041,0.12177121771217703,0.1697416974169741,0.12177121771217703,0.07380073800738018,0.04276315789473695,0.0,-0.042763157894736836,0.1045296167247387,0.059233449477351874,0.013937282229965264,0.1161971830985915,0.07042253521126751,0.02464788732394374,0.11228070175438587,0.06666666666666665,0.021052631578947434,0.04966887417218535,0.0066225165562914245,-0.03642384105960261,0.07823129251700678,0.03401360544217691,-0.010204081632653073
3006,2026-01-08,2026-01-09,2026-01-22,10,連續三次,0.03873239436619724,0.0847457627118644,-0.11250000000000004,0.0,0.03873239436619724,0.0,0.12676056338028174,0.03508771929824572,-0.0035087719298245723,0.12280701754385959,-0.023178807947019875,-0.05960264900662249,0.0596026490066226,0.00340136054421758,-0.03401360544217691,0.08843537414965996,-0.013377926421404673,-0.050167224080267525,0.07023411371237454,-0.04530744336569581,-0.08090614886731395,0.03559870550161803,-0.06940063091482651,-0.10410094637223977,0.009463722397476282
3006,2026-03-19,2026-03-20,2026-04-02,10,連續三次,-0.31278538812785384,0.09634551495016619,-0.048484848484848464,-0.2831050228310502,-0.31278538812785384,-0.2831050228310502,-0.2465753424657534,-0.14730878186968843,-0.11048158640226624,-0.06515580736543913,-0.1707988980716253,-0.13498622589531684,-0.09090909090909094,-0.11470588235294121,-0.07647058823529407,-0.02941176470588236,-0.125,-0.08720930232558144,-0.04069767441860461,-0.0444444444444444,-0.0031746031746031633,0.04761904761904767,-0.10946745562130178,-0.07100591715976334,-0.023668639053254448
3008,2026-05-19,2026-05-20,2026-06-02,10,連續三次,0.1561561561561562,0.018181818181818077,0.01658163265306123,0.19669669669669676,0.1561561561561562,0.19669669669669676,0.17717717717717707,0.17199391171993916,0.213089802130898,0.19330289193302885,0.11594202898550732,0.155072463768116,0.13623188405797104,0.05914718019257226,0.0962861072902339,0.0784044016506189,-0.006451612903225823,0.028387096774193488,0.011612903225806548,0.04336043360433606,0.07994579945799463,0.06233062330623307,0.09843081312410851,0.1369472182596292,0.11840228245363771
3016,2026-05-06,2026-05-07,2026-05-20,10,連續三次,-0.0625,0.06666666666666665,0.03125,0.03125,-0.0625,0.03125,0.0,-0.125,-0.03749999999999998,-0.06666666666666665,-0.1322314049586777,-0.045454545454545414,-0.07438016528925617,-0.18604651162790697,-0.10465116279069764,-0.13178294573643412,-0.11016949152542377,-0.021186440677966156,-0.05084745762711862,-0.15662650602409633,-0.07228915662650603,-0.10040160642570284,-0.1796875,-0.09765625,-0.125
3016,2026-05-11,2026-05-12,2026-05-25,10,連續三次,0.03100775193798455,0.05263157894736836,-0.09999999999999998,-0.023255813953488413,0.03100775193798455,-0.023255813953488413,0.0852713178294573,0.12711864406779672,0.06779661016949157,0.18644067796610164,0.06827309236947787,0.012048192771084265,0.12449799196787148,0.0390625,-0.015625,0.09375,0.2429906542056075,0.17757009345794383,0.30841121495327095,0.1928251121076232,0.13004484304932729,0.25560538116591935,0.2666666666666666,0.19999999999999996,0.33333333333333326
3021,2026-05-29,2026-06-01,2026-06-12,10,連續三次,-0.09667673716012093,0.06688963210702337,-0.02037617554858928,-0.0558912386706949,-0.09667673716012093,-0.0558912386706949,-0.03625377643504535,-0.1785714285714286,-0.14148351648351642,-0.12362637362637363,-0.25250000000000006,-0.21875,-0.2025,-0.2333333333333334,-0.19871794871794868,-0.18205128205128207,-0.0771604938271605,-0.03549382716049376,-0.015432098765432056,0.023972602739726012,0.0702054794520548,0.09246575342465757,0.03103448275862064,0.07758620689655182,0.09999999999999987
3021,2026-06-03,2026-06-04,2026-06-17,10,連續三次,-0.20000000000000007,0.017628205128205066,-0.023622047244094446,-0.20512820512820518,-0.20000000000000007,-0.20512820512820518,-0.1858974358974359,-0.03703703703703698,-0.043209876543209846,-0.020061728395061706,0.06849315068493156,0.06164383561643838,0.08732876712328763,0.07586206896551717,0.06896551724137923,0.09482758620689657,0.1773584905660377,0.16981132075471694,0.19811320754716988,0.15555555555555545,0.14814814814814814,0.17592592592592582,0.10247349823321539,0.09540636042402828,0.12190812720848054
3026,2026-04-14,2026-04-15,2026-04-28,10,連續三次,0.026315789473684292,-0.02564102564102566,0.03508771929824572,0.03508771929824572,0.026315789473684292,0.03508771929824572,0.0,0.026315789473684292,0.03508771929824572,0.0,-0.004255319148936176,0.004255319148936065,-0.029787234042553234,-0.002132196162046962,0.006396588486140775,-0.02771855010660984,-0.025000000000000022,-0.01666666666666672,-0.050000000000000044,-0.09652509652509655,-0.08880308880308885,-0.11969111969111967,-0.0714285714285714,-0.06349206349206349,-0.09523809523809523
3026,2026-05-11,2026-05-12,2026-05-25,10,連續三次,0.5920852359208524,0.0,0.089866156787763,0.7351598173515981,0.5920852359208524,0.7351598173515981,0.5920852359208524,0.6550632911392404,0.8037974683544304,0.6550632911392404,0.464985994397759,0.596638655462185,0.464985994397759,0.4527777777777777,0.5833333333333333,0.4527777777777777,0.5028735632183907,0.6379310344827587,0.5028735632183907,0.35492227979274604,0.4766839378238341,0.35492227979274604,0.369109947643979,0.4921465968586387,0.369109947643979
3026,2026-05-14,2026-05-15,2026-05-28,10,連續三次,0.6805555555555556,0.05785123966942152,0.0015624999999999112,0.7805555555555554,0.6805555555555556,0.7805555555555554,0.7777777777777777,0.7385057471264367,0.8419540229885059,0.8390804597701149,0.5673575129533679,0.660621761658031,0.6580310880829014,0.5837696335078535,0.6780104712041886,0.675392670157068,0.41355140186915884,0.49766355140186924,0.49532710280373826,0.3152173913043479,0.3934782608695653,0.3913043478260869,0.15900383141762453,0.22796934865900376,0.2260536398467432
3026,2026-05-25,2026-05-26,2026-06-08,10,連續三次,0.1491395793499044,0.048252911813643884,0.049206349206349254,0.2638623326959848,0.1491395793499044,0.2638623326959848,0.20458891013384317,0.0033388981636059967,0.10350584307178634,0.05175292153589317,-0.011513157894736836,0.08717105263157898,0.03618421052631571,-0.06093749999999998,0.03281249999999991,-0.015625,-0.10432190760059612,-0.014903129657228065,-0.06110283159463492,-0.06093749999999998,0.03281249999999991,-0.015625,-0.057993730407523536,0.036050156739811934,-0.01253918495297801
3026,2026-05-28,2026-05-29,2026-06-11,10,連續三次,0.0859375,0.09928057553956826,0.0,0.1937500000000001,0.0859375,0.1937500000000001,0.1937500000000001,0.03576751117734722,0.13859910581222046,0.13859910581222046,0.0859375,0.1937500000000001,0.1937500000000001,0.08934169278996862,0.19749216300940442,0.19749216300940442,0.15833333333333344,0.27333333333333343,0.27333333333333343,0.16806722689075637,0.28403361344537825,0.28403361344537825,0.23226950354609932,0.35460992907801425,0.35460992907801425
3026,2026-06-17,2026-06-18,2026-07-02,10,連續三次,0.034522439585730647,-0.03559510567296997,0.13956170703575554,0.13693901035673184,0.034522439585730647,0.13693901035673184,-0.0023014959723820505,0.010112359550561889,0.11011235955056176,-0.025842696629213457,0.0022296544035673715,0.10144927536231885,-0.03344481605351168,0.12375000000000003,0.2350000000000001,0.08374999999999999,0.13224181360201515,0.24433249370277088,0.09193954659949632,0.18134034165571622,0.29829172141918536,0.13929040735873843,0.23489010989010994,0.3571428571428572,0.19093406593406592
3026,2026-07-21,2026-07-22,2026-08-04,10,連續三次,-0.2966101694915254,0.054216867469879526,0.04190476190476189,-0.2274011299435028,-0.2966101694915254,-0.2274011299435028,-0.2584745762711864,-0.25671641791044775,-0.18358208955223876,-0.21641791044776115,-0.2697947214076246,-0.19794721407624638,-0.23020527859237538,-0.22187500000000004,-0.14531249999999996,-0.1796875,-0.05502846299810249,0.03795066413662229,-0.003795066413662229,0.04952581664910438,0.15279241306638558,0.10642781875658591,0.16491228070175445,0.27953216374268997,0.22807017543859653
3026,2026-07-31,2026-08-03,2026-08-07,5,連續三次,0.2441860465116279,0.03738317757009346,0.05945945945945952,0.3674418604651162,0.2441860465116279,0.3674418604651162,0.2906976744186047,0.1157455683003128,0.22627737226277378,0.15745568300312818,0.01904761904761898,0.1200000000000001,0.05714285714285716,-0.011090573012939031,0.08687615526802217,0.025878003696857776,-0.10084033613445376,-0.0117647058823529,-0.0672268907563025,,,,,,
3030,2026-05-07,2026-05-08,2026-05-21,10,連續三次,-0.06951219512195117,0.035386631716906924,0.06202531645569631,0.023170731707317094,-0.06951219512195117,0.023170731707317094,-0.03658536585365857,-0.040251572327044016,0.05534591194968552,-0.0062893081761006275,-0.04505632040050067,0.050062578222778376,-0.01126408010012514,-0.04385964912280704,0.05137844611528819,-0.010025062656641603,-0.08949880668257759,0.0011933174224343368,-0.05727923627684961,-0.06609547123623016,0.02692778457772338,-0.033047735618115026,-0.01037613488975353,0.08819714656290523,0.024643320363164634
3037,2026-03-02,2026-03-03,2026-03-16,10,連續三次,0.15094339622641506,0.04007285974499086,-0.04903677758318736,0.1383647798742138,0.15094339622641506,0.1383647798742138,0.1970649895178198,0.2477272727272728,0.23409090909090913,0.2977272727272726,0.21864594894561606,0.20532741398446164,0.26748057713651496,0.2406779661016949,0.22711864406779658,0.2903954802259887,0.4113110539845759,0.39588688946015416,0.467866323907455,0.3390243902439025,0.3243902439024391,0.3926829268292682,0.22956326987681974,0.21612541993281065,0.27883538633818583
3037,2026-03-18,2026-03-19,2026-04-01,10,連續三次,-0.13386524822695034,0.09518935516888427,-0.029906542056074792,-0.07978723404255317,-0.13386524822695034,-0.07978723404255317,-0.0514184397163121,-0.15337954939341425,-0.10051993067590992,-0.07279029462738307,-0.024950099800399195,0.03592814371257491,0.06786427145708585,-0.042156862745098,0.01764705882352935,0.0490196078431373,0.002051282051282133,0.06461538461538452,0.09743589743589753,-0.042156862745098,0.01764705882352935,0.0490196078431373,0.03276955602537002,0.09725158562367864,0.13107822410147985
3037,2026-04-13,2026-04-14,2026-04-27,10,連續三次,0.3317460317460317,0.029797377830750982,-0.04513888888888884,0.30952380952380953,0.3317460317460317,0.30952380952380953,0.37142857142857144,0.39833333333333343,0.375,0.43999999999999995,0.35322580645161294,0.3306451612903225,0.3935483870967742,0.3109375000000001,0.2890625,0.3500000000000001,0.30279503105590067,0.28105590062111796,0.3416149068322982,0.1816901408450704,0.1619718309859155,0.21690140845070416,0.16852367688022274,0.14902506963788298,0.20334261838440115
3037,2026-08-07,2026-08-10,2026-08-14,5,連續三次,0.04187946884576088,0.02450980392156854,0.0717703349282297,0.14402451481103173,0.04187946884576088,0.14402451481103173,0.0674157303370786,0.03238866396761142,0.1336032388663968,0.05769230769230771,0.021021021021021102,0.12112112112112117,0.04604604604604612,-0.02392344497607657,0.0717703349282297,0.0,0.0,0.0980392156862746,0.02450980392156854,,,,,,
3040,2025-06-25,2025-06-26,2025-07-09,10,連續三次,0.04632587859424908,-0.022900763358778664,0.0,0.022364217252396124,0.04632587859424908,0.022364217252396124,0.022364217252396124,0.03149606299212593,0.007874015748031482,0.007874015748031482,-0.0353460972017674,-0.057437407952872,-0.057437407952872,-0.07355021216407354,-0.09476661951909482,-0.09476661951909482,-0.05619596541786753,-0.0778097982708934,-0.0778097982708934,-0.05755395683453235,-0.07913669064748197,-0.07913669064748197,-0.050724637681159424,-0.07246376811594202,-0.07246376811594202
3042,2026-04-15,2026-04-16,2026-04-29,10,連續三次,0.19771863117870714,0.015873015873015817,-0.043749999999999956,0.16349809885931554,0.19771863117870714,0.16349809885931554,0.21673003802281365,0.10139860139860146,0.06993006993007,0.11888111888111896,-0.05405405405405406,-0.08108108108108103,-0.03903903903903905,-0.02777777777777779,-0.05555555555555558,-0.012345679012345734,-0.033742331288343586,-0.06134969325153372,-0.018404907975460127,-0.07352941176470584,-0.09999999999999998,-0.05882352941176472,0.016129032258064502,-0.012903225806451646,0.032258064516129004
3042,2026-04-20,2026-04-21,2026-05-05,10,連續三次,0.021604938271605034,0.0392749244712991,-0.125,-0.07098765432098764,0.021604938271605034,-0.07098765432098764,0.06172839506172845,0.015337423312883347,-0.07668711656441718,0.05521472392638027,-0.026470588235294135,-0.11470588235294121,0.0117647058823529,0.06774193548387086,-0.029032258064516148,0.10967741935483866,0.14930555555555558,0.04513888888888884,0.19444444444444442,0.14137931034482754,0.037931034482758585,0.18620689655172407,0.08524590163934431,-0.013114754098360604,0.12786885245901636
3048,2025-09-01,2025-09-02,2025-09-15,10,連續三次,0.08928571428571419,-0.06448087431693994,-0.03621495327102797,-0.017857142857142905,0.08928571428571419,-0.017857142857142905,0.01904761904761898,0.018930957683741756,-0.08129175946547884,-0.04677060133630295,0.05902777777777768,-0.04513888888888895,-0.009259259259259411,0.016666666666666607,-0.08333333333333337,-0.04888888888888898,-0.009740259740259827,-0.1071428571428572,-0.07359307359307377,0.08156028368794344,-0.024822695035460973,0.011820330969267046,0.02348993288590595,-0.07718120805369133,-0.0425055928411634
3054,2026-03-12,2026-03-13,2026-03-26,10,最近十個營業日已有六次,0.0,-0.026153846153846194,-0.018957345971563955,-0.04461538461538461,0.0,-0.04461538461538461,-0.026153846153846194,-0.1095890410958904,-0.14931506849315068,-0.1328767123287672,-0.2545871559633027,-0.2878440366972477,-0.2740825688073395,-0.2554410080183276,-0.28865979381443296,-0.27491408934707906,-0.25287356321839083,-0.28620689655172415,-0.27241379310344827,-0.2777777777777778,-0.30999999999999994,-0.29666666666666675,-0.1333333333333333,-0.17199999999999993,-0.15600000000000003
3054,2026-03-17,2026-03-18,2026-03-31,10,連續三次,-0.2256586483390608,0.06952662721893499,0.027662517289073207,-0.1489117983963345,-0.2256586483390608,-0.1489117983963345,-0.17182130584192445,-0.22298850574712648,-0.1459770114942529,-0.16896551724137931,-0.24888888888888894,-0.1744444444444445,-0.19666666666666666,-0.09866666666666679,-0.009333333333333416,-0.03600000000000003,-0.04788732394366202,0.04647887323943656,0.018309859154929553,0.04806201550387579,0.15193798449612395,0.1209302325581394,0.039999999999999813,0.1430769230769231,0.11230769230769222
3055,2025-04-14,2025-04-15,2025-04-28,10,連續三次,0.09677419354838701,-0.009803921568627416,0.007920792079207928,0.09462365591397837,0.09677419354838701,0.09462365591397837,0.08602150537634401,0.04081632653061229,0.038775510204081653,0.030612244897959107,0.10749185667752448,0.10532030401737247,0.09663409337676443,0.03975535168195732,0.03771661569826712,0.02956167176350677,0.03238866396761142,0.030364372469635637,0.022267206477732726,0.0680628272251309,0.06596858638743464,0.05759162303664911,0.06694560669456062,0.06485355648535562,0.05648535564853563
3055,2026-07-03,2026-07-06,2026-07-20,10,連續三次,-0.009202453987730008,0.018575851393188847,0.02735562310030404,0.036809815950920255,-0.009202453987730008,0.036809815950920255,0.009202453987730008,-0.044378698224852076,0.0,-0.026627218934911268,-0.038690476190476164,0.005952380952380931,-0.02083333333333337,-0.0030864197530864335,0.043209876543209846,0.015432098765432167,0.006230529595015577,0.052959501557632294,0.024922118380062308,-0.027108433734939763,0.01807228915662651,-0.009036144578313254,-0.07977207977207978,-0.03703703703703709,-0.06267806267806264
3055,2026-07-08,2026-07-09,2026-07-23,10,連續三次,-0.07098765432098764,-0.08637873754152825,-0.014545454545454528,-0.1635802469135802,-0.07098765432098764,-0.1635802469135802,-0.15123456790123457,-0.06230529595015577,-0.15576323987538943,-0.14330218068535827,-0.09337349397590367,-0.1837349397590361,-0.17168674698795183,-0.14245014245014243,-0.22792022792022792,-0.2165242165242165,-0.22820512820512817,-0.30512820512820515,-0.2948717948717948,-0.10416666666666663,-0.19345238095238093,-0.18154761904761907,-0.07951070336391441,-0.17125382262996947,-0.15902140672782872
3055,2026-07-30,2026-07-31,2026-08-07,6,連續三次,0.009756097560975618,0.019323671497584627,0.07582938388625582,0.1073170731707318,0.009756097560975618,0.1073170731707318,0.029268292682926855,0.1788154897494305,0.2927107061503418,0.20159453302961272,0.05397148676171071,0.15580448065173114,0.07433808553971488,-0.04166666666666663,0.05092592592592582,-0.02314814814814814,-0.050458715596330306,0.041284403669724856,-0.032110091743119296,-0.08407079646017701,0.004424778761061843,-0.0663716814159292,,,
3066,2026-03-19,2026-03-20,2026-04-02,10,因連續3個營業日達本中心作業要點第四條第一項第一款,-0.27855711422845686,0.002777777777777768,-0.04432132963988922,-0.30861723446893785,-0.27855711422845686,-0.30861723446893785,-0.2765531062124248,-0.14893617021276595,-0.1843971631205673,-0.1465721040189124,-0.15294117647058825,-0.18823529411764706,-0.15058823529411758,-0.07455012853470433,-0.11311053984575836,-0.0719794344473007,-0.1346153846153847,-0.17067307692307698,-0.13221153846153844,-0.05759162303664933,-0.09685863874345557,-0.054973821989528826,-0.06493506493506496,-0.10389610389610393,-0.06233766233766225
3071,2025-08-18,2025-08-19,2025-09-01,10,因連續3個營業日達本中心作業要點第四條第一項第一款,0.05769230769230771,0.02181818181818196,-0.026690391459074703,0.05192307692307696,0.05769230769230771,0.05192307692307696,0.08076923076923093,0.04961832061068705,0.043893129770992356,0.07251908396946583,0.10441767068273089,0.09839357429718887,0.12851405622489964,0.07003891050583655,0.06420233463035019,0.09338521400778221,0.037735849056603765,0.03207547169811331,0.060377358490566024,0.031894934333958735,0.026266416510319024,0.054409005628518026,0.061776061776061875,0.055984555984556206,0.084942084942085
3073,2025-05-07,2025-05-08,2025-05-23,12,連續3個營業日及沖銷標準,0.11287128712871297,-0.019572953736654797,-0.07078039927404711,0.013861386138613874,0.11287128712871297,0.013861386138613874,0.09108910891089117,0.05046728971962633,-0.04299065420560744,0.029906542056074903,0.05046728971962633,-0.04299065420560744,0.029906542056074903,0.025547445255474477,-0.06569343065693423,0.005474452554744547,0.09338521400778221,-0.0038910505836574627,0.07198443579766534,0.09338521400778221,-0.0038910505836574627,0.07198443579766534,0.084942084942085,-0.011583011583011449,0.06370656370656369
3081,2025-01-21,2025-01-22,2025-02-17,12,連續3個營業日及沖銷標準,-0.007000000000000006,0.011077542799597273,-0.03585657370517925,-0.03200000000000003,-0.007000000000000006,-0.03200000000000003,0.0040000000000000036,0.04088050314465419,0.01467505241090139,0.052410901467505155,0.023711340206185483,-0.0020618556701030855,0.035051546391752675,0.10333333333333328,0.0755555555555556,0.11555555555555563,0.05863539445629007,0.031982942430703654,0.07036247334754808,0.05414012738853513,0.027600849256900206,0.06581740976645434,0.01741803278688514,-0.008196721311475419,0.028688524590164022
3081,2025-03-06,2025-03-07,2025-03-20,10,連續5個營業日,-0.11533420707732633,0.028148148148148255,0.01729106628242083,-0.07470511140235914,-0.11533420707732633,-0.07470511140235914,-0.09043250327653996,-0.07024793388429751,-0.02754820936639113,-0.0440771349862259,0.1287625418060201,0.1806020066889633,0.16053511705685608,0.08695652173913038,0.13687600644122377,0.11755233494363937,0.14406779661016955,0.19661016949152543,0.17627118644067807,0.1479591836734695,0.20068027210884343,0.1802721088435375,0.048136645962732816,0.09627329192546585,0.07763975155279512
3081,2025-04-21,2025-04-22,2025-05-06,10,最近10個營業日內有6個營業日,0.145610278372591,0.005607476635514086,-0.06505576208178443,0.0770877944325481,0.145610278372591,0.0770877944325481,0.15203426124197006,0.09856262833675555,0.03285420944558526,0.10472279260780293,0.08080808080808088,0.016161616161616266,0.08686868686868676,0.01904761904761898,-0.04190476190476189,0.024761904761904763,0.053149606299212504,-0.009842519685039353,0.059055118110236116,0.005639097744360999,-0.05451127819548873,0.011278195488721776,-0.02372262773722633,-0.08211678832116787,-0.018248175182481785
3081,2025-05-15,2025-05-16,2025-06-03,12,連續5個營業日及沖銷標準,-0.07516339869281041,0.0176678445229681,-0.00347222222222221,-0.06209150326797386,-0.07516339869281041,-0.06209150326797386,-0.05882352941176472,-0.06907894736842102,-0.05592105263157898,-0.052631578947368474,-0.025817555938037917,-0.012048192771084376,-0.008605851979345935,-0.010489510489510523,0.0034965034965035446,0.006993006993007089,-0.013937282229965153,0.0,0.0034843205574912606,-0.022452504317789335,-0.008635578583765069,-0.005181347150259086,-0.027491408934707917,-0.013745704467353903,-0.010309278350515427
3081,2025-06-13,2025-06-16,2025-06-27,10,最近10個營業日內有6個營業日,0.08125000000000004,0.01734104046242768,-0.06960227272727271,0.0234375,0.08125000000000004,0.0234375,0.10000000000000009,0.0662557781201849,0.009244992295839749,0.0847457627118644,0.10897435897435903,0.049679487179487225,0.1282051282051282,0.09493670886075956,0.03639240506329111,0.11392405063291133,0.09841269841269851,0.039682539682539764,0.11746031746031749,0.11433172302737526,0.054750402576489554,0.13365539452495967,0.08634222919937207,0.028257456828885363,0.10518053375196224
3081,2025-07-11,2025-07-14,2025-07-25,10,最近10個營業日內有6個營業日,0.10775862068965525,0.024643320363164634,0.017721518987341867,0.15517241379310343,0.10775862068965525,0.15517241379310343,0.13505747126436773,0.13549337260677463,0.18409425625920472,0.16347569955817387,0.08591549295774659,0.13239436619718314,0.11267605633802824,0.07381615598885793,0.11977715877437323,0.10027855153203347,0.08898305084745761,0.13559322033898313,0.11581920903954801,0.08591549295774659,0.13239436619718314,0.11267605633802824,0.0828651685393258,0.1292134831460674,0.1095505617977528
3081,2025-08-01,2025-08-04,2025-08-15,10,連續5個營業日,0.15749039692701672,0.028761061946902755,0.0688172043010753,0.2727272727272727,0.15749039692701672,0.2727272727272727,0.19078104993597944,0.1299999999999999,0.24249999999999994,0.1625000000000001,0.1501272264631044,0.2646310432569974,0.1832061068702291,0.1545338441890165,0.26947637292464877,0.1877394636015326,0.15897435897435908,0.2743589743589743,0.1923076923076923,0.1786179921773141,0.2959582790091264,0.21251629726206,0.15601023017902804,0.2710997442455243,0.18925831202046028
3081,2025-08-22,2025-08-25,2025-09-05,10,連續5個營業日,0.10089686098654704,0.02851323828920571,-0.007920792079207928,0.12331838565022424,0.10089686098654704,0.12331838565022424,0.13228699551569512,0.06739130434782603,0.08913043478260874,0.09782608695652173,0.04914529914529919,0.07051282051282048,0.079059829059829,0.05364806866952798,0.07510729613733913,0.08369098712446355,0.052518756698821,0.07395498392282951,0.082529474812433,0.025052192066805867,0.04592901878914413,0.05427974947807934,0.05364806866952798,0.07510729613733913,0.08369098712446355
3081,2025-09-19,2025-09-22,2025-10-07,10,最近10個營業日內有6個營業日,0.004166666666666652,-0.025933609958506243,0.04153354632587858,0.018750000000000044,0.004166666666666652,0.018750000000000044,-0.021874999999999978,-0.004132231404958664,0.010330578512396604,-0.029958677685950397,0.006263048016701411,0.02087682672233826,-0.019832985386221247,0.04896626768226331,0.06420021762785644,0.02176278563656142,0.0723025583982202,0.08787541713014457,0.04449388209121241,0.09545454545454546,0.11136363636363633,0.06704545454545463,0.04668838219326821,0.061889250814332275,0.019543973941368087
3081,2025-10-31,2025-11-03,2025-11-14,10,最近10個營業日內有6個營業日,0.03942652329749108,0.010344827586206806,-0.0011376564277588708,0.04898446833930703,0.03942652329749108,0.04898446833930703,0.05017921146953408,0.07407407407407418,0.08395061728395059,0.08518518518518525,0.14473684210526305,0.15526315789473677,0.15657894736842115,0.09571788413098248,0.10579345088161207,0.10705289672544072,0.10126582278481022,0.11139240506329107,0.1126582278481012,0.03694874851013119,0.04648390941597147,0.04767580452920139,0.03571428571428581,0.0452380952380953,0.046428571428571486
3081,2025-12-01,2025-12-02,2025-12-15,10,連續5個營業日,0.1641509433962265,0.0016207455429497752,-0.01941747572815533,0.1433962264150943,0.1641509433962265,0.1433962264150943,0.16603773584905657,0.1425925925925926,0.12222222222222223,0.14444444444444438,0.13003663003663002,0.10989010989010994,0.13186813186813184,0.13211009174311927,0.1119266055045871,0.13394495412844032,0.08626760563380276,0.06690140845070425,0.0880281690140845,0.10375670840787121,0.08407871198568873,0.10554561717352406,0.06563039723661479,0.04663212435233155,0.06735751295336789
3081,2025-12-22,2025-12-23,2026-01-09,12,連續5個營業日及沖銷標準,0.02341137123745818,0.03267973856209161,0.06487341772151889,0.12541806020066892,0.02341137123745818,0.12541806020066892,0.05685618729096986,0.02170283806343898,0.12353923205342232,0.05509181969949917,0.00990099009900991,0.11056105610561051,0.04290429042904287,0.0049261083743843415,0.1050903119868638,0.03776683087027921,0.03204047217537953,0.13490725126475556,0.06576728499156825,-0.0016313213703099683,0.09787928221859699,0.030995106035889064,-0.004878048780487809,0.09430894308943083,0.027642276422764178
3081,2026-01-29,2026-01-30,2026-02-23,10,因連續3個營業日達本中心作業要點第四條第一項第一款,0.22427983539094654,0.025210084033613356,0.03688524590163933,0.30144032921810693,0.22427983539094654,0.30144032921810693,0.25514403292181065,0.2230215827338129,0.3001027749229188,0.2538540596094554,0.18999999999999995,0.2649999999999999,0.21999999999999997,0.09677419354838701,0.16589861751152069,0.12442396313364057,0.0625,0.1294642857142858,0.08928571428571419,0.21057985757884023,0.2868769074262463,0.24109867751780256,0.11214953271028039,0.18224299065420557,0.14018691588785037
3081,2026-02-03,2026-02-04,2026-02-26,10,因連續3個營業日達本中心作業要點第四條第一項第一款,0.1520737327188939,-0.03200000000000003,0.13636363636363646,0.26728110599078336,0.1520737327188939,0.26728110599078336,0.11520737327188946,0.1160714285714286,0.2276785714285714,0.0803571428571428,0.2716174974567651,0.3987792472024414,0.2309257375381486,0.16822429906542058,0.2850467289719627,0.13084112149532712,0.12107623318385641,0.23318385650224216,0.08520179372197312,0.10619469026548667,0.2168141592920354,0.07079646017699126,0.08695652173913038,0.19565217391304346,0.05217391304347818
3081,2026-03-11,2026-03-12,2026-03-25,10,最近10個營業日內有6個營業日,0.026666666666666616,-0.025974025974025983,0.1266666666666667,0.1266666666666667,0.026666666666666616,0.1266666666666667,0.0,0.1282051282051282,0.23809523809523814,0.098901098901099,0.026666666666666616,0.1266666666666667,0.0,0.03703703703703698,0.13804713804713797,0.010101010101010166,0.12408759124087587,0.23357664233576636,0.0948905109489051,0.06206896551724128,0.16551724137931045,0.034482758620689724,-0.05230769230769228,0.040000000000000036,-0.07692307692307687
3090,2026-05-21,2026-05-22,2026-06-04,10,連續三次,0.12755102040816335,-0.0678733031674208,0.07281553398058249,0.12755102040816335,0.12755102040816335,0.12755102040816335,0.05102040816326525,-0.03703703703703709,-0.03703703703703709,-0.10239651416122009,-0.04946236559139783,-0.04946236559139783,-0.11397849462365595,-0.04741379310344829,-0.04741379310344829,-0.11206896551724133,-0.04329004329004327,-0.04329004329004327,-0.10822510822510822,-0.0022573363431150906,-0.0022573363431150906,-0.0699774266365688,-0.01777777777777778,-0.01777777777777778,-0.08444444444444443
3090,2026-05-26,2026-05-27,2026-06-09,10,連續三次,-0.008620689655172376,0.034782608695652195,-0.10924369747899154,-0.08620689655172409,-0.008620689655172376,-0.08620689655172409,0.02586206896551735,-0.0043290043290042934,-0.08225108225108224,0.030303030303030276,0.038374717832957206,-0.04288939051918739,0.0744920993227991,0.022222222222222143,-0.05777777777777782,0.057777777777777706,-0.012875536480686733,-0.09012875536480691,0.02145922746781115,0.06481481481481488,-0.01851851851851849,0.10185185185185186,0.09523809523809534,0.00952380952380949,0.1333333333333333
3090,2026-06-22,2026-06-23,2026-07-08,12,連續三次及當日沖銷標準,-0.05451713395638624,-0.028006589785831926,-0.028813559322033888,-0.10747663551401865,-0.05451713395638624,-0.10747663551401865,-0.0809968847352025,0.04655172413793096,-0.012068965517241348,0.01724137931034475,-0.02254428341384862,-0.07729468599033817,-0.0499194847020934,-0.01140065146579805,-0.0667752442996743,-0.039087947882736174,-0.01461038961038963,-0.06980519480519476,-0.04220779220779225,-0.03650793650793649,-0.09047619047619049,-0.06349206349206349,-0.06037151702786381,-0.11300309597523217,-0.08668730650154799
3090,2026-07-17,2026-07-20,2026-07-31,10,連續三次,-0.3421052631578947,0.06400000000000006,0.03383458646616533,-0.2763157894736842,-0.3421052631578947,-0.2763157894736842,-0.30000000000000004,-0.27953890489913547,-0.20749279538904897,-0.2334293948126801,-0.3055555555555556,-0.23611111111111116,-0.26111111111111107,-0.3036211699164345,-0.23398328690807801,-0.2590529247910863,-0.25595238095238093,-0.18154761904761907,-0.20833333333333337,-0.22839506172839508,-0.15123456790123457,-0.17901234567901236,-0.12891986062717775,-0.04181184668989546,-0.07317073170731703
3092,2025-12-31,2026-01-02,2026-01-15,10,連續三次,0.08007812499999978,-0.023508137432188048,-0.012962962962963065,0.04101562499999978,0.08007812499999978,0.04101562499999978,0.0546875,0.03171641791044766,-0.005597014925373234,0.00746268656716409,0.06346153846153846,0.02499999999999991,0.03846153846153855,0.06756756756756754,0.02895752895752901,0.04247104247104261,-0.012500000000000067,-0.048214285714285765,-0.0357142857142857,-0.059523809523809534,-0.09353741496598644,-0.08163265306122447,0.0018115942028984477,-0.03442028985507262,-0.021739130434782705
3092,2026-03-03,2026-03-04,2026-03-17,10,連續三次,-0.040760869565217406,0.0,-0.03682719546742197,-0.07608695652173902,-0.040760869565217406,-0.07608695652173902,-0.040760869565217406,-0.11083123425692709,-0.1435768261964736,-0.11083123425692709,-0.019444444444444486,-0.05555555555555558,-0.019444444444444486,0.15171288743882538,0.10929853181076687,0.15171288743882538,0.12063492063492065,0.0793650793650793,0.12063492063492065,0.1387096774193548,0.09677419354838701,0.1387096774193548,0.11708860759493667,0.07594936708860756,0.11708860759493667
3093,2026-03-16,2026-03-17,2026-03-30,10,因連續3個營業日達本中心作業要點第四條第一項第一款,-0.009375000000000022,-0.03259726603575175,-0.01521739130434785,-0.05625000000000002,-0.009375000000000022,-0.05625000000000002,-0.04166666666666663,0.045054945054944895,-0.004395604395604491,0.01098901098901095,-0.048048048048048186,-0.09309309309309322,-0.07907907907907918,-0.07669902912621362,-0.12038834951456312,-0.10679611650485432,0.08068181818181808,0.02954545454545454,0.045454545454545414,0.045054945054944895,-0.004395604395604491,0.01098901098901095,0.20685279187817263,0.14974619289340096,0.1675126903553299
3093,2026-03-19,2026-03-20,2026-04-02,10,因連續3個營業日達本中心作業要點第四條第一項第一款,-0.06990291262135928,0.0751565762004176,0.021359223300970953,0.021359223300970953,-0.06990291262135928,0.021359223300970953,0.0,0.08863636363636362,0.19545454545454555,0.17045454545454541,0.05274725274725278,0.15604395604395616,0.13186813186813184,0.2157360406091371,0.33502538071066,0.30710659898477166,0.08371040723981893,0.19004524886877827,0.16515837104072384,0.1975,0.31499999999999995,0.2875000000000001,0.0644444444444443,0.16888888888888887,0.14444444444444438
3105,2026-03-02,2026-03-03,2026-03-16,10,因連續3個營業日達本中心作業要點第四條第一項第一款,-0.10997067448680353,-0.0016474464579900872,-0.031353135313531344,-0.13929618768328444,-0.10997067448680353,-0.13929618768328444,-0.11143695014662758,-0.020967741935483897,-0.0532258064516129,-0.022580645161290325,-0.024115755627009627,-0.0562700964630225,-0.025723472668810254,0.05017301038062283,0.015570934256055269,0.04844290657439454,0.12825278810408913,0.09107806691449816,0.12639405204460963,0.08007117437722422,0.04448398576512447,0.07829181494661919,0.07243816254416968,0.03710247349823326,0.07067137809187285
3114,2026-06-08,2026-06-09,2026-06-23,10,因連續3個營業日達本中心作業要點第四條第一項第一款,0.11292200232828864,-0.009414225941422494,0.1087645195353748,0.22235157159487762,0.11292200232828864,0.22235157159487762,0.10244470314318965,0.1701346389228886,0.28518971848225205,0.15911872705018348,0.1559854897218862,0.2696493349455864,0.14510278113663855,0.13945172824791396,0.25148986889153746,0.12872467222884376,0.13809523809523805,0.25,0.12738095238095237,0.0863636363636362,0.19318181818181812,0.07613636363636367,0.14628297362110287,0.2589928057553956,0.13549160671462834
3122,2025-07-01,2025-07-02,2025-07-15,10,因連續3個營業日達本中心作業要點第四條第一項第一款,0.09796672828096109,0.008417508417508435,-0.04006677796327207,0.06284658040665425,0.09796672828096109,0.06284658040665425,0.10720887245841038,-0.023026315789473673,-0.05427631578947367,-0.014802631578947345,0.001686340640809414,-0.030354131534569895,0.010118043844856706,0.008488964346349714,-0.02376910016977929,0.01697792869269943,0.0033783783783782884,-0.028716216216216228,0.011824324324324342,-0.02782324058919805,-0.05891980360065474,-0.019639934533551617,-0.010000000000000009,-0.04166666666666663,-0.0016666666666667052
3128,2025-04-18,2025-04-21,2025-05-05,10,因連續3個營業日達本中心作業要點第四條第一項第一款,-0.06355140186915886,-0.029940119760479056,0.053497942386831365,-0.04299065420560744,-0.06355140186915886,-0.04299065420560744,-0.09158878504672896,0.06595744680851068,0.08936170212765959,0.03404255319148941,0.06144067796610164,0.0847457627118644,0.029661016949152463,-0.005952380952380931,0.01587301587301604,-0.0357142857142857,-0.0019920318725099584,0.019920318725099584,-0.031872509960159334,-0.06529850746268662,-0.04477611940298509,-0.09328358208955223,-0.005952380952380931,0.01587301587301604,-0.0357142857142857
3135,2026-03-31,2026-04-01,2026-04-16,10,最近十個營業日已有六次,0.12962962962962954,0.016393442622950838,-0.040322580645161255,0.10185185185185186,0.12962962962962954,0.10185185185185186,0.14814814814814814,0.10909090909090913,0.08181818181818179,0.1272727272727272,0.1455399061032865,0.11737089201877926,0.164319248826291,0.12442396313364057,0.09677419354838701,0.1428571428571428,0.051724137931034475,0.02586206896551735,0.06896551724137923,0.0608695652173914,0.034782608695652195,0.07826086956521738,0.06550218340611358,0.0393013100436681,0.08296943231441056
3135,2026-05-15,2026-05-18,2026-05-29,10,連續五次,0.2615012106537531,-0.0038387715930902067,-0.034682080924855474,0.21307506053268765,0.2615012106537531,0.21307506053268765,0.2566585956416465,0.28325123152709364,0.23399014778325133,0.2783251231527093,0.3638743455497382,0.31151832460732987,0.3586387434554974,0.305764411027569,0.255639097744361,0.3007518796992481,0.305764411027569,0.255639097744361,0.3007518796992481,0.2404761904761905,0.19285714285714284,0.23571428571428577,0.1894977168949772,0.14383561643835607,0.18493150684931514
3138,2026-01-15,2026-01-16,2026-01-29,10,連續三次,0.1797385620915033,-0.030470914127423865,0.017142857142857126,0.1633986928104576,0.1797385620915033,0.1633986928104576,0.14379084967320255,0.16077170418006426,0.144694533762058,0.12540192926045024,0.12461059190031154,0.10903426791277249,0.09034267912772576,0.0906344410876132,0.07552870090634434,0.05740181268882183,0.008379888268156499,-0.005586592178770999,-0.022346368715083775,0.02556818181818188,0.011363636363636465,-0.005681818181818232,0.02556818181818188,0.011363636363636465,-0.005681818181818232
3147,2025-04-28,2025-04-29,2025-05-15,12,連續3個營業日及沖銷標準,-0.16894197952218426,0.01642710472279263,-0.0505050505050505,-0.19795221843003408,-0.16894197952218426,-0.19795221843003408,-0.15529010238907848,-0.15156794425087106,-0.181184668989547,-0.1376306620209059,-0.14109347442680775,-0.17107583774250446,-0.12698412698412698,-0.16609589041095896,-0.1952054794520548,-0.1523972602739726,-0.0981481481481481,-0.12962962962962965,-0.08333333333333337,-0.1456140350877193,-0.17543859649122806,-0.13157894736842102,-0.0981481481481481,-0.12962962962962965,-0.08333333333333337
3147,2026-06-05,2026-06-08,2026-06-22,10,因連續3個營業日達本中心作業要點第四條第一項第一款,0.24756335282651065,0.0031250000000000444,0.015576323987538832,0.2709551656920077,0.24756335282651065,0.2709551656920077,0.2514619883040936,0.02400000000000002,0.043199999999999905,0.02719999999999989,-0.06841339155749637,-0.05094614264919939,-0.06550218340611358,-0.09090909090909094,-0.07386363636363635,-0.08806818181818177,-0.041916167664670656,-0.0239520958083832,-0.038922155688622784,-0.053254437869822535,-0.035502958579881616,-0.050295857988165715,-0.05604719764011801,-0.03834808259587019,-0.053097345132743334
3147,2026-06-10,2026-06-11,2026-06-25,10,因連續3個營業日達本中心作業要點第四條第一項第一款,-0.019886363636363646,-0.05217391304347829,-0.050458715596330306,-0.11789772727272729,-0.019886363636363646,-0.11789772727272729,-0.07102272727272729,0.03293413173652704,-0.07035928143712578,-0.020958083832335328,0.020710059171597628,-0.08136094674556216,-0.03254437869822491,0.017699115044247815,-0.08407079646017701,-0.03539823008849563,0.0,-0.09999999999999998,-0.05217391304347829,0.045454545454545414,-0.05909090909090908,-0.009090909090909038,0.029850746268656803,-0.07313432835820899,-0.023880597014925398
3147,2026-07-03,2026-07-06,2026-07-20,10,因連續3個營業日達本中心作業要點第四條第一項第一款,-0.15102040816326534,0.012019230769230838,0.08551068883610458,-0.06734693877551023,-0.15102040816326534,-0.06734693877551023,-0.14081632653061227,-0.1333333333333333,-0.04791666666666672,-0.12291666666666667,-0.09565217391304348,-0.006521739130434745,-0.08478260869565213,-0.09956709956709953,-0.010822510822510845,-0.08874458874458879,-0.1457905544147844,-0.061601642710472304,-0.13552361396303902,-0.1278825995807128,-0.04192872117400415,-0.11740041928721179,-0.09170305676855894,-0.0021834061135370675,-0.08078602620087338
3149,2026-06-05,2026-06-08,2026-06-22,10,連續五次,0.2775061124694378,-0.014354066985645897,-0.08640776699029129,0.15036674816625917,0.2775061124694378,0.15036674816625917,0.2591687041564792,0.1848072562358276,0.06689342403628107,0.16780045351473927,0.18885096700796344,0.07053469852104644,0.17178612059158116,0.27128953771289543,0.14476885644768855,0.25304136253041354,0.23085983510011765,0.1083627797408715,0.21319199057714955,0.22941176470588243,0.10705882352941165,0.21176470588235285,0.1611111111111112,0.04555555555555557,0.14444444444444438
3163,2025-11-03,2025-11-04,2025-11-19,12,連續5個營業日及沖銷標準,-0.04583333333333328,0.04366812227074246,-0.0020920502092049986,-0.006249999999999978,-0.04583333333333328,-0.006249999999999978,-0.004166666666666652,0.06511627906976747,0.10930232558139541,0.1116279069767443,0.03153153153153143,0.07432432432432434,0.07657657657657668,0.008810572687224738,0.05066079295154191,0.052863436123347984,0.0,0.04148471615720517,0.04366812227074246,0.008810572687224738,0.05066079295154191,0.052863436123347984,0.022321428571428603,0.0647321428571428,0.06696428571428581
3163,2025-12-15,2025-12-16,2026-01-02,12,連續5個營業日及沖銷標準,0.09126466753585394,0.01194743130227005,-0.06493506493506496,0.0325945241199479,0.09126466753585394,0.0325945241199479,0.10430247718383301,0.18892045454545459,0.125,0.203125,0.21304347826086967,0.14782608695652177,0.22753623188405792,0.211287988422576,0.14616497829233,0.22575976845151957,0.15289256198347112,0.09090909090909083,0.16666666666666674,0.08701298701298699,0.02857142857142847,0.10000000000000009,0.059493670886076044,0.0025316455696202667,0.07215189873417716
3163,2026-01-09,2026-01-12,2026-01-23,10,連續5個營業日,0.045143638850889234,0.0,0.010471204188481575,0.05608755129958953,0.045143638850889234,0.05608755129958953,0.045143638850889234,0.05524861878453047,0.06629834254143652,0.05524861878453047,0.1072463768115941,0.11884057971014483,0.1072463768115941,0.061111111111111116,0.07222222222222219,0.061111111111111116,0.03243243243243232,0.043243243243243246,0.03243243243243232,0.05817174515235468,0.06925207756232687,0.05817174515235468,0.07909604519774005,0.09039548022598876,0.07909604519774005
3163,2026-01-30,2026-02-02,2026-02-24,10,連續5個營業日,0.6344827586206896,0.04500703234880454,0.05248990578734869,0.7977011494252872,0.6344827586206896,0.7977011494252872,0.7080459770114942,0.5224839400428265,0.6745182012847966,0.5910064239828694,0.5192307692307692,0.670940170940171,0.5876068376068375,0.46597938144329887,0.6123711340206186,0.531958762886598,0.5176093916755602,0.6691568836712913,0.5859124866595518,0.388671875,0.52734375,0.451171875,0.2696428571428571,0.39642857142857135,0.32678571428571423
3163,2026-02-23,2026-02-24,2026-03-10,10,因連續3個營業日達本中心作業要點第四條第一項第一款,0.08191653786707875,0.10000000000000009,0.0,0.19010819165378678,0.08191653786707875,0.19010819165378678,0.19010819165378678,-0.05787348586810226,0.03633916554508754,0.03633916554508754,-0.08015768725361372,0.01182654402102501,0.01182654402102501,-0.03448275862068961,0.06206896551724128,0.06206896551724128,-0.16666666666666663,-0.08333333333333337,-0.08333333333333337,-0.07407407407407407,0.0185185185185186,0.0185185185185186,-0.08496732026143794,0.006535947712418277,0.006535947712418277
3163,2026-02-26,2026-03-02,2026-03-13,10,因連續3個營業日達本中心作業要點第四條第一項第一款,0.22482758620689647,0.08108108108108114,0.0,0.32413793103448274,0.22482758620689647,0.32413793103448274,0.32413793103448274,0.05714285714285716,0.1428571428571428,0.1428571428571428,0.17460317460317465,0.26984126984126977,0.26984126984126977,0.1607843137254903,0.2549019607843137,0.2549019607843137,0.3155555555555556,0.4222222222222223,0.4222222222222223,0.3640552995391706,0.4746543778801844,0.4746543778801844,0.24022346368715075,0.34078212290502785,0.34078212290502785
3163,2026-03-17,2026-03-18,2026-03-31,10,因連續3個營業日達本中心作業要點第四條第一項第一款,-0.11460674157303374,0.09898477157360408,0.0,-0.026966292134831482,-0.11460674157303374,-0.026966292134831482,-0.026966292134831482,-0.13691128148959475,-0.05147864184008766,-0.05147864184008766,-0.1791666666666667,-0.09791666666666665,-0.09791666666666665,-0.07403055229142186,0.01762632197414815,0.01762632197414815,-0.07836257309941519,0.012865497076023358,0.012865497076023358,-0.14440825190010853,-0.059717698154180265,-0.059717698154180265,-0.10859728506787325,-0.020361990950226283,-0.020361990950226283
3163,2026-04-09,2026-04-10,2026-04-23,10,因連續3個營業日達本中心作業要點第四條第一項第一款,-0.05691056910569103,0.07758620689655182,-0.07599999999999996,-0.060975609756097615,-0.05691056910569103,-0.060975609756097615,0.016260162601626105,-0.03734439834024894,-0.04149377593360992,0.03734439834024905,-0.04526748971193417,-0.04938271604938271,0.028806584362139898,-0.016949152542372836,-0.021186440677966156,0.05932203389830515,-0.049180327868852514,-0.05327868852459017,0.024590163934426146,-0.0042918454935622075,-0.008583690987124415,0.07296137339055786,-0.06827309236947787,-0.07228915662650603,0.004016064257028162
3163,2026-05-06,2026-05-07,2026-05-20,10,最近10個營業日內有6個營業日,-0.11441860465116283,0.04516806722689082,0.05025125628140703,-0.027906976744186074,-0.11441860465116283,-0.027906976744186074,-0.07441860465116279,-0.0801932367149758,0.009661835748792313,-0.03864734299516903,-0.07572815533980581,0.014563106796116498,-0.03398058252427183,-0.13454545454545452,-0.050000000000000044,-0.09545454545454546,-0.06666666666666665,0.02450980392156854,-0.02450980392156865,-0.11441860465116283,-0.027906976744186074,-0.07441860465116279,-0.06666666666666665,0.02450980392156854,-0.02450980392156865
3163,2026-06-18,2026-06-22,2026-07-03,10,最近10個營業日內有6個營業日,-0.08603351955307259,0.014669926650366705,-0.03734939759036149,-0.10726256983240223,-0.08603351955307259,-0.10726256983240223,-0.07262569832402233,-0.05977011494252871,-0.08160919540229883,-0.04597701149425293,-0.02502979737783073,-0.04767580452920139,-0.010727056019070313,-0.031952662721893454,-0.05443786982248522,-0.017751479289940808,0.028930817610062887,0.005031446540880502,0.04402515723270439,0.1586402266288951,0.13172804532577898,0.17563739376770537,0.10242587601078168,0.07681940700808632,0.11859838274932621
3167,2025-09-09,2025-09-10,2025-09-23,10,最近十個營業日已有六次,0.03015075376884413,-0.009756097560975618,-0.029556650246305383,-0.01005025125628145,0.03015075376884413,-0.01005025125628145,0.0201005025125629,0.05670103092783507,0.015463917525773141,0.046391752577319645,0.09625668449197855,0.053475935828877,0.0855614973262031,0.07894736842105265,0.03684210526315779,0.06842105263157894,0.10810810810810811,0.06486486486486487,0.09729729729729719,0.10215053763440851,0.05913978494623651,0.09139784946236551,0.10512129380053903,0.06199460916442057,0.09433962264150941
3167,2026-02-23,2026-02-24,2026-03-10,10,連續三次,0.0710382513661203,0.059523809523809534,0.036918138041733606,0.1766848816029143,0.0710382513661203,0.1766848816029143,0.13479052823315119,-0.010101010101010055,0.08754208754208759,0.04882154882154888,-0.003389830508474523,0.0949152542372882,0.055932203389830404,0.02977232924693518,0.13134851138353776,0.09106830122591947,-0.05769230769230771,0.03525641025641035,-0.0016025641025640969,0.042553191489361764,0.14539007092198575,0.10460992907801425,0.053763440860215006,0.1577060931899641,0.11648745519713266
3167,2026-03-16,2026-03-17,2026-03-30,10,連續三次,0.15211267605633805,0.0,-0.09902200488997559,0.038028169014084456,0.15211267605633805,0.038028169014084456,0.15211267605633805,0.19590643274853803,0.07748538011695905,0.19590643274853803,0.18550724637681149,0.06811594202898541,0.18550724637681149,0.10840108401084003,-0.0013550135501354532,0.10840108401084003,0.31723027375201296,0.18679549114331717,0.31723027375201296,0.2393939393939395,0.1166666666666667,0.2393939393939395,0.19941348973607043,0.08064516129032251,0.19941348973607043
3167,2026-04-07,2026-04-08,2026-04-21,10,連續三次,0.23471400394477326,0.03194888178913735,0.05263157894736836,0.3412228796844181,0.23471400394477326,0.3412228796844181,0.2741617357001973,0.12186379928315416,0.21863799283154117,0.1577060931899641,0.07931034482758625,0.17241379310344818,0.11379310344827576,-0.029457364341085257,0.054263565891472965,0.0015503875968991832,-0.023400936037441533,0.060842433697347875,0.007800312012480548,-0.11456859971711453,-0.038189533239038176,-0.08628005657708626,-0.0794117647058824,0.0,-0.050000000000000044
3167,2026-04-10,2026-04-13,2026-04-24,10,連續三次,0.08837209302325588,0.045584045584045496,-0.0803814713896458,0.04651162790697683,0.08837209302325588,0.04651162790697683,0.13798449612403108,0.0951638065522622,0.05304212168486733,0.1450858034321374,-0.007072135785007094,-0.04526166902404527,0.03818953323903829,0.032352941176470695,-0.007352941176470562,0.07941176470588229,0.047761194029850795,0.00746268656716409,0.09552238805970159,0.05089820359281427,0.010479041916167775,0.0988023952095809,0.047761194029850795,0.00746268656716409,0.09552238805970159
3167,2026-04-15,2026-04-16,2026-04-29,10,連續三次,0.19705882352941173,0.004914004914004844,0.05256723716381417,0.26617647058823524,0.19705882352941173,0.26617647058823524,0.20294117647058818,0.21492537313432836,0.28507462686567164,0.22089552238805976,0.2185628742514969,0.2889221556886228,0.22455089820359286,0.21492537313432836,0.28507462686567164,0.22089552238805976,0.26006191950464386,0.3328173374613004,0.2662538699690402,0.15460992907801407,0.22127659574468095,0.1602836879432623,0.22406015037593985,0.2947368421052632,0.23007518796992477
3167,2026-05-04,2026-05-05,2026-05-18,10,連續三次,-0.13365735115431354,0.06030855539971958,0.03703703703703698,-0.047387606318347486,-0.13365735115431354,-0.047387606318347486,-0.0814094775212637,-0.08823529411764708,0.002557544757033181,-0.03324808184143224,-0.128361858190709,-0.041564792176039145,-0.07579462102689483,-0.04295302013422819,0.05234899328859055,0.014765100671140896,0.08689024390243905,0.19512195121951215,0.15243902439024382,-0.03125,0.0652173913043479,0.02717391304347827,-0.0069637883008356605,0.09192200557103059,0.052924791086351064
3167,2026-05-25,2026-05-26,2026-06-08,10,連續五次,0.0,0.052023121387283267,0.04505494505494512,0.09942196531791914,0.0,0.09942196531791914,0.052023121387283267,0.03592814371257491,0.13892215568862265,0.08982035928143706,0.03592814371257491,0.13892215568862265,0.08982035928143706,0.04468599033816423,0.14855072463768115,0.09903381642512077,0.06922126081582203,0.1755253399258343,0.1248454882571075,0.08531994981179425,0.193224592220828,0.14178168130489333,0.005813953488372103,0.10581395348837219,0.058139534883721034
3167,2026-06-16,2026-06-17,2026-07-01,10,連續五次,0.0591194968553459,0.0035629453681709222,-0.0556213017751479,0.0037735849056603765,0.0591194968553459,0.0037735849056603765,0.06289308176100628,0.03950617283950608,-0.014814814814814836,0.043209876543209846,0.01568154402895061,-0.03739445114595896,0.0193003618817853,0.03312883435582825,-0.020858895705521463,0.036809815950920255,0.08785529715762275,0.03100775193798455,0.09173126614987082,0.07124681933842236,0.01526717557251911,0.07506361323155208,0.06313131313131315,0.007575757575757569,0.06691919191919182
3167,2026-07-23,2026-07-24,2026-08-06,10,最近三十個營業日已有十二次,0.08796296296296302,0.028368794326241176,-0.04689655172413798,0.06635802469135799,0.08796296296296302,0.06635802469135799,0.11882716049382713,0.165289256198347,0.14214876033057844,0.19834710743801653,0.2218370883882148,0.197573656845754,0.25649913344887354,0.3152985074626866,0.28917910447761197,0.3526119402985075,0.6225546605293442,0.5903337169159955,0.668584579976985,0.4506172839506173,0.4218106995884774,0.4917695473251029,0.3742690058479532,0.3469785575048734,0.41325536062378165
3167,2026-07-30,2026-07-31,2026-08-07,6,連續三次,0.4218106995884774,0.0332850940665701,-0.08263305322128855,0.3477366255144032,0.4218106995884774,0.3477366255144032,0.4691358024691359,0.3469785575048734,0.27680311890838216,0.39181286549707606,0.17717206132879038,0.11584327086882462,0.21635434412265764,0.07131782945736442,0.015503875968992276,0.10697674418604652,0.07131782945736442,0.015503875968992276,0.10697674418604652,-0.04689655172413798,-0.096551724137931,-0.015172413793103412,,,
3189,2026-03-19,2026-03-20,2026-04-08,12,連續三次及當日沖銷標準,0.014157014157014203,-0.0025380710659898,-0.01526717557251911,-0.0038610038610038533,0.014157014157014203,-0.0038610038610038533,0.01158301158301156,0.1420289855072463,0.12173913043478257,0.13913043478260878,0.10364145658263313,0.08403361344537807,0.10084033613445387,0.18140929535232386,0.16041979010494756,0.1784107946026987,0.11931818181818188,0.09943181818181812,0.11647727272727271,0.18140929535232386,0.16041979010494756,0.1784107946026987,0.17787742899850523,0.15695067264573992,0.17488789237668168
3189,2026-05-27,2026-05-28,2026-06-10,10,連續三次,-0.05982905982905984,0.021212121212121238,-0.08160237388724034,-0.11823361823361822,-0.05982905982905984,-0.11823361823361822,-0.03988603988603989,-0.06647807637906644,-0.12446958981612444,-0.04667609618104662,-0.10810810810810811,-0.1635135135135135,-0.08918918918918917,-0.1516709511568124,-0.20437017994858608,-0.13367609254498714,-0.10810810810810811,-0.1635135135135135,-0.08918918918918917,-0.06515580736543913,-0.12322946175637395,-0.04532577903682722,-0.0030211480362537513,-0.06495468277945615,0.01812688821752273
3189,2026-07-02,2026-07-03,2026-07-17,10,最近十個營業日已有六次,-0.09999999999999998,0.0,-0.02020202020202022,-0.11818181818181817,-0.09999999999999998,-0.11818181818181817,-0.09999999999999998,-0.1412639405204461,-0.1586121437422553,-0.1412639405204461,-0.08935611038107749,-0.10775295663600526,-0.08935611038107749,-0.02941176470588236,-0.0490196078431373,-0.02941176470588236,-0.09999999999999998,-0.11818181818181817,-0.09999999999999998,-0.17303102625298328,-0.18973747016706444,-0.17303102625298328,-0.12610340479192939,-0.14375788146279944,-0.12610340479192939
3189,2026-08-07,2026-08-10,2026-08-14,5,連續三次,0.0473876063183476,0.03944315545243615,0.010044642857142794,0.09963547995139743,0.0473876063183476,0.09963547995139743,0.08869987849331706,0.051219512195122,0.10365853658536595,0.09268292682926838,0.017709563164108655,0.06847697756788662,0.05785123966942152,-0.004618937644341847,0.04503464203233265,0.03464203233256358,0.024970273483947647,0.07609988109393573,0.06539833531510109,,,,,,
3191,2026-05-28,2026-05-29,2026-06-11,10,因連續3個營業日達本中心作業要點第四條第一項第一款,-0.2778827977315689,0.041884816753926524,-0.02010050251256279,-0.2627599243856332,-0.2778827977315689,-0.2627599243856332,-0.24763705103969758,-0.31785714285714284,-0.3035714285714286,-0.28928571428571437,-0.21237113402061847,-0.19587628865979378,-0.1793814432989691,-0.1492204899777282,-0.13140311804008908,-0.11358574610244987,-0.04499999999999993,-0.025000000000000022,-0.0050000000000001155,-0.09047619047619038,-0.0714285714285714,-0.05238095238095242,0.061111111111111116,0.08333333333333326,0.1055555555555554
3205,2025-05-21,2025-05-22,2025-06-05,10,因連續3個營業日達本中心作業要點第四條第一項第一款,-0.009153318077803285,-0.05542725173210161,0.03300733496332531,-0.03318077803203667,-0.009153318077803285,-0.03318077803203667,-0.06407322654462255,0.00814901047729899,-0.016298020954598424,-0.047729918509895275,-0.05664488017429192,-0.079520697167756,-0.10893246187363836,0.03836930455635468,0.01318944844124692,-0.01918465227817756,0.020023557126030544,-0.004711425206124886,-0.03651354534746776,0.015240328253223856,-0.009378663540445475,-0.041031652989449,-0.014789533560864765,-0.03868031854379983,-0.0693970420932879
3205,2025-05-26,2025-05-27,2025-06-10,10,因連續3個營業日達本中心作業要點第四條第一項第一款,0.03956834532374098,-0.014994232987312506,0.11592505854800916,0.14268585131894462,0.03956834532374098,0.14268585131894462,0.023980815347721895,0.021201413427561766,0.12249705535924615,0.005889281507656108,0.016412661195779776,0.1172332942555685,0.0011723329425556983,-0.013651877133105783,0.08418657565415244,-0.028441410693970437,0.015222482435597096,0.11592505854800916,0.0,-0.06774193548387097,0.02473118279569886,-0.08172043010752683,-0.026936026936026813,0.06958473625140305,-0.041526374859708115
3219,2025-08-29,2025-09-01,2025-09-12,10,因連續3個營業日達本中心作業要點第四條第一項第一款,-0.09124423963133643,0.0,-0.03955375253549687,-0.12718894009216586,-0.09124423963133643,-0.12718894009216586,-0.09124423963133643,-0.07850467289719631,-0.11495327102803732,-0.07850467289719631,-0.009045226130653283,-0.048241206030150696,-0.009045226130653283,-0.07850467289719631,-0.11495327102803732,-0.07850467289719631,-0.023762376237623783,-0.06237623762376232,-0.023762376237623783,-0.05192307692307696,-0.08942307692307694,-0.05192307692307696,0.0050968399592252744,-0.03465851172273182,0.0050968399592252744
3221,2026-04-22,2026-04-23,2026-05-07,10,因連續3個營業日達本中心作業要點第四條第一項第一款,-0.02724520686175569,0.03526970954356834,-0.09418837675350689,-0.08779011099899081,-0.02724520686175569,-0.08779011099899081,0.007063572149344166,0.08193041526374878,0.014590347923681302,0.12008978675645343,0.13947990543735234,0.06855791962174962,0.17966903073286056,0.14761904761904776,0.07619047619047636,0.1880952380952381,0.12354312354312369,0.053613053613053685,0.1631701631701632,0.0831460674157305,0.01573033707865168,0.12134831460674156,0.10550458715596323,0.03669724770642202,0.14449541284403655
3228,2026-04-24,2026-04-27,2026-05-11,10,因連續3個營業日達本中心作業要點第四條第一項第一款,0.1338028169014085,-0.022774327122153215,-0.0402542372881356,0.06338028169014076,0.1338028169014085,0.06338028169014076,0.107981220657277,0.11805555555555558,0.04861111111111116,0.09259259259259256,0.11547344110854496,0.04618937644341803,0.09006928406466508,0.21969696969696972,0.14393939393939403,0.19191919191919182,0.17804878048780481,0.1048780487804879,0.15121951219512186,0.1555023923444976,0.08373205741626788,0.1291866028708133,0.045454545454545414,-0.01948051948051943,0.02164502164502169
3229,2025-12-17,2025-12-18,2026-01-02,10,最近十個營業日已有六次,0.10763209393346385,-0.04593639575971731,-0.03518518518518521,0.019569471624266255,0.10763209393346385,0.019569471624266255,0.05675146771037176,0.12524850894632222,0.035785288270377746,0.07355864811133217,0.0968992248062015,0.009689922480620172,0.046511627906976605,0.05204460966542768,-0.03159851301115235,0.003717472118959231,0.01433691756272415,-0.06630824372759847,-0.032258064516129004,0.04814814814814827,-0.03518518518518521,0.0,0.016157989228007263,-0.06463195691202872,-0.03052064631956919
3229,2026-04-20,2026-04-21,2026-05-05,10,連續三次,0.15768194070080876,0.046565774155995276,-0.05005561735261399,0.15094339622641506,0.15768194070080876,0.15094339622641506,0.21159029649595684,0.13925729442970813,0.13262599469496017,0.1923076923076923,0.04628501827040199,0.040194884287454435,0.09500609013398309,0.13026315789473686,0.12368421052631584,0.18289473684210544,0.1141374837872895,0.10765239948119332,0.16601815823605715,0.09010152284263961,0.08375634517766506,0.14086294416243672,0.16081081081081083,0.15405405405405403,0.214864864864865
3229,2026-04-23,2026-04-24,2026-05-08,10,連續三次,0.07236842105263164,-0.060122699386503164,0.16971279373368153,0.17894736842105252,0.07236842105263164,0.17894736842105252,0.007894736842105177,0.05706874189364464,0.16212710765239957,-0.006485084306095956,0.03426395939086291,0.13705583756345185,-0.027918781725888353,0.10135135135135132,0.21081081081081066,0.035135135135135,0.05025773195876293,0.15463917525773208,-0.012886597938144284,-0.07491486946651527,0.017026106696935273,-0.13053348467650394,-0.05232558139534882,0.041860465116279055,-0.10930232558139541
3230,2025-07-31,2025-08-01,2025-08-14,10,因連續3個營業日達本中心作業要點第四條第一項第一款,0.2198731501057083,-0.01906412478336228,0.03356890459363959,0.2367864693446089,0.2198731501057083,0.2367864693446089,0.19661733615221988,0.1656565656565656,0.18181818181818188,0.14343434343434347,0.13359528487229877,0.14931237721021606,0.11198428290766205,0.09904761904761905,0.11428571428571432,0.07809523809523822,0.13359528487229877,0.14931237721021606,0.11198428290766205,0.13137254901960782,0.1470588235294117,0.1098039215686275,0.15400000000000014,0.16999999999999993,0.13200000000000012
3230,2026-02-11,2026-02-23,2026-03-09,10,因連續3個營業日達本中心作業要點第四條第一項第一款,-0.020408163265306145,0.018382352941176405,-0.03128760529482544,-0.03361344537815125,-0.020408163265306145,-0.03361344537815125,-0.0024009603841537164,-0.027413587604290912,-0.040524433849821295,-0.00953516090584039,-0.0024449877750611915,-0.0158924205378973,0.01589242053789719,-0.026252983293556076,-0.039379474940334114,-0.00835322195704058,-0.01090909090909098,-0.024242424242424288,0.0072727272727270975,-0.11592632719393281,-0.12784398699891653,-0.09967497291440952,-0.06849315068493156,-0.08105022831050224,-0.05136986301369861
3230,2026-06-30,2026-07-01,2026-07-15,10,因連續3個營業日達本中心作業要點第四條第一項第一款,0.17775354416575784,0.0,-0.06481481481481477,0.10141766630316251,0.17775354416575784,0.10141766630316251,0.17775354416575784,0.134453781512605,0.060924369747899165,0.134453781512605,0.07784431137724557,0.007984031936127733,0.07784431137724557,0.03846153846153855,-0.028846153846153855,0.03846153846153855,0.0,-0.06481481481481477,0.0,0.02857142857142847,-0.03809523809523807,0.02857142857142847,0.022727272727272707,-0.043560606060605966,0.022727272727272707
3230,2026-07-03,2026-07-06,2026-07-20,10,因連續3個營業日達本中心作業要點第四條第一項第一款,-0.17307692307692313,-0.06976744186046513,0.1812499999999999,-0.09134615384615385,-0.17307692307692313,-0.09134615384615385,-0.23076923076923073,-0.20370370370370372,-0.125,-0.2592592592592593,-0.18095238095238098,-0.09999999999999998,-0.23809523809523814,-0.18560606060606055,-0.10511363636363635,-0.24242424242424243,-0.20370370370370372,-0.125,-0.2592592592592593,-0.2534722222222222,-0.1796875,-0.3055555555555556,-0.22101449275362328,-0.1440217391304348,-0.2753623188405797
3234,2026-02-25,2026-02-26,2026-03-12,10,連續5個營業日,-0.07922912205567456,-0.07093023255813946,0.10262828535669577,-0.05674518201284806,-0.07922912205567456,-0.05674518201284806,-0.14453961456102782,-0.05701754385964919,-0.033991228070175517,-0.1239035087719298,-0.18095238095238098,-0.16095238095238096,-0.23904761904761895,-0.0444444444444444,-0.02111111111111119,-0.11222222222222211,-0.053905390539053966,-0.030803080308030917,-0.12101210121012096,0.06699751861042191,0.09305210918114137,-0.008684863523573005,0.19444444444444442,0.22361111111111098,0.10972222222222228
3234,2026-04-14,2026-04-15,2026-04-28,10,因連續3個營業日達本中心作業要點第四條第一項第一款,-0.017699115044247815,-0.022522522522522515,-0.018433179723502335,-0.05752212389380529,-0.017699115044247815,-0.05752212389380529,-0.03982300884955747,-0.017699115044247815,-0.05752212389380529,-0.03982300884955747,-0.013333333333333308,-0.053333333333333344,-0.03555555555555556,-0.038961038961038974,-0.07792207792207795,-0.06060606060606055,-0.10483870967741937,-0.1411290322580645,-0.125,-0.0672268907563025,-0.10504201680672265,-0.08823529411764708,-0.0672268907563025,-0.10504201680672265,-0.08823529411764708
3236,2026-05-27,2026-05-28,2026-06-10,10,因連續3個營業日達本中心作業要點第四條第一項第一款,-0.049090909090909185,-0.005736137667303964,0.10576923076923084,0.045454545454545414,-0.049090909090909185,0.045454545454545414,-0.054545454545454564,-0.05081669691470059,0.04355716878402904,-0.056261343012704246,-0.079225352112676,0.012323943661971981,-0.08450704225352113,-0.09043478260869575,0.0,-0.09565217391304348,-0.059352517985611586,0.03417266187050361,-0.06474820143884896,0.0038387715930900956,0.10364683301343569,-0.0019193857965451588,0.03359683794466384,0.13636363636363624,0.027667984189723382
3260,2025-12-31,2026-01-02,2026-01-15,10,因連續3個營業日達本中心作業要點第四條第一項第一款,0.0053859964093356805,0.005357142857142838,0.04618117229129659,0.0574506283662477,0.0053859964093356805,0.0574506283662477,0.010771992818671361,-0.05084745762711862,-0.0016949152542372614,-0.045762711864406724,-0.01754385964912286,0.03333333333333344,-0.012280701754386003,-0.06510851419031716,-0.016694490818030094,-0.06010016694490816,-0.03114186851211076,0.01903114186851207,-0.02595155709342556,-0.010600706713780883,0.04063604240282692,-0.005300353356890497,0.05660377358490565,0.11132075471698122,0.062264150943396324
3260,2026-01-06,2026-01-07,2026-01-22,12,連續3個營業日及沖銷標準,-0.01001669449081799,0.03541315345699836,0.02442996742671011,0.05008347245409017,-0.01001669449081799,0.05008347245409017,0.025041736227044975,0.02595155709342567,0.08823529411764697,0.06228373702422152,0.04770318021201403,0.11130742049469955,0.08480565371024729,0.11886792452830197,0.18679245283018875,0.1584905660377358,0.07622504537205077,0.14156079854809445,0.11433756805807627,0.10634328358208944,0.17350746268656714,0.1455223880597014,0.07818181818181813,0.14363636363636356,0.11636363636363645
3260,2026-03-18,2026-03-19,2026-04-01,10,因連續3個營業日達本中心作業要點第四條第一項第一款,-0.24254881808838646,0.028493894165535938,-0.04617414248021112,-0.2569373072970196,-0.24254881808838646,-0.2569373072970196,-0.22096608427543685,-0.2858527131782945,-0.29941860465116277,-0.2655038759689923,-0.10558252427184467,-0.12257281553398058,-0.08009708737864074,-0.10558252427184467,-0.12257281553398058,-0.08009708737864074,-0.05025773195876293,-0.06829896907216493,-0.023195876288659822,-0.055128205128205154,-0.07307692307692304,-0.028205128205128216,0.08702064896755157,0.0663716814159292,0.11799410029498536
3264,2026-01-05,2026-01-06,2026-01-19,10,因連續3個營業日達本中心作業要點第四條第一項第一款,0.25609756097560976,-0.0744336569579288,0.15384615384615374,0.3414634146341464,0.25609756097560976,0.3414634146341464,0.16260162601626016,0.20703125,0.2890625,0.1171875,0.20703125,0.2890625,0.1171875,0.26639344262295084,0.3524590163934427,0.1721311475409837,0.22134387351778662,0.30434782608695654,0.13043478260869557,0.17045454545454541,0.25,0.08333333333333326,0.14022140221402224,0.21771217712177116,0.05535055350553497
3285,2026-06-17,2026-06-18,2026-07-02,10,因連續3個營業日達本中心作業要點第四條第一項第一款,0.02754237288135597,-0.04845360824742273,-0.04008667388949083,-0.061440677966101864,0.02754237288135597,-0.061440677966101864,-0.022245762711864514,-0.05458089668615984,-0.1364522417153996,-0.10038986354775825,-0.008179959100204415,-0.09406952965235182,-0.056237218813905976,0.14928909952606628,0.04976303317535535,0.09360189573459698,0.0935738444193912,-0.0011273957158963732,0.040586245772266105,0.050920910075839654,-0.04008667388949083,0.0,0.14117647058823524,0.04235294117647048,0.08588235294117652
3288,2026-06-04,2026-06-05,2026-06-18,10,因連續3個營業日達本中心作業要點第四條第一項第一款,-0.2142857142857144,-0.019138755980861122,0.1195121951219511,-0.13721804511278202,-0.2142857142857144,-0.13721804511278202,-0.2293233082706767,-0.016470588235294237,0.08000000000000007,-0.03529411764705881,-0.06278026905829603,0.029147982062780242,-0.08071748878923768,-0.12916666666666676,-0.04375000000000007,-0.14583333333333337,-0.09913793103448276,-0.010775862068965525,-0.11637931034482751,-0.1200000000000001,-0.03368421052631587,-0.13684210526315788,-0.10300429184549365,-0.015021459227467893,-0.12017167381974247
3288,2026-07-21,2026-07-22,2026-08-04,10,連續3個營業日,0.038775510204081653,-0.03143418467583503,-0.030425963488843855,-0.02448979591836742,0.038775510204081653,-0.02448979591836742,0.006122448979591688,0.038775510204081653,-0.02448979591836742,0.006122448979591688,0.053830227743271175,-0.010351966873705987,0.020703933747411973,0.02208835341365467,-0.04016064257028118,-0.010040160642570295,-0.0019607843137254832,-0.0627450980392158,-0.03333333333333344,0.02620967741935476,-0.03629032258064524,-0.006048387096774244,0.1186813186813187,0.05054945054945059,0.08351648351648344
3289,2026-04-16,2026-04-17,2026-04-30,10,因連續3個營業日達本中心作業要點第四條第一項第一款,0.1179775280898876,0.03015075376884413,-0.0536585365853659,0.0898876404494382,0.1179775280898876,0.0898876404494382,0.151685393258427,0.005050505050504972,-0.02020202020202022,0.03535353535353525,-0.0850574712643678,-0.10804597701149421,-0.05747126436781613,-0.0679156908665105,-0.09133489461358313,-0.03981264637002346,-0.05238095238095242,-0.07619047619047614,-0.023809523809523836,0.010152284263959421,-0.015228426395939132,0.04060913705583746,0.09944751381215466,0.07182320441988943,0.13259668508287303
3294,2025-05-29,2025-06-02,2025-06-17,12,連續3個營業日及沖銷標準,0.032258064516129004,0.02604166666666674,0.07106598984771595,0.13440860215053752,0.032258064516129004,0.13440860215053752,0.05913978494623651,0.06371191135734056,0.1689750692520775,0.09141274238227148,0.05639614855570829,0.16093535075653365,0.08390646492434661,0.02127659574468077,0.12234042553191493,0.0478723404255319,0.015873015873015817,0.1164021164021165,0.042328042328042326,0.05205479452054784,0.15616438356164397,0.07945205479452055,0.037837837837837895,0.14054054054054066,0.06486486486486487
3297,2025-04-14,2025-04-15,2025-04-30,12,連續3個營業日及沖銷標準,0.08708708708708723,0.022099447513812098,-0.027027027027026973,0.08108108108108114,0.08708708708708723,0.08108108108108114,0.11111111111111116,0.0741839762611276,0.06824925816023719,0.09792284866468837,0.09696969696969715,0.09090909090909083,0.1212121212121211,0.13479623824451425,0.1285266457680252,0.15987460815047028,0.04473304473304496,0.038961038961039085,0.06782106782106778,0.20666666666666678,0.19999999999999996,0.2333333333333334,0.19867549668874185,0.19205298013245042,0.22516556291390732
3297,2025-05-27,2025-05-28,2025-06-13,12,連續3個營業日及沖銷標準,-0.10755148741418774,0.029487179487179382,0.06849315068493156,-0.01830663615560646,-0.10755148741418774,-0.01830663615560646,-0.08123569794050356,-0.05797101449275355,0.03623188405797095,-0.03019323671497587,-0.006369426751592355,0.09299363057324839,0.02292993630573248,0.0012836970474967568,0.10141206675224645,0.03080872913992283,-0.03465346534653457,0.061881188118811936,-0.006188118811881194,-0.018867924528301883,0.0792452830188679,0.010062893081761004,0.0025706940874037354,0.10282776349614386,0.03213367609254503
3308,2026-01-06,2026-01-07,2026-01-20,10,連續三次,0.2404761904761905,-0.03454894433781197,-0.025844930417495027,0.16666666666666674,0.2404761904761905,0.16666666666666674,0.19761904761904758,0.2707317073170732,0.19512195121951215,0.2268292682926829,0.21728971962616828,0.14485981308411233,0.17523364485981308,0.1629464285714286,0.09375,0.1227678571428572,0.13755458515283858,0.06986899563318794,0.09825327510917026,0.11087420042643936,0.044776119402985204,0.07249466950959493,0.1501103752759383,0.08167770419426046,0.11037527593818974
3313,2025-09-10,2025-09-11,2025-09-24,10,因連續3個營業日達本中心作業要點第四條第一項第一款,-0.05555555555555558,0.0,0.05294117647058805,-0.005555555555555647,-0.05555555555555558,-0.005555555555555647,-0.05555555555555558,-0.05027932960893844,0.0,-0.05027932960893844,-0.0449438202247191,0.00561797752808979,-0.0449438202247191,-0.04761904761904767,0.0028011204481790397,-0.04761904761904767,-0.02857142857142858,0.022857142857142687,-0.02857142857142858,-0.0449438202247191,0.00561797752808979,-0.0449438202247191,-0.039548022598870025,0.011299435028248483,-0.039548022598870025
3321,2025-03-06,2025-03-07,2025-03-20,10,連續三次,-0.13215400624349627,-0.027577937649880147,0.04932182490752157,-0.11446409989594175,-0.13215400624349627,-0.11446409989594175,-0.1560874089490114,-0.07023411371237465,-0.05128205128205132,-0.09587513935340031,0.04249999999999998,0.06374999999999997,0.013749999999999929,-0.017667844522968212,0.002355712603062443,-0.0447585394581862,0.01090909090909098,0.031515151515151496,-0.01696969696969708,-0.021126760563380254,-0.0011737089201877549,-0.0481220657276995,0.0012004801920768582,0.021608643457383003,-0.026410564225690325
3323,2025-09-12,2025-09-15,2025-10-01,12,連續3個營業日及沖銷標準,-0.015209125475285301,0.009652509652509744,-0.0248565965583174,-0.03041825095057038,-0.015209125475285301,-0.03041825095057038,-0.005703422053232043,0.021696252465483123,0.00591715976331364,0.03155818540433919,0.04016064257028118,0.024096385542168752,0.050200803212851364,0.05498981670061087,0.0386965376782078,0.06517311608961296,0.05284552845528445,0.03658536585365857,0.0630081300813008,0.07692307692307687,0.06029106029106024,0.08731808731808721,0.04752275025278041,0.03134479271991908,0.05763397371081891
3339,2026-04-17,2026-04-20,2026-05-04,10,因連續3個營業日達本中心作業要點第四條第一項第一款,-0.09774436090225569,-0.0016666666666667052,-0.0016694490818029983,-0.10075187969924815,-0.09774436090225569,-0.10075187969924815,-0.09924812030075192,-0.12790697674418605,-0.1308139534883721,-0.12936046511627908,-0.13916786226685796,-0.14203730272596848,-0.14060258249641322,-0.13169319826338632,-0.13458755426917512,-0.13314037626628072,-0.025974025974025983,-0.02922077922077926,-0.02759740259740262,0.12994350282485878,0.1261770244821092,0.128060263653484,0.23203285420944542,0.22792607802874731,0.22997946611909637
3339,2026-04-22,2026-04-23,2026-05-07,10,因連續3個營業日達本中心作業要點第四條第一項第一款,-0.08683068017366125,0.023771790808240878,-0.08978328173374606,-0.14905933429811868,-0.08683068017366125,-0.14905933429811868,-0.06512301013024602,0.024350649350649345,-0.045454545454545525,0.04870129870129869,0.18832391713747643,0.10734463276836159,0.21657250470809775,0.2956878850102669,0.20739219712525658,0.32648870636550287,0.24703557312252955,0.1620553359683794,0.27667984189723316,0.12678571428571428,0.050000000000000044,0.15357142857142847,0.08047945205479468,0.006849315068493178,0.1061643835616437
3346,2026-06-03,2026-06-04,2026-06-17,10,連續三次,-0.020000000000000018,0.004081632653061273,-0.03658536585365857,-0.052000000000000046,-0.020000000000000018,-0.052000000000000046,-0.015999999999999903,-0.05769230769230771,-0.08846153846153848,-0.053846153846153766,0.018711018711018657,-0.01455301455301461,0.022869022869022926,-0.039215686274509776,-0.07058823529411773,-0.03529411764705881,-0.020000000000000018,-0.052000000000000046,-0.015999999999999903,0.02083333333333326,-0.012500000000000067,0.025000000000000133,0.02083333333333326,-0.012500000000000067,0.025000000000000133
3349,2025-02-10,2025-02-11,2025-02-24,10,因連續3個營業日達本中心作業要點第四條第一項第一款,-0.10888888888888881,-0.03990024937655867,0.0025974025974027093,-0.14222222222222214,-0.10888888888888881,-0.14222222222222214,-0.1444444444444445,-0.08863636363636362,-0.12272727272727268,-0.125,-0.06744186046511624,-0.10232558139534875,-0.10465116279069764,-0.06308411214953258,-0.09813084112149528,-0.10046728971962615,-0.049763033175355464,-0.08530805687203791,-0.08767772511848348,-0.10690423162583518,-0.14031180400890864,-0.1425389755011136,-0.060889929742388826,-0.09601873536299765,-0.09836065573770503
3354,2025-12-30,2025-12-31,2026-01-14,10,因連續3個營業日達本中心作業要點第四條第一項第一款,-0.006779661016949157,0.0,0.0989761092150172,0.09152542372881367,-0.006779661016949157,0.09152542372881367,-0.006779661016949157,-0.006779661016949157,0.09152542372881367,-0.006779661016949157,0.02807017543859658,0.12982456140350895,0.02807017543859658,0.06545454545454543,0.17090909090909112,0.06545454545454543,0.10357815442561202,0.2128060263653484,0.10357815442561202,0.08118081180811809,0.1881918819188193,0.08118081180811809,0.09328358208955234,0.20149253731343286,0.09328358208955234
3362,2026-08-04,2026-08-05,2026-08-13,7,連續5個營業日及沖銷標準,-0.010928961748633892,0.024861878453038777,-0.07277628032345018,-0.060109289617486295,-0.010928961748633892,-0.060109289617486295,0.013661202185792254,0.046242774566473965,-0.005780346820809301,0.07225433526011571,0.005555555555555536,-0.0444444444444444,0.030555555555555447,0.02840909090909083,-0.022727272727272707,0.05397727272727271,0.014005602240896309,-0.036414565826330514,0.03921568627450989,0.0372492836676217,-0.014326647564469885,0.06303724928366772,0.0,-0.04972375690607733,0.024861878453038777
3363,2025-01-13,2025-01-14,2025-02-07,12,連續5個營業日及沖銷標準,0.21818181818181825,0.0,0.005970149253731405,0.22545454545454535,0.21818181818181825,0.22545454545454535,0.21818181818181825,0.1317567567567568,0.1385135135135136,0.1317567567567568,0.04851330203442883,0.05477308294209693,0.04851330203442883,-0.0414878397711016,-0.03576537911301858,-0.0414878397711016,0.04361370716510904,0.049844236760124616,0.04361370716510904,0.013615733736762392,0.01966717095310133,0.013615733736762392,-0.019033674963396807,-0.013177159590043952,-0.019033674963396807
3363,2025-02-20,2025-02-21,2025-03-07,10,最近10個營業日內有6個營業日,-0.060559006211180155,-0.011570247933884281,-0.08862876254180607,-0.15372670807453415,-0.060559006211180155,-0.15372670807453415,-0.0714285714285714,-0.014657980456026065,-0.1123778501628665,-0.026058631921824116,-0.0546875,-0.1484375,-0.06562500000000004,-0.0546875,-0.1484375,-0.06562500000000004,-0.07633587786259544,-0.16793893129770987,-0.08702290076335872,-0.011437908496731986,-0.10947712418300659,-0.022875816993464082,0.04130808950086062,-0.061962134251290824,0.029259896729776358
3363,2025-03-14,2025-03-17,2025-03-28,10,連續5個營業日,-0.14531249999999996,-0.09872029250457037,0.0,-0.22968750000000004,-0.14531249999999996,-0.22968750000000004,-0.22968750000000004,-0.13858267716535433,-0.2236220472440945,-0.2236220472440945,-0.06335616438356162,-0.1558219178082192,-0.1558219178082192,0.02434456928838946,-0.07677902621722843,-0.07677902621722843,0.012962962962963065,-0.08703703703703702,-0.08703703703703702,-0.05689655172413788,-0.15000000000000002,-0.15000000000000002,-0.05689655172413788,-0.15000000000000002,-0.15000000000000002
3363,2025-04-08,2025-04-09,2025-04-22,10,因連續3個營業日達本中心作業要點第四條第一項第一款,-0.05362776025236593,0.043333333333333224,0.019169329073482455,0.006309148264984188,-0.05362776025236593,0.006309148264984188,-0.012618296529968487,-0.13793103448275867,-0.08333333333333337,-0.10057471264367812,-0.04458598726114649,0.015923566878981,-0.0031847133757961776,-0.07407407407407407,-0.015432098765432056,-0.03395061728395066,-0.10979228486646886,-0.053412462908011826,-0.07121661721068251,-0.1428571428571429,-0.08857142857142852,-0.10571428571428576,-0.10179640718562877,-0.04491017964071853,-0.06287425149700598
3363,2025-04-11,2025-04-14,2025-04-25,10,因連續3個營業日達本中心作業要點第四條第一項第一款,0.04012345679012341,0.029673590504450953,0.06628242074927959,0.14197530864197527,0.04012345679012341,0.14197530864197527,0.07098765432098775,0.0,0.09792284866468837,0.029673590504450953,-0.037142857142857144,0.05714285714285716,-0.008571428571428563,0.008982035928143617,0.10778443113772451,0.038922155688622784,-0.028818443804034533,0.06628242074927959,0.0,-0.011730205278592365,0.08504398826979465,0.017595307917888547,0.06645569620253156,0.1708860759493671,0.09810126582278489
3363,2025-05-12,2025-05-13,2025-05-26,10,最近10個營業日內有6個營業日,0.07505518763796903,0.01848049281314168,-0.048387096774193505,0.04194260485651213,0.07505518763796903,0.04194260485651213,0.09492273730684331,0.07743362831858414,0.04424778761061954,0.09734513274336276,0.049568965517241326,0.01724137931034475,0.06896551724137923,0.0703296703296703,0.03736263736263745,0.09010989010989001,0.07505518763796903,0.04194260485651213,0.09492273730684331,0.06331877729257651,0.03056768558951961,0.08296943231441056,0.06798245614035081,0.03508771929824572,0.08771929824561409
3363,2025-06-05,2025-06-06,2025-06-23,12,連續5個營業日及沖銷標準,0.09583333333333344,0.04562737642585546,0.050909090909091015,0.2041666666666666,0.09583333333333344,0.2041666666666666,0.14583333333333326,0.08453608247422673,0.1917525773195876,0.134020618556701,0.10041841004184104,0.20920502092050208,0.15062761506276146,0.07346938775510203,0.1795918367346938,0.12244897959183665,0.045725646123260466,0.14910536779324057,0.09343936381709739,0.05622489959839361,0.1606425702811245,0.10441767068273089,0.0756646216768917,0.1820040899795501,0.12474437627811863
3363,2025-08-18,2025-08-19,2025-09-01,10,連續5個營業日,-0.0013623978201634523,0.009549795361528002,-0.010810810810810811,-0.0027247956403270157,-0.0013623978201634523,-0.0027247956403270157,0.008174386920980936,0.04714285714285715,0.04571428571428582,0.05714285714285716,0.07320644216691075,0.0717423133235724,0.0834553440702781,0.062318840579710155,0.0608695652173914,0.07246376811594213,0.062318840579710155,0.0608695652173914,0.07246376811594213,0.032394366197183055,0.030985915492957705,0.04225352112676051,0.009641873278236845,0.008264462809917328,0.019283746556473913
3363,2025-09-08,2025-09-09,2025-09-22,10,連續5個營業日,0.008000000000000007,0.03439153439153442,0.007672634271099765,0.05066666666666664,0.008000000000000007,0.05066666666666664,0.04266666666666663,0.013404825737265424,0.05630026809651478,0.04825737265415553,-0.01305483028720622,0.02872062663185382,0.02088772845953013,0.01749663526244949,0.060565275908479155,0.05248990578734869,0.021621621621621623,0.06486486486486487,0.05675675675675684,0.05882352941176472,0.10364145658263313,0.09523809523809534,0.061797752808988804,0.10674157303370779,0.098314606741573
3363,2025-12-04,2025-12-05,2025-12-18,10,最近10個營業日內有6個營業日,-0.017241379310344862,0.03508771929824572,-0.014527845036319653,0.0024630541871921707,-0.017241379310344862,0.0024630541871921707,0.01724137931034475,-0.023255813953488413,-0.003671970624234966,0.01101591187270512,0.006305170239596425,0.02648171500630525,0.04161412358133676,-0.00992555831265507,0.00992555831265518,0.02481389578163773,-0.01602959309494456,0.0036991368680641123,0.018495684340320562,-0.03155339805825241,-0.012135922330097082,0.0024271844660195274,-0.029197080291970767,-0.009732360097323589,0.0048661800486617945
3363,2026-02-26,2026-03-02,2026-03-13,10,因連續3個營業日達本中心作業要點第四條第一項第一款,0.09473684210526323,0.05608974358974361,-0.04400606980273136,0.10526315789473695,0.09473684210526323,0.10526315789473695,0.15614035087719302,-0.03554868624420404,-0.026275115919629055,0.018547140649149974,0.03140495867768589,0.04132231404958686,0.08925619834710741,0.046979865771812124,0.057046979865771785,0.10570469798657722,0.06484641638225264,0.07508532423208192,0.12457337883959041,0.1707317073170731,0.18198874296435275,0.23639774859287055,0.13454545454545452,0.1454545454545455,0.19818181818181824
3363,2026-03-24,2026-03-25,2026-04-09,10,最近10個營業日內有6個營業日,0.101010101010101,0.007863695937090354,0.01950585175552666,0.13131313131313127,0.101010101010101,0.13131313131313127,0.10966810966810958,0.16666666666666674,0.19877675840978593,0.1758409785932722,0.26115702479338854,0.29586776859504127,0.2710743801652893,0.26955074875207985,0.3044925124792013,0.2795341098169717,0.2932203389830508,0.3288135593220338,0.30338983050847457,0.2866779089376055,0.3220910623946036,0.29679595278246196,0.20919175911251986,0.24247226624405704,0.21870047543581617
3363,2026-04-23,2026-04-24,2026-05-08,10,最近10個營業日內有6個營業日,-0.10099889012208652,0.011111111111111072,0.04151404151404159,-0.05327413984461704,-0.10099889012208652,-0.05327413984461704,-0.09100998890122092,-0.013398294762484775,0.03897685749086488,-0.0024360535931789995,0.10054347826086962,0.1589673913043479,0.11277173913043481,0.07284768211920523,0.12980132450331117,0.08476821192052975,0.04651162790697683,0.10206718346253241,0.058139534883721034,0.009975062344139696,0.06359102244389025,0.021197007481296826,-0.03341288782816232,0.017899761336515496,-0.022673031026252954
3379,2025-01-20,2025-01-21,2025-02-14,12,連續3個營業日及沖銷標準,-0.08680555555555558,0.032319391634980876,0.0644567219152854,0.003472222222222099,-0.08680555555555558,0.003472222222222099,-0.05729166666666674,-0.0852173913043478,0.00521739130434784,-0.05565217391304356,-0.047101449275362306,0.047101449275362306,-0.01630434782608703,-0.052252252252252274,0.04144144144144146,-0.021621621621621623,-0.00189753320683117,0.09677419354838701,0.030360531309297834,-0.029520295202952074,0.06642066420664205,0.0018450184501843658,-0.00189753320683117,0.09677419354838701,0.030360531309297834
3388,2026-04-21,2026-04-22,2026-05-06,10,因連續3個營業日達本中心作業要點第四條第一項第一款,0.0,-0.008695652173912993,-0.02631578947368418,-0.034782608695652195,0.0,-0.034782608695652195,-0.008695652173912993,-0.061224489795918324,-0.09387755102040818,-0.06938775510204087,0.0,-0.034782608695652195,-0.008695652173912993,0.045454545454545414,0.009090909090909038,0.036363636363636376,0.09004739336492884,0.05213270142180093,0.08056872037914697,0.09004739336492884,0.05213270142180093,0.08056872037914697,-0.017094017094017144,-0.05128205128205132,-0.02564102564102566
3430,2025-10-03,2025-10-07,2025-10-23,12,連續5個營業日及沖銷標準,0.029262086513994978,0.037082818294190245,-0.05125148986889172,0.012722646310432628,0.029262086513994978,0.012722646310432628,0.06743002544529286,0.05751633986928106,0.04052287581699332,0.09673202614379095,-0.012210012210012167,-0.028083028083028205,0.024420024420024333,0.07579787234042556,0.058510638297872175,0.11569148936170226,-0.017010935601457944,-0.03280680437424066,0.019441069258809396,0.09029649595687328,0.07277628032344996,0.13072776280323462,0.038510911424903815,0.02182284980744531,0.07702182284980741
3430,2026-04-24,2026-04-27,2026-05-11,10,因連續3個營業日達本中心作業要點第四條第一項第一款,0.5412844036697249,-0.07738095238095233,0.1483870967741936,0.6330275229357798,0.5412844036697249,0.6330275229357798,0.4220183486238531,0.4420600858369099,0.5278969957081545,0.33047210300429186,0.4358974358974359,0.5213675213675213,0.32478632478632474,0.3770491803278688,0.459016393442623,0.2704918032786885,0.33333333333333326,0.4126984126984128,0.23015873015873023,0.19999999999999996,0.27142857142857135,0.1071428571428572,0.04024767801857587,0.10216718266253877,-0.04024767801857587
3432,2026-01-21,2026-01-22,2026-02-04,10,連續三次,-0.17675544794188858,-0.008823529411764675,0.10979228486646875,-0.09443099273607747,-0.17675544794188858,-0.09443099273607747,-0.18401937046004835,-0.13043478260869568,-0.0434782608695653,-0.13810741687979533,-0.0710382513661203,0.021857923497267784,-0.0792349726775956,-0.07859078590785906,0.013550135501354976,-0.086720867208672,-0.11227154046997379,-0.023498694516971286,-0.12010443864229747,-0.14141414141414144,-0.05555555555555558,-0.1489898989898989,-0.0710382513661203,0.021857923497267784,-0.0792349726775956
3434,2025-04-17,2025-04-18,2025-05-02,10,因連續3個營業日達本中心作業要點第四條第一項第一款,0.140625,-0.03013698630136985,-0.07203389830508466,0.026562500000000044,0.140625,0.026562500000000044,0.10624999999999996,0.12307692307692308,0.010769230769230864,0.08923076923076922,0.2268907563025211,0.10420168067226898,0.1899159663865546,0.23728813559322037,0.1135593220338984,0.19999999999999996,0.21464226289517474,0.09317803660565716,0.17803660565723778,0.1248073959938365,0.01232665639445285,0.09090909090909083,0.07669616519174038,-0.030973451327433565,0.04424778761061954
3437,2026-03-18,2026-03-19,2026-04-01,10,連續三次,0.0022222222222223476,-0.019955654101995512,-0.08144796380090502,-0.09777777777777774,0.0022222222222223476,-0.09777777777777774,-0.01777777777777767,-0.13931297709923662,-0.22519083969465647,-0.15648854961832048,0.0,-0.09977827050997778,-0.019955654101995512,-0.04042553191489362,-0.13617021276595742,-0.05957446808510636,-0.015283842794759694,-0.11353711790393006,-0.034934497816593746,-0.021691973969631184,-0.11930585683297179,-0.04121475054229928,0.04640371229698381,-0.058004640371229654,0.025522041763341052
3441,2026-06-18,2026-06-22,2026-07-07,12,連續3個營業日及沖銷標準,-0.21000000000000008,-0.0014064697609000865,-0.023943661971831065,-0.22999999999999998,-0.21000000000000008,-0.22999999999999998,-0.21111111111111114,-0.17898383371824478,-0.19976905311778292,-0.18013856812933016,-0.13503649635036508,-0.15693430656934315,-0.13625304136253047,-0.23875802997858686,-0.25802997858672383,-0.23982869379014993,-0.21087680355160932,-0.23085460599334073,-0.21198668146503885,-0.10566037735849065,-0.1283018867924529,-0.10691823899371067,-0.07782101167315181,-0.10116731517509725,-0.07911802853437089
3443,2026-04-16,2026-04-17,2026-04-30,10,連續三次,0.27544910179640714,0.07511737089201875,0.022925764192139653,0.40269461077844304,0.27544910179640714,0.40269461077844304,0.37125748502994016,0.2188841201716738,0.340486409155937,0.3104434907010014,0.18169209431345346,0.29958391123439676,0.27045769764216376,0.13448735019973368,0.2476697736351532,0.21970705725699058,0.055762081784386686,0.161090458488228,0.13506815365551428,0.014285714285714235,0.11547619047619051,0.09047619047619038,0.03398058252427183,0.1371359223300972,0.11165048543689315
3444,2025-12-31,2026-01-02,2026-01-15,10,因連續3個營業日達本中心作業要點第四條第一項第一款,0.08130081300813008,-0.006265664160400974,-0.03909205548549799,0.03252032520325221,0.08130081300813008,0.03252032520325221,0.07452574525745259,0.048620236530880545,0.0013140604467807293,0.04204993429697779,0.1223628691983123,0.07172995780590741,0.11533052039381153,0.12394366197183104,0.07323943661971843,0.11690140845070429,0.09465020576131677,0.04526748971193406,0.0877914951989025,0.07837837837837824,0.02972972972972987,0.07162162162162167,0.07983761840324743,0.03112313937753708,0.07307171853856542
3450,2026-05-12,2026-05-13,2026-05-26,10,連續三次,0.1712707182320441,0.005660377358490676,-0.060037523452157626,0.10718232044198905,0.1712707182320441,0.10718232044198905,0.17790055248618786,0.17516629711751652,0.11086474501108645,0.18181818181818188,0.2325581395348837,0.16511627906976734,0.23953488372093013,0.34860050890585237,0.2748091603053435,0.35623409669211203,0.3102595797280594,0.23856613102595792,0.3176761433868973,0.3417721518987342,0.26835443037974693,0.349367088607595,0.2155963302752293,0.1490825688073394,0.22247706422018343
3450,2026-06-29,2026-06-30,2026-07-14,10,最近十個營業日已有六次,-0.08285163776493254,0.03256302521008414,-0.02339776195320442,-0.07514450867052025,-0.08285163776493254,-0.07514450867052025,-0.05298651252408482,-0.11851851851851847,-0.11111111111111116,-0.08981481481481479,-0.009365244536940653,-0.0010405827263267886,0.02289281997918824,-0.04990019960079839,-0.041916167664670656,-0.01896207584830334,-0.14234234234234233,-0.1351351351351351,-0.11441441441441447,-0.10861423220973787,-0.101123595505618,-0.07958801498127344,-0.07572815533980581,-0.06796116504854366,-0.045631067961165006
3455,2026-04-13,2026-04-14,2026-04-27,10,因連續3個營業日達本中心作業要點第四條第一項第一款,0.04485488126649084,-0.005050505050505083,0.10406091370558368,0.14775725593667555,0.04485488126649084,0.14775725593667555,0.0395778364116095,0.07608695652173902,0.18206521739130443,0.07065217391304346,0.07608695652173902,0.18206521739130443,0.07065217391304346,0.06166219839142095,0.16621983914209126,0.05630026809651478,0.0050761421319796,0.10406091370558368,0.0,-0.09999999999999998,-0.011363636363636354,-0.1045454545454545,-0.10204081632653061,-0.013605442176870763,-0.10657596371882083
3455,2026-05-07,2026-05-08,2026-05-21,10,因連續3個營業日達本中心作業要點第四條第一項第一款,0.09540636042402828,-0.012903225806451646,-0.042483660130718914,0.035335689045936425,0.09540636042402828,0.035335689045936425,0.08127208480565362,0.20155038759689914,0.1356589147286822,0.18604651162790709,0.06164383561643838,0.003424657534246478,0.047945205479452024,0.07638888888888884,0.01736111111111116,0.0625,0.05084745762711873,-0.006779661016949157,0.03728813559322042,0.0726643598615917,0.01384083044982698,0.05882352941176472,0.15241635687732336,0.08921933085501865,0.1375464684014871
3467,2026-04-17,2026-04-20,2026-05-04,10,因連續3個營業日達本中心作業要點第四條第一項第一款,0.07667731629392982,-0.004451038575667865,-0.007451564828613977,0.0638977635782747,0.07667731629392982,0.0638977635782747,0.0718849840255591,0.11037891268533784,0.0971993410214167,0.10543657331136713,0.12709030100334462,0.11371237458193972,0.12207357859531776,-0.05070422535211261,-0.06197183098591552,-0.05492957746478877,0.09593495934959351,0.08292682926829253,0.0910569105691057,0.12333333333333352,0.10999999999999988,0.11833333333333318,0.16608996539792398,0.15224913494809678,0.16089965397923867
3481,2026-01-06,2026-01-07,2026-01-20,10,連續三次,0.203991130820399,-0.03499079189686927,0.03625954198473269,0.203991130820399,0.203991130820399,0.203991130820399,0.16186252771618626,0.23409090909090913,0.23409090909090913,0.19090909090909092,0.2928571428571427,0.2928571428571427,0.24761904761904763,0.2928571428571427,0.2928571428571427,0.24761904761904763,0.2202247191011235,0.2202247191011235,0.17752808988764035,0.1778741865509761,0.1778741865509761,0.1366594360086768,0.09036144578313254,0.09036144578313254,0.052208835341365445
3481,2026-06-03,2026-06-04,2026-06-17,10,最近十個營業日已有六次,0.02987697715289994,0.058020477815699634,0.03870967741935494,0.13181019332161692,0.02987697715289994,0.13181019332161692,0.0896309314586996,0.09943714821763616,0.20825515947467177,0.16322701688555363,0.2119958634953465,0.33195449844881075,0.28231644260599786,0.17317317317317316,0.2892892892892893,0.24124124124124124,0.23628691983122363,0.3586497890295359,0.3080168776371308,0.375586854460094,0.511737089201878,0.45539906103286376,0.16039603960396032,0.27524752475247527,0.2277227722772277
3485,2026-06-01,2026-06-02,2026-06-15,10,因連續3個營業日達本中心作業要點第四條第一項第一款,-0.05769230769230771,-0.03790087463556846,-0.042424242424242475,-0.13186813186813184,-0.05769230769230771,-0.13186813186813184,-0.09340659340659341,-0.05509641873278237,-0.12947658402203854,-0.09090909090909094,-0.06284153005464477,-0.13661202185792354,-0.09836065573770492,-0.06284153005464477,-0.13661202185792354,-0.09836065573770492,0.0888888888888888,0.0031746031746031633,0.04761904761904767,0.039393939393939315,-0.042424242424242475,0.0,0.053763440860215006,-0.029185867895545337,0.01382488479262678
3491,2025-12-17,2025-12-18,2026-01-02,10,最近10個營業日內有6個營業日,0.15676567656765683,0.0399429386590584,0.05075445816186552,0.2640264026402641,0.15676567656765683,0.2640264026402641,0.20297029702970293,0.15676567656765683,0.2640264026402641,0.20297029702970293,0.11093502377179076,0.2139461172741679,0.15530903328050716,0.0868217054263567,0.18759689922480627,0.13023255813953494,0.0669710806697108,0.16590563165905636,0.1095890410958904,0.008633093525179936,0.1021582733812949,0.048920863309352525,0.024853801169590684,0.11988304093567259,0.06578947368421062
3491,2026-01-22,2026-01-23,2026-02-05,10,最近10個營業日內有6個營業日,0.26732673267326734,-0.05859375,0.04149377593361003,0.24257425742574257,0.26732673267326734,0.24257425742574257,0.19306930693069302,0.13777777777777778,0.11555555555555563,0.07111111111111112,0.15315315315315314,0.13063063063063063,0.0855855855855856,0.1428571428571428,0.12053571428571419,0.0758928571428572,0.1327433628318584,0.11061946902654873,0.0663716814159292,0.17972350230414746,0.15668202764976957,0.11059907834101379,0.13777777777777778,0.11555555555555563,0.07111111111111112
3491,2026-02-04,2026-02-05,2026-03-02,10,最近10個營業日內有6個營業日,0.2969924812030076,0.04347826086956519,-0.05833333333333335,0.2744360902255638,0.2969924812030076,0.2744360902255638,0.35338345864661647,0.4315352697095436,0.4066390041493777,0.49377593360995853,0.2969924812030076,0.2744360902255638,0.35338345864661647,0.33204633204633205,0.30888030888030893,0.38996138996139007,0.2921348314606742,0.2696629213483146,0.348314606741573,0.21478873239436624,0.193661971830986,0.267605633802817,0.15771812080536907,0.13758389261744974,0.20805369127516782
3491,2026-03-03,2026-03-04,2026-03-17,10,最近10個營業日內有6個營業日,-0.08832807570977919,0.01730103806228378,-0.023809523809523836,-0.09463722397476337,-0.08832807570977919,-0.09463722397476337,-0.0725552050473186,-0.09968847352024923,-0.10591900311526481,-0.08411214953271029,0.06642066420664205,0.05904059040590415,0.08487084870848705,0.22457627118644075,0.21610169491525433,0.2457627118644068,0.17479674796747968,0.16666666666666674,0.19512195121951215,0.21940928270042193,0.21097046413502119,0.240506329113924,0.11153846153846159,0.10384615384615392,0.13076923076923075
3491,2026-03-11,2026-03-12,2026-03-25,10,因連續3個營業日達本中心作業要點第四條第一項第一款,0.08461538461538454,0.09929078014184389,0.0,0.1923076923076923,0.08461538461538454,0.1923076923076923,0.1923076923076923,0.08880308880308885,0.19691119691119696,0.19691119691119696,0.0641509433962264,0.16981132075471694,0.16981132075471694,-0.007042253521126751,0.09154929577464799,0.09154929577464799,-0.04081632653061229,0.054421768707483054,0.054421768707483054,-0.007042253521126751,0.09154929577464799,0.09154929577464799,-0.007042253521126751,0.09154929577464799,0.09154929577464799
3491,2026-05-25,2026-05-26,2026-06-08,10,最近30個營業日內有12個營業日,-0.133495145631068,0.04201680672268915,-0.026881720430107503,-0.12135922330097082,-0.133495145631068,-0.12135922330097082,-0.09708737864077666,-0.15801886792452835,-0.14622641509433965,-0.12264150943396224,-0.16000000000000003,-0.14823529411764702,-0.12470588235294122,-0.15801886792452835,-0.14622641509433965,-0.12264150943396224,-0.18119266055045868,-0.16972477064220182,-0.14678899082568808,-0.1697674418604651,-0.1581395348837209,-0.1348837209302326,-0.12068965517241381,-0.10837438423645318,-0.08374384236453203
3498,2026-05-18,2026-05-19,2026-06-01,10,因連續3個營業日達本中心作業要點第四條第一項第一款,0.006993006993007089,0.0,-0.02430555555555558,-0.0174825174825175,0.006993006993007089,-0.0174825174825175,0.006993006993007089,0.02857142857142847,0.0035714285714285587,0.02857142857142847,-0.040000000000000036,-0.06333333333333335,-0.040000000000000036,-0.052631578947368474,-0.07565789473684215,-0.052631578947368474,-0.11384615384615382,-0.13538461538461544,-0.11384615384615382,-0.09999999999999998,-0.12187499999999996,-0.09999999999999998,-0.07096774193548383,-0.09354838709677415,-0.07096774193548383
3508,2026-02-09,2026-02-10,2026-03-05,10,因連續3個營業日達本中心作業要點第四條第一項第一款,0.16666666666666674,-0.01558441558441559,0.04221635883905006,0.19696969696969702,0.16666666666666674,0.19696969696969702,0.14848484848484844,0.17021276595744683,0.20060790273556228,0.15197568389057747,0.060606060606060774,0.0881542699724518,0.0440771349862259,0.03913630229419707,0.06612685560053988,0.02294197031039147,-0.0038809831824061503,0.02199223803363526,-0.019404915912031084,0.06353591160220984,0.09116022099447507,0.04696132596685065,0.07541899441340782,0.1033519553072626,0.05865921787709505
3508,2026-04-09,2026-04-10,2026-04-23,10,因連續3個營業日達本中心作業要點第四條第一項第一款,0.12421052631578955,-0.0074906367041198685,-0.030188679245283012,0.08210526315789468,0.12421052631578955,0.08210526315789468,0.11578947368421044,0.24766355140186924,0.2009345794392523,0.238317757009346,0.1385927505330491,0.09594882729211096,0.13006396588486147,0.18666666666666654,0.14222222222222225,0.1777777777777778,0.0,-0.03745318352059923,-0.0074906367041198685,0.06374501992031867,0.0239043824701195,0.055776892430278835,0.059523809523809534,0.01984126984126977,0.051587301587301626
3508,2026-04-14,2026-04-15,2026-04-28,10,因連續3個營業日達本中心作業要點第四條第一項第一款,0.12222222222222223,0.0,-0.03366336633663369,0.08444444444444432,0.12222222222222223,0.08444444444444432,0.12222222222222223,-0.054307116104868935,-0.08614232209737827,-0.054307116104868935,0.005976095617529875,-0.02788844621513953,0.005976095617529875,0.001984126984126977,-0.031746031746031744,0.001984126984126977,0.04771784232365128,0.012448132780082943,0.04771784232365128,0.04338842975206614,0.008264462809917328,0.04338842975206614,-0.107773851590106,-0.13780918727915203,-0.107773851590106
3518,2026-04-22,2026-04-23,2026-05-07,10,連續三次,0.16820987654321007,0.003963011889035695,-0.052631578947368474,0.11111111111111116,0.16820987654321007,0.11111111111111116,0.1728395061728396,0.22096774193548385,0.16129032258064524,0.22580645161290325,0.23692810457516345,0.17647058823529416,0.24183006535947715,0.2616666666666667,0.19999999999999996,0.2666666666666666,0.18281250000000004,0.125,0.1875,0.13323353293413187,0.07784431137724557,0.13772455089820368,0.1132352941176471,0.05882352941176472,0.11764705882352944
3523,2026-06-01,2026-06-02,2026-06-15,10,因連續3個營業日達本中心作業要點第四條第一項第一款,-0.09350649350649354,0.08309455587392556,-0.15343915343915338,-0.16883116883116878,-0.09350649350649354,-0.16883116883116878,-0.0181818181818183,-0.1749408983451537,-0.24349881796690298,-0.1063829787234043,-0.2494623655913979,-0.31182795698924726,-0.18709677419354842,-0.241304347826087,-0.30434782608695654,-0.17826086956521747,-0.07671957671957674,-0.15343915343915338,0.0,-0.0028571428571428914,-0.08571428571428574,0.07999999999999985,-0.016901408450704314,-0.09859154929577463,0.06478873239436611
3523,2026-06-04,2026-06-05,2026-06-18,10,因連續3個營業日達本中心作業要點第四條第一項第一款,-0.2804347826086956,0.0,0.09969788519637457,-0.20869565217391306,-0.2804347826086956,-0.20869565217391306,-0.2804347826086956,-0.12433862433862419,-0.03703703703703698,-0.12433862433862419,-0.05428571428571427,0.040000000000000036,-0.05428571428571427,-0.06760563380281681,0.025352112676056304,-0.06760563380281681,-0.014880952380952328,0.08333333333333326,-0.014880952380952328,0.04746835443037978,0.1518987341772151,0.04746835443037978,-0.05157593123209159,0.042979942693409656,-0.05157593123209159
3528,2025-03-14,2025-03-17,2025-04-01,12,連續三次及當日沖銷標準,-0.17436489607390293,0.0,0.08951048951048968,-0.10046189376443404,-0.17436489607390293,-0.10046189376443404,-0.17436489607390293,-0.18004587155963303,-0.10665137614678899,-0.18004587155963303,-0.19300225733634302,-0.12076749435665901,-0.19300225733634302,-0.16860465116279066,-0.09418604651162787,-0.16860465116279066,-0.18934240362811794,-0.1167800453514739,-0.18934240362811794,-0.13855421686746983,-0.06144578313253002,-0.13855421686746983,-0.11180124223602483,-0.032298136645962705,-0.11180124223602483
3528,2026-06-01,2026-06-02,2026-06-15,10,連續三次,0.011673151750972721,-0.0461538461538461,-0.008064516129032251,-0.04280155642023342,0.011673151750972721,-0.04280155642023342,-0.035019455252918275,-0.03703703703703709,-0.0888888888888889,-0.08148148148148149,-0.051094890510948954,-0.1021897810218978,-0.0948905109489051,-0.06474820143884896,-0.1151079136690647,-0.1079136690647482,0.04417670682730934,-0.012048192771084376,-0.004016064257028162,0.031746031746031855,-0.023809523809523836,-0.015873015873015928,0.0,-0.05384615384615388,-0.0461538461538461
3529,2026-02-25,2026-02-26,2026-03-12,10,因連續3個營業日達本中心作業要點第四條第一項第一款,-0.01200000000000001,-0.012145748987854255,0.016393442622950838,-0.008000000000000007,-0.01200000000000001,-0.008000000000000007,-0.02400000000000002,0.016460905349794164,0.020576131687242816,0.004115226337448652,-0.03137254901960784,-0.027450980392156876,-0.04313725490196074,0.08810572687224671,0.09251101321585908,0.07488986784140961,0.04883227176220806,0.05307855626326963,0.03609341825902335,0.037815126050420256,0.04201680672268915,0.025210084033613356,0.14617169373549888,0.15081206496519717,0.13225058004640378
3529,2026-04-21,2026-04-22,2026-05-06,10,因連續3個營業日達本中心作業要點第四條第一項第一款,0.02088167053364276,-0.01477272727272727,0.08535178777393315,0.09164733178654294,0.02088167053364276,0.09164733178654294,0.0058004640371229765,0.05769230769230771,0.13100961538461542,0.04206730769230771,0.11959287531806617,0.19720101781170474,0.10305343511450382,0.10000000000000009,0.17625000000000002,0.08374999999999999,0.08776266996291726,0.16316440049443748,0.07169344870210126,0.10137672090112648,0.17772215269086367,0.0851063829787233,0.10552763819095468,0.1821608040201006,0.08919597989949746
3532,2026-04-15,2026-04-16,2026-04-29,10,連續三次,-0.047244094488189003,0.04958677685950419,-0.007874015748031482,-0.007874015748031482,-0.047244094488189003,-0.007874015748031482,0.0,-0.06443298969072164,-0.02577319587628868,-0.01804123711340211,-0.044736842105263186,-0.0052631578947368585,0.002631578947368318,-0.03968253968253965,0.0,0.007936507936507908,-0.005479452054794498,0.03561643835616435,0.043835616438356206,-0.02941176470588236,0.010695187165775444,0.018716577540107027,0.025423728813559254,0.06779661016949157,0.07627118644067798
3532,2026-05-08,2026-05-11,2026-05-22,10,連續三次,-0.025490196078431393,0.09859154929577474,0.0,0.07058823529411762,-0.025490196078431393,0.07058823529411762,0.07058823529411762,-0.07620817843866168,0.014869888475836479,0.014869888475836479,-0.04054054054054057,0.054054054054053946,0.054054054054053946,0.002016129032258007,0.10080645161290325,0.10080645161290325,0.05073995771670181,0.15433403805496826,0.15433403805496826,0.17216981132075482,0.28773584905660377,0.28773584905660377,0.13990825688073394,0.2522935779816513,0.2522935779816513
3532,2026-05-28,2026-05-29,2026-06-11,10,連續三次,-0.06896551724137934,0.09932659932659926,0.0,0.023510971786833812,-0.06896551724137934,0.023510971786833812,0.023510971786833812,-0.1526390870185449,-0.0684736091298146,-0.0684736091298146,-0.0847457627118644,0.006163328197226425,0.006163328197226425,-0.07476635514018692,0.017133956386292892,0.017133956386292892,-0.0357142857142857,0.060064935064935154,0.060064935064935154,0.05693950177935947,0.16192170818505347,0.16192170818505347,0.13793103448275867,0.25095785440613017,0.25095785440613017
3532,2026-06-18,2026-06-22,2026-07-03,10,連續三次,0.1518324607329844,0.03409090909090917,-0.10769230769230764,0.06282722513089012,0.1518324607329844,0.06282722513089012,0.19109947643979064,0.1686586985391767,0.07835325365205836,0.20849933598937587,0.20713305898491075,0.11385459533607678,0.24828532235939638,0.16556291390728473,0.07549668874172188,0.20529801324503305,0.18279569892473124,0.09139784946236551,0.2231182795698925,0.29032258064516125,0.19061583577712615,0.3343108504398826,0.20879120879120872,0.11538461538461542,0.25
3532,2026-07-30,2026-07-31,2026-08-07,6,連續三次,0.024590163934426146,-0.008000000000000007,-0.08709677419354833,-0.0721311475409836,0.024590163934426146,-0.0721311475409836,0.016393442622950838,0.2303149606299213,0.11417322834645671,0.22047244094488194,0.10035211267605626,-0.0035211267605633756,0.09154929577464799,0.008064516129032251,-0.08709677419354833,0.0,0.038205980066445155,-0.05980066445182719,0.029900332225913706,-0.011075949367088556,-0.10443037974683544,-0.01898734177215189,,,
3535,2026-06-04,2026-06-05,2026-06-18,10,最近十個營業日已有六次,0.0037453183520599342,-0.007462686567164201,-0.03383458646616544,-0.03745318352059923,0.0037453183520599342,-0.03745318352059923,-0.0037453183520599342,0.1404255319148937,0.09361702127659566,0.13191489361702136,0.06349206349206349,0.01984126984126977,0.05555555555555558,0.03875968992248069,-0.003875968992248069,0.03100775193798455,0.08943089430894302,0.04471544715447151,0.08130081300813008,0.026819923371647514,-0.01532567049808431,0.019157088122605304,0.06349206349206349,0.01984126984126977,0.05555555555555558
3555,2025-08-15,2025-08-18,2025-08-29,10,因連續3個營業日達本中心作業要點第四條第一項第一款,-0.10032362459546917,-0.01618705035971224,0.0,-0.11488673139158567,-0.10032362459546917,-0.11488673139158567,-0.11488673139158567,-0.07023411371237454,-0.08528428093645479,-0.08528428093645479,-0.14723926380368102,-0.16104294478527603,-0.16104294478527603,-0.1075441412520064,-0.12199036918138029,-0.12199036918138029,-0.08401976935749589,-0.0988467874794069,-0.0988467874794069,-0.11885895404120439,-0.13312202852614896,-0.13312202852614896,-0.08099173553719008,-0.09586776859504131,-0.09586776859504131
3555,2025-08-20,2025-08-21,2025-09-03,10,因連續3個營業日達本中心作業要點第四條第一項第一款,-0.131621187800963,0.03512014787430684,-0.07678571428571423,-0.1701444622792937,-0.131621187800963,-0.1701444622792937,-0.10112359550561789,-0.10873146622734764,-0.1482701812191104,-0.07742998352553543,-0.14263074484944527,-0.18066561014263072,-0.11251980982567356,-0.10578512396694217,-0.1454545454545454,-0.07438016528925617,-0.09833333333333327,-0.1383333333333333,-0.06666666666666665,-0.09833333333333327,-0.1383333333333333,-0.06666666666666665,-0.05913043478260871,-0.10086956521739121,-0.02608695652173909
3555,2025-10-03,2025-10-07,2025-10-21,10,因連續3個營業日達本中心作業要點第四條第一項第一款,0.1613351877607787,-0.03952095808383227,-0.01995012468827939,0.09318497913769108,0.1613351877607787,0.09318497913769108,0.11543810848400549,0.12990527740189428,0.06359945872801065,0.08525033829499318,0.1911554921540657,0.12125534950071337,0.14407988587731824,0.24255952380952372,0.16964285714285698,0.19345238095238093,0.21014492753623193,0.13913043478260856,0.16231884057971024,0.17771509167842026,0.10860366713681224,0.13117066290550072,-0.008313539192399078,-0.06650831353919251,-0.04750593824228033
3555,2026-02-03,2026-02-04,2026-02-26,10,因連續3個營業日達本中心作業要點第四條第一項第一款,0.19915254237288127,-0.060070671378091856,-0.041353383458646586,0.0805084745762712,0.19915254237288127,0.0805084745762712,0.12711864406779672,0.1791666666666667,0.0625,0.10833333333333339,0.25221238938053103,0.12831858407079655,0.17699115044247793,0.2922374429223744,0.1643835616438356,0.21461187214611877,0.2863636363636364,0.15909090909090917,0.209090909090909,0.24669603524229067,0.12334801762114544,0.17180616740088106,0.16942148760330578,0.05371900826446274,0.09917355371900816
3555,2026-03-16,2026-03-17,2026-03-30,10,因連續3個營業日達本中心作業要點第四條第一項第一款,-0.1384180790960452,-0.02950819672131144,0.006756756756756799,-0.1581920903954802,-0.1384180790960452,-0.1581920903954802,-0.16384180790960456,-0.2542787286063569,-0.2713936430317848,-0.2762836185819071,-0.2703349282296651,-0.2870813397129187,-0.29186602870813394,-0.36325678496868474,-0.3778705636743215,-0.3820459290187892,-0.17119565217391308,-0.19021739130434778,-0.19565217391304346,-0.1574585635359116,-0.17679558011049723,-0.18232044198895025,-0.046875,-0.06874999999999998,-0.07499999999999996
3555,2026-03-19,2026-03-20,2026-04-02,10,因連續3個營業日達本中心作業要點第四條第一項第一款,-0.3736951983298539,0.10000000000000009,0.0,-0.3110647181628392,-0.3736951983298539,-0.3110647181628392,-0.3110647181628392,-0.18478260869565222,-0.1032608695652174,-0.1032608695652174,-0.1712707182320442,-0.08839779005524862,-0.08839779005524862,-0.0625,0.03125,0.03125,-0.1071428571428571,-0.017857142857142905,-0.017857142857142905,-0.00990099009900991,0.08910891089108919,0.08910891089108919,-0.0033222591362126463,0.09634551495016619,0.09634551495016619
3555,2026-04-20,2026-04-21,2026-05-05,10,因連續3個營業日達本中心作業要點第四條第一項第一款,0.045454545454545414,-0.09420289855072461,-0.0020000000000000018,-0.05492424242424243,0.045454545454545414,-0.05492424242424243,-0.05303030303030298,0.10400000000000009,-0.0020000000000000018,0.0,0.09741550695825052,-0.007952286282306154,-0.005964214711729587,0.18454935622317592,0.07081545064377681,0.07296137339055786,0.11290322580645151,0.006048387096774244,0.008064516129032251,0.10400000000000009,-0.0020000000000000018,0.0,0.1694915254237288,0.05720338983050843,0.05932203389830515
3556,2026-06-03,2026-06-04,2026-06-17,10,因連續3個營業日達本中心作業要點第四條第一項第一款,0.01866666666666683,0.0,-0.03141361256544506,-0.013333333333333308,0.01866666666666683,-0.013333333333333308,0.01866666666666683,0.0052631578947368585,-0.02631578947368418,0.0052631578947368585,0.12352941176470589,0.08823529411764697,0.12352941176470589,0.07605633802816913,0.04225352112676051,0.07605633802816913,0.07605633802816913,0.04225352112676051,0.07605633802816913,0.1318518518518519,0.09629629629629632,0.1318518518518519,0.12187958883994154,0.08663729809104259,0.12187958883994154
3576,2026-03-03,2026-03-04,2026-03-17,10,連續三次,0.0249520153550864,0.016853932584269593,-0.057090239410681254,-0.017274472168905874,0.0249520153550864,-0.017274472168905874,0.04222648752399216,0.11250000000000004,0.06666666666666665,0.13124999999999987,0.241860465116279,0.19069767441860463,0.26279069767441854,0.31527093596059097,0.26108374384236455,0.33743842364532006,0.25058548009367665,0.1990632318501171,0.271662763466042,0.3484848484848484,0.29292929292929304,0.3712121212121211,0.16086956521739126,0.11304347826086958,0.1804347826086956
3577,2025-07-04,2025-07-07,2025-07-18,10,因連續3個營業日達本中心作業要點第四條第一項第一款,0.11888111888111896,0.03125,0.06565656565656575,0.22960372960372966,0.11888111888111896,0.22960372960372966,0.15384615384615397,0.10344827586206895,0.21264367816091956,0.13793103448275867,0.12280701754385959,0.23391812865497075,0.1578947368421053,0.034482758620689724,0.1368534482758621,0.0668103448275863,0.0750279955207167,0.181410974244121,0.10862262038073922,0.032258064516129004,0.13440860215053774,0.06451612903225801,0.020191285866099973,0.12114771519659939,0.05207226354941552
3581,2025-10-07,2025-10-08,2025-10-22,10,因連續3個營業日達本中心作業要點第四條第一項第一款,-0.033280507131537296,-0.014754098360655665,-0.01830282861896837,-0.0649762282091918,-0.033280507131537296,-0.0649762282091918,-0.047543581616481756,-0.046875,-0.078125,-0.06093749999999998,0.008264462809917328,-0.024793388429752095,-0.006611570247933907,-0.0813253012048194,-0.11144578313253017,-0.09487951807228923,-0.016129032258064502,-0.048387096774193505,-0.030645161290322576,-0.03785488958990535,-0.06940063091482651,-0.05205047318611988,-0.031746031746031744,-0.06349206349206349,-0.04603174603174598
3581,2026-04-16,2026-04-17,2026-04-30,10,因連續3個營業日達本中心作業要點第四條第一項第一款,0.5147679324894514,0.09749303621169925,0.0,0.6624472573839661,0.5147679324894514,0.6624472573839661,0.6624472573839661,0.3754789272030652,0.5095785440613028,0.5095785440613028,0.25087108013937276,0.372822299651568,0.372822299651568,0.13968253968253963,0.2507936507936508,0.2507936507936508,0.037572254335260125,0.1387283236994219,0.1387283236994219,0.04057971014492745,0.1420289855072463,0.1420289855072463,0.0,0.09749303621169925,0.09749303621169925
3581,2026-04-21,2026-04-22,2026-05-06,10,因連續3個營業日達本中心作業要點第四條第一項第一款,0.48571428571428577,-0.05128205128205132,0.015765765765765716,0.43174603174603177,0.48571428571428577,0.43174603174603177,0.4095238095238096,0.35260115606936426,0.30346820809248554,0.2832369942196531,0.3565217391304347,0.3072463768115943,0.28695652173913033,0.3036211699164346,0.256267409470752,0.23676880222841223,0.4670846394984327,0.4137931034482758,0.3918495297805642,0.5704697986577181,0.5134228187919463,0.48993288590604034,0.3764705882352941,0.32647058823529407,0.3058823529411765
3581,2026-04-24,2026-04-27,2026-05-11,10,因連續3個營業日達本中心作業要點第四條第一項第一款,0.31754874651810594,0.014799154334038,-0.025000000000000022,0.3036211699164346,0.31754874651810594,0.3036211699164346,0.3370473537604457,0.48275862068965525,0.4670846394984327,0.5047021943573669,0.587248322147651,0.5704697986577181,0.6107382550335569,0.39117647058823524,0.3764705882352941,0.41176470588235303,0.20050761421319807,0.18781725888324874,0.218274111675127,0.09237875288683606,0.0808314087759816,0.10854503464203225,-0.006302521008403339,-0.01680672268907568,0.008403361344537785
3581,2026-05-07,2026-05-08,2026-05-21,10,因連續3個營業日達本中心作業要點第四條第一項第一款,0.00445434298440972,0.0997782705099779,0.0,0.1046770601336302,0.00445434298440972,0.1046770601336302,0.1046770601336302,-0.060416666666666674,0.03333333333333344,0.03333333333333344,-0.060416666666666674,0.03333333333333344,0.03333333333333344,-0.010964912280701733,0.08771929824561409,0.08771929824561409,-0.06818181818181823,0.024793388429751984,0.024793388429751984,-0.0022123893805309214,0.09734513274336276,0.09734513274336276,0.07894736842105265,0.1866028708133971,0.1866028708133971
3581,2026-06-05,2026-06-08,2026-06-22,10,因連續3個營業日達本中心作業要點第四條第一項第一款,0.13738019169329063,0.0,-0.0898876404494382,0.03514376996805102,0.13738019169329063,0.03514376996805102,0.13738019169329063,0.26241134751773054,0.14893617021276606,0.26241134751773054,0.39607843137254894,0.2705882352941176,0.39607843137254894,0.39607843137254894,0.2705882352941176,0.39607843137254894,0.17105263157894735,0.06578947368421062,0.17105263157894735,0.2191780821917808,0.1095890410958904,0.2191780821917808,0.23183391003460208,0.12110726643598624,0.23183391003460208
3581,2026-06-10,2026-06-11,2026-06-25,10,因連續3個營業日達本中心作業要點第四條第一項第一款,0.22745098039215694,-0.07348242811501593,-0.02758620689655178,0.10588235294117654,0.22745098039215694,0.10588235294117654,0.13725490196078427,0.02960526315789469,-0.07236842105263153,-0.046052631578947345,0.07191780821917804,-0.03424657534246578,-0.006849315068493178,0.08304498269896188,-0.02422145328719727,0.0034602076124568004,0.00967741935483879,-0.0903225806451613,-0.06451612903225812,-0.11079545454545459,-0.19886363636363635,-0.17613636363636365,-0.15405405405405403,-0.23783783783783785,-0.21621621621621623
3583,2026-04-13,2026-04-14,2026-04-27,10,連續三次,0.020804438280166426,0.0,0.0027173913043478937,0.023578363384188616,0.020804438280166426,0.023578363384188616,0.020804438280166426,0.06666666666666665,0.06956521739130439,0.06666666666666665,0.035161744022503605,0.03797468354430378,0.035161744022503605,0.045454545454545414,0.048295454545454586,0.045454545454545414,-0.07769423558897248,-0.07518796992481203,-0.07769423558897248,-0.10134310134310132,-0.09890109890109888,-0.10134310134310132,-0.07769423558897248,-0.07518796992481203,-0.07769423558897248
3587,2026-03-25,2026-03-26,2026-04-10,10,因連續3個營業日達本中心作業要點第四條第一項第一款,0.17718940936863548,0.0034602076124568004,0.09482758620689657,0.29327902240325865,0.17718940936863548,0.29327902240325865,0.18126272912423635,0.3076923076923077,0.43665158371040724,0.31221719457013575,0.2959641255605381,0.42376681614349776,0.3004484304932735,0.24301075268817196,0.36559139784946226,0.24731182795698925,0.28159645232815955,0.4079822616407982,0.2860310421286032,0.251082251082251,0.3744588744588744,0.2554112554112553,0.24034334763948495,0.3626609442060085,0.24463519313304727
3593,2026-04-16,2026-04-17,2026-04-30,10,連續三次,-0.009975062344139585,0.0,0.0,-0.009975062344139585,-0.009975062344139585,-0.009975062344139585,-0.009975062344139585,0.020565552699228995,0.020565552699228995,0.020565552699228995,0.005063291139240533,0.005063291139240533,0.005063291139240533,0.002525252525252597,0.002525252525252597,0.002525252525252597,0.005063291139240533,0.005063291139240533,0.005063291139240533,0.025839793281653645,0.025839793281653645,0.025839793281653645,0.02849740932642497,0.02849740932642497,0.02849740932642497
3623,2025-08-06,2025-08-07,2025-08-20,10,因連續3個營業日達本中心作業要點第四條第一項第一款,-0.002032520325203291,0.0386965376782078,-0.05294117647058827,-0.018292682926829396,-0.002032520325203291,-0.018292682926829396,0.03658536585365857,-0.014056224899598346,-0.030120481927710885,0.024096385542168752,-0.008080808080808022,-0.024242424242424288,0.030303030303030276,0.010288065843621297,-0.006172839506172978,0.04938271604938271,0.018672199170124415,0.0020746887966804906,0.05809128630705396,-0.027722772277227747,-0.0435643564356436,0.00990099009900991,-0.018000000000000016,-0.03400000000000003,0.020000000000000018
3624,2026-05-20,2026-05-21,2026-06-03,10,因連續3個營業日達本中心作業要點第四條第一項第一款,0.25136017410228506,-0.09565217391304348,-0.004807692307692291,0.12622415669205655,0.25136017410228506,0.12622415669205655,0.1316648531011968,0.2540894220283534,0.1286804798255179,0.13413304252998914,0.21052631578947367,0.08947368421052637,0.09473684210526323,0.22340425531914887,0.10106382978723394,0.1063829787234043,0.21693121693121697,0.09523809523809534,0.10052910052910047,0.21052631578947367,0.08947368421052637,0.09473684210526323,0.07476635514018692,-0.032710280373831724,-0.028037383177570097
3624,2026-06-23,2026-06-24,2026-07-09,12,連續5個營業日及沖銷標準,-0.08571428571428574,-0.01041666666666663,-0.08771929824561409,-0.17460317460317465,-0.08571428571428574,-0.17460317460317465,-0.09523809523809523,-0.03678929765886285,-0.13043478260869568,-0.04682274247491636,-0.040000000000000036,-0.1333333333333333,-0.050000000000000044,0.006993006993007089,-0.09090909090909094,-0.0034965034965035446,-0.020408163265306145,-0.11564625850340138,-0.030612244897959218,-0.1165644171779141,-0.2024539877300614,-0.12576687116564422,-0.052631578947368474,-0.14473684210526316,-0.0625
3624,2026-07-21,2026-07-22,2026-08-04,10,連續3個營業日,-0.28270042194092826,0.0676470588235294,0.030303030303030276,-0.21097046413502107,-0.28270042194092826,-0.21097046413502107,-0.23417721518987344,-0.2727272727272727,-0.20000000000000007,-0.22352941176470598,-0.23937360178970923,-0.16331096196868022,-0.18791946308724838,-0.1943127962085308,-0.11374407582938395,-0.13981042654028453,-0.017341040462427793,0.08092485549132933,0.049132947976878505,0.013412816691505292,0.11475409836065587,0.08196721311475419,0.15059221658206434,0.2656514382402706,0.2284263959390862
3624,2026-07-31,2026-08-03,2026-08-07,5,連續3個營業日,0.22622950819672116,0.016042780748663166,0.0815789473684212,0.3475409836065575,0.22622950819672116,0.3475409836065575,0.24590163934426235,0.15968992248062008,0.27441860465116275,0.17829457364341095,0.030303030303030276,0.1322314049586779,0.046831955922865154,0.04323570432357027,0.14644351464435146,0.05997210599721048,-0.015789473684210575,0.0815789473684212,0.0,,,,,,
3628,2025-10-03,2025-10-07,2025-10-21,10,連續5個營業日,-0.037786774628879805,-0.02524544179523136,0.1280575539568347,0.05802968960863719,-0.037786774628879805,0.05802968960863719,-0.062078272604588314,-0.02595628415300555,0.0710382513661203,-0.050546448087431695,-0.029931972789115635,0.06666666666666665,-0.05442176870748294,0.025899280575539585,0.1280575539568347,0.0,-0.06797385620915042,0.024836601307189676,-0.09150326797385622,-0.04806408544726315,0.04672897196261672,-0.07209612817089461,-0.10875000000000001,-0.019999999999999907,-0.13124999999999998
3629,2025-07-07,2025-07-08,2025-07-21,10,因連續3個營業日達本中心作業要點第四條第一項第一款,0.17003367003366998,-0.05035971223021585,0.06060606060606055,0.17845117845117842,0.17003367003366998,0.17845117845117842,0.11111111111111116,0.06431852986217468,0.07197549770290967,0.010719754977029039,-0.0071428571428571175,0.0,-0.05714285714285716,-0.03203342618384397,-0.02506963788300831,-0.0807799442896936,0.019061583577712593,0.02639296187683282,-0.032258064516129115,0.004335260115606809,0.01156069364161838,-0.046242774566474076,-0.05826558265582649,-0.051490514905149,-0.10569105691056913
3629,2025-07-10,2025-07-11,2025-07-24,10,因連續3個營業日達本中心作業要點第四條第一項第一款,-0.02924791086350964,0.0,-0.024390243902439046,-0.05292479108635095,-0.02924791086350964,-0.05292479108635095,-0.02924791086350964,0.021994134897360684,-0.0029325513196480912,0.021994134897360684,0.007225433526011571,-0.017341040462427793,0.007225433526011571,-0.05555555555555547,-0.07859078590785906,-0.05555555555555547,-0.05040871934604907,-0.07356948228882842,-0.05040871934604907,0.04969879518072284,0.02409638554216853,0.04969879518072284,0.028023598820059004,0.002949852507374784,0.028023598820059004
3631,2026-04-24,2026-04-27,2026-05-11,10,因連續3個營業日達本中心作業要點第四條第一項第一款,0.13888888888888884,0.008536585365853666,0.002418379685610761,0.15138888888888902,0.13888888888888884,0.15138888888888902,0.14861111111111125,0.07894736842105265,0.09078947368421053,0.08815789473684221,0.06217616580310881,0.07383419689119175,0.07124352331606221,0.05128205128205132,0.06282051282051282,0.060256410256410264,0.05128205128205132,0.06282051282051282,0.060256410256410264,0.05398457583547556,0.06555269922879181,0.0629820051413883,0.032745591939546514,0.044080604534004975,0.041561712846347465
3653,2026-04-23,2026-04-24,2026-05-08,10,連續三次,-0.3363636363636363,0.016438356164383494,0.08221024258760101,-0.27,-0.3363636363636363,-0.27,-0.32545454545454544,-0.3363636363636363,-0.27,-0.32545454545454544,-0.25586136595310904,-0.18144750254842001,-0.2436289500509684,-0.26706827309236947,-0.1937751004016064,-0.2550200803212851,-0.3246993524514339,-0.2571692876965772,-0.3135985198889917,-0.3067426400759734,-0.23741690408357075,-0.295346628679962,-0.29807692307692313,-0.22788461538461535,-0.2865384615384615
3653,2026-05-12,2026-05-13,2026-05-26,10,連續三次,-0.03421052631578947,0.034059945504087086,-0.03293807641633728,-0.03421052631578947,-0.03421052631578947,-0.03421052631578947,-0.001315789473684159,0.008241758241758212,0.008241758241758212,0.04258241758241765,0.09063893016344715,0.09063893016344715,0.1277860326894502,0.11043872919818454,0.11043872919818454,0.14826021180030247,0.1257668711656441,0.1257668711656441,0.1641104294478528,0.21926910299003333,0.21926910299003333,0.260797342192691,0.11890243902439024,0.11890243902439024,0.1570121951219512
3653,2026-08-07,2026-08-10,2026-08-14,5,連續三次,0.08612975391498878,0.09989701338825951,0.0,0.19463087248322153,0.08612975391498878,0.19463087248322153,0.19463087248322153,0.16566626650660266,0.28211284513805523,0.28211284513805523,0.176969696969697,0.29454545454545444,0.29454545454545444,0.07888888888888879,0.18666666666666676,0.18666666666666676,0.03407880724174661,0.13738019169329063,0.13738019169329063,,,,,,
3664,2026-04-08,2026-04-09,2026-04-22,10,因連續3個營業日達本中心作業要點第四條第一項第一款,-0.0422374429223743,0.0,-0.09892729439809311,-0.136986301369863,-0.0422374429223743,-0.136986301369863,-0.0422374429223743,-0.0487528344671202,-0.1428571428571429,-0.0487528344671202,-0.0890336590662324,-0.1791530944625408,-0.0890336590662324,-0.033410138248847865,-0.12903225806451613,-0.033410138248847865,0.11717709720372849,0.0066577896138482195,0.11717709720372849,0.07564102564102582,-0.03076923076923077,0.07564102564102582,0.14149659863945585,0.02857142857142847,0.14149659863945585
3664,2026-05-12,2026-05-13,2026-05-26,10,因連續3個營業日達本中心作業要點第四條第一項第一款,-0.1921568627450979,0.0,-0.06917475728155342,-0.24803921568627452,-0.1921568627450979,-0.24803921568627452,-0.1921568627450979,-0.2740088105726872,-0.32422907488986785,-0.2740088105726872,-0.10725893824485377,-0.16901408450704225,-0.10725893824485377,-0.008423586040914643,-0.07701564380264747,-0.008423586040914643,-0.00121212121212122,-0.07030303030303031,-0.00121212121212122,0.10013351134846471,0.024032042723631575,0.10013351134846471,-0.08950276243093924,-0.152486187845304,-0.08950276243093924
3665,2026-05-19,2026-05-20,2026-06-02,10,連續三次,0.1142131979695431,0.06833712984054663,-0.017057569296375252,0.1700507614213198,0.1142131979695431,0.1700507614213198,0.19035532994923865,0.08128078817733986,0.1354679802955665,0.15517241379310343,-0.026607538802660757,0.022172949002217335,0.039911308203991025,-0.06196581196581197,-0.014957264957264904,0.002136752136752129,-0.08921161825726143,-0.04356846473029041,-0.026970954356846488,-0.04978354978354982,-0.0021645021645021467,0.015151515151515138,0.08128078817733986,0.1354679802955665,0.15517241379310343
3675,2026-05-22,2026-05-25,2026-06-05,10,因連續3個營業日達本中心作業要點第四條第一項第一款,0.21327014218009488,-0.09895833333333337,0.0,0.09320695102685628,0.21327014218009488,0.09320695102685628,0.09320695102685628,0.12941176470588234,0.01764705882352935,0.01764705882352935,0.04632152588555849,-0.05722070844686644,-0.05722070844686644,0.03924221921515558,-0.06359945872801087,-0.06359945872801087,-0.038798498122653347,-0.1339173967459324,-0.1339173967459324,-0.07021791767554475,-0.16222760290556903,-0.16222760290556903,0.05205479452054784,-0.05205479452054795,-0.05205479452054795
3675,2026-06-24,2026-06-25,2026-07-08,10,因連續3個營業日達本中心作業要點第四條第一項第一款,0.0451306413301662,-0.04886363636363633,-0.053763440860215006,-0.05938242280285033,0.0451306413301662,-0.05938242280285033,-0.005938242280285055,0.13989637305699487,0.02590673575129543,0.08419689119170992,0.23249299719887961,0.10924369747899165,0.17226890756302526,0.22905027932960897,0.1061452513966481,0.16899441340782118,0.13110539845758362,0.01799485861182526,0.07583547557840609,0.15485564304461952,0.03937007874015741,0.09842519685039375,0.07317073170731714,-0.034146341463414664,0.02073170731707319
3675,2026-07-21,2026-07-22,2026-08-04,10,連續3個營業日,-0.0716911764705882,0.04752475247524757,0.011342155009451904,-0.016544117647058876,-0.0716911764705882,-0.016544117647058876,-0.02757352941176472,-0.059590316573556845,-0.003724394785847296,-0.014897579143389184,0.001984126984126977,0.06150793650793651,0.04960317460317465,0.05208333333333326,0.11458333333333326,0.1020833333333333,0.11233480176211463,0.1784140969162995,0.16519823788546262,0.1477272727272727,0.21590909090909083,0.20227272727272738,0.2656641604010026,0.3408521303258145,0.3258145363408522
3685,2025-08-26,2025-08-27,2025-09-09,10,因連續3個營業日達本中心作業要點第四條第一項第一款,0.3909574468085104,-0.03250478011472269,0.03359683794466384,0.3909574468085104,0.3909574468085104,0.3909574468085104,0.3457446808510638,0.44475138121546953,0.44475138121546953,0.39779005524861866,0.21345707656612523,0.21345707656612523,0.17401392111368907,0.2787286063569683,0.2787286063569683,0.23716381418092913,0.15707964601769908,0.15707964601769908,0.11946902654867242,0.07613168724279817,0.07613168724279817,0.04115226337448563,-0.029684601113172615,-0.029684601113172615,-0.061224489795918324
3685,2025-08-29,2025-09-01,2025-09-12,10,因連續3個營業日達本中心作業要點第四條第一項第一款,0.3594132029339854,-0.01618705035971224,-0.025594149908592434,0.3031784841075795,0.3594132029339854,0.3031784841075795,0.3374083129584353,0.23008849557522115,0.17920353982300874,0.21017699115044253,0.1440329218106995,0.09670781893004099,0.1255144032921811,0.03153988868274582,-0.011131725417439675,0.014842300556586308,0.09881422924901195,0.05335968379446632,0.0810276679841897,0.11646586345381538,0.07028112449799195,0.09839357429718887,0.07751937984496116,0.032945736434108364,0.06007751937984507
3685,2025-12-04,2025-12-05,2025-12-18,10,最近10個營業日內有6個營業日,0.027027027027026973,0.004784688995215447,0.008333333333333304,0.04054054054054057,0.027027027027026973,0.04054054054054057,0.03194103194103182,0.012106537530266248,0.025423728813559476,0.016949152542373058,0.03980099502487544,0.05348258706467668,0.04477611940298498,0.037220843672456594,0.05086848635235741,0.042183622828784184,0.04239401496259343,0.05610972568578543,0.04738154613466339,0.037220843672456594,0.05086848635235741,0.042183622828784184,0.03082614056720101,0.04438964241676957,0.035758323057953234
3691,2026-01-19,2026-01-20,2026-02-02,10,因連續3個營業日達本中心作業要點第四條第一項第一款,-0.08433734939759041,0.00877192982456143,0.008695652173912993,-0.06827309236947787,-0.08433734939759041,-0.06827309236947787,-0.07630522088353409,-0.07317073170731703,-0.05691056910569103,-0.06504065040650409,-0.09523809523809523,-0.07936507936507942,-0.08730158730158732,-0.05785123966942152,-0.04132231404958675,-0.04958677685950408,-0.07317073170731703,-0.05691056910569103,-0.06504065040650409,-0.13962264150943393,-0.12452830188679243,-0.13207547169811318,-0.1428571428571429,-0.1278195488721805,-0.13533834586466165
3693,2025-10-29,2025-10-30,2025-11-12,10,因連續3個營業日達本中心作業要點第四條第一項第一款,-0.061898211829436,0.0,-0.004398826979472137,-0.06602475928473173,-0.061898211829436,-0.06602475928473173,-0.061898211829436,-0.0954907161803713,-0.09946949602122013,-0.0954907161803713,-0.10849673202614374,-0.11241830065359482,-0.10849673202614374,-0.09428950863213814,-0.09827357237715806,-0.09428950863213814,-0.024320457796852657,-0.028612303290414864,-0.024320457796852657,-0.07336956521739135,-0.07744565217391308,-0.07336956521739135,-0.08333333333333337,-0.0873655913978495,-0.08333333333333337
3693,2025-11-03,2025-11-04,2025-11-17,10,因連續3個營業日達本中心作業要點第四條第一項第一款,-0.100929614873838,0.002954209748892156,-0.10162002945508097,-0.18990703851261626,-0.100929614873838,-0.18990703851261626,-0.09827357237715806,-0.03147353361945637,-0.1273247496423462,-0.028612303290414864,-0.08016304347826086,-0.17119565217391308,-0.07744565217391308,-0.09005376344086025,-0.18010752688172038,-0.0873655913978495,-0.021676300578034713,-0.11849710982658956,-0.018786127167630062,-0.007331378299120228,-0.1055718475073314,-0.004398826979472137,0.0014792899408284654,-0.09763313609467461,0.004437869822485174
3693,2026-01-14,2026-01-15,2026-01-28,10,因連續3個營業日達本中心作業要點第四條第一項第一款,0.09663865546218497,-0.005108556832694733,-0.028241335044929428,0.06022408963585435,0.09663865546218497,0.06022408963585435,0.09103641456582623,0.08298755186721984,0.047026279391424675,0.0774550484094052,0.09817671809256656,0.06171107994389913,0.09256661991584858,0.09817671809256656,0.06171107994389913,0.09256661991584858,0.11857142857142855,0.0814285714285714,0.11285714285714277,0.15657311669128515,0.1181683899556869,0.15066469719350084,0.13808139534883712,0.10029069767441867,0.13226744186046502
3693,2026-03-20,2026-03-23,2026-04-07,10,因連續3個營業日達本中心作業要點第四條第一項第一款,-0.002004008016032066,0.034136546184738936,0.062135922330097015,0.09619238476953917,-0.002004008016032066,0.09619238476953917,0.03206412825651306,0.0010050251256281673,0.0994974874371859,0.035175879396984966,-0.005988023952095856,0.09181636726546905,0.027944111776447178,-0.02352941176470591,0.0725490196078431,0.009803921568627416,0.0573248407643312,0.16135881104033967,0.09341825902335454,0.03750000000000009,0.1395833333333334,0.07291666666666674,0.0010050251256281673,0.0994974874371859,0.035175879396984966
3694,2025-08-18,2025-08-19,2025-09-03,12,連續三次及當日沖銷標準,0.007049345417925457,0.030000000000000027,-0.12621359223300976,-0.09365558912386707,0.007049345417925457,-0.09365558912386707,0.03726082578046319,-0.00990099009900991,-0.1089108910891089,0.01980198019801982,0.05263157894736836,-0.052631578947368474,0.08421052631578951,0.030927835051546282,-0.07216494845360821,0.061855670103092786,0.010101010101010166,-0.09090909090909094,0.04040404040404044,0.005025125628140614,-0.09547738693467334,0.035175879396984966,0.046025104602510414,-0.05857740585774052,0.07740585774058584
3701,2025-12-31,2026-01-02,2026-01-15,10,連續五次,0.0780669144981414,0.04137931034482767,-0.0629139072847682,0.05204460966542768,0.0780669144981414,0.05204460966542768,0.12267657992565062,0.13725490196078427,0.1098039215686275,0.1843137254901961,0.1693548387096775,0.1411290322580645,0.217741935483871,0.16700201207243448,0.13883299798792748,0.21529175050301808,0.15079365079365092,0.12301587301587302,0.19841269841269837,0.13502935420743634,0.10763209393346385,0.18199608610567508,0.11324376199616126,0.0863723608445297,0.15930902111324374
3708,2025-07-16,2025-07-17,2025-08-01,12,連續三次及當日沖銷標準,0.2627291242362526,0.016129032258064502,-0.03968253968253965,0.23217922606924635,0.2627291242362526,0.23217922606924635,0.28309572301425656,0.21568627450980382,0.18627450980392157,0.23529411764705888,0.24,0.20999999999999996,0.26,0.24,0.20999999999999996,0.26,0.24,0.20999999999999996,0.26,0.1272727272727272,0.10000000000000009,0.1454545454545455,0.09734513274336276,0.07079646017699126,0.11504424778761058
3709,2025-04-28,2025-04-29,2025-05-13,10,因連續3個營業日達本中心作業要點第四條第一項第一款,-0.044680851063829796,0.008908685968819663,-0.02980132450331119,-0.0648936170212765,-0.044680851063829796,-0.0648936170212765,-0.036170212765957555,-0.055730809674027326,-0.07570977917981059,-0.04731861198738174,-0.037513397642015,-0.05787781350482302,-0.02893890675241162,-0.05073995771670192,-0.07082452431289632,-0.04228329809725162,-0.02497285559174811,-0.04560260586319209,-0.016286644951140072,-0.040598290598290565,-0.06089743589743579,-0.03205128205128205,-0.01857923497267766,-0.03934426229508192,-0.009836065573770592
3709,2025-10-13,2025-10-14,2025-10-28,10,因連續3個營業日達本中心作業要點第四條第一項第一款,-0.1752921535893155,-0.018218623481781382,-0.08247422680412375,-0.25709515859766274,-0.1752921535893155,-0.25709515859766274,-0.1903171953255426,-0.13787085514834208,-0.22338568935427572,-0.15357766143106455,-0.07663551401869162,-0.16822429906542058,-0.09345794392523366,-0.057251908396946605,-0.1507633587786259,-0.07442748091603046,-0.029469548133595258,-0.1257367387033399,-0.047151277013752435,-0.029469548133595258,-0.1257367387033399,-0.047151277013752435,0.0,-0.09919028340080971,-0.018218623481781382
3714,2026-04-17,2026-04-20,2026-05-04,10,連續三次,0.00512820512820511,0.007653061224489832,-0.055696202531645644,-0.04358974358974366,0.00512820512820511,-0.04358974358974366,0.012820512820512775,0.0181818181818183,-0.03116883116883129,0.025974025974025983,0.06377204884667576,0.012211668928086672,0.07191316146540028,0.04533333333333345,-0.005333333333333412,0.05333333333333323,0.09192200557103081,0.03899721448467952,0.10027855153203347,0.17014925373134338,0.11343283582089536,0.17910447761194037,0.18968133535660092,0.1320182094081941,0.19878603945371776
4127,2026-05-26,2026-05-27,2026-06-09,10,因連續3個營業日達本中心作業要點第四條第一項第一款,-0.09219858156028371,-0.050000000000000044,0.10197368421052633,-0.049645390070921946,-0.09219858156028371,-0.049645390070921946,-0.1375886524822696,-0.019908116385911168,0.026033690658499253,-0.06891271056661563,-0.027355623100303927,0.01823708206686936,-0.07598784194528874,-0.10739191073919108,-0.06555090655509066,-0.15202231520223164,0.0,0.046875,-0.050000000000000044,-0.05882352941176472,-0.014705882352941124,-0.10588235294117654,-0.08045977011494243,-0.03735632183908033,-0.12643678160919536
4139,2026-07-20,2026-07-21,2026-08-03,10,連續3個營業日,0.0,0.010389610389610393,0.0025706940874037354,0.01298701298701288,0.0,0.01298701298701288,0.010389610389610393,-0.10046728971962615,-0.08878504672897192,-0.09112149532710279,-0.07673860911270991,-0.06474820143884896,-0.06714628297362124,-0.012820512820512775,0.0,-0.002564102564102555,-0.03749999999999998,-0.025000000000000022,-0.02750000000000008,-0.03629536921151444,-0.02377972465581979,-0.026282853566958808,-0.03749999999999998,-0.025000000000000022,-0.02750000000000008
4139,2026-07-23,2026-07-24,2026-08-06,10,連續3個營業日,0.0,-0.005128205128205221,-0.06829896907216493,-0.07307692307692315,0.0,-0.07307692307692315,-0.005128205128205221,-0.025000000000000022,-0.09625000000000006,-0.030000000000000027,-0.02377972465581979,-0.09511889862327916,-0.028785982478097716,-0.025000000000000022,-0.09625000000000006,-0.030000000000000027,0.038615179760319585,-0.03728362183754985,0.0332889480692411,0.19631901840490795,0.10889570552147232,0.1901840490797544,0.026315789473684292,-0.048684210526315774,0.021052631578947212
4154,2025-02-10,2025-02-11,2025-02-24,10,因連續3個營業日達本中心作業要點第四條第一項第一款,-0.014634146341463428,-0.00990099009900991,-0.019999999999999907,-0.04390243902439017,-0.014634146341463428,-0.04390243902439017,-0.024390243902439046,-0.024154589371980673,-0.05314009661835739,-0.033816425120772875,-0.11013215859030834,-0.13656387665198233,-0.11894273127753296,-0.14406779661016955,-0.1694915254237288,-0.15254237288135597,-0.14767932489451474,-0.17299578059071719,-0.1561181434599156,-0.09009009009009006,-0.11711711711711703,-0.09909909909909909,-0.06912442396313367,-0.09677419354838701,-0.07834101382488479
4154,2026-03-31,2026-04-01,2026-04-16,10,因連續3個營業日達本中心作業要點第四條第一項第一款,-0.041095890410958846,0.0,-0.0071428571428571175,-0.047945205479452024,-0.041095890410958846,-0.047945205479452024,-0.041095890410958846,-0.03448275862068961,-0.04137931034482756,-0.03448275862068961,-0.010600706713780994,-0.017667844522968212,-0.010600706713780994,-0.03114186851211065,-0.03806228373702414,-0.03114186851211065,-0.03114186851211065,-0.03806228373702414,-0.03114186851211065,-0.03114186851211065,-0.03806228373702414,-0.03114186851211065,-0.007092198581560294,-0.014184397163120477,-0.007092198581560294
4168,2025-06-05,2025-06-06,2025-06-19,10,因連續3個營業日達本中心作業要點第四條第一項第一款,0.10126582278481022,-0.06568144499178985,-0.014059753954305698,0.014466546112115841,0.10126582278481022,0.014466546112115841,0.02893309222423146,0.1711538461538462,0.07884615384615379,0.09423076923076912,0.21556886227544902,0.11976047904191622,0.1357285429141717,0.18482490272373542,0.09143968871595343,0.10700389105058372,0.18252427184466025,0.08932038834951461,0.1048543689320387,0.1711538461538462,0.07884615384615379,0.09423076923076912,0.17794970986460346,0.0851063829787233,0.10058027079303655
4169,2026-07-09,2026-07-10,2026-07-24,10,連續三次,-0.08333333333333337,-0.09898989898989896,0.0,-0.17407407407407405,-0.08333333333333337,-0.17407407407407405,-0.17407407407407405,0.048728813559322015,-0.05508474576271183,-0.05508474576271183,0.03125,-0.0708333333333333,-0.0708333333333333,-0.010000000000000009,-0.10799999999999998,-0.10799999999999998,-0.046242774566473965,-0.140655105973025,-0.140655105973025,-0.021739130434782594,-0.11857707509881421,-0.11857707509881421,-0.08333333333333337,-0.17407407407407405,-0.17407407407407405
4169,2026-07-31,2026-08-03,2026-08-07,5,連續三次,-0.006329113924050667,0.0,-0.022292993630573243,-0.02848101265822789,-0.006329113924050667,-0.02848101265822789,-0.006329113924050667,-0.02180685358255452,-0.04361370716510904,-0.02180685358255452,-0.045592705167173286,-0.06686930091185406,-0.045592705167173286,-0.036809815950920255,-0.05828220858895705,-0.036809815950920255,-0.018750000000000044,-0.04062500000000002,-0.018750000000000044,,,,,,
4171,2025-10-30,2025-10-31,2025-11-13,10,因連續3個營業日達本中心作業要點第四條第一項第一款,-0.12317327766179542,-0.042857142857142816,-0.0024875621890547706,-0.16283924843423792,-0.12317327766179542,-0.16283924843423792,-0.1607515657620041,-0.18446601941747576,-0.2213592233009708,-0.2194174757281553,-0.11949685534591203,-0.15932914046121593,-0.1572327044025157,-0.06666666666666665,-0.10888888888888881,-0.10666666666666658,-0.07284768211920523,-0.11479028697571736,-0.11258278145695355,-0.045454545454545414,-0.08863636363636362,-0.08636363636363631,-0.045454545454545414,-0.08863636363636362,-0.08636363636363631
4304,2025-10-29,2025-10-30,2025-11-12,10,因連續3個營業日達本中心作業要點第四條第一項第一款,0.6875,-0.09999999999999998,0.0,0.51875,0.6875,0.51875,0.51875,0.5168539325842696,0.3651685393258426,0.3651685393258426,0.36363636363636354,0.2272727272727273,0.2272727272727273,0.24137931034482762,0.11724137931034484,0.11724137931034484,0.12970711297071147,0.01673640167364021,0.01673640167364021,0.02857142857142847,-0.07428571428571429,-0.07428571428571429,-0.06412478336221838,-0.15771230502599654,-0.15771230502599654
4304,2025-11-03,2025-11-04,2025-11-17,10,因連續3個營業日達本中心作業要點第四條第一項第一款,0.34942528735632195,0.05621805792163537,-0.014516129032258074,0.4045977011494253,0.34942528735632195,0.4045977011494253,0.4252873563218391,0.22803347280334751,0.2782426778242679,0.29707112970711314,0.11809523809523825,0.16380952380952385,0.18095238095238098,0.017331022530329365,0.05892547660311953,0.07452339688041598,-0.07413249211356465,-0.0362776025236593,-0.02208201892744477,-0.09831029185867879,-0.06144393241167423,-0.04761904761904756,0.08703703703703702,0.13148148148148153,0.14814814814814814
4304,2025-11-06,2025-11-07,2025-11-20,10,因連續3個營業日達本中心作業要點第四條第一項第一款,0.0121317157712304,-0.023972602739726012,-0.0035087719298245723,-0.015597920277296451,0.0121317157712304,-0.015597920277296451,-0.012131715771230511,-0.07886435331230279,-0.10410094637223977,-0.10094637223974756,-0.10291858678955446,-0.12749615975422424,-0.12442396313364046,0.08148148148148149,0.051851851851851816,0.05555555555555558,0.20164609053497928,0.16872427983539096,0.17283950617283939,0.3333333333333335,0.29680365296803646,0.3013698630136987,0.09363295880149813,0.06367041198501866,0.0674157303370786
4304,2025-11-11,2025-11-12,2025-11-25,10,因連續3個營業日達本中心作業要點第四條第一項第一款,0.09259259259259256,0.01016949152542379,-0.005033557046979942,0.0981481481481481,0.09259259259259256,0.0981481481481481,0.10370370370370363,0.21399176954732502,0.22016460905349788,0.22633744855967075,0.3470319634703196,0.3538812785388128,0.36073059360730597,0.10486891385767794,0.11048689138576773,0.11610486891385774,-0.048387096774193505,-0.04354838709677422,-0.03870967741935483,-0.048387096774193505,-0.04354838709677422,-0.03870967741935483,0.013745704467353903,0.018900343642611617,0.02405498281786933
4304,2026-01-06,2026-01-07,2026-01-20,10,最近10個營業日內有6個營業日,-0.0031152647975077885,0.0,0.0,-0.0031152647975077885,-0.0031152647975077885,-0.0031152647975077885,-0.0031152647975077885,-0.10364145658263313,-0.10364145658263313,-0.10364145658263313,-0.01538461538461533,-0.01538461538461533,-0.01538461538461533,-0.01538461538461533,-0.01538461538461533,-0.01538461538461533,-0.013867488443759735,-0.013867488443759735,-0.013867488443759735,-0.01538461538461533,-0.01538461538461533,-0.01538461538461533,-0.01538461538461533,-0.01538461538461533,-0.01538461538461533
4402,2026-06-12,2026-06-15,2026-06-29,10,因連續3個營業日達本中心作業要點第四條第一項第一款,0.05775075987841949,-0.01724137931034464,0.058479532163742576,0.10030395136778125,0.05775075987841949,0.10030395136778125,0.03951367781155035,0.026548672566371723,0.0678466076696167,0.00884955752212413,0.05454545454545445,0.09696969696969715,0.036363636363636376,0.05454545454545445,0.09696969696969715,0.036363636363636376,-0.03333333333333344,0.005555555555555536,-0.04999999999999993,0.026548672566371723,0.0678466076696167,0.00884955752212413,0.05454545454545445,0.09696969696969715,0.036363636363636376
4416,2026-03-09,2026-03-10,2026-03-23,10,因連續3個營業日達本中心作業要點第四條第一項第一款,-0.13479623824451403,0.014492753623188248,-0.03928571428571437,-0.15673981191222575,-0.13479623824451403,-0.15673981191222575,-0.12225705329153602,-0.014285714285714235,-0.03928571428571437,0.0,0.03370786516853941,0.0074906367041198685,0.048689138576779145,-0.10097719869706834,-0.12377850162866455,-0.08794788273615628,-0.0830564784053156,-0.10631229235880413,-0.06976744186046513,-0.13749999999999996,-0.15937500000000004,-0.125,-0.13479623824451403,-0.15673981191222575,-0.12225705329153602
4416,2026-03-12,2026-03-13,2026-03-26,10,因連續3個營業日達本中心作業要點第四條第一項第一款,-0.13029315960912058,-0.011235955056179803,0.10984848484848486,-0.04560260586319209,-0.13029315960912058,-0.04560260586319209,-0.14006514657980462,-0.11295681063122931,-0.02657807308970106,-0.12292358803986725,-0.16562500000000002,-0.08437499999999998,-0.17500000000000004,-0.1630094043887147,-0.08150470219435735,-0.1724137931034483,-0.10402684563758391,-0.016778523489932917,-0.11409395973154368,-0.12171052631578949,-0.03618421052631571,-0.13157894736842102,-0.07931034482758625,0.010344827586207028,-0.08965517241379317
4529,2026-04-29,2026-04-30,2026-05-14,10,因連續3個營業日達本中心作業要點第四條第一項第一款,-0.025000000000000022,0.015779092702169706,0.062135922330097015,0.05192307692307674,-0.025000000000000022,0.05192307692307674,-0.009615384615384581,0.003960396039603964,0.08316831683168324,0.01980198019801982,0.08333333333333348,0.16880341880341887,0.10042735042735051,0.011976047904191711,0.09181636726546905,0.027944111776447178,0.03469387755102038,0.11632653061224474,0.05102040816326525,0.005952380952380931,0.08531746031746024,0.02182539682539697,0.04752066115702491,0.1301652892561984,0.06404958677685957
4534,2025-02-26,2025-02-27,2025-03-13,10,因連續3個營業日達本中心作業要點第四條第一項第一款,-0.03300330033003296,0.005119453924914641,0.02716468590831922,-0.0016501650165017256,-0.03300330033003296,-0.0016501650165017256,-0.028052805280528115,-0.00340136054421758,0.028911564625850428,0.001700680272108901,0.04830053667262968,0.08228980322003587,0.05366726296958846,0.01736111111111116,0.0503472222222221,0.02256944444444442,-0.013468013468013407,0.0185185185185186,-0.008417508417508435,-0.006779661016949157,0.025423728813559254,-0.0016949152542372614,0.05585585585585595,0.09009009009009006,0.0612612612612613
4534,2026-03-02,2026-03-03,2026-03-16,10,因連續3個營業日達本中心作業要點第四條第一項第一款,-0.017973856209150374,-0.011647254575707255,-0.05555555555555547,-0.08333333333333337,-0.017973856209150374,-0.08333333333333337,-0.02941176470588247,0.04340277777777768,-0.02604166666666663,0.03125,0.03979238754325265,-0.02941176470588225,0.02768166089965396,0.06183745583038869,-0.00883392226148405,0.04946996466431086,0.15134099616858232,0.07471264367816088,0.13793103448275845,0.09872029250457026,0.025594149908592323,0.08592321755027421,0.2141414141414142,0.1333333333333333,0.19999999999999996
4542,2025-12-15,2025-12-16,2025-12-30,10,因連續3個營業日達本中心作業要點第四條第一項第一款,0.16036505867014328,-0.0337078651685393,0.02209302325581408,0.14602346805736643,0.16036505867014328,0.14602346805736643,0.12125162972620585,0.10148514851485158,0.08787128712871306,0.06435643564356441,0.10148514851485158,0.08787128712871306,0.06435643564356441,0.08009708737864063,0.066747572815534,0.043689320388349495,0.08272506082725051,0.06934306569343063,0.04622871046228716,0.07358262967430629,0.06031363088057895,0.03739445114595896,0.059523809523809534,0.046428571428571486,0.023809523809523725
4542,2026-04-29,2026-04-30,2026-05-14,10,最近10個營業日內有6個營業日,0.03667481662591676,0.009433962264151052,-0.04205607476635509,0.0024449877750611915,0.03667481662591676,0.0024449877750611915,0.046454767726161306,0.00952380952380949,-0.023809523809523836,0.01904761904761898,-0.1166666666666667,-0.14583333333333337,-0.10833333333333328,-0.19696969696969702,-0.2234848484848485,-0.18939393939393945,-0.04288939051918739,-0.0744920993227991,-0.033860045146726914,0.00952380952380949,-0.023809523809523836,0.01904761904761898,0.08163265306122458,0.04591836734693877,0.09183673469387754
4542,2026-05-06,2026-05-07,2026-05-20,10,因連續3個營業日達本中心作業要點第四條第一項第一款,0.06546275395033851,0.03601694915254239,0.06134969325153383,0.17155756207674933,0.06546275395033851,0.17155756207674933,0.10383747178329572,0.12380952380952381,0.23571428571428577,0.16428571428571437,0.20408163265306123,0.32397959183673475,0.24744897959183665,0.19191919191919182,0.31060606060606055,0.23484848484848486,0.09259259259259256,0.20138888888888884,0.13194444444444442,0.06067415730337089,0.16629213483146077,0.09887640449438195,0.10280373831775691,0.21261682242990654,0.14252336448598135
4542,2026-06-11,2026-06-12,2026-06-26,10,因連續3個營業日達本中心作業要點第四條第一項第一款,0.16068642745709827,0.048387096774193505,0.04871794871794877,0.27613104524180976,0.16068642745709827,0.27613104524180976,0.21684867394695795,0.010869565217391353,0.11141304347826098,0.059782608695652106,0.019178082191780854,0.1205479452054794,0.06849315068493156,0.03333333333333344,0.13611111111111107,0.08333333333333326,-0.04370179948586117,0.05141388174807204,0.0025706940874035134,-0.09268292682926826,-0.0024390243902439046,-0.04878048780487809,-0.08148148148148149,0.009876543209876631,-0.03703703703703709
4542,2026-07-14,2026-07-15,2026-07-28,10,因連續3個營業日達本中心作業要點第四條第一項第一款,-0.18102189781021893,-0.053475935828877,-0.048964218455743835,-0.26277372262773724,-0.18102189781021893,-0.26277372262773724,-0.2248175182481752,-0.20538243626062325,-0.2847025495750708,-0.24787535410764872,-0.19627507163323787,-0.27650429799426934,-0.23925501432664753,-0.14351145038167934,-0.2290076335877863,-0.18931297709923667,-0.04915254237288136,-0.14406779661016944,-0.09999999999999998,-0.1893063583815029,-0.27023121387283233,-0.2326589595375722,-0.17256637168141598,-0.2551622418879056,-0.2168141592920354
4551,2026-06-22,2026-06-23,2026-07-06,10,連續三次,0.24778761061946897,-0.03368794326241131,-0.06788990825688068,0.12389380530973448,0.24778761061946897,0.12389380530973448,0.20575221238938046,0.17255717255717262,0.05613305613305619,0.13305613305613306,0.11904761904761907,0.007936507936507908,0.08134920634920628,0.12127236580516909,0.00994035785288272,0.08349900596421467,0.2533333333333334,0.12888888888888883,0.21111111111111103,0.29357798165137616,0.16513761467889898,0.25,0.24778761061946897,0.12389380530973448,0.20575221238938046
4554,2025-05-16,2025-05-19,2025-06-02,10,因連續3個營業日達本中心作業要點第四條第一項第一款,-0.10668229777256732,-0.011811023622047334,-0.01726427622841964,-0.13247362250879247,-0.10668229777256732,-0.13247362250879247,-0.11723329425556861,-0.13409090909090904,-0.15909090909090906,-0.1443181818181819,-0.16263736263736261,-0.18681318681318682,-0.17252747252747258,-0.18936170212765957,-0.21276595744680848,-0.198936170212766,-0.18415417558886515,-0.20770877944325483,-0.19379014989293375,-0.16993464052287577,-0.1938997821350762,-0.1797385620915033,-0.1428571428571429,-0.16760404949381336,-0.1529808773903263
4554,2025-05-21,2025-05-22,2025-06-05,10,因連續3個營業日達本中心作業要點第四條第一項第一款,-0.19148936170212771,0.015789473684210575,0.08290155440414493,-0.11063829787234047,-0.19148936170212771,-0.11063829787234047,-0.17872340425531907,-0.1862955032119915,-0.1049250535331907,-0.17344753747323338,-0.17211328976034856,-0.08932461873638342,-0.1590413943355119,-0.1451068616422948,-0.059617547806524285,-0.13160854893138363,-0.11832946635730857,-0.030162412993039567,-0.10440835266821347,-0.03797468354430378,0.05822784810126569,-0.02278481012658229,0.014686248331108098,0.1161548731642188,0.030707610146862407
4556,2026-06-12,2026-06-15,2026-06-29,10,因連續3個營業日達本中心作業要點第四條第一項第一款,-0.04495912806539526,0.0,0.03566333808844502,-0.010899182561308063,-0.04495912806539526,-0.010899182561308063,-0.04495912806539526,-0.12375000000000003,-0.09250000000000003,-0.12375000000000003,0.04783258594917772,0.0852017937219729,0.04783258594917772,-0.03443526170798894,0.0,-0.03443526170798894,-0.16448152562574503,-0.13468414779499416,-0.16448152562574503,-0.11265822784810131,-0.0810126582278482,-0.11265822784810131,-0.0331034482758622,0.0013793103448274113,-0.0331034482758622
4556,2026-06-17,2026-06-18,2026-07-02,10,因連續3個營業日達本中心作業要點第四條第一項第一款,0.11019283746556474,0.09925558312655092,0.0,0.22038567493112948,0.11019283746556474,0.22038567493112948,0.22038567493112948,-0.03933253873659126,0.056019070321811526,0.056019070321811526,0.02025316455696191,0.12151898734177213,0.12151898734177213,0.1117241379310343,0.2220689655172412,0.2220689655172412,0.1041095890410959,0.2136986301369863,0.2136986301369863,0.09659863945578229,0.20544217687074817,0.20544217687074817,0.1272727272727272,0.23916083916083908,0.23916083916083908
4556,2026-07-14,2026-07-15,2026-07-28,10,因連續3個營業日達本中心作業要點第四條第一項第一款,-0.12809917355371903,-0.07772511848341235,-0.023638232271325776,-0.2148760330578512,-0.12809917355371903,-0.2148760330578512,-0.1958677685950413,-0.1422764227642277,-0.22764227642276424,-0.20894308943089435,-0.09442060085836912,-0.18454935622317592,-0.16480686695278968,0.004761904761904745,-0.09523809523809523,-0.07333333333333336,-0.0786026200873362,-0.17030567685589515,-0.15021834061135375,-0.20676691729323304,-0.2857142857142857,-0.268421052631579,-0.23550724637681164,-0.3115942028985508,-0.29492753623188406
4556,2026-08-03,2026-08-04,2026-08-10,5,連續3個營業日,0.008423586040914532,0.06443914081145596,0.032511210762331766,0.10830324909747291,0.008423586040914532,0.10830324909747291,0.07340553549939832,-0.019883040935672502,0.07719298245614037,0.04327485380116958,-0.017584994138335253,0.0797186400937866,0.04572098475967179,0.008423586040914532,0.10830324909747291,0.07340553549939832,0.009638554216867545,0.10963855421686741,0.07469879518072298,,,,,,
4561,2026-01-22,2026-01-23,2026-02-05,10,因連續3個營業日達本中心作業要點第四條第一項第一款,-0.07526881720430112,0.0,-0.08255813953488367,-0.15161290322580634,-0.07526881720430112,-0.15161290322580634,-0.07526881720430112,-0.11157024793388426,-0.1849173553719008,-0.11157024793388426,-0.11340206185567014,-0.1865979381443298,-0.11340206185567014,-0.11975435005117707,-0.1924257932446264,-0.11975435005117707,-0.12778904665314395,-0.19979716024340766,-0.12778904665314395,-0.09663865546218486,-0.17121848739495793,-0.09663865546218486,-0.03479236812570141,-0.1144781144781144,-0.03479236812570141
4561,2026-05-11,2026-05-12,2026-05-25,10,連續5個營業日,0.015686274509803866,-0.011583011583011449,-0.0234375,-0.019607843137254943,0.015686274509803866,-0.019607843137254943,0.0039215686274509665,0.04016064257028118,0.004016064257028162,0.028112449799196915,0.0997876857749469,0.06157112526539277,0.08704883227176219,0.05284552845528445,0.016260162601625883,0.04065040650406493,0.07692307692307687,0.03950103950103956,0.06444906444906451,0.05070993914807298,0.014198782961460488,0.038539553752535705,0.06804123711340204,0.030927835051546282,0.05567010309278353
4569,2026-04-15,2026-04-16,2026-04-29,10,連續三次,-0.062189054726368154,-0.010610079575596787,-0.013404825737265424,-0.08457711442786064,-0.062189054726368154,-0.08457711442786064,-0.07213930348258701,-0.033333333333333326,-0.05641025641025643,-0.043589743589743546,-0.04797979797979801,-0.07070707070707072,-0.058080808080808066,-0.09156626506024101,-0.11325301204819282,-0.10120481927710845,-0.028350515463917536,-0.05154639175257736,-0.03865979381443296,-0.01308900523560208,-0.03664921465968585,-0.023560209424083767,0.04143646408839774,0.016574585635359185,0.03038674033149169
4576,2026-04-15,2026-04-16,2026-04-29,10,連續三次,0.043927648578811374,-0.01980198019801982,0.1212121212121211,0.1472868217054264,0.043927648578811374,0.1472868217054264,0.023255813953488413,0.06315789473684208,0.16842105263157903,0.042105263157894646,0.02020202020202011,0.1212121212121211,0.0,0.002481389578163684,0.1017369727047146,-0.017369727047146455,0.03324808184143224,0.13554987212276215,0.01278772378516635,-0.0049261083743842304,0.09359605911330049,-0.024630541871921152,0.04663212435233155,0.15025906735751304,0.02590673575129543
4577,2025-08-18,2025-08-19,2025-09-01,10,最近10個營業日內有6個營業日,-0.2250000000000001,-0.015360983102918557,-0.07644305772230875,-0.2952380952380952,-0.2250000000000001,-0.2952380952380952,-0.23690476190476195,-0.1366047745358091,-0.21485411140583555,-0.14986737400530514,-0.0933147632311978,-0.1754874651810584,-0.10724233983286913,-0.07528409090909105,-0.15909090909090917,-0.08948863636363646,-0.026905829596412745,-0.1150971599402093,-0.04185351270553084,0.007739938080495445,-0.0835913312693497,-0.007739938080495334,0.03662420382165599,-0.057324840764331086,0.02070063694267521
4577,2025-11-27,2025-11-28,2025-12-11,10,因連續3個營業日達本中心作業要點第四條第一項第一款,0.11764705882352944,0.03782894736842102,-0.10618066561014272,0.03676470588235303,0.11764705882352944,0.03676470588235303,0.15992647058823528,0.1155963302752292,0.034862385321100975,0.1577981651376148,0.11970534069981587,0.03867403314917128,0.16206261510128916,0.13857677902621712,0.05617977528089879,0.18164794007490648,0.11764705882352944,0.03676470588235303,0.15992647058823528,0.12177121771217703,0.040590405904058935,0.16420664206642055,0.09945750452079571,0.019891500904159143,0.1410488245931285
4577,2026-03-02,2026-03-03,2026-03-16,10,因連續3個營業日達本中心作業要點第四條第一項第一款,0.042483660130719025,-0.013584117032392817,-0.04343220338983056,-0.016339869281045805,0.042483660130719025,-0.016339869281045805,0.028322440087146017,0.07046979865771807,0.010067114093959662,0.055928411633109576,0.13928571428571423,0.07499999999999996,0.12380952380952381,0.12588235294117656,0.0623529411764705,0.11058823529411765,0.13657957244655572,0.07244655581947734,0.12114014251781469,0.132544378698225,0.06863905325443787,0.11715976331360944,0.06451612903225801,0.004449388209121219,0.0500556173526141
4577,2026-04-15,2026-04-16,2026-04-29,10,因連續3個營業日達本中心作業要點第四條第一項第一款,0.3211678832116789,0.022099447513812098,-0.10810810810810811,0.2043795620437956,0.3211678832116789,0.2043795620437956,0.35036496350364965,0.3457249070631969,0.22676579925650553,0.3754646840148699,0.23129251700680276,0.12244897959183665,0.2585034013605443,0.21070234113712383,0.10367892976588622,0.23745819397993317,0.23549488054607504,0.12627986348122877,0.2627986348122866,0.02259887005649719,-0.06779661016949157,0.04519774011299438,0.04022988505747116,-0.051724137931034475,0.06321839080459779
4707,2026-06-04,2026-06-05,2026-06-18,10,因連續3個營業日達本中心作業要點第四條第一項第一款,0.1471321695760599,-0.021739130434782594,0.03111111111111109,0.15710723192019937,0.1471321695760599,0.15710723192019937,0.12219451371571077,0.2777777777777777,0.28888888888888875,0.25,0.16161616161616155,0.1717171717171717,0.13636363636363624,0.13300492610837433,0.1428571428571428,0.10837438423645307,0.19791666666666674,0.20833333333333326,0.171875,0.11922141119221408,0.12895377128953767,0.0948905109489051,0.13861386138613874,0.14851485148514842,0.11386138613861396
4707,2026-07-08,2026-07-09,2026-07-23,10,最近10個營業日內有6個營業日,-0.11813186813186805,-0.031152647975077885,0.13504823151125378,-0.030219780219780223,-0.11813186813186805,-0.030219780219780223,-0.14560439560439553,-0.18631178707224338,-0.10519645120405585,-0.21166032953105196,-0.1975,-0.11750000000000005,-0.22249999999999992,-0.18734177215189873,-0.10632911392405076,-0.21265822784810118,-0.2447058823529411,-0.16941176470588237,-0.268235294117647,-0.22370012091898428,-0.14631197097944382,-0.24788391777509067,-0.18939393939393934,-0.10858585858585867,-0.21464646464646464
4722,2025-08-20,2025-08-21,2025-09-03,10,連續三次,0.15086206896551735,0.02621722846441954,-0.04379562043795615,0.1293103448275863,0.15086206896551735,0.1293103448275863,0.18103448275862077,0.16086956521739126,0.13913043478260878,0.19130434782608696,0.10330578512396693,0.0826446280991735,0.1322314049586777,0.03891050583657596,0.01945525291828787,0.06614785992217898,-0.03260869565217395,-0.050724637681159424,-0.007246376811594235,-0.06643356643356646,-0.08391608391608396,-0.04195804195804198,-0.09491525423728808,-0.11186440677966103,-0.07118644067796609
4722,2025-08-25,2025-08-26,2025-09-08,10,連續三次,0.023346303501945442,-0.0038022813688213253,-0.01526717557251911,0.0038910505836575737,0.023346303501945442,0.0038910505836575737,0.01945525291828787,-0.047101449275362306,-0.06521739130434778,-0.050724637681159424,-0.08041958041958042,-0.09790209790209792,-0.08391608391608396,-0.1084745762711864,-0.12542372881355934,-0.11186440677966103,-0.08041958041958042,-0.09790209790209792,-0.08391608391608396,-0.07719298245614037,-0.09473684210526312,-0.08070175438596494,-0.018656716417910446,-0.03731343283582089,-0.02238805970149249
4722,2025-10-03,2025-10-07,2025-10-21,10,最近十個營業日已有六次,-0.01654846335697402,-0.012019230769230727,-0.04622871046228716,-0.07328605200945626,-0.01654846335697402,-0.07328605200945626,-0.028368794326241176,0.040000000000000036,-0.020000000000000018,0.02750000000000008,-0.02117647058823524,-0.0776470588235294,-0.03294117647058825,0.024630541871921263,-0.03448275862068961,0.012315270935960632,0.002409638554216942,-0.055421686746988,-0.009638554216867434,0.0639386189258313,0.002557544757033181,0.051150895140664954,0.014634146341463428,-0.04390243902439028,0.0024390243902439046
4722,2026-05-25,2026-05-26,2026-06-08,10,最近十個營業日已有六次,-0.12302284710017575,-0.014028056112224463,-0.004065040650406471,-0.13884007029876977,-0.12302284710017575,-0.13884007029876977,-0.13532513181019334,-0.09437386569872963,-0.1107078039927405,-0.10707803992740472,-0.077634011090573,-0.09426987060998149,-0.09057301293900188,-0.09927797833935015,-0.1155234657039711,-0.11191335740072206,-0.13066202090592338,-0.14634146341463417,-0.1428571428571429,-0.1276223776223776,-0.14335664335664333,-0.1398601398601399,-0.10251798561151082,-0.11870503597122306,-0.1151079136690647
4741,2026-04-01,2026-04-02,2026-04-17,10,因連續3個營業日達本中心作業要點第四條第一項第一款,0.5714285714285714,-0.022298456260720356,-0.02631578947368418,0.49595687331536387,0.5714285714285714,0.49595687331536387,0.536388140161725,0.3130630630630631,0.25,0.28378378378378377,0.3101123595505617,0.247191011235955,0.2808988764044944,0.30425055928411626,0.24161073825503343,0.27516778523489926,0.16599999999999993,0.1100000000000001,0.1399999999999999,0.14313725490196072,0.08823529411764697,0.11764705882352944,0.04856115107913661,-0.0017985611510791255,0.02517985611510798
4741,2026-04-08,2026-04-09,2026-04-22,10,因連續3個營業日達本中心作業要點第四條第一項第一款,0.31991051454138697,0.016949152542372836,0.02499999999999991,0.37583892617449655,0.31991051454138697,0.37583892617449655,0.3422818791946307,0.17999999999999994,0.22999999999999998,0.19999999999999996,0.15686274509803932,0.2058823529411764,0.17647058823529416,0.06115107913669071,0.10611510791366907,0.07913669064748197,0.06306306306306309,0.10810810810810811,0.08108108108108114,0.11742424242424243,0.1647727272727273,0.13636363636363646,0.010273972602739656,0.05308219178082196,0.027397260273972712
4760,2025-08-29,2025-09-01,2025-09-12,10,因連續3個營業日達本中心作業要點第四條第一項第一款,-0.0732984293193717,-0.039548022598870025,-0.061764705882352944,-0.16492146596858637,-0.0732984293193717,-0.16492146596858637,-0.10994764397905754,-0.024793388429752095,-0.12121212121212122,-0.0633608815426997,0.014326647564469885,-0.08595988538681953,-0.025787965616045794,-0.005617977528089901,-0.1039325842696629,-0.0449438202247191,0.01724137931034475,-0.08333333333333337,-0.02298850574712641,0.005681818181818121,-0.09375,-0.03409090909090906,-0.005617977528089901,-0.1039325842696629,-0.0449438202247191
4764,2025-10-23,2025-10-27,2025-11-07,10,連續三次,-0.06174496644295291,-0.05293276108726752,-0.0392749244712991,-0.1463087248322148,-0.06174496644295291,-0.1463087248322148,-0.11140939597315436,-0.10727969348658994,-0.18773946360153249,-0.1545338441890165,-0.13703703703703696,-0.2148148148148148,-0.18271604938271602,-0.07417218543046356,-0.15761589403973508,-0.12317880794701985,-0.03185595567867028,-0.11911357340720219,-0.08310249307479223,-0.048979591836734615,-0.13469387755102036,-0.0993197278911564,-0.015492957746478742,-0.10422535211267603,-0.06760563380281681
4764,2025-10-29,2025-10-30,2025-11-12,10,連續三次,-0.17218543046357615,-0.006399999999999961,0.106280193236715,-0.09006622516556284,-0.17218543046357615,-0.09006622516556284,-0.17748344370860925,-0.13434903047091418,-0.04847645429362879,-0.13988919667590027,-0.1496598639455783,-0.0653061224489796,-0.1551020408163265,-0.11971830985915488,-0.032394366197183055,-0.12535211267605628,-0.06015037593984962,0.03308270676691727,-0.06616541353383454,-0.13194444444444442,-0.04583333333333328,-0.13749999999999996,-0.11971830985915488,-0.032394366197183055,-0.12535211267605628
4764,2026-04-15,2026-04-16,2026-04-29,10,連續三次,0.30000000000000004,0.03846153846153855,0.005847953216374213,0.35789473684210527,0.30000000000000004,0.35789473684210527,0.3500000000000001,0.25380710659898487,0.30964467005076135,0.30203045685279184,0.05781584582441113,0.10492505353319048,0.09850107066381164,-0.027559055118110187,0.015748031496062964,0.009842519685039353,-0.01002004008016033,0.03406813627254501,0.028056112224448926,0.1330275229357798,0.1834862385321101,0.17660550458715596,0.21674876847290636,0.270935960591133,0.2635467980295567
4764,2026-04-20,2026-04-21,2026-05-05,10,連續三次,0.22440944881889768,0.07395498392282951,0.0239520958083832,0.3464566929133859,0.22440944881889768,0.3464566929133859,0.31496062992125995,0.2464929859719438,0.3707414829659319,0.33867735470941884,0.42660550458715596,0.5688073394495412,0.5321100917431192,0.5320197044334976,0.6847290640394088,0.645320197044335,0.5628140703517588,0.7185929648241205,0.6783919597989949,0.36403508771929816,0.5,0.4649122807017543,0.3580786026200873,0.4934497816593886,0.45851528384279483
4764,2026-05-06,2026-05-07,2026-05-20,10,連續三次,0.021671826625387025,0.09696969696969693,-0.11602209944751385,-0.009287925696594423,0.021671826625387025,-0.009287925696594423,0.12074303405572762,-0.05848787446504988,-0.08701854493580596,0.032810271041369576,0.07491856677524433,0.04234527687296419,0.1791530944625408,-0.020771513353115778,-0.05044510385756673,0.0741839762611276,0.04100946372239744,0.009463722397476282,0.14195583596214512,0.04100946372239744,0.009463722397476282,0.14195583596214512,0.05095541401273884,0.019108280254777066,0.15286624203821653
4764,2026-06-23,2026-06-24,2026-07-07,10,連續三次,-0.10810810810810811,-0.013468013468013518,0.07849829351535842,-0.05105105105105101,-0.10810810810810811,-0.05105105105105101,-0.12012012012012008,-0.08333333333333337,-0.024691358024691357,-0.095679012345679,0.01538461538461533,0.08034188034188028,0.0017094017094017033,0.042105263157894646,0.1087719298245613,0.02807017543859658,0.017123287671232834,0.08219178082191791,0.003424657534246478,-0.02622950819672132,0.0360655737704918,-0.03934426229508192,0.006779661016949046,0.07118644067796609,-0.006779661016949157
4768,2025-08-20,2025-08-21,2025-09-03,10,因連續3個營業日達本中心作業要點第四條第一項第一款,0.10104529616724744,0.0,0.006329113924050667,0.10801393728222997,0.10104529616724744,0.10801393728222997,0.10104529616724744,0.06756756756756754,0.07432432432432434,0.06756756756756754,0.07849829351535842,0.0853242320819112,0.07849829351535842,0.08219178082191791,0.08904109589041087,0.08219178082191791,0.04635761589403975,0.052980132450331174,0.04635761589403975,0.04290429042904287,0.04950495049504955,0.04290429042904287,0.012820512820512775,0.019230769230769162,0.012820512820512775
4768,2025-10-13,2025-10-14,2025-10-28,10,因連續3個營業日達本中心作業要點第四條第一項第一款,-0.02621722846441943,0.005769230769230749,-0.0019120458891013214,-0.022471910112359605,-0.02621722846441943,-0.022471910112359605,-0.02059925093632964,0.0216110019646365,0.025540275049115824,0.027504911591355707,0.009708737864077666,0.013592233009708687,0.01553398058252431,0.023622047244094446,0.027559055118110187,0.029527559055118058,0.0038610038610038533,0.007722007722007707,0.009652509652509744,-0.03703703703703709,-0.033333333333333326,-0.031481481481481444,-0.011406844106463865,-0.0076045627376425395,-0.005703422053231932
4768,2025-12-19,2025-12-22,2026-01-06,10,連續5個營業日,0.3038397328881468,-0.02688860435339313,0.13026315789473686,0.43405676126878134,0.3038397328881468,0.43405676126878134,0.26878130217028384,0.26580226904376003,0.39222042139384117,0.2317666126418152,0.1978527607361964,0.31748466257668717,0.16564417177914104,0.11571428571428566,0.2271428571428571,0.08571428571428563,0.009043927648578753,0.10981912144702832,-0.018087855297157618,0.061141304347826164,0.16711956521739135,0.032608695652173836,0.015604681404421283,0.11703511053315996,-0.011703511053316018
4768,2026-03-04,2026-03-05,2026-03-18,10,連續5個營業日,0.07547169811320753,0.011695906432748648,0.021194605009633882,0.11111111111111116,0.07547169811320753,0.11111111111111116,0.08805031446540879,0.15022421524663687,0.188340807174888,0.16367713004484297,0.2777085927770859,0.3200498132004981,0.2926525529265256,0.22142857142857153,0.26190476190476186,0.23571428571428577,0.2777085927770859,0.3200498132004981,0.2926525529265256,0.1463687150837989,0.18435754189944142,0.15977653631284916,0.11521739130434772,0.15217391304347827,0.12826086956521743
4768,2026-04-23,2026-04-24,2026-05-08,10,最近10個營業日內有6個營業日,-0.03612167300380231,-0.024654832347140054,-0.01213346814964611,-0.07129277566539927,-0.03612167300380231,-0.07129277566539927,-0.0598859315589354,0.014000000000000012,-0.02300000000000002,-0.01100000000000001,0.026315789473684292,-0.011133603238866363,0.0010121457489877805,0.049689440993788914,0.011387163561076497,0.023809523809523725,0.007952286282306265,-0.02882703777335982,-0.016898608349900646,0.011976047904191711,-0.024950099800399195,-0.012974051896207595,0.005952380952380931,-0.030753968253968256,-0.018849206349206393
4772,2025-01-17,2025-01-20,2025-02-11,10,因連續3個營業日達本中心作業要點第四條第一項第一款,-0.006036217303822977,-0.028340080971659964,-0.07291666666666663,-0.1046277665995976,-0.006036217303822977,-0.1046277665995976,-0.03420523138832998,-0.08518518518518514,-0.17592592592592593,-0.11111111111111116,-0.04633204633204635,-0.14092664092664098,-0.07335907335907332,0.016460905349794164,-0.08436213991769548,-0.012345679012345734,-0.019841269841269882,-0.11706349206349209,-0.04761904761904767,0.008163265306122547,-0.09183673469387754,-0.020408163265306145,-0.02371541501976282,-0.12055335968379444,-0.0513833992094862
4772,2025-08-29,2025-09-01,2025-09-12,10,最近10個營業日內有6個營業日,0.13941480206540446,-0.0030211480362537513,0.009090909090909038,0.14629948364888135,0.13941480206540446,0.14629948364888135,0.13597246127366613,0.14930555555555558,0.15625,0.14583333333333326,0.18637992831541217,0.19354838709677424,0.18279569892473124,0.12585034013605445,0.13265306122448983,0.12244897959183665,0.12969283276450505,0.13651877133105805,0.12627986348122877,0.04581358609794628,0.05213270142180093,0.042654028436019065,0.06946688206785145,0.07592891760904674,0.06623586429725359
4804,2025-06-30,2025-07-01,2025-07-14,10,因連續3個營業日達本中心作業要點第四條第一項第一款,0.04952076677316297,-0.06240487062404876,0.06655844155844148,0.04952076677316297,0.04952076677316297,0.04952076677316297,-0.015974440894568676,-0.03665689149560114,-0.03665689149560114,-0.09677419354838712,0.026562500000000044,0.026562500000000044,-0.03749999999999998,0.059677419354838834,0.059677419354838834,-0.006451612903225823,0.04285714285714293,0.04285714285714293,-0.022222222222222143,0.04617834394904463,0.04617834394904463,-0.019108280254777066,0.04952076677316297,0.04952076677316297,-0.015974440894568676
4804,2025-08-05,2025-08-06,2025-08-19,10,因連續3個營業日達本中心作業要點第四條第一項第一款,0.014778325123152802,-0.014563106796116498,-0.016748768472906406,-0.016748768472906406,0.014778325123152802,-0.016748768472906406,0.0,-0.028301886792452713,-0.058490566037735725,-0.04245283018867918,-0.009615384615384581,-0.04038461538461535,-0.024038461538461564,0.009803921568627638,-0.021568627450980316,-0.004901960784313597,0.0607621009268795,0.02780638516992795,0.04531410916580847,-0.014354066985645786,-0.04497607655502378,-0.028708133971291794,-0.004830917874396046,-0.03574879227053129,-0.019323671497584516
4807,2026-06-05,2026-06-08,2026-06-22,10,連續三次,0.2450424929178472,-0.028441410693970437,0.01990632318501162,0.2337110481586402,0.2450424929178472,0.2337110481586402,0.20963172804532593,0.2983751846381093,0.28655834564254046,0.26144756277695724,0.32779456193353473,0.3157099697885195,0.29003021148036257,0.21914008321775325,0.20804438280166426,0.18446601941747587,0.10427135678391974,0.0942211055276383,0.07286432160804024,0.05903614457831341,0.04939759036144564,0.028915662650602414,-0.042483660130718914,-0.0511982570806101,-0.06971677559912848
4905,2026-03-24,2026-03-25,2026-04-09,10,因連續3個營業日達本中心作業要點第四條第一項第一款,-0.010588235294117676,0.014268727705113005,-0.021101992966002348,-0.01764705882352946,-0.010588235294117676,-0.01764705882352946,0.003529411764705781,-0.019813519813519864,-0.02680652680652673,-0.005827505827505797,-0.004733727810650956,-0.011834319526627168,0.00946745562130169,-0.03555045871559648,-0.04243119266055051,-0.021788990825688193,0.0023837902264598476,-0.00476758045292025,0.016686531585220488,0.05125000000000002,0.043749999999999956,0.06624999999999992,0.044720496894409933,0.037267080745341685,0.05962732919254665
4908,2026-04-15,2026-04-16,2026-04-29,10,因連續3個營業日達本中心作業要點第四條第一項第一款,0.3299319727891157,0.01790281329923271,0.07537688442211055,0.45578231292517013,0.3299319727891157,0.45578231292517013,0.3537414965986394,0.14662756598240478,0.25513196480938416,0.16715542521994142,0.04266666666666663,0.1413333333333333,0.06133333333333324,-0.050970873786407744,0.03883495145631066,-0.03398058252427183,0.012953367875647714,0.10880829015544036,0.031088082901554515,-0.06904761904761902,0.01904761904761898,-0.05238095238095242,0.08611111111111103,0.18888888888888888,0.10555555555555562
4908,2026-04-20,2026-04-21,2026-05-05,10,因連續3個營業日達本中心作業要點第四條第一項第一款,0.21359223300970864,0.07000000000000006,-0.07850467289719631,0.19660194174757284,0.21359223300970864,0.19660194174757284,0.29854368932038833,0.2953367875647668,0.2772020725388602,0.38601036269430056,0.19047619047619047,0.17380952380952386,0.2738095238095237,0.38888888888888884,0.36944444444444446,0.48611111111111116,0.4285714285714286,0.4085714285714286,0.5285714285714285,0.47058823529411775,0.44999999999999996,0.5735294117647058,0.37362637362637363,0.35439560439560447,0.4697802197802199
4908,2026-05-06,2026-05-07,2026-05-20,10,因連續3個營業日達本中心作業要點第四條第一項第一款,0.040000000000000036,0.022267206477732726,-0.03762376237623766,0.023157894736842044,0.040000000000000036,0.023157894736842044,0.06315789473684208,0.03563941299790363,0.018867924528301883,0.05870020964360578,0.051063829787234116,0.03404255319148941,0.07446808510638303,0.06008583690987135,0.0429184549356223,0.08369098712446355,0.04883227176220806,0.031847133757961776,0.0721868365180467,0.010224948875255713,-0.006134969325153339,0.0327198364008181,0.008163265306122547,-0.008163265306122436,0.030612244897959107
4916,2026-05-25,2026-05-26,2026-06-08,10,連續三次,0.15999999999999992,0.01724137931034475,0.012711864406779627,0.19500000000000006,0.15999999999999992,0.19500000000000006,0.17999999999999994,0.13170731707317063,0.1658536585365853,0.15121951219512186,0.13725490196078427,0.17156862745098045,0.15686274509803932,0.07407407407407418,0.1064814814814814,0.09259259259259256,-0.008547008547008517,0.02136752136752129,0.008547008547008517,0.0,0.030172413793103425,0.01724137931034475,-0.033333333333333326,-0.004166666666666652,-0.01666666666666672
4919,2026-04-21,2026-04-22,2026-05-06,10,連續三次,0.08783783783783794,0.006211180124223503,0.09259259259259256,0.19594594594594605,0.08783783783783794,0.19594594594594605,0.09459459459459452,0.012578616352201255,0.1132075471698113,0.018867924528301883,0.0662251655629138,0.17218543046357615,0.07284768211920523,0.10273972602739723,0.21232876712328763,0.1095890410958904,0.1338028169014085,0.2464788732394365,0.14084507042253525,0.12195121951219523,0.23344947735191646,0.12891986062717775,0.09523809523809534,0.20408163265306123,0.1020408163265305
4919,2026-05-27,2026-05-28,2026-06-10,10,連續三次,-0.20100502512562812,0.04716981132075482,0.03603603603603611,-0.1331658291457286,-0.20100502512562812,-0.1331658291457286,-0.16331658291457285,-0.19289340101522845,-0.12436548223350252,-0.15482233502538068,-0.20300751879699253,-0.13533834586466165,-0.16541353383458646,-0.25874125874125875,-0.19580419580419584,-0.22377622377622375,-0.2517647058823529,-0.18823529411764706,-0.21647058823529408,-0.20499999999999996,-0.13749999999999996,-0.16749999999999998,-0.13586956521739135,-0.0625,-0.09510869565217395
4923,2026-06-23,2026-06-24,2026-07-07,10,因連續3個營業日達本中心作業要點第四條第一項第一款,0.006655574043261225,0.0033057851239670644,0.09555189456342661,0.1064891846921796,0.006655574043261225,0.1064891846921796,0.009983361064891838,-0.009819967266775809,0.08837970540098206,-0.006546644844517169,0.03418803418803429,0.1367521367521367,0.037606837606837695,0.04490500863557867,0.14853195164075994,0.04835924006908465,0.08422939068100366,0.19175627240143367,0.08781362007168458,0.008333333333333304,0.10833333333333339,0.011666666666666714,0.0185185185185186,0.1195286195286196,0.021885521885522063
4927,2026-03-02,2026-03-03,2026-03-16,10,連續三次,-0.039445628997867854,0.04328523862375144,0.05425531914893611,0.056503198294242996,-0.039445628997867854,0.056503198294242996,0.002132196162046851,-0.020652173913043526,0.07717391304347809,0.021739130434782705,-0.01206140350877205,0.08662280701754366,0.030701754385964897,0.0011111111111110628,0.10111111111111115,0.04444444444444451,0.08554216867469866,0.1939759036144577,0.1325301204819278,0.04524361948955913,0.14965197215777248,0.09048723897911826,0.04524361948955913,0.14965197215777248,0.09048723897911826
4931,2025-08-29,2025-09-01,2025-09-12,10,最近10個營業日內有6個營業日,0.033434650455927084,-0.020588235294117685,-0.08108108108108103,-0.06990881458966569,0.033434650455927084,-0.06990881458966569,0.012158054711246091,0.0658307210031348,-0.040752351097178674,0.043887147335423204,0.14864864864864868,0.03378378378378377,0.125,0.10032362459546929,-0.009708737864077666,0.07766990291262132,0.1333333333333333,0.020000000000000018,0.1100000000000001,0.042944785276073594,-0.06134969325153372,0.021472392638036908,0.0625,-0.043749999999999956,0.04062499999999991
4931,2025-12-04,2025-12-05,2025-12-22,12,連續5個營業日及沖銷標準,0.12130177514792906,-0.01846965699208447,-0.043010752688172005,0.053254437869822535,0.12130177514792906,0.053254437869822535,0.10059171597633143,0.12797619047619047,0.059523809523809534,0.1071428571428572,0.13134328358208958,0.0626865671641792,0.11044776119402977,0.12130177514792906,0.053254437869822535,0.10059171597633143,0.08595988538681953,0.02005730659025784,0.0659025787965617,0.06460674157303381,0.0,0.04494382022471921,0.09537572254335269,0.028901734104046284,0.07514450867052025
4931,2025-12-23,2025-12-24,2026-01-08,10,最近10個營業日內有6個營業日,-0.06703910614525144,0.008982035928143617,0.014836795252225476,-0.04469273743016755,-0.06703910614525144,-0.04469273743016755,-0.05865921787709494,-0.07479224376731297,-0.052631578947368474,-0.06648199445983383,-0.05649717514124297,-0.03389830508474578,-0.04802259887005644,-0.061797752808988804,-0.0393258426966292,-0.053370786516853896,-0.08241758241758246,-0.06043956043956045,-0.07417582417582413,-0.08241758241758246,-0.06043956043956045,-0.07417582417582413,-0.08743169398907102,-0.06557377049180324,-0.0792349726775956
4939,2026-04-21,2026-04-22,2026-05-06,10,因連續3個營業日達本中心作業要點第四條第一項第一款,-0.05494505494505497,-0.018604651162790642,0.035545023696682554,-0.03956043956043953,-0.05494505494505497,-0.03956043956043953,-0.07252747252747249,-0.06521739130434778,-0.04999999999999993,-0.08260869565217388,-0.02934537246049651,-0.013544018058690654,-0.04740406320541746,0.029940119760478945,0.04670658682634743,0.010778443113772518,0.06172839506172845,0.07901234567901239,0.041975308641975406,-0.011494252873563204,0.0045977011494253706,-0.029885057471264354,-0.06420021762785644,-0.04896626768226331,-0.08161044613710555
4943,2025-03-24,2025-03-25,2025-04-09,10,連續三次,-0.12133891213389114,0.08571428571428585,-0.00877192982456132,-0.05439330543933041,-0.12133891213389114,-0.05439330543933041,-0.046025104602510414,-0.21052631578947367,-0.15037593984962405,-0.1428571428571429,-0.16666666666666663,-0.10317460317460314,-0.09523809523809523,-0.25795053003533575,-0.20141342756183744,-0.19434628975265023,-0.2279411764705882,-0.16911764705882348,-0.16176470588235292,-0.18918918918918914,-0.12741312741312727,-0.11969111969111956,-0.18604651162790697,-0.12403100775193798,-0.11627906976744184
4946,2025-02-12,2025-02-13,2025-02-26,10,因連續3個營業日達本中心作業要點第四條第一項第一款,0.14392803598200898,0.017038007863695803,-0.046391752577319534,0.10944527736131926,0.14392803598200898,0.10944527736131926,0.1634182908545725,0.07162921348314599,0.0393258426966292,0.08988764044943798,0.24267100977198686,0.2052117263843649,0.26384364820846895,0.156060606060606,0.1212121212121211,0.17575757575757578,0.15957446808510634,0.12462006079027366,0.1793313069908815,0.09942363112391917,0.06628242074927937,0.11815561959654164,0.003947368421052699,-0.02631578947368418,0.021052631578947212
4946,2025-03-13,2025-03-14,2025-03-27,10,因連續3個營業日達本中心作業要點第四條第一項第一款,-0.08717434869739482,-0.08891328210757399,0.0,-0.16833667334669333,-0.08717434869739482,-0.16833667334669333,-0.16833667334669333,0.014476614699331813,-0.07572383073496658,-0.07572383073496658,-0.08625877632898704,-0.16750250752256768,-0.16750250752256768,-0.11980676328502426,-0.19806763285024154,-0.19806763285024154,-0.09353233830845775,-0.17412935323383083,-0.17412935323383083,-0.08900000000000008,-0.17000000000000004,-0.17000000000000004,-0.0980198019801981,-0.17821782178217827,-0.17821782178217827
4946,2025-05-06,2025-05-07,2025-05-20,10,因連續3個營業日達本中心作業要點第四條第一項第一款,-0.011600928074245953,0.021126760563380254,0.07586206896551717,0.08584686774941996,-0.011600928074245953,0.08584686774941996,0.009280742459396807,0.014285714285714235,0.11428571428571432,0.03571428571428581,0.0,0.09859154929577474,0.021126760563380254,0.06766917293233088,0.1729323308270676,0.09022556390977443,0.16393442622950816,0.278688524590164,0.18852459016393452,0.08396946564885499,0.19083969465648853,0.10687022900763354,0.0923076923076922,0.19999999999999996,0.11538461538461542
4946,2025-05-26,2025-05-27,2025-06-10,10,因連續3個營業日達本中心作業要點第四條第一項第一款,-0.09956709956709953,-0.009615384615384581,-0.03398058252427183,-0.1385281385281385,-0.09956709956709953,-0.1385281385281385,-0.10822510822510822,-0.03703703703703709,-0.07870370370370372,-0.04629629629629628,-0.05882352941176472,-0.09954751131221717,-0.0678733031674208,-0.03703703703703709,-0.07870370370370372,-0.04629629629629628,0.07216494845360821,0.025773195876288568,0.061855670103092786,0.07772020725388606,0.031088082901554515,0.06735751295336789,0.02970297029702973,-0.014851485148514865,0.01980198019801982
4949,2025-03-27,2025-03-28,2025-04-14,10,連續五次,-0.10344827586206895,0.024615384615384484,0.07357357357357364,-0.01379310344827589,-0.10344827586206895,-0.01379310344827589,-0.0813793103448277,-0.019607843137254832,0.07843137254901955,0.004524886877828038,-0.09722222222222221,-0.00694444444444442,-0.07500000000000007,-0.1875,-0.10624999999999996,-0.1675000000000001,-0.06069364161849711,0.03323699421965309,-0.037572254335260236,0.043338683788122,0.1476725521669342,0.0690208667736758,-0.06069364161849711,0.03323699421965309,-0.037572254335260236
4949,2026-04-15,2026-04-16,2026-04-29,10,連續三次,0.16345062429057888,-0.004878048780487809,0.03431372549019618,0.19750283768444965,0.16345062429057888,0.19750283768444965,0.15777525539160053,0.151685393258427,0.1853932584269662,0.146067415730337,0.11899563318777306,0.15174672489082974,0.11353711790393017,0.13134657836644603,0.16445916114790293,0.1258278145695364,0.14525139664804465,0.17877094972067042,0.13966480446927365,0.07105538140020906,0.10240334378265414,0.0658307210031348,0.15819209039548032,0.192090395480226,0.15254237288135597
4951,2026-05-04,2026-05-05,2026-05-18,10,因連續3個營業日達本中心作業要點第四條第一項第一款,-0.06538461538461537,0.0,-0.03703703703703709,-0.09999999999999998,-0.06538461538461537,-0.09999999999999998,-0.06538461538461537,-0.07954545454545459,-0.11363636363636365,-0.07954545454545459,-0.06896551724137934,-0.10344827586206895,-0.06896551724137934,-0.05813953488372092,-0.09302325581395354,-0.05813953488372092,0.021008403361344463,-0.01680672268907568,0.021008403361344463,-0.012195121951219523,-0.04878048780487809,-0.012195121951219523,-0.06538461538461537,-0.09999999999999998,-0.06538461538461537
4951,2026-05-07,2026-05-08,2026-05-21,10,因連續3個營業日達本中心作業要點第四條第一項第一款,0.027131782945736482,0.01132075471698113,0.04477611940298498,0.0852713178294573,0.027131782945736482,0.0852713178294573,0.03875968992248069,0.11344537815126055,0.17647058823529416,0.12605042016806722,0.0772357723577235,0.1382113821138211,0.08943089430894302,0.019230769230769162,0.07692307692307687,0.03076923076923066,0.03515625,0.09375,0.046875,0.019230769230769162,0.07692307692307687,0.03076923076923066,0.0950413223140496,0.15702479338842967,0.1074380165289257
4956,2026-04-21,2026-04-22,2026-05-06,10,連續三次,-0.09433962264150941,-0.023958333333333304,0.12700106723585902,-0.0037735849056603765,-0.09433962264150941,-0.0037735849056603765,-0.11603773584905652,-0.101123595505618,-0.011235955056179803,-0.12265917602996246,-0.030303030303030276,0.06666666666666665,-0.05353535353535355,0.04347826086956519,0.14782608695652177,0.018478260869565277,0.03336921420882666,0.13670613562970924,0.008611410118406937,-0.010309278350515427,0.0886597938144329,-0.03402061855670102,-0.04950495049504955,0.045544554455445585,-0.07227722772277223
4958,2026-05-27,2026-05-28,2026-06-10,10,連續三次,-0.03646833013435702,0.013944223107569709,0.03929273084479368,0.015355086372360827,-0.03646833013435702,0.015355086372360827,-0.02303262955854124,-0.003968253968253954,0.04960317460317465,0.009920634920634885,-0.07380073800738007,-0.023985239852398532,-0.06088560885608851,-0.08394160583941601,-0.034671532846715314,-0.07116788321167888,-0.027131782945736482,0.025193798449612448,-0.013565891472868241,0.026584867075664542,0.08179959100204504,0.04089979550102241,0.04583333333333339,0.1020833333333333,0.06041666666666656
4960,2026-03-16,2026-03-17,2026-03-30,10,連續三次,-0.0036900369003690647,-0.03703703703703709,-0.06538461538461537,-0.10332103321033215,-0.0036900369003690647,-0.10332103321033215,-0.040590405904059046,0.026615969581748944,-0.07604562737642584,-0.011406844106463865,0.003717472118959231,-0.09665427509293678,-0.03345724907063197,0.016949152542372836,-0.0847457627118644,-0.020715630885122405,0.08000000000000007,-0.028000000000000025,0.040000000000000036,0.06299212598425208,-0.04330708661417315,0.023622047244094446,0.06930693069306937,-0.037623762376237546,0.02970297029702973
4960,2026-04-17,2026-04-20,2026-05-04,10,連續三次,0.051075268817204256,0.0,0.08951406649616378,0.14516129032258052,0.051075268817204256,0.14516129032258052,0.051075268817204256,-0.0333745364647714,0.05315203955500625,-0.0333745364647714,-0.0980392156862745,-0.01730103806228378,-0.0980392156862745,-0.1716101694915254,-0.09745762711864414,-0.1716101694915254,-0.020050125313283096,0.06766917293233088,-0.020050125313283096,-0.022499999999999964,0.06499999999999995,-0.022499999999999964,0.045454545454545636,0.13903743315508033,0.045454545454545636
4960,2026-04-22,2026-04-23,2026-05-07,10,連續三次,-0.07415254237288138,0.0,-0.09954233409610991,-0.16631355932203395,-0.07415254237288138,-0.16631355932203395,-0.07415254237288138,0.09523809523809534,-0.013784461152882121,0.09523809523809534,0.09250000000000003,-0.016249999999999987,0.09250000000000003,0.1684491978609628,0.05213903743315518,0.1684491978609628,0.14848883048620243,0.03416557161629452,0.14848883048620243,0.09798994974874398,-0.011306532663316493,0.09798994974874398,0.07503075030750317,-0.03198031980319793,0.07503075030750317
4966,2026-05-14,2026-05-15,2026-05-28,10,因連續3個營業日達本中心作業要點第四條第一項第一款,0.03936039360393595,0.024852071005917242,-0.036951501154734445,0.02583025830258312,0.03936039360393595,0.02583025830258312,0.06519065190651907,0.07780612244897966,0.06377551020408156,0.10459183673469385,0.1296791443850267,0.11497326203208558,0.15775401069518713,0.14035087719298245,0.1255060728744939,0.1686909581646423,0.07643312101910826,0.06242038216560508,0.10318471337579616,0.04579207920792072,0.03217821782178221,0.07178217821782185,0.06423173803526439,0.05037783375314864,0.09068010075566746
4967,2025-10-15,2025-10-16,2025-11-03,12,連續三次及當日沖銷標準,0.1422764227642277,0.01067615658362997,-0.10915492957746475,0.028455284552845628,0.1422764227642277,0.028455284552845628,0.15447154471544722,0.10629921259842523,-0.003937007874015741,0.11811023622047245,0.0725190839694656,-0.03435114503816794,0.08396946564885499,0.0807692307692307,-0.02692307692307694,0.0923076923076922,0.11067193675889331,0.0,0.12252964426877466,0.10196078431372557,-0.007843137254901933,0.11372549019607847,0.040740740740740744,-0.062962962962963,0.051851851851851816
4967,2026-01-12,2026-01-13,2026-01-26,10,最近十個營業日已有六次,0.11910669975186106,0.0,0.0997782705099779,0.23076923076923084,0.11910669975186106,0.23076923076923084,0.11910669975186106,0.15938303341902316,0.27506426735218503,0.15938303341902316,0.16237113402061865,0.2783505154639174,0.16237113402061865,0.12749999999999995,0.24,0.12749999999999995,0.07380952380952377,0.18095238095238098,0.07380952380952377,0.10810810810810811,0.21867321867321876,0.10810810810810811,0.09200968523002429,0.2009685230024214,0.09200968523002429
4971,2025-02-13,2025-02-14,2025-02-27,10,因連續3個營業日達本中心作業要點第四條第一項第一款,0.003058103975535076,0.0,0.030487804878048808,0.033639143730886945,0.003058103975535076,0.033639143730886945,0.003058103975535076,0.028213166144200663,0.059561128526645746,0.028213166144200663,-0.03529411764705881,-0.00588235294117645,-0.03529411764705881,-0.06017191977077363,-0.03151862464183386,-0.06017191977077363,-0.09890109890109888,-0.0714285714285714,-0.09890109890109888,-0.12064343163538871,-0.09383378016085786,-0.12064343163538871,-0.11111111111111116,-0.0840108401084011,-0.11111111111111116
4971,2025-02-18,2025-02-19,2025-03-07,12,連續3個營業日及沖銷標準,-0.0630372492836676,-0.012232415902140636,-0.08668730650154799,-0.1547277936962751,-0.0630372492836676,-0.1547277936962751,-0.07449856733524352,-0.10164835164835162,-0.18956043956043955,-0.11263736263736268,-0.1233243967828418,-0.2091152815013405,-0.13404825737265413,-0.11382113821138207,-0.20054200542005418,-0.12466124661246614,-0.09166666666666667,-0.18055555555555558,-0.10277777777777775,-0.08403361344537819,-0.1736694677871149,-0.09523809523809523,-0.0630372492836676,-0.1547277936962751,-0.07449856733524352
4971,2025-12-19,2025-12-22,2026-01-06,10,最近10個營業日內有6個營業日,0.03645833333333326,0.018425460636515956,-0.02631578947368418,0.02777777777777768,0.03645833333333326,0.02777777777777768,0.05555555555555558,0.025773195876288568,0.01718213058419238,0.04467353951890041,0.005050505050504972,-0.0033670033670033517,0.023569023569023573,-0.0016722408026755842,-0.010033444816053505,0.01672240802675584,-0.027687296416938123,-0.03583061889250816,-0.009771986970684043,0.017035775127768327,0.008517887563884052,0.035775127768313375,-0.04019292604501612,-0.048231511254019255,-0.022508038585209
4971,2026-02-04,2026-02-05,2026-03-04,12,連續5個營業日及沖銷標準,0.13636363636363646,0.06444444444444453,-0.11169102296450939,0.07449494949494939,0.13636363636363646,0.07449494949494939,0.20959595959595956,0.19999999999999996,0.1346666666666667,0.27733333333333343,0.1479591836734695,0.0854591836734695,0.22193877551020402,0.10565110565110558,0.045454545454545414,0.1769041769041768,0.12219451371571077,0.061097256857855387,0.1945137157107233,0.0948905109489051,0.035279805352798066,0.16545012165450124,0.06888361045130642,0.010688836104512989,0.13776722090261284
4971,2026-03-11,2026-03-12,2026-03-25,10,連續5個營業日,0.031216361679224924,0.039665970772442494,0.05622489959839361,0.132400430570506,0.031216361679224924,0.132400430570506,0.07212055974165765,0.15006002400960394,0.26290516206482595,0.19567827130852344,0.0010449320794148065,0.09926854754440972,0.040752351097178785,0.03010752688172036,0.13118279569892466,0.07096774193548394,0.1036866359447004,0.21198156682027647,0.14746543778801846,0.07640449438202257,0.18202247191011245,0.11910112359550551,-0.011351909184726505,0.08565531475748189,0.02786377708978338
4971,2026-03-31,2026-04-01,2026-04-20,12,連續3個營業日及沖銷標準,0.45344827586206904,0.06761565836298922,-0.03111111111111109,0.5034482758620689,0.45344827586206904,0.5034482758620689,0.5517241379310345,0.45344827586206904,0.5034482758620689,0.5517241379310345,0.4191919191919191,0.468013468013468,0.5151515151515151,0.3151326053042123,0.36037441497659906,0.40405616224648977,0.31718749999999996,0.36250000000000004,0.40625,0.31718749999999996,0.36250000000000004,0.40625,0.32339089481946615,0.36891679748822614,0.41287284144426994
4971,2026-04-24,2026-04-27,2026-05-11,10,連續5個營業日,-0.0027586206896551557,0.08852005532503449,0.010165184243964509,0.096551724137931,-0.0027586206896551557,0.096551724137931,0.08551724137931038,0.06952662721893499,0.17603550295857984,0.16420118343195256,-0.02297297297297296,0.07432432432432434,0.06351351351351342,-0.06709677419354843,0.02580645161290329,0.015483870967741842,-0.12996389891696747,-0.04332129963898912,-0.05294825511432011,-0.11829268292682926,-0.030487804878048808,-0.040243902439024426,-0.11721611721611724,-0.02930402930402931,-0.039072039072039044
4971,2026-05-18,2026-05-19,2026-06-01,10,連續5個營業日,0.11756373937677056,0.032953105196451116,-0.12760736196319022,0.007082152974504208,0.11756373937677056,0.007082152974504208,0.15439093484419253,0.24447949526813884,0.12145110410094628,0.2854889589905363,0.1418234442836468,0.02894356005788712,0.1794500723589001,0.04089709762532978,-0.06200527704485492,0.07519788918205794,0.030026109660574507,-0.07180156657963443,0.06396866840731064,0.052000000000000046,-0.052000000000000046,0.08666666666666667,0.012836970474968012,-0.0872913992297818,0.046213093709884356
4973,2026-03-16,2026-03-17,2026-03-30,10,因連續3個營業日達本中心作業要點第四條第一項第一款,-0.16604708798017354,-0.06686478454680533,-0.015923566878980888,-0.23420074349442388,-0.16604708798017354,-0.23420074349442388,-0.2218091697645601,-0.2463605823068309,-0.3079507278835386,-0.29675251959686455,-0.30690010298661174,-0.3635427394438723,-0.35324407826982496,-0.314663951120163,-0.37067209775967414,-0.36048879837067216,-0.15452261306532666,-0.22361809045226133,-0.21105527638190957,-0.1772616136919315,-0.24449877750611249,-0.23227383863080686,-0.06136680613668066,-0.13807531380753146,-0.12412831241283129
4973,2026-03-19,2026-03-20,2026-04-02,10,因連續3個營業日達本中心作業要點第四條第一項第一款,-0.3075356415478615,0.09117647058823541,-0.0660377358490567,-0.2942973523421589,-0.3075356415478615,-0.2942973523421589,-0.24439918533604887,-0.14572864321608037,-0.12939698492462304,-0.0678391959798994,-0.16870415647921755,-0.15281173594132025,-0.09290953545232272,-0.051603905160390595,-0.03347280334728042,0.03486750348675027,-0.013062409288824517,0.005805515239477366,0.07692307692307687,0.14864864864864868,0.17060810810810811,0.2533783783783783,0.11292962356792136,0.13420621931260213,0.21440261865793775
4973,2026-06-01,2026-06-02,2026-06-15,10,因連續3個營業日達本中心作業要點第四條第一項第一款,0.36363636363636354,0.0,-0.0976190476190476,0.23051948051948057,0.36363636363636354,0.23051948051948057,0.36363636363636354,0.22093023255813948,0.10174418604651159,0.22093023255813948,0.22807017543859653,0.10818713450292394,0.22807017543859653,0.21037463976945237,0.09221902017291073,0.21037463976945237,0.35922330097087385,0.22653721682847894,0.35922330097087385,0.26126126126126126,0.13813813813813813,0.26126126126126126,0.126005361930295,0.01608579088471851,0.126005361930295
4979,2026-03-02,2026-03-03,2026-03-16,10,連續5個營業日,-0.09915611814345993,0.0,-0.07494145199063229,-0.16666666666666663,-0.09915611814345993,-0.16666666666666663,-0.09915611814345993,-0.017261219792865323,-0.09090909090909094,-0.017261219792865323,-0.02511415525114158,-0.09817351598173518,-0.02511415525114158,0.10909090909090913,0.025974025974025983,0.10909090909090913,0.25036603221083453,0.15666178623718885,0.25036603221083453,0.1927374301675977,0.1033519553072626,0.1927374301675977,0.1698630136986301,0.08219178082191791,0.1698630136986301
4979,2026-03-26,2026-03-27,2026-04-13,10,連續5個營業日,0.22691292875989455,0.048387096774193505,-0.00512820512820511,0.27968337730870707,0.22691292875989455,0.27968337730870707,0.2862796833773087,0.22047244094488194,0.27296587926509197,0.27952755905511806,0.24331550802139046,0.29679144385026746,0.303475935828877,0.24331550802139046,0.29679144385026746,0.303475935828877,0.1832061068702291,0.23409669211195938,0.24045801526717558,0.1757269279393172,0.22629582806573967,0.23261694058154236,0.0714285714285714,0.11751152073732718,0.12327188940092171
4979,2026-04-20,2026-04-21,2026-05-05,10,因連續3個營業日達本中心作業要點第四條第一項第一款,0.01412429378531077,0.03760445682451263,-0.05637583892617448,-0.007062146892655385,0.01412429378531077,-0.007062146892655385,0.05225988700564965,0.12187499999999996,0.09843749999999996,0.1640625,0.11664074650077771,0.09331259720062213,0.1586314152410575,0.24869565217391298,0.222608695652174,0.29565217391304355,0.18092105263157898,0.15625,0.22532894736842102,0.3320964749536177,0.3042671614100185,0.3821892393320965,0.3054545454545454,0.2781818181818181,0.3545454545454545
4979,2026-05-12,2026-05-13,2026-05-26,10,連續5個營業日,0.10389610389610393,0.014705882352941124,-0.08985507246376812,0.01948051948051943,0.10389610389610393,0.01948051948051943,0.12012987012987009,0.0793650793650793,-0.0031746031746031633,0.09523809523809534,0.1333333333333333,0.046666666666666634,0.1499999999999999,0.3438735177865613,0.24110671936758887,0.36363636363636354,0.2569316081330868,0.16081330868761556,0.27541589648798515,0.30019120458891013,0.20076481835564053,0.31931166347992357,0.17443868739205537,0.08462867012089803,0.1917098445595855
4979,2026-06-02,2026-06-03,2026-06-16,10,連續5個營業日,-0.1288343558282209,-0.04929577464788737,0.011111111111111072,-0.16257668711656437,-0.1288343558282209,-0.16257668711656437,-0.17177914110429449,-0.06270627062706269,-0.09900990099009899,-0.1089108910891089,0.032727272727272716,-0.0072727272727273196,-0.018181818181818188,0.05772811918063314,0.016759776536312776,0.005586592178770999,0.02898550724637672,-0.010869565217391353,-0.021739130434782594,0.07169811320754715,0.030188679245283012,0.018867924528301883,0.18087318087318094,0.1351351351351351,0.12266112266112272
4979,2026-07-29,2026-07-30,2026-08-07,7,連續5個營業日及沖銷標準,0.40634005763688763,0.05942622950819665,0.03675048355899424,0.5446685878962536,0.40634005763688763,0.5446685878962536,0.48991354466858783,0.2825229960578186,0.40867279894875175,0.3587385019710907,0.31359353970390313,0.4427994616419919,0.3916554508748318,0.14823529411764702,0.26117647058823534,0.2164705882352942,-0.008130081300813052,0.08943089430894302,0.05081300813008127,0.032804232804232836,0.13439153439153428,0.09417989417989414,-0.012145748987854255,0.08502024291497978,0.046558704453441235
4989,2025-07-24,2025-07-25,2025-08-07,10,連續三次,-0.057446808510638325,-0.02934537246049651,0.13255813953488382,0.036170212765957555,-0.057446808510638325,0.036170212765957555,-0.08510638297872342,-0.043196544276457916,0.05183585313174954,-0.07127429805615548,-0.08091286307053958,0.010373443983402453,-0.10788381742738595,-0.057446808510638325,0.036170212765957555,-0.08510638297872342,-0.057446808510638325,0.036170212765957555,-0.08510638297872342,-0.036956521739130443,0.05869565217391304,-0.06521739130434778,-0.06736842105263163,0.025263157894736876,-0.09473684210526312
4989,2025-08-18,2025-08-19,2025-09-01,10,連續三次,-0.09139784946236573,0.022189349112426093,-0.08393632416787267,-0.14919354838709686,-0.09139784946236573,-0.14919354838709686,-0.0712365591397851,-0.11979166666666674,-0.17578125,-0.10026041666666674,-0.09383378016085797,-0.15147453083109919,-0.07372654155495983,-0.10935441370223997,-0.16600790513834007,-0.0895915678524376,-0.01024890190336758,-0.07320644216691075,0.01171303074670571,0.09385113268608403,0.024271844660194164,0.11812297734627819,0.059561128526645746,-0.00783699059561127,0.08307210031347956
4989,2025-10-13,2025-10-14,2025-10-28,10,連續三次,-0.05968331303288665,0.050518134715025864,0.04685573366214557,0.03410475030450688,-0.05968331303288665,0.03410475030450688,-0.01218026796589522,0.043243243243243246,0.14729729729729746,0.09594594594594597,0.03208556149732633,0.13502673796791465,0.08422459893048129,0.06925207756232687,0.17590027700831024,0.12326869806094165,0.0934844192634563,0.20254957507082172,0.14872521246458925,0.06043956043956045,0.16620879120879128,0.11401098901098905,0.12372634643377012,0.23580786026200884,0.18049490538573498
4989,2026-04-16,2026-04-17,2026-04-30,10,連續三次,0.102439024390244,0.053097345132743445,-0.134453781512605,0.004878048780487809,0.102439024390244,0.004878048780487809,0.16097560975609748,0.05607476635514019,-0.03738317757009346,0.11214953271028039,0.03669724770642202,-0.05504587155963303,0.09174311926605494,0.07109004739336489,-0.023696682464455,0.12796208530805697,-0.06611570247933884,-0.14876033057851235,-0.016528925619834656,0.0,-0.08849557522123896,0.053097345132743445,0.03196347031963476,-0.05936073059360736,0.08675799086757996
4991,2025-07-16,2025-07-17,2025-08-01,12,連續5個營業日及沖銷標準,0.05312500000000009,-0.017804154302670572,-0.030211480362537735,0.0031250000000000444,0.05312500000000009,0.0031250000000000444,0.034375000000000044,0.09771986970684043,0.0456026058631922,0.07817589576547235,0.0836012861736335,0.03215434083601276,0.06430868167202575,0.09061488673139162,0.03883495145631066,0.07119741100323629,0.15807560137457055,0.10309278350515472,0.13745704467353947,0.17832167832167833,0.12237762237762229,0.1573426573426573,0.11589403973509937,0.0629139072847682,0.0960264900662251
4991,2025-08-13,2025-08-14,2025-08-27,10,最近10個營業日內有6個營業日,0.08695652173913038,0.011428571428571344,-0.07062146892655363,0.021739130434782705,0.08695652173913038,0.021739130434782705,0.0993788819875776,0.08695652173913038,0.021739130434782705,0.0993788819875776,0.10759493670886067,0.04113924050632911,0.120253164556962,0.05740181268882183,-0.0060422960725075026,0.06948640483383683,0.09717868338557989,0.03134796238244508,0.10971786833855801,0.10759493670886067,0.04113924050632911,0.120253164556962,0.1326860841423949,0.06472491909385103,0.14563106796116498
4991,2025-09-03,2025-09-04,2025-09-17,10,連續5個營業日,0.0228013029315961,0.02547770700636942,-0.04347826086956519,0.0032573289902280145,0.0228013029315961,0.0032573289902280145,0.04885993485342022,0.06802721088435382,0.04761904761904767,0.09523809523809534,0.060810810810810745,0.04054054054054057,0.08783783783783794,0.0228013029315961,0.0032573289902280145,0.04885993485342022,0.012903225806451646,-0.006451612903225823,0.03870967741935494,-0.009463722397476393,-0.028391167192429068,0.01577287066246047,-0.01567398119122254,-0.03448275862068961,0.00940438871473348
4991,2025-11-06,2025-11-07,2025-11-24,12,連續5個營業日及沖銷標準,-0.018633540372670843,0.025316455696202445,0.0185185185185186,0.024844720496894457,-0.018633540372670843,0.024844720496894457,0.006211180124223503,-0.03658536585365857,0.0060975609756097615,-0.012195121951219523,-0.05671641791044779,-0.014925373134328401,-0.032835820895522394,-0.048192771084337394,-0.0060240963855421326,-0.02409638554216864,-0.05105105105105101,-0.009009009009009028,-0.027027027027026973,-0.030674846625766916,0.012269938650306678,-0.006134969325153339,-0.021671826625387025,0.021671826625387025,0.003095975232198178
4991,2025-12-04,2025-12-05,2025-12-18,10,最近10個營業日內有6個營業日,0.10185185185185186,0.04481792717086841,0.03217158176943702,0.18827160493827155,0.10185185185185186,0.18827160493827155,0.15123456790123457,0.09174311926605494,0.17737003058103973,0.1406727828746177,0.09174311926605494,0.17737003058103973,0.1406727828746177,0.02586206896551735,0.10632183908045967,0.07183908045977017,0.03179190751445082,0.11271676300578037,0.07803468208092479,0.04081632653061229,0.12244897959183665,0.08746355685131202,0.03179190751445082,0.11271676300578037,0.07803468208092479
4991,2025-12-26,2025-12-29,2026-01-12,10,因連續3個營業日達本中心作業要點第四條第一項第一款,0.01304347826086949,0.008583690987124415,-0.08936170212765959,-0.06956521739130439,0.01304347826086949,-0.06956521739130439,0.021739130434782705,0.07621247113163965,-0.011547344110854452,0.08545034642032334,0.06392694063926951,-0.022831050228310557,0.0730593607305936,0.02417582417582409,-0.05934065934065935,0.03296703296703307,0.00647948164146861,-0.0755939524838013,0.015118790496760237,0.0688073394495412,-0.01834862385321101,0.07798165137614688,0.04954954954954949,-0.036036036036036,0.05855855855855863
4991,2026-01-19,2026-01-20,2026-02-02,10,連續5個營業日,0.16919191919191912,0.0777537796976242,-0.03206412825651306,0.21969696969696972,0.16919191919191912,0.21969696969696972,0.26010101010101017,0.11298076923076916,0.1610576923076923,0.19951923076923084,0.10765550239234445,0.1555023923444976,0.19377990430622005,0.10765550239234445,0.1555023923444976,0.19377990430622005,0.13480392156862742,0.18382352941176472,0.2230392156862746,0.12652068126520688,0.17518248175182483,0.21411192214111918,0.06682027649769595,0.11290322580645151,0.14976958525345618
4991,2026-02-09,2026-02-10,2026-03-05,10,連續5個營業日,0.29824561403508776,-0.03903903903903905,0.07187499999999991,0.3372319688109162,0.29824561403508776,0.3372319688109162,0.24756335282651065,0.2857142857142858,0.32432432432432434,0.2355212355212355,0.21532846715328469,0.25182481751824826,0.16788321167883202,0.16027874564459932,0.19512195121951215,0.11498257839721249,0.04225352112676051,0.07355242566510167,0.0015649452269170805,0.009090909090909038,0.039393939393939315,-0.030303030303030276,-0.03197674418604646,-0.0029069767441860517,-0.06976744186046513
4991,2026-03-03,2026-03-04,2026-03-17,10,因連續3個營業日達本中心作業要點第四條第一項第一款,-0.06811594202898552,0.035769828926905056,0.06156156156156145,0.02463768115942022,-0.06811594202898552,0.02463768115942022,-0.034782608695652195,-0.09436619718309858,-0.004225352112676051,-0.06197183098591552,0.004687499999999956,0.10468750000000004,0.04062499999999991,0.040453074433656866,0.14401294498381878,0.07766990291262132,-0.009244992295839749,0.08936825885978439,0.026194144838212585,0.004687499999999956,0.10468750000000004,0.04062499999999991,-0.0301659125188537,0.06636500754147812,0.004524886877828038
4991,2026-03-26,2026-03-27,2026-04-13,10,連續5個營業日,0.46482412060301503,0.054888507718696466,0.009756097560975618,0.5603015075376885,0.46482412060301503,0.5603015075376885,0.5452261306532664,0.4150485436893203,0.5072815533980584,0.49271844660194164,0.42542787286063577,0.5183374083129584,0.5036674816625917,0.4048192771084338,0.4963855421686747,0.4819277108433735,0.34797687861271687,0.4358381502890174,0.4219653179190752,0.267391304347826,0.3500000000000001,0.3369565217391304,0.1476377952755905,0.2224409448818898,0.2106299212598426
4991,2026-04-14,2026-04-15,2026-04-28,10,因連續3個營業日達本中心作業要點第四條第一項第一款,0.011290322580645107,0.006379585326953707,-0.02535657686212356,-0.008064516129032251,0.011290322580645107,-0.008064516129032251,0.01774193548387104,0.029556650246305383,0.009852216748768461,0.03612479474548436,-0.0015923566878981443,-0.02070063694267521,0.004777070063694211,-0.0752212389380531,-0.09292035398230092,-0.06932153392330387,-0.13397790055248615,-0.15055248618784534,-0.12845303867403313,-0.10556348074179744,-0.12268188302425109,-0.09985734664764623,-0.12916666666666665,-0.14583333333333337,-0.12361111111111112
4991,2026-05-08,2026-05-11,2026-05-22,10,最近10個營業日內有6個營業日,0.2941176470588236,0.0626535626535627,-0.028901734104046284,0.33545310015898244,0.2941176470588236,0.33545310015898244,0.3751987281399045,0.12898751733703184,0.16504854368932032,0.1997226074895977,0.14647887323943665,0.18309859154929575,0.2183098591549295,0.11354309165526666,0.1491108071135432,0.1833105335157319,0.13687150837988837,0.17318435754189943,0.20810055865921795,0.29617834394904463,0.33757961783439483,0.3773885350318471,0.20592592592592585,0.24444444444444446,0.28148148148148144
4991,2026-06-17,2026-06-18,2026-07-02,10,連續5個營業日,-0.007547169811320753,-0.028517110266159662,0.13111545988258322,0.09056603773584904,-0.007547169811320753,0.09056603773584904,-0.03584905660377358,-0.07067137809187274,0.021201413427561766,-0.09717314487632511,-0.07067137809187274,0.021201413427561766,-0.09717314487632511,-0.018656716417910446,0.07835820895522394,-0.04664179104477617,-0.0852173913043478,0.00521739130434784,-0.111304347826087,-0.06071428571428572,0.03214285714285725,-0.08750000000000002,0.045725646123260466,0.14910536779324057,0.015904572564612307
4991,2026-07-29,2026-07-30,2026-08-07,7,連續5個營業日及沖銷標準,0.44859813084112155,0.053763440860215006,0.04285714285714293,0.5919003115264798,0.44859813084112155,0.5919003115264798,0.5264797507788161,0.3172804532577904,0.44759206798866846,0.38810198300283294,0.263586956521739,0.388586956521739,0.3315217391304348,0.1071428571428572,0.21666666666666656,0.16666666666666674,-0.008528784648187626,0.08955223880597019,0.04477611940298498,0.10059171597633143,0.20946745562130187,0.15976331360946738,0.04966139954853266,0.15349887133182838,0.10609480812641081
5227,2026-06-17,2026-06-18,2026-07-02,10,因連續3個營業日達本中心作業要點第四條第一項第一款,-0.11771844660194175,-0.0398899587345255,0.007163323782235054,-0.14684466019417486,-0.11771844660194175,-0.14684466019417486,-0.15291262135922334,-0.09124999999999994,-0.12125000000000008,-0.12750000000000006,-0.15758980301274617,-0.1853997682502897,-0.19119351100811122,-0.11341463414634145,-0.1426829268292683,-0.14878048780487807,-0.054616384915474714,-0.08582574772431739,-0.09232769830949294,-0.004109589041095818,-0.03698630136986303,-0.043835616438356206,0.043041606886657036,0.008608321377331363,0.0014347202295552641
5227,2026-06-23,2026-06-24,2026-07-07,10,因連續3個營業日達本中心作業要點第四條第一項第一款,-0.16219512195121943,-0.010189228529839944,-0.014705882352941124,-0.18292682926829273,-0.16219512195121943,-0.18292682926829273,-0.1707317073170732,-0.10663198959687914,-0.12873862158647598,-0.11573472041612487,-0.05890410958904102,-0.0821917808219178,-0.06849315068493156,-0.01434720229555242,-0.038737446197991465,-0.024390243902439046,-0.021367521367521403,-0.04558404558404561,-0.031339031339031376,-0.028288543140028266,-0.052333804809052364,-0.038189533239038176,0.01178203240058906,-0.013254786450662803,0.0014727540500736325
5228,2026-04-17,2026-04-20,2026-05-04,10,因連續3個營業日達本中心作業要點第四條第一項第一款,-0.13840399002493775,0.0014471780028944004,-0.037572254335260236,-0.16957605985037416,-0.13840399002493775,-0.16957605985037416,-0.1371571072319202,-0.04027777777777786,-0.07500000000000007,-0.03888888888888886,-0.04027777777777786,-0.07500000000000007,-0.03888888888888886,0.002902757619738683,-0.03338171262699585,0.004354136429608024,0.046969696969696884,0.009090909090909038,0.048484848484848575,0.1290849673202612,0.08823529411764697,0.130718954248366,0.15166666666666662,0.10999999999999988,0.15333333333333332
5228,2026-05-15,2026-05-18,2026-05-29,10,因連續3個營業日達本中心作業要點第四條第一項第一款,0.3882863340563991,0.03125,-0.019696969696969657,0.40347071583514094,0.3882863340563991,0.40347071583514094,0.4316702819956615,0.4285714285714286,0.4441964285714288,0.4732142857142858,0.3128205128205128,0.3271794871794873,0.3538461538461539,0.25984251968503935,0.27362204724409467,0.299212598425197,0.21904761904761916,0.23238095238095235,0.2571428571428571,0.1428571428571428,0.15535714285714297,0.1785714285714286,0.20075046904315208,0.21388367729831148,0.23827392120075053
5243,2026-04-10,2026-04-13,2026-04-24,10,連續三次,0.012765957446808418,-0.054621848739495826,-0.0444444444444444,-0.08510638297872342,0.012765957446808418,-0.08510638297872342,-0.04255319148936165,-0.024590163934426257,-0.11885245901639341,-0.07786885245901642,-0.07751937984496127,-0.16666666666666663,-0.12790697674418605,-0.0703125,-0.16015625,-0.12109375,-0.04800000000000004,-0.14,-0.09999999999999998,-0.06299212598425197,-0.15354330708661412,-0.11417322834645671,-0.024590163934426257,-0.11885245901639341,-0.07786885245901642
5245,2025-04-14,2025-04-15,2025-04-28,10,因連續3個營業日達本中心作業要點第四條第一項第一款,0.09000000000000008,-0.002293577981651418,-0.0045977011494253706,0.08250000000000002,0.09000000000000008,0.08250000000000002,0.08749999999999991,0.03562945368171011,0.028503562945368044,0.03325415676959609,0.006928406466512715,0.0,0.004618937644341958,0.0022988505747125743,-0.0045977011494253706,0.0,0.0,-0.006880733944954254,-0.002293577981651418,0.025882352941176467,0.018823529411764683,0.0235294117647058,-0.018018018018017945,-0.024774774774774855,-0.020270270270270285
5245,2025-07-11,2025-07-14,2025-07-25,10,因連續3個營業日達本中心作業要點第四條第一項第一款,-0.04977375565610853,-0.02857142857142858,0.0032679738562091387,-0.07390648567119151,-0.04977375565610853,-0.07390648567119151,-0.07692307692307687,-0.08695652173913049,-0.11014492753623195,-0.11304347826086958,-0.06804733727810641,-0.09171597633136086,-0.09467455621301768,-0.03963414634146334,-0.06402439024390238,-0.06707317073170715,-0.03076923076923077,-0.055384615384615365,-0.058461538461538454,-0.06804733727810641,-0.09171597633136086,-0.09467455621301768,-0.052631578947368474,-0.07669172932330826,-0.07969924812030071
5289,2026-03-16,2026-03-17,2026-03-30,10,因連續3個營業日達本中心作業要點第四條第一項第一款,-0.19227467811158794,-0.004250797024442088,-0.09605122732123794,-0.2729613733905579,-0.19227467811158794,-0.2729613733905579,-0.19570815450643775,-0.26484375000000004,-0.33828125,-0.26796875,-0.2561264822134387,-0.33043478260869563,-0.25928853754940706,-0.2789272030651341,-0.35095785440613025,-0.2819923371647509,-0.13271889400921655,-0.21935483870967742,-0.13640552995391708,-0.13271889400921655,-0.21935483870967742,-0.13640552995391708,-0.07290640394088665,-0.16551724137931034,-0.07684729064039408
5289,2026-03-19,2026-03-20,2026-04-02,10,因連續3個營業日達本中心作業要點第四條第一項第一款,-0.2666666666666667,0.09717868338557989,-0.06857142857142862,-0.25057471264367814,-0.2666666666666667,-0.25057471264367814,-0.1954022988505747,-0.11797235023041475,-0.09861751152073728,-0.032258064516129004,-0.11797235023041475,-0.09861751152073728,-0.032258064516129004,-0.05714285714285716,-0.03645320197044333,0.034482758620689724,-0.034308779011099855,-0.013118062563067578,0.05953582240161448,0.13793103448275867,0.16290130796670632,0.24851367419738413,0.024625267665952855,0.047109207708779355,0.12419700214132767
5291,2026-03-02,2026-03-03,2026-03-16,10,因連續3個營業日達本中心作業要點第四條第一項第一款,-0.026666666666666727,0.027397260273972712,-0.07666666666666666,-0.07666666666666666,-0.026666666666666727,-0.07666666666666666,0.0,0.12092130518234168,0.06333973128598847,0.15163147792706333,0.08752327746741151,0.03165735567970196,0.11731843575418988,0.06959706959706957,0.0146520146520146,0.09890109890109877,0.1450980392156862,0.08627450980392148,0.17647058823529416,0.05225225225225216,-0.0018018018018017834,0.08108108108108114,0.1450980392156862,0.08627450980392148,0.17647058823529416
5314,2025-01-03,2025-01-06,2025-01-17,10,因連續3個營業日達本中心作業要點第四條第一項第一款,0.23202170963364988,0.013215859030837107,-0.11086956521739133,0.1099050203527816,0.23202170963364988,0.1099050203527816,0.24830393487109914,0.2770745428973278,0.15049226441631514,0.2939521800281295,0.1947368421052631,0.07631578947368411,0.21052631578947367,0.16261203585147244,0.04737516005121645,0.17797695262484003,0.17312661498708004,0.056847545219638196,0.18863049095607232,0.11685116851168509,0.006150061500614923,0.13161131611316113,0.11411042944785277,0.0036809815950920033,0.12883435582822078
5314,2025-04-17,2025-04-18,2025-05-02,10,連續5個營業日,0.12784588441331013,0.05590062111801242,-0.026470588235294024,0.159369527145359,0.12784588441331013,0.159369527145359,0.19089316987740812,0.13181019332161692,0.16344463971880496,0.195079086115993,0.3416666666666668,0.37916666666666665,0.41666666666666674,0.2578125,0.29296875,0.328125,0.2702169625246549,0.3057199211045365,0.3412228796844181,0.11226252158894656,0.14335060449050085,0.17443868739205537,0.15000000000000013,0.18214285714285716,0.2142857142857142
5314,2025-07-15,2025-07-16,2025-07-31,12,連續3個營業日及沖銷標準,0.13762811127379226,-0.019305019305019266,0.08530183727034113,0.2108345534407028,0.13762811127379226,0.2108345534407028,0.11566617862371897,0.11798561151079134,0.1899280575539568,0.09640287769784184,0.09282700421940948,0.16315049226441647,0.07172995780590741,0.13100436681222716,0.20378457059679755,0.10917030567685582,0.0305039787798409,0.09681697612732099,0.010610079575596787,0.015686274509803866,0.08104575163398686,-0.0039215686274509665,0.0305039787798409,0.09681697612732099,0.010610079575596787
5314,2025-09-09,2025-09-10,2025-09-23,10,因連續3個營業日達本中心作業要點第四條第一項第一款,0.26696832579185514,0.021428571428571352,-0.1048951048951049,0.158371040723982,0.26696832579185514,0.158371040723982,0.2941176470588236,0.22807017543859653,0.12280701754385959,0.2543859649122806,0.25,0.1428571428571428,0.2767857142857142,0.18143459915611815,0.08016877637130793,0.2067510548523206,0.14754098360655732,0.049180327868852514,0.1721311475409837,0.17647058823529416,0.07563025210084029,0.2016806722689075,0.222707423580786,0.11790393013100431,0.24890829694323147
5321,2026-05-22,2026-05-25,2026-06-05,10,因連續3個營業日達本中心作業要點第四條第一項第一款,0.1709511568123394,-0.0998902305159165,0.0,0.05398457583547556,0.1709511568123394,0.05398457583547556,0.05398457583547556,-0.030851063829787306,-0.12765957446808507,-0.12765957446808507,-0.118955512572534,-0.20696324951644107,-0.20696324951644107,-0.19806338028169013,-0.278169014084507,-0.278169014084507,-0.08165322580645173,-0.17338709677419362,-0.17338709677419362,-0.2064459930313589,-0.2857142857142857,-0.2857142857142857,-0.14540337711069418,-0.23076923076923073,-0.23076923076923073
5321,2026-05-27,2026-05-28,2026-06-10,10,因連續3個營業日達本中心作業要點第四條第一項第一款,-0.3468309859154929,0.022911051212938016,-0.025032938076416378,-0.3485915492957746,-0.3468309859154929,-0.3485915492957746,-0.3318661971830985,-0.252016129032258,-0.2540322580645161,-0.2348790322580645,-0.35365853658536583,-0.35540069686411146,-0.3388501742160278,-0.30393996247654775,-0.30581613508442773,-0.2879924953095684,-0.43787878787878787,-0.43939393939393945,-0.42499999999999993,-0.26534653465346536,-0.26732673267326734,-0.2485148514851485,-0.22058823529411764,-0.2226890756302521,-0.20273109243697474
5321,2026-06-01,2026-06-02,2026-06-15,10,因連續3個營業日達本中心作業要點第四條第一項第一款,-0.3236397748592871,0.00554785020804438,0.006896551724137945,-0.3151969981238274,-0.3236397748592871,-0.3151969981238274,-0.3198874296435271,-0.45378787878787885,-0.446969696969697,-0.4507575757575758,-0.28613861386138617,-0.27722772277227725,-0.2821782178217822,-0.24264705882352955,-0.23319327731092443,-0.23844537815126055,-0.12073170731707328,-0.1097560975609756,-0.11585365853658536,-0.08964646464646475,-0.07828282828282829,-0.08459595959595967,-0.1250000000000001,-0.11407766990291268,-0.12014563106796128
5321,2026-06-11,2026-06-12,2026-06-26,10,因連續3個營業日達本中心作業要點第四條第一項第一款,0.630295250320924,0.09921259842519681,0.0,0.7920410783055196,0.630295250320924,0.7920410783055196,0.7920410783055196,0.6910785619174435,0.8588548601864181,0.8588548601864181,0.7517241379310344,0.9255172413793102,0.9255172413793102,0.6387096774193548,0.8012903225806451,0.8012903225806451,0.5914786967418546,0.7493734335839599,0.7493734335839599,0.44154370034052226,0.5845629965947787,0.5845629965947787,0.3525026624068157,0.4866879659211927,0.4866879659211927
5321,2026-06-26,2026-06-29,2026-07-13,10,因連續3個營業日達本中心作業要點第四條第一項第一款,-0.1404011461318051,-0.03500000000000003,-0.022452504317789224,-0.18911174785100282,-0.1404011461318051,-0.18911174785100282,-0.17048710601719197,-0.216710182767624,-0.2610966057441253,-0.24412532637075712,-0.016393442622950838,-0.0721311475409836,-0.050819672131147575,0.17416829745596862,0.10763209393346385,0.13307240704500978,-0.014778325123152691,-0.07060755336617397,-0.049261083743842415,-0.07692307692307687,-0.12923076923076926,-0.10923076923076924,0.0,-0.05666666666666664,-0.03500000000000003
5328,2026-01-20,2026-01-21,2026-02-03,10,因連續3個營業日達本中心作業要點第四條第一項第一款,-0.21130952380952384,-0.03396226415094339,0.011718749999999778,-0.22916666666666674,-0.21130952380952384,-0.22916666666666674,-0.23809523809523814,-0.16666666666666674,-0.18553459119496862,-0.19496855345911945,-0.15470494417862846,-0.1738437001594897,-0.18341307814992025,-0.08620689655172409,-0.10689655172413803,-0.11724137931034473,-0.11960132890365449,-0.13953488372093037,-0.1495016611295681,-0.08145580589254775,-0.10225303292894294,-0.11265164644714043,-0.07504363001745196,-0.09598603839441533,-0.1064572425828969
5340,2025-11-17,2025-11-18,2025-12-01,10,因連續3個營業日達本中心作業要點第四條第一項第一款,-0.06009244992295848,0.031147540983606614,0.06677265500794904,0.03389830508474567,-0.06009244992295848,0.03389830508474567,-0.03081664098613257,0.016666666666666607,0.11833333333333318,0.04833333333333334,-0.06153846153846154,0.03230769230769215,-0.03230769230769237,-0.008130081300813052,0.0910569105691057,0.02276422764227637,-0.019292604501607746,0.07877813504823128,0.0112540192926045,-0.004893964110929794,0.09461663947797705,0.02610114192495927,-0.0032679738562092497,0.09640522875816981,0.02777777777777768
5340,2026-01-21,2026-01-22,2026-02-04,10,連續5個營業日,0.10679611650485432,0.0,-0.00877192982456143,0.09708737864077666,0.10679611650485432,0.09708737864077666,0.10679611650485432,0.13432835820895517,0.12437810945273631,0.13432835820895517,0.2127659574468086,0.2021276595744681,0.2127659574468086,0.19747899159663862,0.1869747899159664,0.19747899159663862,0.1692307692307693,0.15897435897435908,0.1692307692307693,0.1399999999999999,0.1299999999999999,0.1399999999999999,0.1740473738414008,0.16374871266735336,0.1740473738414008
5340,2026-02-11,2026-02-23,2026-03-09,10,連續5個營業日,0.03960396039603964,0.0714285714285714,0.022222222222222143,0.13861386138613851,0.03960396039603964,0.13861386138613851,0.11386138613861396,0.004784688995215225,0.1004784688995215,0.07655502392344493,-0.05405405405405406,0.03603603603603611,0.013513513513513598,-0.045454545454545414,0.045454545454545414,0.022727272727272707,0.0,0.09523809523809534,0.0714285714285714,-0.11764705882352944,-0.03361344537815125,-0.054621848739495826,-0.01869158878504673,0.07476635514018692,0.051401869158878455
5340,2026-03-16,2026-03-17,2026-03-30,10,連續5個營業日,-0.08119658119658124,-0.051162790697674376,-0.04999999999999993,-0.17179487179487174,-0.08119658119658124,-0.17179487179487174,-0.1282051282051282,-0.0444444444444444,-0.1386666666666666,-0.09333333333333338,-0.0401785714285714,-0.13482142857142854,-0.0892857142857143,-0.05701754385964908,-0.1499999999999999,-0.10526315789473684,0.06965174129353224,-0.035820895522387985,0.014925373134328401,0.009389671361502261,-0.09014084507042253,-0.04225352112676062,0.05392156862745101,-0.04999999999999993,0.0
5340,2026-04-20,2026-04-21,2026-05-05,10,最近10個營業日內有6個營業日,0.054166666666666696,0.0039525691699604515,-0.06692913385826771,-0.012499999999999956,0.054166666666666696,-0.012499999999999956,0.05833333333333335,0.07203389830508478,0.004237288135593209,0.07627118644067798,0.08119658119658113,0.012820512820512775,0.08547008547008539,0.16055045871559637,0.08715596330275233,0.16513761467889898,0.11946902654867264,0.04867256637168138,0.12389380530973448,0.18224299065420557,0.10747663551401865,0.1869158878504673,0.13452914798206272,0.06278026905829592,0.13901345291479816
5345,2026-06-12,2026-06-15,2026-06-29,10,因連續3個營業日達本中心作業要點第四條第一項第一款,-0.17522658610271902,-0.001831501831501825,-0.020183486238532167,-0.19335347432024175,-0.17522658610271902,-0.19335347432024175,-0.17673716012084595,-0.11363636363636365,-0.1331168831168832,-0.11525974025974028,-0.09900990099009899,-0.1188118811881188,-0.10066006600660071,-0.17522658610271902,-0.19335347432024175,-0.17673716012084595,-0.18385650224215255,-0.2017937219730943,-0.18535127055306433,-0.08235294117647052,-0.10252100840336131,-0.08403361344537819,-0.1319554848966613,-0.15103338632750396,-0.1335453100158982
5351,2026-01-06,2026-01-07,2026-01-20,10,因連續3個營業日達本中心作業要點第四條第一項第一款,0.09523809523809534,0.01594202898550723,-0.108416547788873,-0.007936507936507908,0.09523809523809534,-0.007936507936507908,0.11269841269841252,0.09523809523809534,-0.007936507936507908,0.11269841269841252,0.11290322580645151,0.008064516129032251,0.13064516129032255,0.11290322580645151,0.008064516129032251,0.13064516129032255,0.09523809523809534,-0.007936507936507908,0.11269841269841252,0.13673805601317945,0.029654036243822013,0.15485996705107063,0.13300492610837433,0.026272577996715896,0.15106732348111662
5351,2026-03-18,2026-03-19,2026-04-01,10,因連續3個營業日達本中心作業要點第四條第一項第一款,-0.14909090909090905,0.028490028490028463,-0.08448753462603886,-0.19878787878787885,-0.14909090909090905,-0.19878787878787885,-0.12484848484848476,-0.17119244391971666,-0.21959858323494696,-0.14757969303423846,-0.04619565217391297,-0.10190217391304346,-0.0190217391304347,-0.09184993531694685,-0.14489003880983187,-0.06597671410090544,-0.03172413793103446,-0.08827586206896565,-0.004137931034482678,-0.06399999999999995,-0.1186666666666667,-0.03733333333333333,0.05722891566265065,-0.004518072289156794,0.08734939759036142
5355,2025-11-24,2025-11-25,2025-12-08,10,因連續3個營業日達本中心作業要點第四條第一項第一款,0.09122807017543844,-0.06270096463022501,0.039451114922812947,0.06315789473684208,0.09122807017543844,0.06315789473684208,0.02280701754385972,0.07056798623063676,0.04302925989672968,0.003442340791738552,-0.020472440944881876,-0.04566929133858266,-0.0818897637795275,-0.029641185647425905,-0.054602184087363614,-0.09048361934477378,0.018003273322422242,-0.008183306055646544,-0.04582651391162029,0.02471169686985175,-0.0016474464579901982,-0.03953871499176276,0.05067567567567566,0.023648648648648685,-0.01520270270270263
5386,2026-02-10,2026-02-11,2026-03-06,10,因連續3個營業日達本中心作業要點第四條第一項第一款,0.8181818181818181,-0.007692307692307665,0.10852713178294571,1.0,0.8181818181818181,1.0,0.8041958041958042,0.5294117647058822,0.6823529411764706,0.5176470588235293,0.35416666666666674,0.48958333333333326,0.34375,0.2293144208037825,0.3522458628841607,0.21985815602836878,0.31645569620253156,0.44810126582278476,0.3063291139240507,0.2440191387559809,0.368421052631579,0.23444976076555024,0.1685393258426966,0.2853932584269663,0.15955056179775284
5386,2026-02-24,2026-02-25,2026-03-13,12,連續3個營業日及沖銷標準,0.48463356973995264,0.04140127388535042,0.05504587155963292,0.6312056737588652,0.48463356973995264,0.6312056737588652,0.5460992907801419,0.589873417721519,0.7468354430379747,0.6556962025316455,0.5023923444976077,0.6507177033492824,0.5645933014354068,0.4112359550561797,0.550561797752809,0.46966292134831455,0.5700000000000001,0.7250000000000001,0.635,0.3276955602536997,0.4587737843551798,0.38266384778012674,0.20769230769230762,0.32692307692307687,0.25769230769230766
5386,2026-03-02,2026-03-03,2026-03-16,10,因連續3個營業日達本中心作業要點第四條第一項第一款,0.550561797752809,0.08985507246376812,0.009308510638297962,0.70561797752809,0.550561797752809,0.70561797752809,0.6898876404494383,0.7250000000000001,0.8975,0.8799999999999999,0.4587737843551798,0.6046511627906976,0.5898520084566596,0.32692307692307687,0.45961538461538454,0.4461538461538461,0.33720930232558133,0.4709302325581395,0.45736434108527124,0.09697933227345001,0.2066772655007949,0.1955484896661368,-0.0014471780028944004,0.09840810419681612,0.08827785817655576
5386,2026-03-11,2026-03-12,2026-03-25,10,因連續3個營業日達本中心作業要點第四條第一項第一款,0.006269592476489061,-0.0031152647975077885,-0.09687500000000004,-0.09404388714733547,0.006269592476489061,-0.09404388714733547,0.0031347962382444194,0.18888888888888888,0.07037037037037042,0.18518518518518512,-0.01834862385321101,-0.11620795107033643,-0.021406727828746197,-0.14627659574468088,-0.2313829787234043,-0.14893617021276595,-0.2302158273381295,-0.3069544364508393,-0.23261390887290168,-0.17480719794344468,-0.2570694087403599,-0.1773778920308483,-0.27210884353741494,-0.34467120181405897,-0.2743764172335601
5386,2026-03-16,2026-03-17,2026-03-30,10,因連續3個營業日達本中心作業要點第四條第一項第一款,-0.23803191489361697,-0.08202443280977312,-0.0019011406844106071,-0.3018617021276596,-0.23803191489361697,-0.3018617021276596,-0.30053191489361697,-0.31294964028776984,-0.3705035971223022,-0.3693045563549161,-0.2634961439588689,-0.3251928020565553,-0.32390745501285345,-0.3503401360544217,-0.40476190476190477,-0.40362811791383224,-0.19860139860139858,-0.26573426573426573,-0.26433566433566436,-0.23803191489361697,-0.3018617021276596,-0.30053191489361697,-0.1383458646616541,-0.21052631578947367,-0.20902255639097744
5386,2026-03-19,2026-03-20,2026-04-02,10,因連續3個營業日達本中心作業要點第四條第一項第一款,-0.37414965986394555,0.0996376811594204,0.0,-0.3117913832199547,-0.37414965986394555,-0.3117913832199547,-0.3117913832199547,-0.22797202797202798,-0.151048951048951,-0.151048951048951,-0.26595744680851063,-0.19281914893617025,-0.19281914893617025,-0.16992481203007515,-0.08721804511278197,-0.08721804511278197,-0.13749999999999996,-0.051562499999999956,-0.051562499999999956,0.05950095969289837,0.165067178502879,0.165067178502879,0.039548022598870025,0.14312617702448205,0.14312617702448205
5386,2026-03-30,2026-03-31,2026-04-15,10,因連續3個營業日達本中心作業要點第四條第一項第一款,0.4828897338403042,0.055128205128205154,-0.13730255164034022,0.34980988593155904,0.4828897338403042,0.34980988593155904,0.564638783269962,0.36363636363636354,0.24125874125874125,0.43881118881118875,0.3588850174216027,0.23693379790940772,0.4337979094076656,0.28500823723228996,0.16968698517298186,0.3558484349258648,0.16941529235382302,0.0644677661169415,0.23388305847076452,0.14035087719298245,0.03801169590643272,0.20321637426900585,0.17824773413897277,0.0725075528700907,0.24320241691842903
5386,2026-05-07,2026-05-08,2026-05-21,10,因連續3個營業日達本中心作業要點第四條第一項第一款,-0.03105590062111796,0.008547008547008517,0.052966101694915224,0.02898550724637672,-0.03105590062111796,0.02898550724637672,-0.022774327122153215,0.1063829787234043,0.1749408983451537,0.11583924349881802,0.07586206896551717,0.14252873563218382,0.08505747126436791,0.07339449541284404,0.13990825688073394,0.08256880733944949,0.11428571428571432,0.18333333333333335,0.12380952380952381,0.04815229563269874,0.11310190369540885,0.05711086226203799,0.16708229426433907,0.2394014962593516,0.17705735660847877
5425,2026-06-25,2026-06-26,2026-07-09,10,連續5個營業日,0.06530612244897949,-0.011494252873563204,-0.08914728682170547,-0.04081632653061229,0.06530612244897949,-0.04081632653061229,0.05306122448979589,0.17567567567567566,0.05855855855855863,0.16216216216216206,0.15486725663716805,0.03982300884955747,0.1415929203539823,0.04400000000000004,-0.06000000000000005,0.03200000000000003,0.10593220338983045,-0.004237288135593209,0.09322033898305082,-0.003816793893129722,-0.10305343511450382,-0.01526717557251911,-0.09375,-0.1840277777777778,-0.10416666666666663
5426,2026-06-08,2026-06-09,2026-06-23,10,因連續3個營業日達本中心作業要點第四條第一項第一款,0.08823529411764697,-0.03513513513513511,-0.007002801120448154,0.04264705882352948,0.08823529411764697,0.04264705882352948,0.050000000000000044,0.04815864022662897,0.004249291784702791,0.011331444759206999,0.09792284866468837,0.05192878338278928,0.05934718100890213,0.1727416798732171,0.12361331220285265,0.13153724247226628,0.08823529411764697,0.04264705882352948,0.050000000000000044,-0.038961038961038974,-0.07922077922077919,-0.07272727272727264,-0.0237467018469657,-0.06464379947229537,-0.05804749340369386
5438,2025-09-05,2025-09-08,2025-09-19,10,因連續3個營業日達本中心作業要點第四條第一項第一款,-0.06293706293706292,-0.059701492537313494,0.03571428571428581,-0.0874125874125874,-0.06293706293706292,-0.0874125874125874,-0.11888111888111896,-0.023679417122040025,-0.0491803278688524,-0.08196721311475408,-0.012891344383057057,-0.03867403314917117,-0.07182320441988943,-0.10666666666666669,-0.13,-0.16000000000000003,-0.0678260869565217,-0.09217391304347822,-0.12347826086956526,-0.06129597197898429,-0.08581436077057791,-0.11733800350262702,-0.07426597582037997,-0.09844559585492219,-0.1295336787564767
5464,2026-05-08,2026-05-11,2026-05-22,10,因連續3個營業日達本中心作業要點第四條第一項第一款,0.3498098859315588,0.007042253521126751,0.020979020979021046,0.38783269961977185,0.3498098859315588,0.38783269961977185,0.3593155893536122,0.12877583465818754,0.16057233704292528,0.13672496025437209,0.033478893740902516,0.06259097525473067,0.040756914119359555,0.15447154471544722,0.1869918699186992,0.16260162601626016,0.17940199335548157,0.2126245847176078,0.18770764119601324,0.3197026022304834,0.3568773234200744,0.32899628252788116,0.23693379790940772,0.27177700348432055,0.24564459930313598
5464,2026-05-13,2026-05-14,2026-05-27,10,因連續3個營業日達本中心作業要點第四條第一項第一款,0.15609756097560967,-0.015471167369901506,0.07857142857142851,0.22764227642276413,0.15609756097560967,0.22764227642276413,0.1382113821138211,0.18106312292358795,0.2541528239202657,0.16279069767441845,0.3215613382899627,0.40334572490706333,0.3011152416356877,0.23867595818815324,0.31533101045296164,0.2195121951219512,0.045588235294117485,0.11029411764705888,0.02941176470588225,0.045588235294117485,0.11029411764705888,0.02941176470588225,-0.005594405594405716,0.05594405594405605,-0.020979020979020935
5464,2026-06-26,2026-06-29,2026-07-13,10,因連續3個營業日達本中心作業要點第四條第一項第一款,-0.1594202898550725,-0.02298850574712641,0.012941176470588234,-0.1681159420289856,-0.1594202898550725,-0.1681159420289856,-0.17874396135265702,-0.08421052631578951,-0.09368421052631581,-0.10526315789473684,-0.1869158878504673,-0.19532710280373833,-0.20560747663551404,-0.1470588235294118,-0.15588235294117647,-0.16666666666666663,-0.16746411483253587,-0.1760765550239235,-0.1866028708133971,-0.16746411483253587,-0.1760765550239235,-0.1866028708133971,-0.1594202898550725,-0.1681159420289856,-0.17874396135265702
5468,2025-10-16,2025-10-17,2025-10-31,10,因連續3個營業日達本中心作業要點第四條第一項第一款,-0.1435185185185186,-0.027027027027026973,-0.04444444444444451,-0.20370370370370383,-0.1435185185185186,-0.20370370370370383,-0.16666666666666674,-0.1435185185185186,-0.20370370370370383,-0.16666666666666674,-0.0237467018469657,-0.09234828496042213,-0.05013192612137196,0.08187134502923965,0.005847953216374213,0.05263157894736836,0.07558139534883734,0.0,0.04651162790697683,0.08823529411764697,0.0117647058823529,0.05882352941176472,0.12462006079027366,0.045592705167173175,0.0942249240121582
5468,2026-06-17,2026-06-18,2026-07-02,10,因連續3個營業日達本中心作業要點第四條第一項第一款,0.20430107526881724,-0.023809523809523947,0.024390243902439046,0.20430107526881724,0.20430107526881724,0.20430107526881724,0.17562724014336917,0.0181818181818183,0.0181818181818183,-0.0060606060606061,-0.07438016528925606,-0.07438016528925606,-0.09641873278236912,0.0181818181818183,0.0181818181818183,-0.0060606060606061,0.058267716535433056,0.058267716535433056,0.03307086614173227,0.1200000000000001,0.1200000000000001,0.09333333333333327,0.10163934426229515,0.10163934426229515,0.07540983606557372
5468,2026-06-23,2026-06-24,2026-07-07,10,因連續3個營業日達本中心作業要點第四條第一項第一款,-0.07121212121212128,0.011419249592169667,-0.003225806451612967,-0.06363636363636371,-0.07121212121212128,-0.06363636363636371,-0.06060606060606055,-0.03464566929133861,-0.026771653543307128,-0.023622047244094446,0.021666666666666723,0.030000000000000027,0.03333333333333344,0.004918032786885185,0.013114754098360715,0.016393442622950838,-0.0207667731629394,-0.012779552715655007,-0.009584664536741228,-0.0207667731629394,-0.012779552715655007,-0.009584664536741228,-0.008090614886731351,0.0,0.003236245954692629
5475,2025-05-28,2025-05-29,2025-06-12,10,因連續3個營業日達本中心作業要點第四條第一項第一款,0.21551724137931028,-0.030732860520094496,0.02195121951219514,0.20402298850574718,0.21551724137931028,0.20402298850574718,0.17816091954023006,0.24411764705882355,0.23235294117647065,0.2058823529411764,0.16208791208791196,0.151098901098901,0.12637362637362637,0.16850828729281742,0.15745856353591137,0.1325966850828728,0.07360406091370564,0.06345177664974622,0.040609137055837685,0.05223880597014907,0.04228855721393021,0.01990049751243772,-0.042986425339366696,-0.05203619909502277,-0.07239819004524894
5475,2025-08-14,2025-08-15,2025-08-28,10,連續5個營業日,-0.12197686645636163,0.010778443113772518,0.08412322274881512,-0.03785488958990535,-0.12197686645636163,-0.03785488958990535,-0.11251314405888524,-0.15656565656565657,-0.0757575757575758,-0.14747474747474743,-0.2623674911660777,-0.19169611307420498,-0.25441696113074197,-0.11075612353567632,-0.025559105431310014,-0.10117145899893498,-0.08342480790340279,0.004390779363337094,-0.07354555433589449,-0.05542986425339369,0.035067873303167296,-0.04524886877828049,-0.01764705882352946,0.07647058823529407,-0.007058823529411673
5475,2025-08-19,2025-08-20,2025-09-02,10,因連續3個營業日達本中心作業要點第四條第一項第一款,-0.09797657082002131,0.009445100354191327,0.0888888888888888,-0.008519701810436708,-0.09797657082002131,-0.008519701810436708,-0.08945686900958472,-0.07025246981339184,0.021953896816685026,-0.06147091108671787,-0.041855203619909576,0.05316742081447945,-0.0328054298642535,-0.003529411764705892,0.09529411764705875,0.00588235294117645,0.010739856801909475,0.11097852028639621,0.020286396181384392,0.015587529976019088,0.11630695443645078,0.025179856115107757,0.016806722689075793,0.11764705882352944,0.026410564225690214
5475,2025-09-12,2025-09-15,2025-09-26,10,最近10個營業日內有6個營業日,0.07157057654075549,-0.0018552875695733162,0.10037174721189612,0.17693836978131228,0.07157057654075549,0.17693836978131228,0.06958250497017904,0.1443736730360934,0.256900212314225,0.1422505307855626,0.056862745098039236,0.1607843137254903,0.05490196078431375,-0.014625228519195677,0.0822669104204754,-0.01645338208409519,-0.0527240773286467,0.040421792618629215,-0.054481546572935025,-0.06423611111111116,0.0277777777777779,-0.06597222222222232,-0.05438596491228076,0.038596491228070295,-0.056140350877193046
5475,2025-10-13,2025-10-14,2025-10-28,10,最近10個營業日內有6個營業日,-0.17808219178082196,0.029629629629629672,0.06834532374100721,-0.09589041095890416,-0.17808219178082196,-0.09589041095890416,-0.15372907153729076,-0.10299003322259137,-0.013289036544850585,-0.07641196013289042,-0.11908646003262635,-0.030995106035889064,-0.09298531810766719,-0.11330049261083741,-0.024630541871921152,-0.08702791461412152,-0.08783783783783783,0.0033783783783782884,-0.060810810810810856,-0.11475409836065575,-0.02622950819672132,-0.08852459016393444,-0.12052117263843642,-0.032573289902280145,-0.09446254071661231
5475,2025-11-04,2025-11-05,2025-11-18,10,連續5個營業日,0.12007168458781359,0.0032000000000000917,-0.062200956937799146,0.053763440860215006,0.12007168458781359,0.053763440860215006,0.12365591397849474,0.038205980066445155,-0.023255813953488413,0.04152823920265791,0.016260162601626105,-0.04390243902439028,0.019512195121951237,0.05218855218855212,-0.010101010101010166,0.05555555555555558,0.07573149741824436,0.012048192771084265,0.07917383820998292,-0.004777070063694211,-0.06369426751592355,-0.0015923566878980333,-0.07270029673590517,-0.12759643916913954,-0.06973293768545996
5475,2025-12-11,2025-12-12,2025-12-26,10,最近10個營業日內有6個營業日,0.15279503105590053,0.05280172413793105,0.04401228249744116,0.26708074534161486,0.15279503105590053,0.26708074534161486,0.21366459627329193,0.2210526315789474,0.3421052631578947,0.28552631578947363,0.15999999999999992,0.2749999999999999,0.22124999999999995,0.14567901234567904,0.2592592592592593,0.20617283950617282,0.14567901234567904,0.2592592592592593,0.20617283950617282,0.12484848484848476,0.23636363636363633,0.18424242424242432,0.10476190476190483,0.2142857142857142,0.16309523809523818
5475,2026-01-22,2026-01-23,2026-02-05,10,連續5個營業日,0.2878048780487805,0.0,0.03409090909090917,0.3317073170731708,0.2878048780487805,0.3317073170731708,0.2878048780487805,0.2815533980582525,0.325242718446602,0.2815533980582525,0.2511848341232228,0.29383886255924163,0.2511848341232228,0.19999999999999996,0.24090909090909096,0.19999999999999996,0.21100917431192667,0.2522935779816513,0.21100917431192667,0.2571428571428571,0.30000000000000004,0.2571428571428571,0.1330472103004292,0.1716738197424892,0.1330472103004292
5475,2026-02-25,2026-02-26,2026-03-12,10,因連續3個營業日達本中心作業要點第四條第一項第一款,0.0625,-0.05429864253393668,0.0717703349282297,0.07692307692307687,0.0625,0.07692307692307687,0.004807692307692291,0.06763285024154597,0.08212560386473422,0.009661835748792313,0.027906976744185963,0.041860465116279055,-0.027906976744186074,0.2142857142857142,0.23076923076923084,0.14835164835164827,0.17241379310344818,0.18832891246684347,0.10875331564986745,0.05741626794258381,0.0717703349282297,0.0,0.19783197831978327,0.21409214092140916,0.13279132791327908
5475,2026-04-21,2026-04-22,2026-05-06,10,因連續3個營業日達本中心作業要點第四條第一項第一款,-0.016883116883116833,-0.0303830911492734,-0.05177111716621252,-0.09610389610389614,-0.016883116883116833,-0.09610389610389614,-0.04675324675324677,-0.01943005181347146,-0.0984455958549223,-0.04922279792746109,0.03698630136986303,-0.046575342465753455,0.005479452054794498,0.1417797888386123,0.04977375565610864,0.10708898944193068,0.20158730158730154,0.10476190476190483,0.16507936507936516,0.11651917404129786,0.026548672566371723,0.08259587020648973,0.02297297297297307,-0.05945945945945941,-0.008108108108108136
5489,2026-06-25,2026-06-26,2026-07-09,10,因連續3個營業日達本中心作業要點第四條第一項第一款,-0.06515151515151507,-0.011345218800648316,-0.08852459016393444,-0.1575757575757576,-0.06515151515151507,-0.1575757575757576,-0.0757575757575758,0.008169934640522847,-0.09150326797385622,-0.0032679738562092497,0.04399323181049075,-0.05922165820642977,0.0321489001692048,-0.025276461295418606,-0.1216429699842021,-0.0363349131121643,-0.035937499999999956,-0.13124999999999998,-0.046875,-0.009630818619582593,-0.1075441412520064,-0.020866773675762396,-0.03744149765990623,-0.13260530421216843,-0.04836193447737902
5498,2025-12-30,2025-12-31,2026-01-16,12,連續3個營業日及沖銷標準,0.320754716981132,0.021428571428571352,0.006993006993007089,0.35849056603773577,0.320754716981132,0.35849056603773577,0.34905660377358494,0.35922330097087385,0.3980582524271845,0.38834951456310685,0.28205128205128194,0.31868131868131866,0.30952380952380953,0.34615384615384626,0.3846153846153846,0.375,0.3999999999999999,0.43999999999999995,0.42999999999999994,0.3999999999999999,0.43999999999999995,0.42999999999999994,0.3999999999999999,0.43999999999999995,0.42999999999999994
5498,2026-04-23,2026-04-24,2026-05-08,10,最近10個營業日內有6個營業日,-0.06371911573472044,0.0,-0.04027777777777786,-0.10143042912873879,-0.06371911573472044,-0.10143042912873879,-0.06371911573472044,0.022727272727272707,-0.018465909090909283,0.022727272727272707,0.051094890510948954,0.008759124087591053,0.051094890510948954,0.018387553041018245,-0.022630834512022746,0.018387553041018245,-0.03355704697986572,-0.0724832214765101,-0.03355704697986572,-0.04509283819628651,-0.08355437665782506,-0.04509283819628651,-0.040000000000000036,-0.07866666666666677,-0.040000000000000036
5521,2025-12-17,2025-12-18,2026-01-02,10,連續三次,0.1169724770642202,-0.014373716632443578,-0.0854166666666667,0.006880733944954143,0.1169724770642202,0.006880733944954143,0.10091743119266061,0.1513002364066196,0.0378250591016549,0.13475177304964547,0.13519813519813528,0.02331002331002341,0.11888111888111896,0.047311827956989294,-0.05591397849462365,0.032258064516129004,0.01882845188284521,-0.08158995815899583,0.004184100418409997,-0.05620155038759689,-0.14922480620155043,-0.06976744186046513,0.01882845188284521,-0.08158995815899583,0.004184100418409997
5521,2026-03-12,2026-03-13,2026-03-26,10,連續三次,-0.07291666666666674,-0.02621722846441943,0.0,-0.09722222222222221,-0.07291666666666674,-0.09722222222222221,-0.09722222222222221,-0.12745098039215697,-0.15032679738562094,-0.15032679738562094,-0.06643356643356646,-0.09090909090909094,-0.09090909090909094,-0.059859154929577496,-0.08450704225352113,-0.08450704225352113,-0.046428571428571486,-0.0714285714285714,-0.0714285714285714,-0.03260869565217395,-0.05797101449275366,-0.05797101449275366,0.011363636363636465,-0.015151515151515138,-0.015151515151515138
5701,2026-06-05,2026-06-08,2026-06-22,10,因連續3個營業日達本中心作業要點第四條第一項第一款,-0.1676923076923077,-0.005545286506469571,-0.06133828996282531,-0.22307692307692306,-0.1676923076923077,-0.22307692307692306,-0.17230769230769227,-0.11745513866231638,-0.17618270799347469,-0.12234910277324629,-0.009157509157509125,-0.07509157509157516,-0.014652014652014711,0.2022222222222223,0.12222222222222223,0.19555555555555548,0.23234624145785898,0.1503416856492028,0.2255125284738042,0.18640350877193002,0.10745614035087714,0.17982456140350878,0.07128712871287135,0.0,0.0653465346534654
6103,2026-03-18,2026-03-19,2026-04-01,10,因連續3個營業日達本中心作業要點第四條第一項第一款,-0.17708333333333337,0.07974683544303796,0.018757327080891173,-0.09479166666666661,-0.17708333333333337,-0.09479166666666661,-0.11145833333333333,-0.18724279835390945,-0.1059670781893004,-0.12242798353909468,-0.13377192982456143,-0.04714912280701755,-0.06469298245614041,-0.18974358974358974,-0.10871794871794871,-0.1251282051282051,-0.1356673960612692,-0.049234135667396095,-0.06673960612691476,-0.18556701030927836,-0.10412371134020615,-0.12061855670103094,-0.18891170431211501,-0.1078028747433265,-0.12422997946611913
6104,2025-02-03,2025-02-04,2025-02-17,10,最近10個營業日內有6個營業日,0.10778443113772451,0.00540540540540535,-0.018817204301075252,0.09281437125748493,0.10778443113772451,0.09281437125748493,0.11377245508982026,0.09467455621301779,0.0798816568047338,0.10059171597633143,0.04815864022662897,0.03399433427762033,0.053824362606232246,0.04519774011299438,0.031073446327683607,0.05084745762711873,0.04519774011299438,0.031073446327683607,0.05084745762711873,0.036414565826330625,0.022408963585434094,0.04201680672268915,0.022099447513812098,0.008287292817679592,0.027624309392265234
6113,2025-02-12,2025-02-13,2025-02-26,10,因連續3個營業日達本中心作業要點第四條第一項第一款,-0.031746031746031744,-0.016393442622950838,0.00952380952380949,-0.03854875283446724,-0.031746031746031744,-0.03854875283446724,-0.04761904761904767,-0.06971677559912848,-0.07625272331154687,-0.08496732026143783,-0.09725158562367853,-0.10359408033826634,-0.11205073995771664,-0.04687499999999989,-0.05357142857142849,-0.06249999999999989,-0.06153846153846143,-0.06813186813186811,-0.07692307692307687,-0.11041666666666661,-0.1166666666666667,-0.125,-0.09148936170212763,-0.09787234042553195,-0.1063829787234043
6113,2025-03-19,2025-03-20,2025-04-08,12,連續3個營業日及沖銷標準,-0.29061371841155237,-0.09923664122137399,0.0,-0.36101083032490977,-0.29061371841155237,-0.36101083032490977,-0.36101083032490977,-0.29061371841155237,-0.36101083032490977,-0.36101083032490977,-0.29061371841155237,-0.36101083032490977,-0.36101083032490977,-0.2749077490774908,-0.3468634686346864,-0.3468634686346864,-0.27222222222222225,-0.34444444444444444,-0.34444444444444444,-0.2880434782608696,-0.3586956521739131,-0.3586956521739131,-0.2749077490774908,-0.3468634686346864,-0.3468634686346864
6116,2026-01-09,2026-01-12,2026-01-23,10,連續三次,-0.10594059405940592,0.01661129568106312,-0.002178649237472685,-0.09306930693069304,-0.10594059405940592,-0.09306930693069304,-0.09108910891089106,-0.1440758293838864,-0.1317535545023697,-0.1298578199052134,-0.09700000000000009,-0.08399999999999996,-0.08200000000000007,-0.07857142857142874,-0.0653061224489796,-0.06326530612244907,-0.09700000000000009,-0.08399999999999996,-0.08200000000000007,-0.08510638297872342,-0.07193515704153997,-0.06990881458966558,-0.14,-0.12761904761904763,-0.12571428571428578
6116,2026-05-29,2026-06-01,2026-06-12,10,連續三次,-0.14520547945205486,0.03846153846153855,0.0185185185185186,-0.09589041095890416,-0.14520547945205486,-0.09589041095890416,-0.11232876712328776,-0.24455205811138014,-0.2009685230024213,-0.21549636803874095,-0.2761020881670534,-0.23433874709976799,-0.2482598607888632,-0.2777777777777778,-0.23611111111111116,-0.2500000000000001,-0.1544715447154471,-0.10569105691056913,-0.12195121951219512,-0.06306306306306297,-0.009009009009008917,-0.027027027027026973,-0.03105590062111807,0.024844720496894235,0.006211180124223503
6116,2026-06-03,2026-06-04,2026-06-17,10,連續三次,-0.15509259259259267,0.06301369863013684,-0.030927835051546282,-0.12962962962962965,-0.15509259259259267,-0.12962962962962965,-0.10185185185185197,-0.010840108401083959,0.01897018970189701,0.051490514905149,0.09609609609609615,0.12912912912912922,0.1651651651651651,0.13354037267080732,0.16770186335403725,0.2049689440993787,0.22073578595317733,0.2575250836120402,0.2976588628762542,0.2807017543859649,0.3192982456140352,0.3614035087719296,0.1736334405144695,0.2090032154340835,0.24758842443729878
6127,2025-09-26,2025-09-30,2025-10-15,10,因連續3個營業日達本中心作業要點第四條第一項第一款,-0.13111545988258322,0.0,0.09909909909909898,-0.045009784735812186,-0.13111545988258322,-0.045009784735812186,-0.13111545988258322,-0.09756097560975618,-0.008130081300813163,-0.09756097560975618,-0.0882956878850103,0.002053388090349051,-0.0882956878850103,-0.07306889352818369,0.018789144050104456,-0.07306889352818369,-0.09756097560975618,-0.008130081300813163,-0.09756097560975618,-0.06131078224101483,0.031712473572938604,-0.06131078224101483,-0.09387755102040818,-0.004081632653061273,-0.09387755102040818
6127,2025-10-23,2025-10-27,2025-11-07,10,因連續3個營業日達本中心作業要點第四條第一項第一款,-0.08506944444444442,-0.04933586337760909,-0.009980039920159722,-0.13888888888888884,-0.08506944444444442,-0.13888888888888884,-0.13020833333333337,-0.04873646209386273,-0.10469314079422376,-0.095667870036101,-0.02946593001841613,-0.0865561694290975,-0.07734806629834245,-0.04355716878402904,-0.09981851179673318,-0.09074410163339386,-0.03124999999999989,-0.08823529411764697,-0.07904411764705876,-0.06560283687943258,-0.12056737588652477,-0.11170212765957444,-0.03124999999999989,-0.08823529411764697,-0.07904411764705876
6127,2026-06-11,2026-06-12,2026-06-26,10,最近10個營業日內有6個營業日,0.12147239263803677,-0.007658643326039383,-0.06835722160970237,0.036809815950920255,0.12147239263803677,0.036809815950920255,0.1128834355828221,0.17179487179487185,0.08333333333333326,0.1628205128205129,0.14250000000000007,0.05624999999999991,0.13375000000000004,0.17631917631917626,0.08751608751608742,0.16731016731016735,0.12285012285012287,0.03808353808353804,0.11425061425061411,0.05057471264367819,-0.028735632183908066,0.042528735632183956,0.08293838862559233,0.0011848341232227888,0.07464454976303303
6129,2025-08-08,2025-08-11,2025-08-22,10,因連續3個營業日達本中心作業要點第四條第一項第一款,0.15053763440860224,0.0,-0.031152647975077885,0.11469534050179231,0.15053763440860224,0.11469534050179231,0.15053763440860224,0.16727272727272724,0.13090909090909086,0.16727272727272724,0.16304347826086962,0.12681159420289845,0.16304347826086962,0.15467625899280568,0.11870503597122295,0.15467625899280568,0.16727272727272724,0.13090909090909086,0.16727272727272724,0.05592105263157898,0.023026315789473673,0.05592105263157898,-0.05588235294117638,-0.08529411764705874,-0.05588235294117638
6130,2025-03-21,2025-03-24,2025-04-08,10,因連續3個營業日達本中心作業要點第四條第一項第一款,-0.2894736842105262,-0.09876543209876543,0.0,-0.35964912280701755,-0.2894736842105262,-0.35964912280701755,-0.35964912280701755,-0.2693298969072164,-0.34149484536082464,-0.34149484536082464,-0.2539473684210526,-0.3276315789473684,-0.3276315789473684,-0.2539473684210526,-0.3276315789473684,-0.3276315789473684,-0.2626788036410923,-0.3355006501950586,-0.3355006501950586,-0.23584905660377353,-0.3113207547169812,-0.3113207547169812,-0.18999999999999995,-0.27,-0.27
6130,2025-03-26,2025-03-27,2025-04-11,10,因連續3個營業日達本中心作業要點第四條第一項第一款,-0.2986842105263158,-0.07129455909943705,0.1838383838383839,-0.22894736842105257,-0.2986842105263158,-0.22894736842105257,-0.3486842105263158,-0.3068920676202862,-0.2379713914174253,-0.35630689206762034,-0.2816711590296497,-0.21024258760107817,-0.3328840970350404,-0.23857142857142866,-0.1628571428571428,-0.2928571428571428,-0.2576601671309192,-0.18384401114206128,-0.31058495821727017,-0.15396825396825398,-0.06984126984126982,-0.2142857142857143,-0.0746527777777779,0.01736111111111116,-0.140625
6140,2025-03-27,2025-03-28,2025-04-16,12,連續3個營業日及沖銷標準,-0.14186046511627914,0.04878048780487809,0.04780361757105922,-0.05697674418604659,-0.14186046511627914,-0.05697674418604659,-0.09999999999999998,-0.02894736842105272,0.06710526315789456,0.018421052631579116,0.017931034482758568,0.11862068965517225,0.06758620689655181,0.0013568521031206426,0.10040705563093621,0.05020352781546822,0.12671755725190836,0.23816793893129762,0.1816793893129771,0.2508474576271187,0.37457627118644066,0.3118644067796612,0.20983606557377055,0.3295081967213114,0.26885245901639343
6141,2026-03-05,2026-03-06,2026-03-19,10,連續三次,0.5297297297297299,-0.04593639575971731,-0.03888888888888886,0.4027027027027026,0.5297297297297299,0.4027027027027026,0.45945945945945943,0.6745562130177516,0.5355029585798818,0.5976331360946747,0.6125356125356125,0.4786324786324785,0.5384615384615383,0.6171428571428572,0.4828571428571429,0.5428571428571429,0.5722222222222222,0.44166666666666665,0.5,0.5678670360110802,0.43767313019390564,0.4958448753462603,0.29223744292237464,0.18493150684931514,0.23287671232876717
6141,2026-03-19,2026-03-20,2026-04-02,10,連續三次,-0.2240740740740741,-0.06921241050119331,0.023076923076922995,-0.2611111111111112,-0.2240740740740741,-0.2611111111111112,-0.2777777777777778,-0.10470085470085466,-0.14743589743589747,-0.16666666666666663,-0.08913043478260874,-0.13260869565217392,-0.15217391304347827,-0.007109004739336622,-0.05450236966824651,-0.07582938388625604,-0.0367816091954023,-0.08275862068965523,-0.10344827586206895,0.047499999999999876,-0.0025000000000000577,-0.025000000000000022,0.0023923444976077235,-0.045454545454545414,-0.06698564593301426
6141,2026-04-21,2026-04-22,2026-05-06,10,連續五次,0.10526315789473695,0.022408963585434094,0.0,0.13003095975232215,0.10526315789473695,0.13003095975232215,0.13003095975232215,0.08510638297872353,0.10942249240121593,0.10942249240121593,0.08345978755690431,0.1077389984825492,0.1077389984825492,0.15721231766612642,0.18314424635332238,0.18314424635332238,0.21635434412265764,0.24361158432708674,0.24361158432708674,0.0736842105263158,0.09774436090225569,0.09774436090225569,0.07530120481927716,0.09939759036144569,0.09939759036144569
6141,2026-06-25,2026-06-26,2026-07-09,10,最近十個營業日已有六次,-0.090803259604191,0.003841229193342066,-0.029336734693877653,-0.11408614668218875,-0.090803259604191,-0.11408614668218875,-0.08731082654249123,0.01825293350717061,-0.007822685788787642,0.022164276401564598,0.02763157894736845,0.001315789473684159,0.03157894736842115,-0.01388888888888895,-0.039141414141414255,-0.010101010101010055,-0.018844221105527637,-0.04396984924623115,-0.015075376884421954,0.035809018567639184,0.009283819628647105,0.039787798408488007,0.02898550724637672,0.0026350461133068936,0.03293807641633739
6147,2026-04-14,2026-04-15,2026-04-28,10,因連續3個營業日達本中心作業要點第四條第一項第一款,0.26315789473684204,-0.02083333333333337,0.12056737588652489,0.38596491228070184,0.26315789473684204,0.38596491228070184,0.23684210526315796,0.3395348837209302,0.46976744186046515,0.31162790697674425,0.23605150214592285,0.35622317596566533,0.2103004291845494,0.21518987341772156,0.33333333333333326,0.1898734177215189,0.08270676691729317,0.18796992481203012,0.06015037593984962,0.0034843205574912606,0.10104529616724744,-0.017421602787456414,-0.013698630136986356,0.08219178082191791,-0.03424657534246578
6148,2025-02-10,2025-02-11,2025-02-26,12,連續3個營業日及沖銷標準,0.09448818897637801,0.00959232613908867,-0.08076009501187642,0.015748031496062964,0.09448818897637801,0.015748031496062964,0.10498687664041984,0.08877284595300283,0.010443864229765065,0.09921671018276768,0.08311688311688314,0.0051948051948051965,0.09350649350649354,0.046424090338770485,-0.02885821831869506,0.05646173149309908,0.09448818897637801,0.015748031496062964,0.10498687664041984,0.08311688311688314,0.0051948051948051965,0.09350649350649354,0.06106870229007644,-0.015267175572518887,0.07124681933842258
6155,2025-11-18,2025-11-19,2025-12-02,10,連續三次,0.11871508379888263,0.02871410736579283,0.06917475728155331,0.23044692737430172,0.11871508379888263,0.23044692737430172,0.15083798882681587,0.11871508379888263,0.23044692737430172,0.15083798882681587,0.1558441558441559,0.27128427128427135,0.1890331890331891,0.08683853459972846,0.1953867028493892,0.11804613297150612,0.09426229508196715,0.20355191256830585,0.12568306010928976,0.1693430656934305,0.2861313868613138,0.20291970802919712,0.20089955022488737,0.3208395802098949,0.23538230884557731
6163,2025-12-04,2025-12-05,2025-12-22,12,連續3個營業日及沖銷標準,0.19630484988452657,0.03667953667953672,0.059590316573556734,0.3140877598152425,0.19630484988452657,0.3140877598152425,0.24018475750577384,0.19217491369390083,0.3095512082853853,0.2359033371691599,0.16930022573363424,0.28442437923250563,0.21218961625282184,0.16404494382022472,0.27865168539325835,0.20674157303370788,0.1212121212121211,0.2316017316017316,0.16233766233766223,0.12242686890574217,0.23293607800650062,0.1635969664138679,0.1187904967602591,0.2289416846652268,0.15982721382289422
6167,2026-03-19,2026-03-20,2026-04-02,10,因連續3個營業日達本中心作業要點第四條第一項第一款,-0.1719745222929936,-0.011538461538461608,-0.0038910505836574627,-0.1847133757961783,-0.1719745222929936,-0.1847133757961783,-0.18152866242038213,-0.1095890410958904,-0.12328767123287665,-0.11986301369863017,-0.08771929824561409,-0.10175438596491226,-0.09824561403508769,-0.09722222222222221,-0.11111111111111105,-0.10763888888888895,-0.1095890410958904,-0.12328767123287665,-0.11986301369863017,-0.06474820143884896,-0.07913669064748197,-0.07553956834532383,-0.06137184115523464,-0.07581227436823101,-0.07220216606498198
6173,2026-04-20,2026-04-21,2026-05-05,10,因連續3個營業日達本中心作業要點第四條第一項第一款,0.03247480403135494,0.019522776572667988,0.07446808510638303,0.13101903695408734,0.03247480403135494,0.13101903695408734,0.05263157894736836,0.025583982202447064,0.12347052280311455,0.04560622914349266,0.02444444444444449,0.12222222222222223,0.04444444444444451,0.09112426035502952,0.19526627218934922,0.11242603550295849,0.18967741935483873,0.3032258064516129,0.2129032258064516,0.18205128205128207,0.29487179487179493,0.20512820512820507,0.09241706161137442,0.19668246445497628,0.11374407582938373
6173,2026-05-11,2026-05-12,2026-05-25,10,因連續3個營業日達本中心作業要點第四條第一項第一款,0.5783582089552239,0.0023640661938533203,0.05660377358490565,0.6716417910447761,0.5783582089552239,0.6716417910447761,0.5820895522388059,0.5,0.5886524822695036,0.5035460992907801,0.23684210526315796,0.3099415204678362,0.23976608187134496,0.22965116279069764,0.30232558139534893,0.2325581395348837,0.30153846153846153,0.3784615384615384,0.3046153846153845,0.27409638554216875,0.3493975903614457,0.27710843373493965,0.28963414634146334,0.36585365853658547,0.29268292682926833
6173,2026-05-14,2026-05-15,2026-05-28,10,因連續3個營業日達本中心作業要點第四條第一項第一款,0.27616279069767447,0.034168564920273425,0.044052863436123246,0.37790697674418605,0.27616279069767447,0.37790697674418605,0.319767441860465,0.3507692307692307,0.4584615384615385,0.39692307692307693,0.32228915662650603,0.42771084337349397,0.3674698795180722,0.33841463414634143,0.44512195121951215,0.38414634146341453,0.26878612716762995,0.36994219653179194,0.3121387283236994,0.20273972602739732,0.29863013698630136,0.24383561643835616,0.0378250591016549,0.12056737588652489,0.07328605200945626
6173,2026-05-27,2026-05-28,2026-06-10,10,因連續3個營業日達本中心作業要點第四條第一項第一款,0.048054919908466776,0.0873362445414847,0.010040160642570184,0.15102974828375282,0.048054919908466776,0.15102974828375282,0.13958810068649896,0.008810572687224738,0.10792951541850226,0.09691629955947145,-0.03375527426160341,0.06118143459915615,0.05063291139240511,0.01777777777777767,0.11777777777777776,0.10666666666666669,0.008810572687224738,0.10792951541850226,0.09691629955947145,0.01777777777777767,0.11777777777777776,0.10666666666666669,0.06511627906976747,0.1697674418604651,0.1581395348837209
6173,2026-06-16,2026-06-17,2026-07-01,10,因連續3個營業日達本中心作業要點第四條第一項第一款,0.21099290780141855,-0.03367496339677889,-0.033333333333333326,0.13120567375886516,0.21099290780141855,0.13120567375886516,0.17021276595744683,0.11056910569105693,0.0373983739837398,0.07317073170731714,0.1270627062706271,0.05280528052805278,0.08910891089108919,0.1459731543624161,0.07046979865771807,0.10738255033557054,0.20246478873239426,0.12323943661971826,0.1619718309859155,0.11419249592169667,0.040783034257748874,0.07667210440456773,0.14789915966386546,0.07226890756302518,0.10924369747899165
6173,2026-07-16,2026-07-17,2026-07-30,10,因連續3個營業日達本中心作業要點第四條第一項第一款,-0.3205128205128205,0.09811320754716979,0.0,-0.25384615384615383,-0.3205128205128205,-0.25384615384615383,-0.25384615384615383,-0.25141242937853103,-0.17796610169491522,-0.17796610169491522,-0.17445482866043616,-0.09345794392523366,-0.09345794392523366,-0.30989583333333337,-0.2421875,-0.2421875,-0.24285714285714288,-0.1685714285714286,-0.1685714285714286,-0.2556179775280899,-0.1825842696629213,-0.1825842696629213,-0.16927899686520376,-0.08777429467084641,-0.08777429467084641
6173,2026-07-21,2026-07-22,2026-08-04,10,連續3個營業日,-0.14322916666666663,0.03951367781155013,-0.03508771929824561,-0.140625,-0.14322916666666663,-0.140625,-0.109375,-0.06000000000000005,-0.05714285714285716,-0.02285714285714291,-0.0758426966292135,-0.0730337078651685,-0.0393258426966292,0.03134796238244508,0.034482758620689724,0.07210031347962387,0.009202453987730008,0.012269938650306678,0.04907975460122693,0.10033444816053505,0.10367892976588622,0.14381270903010024,0.2415094339622641,0.24528301886792447,0.290566037735849
6174,2026-07-08,2026-07-09,2026-07-23,10,最近10個營業日內有6個營業日,-0.265,-0.030612244897959218,0.01754385964912286,-0.275,-0.265,-0.275,-0.2875,-0.24096385542168675,-0.25129087779690196,-0.26419965576592086,-0.21530249110320288,-0.22597864768683273,-0.23932384341637014,-0.24486301369863006,-0.25513698630136983,-0.26797945205479445,-0.24356775300171518,-0.2538593481989708,-0.26672384219554024,-0.24486301369863006,-0.25513698630136983,-0.26797945205479445,-0.1567877629063097,-0.16826003824091773,-0.18260038240917775
6182,2026-05-11,2026-05-12,2026-05-25,10,因連續3個營業日達本中心作業要點第四條第一項第一款,0.34736842105263155,0.09895833333333348,0.0,0.4807017543859651,0.34736842105263155,0.4807017543859651,0.4807017543859651,0.4195933456561922,0.5600739371534196,0.5600739371534196,0.34031413612565453,0.4729493891797558,0.4729493891797558,0.29510961214165254,0.42327150084317045,0.42327150084317045,0.43016759776536295,0.5716945996275606,0.5716945996275606,0.37881508078994597,0.5152603231597845,0.5152603231597845,0.36170212765957444,0.4964539007092199,0.4964539007092199
6182,2026-05-27,2026-05-28,2026-06-10,10,因連續3個營業日達本中心作業要點第四條第一項第一款,-0.12971175166297122,0.01273885350318471,0.017610062893081757,-0.10310421286031035,-0.12971175166297122,-0.10310421286031035,-0.11862527716186255,-0.20707070707070707,-0.18282828282828278,-0.19696969696969702,-0.21499999999999997,-0.19099999999999995,-0.20499999999999996,-0.1873706004140786,-0.16252587991718415,-0.17701863354037262,-0.14951245937161428,-0.12351029252437695,-0.13867822318526546,-0.16489361702127658,-0.13936170212765953,-0.1542553191489362,-0.08720930232558144,-0.059302325581395254,-0.07558139534883723
6182,2026-06-01,2026-06-02,2026-06-15,10,因連續3個營業日達本中心作業要點第四條第一項第一款,0.011387163561076719,0.06448311156601849,0.028846153846153744,0.10766045548654257,0.011387163561076719,0.10766045548654257,0.07660455486542439,0.05850487540628402,0.15926327193932832,0.12676056338028174,0.03936170212765955,0.13829787234042556,0.1063829787234043,0.13604651162790704,0.2441860465116279,0.20930232558139528,0.26883116883116887,0.3896103896103895,0.35064935064935066,0.17710843373493979,0.28915662650602414,0.2530120481927711,0.1426900584795321,0.2514619883040936,0.21637426900584789
6182,2026-07-23,2026-07-24,2026-08-07,11,連續3個營業日及沖銷標準,-0.16872427983539096,0.004950495049504955,-0.08374384236453203,-0.23456790123456794,-0.16872427983539096,-0.23456790123456794,-0.16460905349794241,-0.08181818181818179,-0.15454545454545454,-0.07727272727272727,-0.042654028436018954,-0.11848341232227488,-0.03791469194312791,0.038026721479959,-0.04419321685508737,0.043165467625899234,0.19244391971664698,0.09799291617473438,0.19834710743801653,0.08719052744886979,0.0010764262648008671,0.0925726587728739,0.2302070645554204,0.1327649208282582,0.23629719853836795
6182,2026-07-31,2026-08-03,2026-08-07,5,連續3個營業日,0.2302070645554204,0.004950495049504955,-0.08374384236453203,0.1327649208282582,0.2302070645554204,0.1327649208282582,0.23629719853836795,0.05759162303664911,-0.02617801047120416,0.06282722513089012,-0.03809523809523807,-0.11428571428571432,-0.033333333333333326,0.004975124378109541,-0.07462686567164178,0.00995024875621886,-0.047169811320754707,-0.12264150943396224,-0.04245283018867929,,,,,,
6187,2026-03-02,2026-03-03,2026-03-16,10,因連續3個營業日達本中心作業要點第四條第一項第一款,0.26863084922010394,-0.069672131147541,0.0,0.18024263431542464,0.26863084922010394,0.18024263431542464,0.18024263431542464,0.2819614711033276,0.19264448336252182,0.19264448336252182,0.21999999999999997,0.135,0.135,0.2774869109947644,0.18848167539267013,0.18848167539267013,0.37853107344632764,0.28248587570621475,0.28248587570621475,0.30481283422459904,0.213903743315508,0.213903743315508,0.24914675767918082,0.16211604095563148,0.16211604095563148
6187,2026-03-05,2026-03-06,2026-03-19,10,因連續3個營業日達本中心作業要點第四條第一項第一款,0.30017452006980805,0.09932885906040267,0.0,0.4293193717277486,0.30017452006980805,0.4293193717277486,0.4293193717277486,0.4030131826741996,0.5423728813559323,0.5423728813559323,0.32798573975044554,0.4598930481283423,0.4598930481283423,0.27133105802047774,0.3976109215017065,0.3976109215017065,0.1586314152410575,0.2737169517884914,0.2737169517884914,0.25632377740303536,0.3811129848229342,0.3811129848229342,0.012228260869565188,0.11277173913043481,0.11277173913043481
6187,2026-03-27,2026-03-30,2026-04-14,10,因連續3個營業日達本中心作業要點第四條第一項第一款,0.10576923076923084,0.019323671497584627,0.07582938388625582,0.21260683760683752,0.10576923076923084,0.21260683760683752,0.12713675213675213,0.18015963511972632,0.2941847206385404,0.20296465222348914,0.22051886792452824,0.33844339622641506,0.24410377358490565,0.11290322580645151,0.22043010752688175,0.13440860215053774,0.13114754098360648,0.2404371584699454,0.15300546448087426,0.06921487603305776,0.1725206611570247,0.08987603305785119,0.07700312174817903,0.18106139438085322,0.09781477627471391
6187,2026-06-16,2026-06-17,2026-07-01,10,最近10個營業日內有6個營業日,-0.04484304932735428,-0.03755868544600938,-0.019512195121951237,-0.09865470852017932,-0.04484304932735428,-0.09865470852017932,-0.08071748878923768,-0.0858369098712446,-0.13733905579399142,-0.12017167381974247,-0.17441860465116277,-0.22093023255813948,-0.20542635658914732,-0.16141732283464572,-0.2086614173228346,-0.19291338582677164,-0.049107142857142905,-0.1026785714285714,-0.0848214285714286,0.024038461538461453,-0.033653846153846145,-0.014423076923076872,-0.03181818181818186,-0.08636363636363631,-0.06818181818181823
6205,2025-12-31,2026-01-02,2026-01-15,10,連續三次,0.03150912106136006,-0.025723472668810365,-0.04620462046204632,-0.041459369817578806,0.03150912106136006,-0.041459369817578806,0.004975124378109541,0.006472491909385258,-0.06472491909385114,-0.01941747572815522,0.057823129251700855,-0.017006802721088454,0.03061224489795933,0.047138047138047146,-0.026936026936026924,0.020202020202020332,0.04537815126050426,-0.02857142857142858,0.018487394957983128,0.01967213114754096,-0.05245901639344264,-0.006557377049180357,0.03494176372712143,-0.03826955074875216,0.008319467554076532
6208,2026-04-20,2026-04-21,2026-05-05,10,因連續3個營業日達本中心作業要點第四條第一項第一款,0.11812080536912739,0.0,-0.09723889555822318,0.00939597315436247,0.11812080536912739,0.00939597315436247,0.11812080536912739,0.08322496749024699,-0.022106631989596948,0.08322496749024699,-0.06404494382022474,-0.15505617977528086,-0.06404494382022474,-0.07955801104972382,-0.16906077348066295,-0.07955801104972382,-0.020000000000000018,-0.11529411764705877,-0.020000000000000018,-0.0023952095808383866,-0.09940119760479038,-0.0023952095808383866,0.012150668286755817,-0.08626974483596594,0.012150668286755817
6213,2025-08-21,2025-08-22,2025-09-04,10,連續五次,-0.046875,0.05327868852459017,-0.054474708171206254,-0.05078125,-0.046875,-0.05078125,0.00390625,-0.031746031746031744,-0.0357142857142857,0.01984126984126977,0.0,-0.004098360655737654,0.05327868852459017,-0.02400000000000002,-0.028000000000000025,0.028000000000000025,-0.03937007874015752,-0.04330708661417326,0.011811023622047223,-0.05058365758754868,-0.054474708171206254,0.0,-0.10622710622710618,-0.10989010989010994,-0.05860805860805862
6213,2026-04-22,2026-04-23,2026-05-11,12,連續三次及當日沖銷標準,-0.004966887417218513,0.03494176372712143,-0.08199356913183276,-0.054635761589403975,-0.004966887417218513,-0.054635761589403975,0.0298013245033113,0.08483754512635389,0.03068592057761732,0.12274368231046928,0.06183745583038869,0.008833922261484162,0.09893992932862195,0.1404174573055028,0.08349146110056926,0.18026565464895627,0.20199999999999996,0.1419999999999999,0.244,0.16023166023166024,0.10231660231660222,0.20077220077220082,0.071301247771836,0.017825311942959,0.10873440285204983
6215,2025-02-11,2025-02-12,2025-02-27,12,連續五次及當日沖銷標準,-0.08333333333333337,-0.02371541501976282,-0.07692307692307687,-0.17391304347826086,-0.08333333333333337,-0.17391304347826086,-0.10507246376811596,-0.03802281368821292,-0.13307984790874527,-0.06083650190114065,-0.03065134099616862,-0.12643678160919536,-0.05363984674329503,-0.048872180451127845,-0.1428571428571429,-0.0714285714285714,-0.062962962962963,-0.15555555555555556,-0.08518518518518514,-0.05243445692883897,-0.1460674157303371,-0.07490636704119846,-0.048872180451127845,-0.1428571428571429,-0.0714285714285714
6215,2025-08-14,2025-08-15,2025-09-01,12,連續五次及當日沖銷標準,-0.05573770491803276,0.01388888888888884,-0.1095890410958904,-0.14754098360655743,-0.05573770491803276,-0.14754098360655743,-0.042622950819672156,-0.05882352941176472,-0.15032679738562094,-0.04575163398692805,-0.07692307692307687,-0.16666666666666663,-0.0641025641025641,-0.006896551724137945,-0.10344827586206895,0.006896551724137945,0.05882352941176472,-0.044117647058823484,0.07352941176470584,0.05494505494505497,-0.04761904761904767,0.06959706959706957,0.02857142857142847,-0.0714285714285714,0.04285714285714293
6217,2026-03-02,2026-03-03,2026-03-16,10,因連續3個營業日達本中心作業要點第四條第一項第一款,0.37810945273631846,0.010830324909747224,0.08571428571428563,0.5124378109452736,0.37810945273631846,0.5124378109452736,0.39303482587064686,0.40324214792299884,0.5400202634245188,0.4184397163120568,0.385,0.52,0.3999999999999999,0.3712871287128714,0.504950495049505,0.38613861386138604,0.38638638638638634,0.5215215215215214,0.40140140140140135,0.319047619047619,0.4476190476190476,0.33333333333333326,0.24774774774774766,0.36936936936936937,0.26126126126126126
6217,2026-03-19,2026-03-20,2026-04-02,10,因連續3個營業日達本中心作業要點第四條第一項第一款,0.04054054054054057,0.09870129870129873,-0.05437352245862881,0.08108108108108114,0.04054054054054057,0.08108108108108114,0.14324324324324333,0.1257309941520468,0.16959064327485374,0.23684210526315796,0.06353591160220984,0.1049723756906078,0.16850828729281764,0.1631419939577039,0.2084592145015105,0.27794561933534734,0.10000000000000009,0.1428571428571428,0.20857142857142863,0.1257309941520468,0.16959064327485374,0.23684210526315796,0.06944444444444442,0.11111111111111116,0.17500000000000004
6217,2026-04-13,2026-04-14,2026-04-27,10,連續5個營業日,0.18143459915611815,-0.0071428571428571175,-0.030575539568345356,0.1371308016877637,0.18143459915611815,0.1371308016877637,0.1729957805907174,0.26126126126126126,0.2139639639639639,0.25225225225225234,0.23893805309734506,0.1924778761061947,0.23008849557522115,0.26126126126126126,0.2139639639639639,0.25225225225225234,0.12903225806451624,0.08669354838709675,0.12096774193548376,-0.005328596802841923,-0.04262877442273538,-0.01243339253996445,-0.02608695652173909,-0.06260869565217386,-0.03304347826086962
6217,2026-04-24,2026-04-27,2026-05-11,10,因連續3個營業日達本中心作業要點第四條第一項第一款,-0.06000000000000005,0.06382978723404253,0.03333333333333344,0.03333333333333344,-0.06000000000000005,0.03333333333333344,0.0,0.014388489208633004,0.1151079136690647,0.07913669064748197,0.0641509433962264,0.16981132075471694,0.13207547169811318,0.04444444444444451,0.14814814814814814,0.11111111111111116,-0.017421602787456414,0.08013937282229966,0.04529616724738683,0.001776198934280604,0.10124333925399642,0.06571936056838368,-0.07540983606557372,0.016393442622950838,-0.016393442622950838
6217,2026-05-19,2026-05-20,2026-06-02,10,連續5個營業日,0.2761506276150627,0.05573770491803276,-0.09316770186335399,0.2217573221757323,0.2761506276150627,0.2217573221757323,0.34728033472803355,0.31182795698924726,0.2559139784946236,0.38494623655913984,0.196078431372549,0.1450980392156862,0.26274509803921564,0.05536332179930792,0.01038062283737018,0.11418685121107264,0.035653650254668934,-0.008488964346349714,0.0933786078098473,0.07017543859649122,0.024561403508772006,0.12982456140350873,0.1254612546125462,0.07749077490774914,0.18819188191881908
6217,2026-07-03,2026-07-06,2026-07-20,10,最近10個營業日內有6個營業日,-0.3420074349442379,-0.07627118644067798,0.033639143730886945,-0.37174721189591076,-0.3420074349442379,-0.37174721189591076,-0.39219330855018586,-0.3058823529411765,-0.33725490196078434,-0.35882352941176465,-0.2760736196319018,-0.3087934560327198,-0.3312883435582822,-0.31660231660231664,-0.34749034749034746,-0.36872586872586877,-0.3031496062992126,-0.33464566929133854,-0.35629921259842523,-0.2716049382716049,-0.30452674897119336,-0.3271604938271605,-0.25473684210526315,-0.2884210526315789,-0.31157894736842107
6217,2026-07-22,2026-07-23,2026-08-05,10,連續3個營業日,-0.09815950920245398,-0.061224489795918324,0.17028985507246386,-0.009202453987730008,-0.09815950920245398,-0.009202453987730008,-0.15337423312883436,-0.08125000000000004,0.009374999999999911,-0.13749999999999996,0.0652173913043479,0.17028985507246386,0.0,0.1807228915662651,0.29718875502008024,0.10843373493975905,0.30666666666666664,0.4355555555555555,0.22666666666666657,0.4482758620689655,0.5911330049261083,0.35960591133004915,0.3183856502242153,0.44843049327354256,0.2376681614349776
6217,2026-07-27,2026-07-28,2026-08-07,9,連續3個營業日,0.32530120481927716,0.0,0.0,0.32530120481927716,0.32530120481927716,0.32530120481927716,0.32530120481927716,0.46666666666666656,0.46666666666666656,0.46666666666666656,0.625615763546798,0.625615763546798,0.625615763546798,0.47982062780269064,0.47982062780269064,0.47982062780269064,0.5068493150684932,0.5068493150684932,0.5068493150684932,0.30952380952380953,0.30952380952380953,0.30952380952380953,0.12244897959183665,0.12244897959183665,0.12244897959183665
6217,2026-07-30,2026-07-31,2026-08-07,6,連續3個營業日,0.47982062780269064,0.0,0.0,0.47982062780269064,0.47982062780269064,0.47982062780269064,0.47982062780269064,0.5068493150684932,0.5068493150684932,0.5068493150684932,0.30952380952380953,0.30952380952380953,0.30952380952380953,0.12244897959183665,0.12244897959183665,0.12244897959183665,0.19565217391304346,0.19565217391304346,0.19565217391304346,0.0185185185185186,0.0185185185185186,0.0185185185185186,,,
6218,2026-04-13,2026-04-14,2026-04-27,10,因連續3個營業日達本中心作業要點第四條第一項第一款,-0.14473684210526316,-0.0461538461538461,0.153225806451613,-0.05921052631578949,-0.14473684210526316,-0.05921052631578949,-0.1842105263157895,-0.11564625850340138,-0.027210884353741527,-0.15646258503401356,-0.08450704225352113,0.007042253521126751,-0.12676056338028174,-0.14473684210526316,-0.05921052631578949,-0.1842105263157895,-0.14473684210526316,-0.05921052631578949,-0.1842105263157895,-0.08321579689703817,0.008462623413258097,-0.12552891396332866,-0.08192090395480223,0.009887005649717562,-0.12429378531073443
6224,2026-04-17,2026-04-20,2026-05-04,10,連續三次,0.19476268412438613,0.049315068493150704,0.04830287206266326,0.31423895253682477,0.19476268412438613,0.31423895253682477,0.25368248772504076,0.23102866779089393,0.35413153456998314,0.2917369308600337,0.24149659863945594,0.3656462585034015,0.30272108843537415,0.19281045751633985,0.31209150326797386,0.25163398692810435,0.20065789473684226,0.3207236842105263,0.25986842105263164,0.20860927152317887,0.32947019867549665,0.26821192052980125,0.18314424635332238,0.30145867098865464,0.24149108589951362
6226,2026-03-19,2026-03-20,2026-04-02,10,連續三次,-0.19463087248322153,-0.004166666666666763,-0.06276150627615062,-0.2483221476510068,-0.19463087248322153,-0.2483221476510068,-0.19798657718120816,-0.1808873720136519,-0.23549488054607515,-0.1843003412969284,-0.18644067796610164,-0.240677966101695,-0.18983050847457628,-0.08396946564885499,-0.14503816793893132,-0.08778625954198471,-0.11111111111111116,-0.1703703703703704,-0.11481481481481481,-0.008264462809917328,-0.07438016528925628,-0.012396694214876103,0.04347826086956519,-0.026086956521739202,0.03913043478260869
6226,2026-06-29,2026-06-30,2026-07-14,10,連續三次,0.17500000000000004,0.01934235976789167,0.05502846299810238,0.26363636363636367,0.17500000000000004,0.26363636363636367,0.19772727272727275,0.06597938144329896,0.1463917525773195,0.08659793814433003,-0.030018761726078647,0.04315196998123838,-0.011257035647279423,-0.10708117443868737,-0.03972366148531947,-0.08981001727115712,0.07708333333333339,0.15833333333333344,0.09791666666666665,0.08613445378151274,0.16806722689075637,0.1071428571428572,0.055102040816326525,0.13469387755102047,0.07551020408163267
6226,2026-07-02,2026-07-03,2026-07-17,10,連續三次,-0.2210708117443868,-0.09977827050997778,0.0,-0.2987910189982729,-0.2210708117443868,-0.2987910189982729,-0.2987910189982729,-0.060416666666666674,-0.15416666666666667,-0.15416666666666667,-0.05252100840336138,-0.1470588235294118,-0.1470588235294118,-0.07959183673469383,-0.17142857142857137,-0.17142857142857137,-0.12596899224806202,-0.21317829457364346,-0.21317829457364346,-0.20318021201413428,-0.2826855123674912,-0.2826855123674912,-0.14583333333333326,-0.23106060606060597,-0.23106060606060597
6227,2025-03-19,2025-03-20,2025-04-08,12,連續3個營業日及沖銷標準,-0.3601532567049809,-0.061077844311377194,-0.04081632653061229,-0.4237547892720306,-0.3601532567049809,-0.4237547892720306,-0.39923371647509576,-0.3905109489051095,-0.45109489051094886,-0.4277372262773722,-0.38148148148148153,-0.4429629629629629,-0.4192592592592592,-0.3768656716417911,-0.4388059701492537,-0.4149253731343283,-0.35019455252918286,-0.4147859922178988,-0.3898832684824902,-0.3070539419087137,-0.3759336099585062,-0.34937759336099583,-0.24774774774774777,-0.32252252252252245,-0.2936936936936937
6228,2025-04-17,2025-04-18,2025-05-02,10,因連續3個營業日達本中心作業要點第四條第一項第一款,0.0888888888888888,0.09090909090909083,-0.17431972789115646,-0.019191919191919204,0.0888888888888888,-0.019191919191919204,0.18787878787878776,0.11363636363636354,0.0030991735537189147,0.2148760330578512,0.19644839067702558,0.0776914539400666,0.30521642619311873,0.203125,0.0837053571428572,0.3125,0.2139639639639639,0.09346846846846835,0.32432432432432434,0.06732673267326739,-0.03861386138613865,0.16435643564356428,0.03653846153846141,-0.06634615384615394,0.13076923076923075
6230,2026-03-06,2026-03-09,2026-03-20,10,連續五次,0.06024096385542177,-0.08238636363636365,0.021671826625387025,-0.0060240963855421326,0.06024096385542177,-0.0060240963855421326,-0.027108433734939763,-0.06382978723404253,-0.12234042553191493,-0.14095744680851063,0.005714285714285783,-0.05714285714285716,-0.07714285714285718,0.023255813953488413,-0.04069767441860461,-0.061046511627906974,0.04761904761904767,-0.017857142857142905,-0.038690476190476164,0.01734104046242768,-0.046242774566473965,-0.06647398843930641,0.014409221902017322,-0.04899135446685876,-0.06916426512968299
6234,2026-05-04,2026-05-05,2026-05-18,10,因連續3個營業日達本中心作業要點第四條第一項第一款,-0.0689045936395759,-0.028462998102466774,-0.0732421875,-0.16166077738515894,-0.0689045936395759,-0.16166077738515894,-0.09540636042402828,-0.16745655608214838,-0.2503949447077408,-0.19115323854660338,-0.14308943089430892,-0.22845528455284547,-0.16747967479674797,-0.1540930979133226,-0.2383627608346709,-0.1781701444622792,-0.05045045045045038,-0.145045045045045,-0.07747747747747746,-0.041818181818181754,-0.1372727272727272,-0.06909090909090909,-0.024074074074074026,-0.12129629629629624,-0.051851851851851816
6239,2026-05-28,2026-05-29,2026-06-11,10,連續三次,-0.11671087533156499,0.039039039039038936,0.004335260115607031,-0.07824933687002655,-0.11671087533156499,-0.07824933687002655,-0.08222811671087538,-0.12827225130890052,-0.09031413612565442,-0.09424083769633507,-0.0987821380243572,-0.05953991880920162,-0.06359945872801087,-0.02631578947368418,0.016081871345029253,0.011695906432748648,-0.020588235294117685,0.022058823529411686,0.01764705882352935,-0.017699115044247815,0.025073746312684442,0.020648967551622377,0.09359605911330049,0.14121510673234816,0.13628899835796382
6241,2026-06-16,2026-06-17,2026-07-01,10,因連續3個營業日達本中心作業要點第四條第一項第一款,0.08727272727272717,-0.0635451505016722,0.06785714285714284,0.08727272727272717,0.08727272727272717,0.08727272727272717,0.018181818181818077,0.013559322033898313,0.013559322033898313,-0.05084745762711862,0.03103448275862064,0.03103448275862064,-0.03448275862068961,0.04181184668989535,0.04181184668989535,-0.024390243902439046,0.03460207612456756,0.03460207612456756,-0.03114186851211065,-0.05974842767295607,-0.05974842767295607,-0.11949685534591192,-0.03548387096774197,-0.03548387096774197,-0.09677419354838712
6243,2026-06-26,2026-06-29,2026-07-13,10,連續三次,-0.10211706102117069,0.05409153952843271,0.043421052631578805,-0.012453300124533051,-0.10211706102117069,-0.012453300124533051,-0.0535491905354919,-0.10545905707196035,-0.016129032258064502,-0.05707196029776673,-0.10877626699629184,-0.01977750309023496,-0.060568603213844274,-0.12073170731707328,-0.03292682926829271,-0.07317073170731703,-0.10545905707196035,-0.016129032258064502,-0.05707196029776673,-0.10099750623441406,-0.01122194513715713,-0.052369077306733236,-0.12073170731707328,-0.03292682926829271,-0.07317073170731703
6263,2026-05-14,2026-05-15,2026-05-28,10,因連續3個營業日達本中心作業要點第四條第一項第一款,-0.053475935828877,0.03672316384180796,-0.027247956403269713,-0.045454545454545414,-0.053475935828877,-0.045454545454545414,-0.018716577540106916,0.05988023952095811,0.06886227544910173,0.0988023952095809,-0.0028169014084507005,0.005633802816901401,0.033802816901408406,0.020172910662824117,0.028818443804034644,0.057636887608069065,0.020172910662824117,0.028818443804034644,0.057636887608069065,-0.03542234332425065,-0.027247956403269713,0.0,-0.043243243243243246,-0.03513513513513511,-0.008108108108108136
6265,2025-11-14,2025-11-17,2025-11-28,10,因連續3個營業日達本中心作業要點第四條第一項第一款,-0.1348837209302325,-0.040322580645161255,-0.01680672268907568,-0.1837209302325581,-0.1348837209302325,-0.1837209302325581,-0.169767441860465,-0.0461538461538461,-0.09999999999999998,-0.08461538461538454,0.0,-0.05645161290322587,-0.040322580645161255,-0.04123711340206171,-0.09536082474226792,-0.07989690721649467,0.12727272727272743,0.06363636363636371,0.08181818181818201,0.12727272727272743,0.06363636363636371,0.08181818181818201,0.04494382022471921,-0.014044943820224698,0.002808988764045006
6265,2026-01-02,2026-01-05,2026-01-16,10,因連續3個營業日達本中心作業要點第四條第一項第一款,0.4515151515151514,0.09603340292275586,0.0019047619047618536,0.593939393939394,0.4515151515151514,0.593939393939394,0.5909090909090908,0.4171597633136095,0.5562130177514795,0.5532544378698225,0.3924418604651163,0.5290697674418605,0.5261627906976745,0.36661911554921556,0.5007132667617691,0.4978601997146934,0.27224435590969454,0.39707835325365215,0.3944223107569722,0.2621870882740447,0.3860342555994729,0.383399209486166,0.14868105515587526,0.2613908872901678,0.2589928057553956
6271,2026-05-27,2026-05-28,2026-06-10,10,連續三次,-0.1089108910891089,-0.0022222222222222365,-0.03340757238307346,-0.1405940594059406,-0.1089108910891089,-0.1405940594059406,-0.11089108910891088,-0.09999999999999998,-0.132,-0.10199999999999998,-0.1071428571428571,-0.13888888888888884,-0.10912698412698407,-0.10536779324055667,-0.1371769383697813,-0.10735586481113324,-0.11067193675889331,-0.14229249011857703,-0.11264822134387353,-0.09819639278557113,-0.1302605210420842,-0.1002004008016032,-0.092741935483871,-0.125,-0.094758064516129
6274,2026-04-16,2026-04-17,2026-04-30,10,因連續3個營業日達本中心作業要點第四條第一項第一款,0.06315789473684208,0.07425742574257432,0.02304147465437789,0.16842105263157903,0.06315789473684208,0.16842105263157903,0.14210526315789473,0.079059829059829,0.1858974358974359,0.1591880341880343,0.05318039624608972,0.15745568300312818,0.13138686131386867,0.04880581516095539,0.15264797507788153,0.12668743509865,0.02020202020202011,0.1212121212121211,0.09595959595959602,0.03696098562628336,0.13963039014373724,0.11396303901437377,-0.06481481481481477,0.02777777777777768,0.004629629629629539
6274,2026-05-08,2026-05-11,2026-05-22,10,因連續3個營業日達本中心作業要點第四條第一項第一款,0.05818181818181811,0.09965635738831624,0.0,0.16363636363636358,0.05818181818181811,0.16363636363636358,0.16363636363636358,0.0,0.09965635738831624,0.09965635738831624,0.043010752688172005,0.1469534050179211,0.1469534050179211,-0.016891891891891886,0.08108108108108114,0.08108108108108114,0.01041666666666674,0.11111111111111116,0.11111111111111116,0.2024793388429753,0.3223140495867769,0.3223140495867769,0.16399999999999992,0.28,0.28
6274,2026-08-07,2026-08-10,2026-08-14,5,連續3個營業日,0.10927152317880795,0.011940298507462588,-0.05604719764011801,0.0596026490066226,0.10927152317880795,0.0596026490066226,0.1225165562913908,0.056782334384858135,0.009463722397476282,0.06940063091482651,0.06012658227848111,0.012658227848101333,0.07278481012658222,0.0,-0.04477611940298509,0.011940298507462588,0.033950617283950546,-0.012345679012345734,0.04629629629629628,,,,,,
6276,2025-02-18,2025-02-19,2025-03-05,10,因連續3個營業日達本中心作業要點第四條第一項第一款,-0.012195121951219523,-0.01728395061728405,-0.015075376884421954,-0.04390243902439017,-0.012195121951219523,-0.04390243902439017,-0.029268292682926855,-0.03341288782816221,-0.06443914081145574,-0.05011933174224348,0.03713188220230479,0.003841229193342066,0.019206145966709443,0.012499999999999956,-0.019999999999999907,-0.0050000000000001155,0.00496277915632759,-0.027295285359801302,-0.012406947890818865,0.0,-0.032098765432098664,-0.01728395061728405,0.011235955056179803,-0.02122347066167274,-0.006242197253433224
6276,2025-06-10,2025-06-11,2025-06-26,12,連續5個營業日及沖銷標準,0.05691056910569103,0.04461538461538472,-0.11634756995581741,-0.024390243902439046,0.05691056910569103,-0.024390243902439046,0.10406504065040667,0.11683848797250862,0.030927835051546282,0.16666666666666674,0.11683848797250862,0.030927835051546282,0.16666666666666674,0.14035087719298245,0.05263157894736836,0.19122807017543875,0.11683848797250862,0.030927835051546282,0.16666666666666674,0.1484098939929328,0.060070671378091856,0.19964664310954072,0.09243697478991586,0.008403361344537785,0.14117647058823546
6278,2026-04-17,2026-04-20,2026-05-04,10,連續三次,0.11111111111111116,-0.01666666666666672,0.04519774011299438,0.14197530864197527,0.11111111111111116,0.14197530864197527,0.09259259259259256,0.10769230769230775,0.1384615384615384,0.08923076923076922,0.12852664576802497,0.15987460815047028,0.10971786833855801,0.11801242236024834,0.14906832298136652,0.0993788819875776,0.22448979591836737,0.2585034013605443,0.20408163265306123,0.19205298013245042,0.22516556291390732,0.17218543046357615,0.17263843648208477,0.2052117263843649,0.15309446254071668
6283,2025-08-18,2025-08-19,2025-09-01,10,連續三次,-0.0017452006980801515,-0.012237762237762295,-0.0212389380530974,-0.034904013961605584,-0.0017452006980801515,-0.034904013961605584,-0.013961605584642212,0.040000000000000036,0.005454545454545379,0.027272727272727337,0.04379562043795637,0.009124087591240837,0.031021897810219023,0.05147058823529416,0.016544117647058876,0.03860294117647056,0.04761904761904767,0.012820512820512775,0.034798534798534675,0.014184397163120588,-0.019503546099290836,0.0017730496453900457,-0.10344827586206884,-0.13322884012539182,-0.11442006269592475
6291,2025-07-29,2025-07-30,2025-08-12,10,因連續3個營業日達本中心作業要點第四條第一項第一款,0.11583011583011582,-0.00692041522491349,0.024390243902439046,0.1351351351351351,0.11583011583011582,0.1351351351351351,0.10810810810810811,0.021201413427561766,0.03886925795053009,0.014134275618374659,0.050909090909091015,0.06909090909090909,0.043636363636363695,-0.04304635761589404,-0.026490066225165587,-0.04966887417218546,-0.026936026936026924,-0.010101010101010055,-0.03367003367003363,0.07037037037037042,0.0888888888888888,0.06296296296296289,0.04332129963898912,0.06137184115523464,0.036101083032491044
6291,2026-05-29,2026-06-01,2026-06-12,10,因連續3個營業日達本中心作業要點第四條第一項第一款,-0.19033232628398788,0.001865671641791078,0.035381750465549366,-0.16012084592145015,-0.19033232628398788,-0.16012084592145015,-0.18882175226586106,-0.17538461538461536,-0.1446153846153846,-0.17384615384615387,-0.14785373608903019,-0.11605723370429255,-0.1462639109697933,-0.11111111111111116,-0.07794361525704807,-0.1094527363184079,-0.11111111111111116,-0.07794361525704807,-0.1094527363184079,-0.01831501831501836,0.01831501831501825,-0.016483516483516536,-0.025454545454545507,0.01090909090909098,-0.023636363636363678
6405,2026-05-05,2026-05-06,2026-05-19,10,連續三次,-0.10166666666666668,-0.0018552875695733162,-0.005576208178438624,-0.10833333333333328,-0.10166666666666668,-0.10833333333333328,-0.10333333333333339,-0.030575539568345356,-0.03776978417266186,-0.03237410071942448,-0.14580031695721085,-0.15213946117274169,-0.14738510301109353,-0.07863247863247869,-0.0854700854700855,-0.08034188034188039,-0.1031613976705491,-0.10981697171381033,-0.10482529118136441,-0.07863247863247869,-0.0854700854700855,-0.08034188034188039,-0.17457886676875956,-0.18070444104134764,-0.17611026033690658
6405,2026-05-08,2026-05-11,2026-05-22,10,連續三次,0.07350427350427347,0.09872611464968162,0.0,0.17948717948717952,0.07350427350427347,0.17948717948717952,0.17948717948717952,0.04492512479201327,0.14808652246256226,0.14808652246256226,0.07350427350427347,0.17948717948717952,0.17948717948717952,-0.038284839203675314,0.05666156202143946,0.05666156202143946,0.06984667802385003,0.17546848381601365,0.17546848381601365,0.07350427350427347,0.17948717948717952,0.17948717948717952,0.10954063604240272,0.21908127208480566,0.21908127208480566
6405,2026-05-28,2026-05-29,2026-06-11,10,連續三次,-0.03566710700132103,0.08219178082191791,-0.12278481012658227,-0.08454425363276097,-0.03566710700132103,-0.08454425363276097,0.0435931307793922,-0.15116279069767447,-0.19418604651162796,-0.08139534883720934,-0.09090909090909083,-0.136986301369863,-0.016189290161892855,-0.05562742561448897,-0.10349288486416564,0.02199223803363526,-0.08750000000000002,-0.13375000000000004,-0.012499999999999956,-0.07242693773824649,-0.11944091486658204,0.003811944091486552,0.067251461988304,0.013157894736842035,0.1549707602339181
6415,2026-04-23,2026-04-24,2026-05-08,10,連續三次,-0.0240825688073395,0.034077555816686145,0.06363636363636371,0.07339449541284404,-0.0240825688073395,0.07339449541284404,0.00917431192660545,-0.02183908045977012,0.07586206896551717,0.011494252873563315,0.013095238095238049,0.11428571428571432,0.04761904761904767,0.04674046740467408,0.1512915129151291,0.08241082410824108,0.05977584059775842,0.1656288916562889,0.09589041095890405,-0.037330316742081426,0.05882352941176472,-0.004524886877828038,-0.010465116279069764,0.08837209302325588,0.023255813953488413
6415,2026-06-23,2026-06-24,2026-07-07,10,連續三次,-0.08943089430894313,-0.008928571428571397,-0.007207207207207245,-0.10406504065040656,-0.08943089430894313,-0.10406504065040656,-0.09756097560975607,-0.08943089430894313,-0.10406504065040656,-0.09756097560975607,-0.05564924114671166,-0.0708263069139966,-0.06408094435075884,-0.020979020979020935,-0.036713286713286664,-0.029720279720279685,-0.0635451505016722,-0.07859531772575246,-0.07190635451505012,-0.08196721311475408,-0.09672131147540985,-0.0901639344262295,-0.04761904761904767,-0.06292517006802723,-0.056122448979591844
6418,2025-08-19,2025-08-20,2025-09-02,10,因連續3個營業日達本中心作業要點第四條第一項第一款,0.1343749999999999,0.03305785123966953,0.06400000000000006,0.24687499999999996,0.1343749999999999,0.24687499999999996,0.171875,0.1469194312796207,0.26066350710900466,0.18483412322274884,0.0431034482758621,0.14655172413793105,0.07758620689655182,0.06295754026354317,0.16837481698389456,0.0980966325036603,0.10334346504559266,0.2127659574468086,0.13981762917933138,0.12037037037037024,0.2314814814814814,0.15740740740740744,0.10166919575113798,0.21092564491653998,0.1380880121396053
6418,2025-09-09,2025-09-10,2025-09-23,10,因連續3個營業日達本中心作業要點第四條第一項第一款,0.25482233502538065,0.07281553398058249,0.024132730015083093,0.3786802030456855,0.25482233502538065,0.3786802030456855,0.3461928934010152,0.20467836257309946,0.3235867446393763,0.29239766081871355,0.21893491124260334,0.3392504930966469,0.3076923076923075,0.2996845425867507,0.42797055730809697,0.3943217665615142,0.28749999999999987,0.4145833333333335,0.38124999999999987,0.1930501930501931,0.31081081081081097,0.2799227799227799,0.21176470588235285,0.331372549019608,0.30000000000000004
6418,2025-09-30,2025-10-01,2025-10-20,12,連續3個營業日及沖銷標準,0.004081632653061273,-0.010840108401083959,-0.047945205479452024,-0.05442176870748294,0.004081632653061273,-0.05442176870748294,-0.006802721088435382,0.05278174037089878,-0.008559201141226769,0.041369472182596345,0.004081632653061273,-0.05442176870748294,-0.006802721088435382,-0.027667984189723382,-0.08432147562582348,-0.03820816864295129,-0.002702702702702786,-0.060810810810810856,-0.013513513513513487,-0.04031209362808852,-0.09622886866059821,-0.05071521456436934,0.03943661971830981,-0.021126760563380254,0.028169014084507005
6419,2026-04-17,2026-04-20,2026-05-04,10,因連續3個營業日達本中心作業要點第四條第一項第一款,0.2277992277992278,-0.0691823899371069,-0.030405405405405372,0.10810810810810811,0.2277992277992278,0.10810810810810811,0.1428571428571428,0.11971830985915499,0.010563380281690238,0.04225352112676051,0.019230769230769162,-0.08012820512820518,-0.05128205128205132,0.06000000000000005,-0.043333333333333335,-0.013333333333333308,0.12765957446808507,0.01773049645390068,0.049645390070921946,0.18656716417910446,0.07089552238805963,0.10447761194029859,0.10416666666666674,-0.00347222222222221,0.02777777777777768
6423,2026-04-23,2026-04-24,2026-05-08,10,因連續3個營業日達本中心作業要點第四條第一項第一款,-0.06172839506172845,0.03947368421052633,0.00421940928270037,-0.020576131687242816,-0.06172839506172845,-0.020576131687242816,-0.024691358024691357,0.04587155963302747,0.09174311926605494,0.08715596330275233,0.14572864321608048,0.1959798994974875,0.19095477386934667,0.06542056074766345,0.11214953271028039,0.10747663551401865,0.027027027027026973,0.072072072072072,0.06756756756756754,0.041095890410958846,0.08675799086757996,0.08219178082191791,-0.02564102564102566,0.017094017094017033,0.012820512820512775
6426,2026-02-04,2026-02-05,2026-03-04,12,連續三次及當日沖銷標準,0.17199999999999993,0.07167235494880542,-0.0987261146496815,0.1319999999999999,0.17199999999999993,0.1319999999999999,0.256,0.22083333333333344,0.1791666666666667,0.30833333333333335,0.14453125,0.10546875,0.2265625,0.05776173285198549,0.02166064981949467,0.1335740072202165,-0.016778523489932917,-0.05033557046979864,0.05369127516778516,-0.10122699386503065,-0.13190184049079756,-0.036809815950920255,-0.1507246376811594,-0.17971014492753623,-0.08985507246376812
6426,2026-02-26,2026-03-02,2026-03-13,10,連續三次,-0.21329639889196672,0.06690140845070425,0.02970297029702973,-0.1357340720221607,-0.21329639889196672,-0.1357340720221607,-0.16066481994459836,-0.20448179271708689,-0.12605042016806722,-0.1512605042016807,-0.07792207792207795,0.01298701298701288,-0.016233766233766267,-0.09554140127388533,-0.006369426751592355,-0.035031847133757954,0.05970149253731338,0.16417910447761197,0.13059701492537323,0.055762081784386686,0.1598513011152416,0.12639405204460963,0.05970149253731338,0.16417910447761197,0.13059701492537323
6426,2026-03-20,2026-03-23,2026-04-07,10,最近十個營業日已有六次,0.112540192926045,0.08381502890173409,-0.06133333333333335,0.13183279742765275,0.112540192926045,0.13183279742765275,0.20578778135048226,0.08805031446540879,0.10691823899371067,0.179245283018868,0.1768707482993197,0.19727891156462585,0.2755102040816326,0.14569536423841067,0.16556291390728473,0.24172185430463577,0.2183098591549295,0.23943661971830976,0.3204225352112675,0.18900343642611683,0.2096219931271477,0.2886597938144331,0.16891891891891886,0.18918918918918926,0.2668918918918919
6441,2025-05-06,2025-05-07,2025-05-20,10,因連續3個營業日達本中心作業要點第四條第一項第一款,-0.04220779220779225,0.0,0.10000000000000009,0.0535714285714286,-0.04220779220779225,0.0535714285714286,-0.04220779220779225,-0.048387096774193505,0.04677419354838719,-0.048387096774193505,0.008547008547008517,0.10940170940170946,0.008547008547008517,0.008547008547008517,0.10940170940170946,0.008547008547008517,-0.01666666666666672,0.08166666666666678,-0.01666666666666672,0.015490533562822595,0.11703958691910499,0.015490533562822595,0.01724137931034475,0.11896551724137949,0.01724137931034475
6442,2025-01-08,2025-01-09,2025-01-22,10,連續五次,0.05536912751677847,-0.09856915739268679,0.0,-0.04865771812080533,0.05536912751677847,-0.04865771812080533,-0.04865771812080533,0.009630818619582593,-0.0898876404494382,-0.0898876404494382,0.0661016949152542,-0.03898305084745768,-0.03898305084745768,0.15412844036697249,0.04036697247706411,0.04036697247706411,0.11130742049469955,0.0017667844522968323,0.0017667844522968323,0.07521367521367517,-0.03076923076923077,-0.03076923076923077,0.07521367521367517,-0.03076923076923077,-0.03076923076923077
6442,2025-05-15,2025-05-16,2025-05-29,10,連續三次,-0.011739594450373536,-0.02591792656587477,-0.07206208425720617,-0.10672358591248665,-0.011739594450373536,-0.10672358591248665,-0.03735325506937037,0.008714596949890963,-0.08823529411764708,-0.017429193899782147,0.031180400890868487,-0.06792873051224946,0.00445434298440972,0.04279279279279269,-0.057432432432432456,0.015765765765765716,0.02433628318584069,-0.07411504424778759,-0.0022123893805309214,0.01758241758241752,-0.08021978021978027,-0.00879120879120876,0.01758241758241752,-0.08021978021978027,-0.00879120879120876
6442,2025-07-24,2025-07-25,2025-08-11,12,連續三次及當日沖銷標準,0.055374592833876246,0.010802469135802406,0.016793893129771087,0.08469055374592838,0.055374592833876246,0.08469055374592838,0.0667752442996743,0.07641196013289031,0.10631229235880402,0.08803986710963452,0.04516129032258065,0.0741935483870968,0.056451612903225756,0.09090909090909083,0.1212121212121211,0.10269360269360273,0.08000000000000007,0.1100000000000001,0.09166666666666656,0.08724832214765099,0.1174496644295302,0.09899328859060397,0.08000000000000007,0.1100000000000001,0.09166666666666656
6442,2025-11-28,2025-12-01,2025-12-16,12,連續五次及當日沖銷標準,0.11250000000000004,0.011235955056179803,-0.09999999999999998,0.012499999999999956,0.11250000000000004,0.012499999999999956,0.125,0.11250000000000004,0.012499999999999956,0.125,0.07228915662650603,-0.02409638554216864,0.0843373493975903,0.05533596837944654,-0.03952569169960474,0.06719367588932812,0.10330578512396693,0.004132231404958775,0.11570247933884303,0.11250000000000004,0.012499999999999956,0.125,0.10788381742738595,0.008298755186721962,0.1203319502074689
6442,2026-02-03,2026-02-04,2026-02-26,10,最近十個營業日已有六次,0.1721311475409837,-0.053613053613053574,0.16009852216748777,0.28688524590163933,0.1721311475409837,0.28688524590163933,0.1092896174863387,0.15945945945945939,0.27297297297297307,0.09729729729729719,0.29216867469879526,0.4186746987951808,0.22289156626506035,0.19166666666666665,0.30833333333333335,0.12777777777777777,0.1289473684210527,0.23947368421052628,0.06842105263157894,0.1113989637305699,0.22020725388601026,0.051813471502590636,0.07788944723618085,0.18341708542713575,0.0201005025125629
6442,2026-03-06,2026-03-09,2026-03-20,10,連續五次,0.19590643274853803,-0.06845965770171147,-0.02887139107611547,0.08187134502923987,0.19590643274853803,0.08187134502923987,0.11403508771929816,0.15536723163841804,0.04519774011299438,0.07627118644067798,0.17867435158501443,0.06628242074927959,0.09798270893371752,0.148876404494382,0.0393258426966292,0.0702247191011236,0.2584615384615385,0.1384615384615384,0.17230769230769227,0.19590643274853803,0.08187134502923987,0.11403508771929816,0.17528735632183912,0.06321839080459779,0.09482758620689657
6442,2026-04-21,2026-04-22,2026-05-06,10,最近十個營業日已有六次,-0.11206896551724133,0.00728155339805836,0.009638554216867545,-0.09698275862068961,-0.11206896551724133,-0.09698275862068961,-0.1056034482758621,-0.10239651416122009,-0.08714596949891062,-0.0958605664488017,0.01980198019801982,0.03712871287128716,0.027227722772277252,0.061855670103092786,0.07989690721649478,0.06958762886597936,0.12261580381471382,0.14168937329700282,0.13079019073569476,0.10160427807486627,0.1203208556149733,0.10962566844919786,0.004878048780487809,0.02195121951219514,0.012195121951219523
6442,2026-06-05,2026-06-08,2026-06-22,10,最近十個營業日已有六次,0.12702702702702706,0.007194244604316502,-0.05714285714285716,0.07027027027027022,0.12702702702702706,0.07027027027027022,0.1351351351351351,0.027093596059113212,-0.024630541871921152,0.034482758620689724,0.004819277108433662,-0.04578313253012045,0.012048192771084265,0.06377551020408156,0.010204081632652962,0.0714285714285714,0.09736842105263155,0.042105263157894646,0.10526315789473695,0.09162303664921456,0.03664921465968596,0.09947643979057585,0.07474226804123707,0.020618556701030855,0.08247422680412364
6443,2025-12-16,2025-12-17,2025-12-31,10,連續三次,0.09197651663405071,0.016129032258064724,-0.021164021164021163,0.08610567514677103,0.09197651663405071,0.08610567514677103,0.1095890410958904,0.234513274336283,0.22787610619469012,0.25442477876106184,0.24832214765100646,0.24161073825503343,0.26845637583892623,0.20518358531317493,0.19870410367170632,0.2246220302375812,0.11599999999999988,0.1100000000000001,0.13400000000000012,0.014545454545454417,0.009090909090909038,0.030909090909090997,0.01086956521739113,0.005434782608695565,0.02717391304347827
6443,2026-04-13,2026-04-14,2026-04-27,10,最近三十個營業日已有十二次,0.028846153846153966,-0.06141522029372504,0.005689900426742556,-0.028846153846153744,0.028846153846153966,-0.028846153846153744,-0.03434065934065933,0.0,-0.05607476635514019,-0.06141522029372504,-0.10191846522781778,-0.15227817745803363,-0.15707434052757807,-0.07187112763320935,-0.12391573729863692,-0.12887236679058245,-0.03974358974358971,-0.09358974358974359,-0.0987179487179487,-0.06374999999999997,-0.11624999999999996,-0.12125000000000008,-0.06140350877192968,-0.11403508771929816,-0.11904761904761907
6443,2026-04-27,2026-04-28,2026-05-12,10,最近十個營業日已有六次,0.18065433854907553,0.0,0.015662650602409567,0.19914651493598856,0.18065433854907553,0.19914651493598856,0.18065433854907553,0.17397454031117388,0.19236209335219234,0.17397454031117388,0.18571428571428572,0.20428571428571418,0.18571428571428572,0.15277777777777768,0.1708333333333334,0.15277777777777768,0.1657303370786516,0.1839887640449438,0.1657303370786516,0.09210526315789469,0.10921052631578942,0.09210526315789469,0.08213820078226863,0.09908735332464147,0.08213820078226863
6446,2026-02-02,2026-02-03,2026-02-25,10,連續三次,-0.04230769230769227,0.010709504685408211,-0.041059602649006655,-0.07179487179487176,-0.04230769230769227,-0.07179487179487176,-0.03205128205128205,-0.029870129870129825,-0.05974025974025976,-0.01948051948051943,-0.009283819628647216,-0.03978779840848812,0.0013262599469496816,0.03750000000000009,0.005555555555555536,0.04861111111111116,0.0053835800807537915,-0.025572005383580065,0.016150740242261152,0.017711171662125436,-0.013623978201634857,0.028610354223433276,0.019099590723056004,-0.012278308321964526,0.0300136425648021
6449,2026-05-18,2026-05-19,2026-06-01,10,連續三次,0.5868725868725868,-0.021897810218978075,-0.07462686567164178,0.4362934362934363,0.5868725868725868,0.4362934362934363,0.5521235521235521,0.6439999999999999,0.488,0.6080000000000001,0.4221453287197232,0.28719723183391,0.39100346020761245,0.39322033898305087,0.2610169491525425,0.3627118644067797,0.3700000000000001,0.24,0.3400000000000001,0.3173076923076923,0.1923076923076923,0.28846153846153855,0.07450980392156858,-0.027450980392156876,0.050980392156862786
6449,2026-05-21,2026-05-22,2026-06-04,10,連續三次,0.30508474576271194,-0.038961038961038974,0.002702702702702675,0.25762711864406773,0.30508474576271194,0.25762711864406773,0.2542372881355932,0.28333333333333344,0.23666666666666658,0.2333333333333334,0.23397435897435903,0.1891025641025641,0.1858974358974359,0.006535947712418277,-0.030065359477124187,-0.0326797385620915,0.003911342894393766,-0.0325945241199479,-0.03520208604954367,-0.06666666666666665,-0.10060606060606059,-0.10303030303030303,-0.045848822800495626,-0.080545229244114,-0.08302354399008671
6449,2026-05-29,2026-06-01,2026-06-12,10,連續三次,0.04337050805452303,0.09976247030878871,0.0,0.14745972738537794,0.04337050805452303,0.14745972738537794,0.14745972738537794,0.04726368159203975,0.15174129353233834,0.15174129353233834,0.15184678522571815,0.2667578659370724,0.2667578659370724,0.13783783783783776,0.25135135135135145,0.25135135135135145,0.13783783783783776,0.25135135135135145,0.25135135135135145,0.2604790419161678,0.38622754491017974,0.38622754491017974,0.22028985507246368,0.3420289855072465,0.3420289855072465
6451,2026-03-19,2026-03-20,2026-04-02,10,連續三次,0.05535714285714288,0.0693739424703892,0.028481012658227778,0.1607142857142858,0.05535714285714288,0.1607142857142858,0.12857142857142856,0.13001912045889097,0.24282982791587004,0.20841300191204581,-0.008389261744966459,0.09060402684563762,0.06040268456375841,-0.04677419354838708,0.048387096774193505,0.019354838709677358,-0.07366771159874608,0.018808777429467183,-0.009404388714733591,-0.07366771159874608,0.018808777429467183,-0.009404388714733591,-0.14841498559077815,-0.06340057636887608,-0.08933717579250722
6451,2026-04-14,2026-04-15,2026-04-28,10,連續三次,-0.13276231263383298,-0.013580246913580285,-0.005006257822277815,-0.14882226980728053,-0.13276231263383298,-0.14882226980728053,-0.14453961456102782,-0.11956521739130432,-0.13586956521739135,-0.13152173913043474,-0.19161676646706582,-0.2065868263473054,-0.20259481037924154,-0.18999999999999995,-0.20499999999999996,-0.20099999999999996,-0.2151162790697675,-0.22965116279069764,-0.22577519379844957,-0.14556962025316456,-0.1613924050632911,-0.15717299578059074,-0.1793313069908815,-0.19452887537993924,-0.19047619047619047
6451,2026-04-17,2026-04-20,2026-05-04,10,連續三次,-0.052000000000000046,0.09915611814345993,0.0,0.04200000000000004,-0.052000000000000046,0.04200000000000004,0.04200000000000004,-0.08139534883720934,0.009689922480620172,0.009689922480620172,0.0,0.09915611814345993,0.09915611814345993,-0.03951367781155013,0.05572441742654499,0.05572441742654499,0.0748299319727892,0.18140589569161003,0.18140589569161003,0.19696969696969702,0.31565656565656575,0.31565656565656575,0.23598435462842238,0.35853976531942644,0.35853976531942644
6456,2026-04-20,2026-04-21,2026-05-05,10,連續三次,-0.03699284009546533,-0.03345724907063197,-0.06538461538461526,-0.13007159904534593,-0.03699284009546533,-0.13007159904534593,-0.06921241050119331,-0.009815950920245342,-0.10552147239263798,-0.042944785276073594,-0.028880866425992635,-0.12274368231046917,-0.06137184115523464,0.042635658914728536,-0.05813953488372092,0.007751937984496138,0.0934959349593496,-0.012195121951219412,0.05691056910569103,0.0949796472184532,-0.01085481682496603,0.05834464043419274,0.05352480417754579,-0.04830287206266304,0.018276762402088753
6465,2025-11-28,2025-12-01,2025-12-12,10,因連續3個營業日達本中心作業要點第四條第一項第一款,0.4782608695652173,0.026470588235294024,0.07163323782234965,0.6260869565217391,0.4782608695652173,0.6260869565217391,0.517391304347826,0.36272545090180364,0.4989979959919839,0.3987975951903808,0.25461254612546114,0.38007380073800734,0.28782287822878216,0.328125,0.4609374999999998,0.3632812499999998,0.35728542914171646,0.49301397205588815,0.39321357285429137,0.317829457364341,0.4496124031007751,0.3527131782945736,0.3385826771653544,0.4724409448818898,0.37401574803149606
6465,2025-12-16,2025-12-17,2025-12-31,10,因連續3個營業日達本中心作業要點第四條第一項第一款,0.002624671916010568,-0.02617801047120416,0.03360215053763449,0.009186351706036877,0.002624671916010568,0.009186351706036877,-0.023622047244094446,0.035230352303523116,0.042005420054200604,0.008130081300813163,0.04229195088676674,0.04911323328785833,0.015006821282401273,-0.03168567807351075,-0.025348542458808576,-0.057034220532319435,-0.05445544554455439,-0.0482673267326732,-0.07920792079207906,-0.04020100502512547,-0.03391959798994959,-0.06532663316582898,-0.0013071895424835445,0.005228758169934622,-0.027450980392156765
6465,2026-03-23,2026-03-24,2026-04-08,10,因連續3個營業日達本中心作業要點第四條第一項第一款,0.06407322654462244,-0.07204301075268815,0.07763615295480886,0.06407322654462244,0.06407322654462244,0.06407322654462244,-0.012585812356979531,0.03104212860310418,0.03104212860310418,-0.043237250554323814,-0.03125,-0.03125,-0.1010416666666667,-0.0021459227467811592,-0.0021459227467811592,-0.0740343347639486,0.04026845637583887,0.04026845637583887,-0.034675615212528044,0.010869565217391353,0.010869565217391353,-0.061956521739130466,0.010869565217391353,0.010869565217391353,-0.061956521739130466
6477,2025-01-09,2025-01-10,2025-02-05,12,連續三次及當日沖銷標準,0.014454664914586246,-0.011658031088082943,0.02752293577981657,0.030223390275952777,0.014454664914586246,0.030223390275952777,0.0026281208935612366,0.00783289817232391,0.023498694516971508,-0.003916449086161844,0.025232403718459473,0.04116865869853936,0.013280212483399723,-0.01025641025641022,0.00512820512820511,-0.02179487179487183,-0.02278481012658229,-0.007594936708860689,-0.03417721518987349,-0.032581453634085156,-0.01754385964912275,-0.04385964912280704,-0.012787723785166238,0.002557544757033181,-0.024296675191815886
6485,2025-02-06,2025-02-07,2025-02-20,10,因連續3個營業日達本中心作業要點第四條第一項第一款,0.17184942716857599,-0.029329608938547413,0.13237410071942457,0.2880523731587561,0.17184942716857599,0.2880523731587561,0.13747954173486088,0.12225705329153591,0.23354231974921635,0.08934169278996862,-0.004172461752434131,0.09457579972183594,-0.033379694019471606,-0.016483516483516536,0.0810439560439562,-0.04532967032967028,-0.06649282920469368,0.026075619295958363,-0.09387222946544982,-0.06405228758169945,0.028758169934640643,-0.09150326797385622,-0.0615989515072084,0.03145478374836186,-0.08912188728702486
6488,2025-09-22,2025-09-23,2025-10-08,10,因連續3個營業日達本中心作業要點第四條第一項第一款,-0.009708737864077666,0.015686274509803866,-0.043436293436293405,-0.03786407766990296,-0.009708737864077666,-0.03786407766990296,0.005825242718446644,0.06029106029106024,0.03014553014553023,0.07692307692307687,0.033434650455927084,0.004052684903748771,0.049645390070921946,0.0625,0.03229166666666661,0.07916666666666661,0.08974358974358965,0.058760683760683774,0.1068376068376069,0.08974358974358965,0.058760683760683774,0.1068376068376069,0.0736842105263158,0.04315789473684206,0.09052631578947379
6488,2025-11-11,2025-11-12,2025-11-25,10,因連續3個營業日達本中心作業要點第四條第一項第一款,0.02564102564102555,0.0,-0.04874999999999996,-0.024358974358974383,0.02564102564102555,-0.024358974358974383,0.02564102564102555,0.028277634961439535,-0.02185089974293064,0.028277634961439535,0.045751633986928164,-0.005228758169934622,0.045751633986928164,0.03896103896103886,-0.011688311688311637,0.03896103896103886,0.05820105820105814,0.006613756613756516,0.05820105820105814,0.11731843575418988,0.06284916201117308,0.11731843575418988,0.11888111888111896,0.06433566433566429,0.11888111888111896
6488,2026-05-11,2026-05-12,2026-05-25,10,因連續3個營業日達本中心作業要點第四條第一項第一款,-0.049457177322074775,0.09898477157360408,0.0,0.04463208685162856,-0.049457177322074775,0.04463208685162856,0.04463208685162856,0.04370860927152309,0.14701986754966878,0.14701986754966878,0.003821656050955413,0.10318471337579616,0.10318471337579616,-0.01129234629861986,0.0865746549560853,0.0865746549560853,0.19213313161875956,0.31013615733736755,0.31013615733736755,0.1588235294117648,0.2735294117647058,0.2735294117647058,0.1520467836257311,0.26608187134502925,0.26608187134502925
6488,2026-05-29,2026-06-01,2026-06-12,10,因連續3個營業日達本中心作業要點第四條第一項第一款,-0.14876847290640394,0.09953703703703698,0.0,-0.0640394088669951,-0.14876847290640394,-0.0640394088669951,-0.0640394088669951,-0.09148264984227128,-0.001051524710830698,-0.001051524710830698,-0.08085106382978724,0.010638297872340496,0.010638297872340496,-0.06996770721205603,0.022604951560817987,0.022604951560817987,0.0536585365853659,0.15853658536585358,0.15853658536585358,0.18356164383561646,0.3013698630136987,0.3013698630136987,0.10344827586206895,0.21328224776500648,0.21328224776500648
6488,2026-06-18,2026-06-22,2026-07-03,10,因連續3個營業日達本中心作業要點第四條第一項第一款,0.07264957264957261,0.027888446215139417,0.03488372093023262,0.14102564102564097,0.07264957264957261,0.14102564102564097,0.10256410256410264,0.1461187214611872,0.2191780821917808,0.17808219178082196,0.31689401888772295,0.4008394543546694,0.35362014690451216,0.26767676767676774,0.3484848484848484,0.303030303030303,0.24257425742574257,0.32178217821782185,0.27722772277227725,0.3715846994535519,0.459016393442623,0.4098360655737705,0.30593132154006253,0.38917793964620184,0.34235171696149846
6499,2025-05-14,2025-05-15,2025-05-28,10,因連續3個營業日達本中心作業要點第四條第一項第一款,0.518987341772152,0.0,-0.05833333333333335,0.4303797468354431,0.518987341772152,0.4303797468354431,0.518987341772152,0.48331273176761425,0.3967861557478367,0.48331273176761425,0.4906832298136645,0.40372670807453415,0.4906832298136645,0.47601476014760147,0.38991389913899144,0.47601476014760147,0.33333333333333326,0.25555555555555554,0.33333333333333326,0.1707317073170731,0.102439024390244,0.1707317073170731,0.08108108108108114,0.018018018018018056,0.08108108108108114
6499,2025-05-23,2025-05-26,2025-06-09,10,最近10個營業日內有6個營業日,-0.21935483870967742,-0.022727272727272707,-0.04228329809725162,-0.26935483870967747,-0.21935483870967742,-0.26935483870967747,-0.23709677419354847,-0.15826086956521745,-0.21217391304347832,-0.17739130434782613,-0.23779527559055125,-0.2866141732283465,-0.25511811023622055,-0.19333333333333336,-0.245,-0.21166666666666667,-0.13183856502242153,-0.18744394618834082,-0.15156950672645741,-0.154585152838428,-0.20873362445414856,-0.1737991266375546,-0.14336283185840715,-0.19823008849557522,-0.1628318584070797
6499,2025-05-28,2025-05-29,2025-06-12,10,因連續3個營業日達本中心作業要點第四條第一項第一款,-0.15416666666666667,0.0640394088669951,0.03240740740740744,-0.0708333333333333,-0.15416666666666667,-0.0708333333333333,-0.09999999999999998,-0.08968609865470856,0.0,-0.03139013452914796,-0.11353711790393017,-0.026200873362445365,-0.05676855895196509,-0.10176991150442483,-0.013274336283185861,-0.04424778761061943,-0.06018518518518523,0.03240740740740744,0.0,-0.051401869158878455,0.0420560747663552,0.009345794392523255,0.025252525252525304,0.1262626262626263,0.09090909090909083
6499,2025-06-19,2025-06-20,2025-07-07,12,連續3個營業日及沖銷標準,0.12403100775193798,0.020689655172413834,-0.05405405405405406,0.0852713178294573,0.12403100775193798,0.0852713178294573,0.1472868217054264,0.17886178861788626,0.1382113821138211,0.2032520325203253,0.1417322834645669,0.10236220472440949,0.16535433070866135,0.11538461538461542,0.07692307692307687,0.1384615384615384,0.1462450592885376,0.10671936758893286,0.1699604743083003,0.11538461538461542,0.07692307692307687,0.1384615384615384,0.11969111969111967,0.08108108108108114,0.1428571428571428
6499,2025-07-18,2025-07-21,2025-08-01,10,最近10個營業日內有6個營業日,-0.008403361344537785,-0.025423728813559365,-0.008695652173912993,-0.04201680672268904,-0.008403361344537785,-0.04201680672268904,-0.03361344537815125,-0.008403361344537785,-0.04201680672268904,-0.03361344537815125,0.004255319148936065,-0.029787234042553234,-0.021276595744680882,0.01724137931034475,-0.017241379310344862,-0.008620689655172376,0.012875536480686733,-0.02145922746781115,-0.012875536480686733,-0.01666666666666672,-0.050000000000000044,-0.04166666666666663,-0.032786885245901676,-0.06557377049180324,-0.05737704918032782
6499,2025-10-16,2025-10-17,2025-10-31,10,因連續3個營業日達本中心作業要點第四條第一項第一款,-0.1606425702811245,-0.02392344497607657,-0.019607843137254943,-0.19678714859437751,-0.1606425702811245,-0.19678714859437751,-0.1807228915662651,-0.17391304347826086,-0.20948616600790515,-0.19367588932806323,-0.15384615384615385,-0.19028340080971662,-0.1740890688259109,-0.157258064516129,-0.19354838709677424,-0.17741935483870963,-0.15040650406504064,-0.1869918699186992,-0.1707317073170732,-0.07929515418502198,-0.11894273127753308,-0.10132158590308371,-0.03686635944700456,-0.07834101382488479,-0.05990783410138245
6515,2025-09-03,2025-09-04,2025-09-17,10,連續三次,0.05900621118012417,0.008797653958944274,0.09011627906976738,0.1645962732919255,0.05900621118012417,0.1645962732919255,0.06832298136645965,0.036474164133738496,0.13981762917933138,0.045592705167173175,-0.01729106628242072,0.08069164265129691,-0.008645533141210415,-0.008720930232558155,0.09011627906976738,0.0,-0.05277777777777781,0.04166666666666674,-0.0444444444444444,-0.04748603351955305,0.04748603351955305,-0.03910614525139666,-0.005830903790087438,0.09329446064139946,0.00291545189504383
6515,2026-03-25,2026-03-26,2026-04-10,10,最近十個營業日已有六次,-0.06153846153846154,0.008196721311475308,0.07066916823014391,0.013017751479289963,-0.06153846153846154,0.013017751479289963,-0.05384615384615388,-0.01977750309023485,0.05809641532756493,-0.011742892459826959,0.057333333333333236,0.1413333333333333,0.06600000000000006,0.12005649717514122,0.20903954802259883,0.1292372881355932,0.017318794098781343,0.09813983322642716,0.02565747273893515,0.04342105263157903,0.12631578947368416,0.05197368421052628,0.18358208955223887,0.27761194029850755,0.1932835820895522
6517,2025-04-14,2025-04-15,2025-04-28,10,因連續3個營業日達本中心作業要點第四條第一項第一款,0.05954198473282446,-0.014409221902017322,-0.0029239766081872176,0.04122137404580162,0.05954198473282446,0.04122137404580162,0.04427480916030535,0.013138686131386912,-0.004379562043795526,-0.0014598540145984717,0.005797101449275477,-0.011594202898550732,-0.008695652173912993,0.043609022556390986,0.025563909774436233,0.028571428571428692,0.0644171779141105,0.04601226993865026,0.04907975460122693,0.20277296360485275,0.18197573656845756,0.1854419410745234,0.12662337662337664,0.1071428571428572,0.11038961038961048
6531,2026-04-24,2026-04-27,2026-05-11,10,連續三次,0.21464646464646475,0.011434511434511352,0.08427543679342242,0.33207070707070696,0.21464646464646475,0.33207070707070696,0.2285353535353536,0.2208121827411167,0.33883248730964466,0.23477157360406098,0.18765432098765422,0.30246913580246915,0.20123456790123462,0.09692132269099196,0.20296465222348914,0.10946408209806147,0.06181015452538641,0.16445916114790293,0.07395143487858724,0.03440860215053765,0.13440860215053774,0.04623655913978486,0.013698630136986356,0.11169652265542673,0.025289778714436162
6531,2026-07-31,2026-08-03,2026-08-07,5,連續三次,0.4430955993930197,0.030494216614090464,-0.05816326530612248,0.4006069802731411,0.4430955993930197,0.4006069802731411,0.48710166919575104,0.2851351351351352,0.24729729729729732,0.32432432432432434,0.09815242494226317,0.06581986143187057,0.13163972286374137,0.10839160839160833,0.07575757575757569,0.14219114219114215,-0.018575851393188847,-0.047471620227038214,0.011351909184726505,,,,,,
6535,2025-10-31,2025-11-03,2025-11-14,10,因連續3個營業日達本中心作業要點第四條第一項第一款,-0.09569377990430628,0.002645502645502562,-0.0079155672823219,-0.1004784688995215,-0.09569377990430628,-0.1004784688995215,-0.09330143540669855,-0.10426540284360186,-0.1090047393364929,-0.1018957345971564,-0.05500000000000005,-0.06000000000000005,-0.05249999999999999,-0.07579462102689483,-0.0806845965770171,-0.07334963325183375,-0.08252427184466016,-0.08737864077669899,-0.08009708737864074,-0.05970149253731338,-0.06467661691542292,-0.057213930348258724,0.024390243902439046,0.01897018970189701,0.027100271002709952
6538,2026-05-22,2026-05-25,2026-06-05,10,因連續3個營業日達本中心作業要點第四條第一項第一款,-0.046511627906976716,-0.09756097560975607,0.0,-0.13953488372093026,-0.046511627906976716,-0.13953488372093026,-0.13953488372093026,-0.05747126436781613,-0.14942528735632188,-0.14942528735632188,-0.05384615384615388,-0.1461538461538462,-0.1461538461538462,0.0,-0.09756097560975607,-0.09756097560975607,0.05128205128205132,-0.05128205128205132,-0.05128205128205132,0.020746887966804906,-0.07883817427385897,-0.07883817427385897,-0.023809523809523836,-0.11904761904761907,-0.11904761904761907
6547,2025-01-15,2025-01-16,2025-02-07,10,因連續3個營業日達本中心作業要點第四條第一項第一款,0.04056795131845847,-0.01949317738791423,-0.03280318091451284,-0.013184584178498993,0.04056795131845847,-0.013184584178498993,0.020283975659229236,0.06211180124223592,0.007246376811594235,0.04140786749482395,0.050153531218014136,-0.004094165813715467,0.029682702149437024,0.00588235294117645,-0.04607843137254908,-0.013725490196078494,0.03219315895372232,-0.021126760563380365,0.012072434607645732,0.029087261785355922,-0.02407221664994985,0.009027081243731194,-0.02840909090909094,-0.07859848484848486,-0.04734848484848486
6547,2026-03-24,2026-03-25,2026-04-09,10,因連續3個營業日達本中心作業要點第四條第一項第一款,0.051724137931034475,-0.04426229508196722,-0.0480274442538593,-0.0431034482758621,0.051724137931034475,-0.0431034482758621,0.005172413793103292,0.07964601769911495,-0.017699115044247815,0.031858407079645934,0.161904761904762,0.05714285714285716,0.1104761904761904,0.08928571428571419,-0.008928571428571397,0.041071428571428426,0.011608623548922115,-0.07960199004975121,-0.03316749585406298,0.042735042735042805,-0.05128205128205132,-0.0034188034188035177,0.035653650254668934,-0.05772495755517826,-0.01018675721561968
6548,2026-06-03,2026-06-04,2026-06-17,10,因連續3個營業日達本中心作業要點第四條第一項第一款,-0.0011210762331839152,-0.02244668911335579,-0.01148105625717566,-0.034753363228699596,-0.0011210762331839152,-0.034753363228699596,-0.02354260089686111,-0.08049535603715186,-0.11145510835913319,-0.10113519091847278,0.1027227722772277,0.06559405940594054,0.07797029702970293,0.06962785114045622,0.03361344537815114,0.0456182472989195,0.042105263157894646,0.007017543859649145,0.01871345029239757,0.05693950177935947,0.021352313167259718,0.033214709371292894,0.0,-0.03367003367003363,-0.02244668911335579
6558,2025-02-04,2025-02-05,2025-02-18,10,最近十個營業日已有六次,0.04347826086956519,0.024038461538461453,-0.020344287949921713,0.04682274247491636,0.04347826086956519,0.04682274247491636,0.06856187290969906,0.07586206896551717,0.07931034482758625,0.10172413793103452,0.0795847750865053,0.0830449826989621,0.10553633217993075,0.06484641638225241,0.06825938566552892,0.09044368600682584,0.07586206896551717,0.07931034482758625,0.10172413793103452,0.10247349823321539,0.10600706713780927,0.12897526501766787,0.10247349823321539,0.10600706713780927,0.12897526501766787
6560,2025-04-18,2025-04-21,2025-05-05,10,因連續3個營業日達本中心作業要點第四條第一項第一款,-0.033333333333333326,-0.019490254872563728,0.07798165137614665,0.021739130434782705,-0.033333333333333326,0.021739130434782705,-0.05217391304347818,0.003007518796992459,0.06015037593984962,-0.016541353383458524,0.042187500000000044,0.1015625,0.02187500000000009,0.06549520766773176,0.12619808306709257,0.04472843450479247,-0.024853801169590684,0.030701754385964897,-0.04385964912280704,-0.13263979193758135,-0.0832249674902471,-0.14954486345903772,-0.07361111111111107,-0.02083333333333337,-0.09166666666666656
6560,2025-05-26,2025-05-27,2025-06-10,10,因連續3個營業日達本中心作業要點第四條第一項第一款,-0.07099391480730222,-0.045851528384279305,0.0,-0.11359026369168346,-0.07099391480730222,-0.11359026369168346,-0.11359026369168346,-0.012931034482758674,-0.0581896551724137,-0.0581896551724137,-0.03375527426160341,-0.07805907172995774,-0.07805907172995774,0.040909090909090784,-0.006818181818181723,-0.006818181818181723,0.003285870755750153,-0.042716319824753435,-0.042716319824753435,0.011037527593819041,-0.0353200883002206,-0.0353200883002206,0.040909090909090784,-0.006818181818181723,-0.006818181818181723
6570,2026-05-27,2026-05-28,2026-06-10,10,因連續3個營業日達本中心作業要點第四條第一項第一款,0.0,0.0,-0.022413793103448265,-0.022413793103448265,0.0,-0.022413793103448265,0.0,-0.03171953255425708,-0.05342237061769606,-0.03171953255425708,-0.030100334448160515,-0.051839464882943,-0.030100334448160515,-0.033333333333333326,-0.05499999999999994,-0.033333333333333326,-0.010238907849829393,-0.03242320819112621,-0.010238907849829393,-0.020270270270270285,-0.042229729729729715,-0.020270270270270285,-0.005145797598627766,-0.027444253859348122,-0.005145797598627766
6574,2025-05-29,2025-06-02,2025-06-13,10,因連續3個營業日達本中心作業要點第四條第一項第一款,0.22116689280868385,0.0,-0.05666666666666664,0.15196743554952508,0.22116689280868385,0.15196743554952508,0.22116689280868385,0.14358322744599739,0.07878017789072422,0.14358322744599739,0.040462427745664664,-0.018497109826589475,0.040462427745664664,-0.021739130434782594,-0.0771739130434782,-0.021739130434782594,-0.025974025974025983,-0.08116883116883111,-0.025974025974025983,-0.030172413793103425,-0.08512931034482751,-0.030172413793103425,-0.016393442622950838,-0.0721311475409836,-0.016393442622950838
6574,2026-03-19,2026-03-20,2026-04-02,10,因連續3個營業日達本中心作業要點第四條第一項第一款,-0.1692913385826772,-0.018957345971563955,-0.004830917874396157,-0.1889763779527559,-0.1692913385826772,-0.1889763779527559,-0.18503937007874016,-0.2773972602739726,-0.29452054794520544,-0.29109589041095896,-0.20377358490566033,-0.22264150943396221,-0.21886792452830184,-0.07456140350877194,-0.0964912280701754,-0.09210526315789469,-0.13524590163934425,-0.15573770491803274,-0.15163934426229508,-0.09442060085836912,-0.11587982832618027,-0.11158798283261806,-0.12083333333333335,-0.14166666666666672,-0.13749999999999996
6584,2025-09-01,2025-09-02,2025-09-15,10,因連續3個營業日達本中心作業要點第四條第一項第一款,-0.020912547528517123,-0.03883495145631066,-0.06262626262626259,-0.11787072243346008,-0.020912547528517123,-0.11787072243346008,-0.05893536121673004,0.0662525879917184,-0.039337474120082816,0.024844720496894457,0.01778656126482203,-0.08300395256916993,-0.021739130434782594,0.030000000000000027,-0.07199999999999995,-0.010000000000000009,0.021825396825396748,-0.07936507936507942,-0.017857142857142905,0.03206412825651306,-0.0701402805611222,-0.008016032064128265,0.01980198019801982,-0.08118811881188115,-0.01980198019801982
6584,2025-11-19,2025-11-20,2025-12-03,10,最近10個營業日內有6個營業日,0.11484593837535018,-0.06909547738693467,-0.03238866396761131,0.004201680672268893,0.11484593837535018,0.004201680672268893,0.037815126050420256,0.1775147928994083,0.06065088757396442,0.09615384615384626,0.18452380952380953,0.06696428571428581,0.1026785714285714,0.10709318497913767,-0.0027816411682892728,0.030598052851182223,0.09041095890410955,-0.017808219178082174,0.015068493150685036,0.1274787535410764,0.015580736543909346,0.049575070821529676,0.13068181818181812,0.01846590909090917,0.05255681818181812
6584,2026-02-10,2026-02-11,2026-03-06,10,連續5個營業日,-0.10357142857142854,-0.09960159362549803,0.0,-0.19285714285714284,-0.10357142857142854,-0.19285714285714284,-0.19285714285714284,-0.15393258426966294,-0.23820224719101124,-0.23820224719101124,-0.1344827586206897,-0.2206896551724138,-0.2206896551724138,-0.1443181818181818,-0.2295454545454545,-0.2295454545454545,-0.14236902050113898,-0.22779043280182232,-0.22779043280182232,-0.07037037037037042,-0.16296296296296298,-0.16296296296296298,-0.11097992916174737,-0.19952774498229042,-0.19952774498229042
6584,2026-03-24,2026-03-25,2026-04-09,10,因連續3個營業日達本中心作業要點第四條第一項第一款,0.11132075471698122,0.04414261460101865,0.02276422764227637,0.18679245283018875,0.11132075471698122,0.18679245283018875,0.1603773584905661,0.027923211169284423,0.09773123909249559,0.0732984293193717,0.09074074074074079,0.16481481481481475,0.13888888888888884,-0.0016949152542372614,0.0661016949152542,0.04237288135593231,-0.021594684385382035,0.04485049833887045,0.021594684385382035,0.006837606837606813,0.07521367521367517,0.05128205128205132,-0.026446280991735516,0.03966942148760322,0.016528925619834656
6584,2026-03-27,2026-03-30,2026-04-14,10,因連續3個營業日達本中心作業要點第四條第一項第一款,0.18305084745762712,-0.025787965616045794,-0.05882352941176472,0.0847457627118644,0.18305084745762712,0.0847457627118644,0.15254237288135597,0.15946843853820591,0.06312292358803995,0.12956810631229243,0.19316239316239314,0.09401709401709413,0.16239316239316248,0.15371900826446283,0.05785123966942152,0.12396694214876036,0.19931271477663226,0.09965635738831624,0.16838487972508598,0.10268562401263814,0.011058451816745585,0.07424960505529232,0.029498525073746285,-0.05604719764011801,0.002949852507374562
6588,2026-02-03,2026-02-04,2026-02-26,10,因連續3個營業日達本中心作業要點第四條第一項第一款,0.7701863354037266,-0.04385964912280704,0.05504587155963292,0.7857142857142856,0.7701863354037266,0.7857142857142856,0.6925465838509315,0.645021645021645,0.6594516594516595,0.572871572871573,0.6056338028169015,0.619718309859155,0.5352112676056338,0.5261044176706826,0.5394912985274432,0.4591700133868808,0.35391923990498797,0.3657957244655581,0.29453681710213764,0.2666666666666666,0.2777777777777777,0.21111111111111103,0.1399999999999999,0.1499999999999999,0.09000000000000008
6588,2026-02-24,2026-02-25,2026-03-11,10,因連續3個營業日達本中心作業要點第四條第一項第一款,-0.27782805429864255,-0.027568922305764465,0.028350515463917647,-0.27782805429864255,-0.27782805429864255,-0.27782805429864255,-0.297737556561086,-0.24360189573459723,-0.24360189573459723,-0.2644549763033176,-0.26788990825688075,-0.26788990825688075,-0.2880733944954129,-0.3120689655172414,-0.3120689655172414,-0.3310344827586207,-0.14377682403433478,-0.14377682403433478,-0.1673819742489271,-0.12786885245901647,-0.12786885245901647,-0.15191256830601096,-0.014814814814814836,-0.014814814814814836,-0.041975308641975406
6588,2026-03-02,2026-03-03,2026-03-16,10,因連續3個營業日達本中心作業要點第四條第一項第一款,-0.2543103448275862,0.09942196531791891,0.0,-0.18017241379310345,-0.2543103448275862,-0.18017241379310345,-0.18017241379310345,-0.07188841201716745,0.020386266094420513,0.020386266094420513,-0.05464480874316935,0.03934426229508192,0.03934426229508192,0.06790123456790131,0.17407407407407405,0.17407407407407405,0.19972260748959791,0.3190013869625521,0.3190013869625521,0.19972260748959791,0.3190013869625521,0.3190013869625521,0.22175141242937868,0.3432203389830508,0.3432203389830508
6591,2025-05-19,2025-05-20,2025-06-03,10,連續三次,0.03129251700680258,0.014511873350923521,-0.05851755526657998,-0.014965986394557707,0.03129251700680258,-0.014965986394557707,0.04625850340136073,0.003973509933774766,-0.041059602649006544,0.018543046357615944,-0.011734028683181297,-0.05606258148631027,0.0026075619295957697,-0.08674698795180724,-0.12771084337349392,-0.0734939759036144,-0.07221542227662181,-0.11383108935128516,-0.05875152998776001,-0.0091503267973857,-0.053594771241829986,0.005228758169934622,-0.0699386503067485,-0.11165644171779132,-0.05644171779141094
6593,2025-06-02,2025-06-03,2025-06-18,12,連續3個營業日及沖銷標準,-0.06779661016949157,0.06853146853146863,-0.09816753926701571,-0.10169491525423724,-0.06779661016949157,-0.10169491525423724,-0.003911342894393655,0.024355300859598916,-0.012893982808022786,0.09455587392550147,0.02877697841726623,-0.008633093525179825,0.09928057553956848,0.10510046367851622,0.06491499227202469,0.1808346213292118,0.09831029185867912,0.058371735791090895,0.17357910906298013,0.10681114551083604,0.06656346749226016,0.1826625386996905,0.08662613981762912,0.047112462006079214,0.16109422492401237
6596,2025-05-14,2025-05-15,2025-05-28,10,因連續3個營業日達本中心作業要點第四條第一項第一款,0.07851239669421495,-0.026819923371647514,-0.007874015748031482,0.04132231404958686,0.07851239669421495,0.04132231404958686,0.04958677685950419,0.10593220338983045,0.06779661016949157,0.07627118644067798,0.10593220338983045,0.06779661016949157,0.07627118644067798,0.10126582278481022,0.06329113924050622,0.07172995780590719,0.027559055118110187,-0.007874015748031482,0.0,-0.04395604395604391,-0.07692307692307687,-0.06959706959706957,-0.015094339622641506,-0.049056603773584895,-0.04150943396226414
6613,2026-06-17,2026-06-18,2026-07-02,10,因連續3個營業日達本中心作業要點第四條第一項第一款,0.05337078651685401,-0.01866666666666672,-0.021739130434782594,0.011235955056179803,0.05337078651685401,0.011235955056179803,0.03370786516853941,-0.02088772845953002,-0.06005221932114879,-0.03916449086161877,-0.049429657794676785,-0.0874524714828897,-0.06717363751584282,0.04166666666666674,0.0,0.022222222222222143,0.035911602209944826,-0.0055248618784530246,0.016574585635359185,0.04748603351955305,0.005586592178770999,0.027932960893854775,0.12107623318385641,0.07623318385650224,0.1001494768310911
6617,2026-07-07,2026-07-08,2026-07-22,10,因連續3個營業日達本中心作業要點第四條第一項第一款,-0.09771689497716896,0.0,-0.09210526315789469,-0.1808219178082191,-0.09771689497716896,-0.1808219178082191,-0.09771689497716896,-0.14086956521739136,-0.21999999999999997,-0.14086956521739136,-0.10181818181818181,-0.18454545454545457,-0.10181818181818181,-0.07663551401869162,-0.16168224299065415,-0.07663551401869162,-0.050000000000000044,-0.13749999999999996,-0.050000000000000044,-0.08940092165898617,-0.17327188940092164,-0.08940092165898617,-0.10181818181818181,-0.18454545454545457,-0.10181818181818181
6620,2026-06-25,2026-06-26,2026-07-09,10,因連續3個營業日達本中心作業要點第四條第一項第一款,-0.0050000000000000044,-0.01005025125628145,-0.08527918781725896,-0.09900000000000009,-0.0050000000000000044,-0.09900000000000009,-0.015000000000000013,0.06989247311827951,-0.031182795698924792,0.05913978494623651,0.041884816753926746,-0.056544502617801085,0.03141361256544495,0.03537981269510926,-0.06243496357960454,0.024973985431841816,-0.02450980392156865,-0.1166666666666667,-0.03431372549019607,-0.0050000000000000044,-0.09900000000000009,-0.015000000000000013,-0.043269230769230727,-0.13365384615384623,-0.05288461538461542
6624,2025-12-02,2025-12-03,2025-12-16,10,因連續3個營業日達本中心作業要點第四條第一項第一款,0.05290102389078499,0.0016207455429497752,-0.004854368932038833,0.04948805460750849,0.05290102389078499,0.04948805460750849,0.05460750853242313,0.011475409836065653,0.008196721311475308,0.013114754098360715,-0.07218045112781946,-0.07518796992481203,-0.07067669172932334,,,,-0.04043545878693611,-0.043545878693623585,-0.038880248833592534,-0.12729844413012725,-0.13012729844413018,-0.125884016973126,-0.17733333333333334,-0.18000000000000005,-0.17600000000000005
6643,2026-04-23,2026-04-24,2026-05-08,10,連續5個營業日,0.0688468158347677,0.025764895330112614,0.07221350078492939,0.17555938037865748,0.0688468158347677,0.17555938037865748,0.09638554216867479,0.065180102915952,0.17152658662092635,0.09262435677530023,0.13528336380255945,0.2486288848263254,0.16453382084095058,0.17836812144212533,0.29601518026565454,0.20872865275142316,0.1149012567324954,0.22621184919210058,0.14362657091561948,0.11290322580645151,0.22401433691756267,0.1415770609318996,-0.004807692307692291,0.09455128205128216,0.02083333333333326
6654,2026-06-01,2026-06-02,2026-06-15,10,因連續3個營業日達本中心作業要點第四條第一項第一款,0.016172506738544534,0.09814323607427067,0.0,0.11590296495956864,0.016172506738544534,0.11590296495956864,0.11590296495956864,0.1355421686746987,0.24698795180722888,0.24698795180722888,0.14939024390243905,0.2621951219512195,0.2621951219512195,0.11209439528023601,0.22123893805309724,0.22123893805309724,0.22402597402597402,0.3441558441558441,0.3441558441558441,0.12202380952380953,0.2321428571428572,0.2321428571428572,0.15644171779141103,0.26993865030674846,0.26993865030674846
6658,2026-04-28,2026-04-29,2026-05-13,10,連續三次,0.4843205574912892,0.014084507042253502,-0.10648148148148151,0.3449477351916377,0.4843205574912892,0.3449477351916377,0.505226480836237,0.41999999999999993,0.2866666666666666,0.43999999999999995,0.3786407766990292,0.2491909385113269,0.3980582524271845,0.45890410958904115,0.32191780821917804,0.47945205479452047,0.27544910179640714,0.1556886227544909,0.2934131736526946,0.3354231974921631,0.21003134796238254,0.35423197492163006,0.33125000000000004,0.20625000000000004,0.3500000000000001
6658,2026-05-04,2026-05-05,2026-05-18,10,連續三次,0.3904109589041096,0.0,-0.09852216748768472,0.2534246575342465,0.3904109589041096,0.2534246575342465,0.3904109589041096,0.21556886227544902,0.09580838323353302,0.21556886227544902,0.2727272727272727,0.14733542319749215,0.2727272727272727,0.26875000000000004,0.14375000000000004,0.26875000000000004,0.22289156626506035,0.10240963855421681,0.22289156626506035,0.04909560723514206,-0.054263565891472854,0.04909560723514206,0.046391752577319645,-0.05670103092783507,0.046391752577319645
6668,2025-04-14,2025-04-15,2025-04-28,10,連續三次,0.09350237717908083,0.005797101449275477,0.023054755043227626,0.12519809825673534,0.09350237717908083,0.12519809825673534,0.09984152139461178,0.005830903790087438,0.03498542274052485,0.011661807580175099,0.03915662650602392,0.06927710843373491,0.04518072289156616,0.0,0.02898550724637672,0.005797101449275477,-0.011461318051575908,0.017191977077363862,-0.005730659025787843,0.05022831050228316,0.08066971080669716,0.05631659056316596,0.06976744186046502,0.10077519379844957,0.0759689922480622
6683,2026-02-03,2026-02-04,2026-02-26,10,因連續3個營業日達本中心作業要點第四條第一項第一款,0.326086956521739,-0.060109289617486295,0.012790697674418539,0.2623188405797101,0.326086956521739,0.2623188405797101,0.24637681159420288,0.2364864864864864,0.1770270270270271,0.16216216216216206,0.34558823529411775,0.28088235294117636,0.2647058823529411,0.18369987063389392,0.12677878395860276,0.11254851228978002,0.24151967435549526,0.18181818181818188,0.16689280868385348,0.24151967435549526,0.18181818181818188,0.16689280868385348,0.11449451887941531,0.06090133982947621,0.047503045066991545
6683,2026-02-06,2026-02-09,2026-03-04,10,因連續3個營業日達本中心作業要點第四條第一項第一款,-0.02975420439844756,0.10000000000000009,0.0,0.06727037516170764,-0.02975420439844756,0.06727037516170764,0.06727037516170764,0.01763907734056991,0.11940298507462677,0.11940298507462677,0.01763907734056991,0.11940298507462677,0.11940298507462677,-0.08647990255785631,0.004872107186357999,0.004872107186357999,-0.11137440758293837,-0.02251184834123221,-0.02251184834123221,-0.07975460122699385,0.012269938650306678,0.012269938650306678,-0.1071428571428571,-0.017857142857142905,-0.017857142857142905
6683,2026-03-13,2026-03-16,2026-03-27,10,因連續3個營業日達本中心作業要點第四條第一項第一款,0.20434782608695645,0.054151624548736566,0.041095890410958846,0.3217391304347825,0.20434782608695645,0.3217391304347825,0.26956521739130435,0.17372881355932202,0.2881355932203389,0.23728813559322037,0.16877637130801681,0.28270042194092837,0.23206751054852326,0.20434782608695645,0.3217391304347825,0.26956521739130435,0.1306122448979592,0.24081632653061225,0.19183673469387763,0.11693548387096775,0.22580645161290325,0.17741935483870974,0.14937759336099576,0.2614107883817427,0.2116182572614107
6683,2026-04-10,2026-04-13,2026-04-24,10,最近10個營業日內有6個營業日,0.07352941176470584,0.06849315068493156,-0.12307692307692308,0.00588235294117645,0.07352941176470584,0.00588235294117645,0.1470588235294117,-0.018817204301075252,-0.08064516129032262,0.048387096774193505,0.028169014084507005,-0.036619718309859106,0.09859154929577474,-0.0641025641025641,-0.12307692307692308,0.0,-0.03947368421052633,-0.09999999999999998,0.026315789473684292,-0.03947368421052633,-0.09999999999999998,0.026315789473684292,-0.051948051948051965,-0.11168831168831173,0.01298701298701288
6683,2026-05-06,2026-05-07,2026-05-20,10,因連續3個營業日達本中心作業要點第四條第一項第一款,-0.25210084033613445,0.05617977528089879,-0.10372340425531912,-0.29201680672268904,-0.25210084033613445,-0.29201680672268904,-0.2100840336134454,-0.23275862068965514,-0.2737068965517241,-0.18965517241379315,-0.17592592592592593,-0.21990740740740744,-0.12962962962962965,-0.2210065645514223,-0.262582056892779,-0.1772428884026258,-0.16627634660421542,-0.2107728337236534,-0.11943793911007028,-0.07532467532467535,-0.12467532467532472,-0.023376623376623384,-0.06068601583113453,-0.1108179419525066,-0.0079155672823219
6683,2026-06-26,2026-06-29,2026-07-13,10,最近10個營業日內有6個營業日,-0.014705882352941124,-0.0268656716417911,-0.07361963190184051,-0.11176470588235299,-0.014705882352941124,-0.11176470588235299,-0.04117647058823526,-0.03458213256484155,-0.12968299711815567,-0.060518731988472574,-0.03179190751445082,-0.12716763005780352,-0.05780346820809246,-0.05633802816901412,-0.14929577464788735,-0.08169014084507042,-0.053672316384180796,-0.14689265536723162,-0.07909604519774016,-0.07202216066481992,-0.1634349030470914,-0.09695290858725758,-0.053672316384180796,-0.14689265536723162,-0.07909604519774016
6683,2026-07-21,2026-07-22,2026-08-04,10,連續3個營業日,-0.09166666666666667,0.0688073394495412,0.025751072961373467,-0.004166666666666652,-0.09166666666666667,-0.004166666666666652,-0.029166666666666674,-0.10655737704918034,-0.020491803278688492,-0.04508196721311475,-0.06437768240343344,0.025751072961373467,0.0,-0.08786610878661083,0.0,-0.025104602510460206,0.03809523809523818,0.13809523809523805,0.10952380952380958,0.04807692307692313,0.14903846153846145,0.12019230769230771,0.29300118623962046,0.41755634638196915,0.3819691577698696
6693,2026-06-23,2026-06-24,2026-07-07,10,因連續3個營業日達本中心作業要點第四條第一項第一款,0.09933774834437092,-0.004016064257028162,-0.016129032258064502,0.07726269315673284,0.09933774834437092,0.07726269315673284,0.09492273730684331,-0.04961832061068705,-0.06870229007633588,-0.05343511450381677,0.024691358024691468,0.004115226337448652,0.020576131687242816,0.13181818181818183,0.10909090909090913,0.1272727272727272,0.08260869565217388,0.0608695652173914,0.07826086956521738,0.039665970772442494,0.018789144050104456,0.035490605427974886,0.07792207792207795,0.05627705627705626,0.07359307359307365
6715,2026-03-12,2026-03-13,2026-03-26,10,連續三次,0.09152542372881345,-0.06521739130434778,0.1428571428571428,0.16610169491525428,0.09152542372881345,0.16610169491525428,0.02033898305084736,0.04885993485342022,0.12052117263843654,-0.019543973941368087,0.05228758169934644,0.12418300653594772,-0.016339869281045805,0.05057096247960846,0.1223491027732464,-0.01794453507340943,-0.05294117647058827,0.0117647058823529,-0.11470588235294121,-0.12380952380952381,-0.06394557823129254,-0.18095238095238098,0.03870967741935494,0.10967741935483866,-0.029032258064516148
6715,2026-03-17,2026-03-18,2026-03-31,10,連續三次,0.00978792822185981,0.09854604200323092,-0.030882352941176472,0.07504078303425765,0.00978792822185981,0.07504078303425765,0.10929853181076665,-0.08970588235294119,-0.030882352941176472,0.0,-0.15782312925170072,-0.10340136054421767,-0.07482993197278909,-0.001612903225806428,0.06290322580645169,0.09677419354838701,0.006504065040650486,0.07154471544715446,0.10569105691056913,0.016420361247947435,0.08210180623973717,0.1165845648604269,-0.0476923076923077,0.013846153846153841,0.04615384615384621
6715,2026-06-24,2026-06-25,2026-07-08,10,連續三次,-0.15697674418604646,0.0011494252873562871,-0.10103329506314584,-0.24127906976744184,-0.15697674418604646,-0.24127906976744184,-0.15600775193798455,-0.1030927835051546,-0.19278350515463916,-0.10206185567010306,-0.07446808510638303,-0.16702127659574473,-0.07340425531914896,0.021126760563380254,-0.08098591549295775,0.02230046948356801,-0.011363636363636354,-0.11022727272727273,-0.010227272727272751,0.0,-0.09999999999999998,0.0011494252873562871,-0.020270270270270285,-0.1182432432432432,-0.019144144144144115
6716,2026-02-25,2026-02-26,2026-03-12,10,因連續3個營業日達本中心作業要點第四條第一項第一款,-0.1845303867403315,-0.020325203252032575,0.03734439834024905,-0.1712707182320442,-0.1845303867403315,-0.1712707182320442,-0.2011049723756907,-0.21489361702127663,-0.2021276595744681,-0.23085106382978726,-0.3004739336492891,-0.2890995260663507,-0.3146919431279621,-0.23125000000000007,-0.21875,-0.24687500000000007,-0.19782608695652182,-0.18478260869565222,-0.21413043478260874,-0.10000000000000009,-0.08536585365853655,-0.11829268292682926,-0.0013531799729364913,0.014884979702300294,-0.021650879566982528
6716,2026-03-03,2026-03-04,2026-03-17,10,因連續3個營業日達本中心作業要點第四條第一項第一款,-0.15625,-0.025925925925925908,0.12927756653992373,-0.07187500000000002,-0.15625,-0.07187500000000002,-0.17812499999999998,-0.11956521739130432,-0.03152173913043488,-0.142391304347826,-0.012195121951219523,0.08658536585365839,-0.03780487804878041,0.09607577807848444,0.20568335588633269,0.06765899864682012,0.09607577807848444,0.20568335588633269,0.06765899864682012,0.139240506329114,0.25316455696202533,0.10970464135021119,0.08000000000000007,0.18799999999999994,0.052000000000000046
6727,2025-08-08,2025-08-11,2025-08-22,10,因連續3個營業日達本中心作業要點第四條第一項第一款,0.34615384615384626,0.02857142857142847,0.0,0.3846153846153846,0.34615384615384626,0.3846153846153846,0.3846153846153846,0.28676470588235303,0.32352941176470584,0.32352941176470584,0.1945392491467577,0.22866894197952226,0.22866894197952226,0.14006514657980462,0.17263843648208477,0.17263843648208477,-0.014084507042253502,0.014084507042253502,0.014084507042253502,0.002865329512893977,0.03151862464183375,0.03151862464183375,-0.03581267217630857,-0.008264462809917328,-0.008264462809917328
6727,2025-08-13,2025-08-14,2025-08-27,10,因連續3個營業日達本中心作業要點第四條第一項第一款,0.2052117263843649,0.0,0.07567567567567557,0.2964169381107491,0.2052117263843649,0.2964169381107491,0.2052117263843649,0.04225352112676051,0.12112676056338034,0.04225352112676051,0.06017191977077374,0.1404011461318051,0.06017191977077374,0.019283746556473913,0.09641873278236912,0.019283746556473913,0.15625,0.2437499999999999,0.15625,0.08187134502923987,0.16374269005847952,0.08187134502923987,0.0393258426966292,0.1179775280898876,0.0393258426966292
6727,2025-08-18,2025-08-19,2025-09-01,10,因連續3個營業日達本中心作業要點第四條第一項第一款,0.09641873278236912,0.002512562814070307,-0.005012531328320802,0.09366391184573009,0.09641873278236912,0.09366391184573009,0.09917355371900816,0.2437499999999999,0.2406250000000001,0.24687499999999996,0.16374269005847952,0.1608187134502923,0.16666666666666674,0.1179775280898876,0.11516853932584259,0.1207865168539326,0.10555555555555562,0.10277777777777786,0.10833333333333339,0.10555555555555562,0.10277777777777786,0.10833333333333339,0.13714285714285723,0.13428571428571434,0.1399999999999999
6727,2025-10-28,2025-10-29,2025-11-11,10,最近10個營業日內有6個營業日,-0.037634408602150504,0.0,-0.0977653631284916,-0.13172043010752688,-0.037634408602150504,-0.13172043010752688,-0.037634408602150504,-0.005555555555555536,-0.10277777777777775,-0.005555555555555536,-0.0027855153203342198,-0.10027855153203347,-0.0027855153203342198,-0.005555555555555536,-0.10277777777777775,-0.005555555555555536,-0.021857923497267784,-0.11748633879781423,-0.021857923497267784,-0.021857923497267784,-0.11748633879781423,-0.021857923497267784,-0.016483516483516536,-0.11263736263736268,-0.016483516483516536
6727,2026-03-17,2026-03-18,2026-03-31,10,因連續3個營業日達本中心作業要點第四條第一項第一款,0.008517887563884052,0.07094594594594605,0.02681388012618302,0.10902896081771729,0.008517887563884052,0.10902896081771729,0.08006814310051102,0.06474820143884896,0.17086330935251803,0.14028776978417268,-0.02631578947368418,0.07072368421052633,0.04276315789473695,0.04593639575971742,0.15017667844522964,0.12014134275618371,0.03315881326352521,0.1361256544502618,0.10645724258289713,0.1212121212121211,0.23295454545454541,0.2007575757575757,0.049645390070921946,0.1542553191489362,0.12411347517730498
6727,2026-04-07,2026-04-08,2026-04-21,10,因連續3個營業日達本中心作業要點第四條第一項第一款,0.16172506738544468,0.010440835266821269,0.06429391504018378,0.2493261455525606,0.16172506738544468,0.2493261455525606,0.17385444743935308,0.1680216802168022,0.25609756097560976,0.18021680216802172,0.026190476190476097,0.10357142857142865,0.036904761904761996,0.14780292942743012,0.23435419440745675,0.15978695073235683,0.09669211195928762,0.17938931297709915,0.10814249363867678,0.13421052631578956,0.21973684210526323,0.14605263157894743,0.13570487483530957,0.22134387351778662,0.14756258234519115
6727,2026-07-21,2026-07-22,2026-08-04,10,連續3個營業日,0.07714701601164475,0.055405405405405395,0.04225352112676051,0.18486171761280934,0.07714701601164475,0.18486171761280934,0.13682678311499274,-0.02631578947368418,0.07105263157894748,0.02763157894736845,0.0,0.10000000000000009,0.055405405405405395,-0.006711409395973145,0.09261744966442964,0.04832214765100673,0.033519553072625774,0.13687150837988837,0.09078212290502785,0.1821086261980831,0.3003194888178913,0.24760383386581464,0.3285457809694794,0.4614003590664273,0.40215439856373436
6733,2025-08-20,2025-08-21,2025-09-03,10,因連續3個營業日達本中心作業要點第四條第一項第一款,0.1911764705882355,0.00411522633744843,-0.05327868852459006,0.13235294117647078,0.1911764705882355,0.13235294117647078,0.196078431372549,0.18536585365853653,0.12682926829268304,0.19024390243902434,0.19263803680981595,0.13374233128834367,0.19754601226993862,0.15714285714285725,0.10000000000000009,0.16190476190476177,0.1070615034168565,0.05239179954441919,0.11161731207289294,0.029661016949152463,-0.021186440677966045,0.03389830508474567,0.03624733475479758,-0.01492537313432829,0.04051172707889128
6735,2025-09-03,2025-09-04,2025-09-17,10,因連續3個營業日達本中心作業要點第四條第一項第一款,0.08321579689703795,-0.03515625,0.1390013495276654,0.1904090267983074,0.08321579689703795,0.1904090267983074,0.04513399153737652,0.013192612137203241,0.11345646437994739,-0.02242744063324542,-0.007751937984496249,0.0904392764857882,-0.04263565891472887,-0.015384615384615441,0.0820512820512822,-0.050000000000000044,-0.015384615384615441,0.0820512820512822,-0.050000000000000044,-0.06112469437652812,0.03178484107579482,-0.09413202933985332,-0.027848101265822822,0.06835443037974698,-0.06202531645569631
6735,2026-04-24,2026-04-27,2026-05-11,10,因連續3個營業日達本中心作業要點第四條第一項第一款,-0.06015037593984962,0.040000000000000036,0.04230769230769238,0.018796992481203034,-0.06015037593984962,0.018796992481203034,-0.022556390977443663,-0.07407407407407407,0.0037037037037037646,-0.03703703703703709,-0.1071428571428571,-0.03214285714285714,-0.0714285714285714,0.016260162601626105,0.10162601626016254,0.05691056910569103,0.008064516129032251,0.092741935483871,0.048387096774193505,0.024590163934426146,0.11065573770491799,0.06557377049180335,-0.14089347079037806,-0.06872852233676974,-0.10652920962199308
6735,2026-04-29,2026-04-30,2026-05-14,10,因連續3個營業日達本中心作業要點第四條第一項第一款,0.11788617886178865,-0.054545454545454564,-0.0461538461538461,0.008130081300812941,0.11788617886178865,0.008130081300812941,0.05691056910569103,0.1088709677419355,0.0,0.048387096774193505,0.12704918032786883,0.016393442622950838,0.06557377049180335,-0.054982817869415834,-0.147766323024055,-0.10652920962199308,0.07843137254901955,-0.027450980392156876,0.019607843137254832,0.06589147286821695,-0.03875968992248058,0.007751937984496138,0.08695652173913038,-0.01976284584980237,0.027667984189723382
6739,2025-02-13,2025-02-14,2025-02-27,10,因連續3個營業日達本中心作業要點第四條第一項第一款,0.07581227436823101,-0.020134228187919434,0.010273972602739656,0.06498194945848379,0.07581227436823101,0.06498194945848379,0.054151624548736566,0.01016949152542379,0.0,-0.01016949152542368,-0.09284627092846276,-0.10197869101978696,-0.11111111111111116,-0.018121911037891292,-0.028006589785831926,-0.03789126853377267,-0.05546751188589538,-0.0649762282091918,-0.0744849445324881,-0.07020280811232449,-0.0795631825273011,-0.08892355694227772,-0.04180064308681675,-0.05144694533762062,-0.06109324758842438
6739,2025-02-18,2025-02-19,2025-03-05,10,因連續3個營業日達本中心作業要點第四條第一項第一款,-0.0032948929159802853,-0.011570247933884281,-0.08862876254180607,-0.10214168039538718,-0.0032948929159802853,-0.10214168039538718,-0.014827018121911006,-0.04120443740095092,-0.13629160063391443,-0.05229793977812991,-0.05616224648985957,-0.1497659906396256,-0.06708268330733225,-0.02733118971061088,-0.1237942122186495,-0.03858520900321538,-0.008196721311475419,-0.10655737704918034,-0.01967213114754096,-0.06635802469135799,-0.15895061728395066,-0.0771604938271605,-0.05320813771517996,-0.14710485133020346,-0.06416275430359941
6739,2025-06-25,2025-06-26,2025-07-11,12,連續3個營業日及沖銷標準,0.005012531328320913,-0.007481296758104716,-0.0766331658291457,-0.07894736842105265,0.005012531328320913,-0.07894736842105265,-0.0025062656641604564,0.09562841530054644,0.004098360655737654,0.08743169398907114,0.06933333333333325,-0.020000000000000018,0.06133333333333324,0.08672086720867211,-0.004065040650406471,0.07859078590785917,0.11388888888888893,0.02083333333333326,0.10555555555555562,0.09863013698630141,0.006849315068493178,0.09041095890410955,0.06366047745358094,-0.025198938992042397,0.0557029177718833
6739,2026-02-02,2026-02-03,2026-02-25,10,因連續3個營業日達本中心作業要點第四條第一項第一款,0.10022026431718056,0.026026026026026106,0.06829268292682933,0.20594713656387675,0.10022026431718056,0.20594713656387675,0.12885462555066085,0.14827586206896548,0.2586206896551724,0.17816091954022983,0.14959723820483317,0.2600690448791714,0.17951668584579972,0.14959723820483317,0.2600690448791714,0.17951668584579972,0.13137032842582097,0.24009060022650064,0.16081540203850508,0.16842105263157903,0.2807017543859649,0.19883040935672525,0.18787158145065397,0.30202140309155756,0.21878715814506533
6739,2026-07-31,2026-08-03,2026-08-07,5,連續3個營業日,0.20359281437125754,0.01990049751243772,0.024390243902439046,0.2574850299401197,0.20359281437125754,0.2574850299401197,0.22754491017964074,0.13303269447576094,0.1837655016910935,0.15558060879368663,-0.042857142857142816,0.0,-0.023809523809523836,-0.04739336492891,-0.004739336492891044,-0.028436018957345932,-0.0904977375565611,-0.04977375565610864,-0.07239819004524883,,,,,,
6742,2026-05-22,2026-05-25,2026-06-05,10,連續三次,-0.04132231404958675,-0.09999999999999998,0.044061302681992265,-0.09917355371900827,-0.04132231404958675,-0.09917355371900827,-0.13719008264462806,-0.02684563758389269,-0.08557046979865779,-0.12416107382550334,-0.04132231404958675,-0.09917355371900827,-0.13719008264462806,0.005199306759098743,-0.05545927209705381,-0.09532062391681106,0.0,-0.06034482758620685,-0.09999999999999998,-0.016949152542372836,-0.07627118644067798,-0.11525423728813555,-0.05228758169934644,-0.10947712418300659,-0.1470588235294118
6770,2026-01-08,2026-01-09,2026-01-22,10,連續五次,0.32499999999999996,0.018867924528301883,-0.09722222222222221,0.21875,0.32499999999999996,0.21875,0.34999999999999987,0.2979591836734694,0.19387755102040827,0.3224489795918366,0.24705882352941178,0.1470588235294117,0.2705882352941176,0.2544378698224852,0.15384615384615374,0.2781065088757395,0.24705882352941178,0.1470588235294117,0.2705882352941176,0.19999999999999996,0.10377358490566047,0.22264150943396221,0.02580645161290329,-0.056451612903225756,0.04516129032258065
6770,2026-06-01,2026-06-02,2026-06-15,10,連續三次,-0.1574712643678161,0.023192360163710735,-0.053333333333333344,-0.1839080459770115,-0.1574712643678161,-0.1839080459770115,-0.13793103448275867,-0.1670454545454546,-0.19318181818181823,-0.1477272727272727,-0.1158021712907118,-0.1435464414957781,-0.09529553679131486,-0.04805194805194812,-0.07792207792207795,-0.025974025974025983,0.09077380952380953,0.05654761904761907,0.1160714285714286,0.04119318181818166,0.008522727272727293,0.06534090909090895,0.09402985074626868,0.05970149253731338,0.11940298507462677
6785,2025-10-07,2025-10-08,2025-10-22,10,因連續3個營業日達本中心作業要點第四條第一項第一款,0.07835820895522394,-0.02595155709342556,-0.03730017761989346,0.011194029850746245,0.07835820895522394,0.011194029850746245,0.050373134328358216,0.07037037037037042,0.0037037037037037646,0.042592592592592515,0.09677419354838701,0.028462998102466885,0.06831119544592035,0.04144144144144146,-0.023423423423423406,0.01441441441441449,0.04144144144144146,-0.023423423423423406,0.01441441441441449,0.012259194395796813,-0.05078809106830118,-0.014010507880910628,0.010489510489510412,-0.05244755244755239,-0.01573426573426573
6785,2026-03-04,2026-03-05,2026-03-18,10,因連續3個營業日達本中心作業要點第四條第一項第一款,0.1384180790960452,-0.037220843672456594,-0.06443298969072164,0.025423728813559254,0.1384180790960452,0.025423728813559254,0.09604519774011289,0.04947916666666674,-0.0546875,0.01041666666666674,0.1613832853025936,0.04610951008645525,0.11815561959654186,0.07754010695187175,-0.02941176470588236,0.03743315508021383,0.038659793814433074,-0.06443298969072164,0.0,0.06052631578947376,-0.044736842105263186,0.021052631578947434,0.08333333333333326,-0.024193548387096753,0.043010752688172005
6788,2025-12-22,2025-12-23,2026-01-07,10,因連續3個營業日達本中心作業要點第四條第一項第一款,0.11497730711043874,-0.008141112618724522,-0.06429548563611487,0.03479576399394846,0.11497730711043874,0.03479576399394846,0.10590015128593033,0.09023668639053262,0.01183431952662728,0.08136094674556205,0.042432814710042344,-0.032531824611032545,0.03394625176803401,0.052857142857142936,-0.02285714285714291,0.04428571428571426,0.03221288515406173,-0.04201680672268904,0.023809523809523725,-0.008075370121130576,-0.07940780619111709,-0.016150740242261152,-0.042857142857142816,-0.11168831168831173,-0.05064935064935061
6791,2026-04-20,2026-04-21,2026-05-05,10,因連續3個營業日達本中心作業要點第四條第一項第一款,-0.13732394366197187,0.0,-0.04081632653061229,-0.17253521126760563,-0.13732394366197187,-0.17253521126760563,-0.13732394366197187,-0.1058394160583942,-0.14233576642335766,-0.1058394160583942,-0.1123188405797102,-0.14855072463768115,-0.1123188405797102,-0.09926470588235292,-0.13602941176470584,-0.09926470588235292,-0.020000000000000018,-0.06000000000000005,-0.020000000000000018,0.0652173913043479,0.021739130434782705,0.0652173913043479,0.0,-0.04081632653061229,0.0
6806,2026-04-10,2026-04-13,2026-04-24,10,連續三次,0.13075060532687677,0.008565310492505418,-0.08704883227176219,0.041162227602905554,0.13075060532687677,0.041162227602905554,0.14043583535108972,0.2553763440860215,0.15591397849462352,0.2661290322580645,0.39402985074626873,0.28358208955223874,0.4059701492537313,0.06864988558352403,-0.016018306636155666,0.0778032036613272,-0.05273833671399586,-0.12778904665314395,-0.04462474645030412,-0.13837638376383765,-0.2066420664206643,-0.13099630996309963,-0.21644295302013417,-0.2785234899328859,-0.20973154362416102
6806,2026-04-15,2026-04-16,2026-04-29,10,連續三次,0.08924485125858128,-0.004201680672269004,-0.044303797468354444,0.0366132723112127,0.08924485125858128,0.0366132723112127,0.08466819221967947,-0.03448275862068961,-0.08113590263691683,-0.03853955375253548,-0.12177121771217714,-0.16420664206642077,-0.1254612546125462,-0.20134228187919467,-0.23993288590604034,-0.2046979865771813,-0.11359404096834269,-0.15642458100558665,-0.11731843575418999,-0.024590163934426146,-0.07172131147540983,-0.02868852459016391,-0.01039501039501034,-0.058212058212058326,-0.01455301455301461
6806,2026-05-20,2026-05-21,2026-06-03,10,連續三次,-0.325242718446602,-0.09928057553956837,0.0,-0.392233009708738,-0.325242718446602,-0.392233009708738,-0.392233009708738,-0.250269687162891,-0.3247033441208198,-0.3247033441208198,-0.16766467065868262,-0.25029940119760474,-0.25029940119760474,-0.07579787234042545,-0.16755319148936165,-0.16755319148936165,0.026587887740029625,-0.07533234859675031,-0.07533234859675031,0.139344262295082,0.02622950819672143,0.02622950819672143,0.26593806921675767,0.14025500910746813,0.14025500910746813
6806,2026-05-25,2026-05-26,2026-06-08,10,連續三次,-0.29521276595744683,0.016981132075471583,0.024118738404452778,-0.26595744680851063,-0.29521276595744683,-0.26595744680851063,-0.2832446808510638,-0.21713441654357457,-0.18463810930576074,-0.20384047267355987,-0.13114754098360648,-0.09508196721311479,-0.11639344262295082,-0.03460837887067403,0.005464480874316724,-0.01821493624772319,-0.28184281842818426,-0.2520325203252033,-0.26964769647696485,-0.3464858199753391,-0.3193588162762022,-0.3353884093711468,-0.23741007194244612,-0.20575539568345336,-0.22446043165467633
6806,2026-05-28,2026-05-29,2026-06-11,10,連續三次,-0.1839708561020036,-0.09821428571428581,0.0,-0.2641165755919854,-0.1839708561020036,-0.2641165755919854,-0.2641165755919854,-0.3929539295392953,-0.45257452574525747,-0.45257452574525747,-0.44759556103575826,-0.5018495684340321,-0.5018495684340321,-0.35539568345323735,-0.418705035971223,-0.418705035971223,-0.2843450479233226,-0.35463258785942486,-0.35463258785942486,-0.20567375886524808,-0.2836879432624113,-0.2836879432624113,-0.1215686274509803,-0.2078431372549019,-0.2078431372549019
6821,2026-03-30,2026-03-31,2026-04-15,10,因連續3個營業日達本中心作業要點第四條第一項第一款,0.15104166666666652,-0.03167420814479627,-0.04361370716510915,0.0659722222222221,0.15104166666666652,0.0659722222222221,0.11458333333333326,0.17761989342806395,0.09058614564831258,0.1403197158081706,0.15505226480836232,0.06968641114982588,0.11846689895470397,0.16520210896309306,0.07908611599297011,0.1282952548330405,0.25094339622641515,0.1584905660377358,0.21132075471698109,0.20985401459854014,0.12043795620437958,0.17153284671532854,0.20545454545454533,0.11636363636363645,0.16727272727272724
6821,2026-05-28,2026-05-29,2026-06-11,10,因連續3個營業日達本中心作業要點第四條第一項第一款,-0.07300275482093666,0.025260029717682153,-0.021739130434782594,-0.0702479338842974,-0.07300275482093666,-0.0702479338842974,-0.04958677685950408,-0.04403409090909105,-0.04119318181818188,-0.019886363636363757,-0.024637681159420333,-0.021739130434782594,0.0,-0.05211267605633807,-0.04929577464788737,-0.028169014084507005,-0.021802325581395388,-0.018895348837209225,0.0029069767441860517,-0.002962962962963056,0.0,0.022222222222222143,0.09430894308943083,0.09756097560975618,0.12195121951219523
6829,2026-04-17,2026-04-20,2026-05-04,10,因連續3個營業日達本中心作業要點第四條第一項第一款,0.26463700234192045,-0.007407407407407418,0.018656716417910557,0.278688524590164,0.26463700234192045,0.278688524590164,0.2552693208430914,0.134453781512605,0.1470588235294117,0.12605042016806722,0.03250478011472269,0.04397705544933084,0.0248565965583174,-0.060869565217391286,-0.050434782608695605,-0.0678260869565217,0.1020408163265305,0.11428571428571432,0.09387755102040818,0.14406779661016955,0.15677966101694918,0.13559322033898313,0.0546875,0.06640625,0.046875
6829,2026-04-22,2026-04-23,2026-05-07,10,因連續3個營業日達本中心作業要點第四條第一項第一款,-0.03304347826086962,-0.0809352517985612,-0.019569471624266144,-0.128695652173913,-0.03304347826086962,-0.128695652173913,-0.111304347826087,0.13469387755102047,0.022448979591836782,0.04285714285714293,0.17796610169491522,0.06144067796610164,0.08262711864406769,0.0859375,-0.021484375,-0.001953125,0.20869565217391295,0.08913043478260874,0.11086956521739122,0.1255060728744939,0.014170040485830038,0.03441295546558698,0.07751937984496116,-0.029069767441860517,-0.009689922480620172
6829,2026-05-15,2026-05-18,2026-05-29,10,因連續3個營業日達本中心作業要點第四條第一項第一款,0.18253968253968256,0.029082774049216997,0.06739130434782603,0.29894179894179884,0.18253968253968256,0.29894179894179884,0.21693121693121697,0.19199999999999995,0.30933333333333324,0.22666666666666657,0.18253968253968256,0.29894179894179884,0.21693121693121697,0.18253968253968256,0.29894179894179884,0.21693121693121697,0.05673758865248235,0.1607565011820331,0.08747044917257685,0.025229357798165042,0.12614678899082565,0.05504587155963292,-0.013245033112582738,0.08388520971302427,0.015452538631346657
6830,2026-03-04,2026-03-05,2026-03-18,10,連續三次,0.14776119402985066,0.007802340702210753,0.08129032258064517,0.25074626865671634,0.14776119402985066,0.25074626865671634,0.15671641791044766,0.009186351706036655,0.09973753280839892,0.017060367454068137,0.042005420054200604,0.1355013550135502,0.050135501355013545,-0.04826732673267331,0.03712871287128716,-0.04084158415841588,0.02533333333333343,0.11733333333333329,0.03333333333333344,-0.02658227848101269,0.06075949367088618,-0.01898734177215189,0.010512483574244502,0.10118265440210239,0.018396846254927768
6830,2026-03-09,2026-03-10,2026-03-23,10,連續三次,0.1287128712871286,0.06140350877192979,-0.15185950413223137,0.016089108910890992,0.1287128712871286,0.016089108910890992,0.19801980198019797,0.21599999999999997,0.09466666666666668,0.29066666666666663,0.15443037974683538,0.03924050632911391,0.22531645569620262,0.19842312746386326,0.0788436268068331,0.27201051248357433,0.36936936936936937,0.23273273273273265,0.45345345345345356,0.2324324324324325,0.10945945945945956,0.30810810810810807,0.18441558441558437,0.0662337662337662,0.2571428571428571
6830,2026-04-08,2026-04-09,2026-04-22,10,連續三次,0.40600315955766186,0.06292134831460672,-0.15116279069767447,0.268562401263823,0.40600315955766186,0.268562401263823,0.4944707740916272,0.35053110773899854,0.21851289833080423,0.43550834597875565,0.26961483594864477,0.14550641940085596,0.3495007132667618,0.08536585365853666,-0.02073170731707319,0.15365853658536577,0.11809045226130643,0.008793969849246297,0.18844221105527637,0.1083437110834371,0.0,0.17808219178082196,0.050767414403777966,-0.051948051948051965,0.11688311688311681
6830,2026-04-13,2026-04-14,2026-04-27,10,連續三次,-0.20609756097560972,0.0,0.09984639016897079,-0.12682926829268293,-0.20609756097560972,-0.12682926829268293,-0.20609756097560972,-0.1821608040201005,-0.10050251256281406,-0.1821608040201005,-0.1892901618929016,-0.1083437110834371,-0.1892901618929016,-0.23140495867768596,-0.1546635182998819,-0.23140495867768596,-0.2766666666666666,-0.20444444444444443,-0.2766666666666666,-0.2685393258426966,-0.19550561797752808,-0.2685393258426966,-0.28303964757709255,-0.21145374449339205,-0.28303964757709255
6830,2026-06-12,2026-06-15,2026-06-29,10,連續三次,0.028688524590164022,0.003984063745019917,-0.014880952380952328,0.01741803278688514,0.028688524590164022,0.01741803278688514,0.032786885245901676,-0.015686274509803977,-0.026470588235294135,-0.0117647058823529,0.0040000000000000036,-0.007000000000000006,0.008000000000000007,-0.043809523809523854,-0.05428571428571427,-0.040000000000000036,-0.1344827586206897,-0.1439655172413793,-0.13103448275862073,-0.15630252100840336,-0.16554621848739492,-0.15294117647058825,-0.07380073800738007,-0.08394833948339486,-0.07011070110701112
6831,2026-05-14,2026-05-15,2026-05-28,10,連續三次,0.06040268456375841,0.022784810126582178,-0.08168316831683164,-0.004026845637583931,0.06040268456375841,-0.004026845637583931,0.08456375838926178,0.14161849710982666,0.07225433526011571,0.16763005780346818,0.08516483516483508,0.019230769230769162,0.10989010989010994,0.0881542699724518,0.02203856749311295,0.11294765840220378,0.08367626886145407,0.017832647462277196,0.10836762688614532,0.027308192457737412,-0.03511053315994794,0.050715214564369226,0.0,-0.06075949367088607,0.022784810126582178
6831,2026-07-14,2026-07-15,2026-07-28,10,最近十個營業日已有六次,-0.17826086956521736,-0.021164021164021163,-0.07927927927927925,-0.2594202898550725,-0.17826086956521736,-0.2594202898550725,-0.19565217391304346,-0.19915254237288138,-0.27824858757062143,-0.21610169491525422,-0.08842443729903537,-0.17845659163987138,-0.10771704180064312,-0.0854838709677419,-0.1758064516129032,-0.10483870967741937,0.059813084112149584,-0.04485981308411213,0.03738317757009346,-0.05500000000000005,-0.14833333333333332,-0.07499999999999996,-0.17226277372262777,-0.25401459854014596,-0.1897810218978102
6834,2026-05-22,2026-05-25,2026-06-05,10,連續三次,0.01744186046511631,-0.09999999999999998,0.08253968253968269,-0.008720930232558044,0.01744186046511631,-0.008720930232558044,-0.08430232558139528,-0.08376963350785349,-0.10732984293193715,-0.17539267015706816,-0.13580246913580252,-0.15802469135802466,-0.2222222222222222,-0.07651715039577833,-0.10026385224274403,-0.16886543535620047,-0.06666666666666665,-0.09066666666666667,-0.16000000000000003,-0.10256410256410253,-0.12564102564102564,-0.1923076923076923,-0.03448275862068961,-0.059310344827586126,-0.13103448275862073
6834,2026-05-27,2026-05-28,2026-06-10,10,連續三次,-0.07651715039577833,0.05142857142857138,0.03940217391304346,0.00923482849604218,-0.07651715039577833,0.00923482849604218,-0.029023746701847042,-0.06666666666666665,0.020000000000000018,-0.01866666666666672,-0.10256410256410253,-0.019230769230769273,-0.05641025641025643,-0.03448275862068961,0.05517241379310356,0.015172413793103301,-0.04502046384720326,0.043656207366985056,0.004092769440654731,-0.007092198581560294,0.0851063829787233,0.04397163120567371,0.0,0.09285714285714275,0.05142857142857138
6834,2026-06-25,2026-06-26,2026-07-09,10,連續五次,0.05263157894736836,0.10000000000000009,-0.09790209790209792,0.044534412955465674,0.05263157894736836,0.044534412955465674,0.1578947368421053,0.10169491525423724,0.09322033898305082,0.21186440677966112,0.13043478260869557,0.12173913043478257,0.24347826086956514,0.031746031746031855,0.023809523809523725,0.13492063492063489,-0.040590405904059046,-0.047970479704797064,0.05535055350553497,0.011673151750972721,0.0038910505836575737,0.11284046692607008,-0.0714285714285714,-0.07857142857142863,0.021428571428571352
6854,2025-02-14,2025-02-17,2025-03-03,10,最近三十個營業日已有十二次,-0.1807692307692308,-0.014084507042253502,0.02857142857142847,-0.16923076923076918,-0.1807692307692308,-0.16923076923076918,-0.1923076923076923,-0.1712062256809338,-0.15953307392996108,-0.18287937743190663,-0.14629258517034072,-0.13426853707414832,-0.1583166332665331,-0.1839080459770115,-0.1724137931034483,-0.1954022988505747,-0.202247191011236,-0.1910112359550562,-0.2134831460674157,-0.10504201680672265,-0.09243697478991597,-0.11764705882352944,-0.13590263691683568,-0.12373225152129819,-0.14807302231237318
6861,2026-03-02,2026-03-03,2026-03-16,10,連續三次,0.13818181818181818,0.025559105431310014,-0.01869158878504673,0.1454545454545455,0.13818181818181818,0.1454545454545455,0.16727272727272724,0.22745098039215694,0.23529411764705888,0.2588235294117647,0.00967741935483879,0.016129032258064502,0.03548387096774186,0.07931034482758625,0.0862068965517242,0.10689655172413803,0.15498154981549805,0.16236162361623618,0.18450184501845013,0.05387205387205385,0.06060606060606055,0.08080808080808088,-0.042813455657492394,-0.03669724770642202,-0.01834862385321101
6861,2026-03-05,2026-03-06,2026-03-19,10,連續三次,0.1206896551724137,0.09846153846153838,-0.12605042016806722,0.07586206896551717,0.1206896551724137,0.07586206896551717,0.2310344827586206,0.19926199261992616,0.1512915129151291,0.31734317343173424,0.09427609427609429,0.05050505050505061,0.202020202020202,-0.006116207951070374,-0.04587155963302747,0.09174311926605494,-0.0714285714285714,-0.10857142857142854,0.020000000000000018,-0.08192090395480223,-0.11864406779661019,0.008474576271186418,-0.0870786516853933,-0.1235955056179775,0.002808988764045006
6861,2026-04-23,2026-04-24,2026-05-08,10,連續三次,0.504,0.013297872340425565,0.0209973753280841,0.556,0.504,0.556,0.524,0.4029850746268657,0.45149253731343286,0.42164179104477606,0.4433781190019195,0.49328214971209206,0.4625719769673704,0.4135338345864661,0.46240601503759393,0.4323308270676691,0.23278688524590163,0.2754098360655737,0.24918032786885247,0.07428571428571429,0.11142857142857143,0.08857142857142852,-0.00922266139657446,0.025032938076416267,0.0039525691699604515
6861,2026-04-28,2026-04-29,2026-05-13,10,連續三次,0.5789473684210527,0.059523809523809534,0.011235955056179803,0.6917293233082706,0.5789473684210527,0.6917293233082706,0.6729323308270676,0.3770491803278688,0.47540983606557385,0.459016393442623,0.19999999999999996,0.2857142857142858,0.27142857142857135,0.10671936758893286,0.18577075098814233,0.17259552042160742,-0.03448275862068961,0.034482758620689724,0.02298850574712641,0.11702127659574457,0.19680851063829796,0.1835106382978724,0.02941176470588225,0.10294117647058831,0.09068627450980382
6861,2026-05-04,2026-05-05,2026-05-18,10,連續三次,0.19894598155467724,0.02637362637362628,-0.1231263383297645,0.07905138339920947,0.19894598155467724,0.07905138339920947,0.23056653491436108,0.04597701149425282,-0.05862068965517242,0.0735632183908046,0.2101063829787233,0.08909574468085113,0.24202127659574457,0.11519607843137258,0.003676470588235281,0.14460784313725483,0.19422572178477693,0.0748031496062993,0.22572178477690286,0.13749999999999996,0.023749999999999938,0.16749999999999998,0.10036275695284158,-0.0096735187424426,0.12938331318016938
6861,2026-05-07,2026-05-08,2026-05-21,10,連續三次,0.047794117647058876,-0.03625730994152043,0.08980582524271852,0.10049019607843146,0.047794117647058876,0.10049019607843146,0.009803921568627416,0.1220472440944882,0.17847769028871396,0.08136482939632539,0.06875000000000009,0.12250000000000005,0.030000000000000027,0.033857315598548876,0.08585247883917768,-0.0036275695284159193,-0.0393258426966292,0.008988764044943753,-0.07415730337078652,-0.12755102040816324,-0.0836734693877551,-0.15918367346938778,-0.006968641114982632,0.04297328687572599,-0.04297328687572588
6877,2026-03-05,2026-03-06,2026-03-19,10,因連續3個營業日達本中心作業要點第四條第一項第一款,0.125,0.020576131687242816,-0.06451612903225812,0.07407407407407418,0.125,0.07407407407407418,0.14814814814814814,0.2272727272727273,0.1717171717171717,0.2525252525252526,0.14622641509433953,0.09433962264150941,0.16981132075471694,0.19704433497536944,0.1428571428571428,0.2216748768472907,0.13551401869158886,0.08411214953271018,0.1588785046728971,0.23350253807106602,0.17766497461928932,0.25888324873096447,0.0848214285714286,0.03571428571428581,0.1071428571428572
6885,2025-06-09,2025-06-10,2025-06-23,10,連續三次,0.17877906976744184,-0.038224414303329124,-0.02564102564102566,0.10465116279069764,0.17877906976744184,0.10465116279069764,0.13372093023255816,0.23252279635258355,0.1550151975683891,0.18541033434650456,0.20326409495548936,0.12759643916913932,0.1572700296735905,0.21044776119402986,0.13432835820895517,0.16417910447761197,0.23252279635258355,0.1550151975683891,0.18541033434650456,0.20505200594353634,0.12927191679049033,0.15898959881129282,0.2250755287009063,0.14803625377643503,0.17824773413897277
6890,2026-06-08,2026-06-09,2026-06-23,10,連續三次,-0.040322580645161255,0.004201680672268893,0.006276150627614996,-0.030241935483870996,-0.040322580645161255,-0.030241935483870996,-0.03629032258064513,-0.1282051282051282,-0.11904761904761907,-0.12454212454212454,-0.15302491103202842,-0.1441281138790036,-0.14946619217081847,-0.1469534050179212,-0.13799283154121866,-0.14336917562724016,-0.04800000000000004,-0.038000000000000034,-0.04400000000000004,0.072072072072072,0.08333333333333326,0.07657657657657668,0.053097345132743445,0.06415929203539816,0.05752212389380529
6890,2026-06-11,2026-06-12,2026-06-26,10,連續三次,-0.19892473118279574,-0.03579418344519014,-0.06496519721577731,-0.2777777777777778,-0.19892473118279574,-0.2777777777777778,-0.2275985663082437,-0.10599999999999998,-0.19399999999999995,-0.138,0.006756756756756799,-0.09234234234234229,-0.029279279279279313,-0.011061946902654829,-0.1084070796460177,-0.04646017699115046,-0.04893617021276597,-0.14255319148936174,-0.08297872340425527,-0.07261410788381739,-0.1639004149377593,-0.10580912863070535,-0.05095541401273884,-0.1443736730360934,-0.0849256900212314
6895,2025-06-25,2025-06-26,2025-07-09,10,因連續3個營業日達本中心作業要點第四條第一項第一款,0.05142857142857138,0.024456521739130377,0.07161803713527859,0.15428571428571436,0.05142857142857138,0.15428571428571436,0.07714285714285718,0.05142857142857138,0.15428571428571436,0.07714285714285718,0.06358381502890165,0.16763005780346818,0.08959537572254339,0.01098901098901095,0.10989010989010994,0.03571428571428581,0.01098901098901095,0.10989010989010994,0.03571428571428581,-0.021276595744680882,0.07446808510638303,0.0026595744680850686,-0.07537688442211055,0.015075376884422065,-0.05276381909547734
6895,2025-08-13,2025-08-14,2025-08-27,10,因連續3個營業日達本中心作業要點第四條第一項第一款,0.18487394957983194,-0.007092198581560294,-0.023214285714285743,0.14915966386554613,0.18487394957983194,0.14915966386554613,0.17647058823529416,0.04444444444444451,0.012962962962963065,0.03703703703703698,0.07020872865275152,0.03795066413662229,0.06261859582542684,0.029197080291970767,-0.0018248175182481452,0.021897810218978186,0.034862385321100975,0.003669724770642091,0.02752293577981657,0.0542056074766355,0.02242990654205612,0.04672897196261672,0.012567324955116588,-0.01795332136445238,0.0053859964093356805
6895,2025-08-18,2025-08-19,2025-09-01,10,因連續3個營業日達本中心作業要點第四條第一項第一款,-0.0018248175182481452,0.01279707495429605,0.005415162454873723,0.01642335766423364,-0.0018248175182481452,0.01642335766423364,0.010948905109489093,0.003669724770642091,0.022018348623853212,0.016513761467889854,0.02242990654205612,0.04112149532710285,0.03551401869158877,-0.01795332136445238,0.0,-0.0053859964093356805,-0.04035087719298247,-0.02280701754385961,-0.028070175438596467,-0.05689655172413788,-0.03965517241379313,-0.04482758620689653,-0.06013745704467355,-0.04295532646048106,-0.04810996563573888
6895,2025-09-17,2025-09-18,2025-10-02,10,因連續3個營業日達本中心作業要點第四條第一項第一款,0.16767676767676765,-0.02768166089965396,-0.040925266903914626,0.0888888888888888,0.16767676767676765,0.0888888888888888,0.13535353535353534,0.12015503875968991,0.04457364341085279,0.08914728682170536,0.15139442231075706,0.07370517928286846,0.1195219123505975,0.1245136186770428,0.048638132295719894,0.09338521400778199,0.12015503875968991,0.04457364341085279,0.08914728682170536,0.08239700374531833,0.009363295880149725,0.05243445692883886,0.07835820895522394,0.005597014925373234,0.04850746268656714
6903,2026-04-14,2026-04-15,2026-04-28,10,因連續3個營業日達本中心作業要點第四條第一項第一款,0.10389610389610393,-0.04117647058823526,-0.025766871165644134,0.03116883116883118,0.10389610389610393,0.03116883116883118,0.05844155844155852,0.09819121447028434,0.025839793281653645,0.05297157622739013,0.1333333333333333,0.058666666666666645,0.08666666666666667,0.06516290726817053,-0.005012531328320802,0.02130325814536338,0.07868020304568524,0.0076142131979695105,0.03426395939086291,0.07594936708860756,0.005063291139240533,0.03164556962025311,0.08418367346938771,0.012755102040816313,0.039540816326530503
6906,2026-05-27,2026-05-28,2026-06-10,10,連續三次,-0.10377358490566035,-0.011578947368421022,-0.04153354632587869,-0.15094339622641506,-0.10377358490566035,-0.15094339622641506,-0.11415094339622633,-0.16299559471365643,-0.2070484581497798,-0.1726872246696035,-0.13242009132420096,-0.17808219178082196,-0.1424657534246575,-0.09090909090909094,-0.13875598086124397,-0.10143540669856455,-0.06862745098039214,-0.11764705882352944,-0.07941176470588229,-0.09523809523809523,-0.1428571428571429,-0.10571428571428565,-0.07317073170731703,-0.12195121951219512,-0.08390243902439021
6907,2026-02-25,2026-02-26,2026-03-12,10,因連續3個營業日達本中心作業要點第四條第一項第一款,0.29672897196261694,-0.09459459459459463,0.0945273631840795,0.2850467289719627,0.29672897196261694,0.2850467289719627,0.1740654205607477,0.27586206896551735,0.26436781609195403,0.15517241379310343,0.07246376811594213,0.06280193236714982,-0.02898550724637683,0.13265306122448983,0.12244897959183665,0.025510204081632626,0.1100000000000001,0.10000000000000009,0.004999999999999893,0.2197802197802199,0.20879120879120872,0.10439560439560447,0.22516556291390732,0.21412803532008828,0.10927152317880795
6907,2026-03-03,2026-03-04,2026-03-17,10,因連續3個營業日達本中心作業要點第四條第一項第一款,0.346938775510204,0.06818181818181812,0.028368794326241176,0.47959183673469385,0.346938775510204,0.47959183673469385,0.43877551020408156,0.32000000000000006,0.44999999999999996,0.4099999999999999,0.4505494505494505,0.5934065934065933,0.5494505494505495,0.4569536423841061,0.6004415011037529,0.556291390728477,0.19999999999999996,0.3181818181818181,0.28181818181818175,0.3004926108374384,0.4285714285714286,0.38916256157635476,0.31343283582089554,0.4427860696517414,0.4029850746268657
6907,2026-03-20,2026-03-23,2026-04-07,10,因連續3個營業日達本中心作業要點第四條第一項第一款,-0.2727272727272727,0.04629629629629628,0.04867256637168138,-0.202020202020202,-0.2727272727272727,-0.202020202020202,-0.23905723905723908,-0.19402985074626866,-0.11567164179104472,-0.15671641791044777,-0.12195121951219512,-0.03658536585365857,-0.08130081300813008,-0.18796992481203012,-0.10902255639097747,-0.15037593984962405,-0.1074380165289256,-0.02066115702479343,-0.06611570247933884,-0.052631578947368474,0.03947368421052633,-0.00877192982456143,-0.05676855895196509,0.03493449781659397,-0.013100436681222738
6907,2026-03-31,2026-04-01,2026-04-16,10,因連續3個營業日達本中心作業要點第四條第一項第一款,0.3027522935779816,-0.09859154929577463,0.0078125,0.1834862385321101,0.3027522935779816,0.1834862385321101,0.17431192660550465,0.3027522935779816,0.1834862385321101,0.17431192660550465,0.4129353233830846,0.28358208955223874,0.2736318407960199,0.2566371681415929,0.1415929203539823,0.1327433628318584,0.18333333333333335,0.07499999999999996,0.06666666666666665,0.15447154471544722,0.04878048780487809,0.04065040650406515,0.18333333333333335,0.07499999999999996,0.06666666666666665
6907,2026-07-16,2026-07-17,2026-07-30,10,最近10個營業日內有6個營業日,-0.33333333333333337,0.09000000000000008,0.00917431192660545,-0.2666666666666667,-0.33333333333333337,-0.2666666666666667,-0.2733333333333333,-0.3589743589743589,-0.2948717948717948,-0.3012820512820513,-0.26108374384236455,-0.18719211822660098,-0.19458128078817738,-0.3087557603686636,-0.23963133640552992,-0.2465437788018433,-0.295774647887324,-0.22535211267605637,-0.23239436619718312,-0.2924528301886793,-0.22169811320754718,-0.22877358490566035,-0.25,-0.17500000000000004,-0.1825
6916,2025-04-21,2025-04-22,2025-05-06,10,連續三次,0.06028368794326244,0.0117056856187292,-0.05123966942148761,0.01773049645390068,0.06028368794326244,0.01773049645390068,0.07269503546099298,0.12406015037593976,0.07894736842105265,0.1372180451127818,0.14122137404580148,0.09541984732824438,0.15458015267175584,0.14340344168260044,0.09751434034416828,0.1567877629063099,0.08333333333333326,0.03985507246376807,0.09601449275362306,0.08333333333333326,0.03985507246376807,0.09601449275362306,0.09523809523809512,0.05128205128205132,0.10805860805860812
6924,2026-05-19,2026-05-20,2026-06-02,10,連續三次,0.2647058823529411,-0.012919896640826822,-0.015706806282722474,0.2287581699346406,0.2647058823529411,0.2287581699346406,0.24836601307189543,0.1656626506024097,0.1325301204819278,0.1506024096385543,0.17629179331306988,0.1428571428571428,0.16109422492401215,0.17272727272727262,0.1393939393939394,0.15757575757575748,0.18711656441717794,0.15337423312883436,0.17177914110429437,0.1834862385321101,0.14984709480122316,0.16819571865443428,0.17629179331306988,0.1428571428571428,0.16109422492401215
6924,2026-06-12,2026-06-15,2026-06-29,10,連續三次,0.07264957264957261,-0.007968127490039834,-0.032128514056224855,0.029914529914529808,0.07264957264957261,0.029914529914529808,0.0641025641025641,0.10572687224669597,0.06167400881057272,0.09691629955947145,0.1461187214611872,0.10045662100456632,0.13698630136986312,0.07725321888412018,0.03433476394849788,0.06866952789699576,-0.05992509363295884,-0.09737827715355807,-0.0674157303370787,0.0,-0.03984063745019917,-0.007968127490039834,-0.007905138339920903,-0.04743083003952564,-0.015810276679841917
6928,2025-07-31,2025-08-01,2025-08-18,12,連續三次及當日沖銷標準,0.03960396039603964,0.04761904761904767,-0.1324675324675325,-0.05516265912305529,0.03960396039603964,-0.05516265912305529,0.08910891089108897,0.04107648725212476,-0.053824362606232246,0.09065155807365444,0.012396694214876103,-0.07988980716253435,0.060606060606060774,0.015193370165745845,-0.07734806629834268,0.06353591160220984,0.025104602510460206,-0.0683403068340308,0.07391910739191077,0.05150214592274671,-0.04434907010014322,0.10157367668097272,0.10029940119760483,0.0,0.15269461077844326
6933,2025-07-17,2025-07-18,2025-07-31,10,連續三次,0.09948979591836737,-0.023201856148491906,0.05463182897862229,0.13265306122448983,0.09948979591836737,0.13265306122448983,0.07397959183673475,0.0,0.030162412993039345,-0.023201856148491906,-0.00691244239631339,0.02304147465437789,-0.02995391705069128,0.0,0.030162412993039345,-0.023201856148491906,-0.011467889908256867,0.0183486238532109,-0.0344036697247706,-0.02488687782805432,0.004524886877828038,-0.04751131221719462,0.0,0.030162412993039345,-0.023201856148491906
6933,2025-07-22,2025-07-23,2025-08-05,10,連續三次,0.02088167053364276,-0.036363636363636376,0.05660377358490565,0.03944315545243615,0.02088167053364276,0.03944315545243615,-0.016241299303944357,0.00917431192660545,0.02752293577981657,-0.02752293577981646,-0.004524886877828038,0.013574660633484115,-0.040723981900452455,0.02088167053364276,0.03944315545243615,-0.016241299303944357,0.030444964871194413,0.049180327868852514,-0.007025761124121788,-0.0022675736961451642,0.015873015873015817,-0.038548752834467126,0.004566210045662045,0.022831050228310446,-0.03196347031963476
6949,2025-08-06,2025-08-07,2025-08-20,10,連續三次,0.1147011308562198,0.0,0.0304347826086957,0.14862681744749606,0.1147011308562198,0.14862681744749606,0.1147011308562198,0.09523809523809534,0.12857142857142856,0.09523809523809534,0.014705882352941124,0.04558823529411771,0.014705882352941124,-0.04166666666666663,-0.012499999999999956,-0.04166666666666663,-0.12658227848101267,-0.09999999999999998,-0.12658227848101267,0.045454545454545414,0.07727272727272738,0.045454545454545414,-0.030898876404494402,-0.001404494382022503,-0.030898876404494402
6949,2025-08-11,2025-08-12,2025-08-25,10,連續三次,0.08333333333333326,0.0064102564102563875,0.003821656050955413,0.09444444444444455,0.08333333333333326,0.09444444444444455,0.09027777777777768,-0.012658227848101222,-0.0025316455696202667,-0.006329113924050667,0.18181818181818188,0.19393939393939386,0.18939393939393945,0.09550561797752799,0.10674157303370779,0.1025280898876404,0.09859154929577474,0.10985915492957754,0.10563380281690149,0.13372093023255816,0.14534883720930236,0.14098837209302317,0.11428571428571432,0.12571428571428567,0.12142857142857144
6949,2026-01-28,2026-01-29,2026-02-11,10,連續三次,0.14915254237288145,-0.03982300884955747,0.01382488479262678,0.11864406779661008,0.14915254237288145,0.11864406779661008,0.10338983050847461,0.14915254237288145,0.11864406779661008,0.10338983050847461,0.15306122448979598,0.12244897959183665,0.1071428571428572,0.102439024390244,0.07317073170731714,0.05853658536585371,0.15110356536502545,0.1205432937181663,0.10526315789473695,0.09354838709677415,0.06451612903225801,0.050000000000000044,0.04629629629629628,0.0185185185185186,0.004629629629629539
6949,2026-02-02,2026-02-03,2026-02-25,10,連續三次,0.12195121951219523,0.03623188405797095,-0.027972027972028024,0.13008130081300817,0.12195121951219523,0.13008130081300817,0.16260162601626016,0.1714770797962648,0.17996604414261452,0.2139219015280136,0.11290322580645151,0.12096774193548376,0.153225806451613,0.06481481481481488,0.07253086419753085,0.10339506172839497,-0.007194244604316502,0.0,0.02877697841726623,0.045454545454545414,0.05303030303030298,0.08333333333333326,0.0029069767441860517,0.01017441860465107,0.03924418604651159
6949,2026-04-16,2026-04-17,2026-04-30,10,連續三次,0.0052151238591917615,-0.009079118028534339,-0.007853403141361293,-0.011734028683181186,0.0052151238591917615,-0.011734028683181186,-0.003911342894393766,-0.005161290322580614,-0.021935483870967776,-0.014193548387096744,-0.04104477611940294,-0.057213930348258724,-0.04975124378109452,-0.04579207920792083,-0.061881188118811936,-0.054455445544554504,-0.170075349838536,-0.18406889128094728,-0.17761033369214208,-0.16648648648648645,-0.18054054054054058,-0.17405405405405405,-0.08104886769964248,-0.09654350417163293,-0.08939213349225272
6969,2026-07-27,2026-07-28,2026-08-07,9,連續三次,0.1359999999999999,-0.028169014084507005,-0.005797101449275477,0.09759999999999991,0.1359999999999999,0.09759999999999991,0.10400000000000009,0.22413793103448265,0.18275862068965498,0.18965517241379315,0.2611012433392541,0.2184724689165185,0.22557726465364136,0.10419906687402802,0.06687402799377917,0.07309486780715391,0.109375,0.07187499999999991,0.078125,0.06287425149700598,0.026946107784431073,0.03293413173652704,0.008522727272727293,-0.02556818181818199,-0.019886363636363757
7402,2025-08-29,2025-09-01,2025-09-16,12,連續5個營業日及沖銷標準,0.1832061068702291,-0.016129032258064502,-0.02622950819672132,0.13358778625954204,0.1832061068702291,0.13358778625954204,0.16412213740458026,0.2970711297071129,0.2426778242677825,0.2761506276150627,0.36563876651982374,0.3083700440528634,0.3436123348017621,0.13970588235294112,0.09191176470588225,0.12132352941176472,0.08771929824561409,0.042105263157894646,0.07017543859649122,-0.0064102564102563875,-0.04807692307692313,-0.022435897435897467,-0.049079754601227044,-0.08895705521472397,-0.06441717791411039
7402,2025-09-10,2025-09-11,2025-09-24,10,因連續3個營業日達本中心作業要點第四條第一項第一款,-0.08430232558139539,-0.031746031746031744,-0.022950819672131195,-0.13372093023255816,-0.08430232558139539,-0.13372093023255816,-0.1133720930232558,-0.015625,-0.06874999999999998,-0.046875,-0.033742331288343586,-0.08588957055214719,-0.06441717791411039,0.08247422680412364,0.02405498281786933,0.04810996563573888,0.032786885245901676,-0.022950819672131195,0.0,0.02941176470588225,-0.02614379084967322,-0.0032679738562091387,0.06779661016949157,0.01016949152542379,0.03389830508474567
7402,2025-10-13,2025-10-14,2025-10-28,10,最近10個營業日內有6個營業日,0.03745318352059934,-0.028880866425992746,-0.07063197026022305,-0.06367041198501877,0.03745318352059934,-0.06367041198501877,0.0074906367041198685,0.0778210116731517,-0.027237354085603127,0.04669260700389111,-0.003597122302158251,-0.1007194244604317,-0.03237410071942448,0.03745318352059934,-0.06367041198501877,0.0074906367041198685,0.033582089552238736,-0.06716417910447758,0.003731343283582156,0.0,-0.09747292418772568,-0.028880866425992746,0.0036231884057971175,-0.09420289855072461,-0.025362318840579712
7402,2025-11-11,2025-11-12,2025-11-25,10,最近10個營業日內有6個營業日,0.07727272727272738,0.05485232067510548,0.040000000000000036,0.18181818181818188,0.07727272727272738,0.18181818181818188,0.13636363636363646,0.03493449781659397,0.1353711790393013,0.09170305676855905,0.11792452830188682,0.2264150943396226,0.179245283018868,0.06756756756756754,0.1711711711711712,0.12612612612612617,0.1732673267326732,0.28712871287128716,0.2376237623762376,0.12857142857142856,0.23809523809523814,0.19047619047619047,0.11267605633802824,0.22065727699530524,0.1737089201877935
7402,2025-12-02,2025-12-03,2025-12-18,12,連續5個營業日及沖銷標準,0.011857707509881354,0.0,-0.0546875,-0.04347826086956519,0.011857707509881354,-0.04347826086956519,0.011857707509881354,-0.026615969581749055,-0.07984790874524716,-0.026615969581749055,-0.022900763358778664,-0.07633587786259544,-0.022900763358778664,-0.019157088122605415,-0.07279693486590033,-0.019157088122605415,-0.030303030303030276,-0.08333333333333337,-0.030303030303030276,-0.030303030303030276,-0.08333333333333337,-0.030303030303030276,-0.03759398496240607,-0.09022556390977443,-0.03759398496240607
7556,2026-04-16,2026-04-17,2026-04-30,10,因連續3個營業日達本中心作業要點第四條第一項第一款,0.13568773234200737,0.00654664484451728,-0.04390243902439028,0.09293680297397766,0.13568773234200737,0.09293680297397766,0.1431226765799256,0.05892547660311953,0.01906412478336228,0.06585788561525141,0.008250825082508184,-0.02970297029702973,0.014851485148514865,0.018333333333333313,-0.020000000000000018,0.02499999999999991,-0.06000000000000005,-0.0953846153846154,-0.05384615384615388,-0.03930817610062898,-0.07547169811320753,-0.03301886792452835,0.008250825082508184,-0.02970297029702973,0.014851485148514865
7610,2026-02-23,2026-02-24,2026-03-10,10,連續三次,0.09929078014184389,0.05161290322580636,0.04601226993865026,0.20921985815602828,0.09929078014184389,0.20921985815602828,0.15602836879432624,0.06529209621993126,0.17182130584192445,0.1202749140893471,0.03333333333333344,0.13666666666666671,0.08666666666666667,-0.032761310452418146,0.06396255850234,0.01716068642745716,-0.054878048780487854,0.03963414634146334,-0.0060975609756097615,0.09929078014184389,0.20921985815602828,0.15602836879432624,0.08202443280977323,0.1902268760907504,0.13787085514834208
7610,2026-02-26,2026-03-02,2026-03-13,10,連續三次,0.0015600624024960652,0.03582554517133962,-0.06766917293233088,-0.032761310452418146,0.0015600624024960652,-0.032761310452418146,0.03744149765990645,-0.021341463414634165,-0.054878048780487854,0.013719512195121908,0.13829787234042556,0.09929078014184389,0.17907801418439706,0.12041884816753923,0.08202443280977323,0.1605584642233857,0.18888888888888888,0.14814814814814814,0.2314814814814814,0.2182163187855788,0.17647058823529416,0.2618595825426946,0.022292993630573354,-0.01273885350318471,0.05891719745222934
7610,2026-04-14,2026-04-15,2026-04-28,10,連續三次,0.0515806988352745,0.009493670886076,0.0,0.061564059900166335,0.0515806988352745,0.061564059900166335,0.061564059900166335,-0.017107309486780742,-0.007776049766718529,-0.007776049766718529,-0.003154574132492094,0.006309148264984188,0.006309148264984188,0.017713365539452575,0.027375201288244666,0.027375201288244666,-0.027692307692307683,-0.018461538461538418,-0.018461538461538418,0.0,0.009493670886076,0.009493670886076,-0.07871720116618075,-0.06997084548104959,-0.06997084548104959
7610,2026-04-17,2026-04-20,2026-05-04,10,連續三次,0.06763285024154597,0.015082956259426794,0.08320950965824658,0.17391304347826098,0.06763285024154597,0.17391304347826098,0.08373590982286627,0.020000000000000018,0.1215384615384616,0.03538461538461535,0.049050632911392444,0.15348101265822778,0.06487341772151889,-0.03352769679300294,0.06268221574344013,-0.01895043731778423,0.0343213728549141,0.13728549141965685,0.0499219968798752,0.1391752577319587,0.25257731958762886,0.1563573883161513,0.11616161616161613,0.2272727272727273,0.132996632996633
7610,2026-05-22,2026-05-25,2026-06-05,10,連續三次,0.44628099173553726,-0.09999999999999998,0.13015873015873014,0.47107438016528924,0.44628099173553726,0.47107438016528924,0.30165289256198347,0.34615384615384626,0.36923076923076925,0.21153846153846145,0.3671875,0.390625,0.23046875,0.4285714285714286,0.453061224489796,0.2857142857142858,0.19047619047619047,0.2108843537414966,0.0714285714285714,0.10759493670886067,0.12658227848101267,-0.0031645569620253333,0.07033639143730896,0.08868501529051986,-0.03669724770642202
7610,2026-06-03,2026-06-04,2026-06-17,10,連續三次,0.2642642642642643,0.0878859857482186,0.01091703056768556,0.3903903903903905,0.2642642642642643,0.3903903903903905,0.37537537537537546,0.2167630057803469,0.3381502890173411,0.323699421965318,0.3365079365079364,0.46984126984126995,0.4539682539682539,0.1108179419525066,0.2216358839050132,0.20844327176780997,0.07948717948717943,0.18717948717948718,0.1743589743589744,0.31152647975077885,0.44236760124610597,0.4267912772585669,0.2604790419161678,0.38622754491017974,0.37125748502994016
7610,2026-06-23,2026-06-24,2026-07-07,10,連續三次,0.036717062634989306,0.0,0.03541666666666665,0.07343412526997839,0.036717062634989306,0.07343412526997839,0.036717062634989306,-0.016393442622950838,0.018442622950819665,-0.016393442622950838,0.08108108108108114,0.11936936936936937,0.08108108108108114,0.08108108108108114,0.11936936936936937,0.08108108108108114,0.09339407744874717,0.13211845102505704,0.09339407744874717,0.045751633986928164,0.08278867102396514,0.045751633986928164,0.0,0.03541666666666665,0.0
7610,2026-07-24,2026-07-27,2026-08-07,10,連續三次,0.23745819397993317,0.10000000000000009,-0.041769041769041726,0.30434782608695654,0.23745819397993317,0.30434782608695654,0.3612040133779264,0.37037037037037046,0.4444444444444444,0.5074074074074073,0.522633744855967,0.6049382716049383,0.6748971193415638,0.6894977168949772,0.7808219178082192,0.8584474885844748,0.5416666666666667,0.625,0.6958333333333333,0.4015151515151516,0.4772727272727273,0.5416666666666667,0.27586206896551735,0.3448275862068966,0.403448275862069
7610,2026-07-29,2026-07-30,2026-08-07,7,連續三次,0.6894977168949772,0.10000000000000009,-0.041769041769041726,0.7808219178082192,0.6894977168949772,0.7808219178082192,0.8584474885844748,0.5416666666666667,0.625,0.6958333333333333,0.4015151515151516,0.4772727272727273,0.5416666666666667,0.27586206896551735,0.3448275862068966,0.403448275862069,0.15987460815047028,0.22257053291536044,0.27586206896551735,0.1821086261980831,0.2460063897763578,0.3003194888178913,0.05714285714285716,0.11428571428571432,0.1628571428571428
7642,2025-06-17,2025-06-18,2025-07-01,10,因連續3個營業日達本中心作業要點第四條第一項第一款,0.020325203252032464,-0.015936254980079667,-0.06072874493927127,-0.05691056910569103,0.020325203252032464,-0.05691056910569103,0.004065040650406582,0.12053571428571419,0.03571428571428581,0.1026785714285714,0.16203703703703698,0.07407407407407418,0.1435185185185186,0.15137614678899092,0.06422018348623859,0.1330275229357798,0.07264957264957261,-0.008547008547008517,0.05555555555555558,0.06808510638297882,-0.012765957446808529,0.051063829787234116,0.05020920502092041,-0.029288702928870314,0.03347280334728042
7703,2025-09-03,2025-09-04,2025-09-17,10,因連續3個營業日達本中心作業要點第四條第一項第一款,-0.13974591651542645,0.0021097046413502962,0.09684210526315784,-0.05444646098003625,-0.13974591651542645,-0.05444646098003625,-0.13793103448275867,-0.11731843575418999,-0.029795158286778367,-0.11545623836126628,-0.1254612546125461,-0.03874538745387457,-0.12361623616236161,-0.13345521023765994,-0.04753199268738573,-0.13162705667276053,-0.15957446808510634,-0.07624113475177308,-0.1578014184397163,-0.15053763440860213,-0.06630824372759858,-0.14874551971326166,-0.13661202185792354,-0.051001821493624755,-0.13479052823315119
7709,2026-06-03,2026-06-04,2026-06-17,10,因連續3個營業日達本中心作業要點第四條第一項第一款,-0.1027667984189723,-0.013215859030836996,-0.0669642857142857,-0.17391304347826086,-0.1027667984189723,-0.17391304347826086,-0.11462450592885376,0.004424778761061843,-0.0752212389380531,-0.008849557522123908,0.11822660098522175,0.029556650246305383,0.10344827586206895,-0.04621848739495793,-0.12184873949579833,-0.05882352941176472,-0.02155172413793105,-0.09913793103448276,-0.03448275862068961,0.008888888888888946,-0.07111111111111112,-0.004444444444444473,-0.03813559322033899,-0.11440677966101698,-0.05084745762711862
7711,2026-03-23,2026-03-24,2026-04-08,10,連續三次,0.02083333333333326,-0.030612244897959218,-0.00877192982456143,-0.01909722222222221,0.02083333333333326,-0.01909722222222221,-0.01041666666666663,0.05945945945945952,0.018018018018018056,0.027027027027026973,0.00512820512820511,-0.03418803418803418,-0.02564102564102566,0.0888888888888888,0.04629629629629628,0.05555555555555558,0.0808823529411764,0.03860294117647056,0.047794117647058876,0.0949720670391061,0.05214152700186214,0.06145251396648055,0.1031894934333959,0.060037523452157515,0.06941838649155718
7711,2026-04-28,2026-04-29,2026-05-13,10,連續三次,0.015662650602409567,0.014234875444839812,-0.06432748538011701,-0.03614457831325302,0.015662650602409567,-0.03614457831325302,0.030120481927710774,0.04981320049813198,-0.0037359900373599153,0.06475716064757164,0.0035714285714285587,-0.04761904761904767,0.017857142857142794,0.024301336573511634,-0.027946537059538312,0.03888213851761857,-0.03103448275862064,-0.08045977011494254,-0.017241379310344862,-0.05280898876404494,-0.101123595505618,-0.0393258426966292,-0.09935897435897434,-0.14529914529914534,-0.08653846153846156
7712,2026-06-24,2026-06-25,2026-07-08,10,因連續3個營業日達本中心作業要點第四條第一項第一款,-0.05707196029776673,0.021052631578947434,-0.046391752577319534,-0.08188585607940446,-0.05707196029776673,-0.08188585607940446,-0.037220843672456594,-0.08872901678657075,-0.11270983213429253,-0.0695443645083933,-0.023136246786632397,-0.04884318766066842,-0.0025706940874036244,-0.035532994923857864,-0.060913705583756306,-0.015228426395939132,-0.08872901678657075,-0.11270983213429253,-0.0695443645083933,-0.005235602094240788,-0.03141361256544506,0.015706806282722585,-0.045226130653266305,-0.07035175879396982,-0.025125628140703515
7714,2025-05-02,2025-05-05,2025-05-16,10,因連續3個營業日達本中心作業要點第四條第一項第一款,-0.15384615384615385,-0.037190082644628086,0.025751072961373467,-0.16433566433566438,-0.15384615384615385,-0.16433566433566438,-0.1853146853146853,-0.12318840579710144,-0.1340579710144928,-0.1557971014492754,-0.147887323943662,-0.15845070422535212,-0.17957746478873238,-0.14487632508833925,-0.15547703180212014,-0.176678445229682,-0.1768707482993197,-0.18707482993197277,-0.20748299319727892,-0.1387900355871886,-0.14946619217081847,-0.1708185053380783,-0.06201550387596899,-0.0736434108527132,-0.0968992248062015
7714,2025-09-11,2025-09-12,2025-09-25,10,因連續3個營業日達本中心作業要點第四條第一項第一款,-0.10979228486646886,-0.026666666666666616,-0.047945205479452024,-0.17507418397626118,-0.10979228486646886,-0.17507418397626118,-0.13353115727002962,-0.07692307692307687,-0.1446153846153846,-0.10153846153846158,-0.0066225165562914245,-0.07947019867549665,-0.0331125827814569,-0.016393442622950838,-0.08852459016393444,-0.042622950819672156,-0.0066225165562914245,-0.07947019867549665,-0.0331125827814569,-0.013157894736842146,-0.08552631578947367,-0.03947368421052633,-0.029126213592232997,-0.10032362459546929,-0.055016181229773475
7714,2026-07-16,2026-07-17,2026-07-30,10,因連續3個營業日達本中心作業要點第四條第一項第一款,-0.32432432432432434,0.08000000000000007,0.0185185185185186,-0.2567567567567568,-0.32432432432432434,-0.2567567567567568,-0.2702702702702703,-0.2917847025495751,-0.2209631728045326,-0.23512747875354112,-0.32065217391304346,-0.2527173913043478,-0.2663043478260869,-0.3946731234866828,-0.33414043583535114,-0.3462469733656174,-0.3131868131868132,-0.24450549450549453,-0.2582417582417582,-0.2857142857142857,-0.2142857142857143,-0.22857142857142854,-0.2816091954022989,-0.20977011494252873,-0.22413793103448276
7717,2025-12-16,2025-12-17,2025-12-31,10,因連續3個營業日達本中心作業要點第四條第一項第一款,0.04492753623188417,0.001386962552011095,0.07894736842105265,0.1289855072463768,0.04492753623188417,0.1289855072463768,0.04637681159420293,0.22619047619047628,0.3248299319727892,0.22789115646258495,0.18196721311475406,0.27704918032786896,0.18360655737704912,0.11609907120743035,0.2058823529411764,0.11764705882352944,0.04949053857350805,0.13391557496360984,0.0509461426491995,-0.012328767123287676,0.06712328767123288,-0.010958904109588996,-0.04629629629629628,0.030423280423280463,-0.044973544973545
7717,2025-12-30,2025-12-31,2026-01-14,10,因連續3個營業日達本中心作業要點第四條第一項第一款,0.16890080428954413,0.09403669724770647,0.00524109014675056,0.28552278820375343,0.16890080428954413,0.28552278820375343,0.2788203753351206,0.20775623268698062,0.32825484764542945,0.3213296398891967,0.11082802547770698,0.22165605095541396,0.2152866242038216,0.10659898477157359,0.21700507614213205,0.21065989847715727,0.11794871794871797,0.22948717948717956,0.22307692307692317,0.12371134020618557,0.2358247422680413,0.22938144329896915,0.13838120104438634,0.2519582245430809,0.2454308093994777
7717,2026-01-28,2026-01-29,2026-02-11,10,因連續3個營業日達本中心作業要點第四條第一項第一款,0.0731292517006803,0.04120443740095081,0.05327245053272445,0.1768707482993197,0.0731292517006803,0.1768707482993197,0.11734693877551017,0.1109154929577465,0.2183098591549295,0.1566901408450705,0.1109154929577465,0.2183098591549295,0.1566901408450705,0.03442622950819674,0.13442622950819683,0.07704918032786878,0.026016260162601723,0.12520325203252036,0.06829268292682933,-0.006299212598425252,0.08976377952755898,0.03464566929133861,0.07863247863247858,0.18290598290598292,0.12307692307692308
7717,2026-03-02,2026-03-03,2026-03-16,10,因連續3個營業日達本中心作業要點第四條第一項第一款,-0.2658959537572254,0.08503937007874018,-0.011611030478954953,-0.21271676300578035,-0.2658959537572254,-0.21271676300578035,-0.20346820809248556,-0.1155988857938719,-0.05153203342618384,-0.04038997214484674,-0.1476510067114094,-0.08590604026845639,-0.07516778523489931,0.016000000000000014,0.0895999999999999,0.10240000000000005,0.07082630691399672,0.1483979763912311,0.16188870151770662,0.03252032520325199,0.1073170731707318,0.12032520325203255,0.12989323843416378,0.2117437722419928,0.22597864768683285
7717,2026-03-11,2026-03-12,2026-03-25,10,因連續3個營業日達本中心作業要點第四條第一項第一款,0.025723472668810254,0.0987460815047021,0.0,0.12700964630225076,0.025723472668810254,0.12700964630225076,0.12700964630225076,0.06688963210702337,0.17224080267558528,0.17224080267558528,0.029032258064516148,0.13064516129032255,0.13064516129032255,-0.07402031930333819,0.01741654571843254,0.01741654571843254,-0.09375,-0.0042613636363636465,-0.0042613636363636465,-0.07267441860465118,0.018895348837209225,0.018895348837209225,-0.09116809116809121,-0.0014245014245014564,-0.0014245014245014564
7721,2026-04-01,2026-04-02,2026-04-17,10,連續三次,0.1217948717948718,-0.02399999999999991,-0.0444964871194381,0.04615384615384599,0.1217948717948718,0.04615384615384599,0.09487179487179498,0.04042806183115344,-0.029726516052318686,0.015457788347205792,0.02941176470588225,-0.040000000000000036,0.004705882352941337,0.03672985781990512,-0.03317535545023709,0.011848341232227444,0.042908224076281254,-0.027413587604290912,0.017878426698450633,0.01744186046511631,-0.05116279069767449,-0.006976744186046435,-0.025612472160356337,-0.09131403118040093,-0.0489977728285077
7728,2025-12-04,2025-12-05,2025-12-18,10,因連續3個營業日達本中心作業要點第四條第一項第一款,-0.09554831704668842,0.0,0.02400960384153672,-0.07383279044516833,-0.09554831704668842,-0.07383279044516833,-0.09554831704668842,-0.09259259259259256,-0.07080610021786493,-0.09259259259259256,-0.08762322015334068,-0.0657174151150055,-0.08762322015334068,-0.09061135371179041,-0.06877729257641918,-0.09061135371179041,-0.05769230769230771,-0.03506787330316741,-0.05769230769230771,-0.125,-0.10399159663865543,-0.125,-0.1491317671092952,-0.12870275791624108,-0.1491317671092952
7728,2025-12-09,2025-12-10,2025-12-23,10,因連續3個營業日達本中心作業要點第四條第一項第一款,-0.01965065502183405,0.0801781737193763,-0.1319587628865979,-0.08078602620087338,-0.01965065502183405,-0.08078602620087338,0.058951965065502154,0.015837104072398134,-0.04751131221719462,0.09728506787330327,-0.05672268907563027,-0.11554621848739499,0.018907563025210017,-0.08273748723186924,-0.1399387129724209,-0.009193054136874323,-0.044680851063829796,-0.10425531914893615,0.03191489361702127,-0.08085977482088025,-0.13817809621289667,-0.007164790174002067,0.0022321428571427937,-0.060267857142857095,0.08258928571428581
7728,2026-01-05,2026-01-06,2026-01-19,10,因連續3個營業日達本中心作業要點第四條第一項第一款,0.08391608391608396,0.03387096774193554,0.06396255850234,0.1923076923076923,0.08391608391608396,0.1923076923076923,0.12062937062937062,-0.01273885350318471,0.08598726114649691,0.02070063694267521,-0.0064102564102563875,0.09294871794871784,0.027243589743589647,0.01806239737274229,0.11986863711001638,0.05254515599343179,-0.03125,0.06562500000000004,0.0015624999999999112,-0.06766917293233088,0.02556390977443601,-0.03609022556390973,-0.028213166144200663,0.06896551724137923,0.004702194357366851
7728,2026-02-05,2026-02-06,2026-03-03,10,因連續3個營業日達本中心作業要點第四條第一項第一款,0.1445012787723785,-0.05363128491620117,-0.04840613931523019,0.03069053708439906,0.1445012787723785,0.03069053708439906,0.0831202046035806,0.15186615186615193,0.03732303732303732,0.09009009009009006,0.11042183622828783,0.0,0.05086848635235741,0.16840731070496084,0.052219321148825104,0.10574412532637067,0.14743589743589736,0.03333333333333344,0.08589743589743581,0.10086100861008607,-0.008610086100861003,0.04182041820418214,0.07831325301204828,-0.028915662650602414,0.02048192771084345
7734,2026-04-07,2026-04-08,2026-04-21,10,因連續3個營業日達本中心作業要點第四條第一項第一款,0.16938775510204085,0.048865619546247796,0.048252911813643884,0.2857142857142858,0.16938775510204085,0.2857142857142858,0.226530612244898,0.17177914110429437,0.2883435582822085,0.22903885480572606,0.1213307240704502,0.23287671232876717,0.1761252446183954,0.06703910614525133,0.17318435754189943,0.11918063314711369,0.08522727272727271,0.19318181818181812,0.1382575757575757,0.1506024096385543,0.2650602409638554,0.2068273092369477,0.22435897435897445,0.34615384615384626,0.2841880341880343
7734,2026-04-27,2026-04-28,2026-05-12,10,因連續3個營業日達本中心作業要點第四條第一項第一款,0.23410852713178287,-0.02010050251256279,0.1217948717948718,0.3565891472868217,0.23410852713178287,0.3565891472868217,0.20930232558139528,0.202416918429003,0.32175226586102723,0.17824773413897277,0.21898928024502307,0.339969372128637,0.19448698315467072,0.12112676056338034,0.232394366197183,0.09859154929577474,0.021822849807445532,0.12323491655969199,0.0012836970474967568,0.047368421052631504,0.1513157894736843,0.026315789473684292,0.024453024453024552,0.12612612612612617,0.0038610038610038533
7744,2026-02-25,2026-02-26,2026-03-12,10,因連續3個營業日達本中心作業要點第四條第一項第一款,-0.062000000000000055,-0.049040511727078906,0.058295964125560484,-0.05600000000000005,-0.062000000000000055,-0.05600000000000005,-0.10799999999999998,-0.02393340270551514,-0.01768990634755463,-0.0718002081165453,-0.08576998050682261,-0.0799220272904484,-0.1306042884990254,0.03190319031903188,0.03850385038503856,-0.018701870187018743,0.06469920544835417,0.07150964812712823,0.012485811577752637,0.09069767441860455,0.0976744186046512,0.037209302325581506,0.14390243902439015,0.15121951219512186,0.08780487804878057
7744,2026-03-03,2026-03-04,2026-03-17,10,因連續3個營業日達本中心作業要點第四條第一項第一款,0.0935093509350935,0.026156941649899457,-0.06862745098039214,0.04510451045104502,0.0935093509350935,0.04510451045104502,0.12211221122112215,0.12826333711691262,0.0783200908059023,0.15777525539160053,0.15581395348837201,0.10465116279069764,0.18604651162790709,0.21219512195121948,0.15853658536585358,0.24390243902439024,0.109375,0.060267857142857206,0.1383928571428572,0.08515283842794763,0.037117903930131035,0.11353711790393017,0.060832443970117334,0.01387406616862319,0.08858057630736393
7751,2025-12-04,2025-12-05,2025-12-18,10,因連續3個營業日達本中心作業要點第四條第一項第一款,0.03499999999999992,0.0,0.027375201288244666,0.06333333333333324,0.03499999999999992,0.06333333333333324,0.03499999999999992,0.01140065146579805,0.039087947882736174,0.01140065146579805,-0.025117739403453743,0.0015698587127157548,-0.025117739403453743,-0.05909090909090908,-0.033333333333333326,-0.05909090909090908,-0.0357142857142857,-0.009316770186335366,-0.0357142857142857,-0.007987220447284393,0.019169329073482455,-0.007987220447284393,0.0180327868852459,0.04590163934426239,0.0180327868852459
7751,2025-12-09,2025-12-10,2025-12-23,10,因連續3個營業日達本中心作業要點第四條第一項第一款,0.06818181818181812,0.0,-0.026950354609929117,0.039393939393939315,0.06818181818181812,0.039393939393939315,0.06818181818181812,0.09472049689440998,0.0652173913043479,0.09472049689440998,0.12619808306709257,0.09584664536741205,0.12619808306709257,0.15573770491803285,0.12459016393442623,0.15573770491803285,0.15384615384615374,0.12274959083469716,0.15384615384615374,0.09472049689440998,0.0652173913043479,0.09472049689440998,0.14448051948051943,0.11363636363636354,0.14448051948051943
7751,2026-03-02,2026-03-03,2026-03-16,10,因連續3個營業日達本中心作業要點第四條第一項第一款,0.05660377358490565,0.0,0.017857142857142794,0.07547169811320753,0.05660377358490565,0.07547169811320753,0.05660377358490565,0.22807017543859653,0.25,0.22807017543859653,0.2068965517241379,0.22844827586206895,0.2068965517241379,0.12903225806451624,0.14919354838709675,0.12903225806451624,0.2962962962962963,0.3194444444444444,0.2962962962962963,0.18143459915611815,0.20253164556962022,0.18143459915611815,0.1336032388663968,0.15384615384615374,0.1336032388663968
7751,2026-03-19,2026-03-20,2026-04-02,10,因連續3個營業日達本中心作業要點第四條第一項第一款,0.03416149068322971,0.08108108108108114,0.016666666666666607,0.1366459627329193,0.03416149068322971,0.1366459627329193,0.11801242236024834,0.07766990291262132,0.18446601941747565,0.16504854368932032,0.024615384615384706,0.12615384615384606,0.10769230769230775,0.043887147335423204,0.14733542319749215,0.12852664576802497,0.030959752321981338,0.1331269349845201,0.11455108359133126,0.060509554140127486,0.16560509554140124,0.14649681528662417,0.043887147335423204,0.14733542319749215,0.12852664576802497
7751,2026-04-28,2026-04-29,2026-05-13,10,因連續3個營業日達本中心作業要點第四條第一項第一款,-0.33333333333333337,0.0029069767441860517,-0.10144927536231885,-0.39922480620155043,-0.33333333333333337,-0.39922480620155043,-0.33139534883720934,-0.2863070539419087,-0.3568464730290456,-0.2842323651452282,-0.2773109243697479,-0.3487394957983193,-0.27521008403361347,-0.35820895522388063,-0.42164179104477617,-0.35634328358208955,-0.2803347280334728,-0.35146443514644354,-0.2782426778242678,-0.21818181818181814,-0.2954545454545454,-0.21590909090909094,-0.14427860696517414,-0.22885572139303478,-0.14179104477611937
7751,2026-05-12,2026-05-13,2026-05-26,10,因連續3個營業日達本中心作業要點第四條第一項第一款,-0.014005602240896309,0.03125,-0.0633608815426997,-0.04761904761904767,-0.014005602240896309,-0.04761904761904767,0.01680672268907557,0.020289855072463725,-0.01449275362318836,0.05217391304347818,0.10000000000000009,0.0625,0.1343749999999999,0.12101910828025475,0.08280254777070062,0.15605095541401282,-0.01949860724233987,-0.05292479108635095,0.011142061281337101,0.08978328173374606,0.05263157894736836,0.1238390092879258,0.07975460122699385,0.042944785276073594,0.11349693251533743
7751,2026-05-15,2026-05-18,2026-05-29,10,因連續3個營業日達本中心作業要點第四條第一項第一款,0.12420382165605104,0.03682719546742219,0.0,0.16560509554140124,0.12420382165605104,0.16560509554140124,0.16560509554140124,-0.01671309192200554,0.01949860724233976,0.01949860724233976,0.09287925696594423,0.1331269349845201,0.1331269349845201,0.08282208588957052,0.12269938650306744,0.12269938650306744,0.0028409090909091717,0.03977272727272729,0.03977272727272729,-0.08311688311688314,-0.04935064935064937,-0.04935064935064937,-0.03551912568306015,0.0,0.0
7769,2026-05-13,2026-05-14,2026-05-27,10,連續三次,0.048387096774193505,0.018589743589743524,-0.03083700440528636,0.034946236559139754,0.048387096774193505,0.034946236559139754,0.0678763440860215,0.024294156270518785,0.011162179908076109,0.0433355219960605,0.18631178707224327,0.1711026615969582,0.2083650190114068,0.18993135011441642,0.17467581998474446,0.21205186880244087,0.20556414219474495,0.19010819165378678,0.22797527047913446,0.06484641638225264,0.05119453924914685,0.08464163822525594,0.006451612903225712,-0.006451612903225823,0.02516129032258063
7777,2026-01-28,2026-01-29,2026-02-11,10,因連續3個營業日達本中心作業要點第四條第一項第一款,-0.1387856257744734,-0.0057553956834532904,0.0361794500723589,-0.11276332094175967,-0.1387856257744734,-0.11276332094175967,-0.14374225526641893,-0.1366459627329193,-0.1105590062111802,-0.14161490683229816,-0.09387222946544982,-0.06649282920469368,-0.09908735332464158,-0.050546448087431695,-0.021857923497267895,-0.05601092896174875,-0.03606102635228836,-0.006934812760055475,-0.04160887656033285,-0.05826558265582649,-0.02981029810298108,-0.06368563685636863,-0.0658602150537635,-0.037634408602150726,-0.0712365591397851
7780,2026-01-23,2026-01-26,2026-02-06,10,連續三次,-0.06551724137931025,0.0,-0.04612546125461259,-0.10862068965517235,-0.06551724137931025,-0.10862068965517235,-0.06551724137931025,0.009310986964618184,-0.03724394785847296,0.009310986964618184,0.03435114503816794,-0.013358778625954137,0.03435114503816794,-0.014545454545454528,-0.05999999999999994,-0.014545454545454528,-0.0073260073260073,-0.053113553113553036,-0.0073260073260073,0.018796992481203034,-0.02819548872180455,0.018796992481203034,0.04633204633204646,-0.0019305019305018156,0.04633204633204646
7795,2026-07-03,2026-07-06,2026-07-20,10,連續三次,-0.2811023622047244,-0.03066812705366917,-0.06101694915254241,-0.3456692913385827,-0.2811023622047244,-0.3456692913385827,-0.3031496062992126,-0.2822327044025157,-0.3466981132075472,-0.3042452830188679,-0.2142857142857143,-0.28485370051635117,-0.23838209982788294,-0.22098976109215018,-0.29095563139931746,-0.24488054607508536,-0.21698113207547165,-0.2873070325900514,-0.2409948542024014,-0.17747747747747744,-0.25135135135135134,-0.20270270270270274,-0.18772241992882566,-0.26067615658362986,-0.21263345195729533
7828,2026-05-29,2026-06-01,2026-06-12,10,因連續3個營業日達本中心作業要點第四條第一項第一款,0.34736842105263155,-0.0026041666666666297,0.08616187989556146,0.45964912280701764,0.34736842105263155,0.45964912280701764,0.343859649122807,0.28428093645484953,0.3913043478260869,0.28093645484949836,0.28428093645484953,0.3913043478260869,0.28093645484949836,0.20376175548589348,0.3040752351097178,0.20062695924764884,0.2387096774193549,0.34193548387096784,0.23548387096774204,0.352112676056338,0.46478873239436624,0.34859154929577474,0.23076923076923084,0.33333333333333326,0.22756410256410264
7828,2026-06-17,2026-06-18,2026-07-02,10,因連續3個營業日達本中心作業要點第四條第一項第一款,0.10476190476190483,0.02586206896551735,-0.07563025210084029,0.04761904761904767,0.10476190476190483,0.04761904761904767,0.1333333333333333,0.15999999999999992,0.10000000000000009,0.18999999999999995,0.03571428571428581,-0.017857142857142905,0.0625,0.03571428571428581,-0.017857142857142905,0.0625,-0.012765957446808529,-0.06382978723404253,0.012765957446808418,0.008695652173912993,-0.04347826086956519,0.034782608695652195,0.18974358974358974,0.1282051282051282,0.22051282051282062
7828,2026-07-31,2026-08-03,2026-08-07,5,連續3個營業日,0.27611940298507465,-0.005847953216374324,-0.026470588235294135,0.2350746268656716,0.27611940298507465,0.2350746268656716,0.26865671641791056,0.10322580645161294,0.06774193548387086,0.09677419354838701,-0.031161473087818692,-0.062322946175637384,-0.03682719546742208,-0.02564102564102566,-0.056980056980056926,-0.031339031339031376,-0.011560693641618491,-0.043352601156069315,-0.017341040462427793,,,,,,
8021,2025-08-08,2025-08-11,2025-08-22,10,最近十個營業日已有六次,0.10123456790123453,0.030269058295964157,-0.006528835690968515,0.12716049382716044,0.10123456790123453,0.12716049382716044,0.13456790123456797,0.08383961117861483,0.10935601458080191,0.11664641555285549,0.03121387283236987,0.05549132947976876,0.062427745664739964,-0.01978021978021971,0.003296703296703285,0.009890109890109855,-0.03775620280474645,-0.015102481121898603,-0.008629989212513456,-0.03148751357220403,-0.008686210640608039,-0.0021715526601518986,-0.14230769230769225,-0.12211538461538463,-0.11634615384615377
8021,2025-08-25,2025-08-26,2025-09-08,10,最近十個營業日已有六次,0.011210762331838486,0.042128603104212736,0.05531914893617018,0.11210762331838575,0.011210762331838486,0.11210762331838575,0.053811659192825045,0.06619385342789608,0.17257683215130037,0.11111111111111116,0.02850627137970352,0.13112884834663618,0.07183580387685295,0.02733485193621865,0.1298405466970387,0.07061503416856496,0.025000000000000133,0.1272727272727272,0.06818181818181812,0.08023952095808395,0.18802395209580847,0.12574850299401197,0.10403916768665855,0.21419828641370864,0.15055079559363516
8021,2026-01-23,2026-01-26,2026-02-06,10,最近十個營業日已有六次,-0.11842105263157898,0.05721393034825861,-0.0658823529411765,-0.12938596491228072,-0.11842105263157898,-0.12938596491228072,-0.06798245614035092,-0.12608695652173918,-0.13695652173913042,-0.07608695652173914,-0.14468085106382977,-0.15531914893617016,-0.0957446808510638,-0.13918629550321204,-0.1498929336188437,-0.08993576017130622,-0.07373271889400923,-0.08525345622119818,-0.020737327188940058,0.022900763358778553,0.010178117048346147,0.08142493638676851,0.012594458438287104,0.0,0.07052896725440805
8021,2026-04-14,2026-04-15,2026-04-28,10,連續三次,0.16472303206997085,-0.053817271589486904,0.013227513227513255,0.11661807580174921,0.16472303206997085,0.11661807580174921,0.1020408163265305,0.13817663817663828,0.09116809116809121,0.07692307692307687,0.09752747252747263,0.052197802197802234,0.03846153846153855,-0.006218905472636815,-0.04726368159203975,-0.05970149253731338,-0.04425837320574166,-0.08373205741626799,-0.09569377990430628,-0.058892815076560634,-0.09776207302709072,-0.10954063604240283,-0.1463675213675214,-0.18162393162393164,-0.1923076923076923
8021,2026-04-24,2026-04-27,2026-05-11,10,連續三次,-0.01379310344827589,0.09557109557109555,0.0031914893617022155,0.0839080459770114,-0.01379310344827589,0.0839080459770114,0.08045977011494254,0.061881188118811936,0.16707920792079212,0.1633663366336633,0.13492063492063489,0.24735449735449744,0.24338624338624348,0.09718670076726332,0.2058823529411764,0.20204603580562663,0.03125,0.13341346153846145,0.1298076923076923,-0.025000000000000022,0.07159090909090904,0.06818181818181812,-0.0023255813953488857,0.09651162790697665,0.09302325581395343
8021,2026-05-25,2026-05-26,2026-06-08,10,最近十個營業日已有六次,0.045454545454545414,0.08695652173913038,0.01200000000000001,0.1499999999999999,0.045454545454545414,0.1499999999999999,0.13636363636363646,-0.017094017094017144,0.08119658119658113,0.06837606837606836,0.039548022598870025,0.1435028248587571,0.12994350282485878,0.05022831050228316,0.15525114155251152,0.14155251141552516,-0.012875536480686733,0.0858369098712446,0.07296137339055786,-0.0346274921301154,0.06190975865687309,0.04931794333683115,-0.00325027085590468,0.09642470205850495,0.08342361863488623
8021,2026-06-15,2026-06-16,2026-06-30,10,連續五次,0.1595959595959595,0.029616724738676048,-0.050761421319796995,0.1333333333333333,0.1595959595959595,0.1333333333333333,0.19393939393939386,0.09541984732824438,0.07061068702290085,0.12786259541984735,0.036101083032491044,0.012635379061371799,0.06678700361010836,0.04174228675136127,0.01814882032667886,0.072595281306715,-0.012048192771084376,-0.03442340791738385,0.01721170395869187,0.03423423423423433,0.0108108108108107,0.06486486486486487,0.007017543859649145,-0.015789473684210575,0.03684210526315779
8021,2026-07-02,2026-07-03,2026-07-17,10,最近十個營業日已有六次,-0.14083175803402648,-0.08470847084708466,-0.015625,-0.22589792060491498,-0.14083175803402648,-0.22589792060491498,-0.2136105860113422,-0.2012302284710018,-0.2803163444639719,-0.26889279437609837,-0.14245283018867927,-0.22735849056603774,-0.21509433962264146,-0.10177865612648218,-0.1907114624505929,-0.17786561264822132,-0.148876404494382,-0.2331460674157303,-0.22097378277153557,-0.13920454545454541,-0.22443181818181823,-0.21212121212121215,-0.1053149606299213,-0.19389763779527558,-0.18110236220472442
8024,2026-06-29,2026-06-30,2026-07-14,10,因連續3個營業日達本中心作業要點第四條第一項第一款,0.03125,0.0,0.042424242424242475,0.07499999999999996,0.03125,0.07499999999999996,0.03125,0.07491856677524433,0.12052117263843654,0.07491856677524433,0.08910891089108919,0.13531353135313529,0.08910891089108919,0.054313099041533475,0.09904153354632572,0.054313099041533475,0.012269938650306678,0.05521472392638027,0.012269938650306678,0.0185185185185186,0.06172839506172845,0.0185185185185186,0.07843137254901955,0.12418300653594772,0.07843137254901955
8027,2026-05-05,2026-05-06,2026-05-19,10,因連續3個營業日達本中心作業要點第四條第一項第一款,0.33000000000000007,-0.022556390977443663,-0.07692307692307687,0.19999999999999996,0.33000000000000007,0.19999999999999996,0.30000000000000004,0.3135802469135802,0.18518518518518512,0.28395061728395055,0.2912621359223302,0.16504854368932032,0.2621359223300972,0.2666666666666666,0.1428571428571428,0.23809523809523814,0.15652173913043477,0.04347826086956519,0.13043478260869557,0.13432835820895517,0.023454157782516027,0.10874200426439229,0.03100775193798455,-0.06976744186046513,0.007751937984496138
8027,2026-05-22,2026-05-25,2026-06-05,10,最近10個營業日內有6個營業日,0.1696606786427146,-0.0989761092150171,0.0,0.05389221556886237,0.1696606786427146,0.05389221556886237,0.05389221556886237,0.1400778210116731,0.027237354085603016,0.027237354085603016,0.10775047258979198,-0.001890359168241984,-0.001890359168241984,0.17199999999999993,0.05600000000000005,0.05600000000000005,0.14901960784313717,0.03529411764705892,0.03529411764705892,0.09943714821763594,-0.009380863039399667,-0.009380863039399667,-0.013468013468013518,-0.11111111111111116,-0.11111111111111116
8027,2026-06-17,2026-06-18,2026-07-02,10,最近10個營業日內有6個營業日,-0.038000000000000034,-0.014553014553014498,0.05063291139240511,-0.0040000000000000036,-0.038000000000000034,-0.0040000000000000036,-0.052000000000000046,0.002083333333333437,0.03750000000000009,-0.012499999999999956,-0.020366598778004064,0.014256619144602745,-0.03462321792260692,0.04793028322440085,0.08496732026143783,0.03267973856209161,0.006276150627614996,0.04184100418410042,-0.008368200836820106,0.06651884700665178,0.10421286031042132,0.0509977827050998,0.16747572815533984,0.2087378640776698,0.15048543689320382
8027,2026-07-13,2026-07-14,2026-07-27,10,最近10個營業日內有6個營業日,-0.19037656903765687,-0.0852713178294574,-0.01412429378531077,-0.2698744769874477,-0.19037656903765687,-0.2698744769874477,-0.2594142259414226,-0.19709543568464727,-0.27593360995850624,-0.2655601659751037,-0.18867924528301883,-0.26834381551362685,-0.25786163522012584,-0.12641083521444696,-0.21218961625282162,-0.20090293453724606,-0.07857142857142863,-0.169047619047619,-0.15714285714285714,0.043126684636118684,-0.05929919137466311,-0.04582210242587603,-0.07194244604316546,-0.16306954436450838,-0.15107913669064743
8028,2026-07-22,2026-07-23,2026-08-05,10,連續五次,-0.09178743961352653,-0.01773049645390068,-0.009025270758122761,-0.1159420289855072,-0.09178743961352653,-0.1159420289855072,-0.10789049919484706,-0.04890387858347389,-0.07419898819561555,-0.06576728499156825,-0.06312292358803984,-0.08803986710963452,-0.07973421926910296,-0.04406779661016946,-0.06949152542372883,-0.06101694915254241,0.003558718861210064,-0.02313167259786475,-0.014234875444839812,0.24229074889867852,0.20925110132158586,0.22026431718061668,0.1370967741935485,0.10685483870967749,0.11693548387096775
8033,2025-01-03,2025-01-06,2025-01-17,10,連續五次,-0.04354136429608124,0.007587253414264028,0.016566265060240948,-0.020319303338171335,-0.04354136429608124,-0.020319303338171335,-0.036284470246734424,-0.0075301204819276935,0.016566265060240948,0.0,-0.006033182503770607,0.018099547511312153,0.0015082956259429015,-0.009022556390977376,0.015037593984962516,-0.0015037593984961184,0.03779527559055129,0.06299212598425208,0.045669291338582774,0.036163522012578664,0.061320754716981174,0.04402515723270439,0.03453689167974883,0.05965463108320246,0.042386185243328045
8033,2025-03-25,2025-03-26,2025-04-14,12,連續五次及當日沖銷標準,-0.1986301369863014,0.052991452991453025,-0.008116883116883078,-0.16301369863013693,-0.1986301369863014,-0.16301369863013693,-0.15616438356164386,-0.16428571428571426,-0.1271428571428571,-0.12,-0.13204747774480718,-0.09347181008902083,-0.0860534124629081,-0.1082317073170731,-0.06859756097560965,-0.060975609756097504,-0.0714285714285714,-0.030158730158730163,-0.022222222222222254,-0.12425149700598803,-0.08532934131736525,-0.07784431137724546,-0.008474576271186418,0.035593220338983045,0.04406779661016946
8033,2025-07-31,2025-08-01,2025-08-18,12,連續五次及當日沖銷標準,0.40557939914163077,0.022900763358778553,-0.05970149253731338,0.351931330472103,0.40557939914163077,0.351931330472103,0.4377682403433476,0.3299492385786802,0.2791878172588833,0.36040609137055846,0.27184466019417486,0.2233009708737863,0.30097087378640786,0.2657004830917875,0.21739130434782616,0.2946859903381642,0.1696428571428572,0.125,0.1964285714285714,0.2535885167464116,0.20574162679425845,0.2822966507177034,0.2780487804878049,0.2292682926829268,0.30731707317073176
8033,2025-08-07,2025-08-08,2025-08-21,10,連續五次,0.22966507177033502,0.05058365758754868,-0.011111111111111072,0.27751196172248793,0.22966507177033502,0.27751196172248793,0.29186602870813405,0.25365853658536586,0.30243902439024395,0.3170731707317074,0.17351598173515992,0.2191780821917808,0.23287671232876717,0.1576576576576576,0.20270270270270263,0.21621621621621623,0.1576576576576576,0.20270270270270263,0.21621621621621623,0.13215859030836996,0.17621145374449343,0.18942731277533031,0.04471544715447151,0.08536585365853666,0.09756097560975618
8033,2025-08-28,2025-08-29,2025-09-11,10,連續五次,0.050000000000000044,0.03081232492997188,-0.10054347826086951,-0.026470588235294135,0.050000000000000044,-0.026470588235294135,0.08235294117647052,0.03179190751445082,-0.043352601156069315,0.06358381502890165,0.10185185185185186,0.021604938271605034,0.1358024691358024,0.09846153846153838,0.01846153846153853,0.13230769230769224,0.008474576271186418,-0.06497175141242939,0.039548022598870025,0.028818443804034644,-0.04610951008645536,0.060518731988472574,-0.019230769230769273,-0.09065934065934067,0.01098901098901095
8033,2025-09-18,2025-09-19,2025-10-03,10,連續五次,0.07586206896551717,0.0,-0.02564102564102566,0.048275862068965614,0.07586206896551717,0.048275862068965614,0.07586206896551717,0.11428571428571432,0.08571428571428563,0.11428571428571432,0.0331125827814569,0.0066225165562914245,0.0331125827814569,0.05050505050505061,0.023569023569023573,0.05050505050505061,0.040000000000000036,0.01333333333333342,0.040000000000000036,0.057627118644067776,0.03050847457627115,0.057627118644067776,0.09859154929577474,0.07042253521126751,0.09859154929577474
8033,2025-10-14,2025-10-15,2025-10-29,10,連續五次,-0.07037037037037042,-0.015936254980079667,-0.02429149797570851,-0.1074074074074074,-0.07037037037037042,-0.1074074074074074,-0.08518518518518514,-0.06343283582089554,-0.10074626865671643,-0.07835820895522383,-0.08058608058608063,-0.11721611721611724,-0.09523809523809523,-0.05992509363295884,-0.09737827715355807,-0.07490636704119846,-0.01953125,-0.05859375,-0.03515625,-0.027131782945736482,-0.06589147286821706,-0.04263565891472865,0.0040000000000000036,-0.03600000000000003,-0.01200000000000001
8033,2025-12-03,2025-12-04,2025-12-19,12,連續五次及當日沖銷標準,0.06642066420664205,0.0,-0.0034602076124568004,0.0627306273062731,0.06642066420664205,0.0627306273062731,0.06642066420664205,0.050909090909091015,0.047272727272727355,0.050909090909091015,0.0625,0.05882352941176472,0.0625,0.07037037037037042,0.06666666666666665,0.07037037037037042,0.03956834532374098,0.03597122302158273,0.03956834532374098,0.054744525547445244,0.051094890510948954,0.054744525547445244,0.047101449275362306,0.04347826086956519,0.047101449275362306
8033,2026-01-14,2026-01-15,2026-01-28,10,連續五次,0.016393442622950838,0.006451612903225712,-0.0064102564102563875,0.016393442622950838,0.016393442622950838,0.016393442622950838,0.022950819672131084,0.0,0.0,0.006451612903225712,0.026490066225165476,0.026490066225165476,0.0331125827814569,0.04026845637583887,0.04026845637583887,0.046979865771812124,0.05084745762711873,0.05084745762711873,0.057627118644067776,-0.01273885350318471,-0.01273885350318471,-0.006369426751592355,0.0,0.0,0.006451612903225712
8033,2026-03-05,2026-03-06,2026-03-19,10,最近十個營業日已有六次,0.0033222591362125353,0.0066225165562914245,0.0,0.009966777408637828,0.0033222591362125353,0.009966777408637828,0.009966777408637828,0.07857142857142851,0.08571428571428563,0.08571428571428563,0.09025270758122739,0.09747292418772568,0.09747292418772568,0.08633093525179847,0.09352517985611519,0.09352517985611519,0.05964912280701751,0.06666666666666665,0.06666666666666665,0.07857142857142851,0.08571428571428563,0.08571428571428563,0.06338028169014076,0.07042253521126751,0.07042253521126751
8033,2026-07-02,2026-07-03,2026-07-17,10,最近十個營業日已有六次,0.1648936170212767,0.0,-0.06621004566210043,0.0877659574468086,0.1648936170212767,0.0877659574468086,0.1648936170212767,0.009216589861751112,-0.05760368663594473,0.009216589861751112,-0.013513513513513487,-0.0788288288288288,-0.013513513513513487,-0.017937219730941756,-0.0829596412556054,-0.017937219730941756,-0.026666666666666616,-0.09111111111111114,-0.026666666666666616,-0.06808510638297871,-0.1297872340425532,-0.06808510638297871,-0.14453125,-0.201171875,-0.14453125
8033,2026-07-24,2026-07-27,2026-08-07,10,連續五次,-0.010695187165775444,-0.04054054054054057,-0.030985915492957705,-0.0802139037433155,-0.010695187165775444,-0.0802139037433155,-0.050802139037433136,0.05714285714285716,-0.017142857142857126,0.014285714285714235,0.05714285714285716,-0.017142857142857126,0.014285714285714235,0.27586206896551735,0.18620689655172407,0.22413793103448265,0.1212121212121211,0.042424242424242475,0.07575757575757569,0.09144542772861364,0.014749262536873253,0.0471976401179941,0.054131054131054235,-0.019943019943019946,0.01139601139601143
8038,2025-05-19,2025-05-20,2025-06-03,10,因連續3個營業日達本中心作業要點第四條第一項第一款,-0.010067114093959773,-0.05423728813559325,0.03046594982078865,-0.03523489932885904,-0.010067114093959773,-0.03523489932885904,-0.06375838926174504,-0.013377926421404673,-0.038461538461538436,-0.06688963210702337,0.02076124567474058,-0.00519031141868509,-0.03460207612456745,0.008547008547008517,-0.017094017094017144,-0.04615384615384621,0.008547008547008517,-0.017094017094017144,-0.04615384615384621,-0.05144694533762062,-0.07556270096463025,-0.10289389067524124,-0.02640264026402639,-0.051155115511551164,-0.07920792079207928
8038,2025-08-08,2025-08-11,2025-08-22,10,連續5個營業日,0.04733131923464251,0.01538461538461533,0.08333333333333348,0.15206445115810685,0.04733131923464251,0.15206445115810685,0.06344410876132933,0.05050505050505061,0.15555555555555567,0.06666666666666665,0.04417670682730934,0.14859437751004023,0.06024096385542177,-0.022556390977443663,0.07518796992481214,-0.007518796992481258,0.019607843137254832,0.1215686274509804,0.0352941176470587,0.0,0.10000000000000009,0.01538461538461533,-0.00952380952380949,0.08952380952380956,0.005714285714285561
8038,2025-09-04,2025-09-05,2025-09-18,10,最近10個營業日內有6個營業日,-0.056239015817223126,-0.003724394785847407,-0.0037383177570093906,-0.06326889279437609,-0.056239015817223126,-0.06326889279437609,-0.05975395430579966,-0.07573149741824436,-0.08261617900172125,-0.0791738382099828,-0.09290540540540537,-0.09966216216216228,-0.09628378378378377,-0.12254901960784315,-0.12908496732026153,-0.12581699346405228,-0.09290540540540537,-0.09966216216216228,-0.09628378378378377,-0.08205128205128198,-0.0888888888888889,-0.0854700854700855,-0.04787234042553179,-0.054964539007092195,-0.05141843971631199
8038,2026-01-19,2026-01-20,2026-02-02,10,最近10個營業日內有6個營業日,-0.16376306620209058,0.016666666666666607,-0.023565573770491732,-0.16986062717770034,-0.16376306620209058,-0.16986062717770034,-0.14982578397212543,-0.159369527145359,-0.16549912434325753,-0.14535901926444839,-0.14893617021276595,-0.15514184397163122,-0.13475177304964547,-0.13200723327305597,-0.13833634719710663,-0.11754068716094035,-0.11439114391143912,-0.12084870848708495,-0.0996309963099632,-0.11926605504587151,-0.1256880733944954,-0.10458715596330281,-0.0874524714828897,-0.094106463878327,-0.07224334600760463
8042,2026-05-08,2026-05-11,2026-05-22,10,因連續3個營業日達本中心作業要點第四條第一項第一款,0.467780429594272,0.04878048780487809,0.04651162790697683,0.6109785202863962,0.467780429594272,0.6109785202863962,0.5393794749403342,0.2947368421052632,0.42105263157894735,0.35789473684210527,0.23370110330992966,0.3540621865596789,0.2938816449348043,0.05579399141630903,0.15879828326180268,0.10729613733905574,0.1441860465116278,0.2558139534883721,0.19999999999999996,0.22999999999999998,0.3500000000000001,0.29000000000000004,0.15492957746478875,0.267605633802817,0.21126760563380276
8042,2026-05-13,2026-05-14,2026-05-27,10,因連續3個營業日達本中心作業要點第四條第一項第一款,0.29184549356223166,-0.0897009966777409,0.1058394160583942,0.3004291845493563,0.29184549356223166,0.3004291845493563,0.1759656652360515,0.3999999999999999,0.40930232558139545,0.27441860465116275,0.5049999999999999,0.5149999999999999,0.3700000000000001,0.41314553990610325,0.42253521126760574,0.2863849765258215,0.3558558558558558,0.3648648648648649,0.23423423423423428,0.25416666666666665,0.26249999999999996,0.1416666666666666,0.23360655737704916,0.2418032786885247,0.12295081967213117
8042,2026-05-27,2026-05-28,2026-06-10,10,因連續3個營業日達本中心作業要點第四條第一項第一款,0.029197080291970767,0.028368794326241176,0.06896551724137923,0.13138686131386867,0.029197080291970767,0.13138686131386867,0.058394160583941535,-0.08143322475570036,0.009771986970684043,-0.055374592833876246,-0.1402439024390244,-0.054878048780487854,-0.11585365853658536,-0.16320474777448069,-0.0801186943620178,-0.13946587537091992,-0.18023255813953487,-0.09883720930232553,-0.15697674418604646,-0.0903225806451613,0.0,-0.06451612903225812,0.018050541516245522,0.11913357400722013,0.04693140794223827
8042,2026-06-17,2026-06-18,2026-07-02,10,因連續3個營業日達本中心作業要點第四條第一項第一款,0.05897435897435899,-0.05569007263922521,0.07948717948717943,0.07948717948717943,0.05897435897435899,0.07948717948717943,0.0,0.03508771929824572,0.05513784461152893,-0.022556390977443663,0.08115183246073299,0.10209424083769636,0.020942408376963373,0.17329545454545459,0.1960227272727273,0.10795454545454541,0.05897435897435899,0.07948717948717943,0.0,0.05626598465473154,0.07672634271099743,-0.002557544757033292,0.14404432132963985,0.16620498614958445,0.08033240997229907
8043,2025-10-27,2025-10-28,2025-11-12,12,連續3個營業日及沖銷標準,0.011428571428571566,0.005649717514124131,0.09363295880149813,0.11238095238095225,0.011428571428571566,0.11238095238095225,0.017142857142857126,0.037109375,0.140625,0.04296875,0.08256880733944971,0.19062181447502557,0.08868501529051986,0.09371781668383128,0.20288362512873337,0.09989701338825951,0.09259259259259256,0.20164609053497928,0.09876543209876543,0.09034907597535935,0.19917864476386038,0.0965092402464065,0.1670329670329671,0.2835164835164834,0.17362637362637368
8043,2025-11-24,2025-11-25,2025-12-08,10,最近10個營業日內有6個營業日,0.10224438902743138,-0.02941176470588247,0.0641025641025641,0.13840399002493764,0.10224438902743138,0.13840399002493764,0.06982543640897743,0.13478818998716302,0.17201540436456986,0.10141206675224645,0.18657718120805367,0.22550335570469793,0.15167785234899323,0.1480519480519482,0.18571428571428572,0.11428571428571432,0.13917525773195893,0.17654639175257736,0.10567010309278357,0.10087173100871749,0.13698630136986312,0.06849315068493156,0.12468193384223936,0.16157760814249378,0.09160305343511466
8043,2026-04-17,2026-04-20,2026-05-04,10,因連續3個營業日達本中心作業要點第四條第一項第一款,-0.05368421052631578,0.03670745272525022,0.0193133047210301,0.0,-0.05368421052631578,0.0,-0.0189473684210526,0.008978675645342493,0.06621773288439958,0.04601571268237947,0.02508551881413923,0.08323831242873436,0.06271379703534774,-0.022826086956521663,0.032608695652173836,0.01304347826086949,0.034522439585730647,0.09321058688147299,0.07249712313003442,0.07279236276849654,0.13365155131264927,0.11217183770883055,0.04413472706155641,0.10336817653890829,0.08246225319396072
8045,2025-01-10,2025-01-13,2025-02-04,10,連續三次,0.09821428571428581,-0.04065040650406504,0.13983050847457634,0.2008928571428572,0.09821428571428581,0.2008928571428572,0.0535714285714286,0.17142857142857149,0.28095238095238084,0.12380952380952381,0.10810810810810811,0.21171171171171177,0.06306306306306309,0.07894736842105265,0.17982456140350878,0.03508771929824572,0.07423580786026207,0.1746724890829694,0.03056768558951961,0.03797468354430378,0.1350210970464134,-0.00421940928270037,0.016528925619834656,0.11157024793388426,-0.024793388429752095
8045,2025-07-31,2025-08-01,2025-08-14,10,連續三次,0.04761904761904767,0.013636363636363669,0.08520179372197312,0.15238095238095228,0.04761904761904767,0.15238095238095228,0.06190476190476191,-0.026548672566371723,0.07079646017699126,-0.013274336283185861,-0.026548672566371723,0.07079646017699126,-0.013274336283185861,0.004566210045662045,0.10502283105022836,0.0182648401826484,-0.06382978723404253,0.029787234042553123,-0.051063829787234005,-0.03508771929824561,0.06140350877192979,-0.021929824561403466,-0.022222222222222254,0.0755555555555556,-0.008888888888888835
8046,2026-01-21,2026-01-22,2026-02-04,10,連續三次,0.09479305740987987,-0.024390243902439046,-0.006249999999999978,0.06141522029372504,0.09479305740987987,0.06141522029372504,0.06809078771695587,0.10661268556005399,0.07287449392712553,0.07962213225371118,0.09625668449197855,0.0628342245989304,0.06951871657754016,0.09625668449197855,0.0628342245989304,0.06951871657754016,0.04325699745547085,0.011450381679389388,0.01781170483460559,0.05128205128205132,0.019230769230769162,0.02564102564102555,0.10810810810810811,0.07432432432432434,0.08108108108108114
8046,2026-01-26,2026-01-27,2026-02-09,10,連續三次,0.11363636363636354,0.0012004801920768582,-0.017985611510791366,0.09491978609625673,0.11363636363636354,0.09491978609625673,0.11497326203208558,0.059796437659032975,0.041984732824427384,0.06106870229007644,0.06794871794871793,0.050000000000000044,0.0692307692307692,0.1256756756756756,0.10675675675675667,0.12702702702702706,0.09317585301837261,0.0748031496062993,0.09448818897637801,0.10185185185185186,0.08333333333333326,0.10317460317460325,0.08463541666666674,0.06640625,0.0859375
8046,2026-02-26,2026-03-02,2026-03-13,10,連續三次,-0.04629629629629628,0.05242718446601935,0.04428044280442811,0.04814814814814805,-0.04629629629629628,0.04814814814814805,0.0037037037037037646,-0.05504587155963303,0.038532110091743066,-0.0055045871559632475,0.1051502145922747,0.21459227467811148,0.16309012875536477,0.055327868852458995,0.1598360655737705,0.11065573770491799,0.1171366594360086,0.22776572668112793,0.175704989154013,0.21749408983451546,0.3380614657210401,0.281323877068558,0.1852704257767548,0.30264672036823925,0.24741081703107026
8046,2026-07-31,2026-08-03,2026-08-11,7,連續三次及當日沖銷標準,0.21693121693121697,0.017391304347825987,0.08119658119658113,0.3386243386243386,0.21693121693121697,0.3386243386243386,0.23809523809523814,0.12745098039215685,0.24019607843137258,0.1470588235294117,0.00877192982456143,0.10964912280701755,0.026315789473684292,0.08490566037735858,0.19339622641509435,0.10377358490566047,0.022222222222222143,0.12444444444444436,0.040000000000000036,0.045454545454545414,0.1499999999999999,0.06363636363636371,0.03139013452914807,0.13452914798206272,0.049327354260089606
8047,2025-10-09,2025-10-13,2025-10-27,10,因連續3個營業日達本中心作業要點第四條第一項第一款,0.7743785850860421,-0.049568965517241326,-0.017006802721088454,0.6577437858508606,0.7743785850860421,0.6577437858508606,0.6864244741873806,,,,0.41463414634146356,0.32164634146341475,0.3445121951219514,0.2871012482662969,0.2024965325936201,0.22330097087378653,0.17023959646910458,0.09331651954602771,0.1122320302648172,0.06422018348623837,-0.005733944954128489,0.011467889908256979,-0.011714589989350488,-0.07667731629392971,-0.060702875399361034
8047,2025-10-16,2025-10-17,2025-10-31,10,因連續3個營業日達本中心作業要點第四條第一項第一款,0.19293820933165184,0.005285412262156397,0.062039957939011625,0.2736443883984867,0.19293820933165184,0.2736443883984867,0.1992433795712485,0.0848623853211008,0.15825688073394484,0.09059633027522929,0.007454739084131967,0.07561235356762497,0.012779552715654896,0.08735632183908049,0.16091954022988508,0.09310344827586192,-0.05400000000000005,0.010000000000000009,-0.049000000000000044,-0.014583333333333393,0.05208333333333326,-0.009375000000000022,0.07256235827664392,0.14512471655328785,0.07823129251700678
8047,2025-10-21,2025-10-22,2025-11-05,10,因連續3個營業日達本中心作業要點第四條第一項第一款,0.034482758620689724,0.0,-0.02444444444444449,0.009195402298850519,0.034482758620689724,0.009195402298850519,0.034482758620689724,-0.09999999999999998,-0.122,-0.09999999999999998,-0.0625,-0.0854166666666667,-0.0625,0.020408163265306145,-0.0045351473922903285,0.020408163265306145,0.01237345331833506,-0.012373453318335281,0.01237345331833506,0.007838745800671898,-0.016797312430011146,0.007838745800671898,0.029748283752860427,0.004576659038901587,0.029748283752860427
8064,2026-05-06,2026-05-07,2026-05-20,10,因連續3個營業日達本中心作業要點第四條第一項第一款,0.11764705882352944,0.0,-0.02429149797570851,0.09049773755656099,0.11764705882352944,0.09049773755656099,0.11764705882352944,0.17619047619047623,0.14761904761904754,0.17619047619047623,0.17619047619047623,0.14761904761904754,0.17619047619047623,0.04661016949152552,0.021186440677966045,0.04661016949152552,0.0786026200873362,0.05240174672489073,0.0786026200873362,0.004065040650406582,-0.020325203252032575,0.004065040650406582,0.04219409282700415,0.016877637130801704,0.04219409282700415
8067,2025-10-15,2025-10-16,2025-10-30,10,因連續3個營業日達本中心作業要點第四條第一項第一款,-0.09638554216867479,0.013333333333333197,-0.019736842105263053,-0.10240963855421692,-0.09638554216867479,-0.10240963855421692,-0.08433734939759052,-0.1404011461318051,-0.14613180515759305,-0.1289398280802292,-0.04761904761904767,-0.053968253968254,-0.03492063492063502,-0.0033222591362126463,-0.009966777408637939,0.009966777408637828,0.006711409395973034,0.0,0.020134228187919323,-0.0066225165562913135,-0.013245033112582738,0.0066225165562914245,0.0,-0.006666666666666599,0.013333333333333197
8068,2026-01-02,2026-01-05,2026-01-16,10,因連續3個營業日達本中心作業要點第四條第一項第一款,0.023593466424682408,0.0,-0.02127659574468077,0.001814882032667997,0.023593466424682408,0.001814882032667997,0.023593466424682408,0.03867403314917128,0.016574585635359185,0.03867403314917128,0.0702087286527513,0.04743833017077792,0.0702087286527513,0.08880308880308885,0.06563706563706573,0.08880308880308885,0.062146892655367214,0.039548022598870025,0.062146892655367214,0.08045977011494254,0.05747126436781613,0.08045977011494254,0.05816135084427776,0.03564727954971869,0.05816135084427776
8069,2026-05-14,2026-05-15,2026-05-28,10,因連續3個營業日達本中心作業要點第四條第一項第一款,0.030973451327433565,0.030042918454935563,-0.08333333333333337,-0.026548672566371723,0.030973451327433565,-0.026548672566371723,0.06194690265486735,0.0938967136150235,0.032863849765258246,0.12676056338028174,0.03555555555555556,-0.022222222222222254,0.06666666666666665,0.04719101123595504,-0.011235955056179803,0.0786516853932584,0.004310344827586299,-0.051724137931034475,0.034482758620689724,0.01969365426695835,-0.03719912472647702,0.05032822757111588,0.017467248908296984,-0.0393013100436681,0.048034934497816595
8080,2026-01-15,2026-01-16,2026-01-29,10,因連續3個營業日達本中心作業要點第四條第一項第一款,-0.30785340314136134,-0.021180030257185956,-0.03709428129829995,-0.3476439790575917,-0.30785340314136134,-0.3476439790575917,-0.32251308900523556,-0.14599483204134378,-0.19509043927648584,-0.1640826873385013,-0.1939024390243903,-0.24024390243902438,-0.21097560975609753,-0.1939024390243903,-0.24024390243902438,-0.21097560975609753,-0.192918192918193,-0.23931623931623935,-0.21001221001221004,-0.17271589486858585,-0.22027534418022532,-0.1902377972465582,-0.11275167785234907,-0.16375838926174502,-0.1315436241610738
8088,2025-03-20,2025-03-21,2025-04-09,12,連續5個營業日及沖銷標準,-0.38428571428571423,0.051044083526682105,0.03973509933774855,-0.32714285714285707,-0.38428571428571423,-0.32714285714285707,-0.35285714285714287,-0.35863095238095244,-0.2991071428571429,-0.3258928571428572,-0.30483870967741933,-0.24032258064516132,-0.26935483870967747,-0.3359013867488444,-0.27426810477657937,-0.3020030816640987,-0.31803797468354433,-0.254746835443038,-0.2832278481012659,-0.31911532385466035,-0.2559241706161137,-0.28436018957345977,-0.24781849912739962,-0.17801047120418845,-0.2094240837696335
8091,2026-05-19,2026-05-20,2026-06-02,10,因連續3個營業日達本中心作業要點第四條第一項第一款,-0.03262955854126681,0.0,0.015873015873015817,-0.017274472168905985,-0.03262955854126681,-0.017274472168905985,-0.03262955854126681,-0.007874015748031482,0.007874015748031482,-0.007874015748031482,0.014084507042253502,0.030181086519114775,0.014084507042253502,-0.08363636363636362,-0.06909090909090909,-0.08363636363636362,-0.07861060329067637,-0.06398537477148081,-0.07861060329067637,-0.09999999999999998,-0.08571428571428574,-0.09999999999999998,-0.052631578947368474,-0.03759398496240607,-0.052631578947368474
8092,2026-04-23,2026-04-24,2026-05-08,10,因連續3個營業日達本中心作業要點第四條第一項第一款,0.014044943820224809,-0.008310249307479367,0.0027932960893854997,0.008426966292134797,0.014044943820224809,0.008426966292134797,0.00561797752808979,0.03142857142857136,0.02571428571428558,0.022857142857142687,0.08734939759036142,0.08132530120481918,0.07831325301204806,0.11764705882352966,0.11145510835913308,0.1083591331269349,0.1073619631901841,0.10122699386503053,0.09815950920245387,0.14240506329113933,0.13607594936708844,0.1329113924050631,0.12812500000000004,0.12187499999999996,0.11874999999999991
8096,2025-02-07,2025-02-10,2025-02-21,10,因連續3個營業日達本中心作業要點第四條第一項第一款,0.3527272727272728,0.008064516129032251,0.04533333333333345,0.42545454545454553,0.3527272727272728,0.42545454545454553,0.36363636363636354,0.3333333333333335,0.40501792114695356,0.3440860215053765,0.21568627450980404,0.28104575163398704,0.22549019607843124,0.17535545023696697,0.23854660347551349,0.18483412322274884,0.12727272727272743,0.18787878787878798,0.13636363636363646,0.026206896551724146,0.0813793103448277,0.034482758620689724,0.03333333333333344,0.08888888888888902,0.04166666666666674
8096,2025-02-13,2025-02-14,2025-02-27,10,因連續3個營業日達本中心作業要點第四條第一項第一款,0.05303030303030298,-0.01151079136690647,-0.07132459970887928,-0.033333333333333326,0.05303030303030298,-0.033333333333333326,0.040909090909091006,-0.04137931034482756,-0.12,-0.05241379310344829,-0.03472222222222221,-0.11388888888888893,-0.04583333333333328,-0.12688442211055273,-0.19849246231155782,-0.13693467336683407,-0.02250351617440216,-0.1026722925457102,-0.033755274261603296,-0.047945205479452024,-0.126027397260274,-0.05890410958904102,-0.07333333333333336,-0.14933333333333332,-0.08399999999999996
8096,2026-02-02,2026-02-03,2026-02-25,10,因連續3個營業日達本中心作業要點第四條第一項第一款,-0.02614379084967322,-0.03355704697986572,-0.008333333333333304,-0.06666666666666654,-0.02614379084967322,-0.06666666666666654,-0.05882352941176472,0.019151846785225857,-0.02325581395348819,-0.015047879616962967,0.0860058309037901,0.04081632653061251,0.04956268221574356,0.12368024132730016,0.0769230769230771,0.08597285067873317,0.17879746835443022,0.129746835443038,0.13924050632911378,0.12537764350453173,0.0785498489425982,0.08761329305135956,0.22937293729372943,0.17821782178217838,0.18811881188118806
8096,2026-06-23,2026-06-24,2026-07-07,10,最近10個營業日內有6個營業日,0.05102040816326525,0.012944983818770295,0.08306709265175716,0.15306122448979598,0.05102040816326525,0.15306122448979598,0.06462585034013602,-0.034375000000000044,0.059374999999999956,-0.021874999999999978,0.006514657980456029,0.10423452768729646,0.019543973941368087,0.047457627118643986,0.14915254237288145,0.0610169491525423,0.03344481605351168,0.13377926421404673,0.04682274247491636,-0.015923566878980888,0.07961783439490455,-0.0031847133757961776,0.009803921568627416,0.10784313725490202,0.02287581699346397
8096,2026-07-15,2026-07-16,2026-07-29,10,連續5個營業日,-0.18928571428571428,-0.08370044052863435,-0.014423076923076872,-0.2678571428571429,-0.18928571428571428,-0.2678571428571429,-0.2571428571428571,-0.1592592592592592,-0.2407407407407407,-0.22962962962962963,-0.09561752988047811,-0.18326693227091628,-0.17131474103585653,-0.14661654135338342,-0.2293233082706767,-0.21804511278195493,-0.22525597269624575,-0.3003412969283277,-0.2901023890784983,-0.20629370629370625,-0.28321678321678323,-0.2727272727272727,-0.19217081850533813,-0.2704626334519573,-0.25978647686832745
8103,2025-10-22,2025-10-23,2025-11-06,10,連續三次,-0.002525252525252597,-0.044303797468354444,-0.05827814569536427,-0.1022727272727274,-0.002525252525252597,-0.1022727272727274,-0.04671717171717171,-0.06839622641509435,-0.16155660377358494,-0.1096698113207547,0.0,-0.10000000000000009,-0.044303797468354444,0.03947368421052633,-0.06447368421052635,-0.006578947368421018,0.023316062176165664,-0.07901554404145084,-0.022020725388601115,0.0012674271229402567,-0.09885931558935379,-0.043092522179974724,-0.055023923444975975,-0.1495215311004785,-0.09688995215311003
8110,2025-11-13,2025-11-14,2025-11-27,10,連續三次,-0.1050000000000001,-0.016759776536312665,0.04971590909090917,-0.07624999999999993,-0.1050000000000001,-0.07624999999999993,-0.11999999999999988,-0.09823677581863999,-0.0692695214105793,-0.11335012594458438,-0.05789473684210533,-0.02763157894736834,-0.07368421052631569,0.03468208092485536,0.06791907514450868,0.01734104046242768,-0.06770833333333337,-0.03776041666666652,-0.08333333333333326,0.0964777947932618,0.1316998468606434,0.07810107197549776,0.09146341463414642,0.1265243902439026,0.07317073170731736
8110,2025-12-15,2025-12-16,2026-01-02,12,連續三次及當日沖銷標準,0.17105263157894735,0.08828250401284099,0.010324483775811188,0.28759398496240585,0.17105263157894735,0.28759398496240585,0.2744360902255638,0.2239685658153241,0.34577603143418467,0.3320235756385068,0.23122529644268774,0.3537549407114624,0.3399209486166006,0.1754716981132074,0.2924528301886793,0.27924528301886786,0.21679687499999978,0.337890625,0.3242187499999998,0.15370370370370368,0.2685185185185186,0.25555555555555554,0.15370370370370368,0.2685185185185186,0.25555555555555554
8111,2025-03-21,2025-03-24,2025-04-10,12,連續3個營業日及沖銷標準,-0.3928035982008996,-0.09999999999999998,0.017832647462276974,-0.4437781109445278,-0.3928035982008996,-0.4437781109445278,-0.45352323838080955,-0.361198738170347,-0.4148264984227129,-0.4250788643533122,-0.33606557377049184,-0.3918032786885246,-0.4024590163934426,-0.3158783783783784,-0.37331081081081086,-0.38429054054054057,-0.2894736842105263,-0.34912280701754383,-0.3605263157894736,-0.2429906542056075,-0.30654205607476637,-0.31869158878504666,-0.19801980198019797,-0.26534653465346536,-0.27821782178217813
8111,2025-12-10,2025-12-11,2025-12-24,10,最近10個營業日內有6個營業日,0.08403361344537807,0.007751937984496138,-0.028205128205128216,0.06162464985994376,0.08403361344537807,0.06162464985994376,0.09243697478991586,0.12011577424023168,0.09696092619392194,0.12879884225759786,0.13656387665198255,0.11306901615271658,0.14537444933920707,0.09787234042553195,0.075177304964539,0.1063829787234043,0.09787234042553195,0.075177304964539,0.1063829787234043,0.11366906474820149,0.09064748201438855,0.1223021582733812,0.10888252148997157,0.08595988538681953,0.11747851002865328
8114,2026-05-14,2026-05-15,2026-05-28,10,連續三次,0.03144654088050314,0.020325203252032464,-0.019920318725099584,0.03144654088050314,0.03144654088050314,0.03144654088050314,0.052410901467505155,0.2178217821782178,0.2178217821782178,0.24257425742574257,0.13888888888888884,0.13888888888888884,0.16203703703703698,0.12585812356979398,0.12585812356979398,0.14874141876430214,-0.008064516129032251,-0.008064516129032251,0.012096774193548487,0.03361344537815136,0.03361344537815136,0.054621848739495826,-0.029585798816568087,-0.029585798816568087,-0.009861932938856066
8155,2026-03-23,2026-03-24,2026-04-08,10,因連續3個營業日達本中心作業要點第四條第一項第一款,0.08029197080291972,-0.028716216216216228,0.0608695652173914,0.11313868613138678,0.08029197080291972,0.11313868613138678,0.0492700729927007,0.15625,0.19140625,0.123046875,0.11278195488721798,0.14661654135338353,0.08082706766917291,0.1362763915547025,0.17082533589251447,0.10364683301343569,0.12761904761904752,0.161904761904762,0.09523809523809534,0.14506769825918764,0.17988394584139256,0.11218568665377182,0.15399610136452235,0.18908382066276808,0.12085769980506833
8182,2026-04-21,2026-04-22,2026-05-06,10,因連續3個營業日達本中心作業要點第四條第一項第一款,-0.11111111111111105,0.0,0.09948979591836737,-0.0226757369614512,-0.11111111111111105,-0.0226757369614512,-0.11111111111111105,-0.08411214953271018,0.007009345794392718,-0.08411214953271018,0.023498694516971508,0.12532637075718034,0.023498694516971508,0.04533333333333345,0.14933333333333332,0.04533333333333345,0.1200000000000001,0.23142857142857154,0.1200000000000001,0.05802968960863719,0.16329284750337392,0.05802968960863719,0.023498694516971508,0.12532637075718034,0.023498694516971508
8201,2025-08-26,2025-08-27,2025-09-09,10,連續三次,-0.03797468354430378,-0.05789473684210533,0.011173184357541999,-0.08354430379746824,-0.03797468354430378,-0.08354430379746824,-0.09367088607594942,0.06145251396648055,0.011173184357541999,0.0,0.05555555555555558,0.005555555555555536,-0.005555555555555647,0.05555555555555558,0.005555555555555536,-0.005555555555555647,0.05555555555555558,0.005555555555555536,-0.005555555555555647,0.08882521489971351,0.037249283667621924,0.025787965616045794,0.046831955922865154,-0.0027548209366389242,-0.01377410468319562
8210,2025-07-18,2025-07-21,2025-08-01,10,最近十個營業日已有六次,-0.013059701492537323,-0.001890359168241984,-0.09753787878787878,-0.11100746268656714,-0.013059701492537323,-0.11100746268656714,-0.014925373134328401,-0.013059701492537323,-0.11100746268656714,-0.014925373134328401,-0.02218114602587795,-0.11922365988909422,-0.02402957486136781,0.005703422053231932,-0.094106463878327,0.0038022813688212143,-0.009363295880149836,-0.10767790262172283,-0.011235955056179803,-0.0018867924528301883,-0.10094339622641513,-0.0037735849056603765,0.04133858267716528,-0.06200787401574803,0.03937007874015741
8227,2025-07-04,2025-07-07,2025-07-22,12,連續5個營業日及沖銷標準,0.0028985507246377384,0.01734104046242768,-0.042613636363636354,-0.023188405797101463,0.0028985507246377384,-0.023188405797101463,0.020289855072463725,0.014662756598240456,-0.011730205278592365,0.032258064516129004,0.014662756598240456,-0.011730205278592365,0.032258064516129004,0.011695906432748648,-0.014619883040935644,0.029239766081871288,-0.0028818443804035088,-0.028818443804034533,0.014409221902017322,0.0,-0.026011560693641633,0.01734104046242768,0.029761904761904656,0.0029761904761904656,0.04761904761904767
8227,2026-05-11,2026-05-12,2026-05-25,10,因連續3個營業日達本中心作業要點第四條第一項第一款,0.09691629955947145,-0.03614457831325302,-0.06458333333333333,-0.011013215859030812,0.09691629955947145,-0.011013215859030812,0.05726872246696035,0.21760391198044005,0.097799511002445,0.17359413202933993,0.2116788321167884,0.09245742092457432,0.16788321167883202,0.17452830188679247,0.0589622641509433,0.13207547169811318,0.21463414634146338,0.09512195121951228,0.1707317073170731,0.1800947867298579,0.06398104265402837,0.13744075829383884,0.2901554404145077,0.16321243523316054,0.24352331606217614
8234,2025-02-17,2025-02-18,2025-03-06,12,連續5個營業日及沖銷標準,0.0033370411568409697,-0.0022172949002217113,0.006666666666666599,0.0077864293659619666,0.0033370411568409697,0.0077864293659619666,0.0011123470522802492,-0.00879120879120876,-0.004395604395604491,-0.01098901098901095,-0.05252100840336138,-0.04831932773109249,-0.054621848739495826,-0.031149301825993514,-0.02685284640171859,-0.03329752953813103,-0.07581967213114749,-0.07172131147540983,-0.07786885245901631,-0.12427184466019414,-0.12038834951456312,-0.12621359223300976,-0.13269230769230766,-0.12884615384615394,-0.13461538461538458
8240,2026-03-19,2026-03-20,2026-04-02,10,因連續3個營業日達本中心作業要點第四條第一項第一款,-0.0714285714285714,-0.04029304029304037,-0.005725190839694583,-0.11394557823129248,-0.0714285714285714,-0.11394557823129248,-0.108843537414966,0.016759776536312776,-0.029795158286778478,-0.02420856610800748,-0.04210526315789476,-0.08596491228070169,-0.08070175438596494,-0.0072727272727272085,-0.052727272727272734,-0.047272727272727244,-0.019748653500897717,-0.06463195691202872,-0.05924596050269304,0.09200000000000008,0.04200000000000004,0.04800000000000004,0.03409090909090917,-0.01325757575757569,-0.007575757575757569
8261,2026-07-08,2026-07-09,2026-07-27,12,連續三次及當日沖銷標準,-0.3566121842496285,-0.0969976905311778,-0.002557544757033292,-0.4205052005943536,-0.3566121842496285,-0.4205052005943536,-0.4190193164933135,-0.34789156626506024,-0.4126506024096386,-0.411144578313253,-0.22122302158273377,-0.2985611510791367,-0.2967625899280576,-0.29593495934959346,-0.36585365853658536,-0.3642276422764228,-0.24826388888888884,-0.32291666666666663,-0.3211805555555556,-0.13745019920318724,-0.22310756972111556,-0.2211155378486056,-0.13745019920318724,-0.22310756972111556,-0.2211155378486056
8271,2025-10-17,2025-10-20,2025-11-03,10,連續三次,-0.0535714285714286,-0.018867924528301883,-0.08269230769230762,-0.14821428571428563,-0.0535714285714286,-0.14821428571428563,-0.0714285714285714,-0.03196347031963476,-0.12876712328767115,-0.05022831050228316,0.0,-0.09999999999999998,-0.018867924528301883,-0.0046948356807511304,-0.10422535211267603,-0.023474178403755874,-0.08620689655172409,-0.1775862068965517,-0.10344827586206895,-0.06194690265486724,-0.15575221238938053,-0.07964601769911506,0.024154589371980784,-0.07826086956521738,0.004830917874396157
8271,2026-03-16,2026-03-17,2026-03-30,10,連續三次,-0.22580645161290325,-0.04861111111111116,-0.051094890510948954,-0.30107526881720426,-0.22580645161290325,-0.30107526881720426,-0.26344086021505375,-0.25773195876288657,-0.3298969072164949,-0.2938144329896907,-0.2727272727272727,-0.3434343434343434,-0.30808080808080807,-0.3142857142857143,-0.38095238095238093,-0.3476190476190476,-0.1504424778761062,-0.23303834808259583,-0.19174041297935107,-0.15294117647058825,-0.23529411764705888,-0.1941176470588235,-0.10559006211180122,-0.1925465838509317,-0.1490683229813664
8271,2026-03-19,2026-03-20,2026-04-02,10,連續三次,-0.30714285714285716,0.07903780068728516,-0.0987261146496815,-0.32619047619047614,-0.30714285714285716,-0.32619047619047614,-0.2523809523809524,-0.1415929203539823,-0.16519174041297935,-0.07374631268436582,-0.14411764705882357,-0.16764705882352937,-0.07647058823529407,-0.09627329192546585,-0.1211180124223602,-0.024844720496894457,-0.06129032258064515,-0.08709677419354833,0.012903225806451646,0.0898876404494382,0.059925093632958726,0.17602996254681647,0.05818181818181811,0.029090909090909056,0.14181818181818184
8271,2026-04-23,2026-04-24,2026-05-08,10,連續三次,0.22014051522248246,0.013435700575815668,-0.030303030303030276,0.1990632318501171,0.22014051522248246,0.1990632318501171,0.2365339578454333,0.32908163265306123,0.30612244897959173,0.346938775510204,0.18678815489749434,0.16628701594533024,0.20273348519362178,0.21728971962616828,0.19626168224299056,0.23364485981308403,0.1577777777777778,0.13777777777777778,0.17333333333333334,0.13755458515283836,0.11790393013100431,0.15283842794759828,0.1681614349775784,0.14798206278026904,0.18385650224215255
8277,2025-11-25,2025-11-26,2025-12-09,10,因連續3個營業日達本中心作業要點第四條第一項第一款,0.08581235697940492,0.0010537407797681642,-0.06315789473684208,0.01830663615560635,0.08581235697940492,0.01830663615560635,0.08695652173913038,0.17160493827160495,0.09876543209876543,0.1728395061728396,0.1907151819322459,0.11668757841907151,0.19196988707653695,0.11778563015312127,0.04829210836277986,0.11896348645465249,0.10477299185098965,0.03608847497089651,0.10593713620488932,0.10606060606060597,0.037296037296037365,0.10722610722610715,0.07840909090909087,0.011363636363636243,0.07954545454545436
8277,2026-06-03,2026-06-04,2026-06-17,10,因連續3個營業日達本中心作業要點第四條第一項第一款,-0.17200000000000004,0.024154589371980784,-0.09905660377358483,-0.236,-0.17200000000000004,-0.236,-0.15200000000000002,-0.05909090909090908,-0.13181818181818172,-0.036363636363636376,0.049695740365111485,-0.03144016227180513,0.0750507099391482,-0.014285714285714346,-0.09047619047619038,0.00952380952380949,-0.05909090909090908,-0.13181818181818172,-0.036363636363636376,0.024752475247524774,-0.05445544554455439,0.04950495049504955,-0.04166666666666674,-0.1157407407407407,-0.0185185185185186
8289,2026-03-03,2026-03-04,2026-03-17,10,因連續3個營業日達本中心作業要點第四條第一項第一款,0.03208556149732633,0.011658031088082721,-0.02944942381562099,0.013368983957219305,0.03208556149732633,0.013368983957219305,0.044117647058823595,0.014454664914586246,-0.003942181340341633,0.026281208935611033,0.07222222222222219,0.05277777777777781,0.08472222222222214,0.18223583460949477,0.16079632465543647,0.19601837672281763,0.14880952380952372,0.12797619047619047,0.1622023809523807,0.18404907975460127,0.16257668711656437,0.19785276073619618,0.16969696969696968,0.14848484848484844,0.18333333333333335
8289,2026-04-21,2026-04-22,2026-05-06,10,因連續3個營業日達本中心作業要點第四條第一項第一款,-0.13090909090909097,-0.0177824267782426,0.11821086261980818,-0.045454545454545414,-0.13090909090909097,-0.045454545454545414,-0.14636363636363636,-0.09125475285171114,-0.0019011406844107182,-0.10741444866920147,0.0,0.09832635983263605,-0.0177824267782426,0.07415730337078652,0.1797752808988764,0.05505617977528088,0.1220657276995305,0.232394366197183,0.102112676056338,0.05986696230598665,0.16407982261640797,0.04101995565410199,0.048245614035087536,0.15131578947368407,0.02960526315789469
8291,2026-02-26,2026-03-02,2026-03-13,10,因連續3個營業日達本中心作業要點第四條第一項第一款,-0.11326860841423947,0.0,0.014598540145985384,-0.10032362459546917,-0.11326860841423947,-0.10032362459546917,-0.11326860841423947,-0.08666666666666667,-0.07333333333333336,-0.08666666666666667,-0.08666666666666667,-0.07333333333333336,-0.08666666666666667,-0.08666666666666667,-0.07333333333333336,-0.08666666666666667,-0.05517241379310345,-0.04137931034482756,-0.05517241379310345,-0.05517241379310345,-0.04137931034482756,-0.05517241379310345,-0.05517241379310345,-0.04137931034482756,-0.05517241379310345
8291,2026-04-30,2026-05-04,2026-05-15,10,因連續3個營業日達本中心作業要點第四條第一項第一款,1.342268041237113,0.09859154929577474,0.0,1.5731958762886595,1.342268041237113,1.5731958762886595,1.5731958762886595,1.131332082551595,1.3414634146341462,1.3414634146341462,0.9385665529010236,1.1296928327645048,1.1296928327645048,0.7639751552795029,0.9378881987577639,0.9378881987577639,0.6045197740112995,0.7627118644067796,0.7627118644067796,0.4601542416452442,0.6041131105398458,0.6041131105398458,0.32865497076023376,0.4596491228070174,0.4596491228070174
8291,2026-05-06,2026-05-07,2026-05-20,10,因連續3個營業日達本中心作業要點第四條第一項第一款,1.341614906832298,0.09946949602122013,0.0,1.5745341614906834,1.341614906832298,1.5745341614906834,1.5745341614906834,1.129943502824859,1.34180790960452,1.34180790960452,0.9383033419023139,1.1311053984575836,1.1311053984575836,0.7637426900584796,0.9391812865497078,0.9391812865497078,0.6042553191489364,0.7638297872340427,0.7638297872340427,0.458413926499033,0.6034816247582204,0.6034816247582204,0.3274647887323945,0.45950704225352124,0.45950704225352124
8291,2026-05-11,2026-05-12,2026-05-25,10,因連續3個營業日達本中心作業要點第四條第一項第一款,1.3391812865497075,0.10000000000000009,0.0,1.5730994152046782,1.3391812865497075,1.5730994152046782,1.5730994152046782,1.127659574468085,1.3404255319148937,1.3404255319148937,0.9342359767891681,1.127659574468085,1.127659574468085,0.7605633802816902,0.9366197183098592,0.9366197183098592,0.6025641025641026,0.7628205128205128,0.7628205128205128,0.457725947521866,0.6034985422740526,0.6034985422740526,0.3262599469496019,0.4588859416445623,0.4588859416445623
8291,2026-05-14,2026-05-15,2026-05-28,10,因連續3個營業日達本中心作業要點第四條第一項第一款,1.341549295774648,0.0,-0.09774436090225569,1.1126760563380285,1.341549295774648,1.1126760563380285,1.341549295774648,1.1314102564102564,0.9230769230769231,1.1314102564102564,0.9387755102040818,0.7492711370262393,0.9387755102040818,0.7639257294429707,0.5915119363395225,0.7639257294429707,0.6043425814234016,0.44752714113389613,0.6043425814234016,0.4599341383095501,0.31723380900109777,0.4599341383095501,0.33000000000000007,0.19999999999999996,0.33000000000000007
8291,2026-05-19,2026-05-20,2026-06-02,10,因連續3個營業日達本中心作業要點第四條第一項第一款,0.2891246684350133,-0.09979423868312765,0.0,0.1604774535809017,0.2891246684350133,0.1604774535809017,0.1604774535809017,0.17249698431845584,0.055488540410132625,0.055488540410132625,0.06695938529088918,-0.039517014270032846,-0.039517014270032846,-0.028000000000000025,-0.125,-0.125,-0.11636363636363634,-0.20454545454545459,-0.20454545454545459,-0.196694214876033,-0.27685950413223137,-0.27685950413223137,-0.26917293233082706,-0.3421052631578947,-0.3421052631578947
8291,2026-05-22,2026-05-25,2026-06-05,10,因連續3個營業日達本中心作業要點第四條第一項第一款,-0.29000000000000004,-0.09999999999999998,0.0,-0.361,-0.29000000000000004,-0.361,-0.361,-0.3545454545454545,-0.41909090909090907,-0.41909090909090907,-0.4132231404958677,-0.47190082644628095,-0.47190082644628095,-0.46616541353383456,-0.5195488721804511,-0.5195488721804511,-0.46616541353383456,-0.5195488721804511,-0.5195488721804511,-0.34259259259259256,-0.4083333333333333,-0.4083333333333333,-0.2695473251028807,-0.34259259259259267,-0.34259259259259267
8291,2026-05-27,2026-05-28,2026-06-10,10,因連續3個營業日達本中心作業要點第四條第一項第一款,-0.6097744360902255,-0.09922928709055878,0.0,-0.6484962406015038,-0.6097744360902255,-0.6484962406015038,-0.6484962406015038,-0.6097744360902255,-0.6484962406015038,-0.6484962406015038,-0.5194444444444444,-0.5671296296296297,-0.5671296296296297,-0.46604938271604945,-0.5190329218106996,-0.5190329218106996,-0.4068571428571429,-0.46571428571428575,-0.46571428571428575,-0.34137055837563446,-0.4067258883248731,-0.4067258883248731,-0.26901408450704223,-0.3415492957746479,-0.3415492957746479
8291,2026-06-08,2026-06-09,2026-06-23,10,因連續3個營業日達本中心作業要點第四條第一項第一款,-0.13541666666666674,-0.03915662650602403,-0.007314524555903867,-0.1753472222222222,-0.13541666666666674,-0.1753472222222222,-0.16927083333333337,-0.040462427745664775,-0.08477842003853564,-0.07803468208092479,0.0652406417112299,0.016042780748663166,0.02352941176470602,0.18149466192170816,0.12692763938315554,0.13523131672597866,0.3002610966057442,0.2402088772845954,0.24934725848563977,0.3002610966057442,0.2402088772845954,0.24934725848563977,0.2704081632653059,0.21173469387755084,0.22066326530612246
8291,2026-06-11,2026-06-12,2026-06-26,10,因連續3個營業日達本中心作業要點第四條第一項第一款,0.043890865954922864,-0.025000000000000022,-0.034965034965035,-0.017793594306049876,0.043890865954922864,-0.017793594306049876,0.017793594306049876,0.14882506527415162,0.08093994778067892,0.1201044386422978,0.14882506527415162,0.08093994778067892,0.1201044386422978,0.12244897959183665,0.05612244897959173,0.09438775510204067,-0.07172995780590719,-0.12658227848101267,-0.09493670886075944,-0.15547024952015354,-0.20537428023032633,-0.17658349328214973,-0.061833688699360345,-0.11727078891257992,-0.08528784648187637
8291,2026-06-16,2026-06-17,2026-07-01,10,因連續3個營業日達本中心作業要點第四條第一項第一款,0.0714285714285714,0.0,-0.0714285714285714,-0.005102040816326592,0.0714285714285714,-0.005102040816326592,0.0714285714285714,-0.11392405063291133,-0.17721518987341767,-0.11392405063291133,-0.1938579654510557,-0.2514395393474088,-0.1938579654510557,-0.10447761194029848,-0.16844349680170578,-0.10447761194029848,-0.12225705329153602,-0.1849529780564264,-0.12225705329153602,-0.125,-0.1875,-0.125,-0.08893709327548804,-0.15401301518438182,-0.08893709327548804
8291,2026-07-15,2026-07-16,2026-07-29,10,因連續3個營業日達本中心作業要點第四條第一項第一款,0.5057034220532319,-0.09595959595959602,0.1033519553072626,0.5019011406844105,0.5057034220532319,0.5019011406844105,0.3612167300380227,0.31780366056572373,0.3144758735440931,0.19134775374376023,0.1981845688350985,0.19515885022692903,0.08320726172465953,0.08940852819807432,0.08665749656121036,-0.015130674002751143,-0.008760951188986232,-0.011264080100125251,-0.1038798498122655,-0.0979498861047835,-0.10022779043280183,-0.18451025056947612,-0.17927461139896372,-0.18134715025906734,-0.25803108808290165
8291,2026-07-24,2026-07-27,2026-08-07,10,連續3個營業日,0.026282853566958586,-0.0012195121951218413,0.024420024420024333,0.050062578222778376,0.026282853566958586,0.050062578222778376,0.0250312891113893,-0.15025906735751293,-0.13056994818652845,-0.15129533678756468,-0.0888888888888889,-0.06777777777777771,-0.08999999999999997,0.14525139664804487,0.1717877094972069,0.14385474860335212,0.028858218318695172,0.05269761606022594,0.027603513174404126,0.1325966850828728,0.15883977900552493,0.1312154696132597,0.18155619596541772,0.20893371757925072,0.18011527377521608
8299,2025-09-16,2025-09-17,2025-10-01,10,因連續3個營業日達本中心作業要點第四條第一項第一款,0.038737446197991465,0.09944751381215466,0.0,0.14203730272596848,0.038737446197991465,0.14203730272596848,0.14203730272596848,0.03428571428571425,0.13714285714285723,0.13714285714285723,-0.008219178082191747,0.09041095890410955,0.09041095890410955,-0.006858710562414272,0.09190672153635115,0.09190672153635115,-0.030789825970548912,0.06559571619812576,0.06559571619812576,0.0240452616690241,0.1258840169731259,0.1258840169731259,0.05385735080058218,0.15866084425036386,0.15866084425036386
8299,2025-10-09,2025-10-13,2025-10-27,10,因連續3個營業日達本中心作業要點第四條第一項第一款,0.1719128329297821,0.03305785123966931,0.02499999999999991,0.2409200968523002,0.1719128329297821,0.2409200968523002,0.21065375302663436,0.11264367816091947,0.17816091954022983,0.14942528735632177,0.23155216284987268,0.3040712468193385,0.27226463104325704,0.20698254364089785,0.2780548628428927,0.24688279301745641,0.1442080378250592,0.21158392434988182,0.18203309692671388,0.11520737327188946,0.18087557603686633,0.1520737327188939,0.12558139534883717,0.19186046511627897,0.16279069767441867
8299,2026-01-06,2026-01-07,2026-01-20,10,最近10個營業日內有6個營業日,0.14245014245014254,0.02244389027431426,-0.07073170731707312,0.08547008547008539,0.14245014245014254,0.08547008547008539,0.16809116809116809,0.21148036253776437,0.1510574018126889,0.23867069486404824,0.20783132530120474,0.1475903614457832,0.2349397590361446,0.18639053254437865,0.1272189349112427,0.21301775147928992,0.11080332409972304,0.05540166204986141,0.1357340720221607,0.14571428571428569,0.08857142857142852,0.17142857142857149,0.13597733711048154,0.07932011331444766,0.16147308781869696
8358,2025-08-18,2025-08-19,2025-09-01,10,因連續3個營業日達本中心作業要點第四條第一項第一款,0.048128342245989275,0.022959183673469497,0.07481296758104738,0.1524064171122994,0.048128342245989275,0.1524064171122994,0.07219251336898402,0.21362229102167185,0.33436532507739947,0.241486068111455,0.15294117647058814,0.26764705882352935,0.17941176470588238,0.11363636363636354,0.22443181818181812,0.13920454545454541,0.02083333333333326,0.12239583333333326,0.04427083333333326,-0.0025445292620864812,0.09669211195928762,0.020356234096692072,-0.1009174311926605,-0.011467889908256867,-0.08027522935779818
8358,2025-10-20,2025-10-21,2025-11-04,10,最近10個營業日內有6個營業日,0.07918552036199089,-0.07966457023060791,0.056947608200455635,0.04977375565610864,0.07918552036199089,0.04977375565610864,-0.006787330316742057,0.11448598130841114,0.08411214953271018,0.025700934579439227,0.12235294117647055,0.09176470588235297,0.03294117647058825,0.10161662817551953,0.07159353348729791,0.01385681293302543,0.09153318077803196,0.06178489702517154,0.004576659038901587,0.032467532467532534,0.0043290043290042934,-0.04978354978354982,0.03695652173913033,0.008695652173912993,-0.04565217391304344
8358,2025-11-05,2025-11-06,2025-11-19,10,最近10個營業日內有6個營業日,-0.03982300884955747,0.09907834101382496,0.0,0.055309734513274256,-0.03982300884955747,0.055309734513274256,0.055309734513274256,-0.018099547511312264,0.07918552036199089,0.07918552036199089,-0.0091324200913242,0.08904109589041087,0.08904109589041087,-0.04194260485651213,0.052980132450331174,0.052980132450331174,-0.09205020920502094,-0.0020920502092049986,-0.0020920502092049986,-0.07659574468085106,0.014893617021276562,0.014893617021276562,-0.029082774049216997,0.06711409395973145,0.06711409395973145
8358,2025-11-25,2025-11-26,2025-12-09,10,最近10個營業日內有6個營業日,0.11894273127753308,0.04133858267716528,0.05482041587901709,0.2290748898678414,0.11894273127753308,0.2290748898678414,0.16519823788546262,0.13901345291479816,0.2511210762331839,0.18609865470852016,0.11159737417943116,0.2210065645514223,0.15754923413566746,0.11159737417943116,0.2210065645514223,0.15754923413566746,0.10434782608695659,0.21304347826086967,0.1499999999999999,0.10195227765726678,0.21041214750542303,0.14750542299349245,0.08779443254817987,0.1948608137044967,0.13276231263383287
8358,2025-12-16,2025-12-17,2025-12-31,10,連續5個營業日,0.1260162601626016,0.02166064981949467,0.02473498233215543,0.17886178861788626,0.1260162601626016,0.17886178861788626,0.15040650406504064,0.17124735729386886,0.22621564482029588,0.19661733615221988,0.1306122448979592,0.18367346938775508,0.15510204081632661,0.11468812877263579,0.1670020120724347,0.13883299798792748,0.11022044088176353,0.16232464929859725,0.13426853707414832,0.08203125,0.1328125,0.10546875,0.047258979206049156,0.0964083175803403,0.06994328922495274
8358,2026-01-08,2026-01-09,2026-01-22,10,連續5個營業日,0.15490196078431362,0.015280135823429575,-0.08193979933110362,0.07647058823529407,0.15490196078431362,0.07647058823529407,0.1725490196078432,0.13051823416506725,0.05374280230326289,0.14779270633397323,0.14591439688715946,0.06809338521400776,0.16342412451361876,0.15264187866927603,0.07436399217221146,0.1702544031311155,0.12404580152671763,0.04770992366412208,0.14122137404580148,0.0787545787545787,0.005494505494505475,0.09523809523809534,0.08671586715867163,0.012915129151291449,0.10332103321033204
8358,2026-01-29,2026-01-30,2026-02-23,10,連續5個營業日,0.05192307692307696,0.034734917733089565,0.06183745583038869,0.15576923076923066,0.05192307692307696,0.15576923076923066,0.08846153846153837,0.05394990366088637,0.1579961464354529,0.09055876685934483,0.09400000000000008,0.20199999999999996,0.1319999999999999,0.12090163934426235,0.23155737704918034,0.1598360655737705,0.062135922330097015,0.16699029126213594,0.09902912621359228,0.1255144032921811,0.23662551440329227,0.1646090534979423,0.10282258064516125,0.21169354838709675,0.1411290322580645
8358,2026-03-05,2026-03-06,2026-03-19,10,最近10個營業日內有6個營業日,0.08686868686868676,0.026022304832713727,-0.11050724637681164,-0.008080808080808133,0.08686868686868676,-0.008080808080808133,0.11515151515151523,0.15698924731182795,0.05591397849462365,0.1870967741935483,0.08467741935483875,-0.01008064516129037,0.11290322580645151,0.18241758241758244,0.07912087912087906,0.2131868131868131,0.16956521739130426,0.06739130434782603,0.19999999999999996,0.19555555555555548,0.09111111111111114,0.22666666666666657,0.10245901639344268,0.006147540983606481,0.13114754098360648
8358,2026-04-21,2026-04-22,2026-05-06,10,因連續3個營業日達本中心作業要點第四條第一項第一款,0.17564102564102568,0.0,0.022900763358778553,0.2025641025641025,0.17564102564102568,0.2025641025641025,0.17564102564102568,0.1405472636815921,0.16666666666666674,0.1405472636815921,0.21779548472775567,0.2456839309428951,0.21779548472775567,0.2391891891891893,0.2675675675675675,0.2391891891891893,0.348529411764706,0.37941176470588234,0.348529411764706,0.29154929577464794,0.3211267605633803,0.29154929577464794,0.22593582887700525,0.2540106951871657,0.22593582887700525
8358,2026-05-14,2026-05-15,2026-05-28,10,最近10個營業日內有6個營業日,0.32613908872901676,0.047016274864376095,0.050086355785837755,0.45803357314148685,0.32613908872901676,0.45803357314148685,0.38848920863309355,0.4610303830911493,0.6063408190224571,0.5297225891677675,0.28604651162790695,0.413953488372093,0.34651162790697665,0.2074235807860263,0.32751091703056767,0.26419213973799116,0.14020618556701026,0.2536082474226804,0.1938144329896907,0.09288537549407105,0.20158102766798414,0.14426877470355737,-0.008960573476702538,0.08960573476702516,0.037634408602150504
8358,2026-06-04,2026-06-05,2026-06-18,10,連續5個營業日,0.28913443830570906,0.0071428571428571175,-0.019858156028368823,0.2725598526703499,0.28913443830570906,0.2725598526703499,0.298342541436464,0.3035381750465549,0.2867783985102421,0.3128491620111731,0.1945392491467577,0.17918088737201354,0.20307167235494883,0.17449664429530198,0.15939597315436238,0.18288590604026855,0.26126126126126126,0.24504504504504498,0.2702702702702702,0.20898100172711565,0.1934369602763386,0.21761658031088094,0.17845117845117842,0.16329966329966328,0.18686868686868685
8383,2026-07-17,2026-07-20,2026-07-31,10,因連續3個營業日達本中心作業要點第四條第一項第一款,-0.20717592592592593,-0.029197080291970767,0.02706766917293235,-0.2094907407407408,-0.20717592592592593,-0.2094907407407408,-0.23032407407407407,-0.12627551020408168,-0.12882653061224503,-0.1517857142857143,-0.18452380952380953,-0.1869047619047619,-0.20833333333333337,-0.1912632821723731,-0.19362455726092098,-0.2148760330578513,-0.22159090909090906,-0.22386363636363638,-0.24431818181818177,-0.25704989154013014,-0.25921908893709333,-0.27874186550976143,-0.15222772277227725,-0.15470297029702973,-0.17698019801980192
8438,2026-01-05,2026-01-06,2026-01-19,10,連續三次,0.3089770354906056,-0.04146730462519943,0.03161397670549082,0.2943632567849688,0.3089770354906056,0.2943632567849688,0.25469728601252606,0.2795918367346939,0.26530612244897966,0.226530612244898,0.2198443579766538,0.20622568093385207,0.16926070038910512,0.2174757281553399,0.20388349514563098,0.16699029126213594,0.23668639053254426,0.22287968441814598,0.18540433925049316,0.1697761194029852,0.15671641791044766,0.12126865671641784,0.1942857142857144,0.18095238095238098,0.14476190476190487
8438,2026-01-08,2026-01-09,2026-01-22,10,連續三次,0.2233009708737863,0.0793650793650793,0.01911764705882346,0.34563106796116494,0.2233009708737863,0.34563106796116494,0.3203883495145632,0.2426035502958579,0.36686390532544366,0.3412228796844181,0.17537313432835822,0.2929104477611939,0.26865671641791034,0.19999999999999996,0.31999999999999984,0.2952380952380953,0.16236162361623618,0.27859778597785967,0.25461254612546114,0.07692307692307687,0.18461538461538463,0.16239316239316248,0.0031847133757962887,0.10350318471337583,0.08280254777070062
8438,2026-04-20,2026-04-21,2026-05-05,10,最近十個營業日已有六次,0.0754285714285714,-0.007438894792773487,-0.04282655246252676,0.021714285714285797,0.0754285714285714,0.021714285714285797,0.0674285714285714,0.05257270693512295,0.0,0.044742729306487705,0.04671857619577291,-0.005561735261401579,0.03893214682981094,0.10705882352941165,0.051764705882352935,0.09882352941176475,0.10705882352941165,0.051764705882352935,0.09882352941176475,0.10705882352941165,0.051764705882352935,0.09882352941176475,0.05257270693512295,0.0,0.044742729306487705
8444,2026-04-14,2026-04-15,2026-04-28,10,因連續3個營業日達本中心作業要點第四條第一項第一款,0.10920770877944319,0.0714285714285714,0.02522522522522541,0.2184154175588866,0.10920770877944319,0.2184154175588866,0.18843683083511786,-0.0019267822736032114,0.09633911368015413,0.06936416184971095,-0.02264150943396226,0.07358490566037745,0.04716981132075482,0.038076152304609145,0.14028056112224463,0.11222444889779548,0.03393213572854292,0.1357285429141717,0.10778443113772451,0.029821073558647937,0.1312127236580518,0.1033797216699801,0.029821073558647937,0.1312127236580518,0.1033797216699801
8444,2026-05-15,2026-05-18,2026-05-29,10,因連續3個營業日達本中心作業要點第四條第一項第一款,-0.351764705882353,-0.08892921960072597,-0.003984063745019806,-0.4117647058823529,-0.351764705882353,-0.4117647058823529,-0.40941176470588236,-0.26728723404255317,-0.3351063829787234,-0.33244680851063835,-0.16767371601208458,-0.24471299093655585,-0.2416918429003022,-0.21285714285714286,-0.2857142857142857,-0.2828571428571429,-0.08319467554076543,-0.16805324459234605,-0.16472545757071555,-0.17391304347826086,-0.2503748125937031,-0.24737631184407805,-0.1112903225806452,-0.19354838709677424,-0.1903225806451614
8454,2026-06-04,2026-06-05,2026-06-18,10,連續三次,0.024024024024023927,0.02639296187683282,-0.042857142857142816,0.006006006006006093,0.024024024024023927,0.006006006006006093,0.05105105105105112,0.013372956909361022,-0.004457652303120341,0.04011887072808329,-0.14536340852130325,-0.16040100250626566,-0.1228070175438597,-0.18028846153846156,-0.19471153846153844,-0.15865384615384615,-0.17031630170316303,-0.18491484184914841,-0.14841849148418496,-0.13888888888888884,-0.1540404040404041,-0.11616161616161613,0.03333333333333344,0.015151515151515138,0.06060606060606055
8454,2026-06-09,2026-06-10,2026-06-24,10,連續三次,-0.16346153846153844,0.008620689655172376,-0.035612535612535634,-0.18629807692307687,-0.16346153846153844,-0.18629807692307687,-0.15625,-0.15328467153284675,-0.17639902676399022,-0.14598540145985406,-0.12121212121212122,-0.14520202020202022,-0.11363636363636365,0.05454545454545445,0.025757575757575868,0.06363636363636371,0.13911620294599025,0.10801963993453345,0.14893617021276606,0.08411214953271018,0.054517133956386354,0.09345794392523366,0.08411214953271018,0.054517133956386354,0.09345794392523366
8455,2026-05-20,2026-05-21,2026-06-03,10,因連續3個營業日達本中心作業要點第四條第一項第一款,-0.1303418803418802,-0.06633906633906639,-0.03552631578947374,-0.2168803418803419,-0.1303418803418802,-0.2168803418803419,-0.18803418803418803,-0.05348837209302315,-0.14767441860465125,-0.11627906976744184,-0.021634615384615308,-0.11899038461538469,-0.08653846153846156,-0.003671970624234966,-0.10281517747858027,-0.06976744186046513,0.00992555831265518,-0.09057071960297769,-0.05707196029776673,0.0024630541871921707,-0.09729064039408875,-0.0640394088669951,-0.15296566077003115,-0.23725286160249737,-0.2091571279916753
8472,2025-07-18,2025-07-21,2025-08-01,10,因連續3個營業日達本中心作業要點第四條第一項第一款,0.10200364298724951,0.05785123966942152,0.0390625,0.21129326047358843,0.10200364298724951,0.21129326047358843,0.16575591985428062,0.0117056856187292,0.11204013377926425,0.07023411371237454,0.15019011406844096,0.26425855513307983,0.21673003802281365,0.23975409836065587,0.36270491803278704,0.3114754098360657,0.21364092276830493,0.3340020060180542,0.2838515546639919,0.21364092276830493,0.3340020060180542,0.2838515546639919,0.1567877629063099,0.2715105162523901,0.2237093690248566
8472,2025-08-06,2025-08-07,2025-08-20,10,因連續3個營業日達本中心作業要點第四條第一項第一款,0.24390243902439024,0.06295149638802888,0.03398058252427183,0.367137355584082,0.24390243902439024,0.367137355584082,0.3222079589216944,0.3365517241379312,0.46896551724137936,0.42068965517241375,0.2142857142857144,0.33458646616541365,0.2907268170426065,0.21580928481806771,0.3362609786700126,0.2923462986198242,0.07427937915742788,0.1807095343680709,0.14190687361419063,0.041935483870967794,0.14516129032258074,0.10752688172043001,0.041935483870967794,0.14516129032258074,0.10752688172043001
8472,2025-10-15,2025-10-16,2025-10-30,10,最近10個營業日內有6個營業日,-0.02073170731707319,-0.03362391033623913,0.002577319587628857,-0.051219512195122,-0.02073170731707319,-0.051219512195122,-0.0536585365853659,-0.05418138987043586,-0.08362779740871629,-0.08598351001177873,-0.0290205562273278,-0.059250302297460755,-0.061668681983071405,-0.009864364981504337,-0.040690505548705236,-0.04315659679408135,-0.026666666666666727,-0.056969696969697003,-0.05939393939393944,-0.03601440576230497,-0.06602641056422565,-0.06842737094837936,-0.0290205562273278,-0.059250302297460755,-0.061668681983071405
8499,2025-07-15,2025-07-16,2025-07-29,10,連續三次,0.08870967741935476,0.0018518518518517713,0.020332717190388205,0.11290322580645151,0.08870967741935476,0.11290322580645151,0.09072580645161299,0.024667931688804545,0.04743833017077792,0.026565464895635715,-0.04593639575971731,-0.02473498233215543,-0.044169611307420475,-0.06412478336221838,-0.04332755632582319,-0.06239168110918547,-0.059233449477351874,-0.0383275261324042,-0.057491289198606244,0.011235955056179803,0.03370786516853941,0.013108614232209659,-0.01098901098901095,0.01098901098901095,-0.009157509157509125
8499,2025-07-18,2025-07-21,2025-08-01,10,連續三次,0.029462738301559765,-0.05555555555555558,-0.04634581105169344,-0.07279029462738307,0.029462738301559765,-0.07279029462738307,-0.02772963604852685,0.03484320557491283,-0.06794425087108014,-0.022648083623693416,0.1123595505617978,0.001872659176029856,0.050561797752809,0.08791208791208782,-0.020146520146520186,0.027472527472527375,0.10408921933085491,-0.005576208178438624,0.04275092936802971,0.10000000000000009,-0.0092592592592593,0.03888888888888897,0.06451612903225801,-0.04121863799283154,0.005376344086021501
8933,2026-01-23,2026-01-26,2026-02-06,10,因連續3個營業日達本中心作業要點第四條第一項第一款,-0.11193111931119326,0.0013850415512466352,-0.015214384508990375,-0.12423124231242322,-0.11193111931119326,-0.12423124231242322,-0.11070110701107017,-0.08375634517766495,-0.09644670050761417,-0.08248730964466999,-0.04116865869853925,-0.054448871181938974,-0.03984063745019917,-0.03087248322147662,-0.0442953020134228,-0.029530201342281792,-0.01902173913043481,-0.03260869565217395,-0.017663043478260865,-0.004137931034482789,-0.017931034482758568,-0.0027586206896551557,0.015471167369901506,0.0014064697609001975,0.016877637130801704
8935,2025-08-13,2025-08-14,2025-08-27,10,因連續3個營業日達本中心作業要點第四條第一項第一款,0.09606986899563341,0.009960159362549792,-0.03550295857988173,0.06768558951965065,0.09606986899563341,0.06768558951965065,0.10698689956331897,0.14090909090909087,0.11136363636363633,0.15227272727272734,0.08658008658008653,0.058441558441558294,0.09740259740259738,0.09846827133479219,0.07002188183807423,0.10940919037199115,0.16744186046511644,0.13720930232558137,0.17906976744186043,0.25187032418952615,0.2194513715710722,0.2643391521197007,0.11804008908685981,0.08908685968819596,0.12917594654788433
8937,2025-01-06,2025-01-07,2025-01-20,10,最近10個營業日內有6個營業日,0.07012195121951215,-0.028490028490028463,-0.011730205278592365,0.027439024390243816,0.07012195121951215,0.027439024390243816,0.03963414634146334,0.026315789473684292,-0.014619883040935644,-0.0029239766081871066,0.041543026706231556,0.0,0.011869436201780381,0.06363636363636371,0.021212121212121238,0.03333333333333344,0.110759493670886,0.06645569620253156,0.07911392405063289,0.1322580645161291,0.08709677419354844,0.10000000000000009,0.06363636363636371,0.021212121212121238,0.03333333333333344
8937,2025-04-11,2025-04-14,2025-04-25,10,因連續3個營業日達本中心作業要點第四條第一項第一款,0.24423963133640547,-0.014814814814814836,0.0,0.22580645161290325,0.24423963133640547,0.22580645161290325,0.22580645161290325,0.09756097560975618,0.08130081300813008,0.08130081300813008,0.0037174721189590088,-0.01115241635687736,-0.01115241635687736,0.034482758620689724,0.019157088122605304,0.019157088122605304,0.034482758620689724,0.019157088122605304,0.019157088122605304,0.07569721115537842,0.05976095617529875,0.05976095617529875,0.07569721115537842,0.05976095617529875,0.05976095617529875
8996,2025-10-17,2025-10-20,2025-11-03,10,最近十個營業日已有六次,0.1798165137614678,0.012441679626749691,-0.010752688172043001,0.18165137614678906,0.1798165137614678,0.18165137614678906,0.1944954128440366,0.20411985018726586,0.20599250936329594,0.2191011235955056,0.2365384615384616,0.2384615384615385,0.2519230769230769,0.26824457593688367,0.2702169625246549,0.28402366863905315,0.24612403100775193,0.24806201550387597,0.2616279069767442,0.20186915887850465,0.20373831775700935,0.216822429906542,0.06633499170812596,0.06799336650082921,0.07960199004975133
8996,2025-11-10,2025-11-11,2025-11-24,10,連續五次,-0.20598006644518274,0.06485355648535562,0.03143418467583503,-0.12790697674418605,-0.20598006644518274,-0.12790697674418605,-0.154485049833887,-0.17301038062283736,-0.09169550173010377,-0.11937716262975784,-0.06457925636007833,0.027397260273972712,-0.003913894324853229,-0.09469696969696972,-0.005681818181818232,-0.03598484848484851,-0.0736434108527132,0.01744186046511631,-0.013565891472868241,-0.047808764940239,0.04581673306772904,0.013944223107569709,0.02136752136752129,0.1217948717948718,0.08760683760683752
8996,2025-12-05,2025-12-08,2025-12-19,10,最近十個營業日已有六次,-0.013487475915221592,0.02734375,0.05133079847908739,0.06551059730250475,-0.013487475915221592,0.06551059730250475,0.01348747591522148,0.02400000000000002,0.1060000000000001,0.052000000000000046,0.001956947162426559,0.08219178082191791,0.02935420743639927,0.013861386138613874,0.09504950495049513,0.04158415841584162,0.02400000000000002,0.1060000000000001,0.052000000000000046,0.019920318725099584,0.10159362549800788,0.047808764940239,0.03434343434343434,0.11717171717171726,0.06262626262626259
8996,2026-01-15,2026-01-16,2026-01-29,10,最近十個營業日已有六次,0.11798561151079134,-0.03346203346203347,-0.005326231691078598,0.07482014388489211,0.11798561151079134,0.07482014388489211,0.0805755395683454,0.12283236994219648,0.07947976878612706,0.08526011560693636,0.1100000000000001,0.06714285714285717,0.07285714285714295,0.08671328671328671,0.04475524475524484,0.05034965034965033,0.09282700421940926,0.05063291139240511,0.05625879043600568,0.05427408412483037,0.013568521031207537,0.01899592944369055,0.06877579092159558,0.02751031636863832,0.03301237964236581
8996,2026-02-24,2026-02-25,2026-03-11,10,最近十個營業日已有六次,-0.1051502145922747,0.007194244604316502,0.09166666666666656,-0.016094420600858417,-0.1051502145922747,-0.016094420600858417,-0.09871244635193133,-0.08452250274423712,0.00658616904500553,-0.07793633369923159,-0.025700934579439227,0.07126168224299056,-0.01869158878504673,-0.04137931034482756,0.05402298850574705,-0.03448275862068961,0.004819277108433662,0.10481927710843375,0.012048192771084265,0.03473945409429291,0.13771712158808924,0.042183622828784184,0.08311688311688314,0.19090909090909092,0.09090909090909083
8996,2026-04-14,2026-04-15,2026-04-28,10,最近十個營業日已有六次,-0.02083333333333337,0.012765957446808418,-0.04201680672268904,-0.050000000000000044,-0.02083333333333337,-0.050000000000000044,-0.008333333333333304,0.06818181818181812,0.036363636363636376,0.08181818181818179,0.08294930875576045,0.05069124423963123,0.09677419354838701,-0.05241935483870963,-0.08064516129032262,-0.040322580645161255,-0.03292181069958844,-0.06172839506172845,-0.020576131687242816,-0.03688524590163933,-0.06557377049180324,-0.024590163934426257,-0.02892561983471076,-0.05785123966942152,-0.016528925619834656
8996,2026-06-23,2026-06-24,2026-07-07,10,連續三次,-0.05653710247349819,0.0,-0.011235955056179803,-0.06713780918727918,-0.05653710247349819,-0.06713780918727918,-0.05653710247349819,-0.101010101010101,-0.11111111111111116,-0.101010101010101,-0.07612456747404839,-0.08650519031141868,-0.07612456747404839,-0.025547445255474477,-0.03649635036496346,-0.025547445255474477,-0.07931034482758625,-0.08965517241379306,-0.07931034482758625,-0.17592592592592593,-0.18518518518518523,-0.17592592592592593,-0.11589403973509937,-0.1258278145695364,-0.11589403973509937
9103,2025-01-09,2025-01-10,2025-02-03,10,最近十個營業日已有六次,-0.08898305084745761,0.032558139534883734,-0.024024024024024038,-0.08192090395480223,-0.08898305084745761,-0.08192090395480223,-0.05932203389830504,-0.051470588235294046,-0.044117647058823484,-0.020588235294117574,0.012558869701726927,0.020408163265306145,0.04552590266875978,0.033653846153846256,0.04166666666666674,0.06730769230769229,0.027070063694267565,0.03503184713375784,0.060509554140127264,-0.019756838905775065,-0.012158054711246202,0.012158054711246313,0.023809523809523947,0.031746031746031855,0.05714285714285716
9103,2025-02-04,2025-02-05,2025-02-18,10,最近十個營業日已有六次,-0.045454545454545414,0.0015873015873015817,0.0,-0.043939393939393945,-0.045454545454545414,-0.043939393939393945,-0.043939393939393945,-0.009433962264151052,-0.007861635220125951,-0.007861635220125951,-0.01562500000000011,-0.014062500000000089,-0.014062500000000089,-0.03076923076923077,-0.029230769230769282,-0.029230769230769282,-0.010989010989011061,-0.009419152276295195,-0.009419152276295195,0.01123595505617958,0.01284109149277679,0.01284109149277679,0.006389776357827559,0.007987220447284393,0.007987220447284393
9103,2025-02-19,2025-02-20,2025-03-06,10,最近十個營業日已有六次,-0.006441223832528209,0.011345218800648427,-0.011217948717948789,-0.006441223832528209,-0.006441223832528209,-0.006441223832528209,0.004830917874396157,-0.009630818619582704,-0.009630818619582704,0.0016051364365969878,-0.0016181229773462036,-0.0016181229773462036,0.009708737864077666,-0.028346456692913358,-0.028346456692913358,-0.017322834645669194,-0.020634920634920673,-0.020634920634920673,-0.00952380952380949,-0.015948963317384268,-0.015948963317384268,-0.004784688995215225,-0.009630818619582704,-0.009630818619582704,0.0016051364365969878
9103,2025-03-21,2025-03-24,2025-04-08,10,最近十個營業日已有六次,-0.3420195439739413,0.0024752475247524774,0.014814814814814836,-0.33061889250814325,-0.3420195439739413,-0.33061889250814325,-0.3403908794788274,-0.31058020477815707,-0.2986348122866894,-0.3088737201365188,-0.29370629370629364,-0.28146853146853135,-0.291958041958042,-0.25461254612546125,-0.2416974169741697,-0.25276752767527677,-0.24060150375939848,-0.22744360902255634,-0.23872180451127822,-0.19199999999999995,-0.17799999999999994,-0.19000000000000006,-0.10816777041942605,-0.0927152317880795,-0.10596026490066235
9103,2025-05-19,2025-05-20,2025-06-03,10,最近十個營業日已有六次,-0.031796502384737746,0.009852216748768461,-0.02276422764227648,-0.044515103338632844,-0.031796502384737746,-0.044515103338632844,-0.02225755166931631,0.11131386861313852,0.09671532846715314,0.12226277372262762,0.10326086956521752,0.08876811594202905,0.11413043478260887,0.10727272727272719,0.09272727272727277,0.11818181818181817,0.08750000000000013,0.07321428571428568,0.09821428571428581,0.08750000000000013,0.07321428571428568,0.09821428571428581,0.07787610619469021,0.06371681415929187,0.08849557522123885
9103,2026-01-30,2026-02-02,2026-02-24,10,連續五次,-0.20846394984326022,0.00990099009900991,0.08823529411764719,-0.1300940438871474,-0.20846394984326022,-0.1300940438871474,-0.20062695924764895,-0.18679549114331728,-0.106280193236715,-0.17874396135265702,-0.1293103448275862,-0.0431034482758621,-0.12068965517241381,-0.14261460101867574,-0.05772495755517826,-0.13412563667232602,-0.14839797639123098,-0.06408094435075884,-0.1399662731871838,-0.11403508771929827,-0.026315789473684292,-0.10526315789473695,-0.06307977736549164,0.029684601113172615,-0.05380333951762528
9902,2025-05-29,2025-06-02,2025-06-13,10,連續五次,-0.059523809523809534,-0.04556962025316447,-0.0053050397877985045,-0.1071428571428571,-0.059523809523809534,-0.1071428571428571,-0.10238095238095235,-0.059523809523809534,-0.1071428571428571,-0.10238095238095235,0.007653061224489832,-0.04336734693877553,-0.03826530612244894,-0.024691358024691357,-0.07407407407407407,-0.06913580246913575,-0.04358353510895874,-0.09200968523002417,-0.08716707021791759,-0.050480769230769273,-0.09855769230769229,-0.09375,-0.007537688442211032,-0.05778894472361806,-0.05276381909547723
9949,2026-05-04,2026-05-05,2026-05-18,10,因連續3個營業日達本中心作業要點第四條第一項第一款,-0.038076152304609145,0.0,-0.018749999999999933,-0.05611222444889774,-0.038076152304609145,-0.05611222444889774,-0.038076152304609145,-0.030303030303030276,-0.048484848484848464,-0.030303030303030276,-0.016393442622950727,-0.03483606557377039,-0.016393442622950727,-0.10447761194029848,-0.12126865671641796,-0.10447761194029848,-0.012345679012345734,-0.030864197530864224,-0.012345679012345734,0.008403361344537785,-0.010504201680672232,0.008403361344537785,-0.010309278350515427,-0.028865979381443307,-0.010309278350515427
