symbol,entry_date,exit_date,year,condition,duration,holding_days,gross_return,net_return,max_drawdown,ann_return,can_buy,can_sell,vol_ok,executable,entry_vol,near_limit_up,near_limit_down
1213,2020-07-23,2020-08-04,2020,連續三次,10,9,-0.1852173913043479,-0.1896423913043479,-0.22869565217391308,-0.9970943582901153,False,True,True,False,198500.0,True,False
1213,2020-07-28,2020-08-07,2020,連續三次,10,9,-0.050000000000000044,-0.05442500000000004,-0.1130000000000001,-0.7887054125157965,True,True,True,True,73003.0,False,False
1225,2024-08-22,2024-09-03,2024,最近十個營業日已有六次,10,9,-0.012269938650306789,-0.016694938650306787,-0.039877300613496924,-0.3735354263943228,True,True,True,True,73212.0,False,False
1235,2025-06-05,2025-06-17,2025,連續三次,10,9,0.074484944532488,0.070059944532488,-0.0015847860538827918,5.559819260956646,True,True,True,True,17253.0,False,False
1236,2021-11-24,2021-12-06,2021,連續三次,10,9,0.03431372549019618,0.02988872549019618,-0.06862745098039214,1.2661372889524873,True,True,True,True,1166993.0,False,False
1236,2021-12-20,2021-12-30,2021,連續三次,10,9,0.06655574043261225,0.062130740432612255,-0.11813643926788686,4.335388749451438,True,True,True,True,607468.0,False,False
1258,2020-03-20,2020-04-01,2020,因連續3個營業日達本中心作業要點第四條第一項第一款,10,9,0.05882352941176472,0.05439852941176472,-0.05882352941176472,3.3553392288152324,True,True,True,True,53200.0,False,False
1258,2020-03-25,2020-04-08,2020,因連續3個營業日達本中心作業要點第四條第一項第一款,10,9,0.057777777777777706,0.05335277777777771,-0.05555555555555558,3.2369295836155327,True,True,True,True,4000.0,False,False
1258,2020-05-08,2020-05-20,2020,因連續3個營業日達本中心作業要點第四條第一項第一款,10,9,0.0861244019138756,0.0816994019138756,-0.11866028708133958,7.859419495727344,True,True,True,True,145000.0,False,False
1303,2026-06-26,2026-07-08,2026,連續三次,10,9,0.18181818181818188,0.17739318181818187,-0.058441558441558406,92.33448287902594,True,True,True,True,30180968.0,False,False
1307,2020-05-11,2020-05-21,2020,連續三次,10,9,-0.050980392156862786,-0.055405392156862784,-0.1568627450980392,-0.7947070916255906,True,True,True,True,2715916.0,False,False
1325,2020-02-07,2020-02-19,2020,連續三次,10,9,-0.06271777003484325,-0.06714277003484324,-0.11846689895470375,-0.8549449583224674,True,True,True,True,7314438.0,False,False
1325,2020-02-12,2020-02-24,2020,連續三次,10,9,0.17279411764705888,0.16836911764705886,-0.06985294117647056,74.37444784158818,True,True,True,True,2921544.0,False,False
1325,2020-04-28,2020-05-11,2020,最近十個營業日已有六次,10,9,0.0635696821515892,0.059144682151589204,-0.02444987775061125,3.934038117980503,True,True,True,True,10814266.0,False,False
1325,2020-05-05,2020-05-15,2020,連續三次,10,9,0.07109004739336489,0.06666504739336489,-0.2303317535545023,5.005612986413208,False,True,True,False,885326.0,True,False
1325,2020-05-08,2020-05-20,2020,連續三次,10,9,0.4950000000000001,0.4905750000000001,-0.18799999999999994,65369.867533219665,True,True,True,True,2916054.0,False,False
1325,2020-05-25,2020-06-04,2020,連續三次,10,9,0.008426966292134797,0.004001966292134796,-0.1573033707865169,0.11733220183710658,True,True,True,True,3084190.0,False,False
1325,2020-05-28,2020-06-09,2020,連續三次,10,9,0.21779141104294486,0.21336641104294485,-0.024539877300613466,214.3328231937267,True,True,True,True,2112801.0,False,False
1325,2020-07-28,2020-08-07,2020,最近十個營業日已有六次,10,9,0.18827160493827155,0.18384660493827154,-0.03703703703703709,107.63862248817784,True,True,True,True,3586045.0,False,False
1325,2023-12-06,2023-12-18,2023,連續三次,10,9,0.004054054054054124,-0.00037094594594587645,-0.12432432432432439,-0.010253041155061426,True,True,True,True,5097379.0,False,False
1337,2020-09-29,2020-10-14,2020,連續三次,10,9,-0.01097560975609757,-0.01540060975609757,-0.10487804878048779,-0.35022107022741644,True,True,True,True,3627625.0,False,False
1342,2022-12-13,2022-12-27,2022,連續三次及當日沖銷標準,12,11,-0.1123188405797102,-0.1167438405797102,-0.1123188405797102,-0.9404753086767436,True,False,True,False,1352772.0,False,True
1409,2026-06-08,2026-06-18,2026,連續三次,10,9,0.05133470225872694,0.04690970225872694,-0.045174537987679675,2.5730082439783337,True,True,True,True,25157429.0,False,False
1413,2018-04-16,2018-04-26,2018,連續五次,10,9,0.040590405904058935,0.036165405904058937,-0.03690036900368998,1.6827845287143273,True,True,True,True,1549309.0,False,False
1414,2020-11-13,2020-11-25,2020,最近十個營業日已有六次,10,9,0.0,-0.004425,-0.038461538461538436,-0.11590382297714663,True,True,True,True,4698132.0,False,False
1418,2019-02-27,2019-03-13,2019,連續三次,10,9,-0.1063829787234043,-0.1108079787234043,-0.21382978723404267,-0.9616990170338657,True,True,True,True,25417.0,False,False
1418,2021-04-16,2021-04-28,2021,連續三次,10,9,-0.026315789473684292,-0.03074078947368429,-0.03508771929824561,-0.5799204176681584,True,True,True,True,63746.0,False,False
1418,2024-02-16,2024-02-29,2024,連續三次,10,9,0.021621621621621623,0.017196621621621624,-0.010810810810810811,0.6058017224809595,True,True,True,True,43528.0,False,False
1419,2025-05-28,2025-06-10,2025,連續三次,10,9,-0.1063829787234043,-0.1108079787234043,-0.14760638297872353,-0.9616990170338657,True,True,True,True,1897417.0,False,False
1423,2020-06-30,2020-07-10,2020,連續三次,10,9,-0.13414634146341464,-0.13857134146341465,-0.16158536585365846,-0.9841314751342677,True,True,True,True,865913.0,False,False
1432,2020-08-25,2020-09-04,2020,連續三次,10,9,0.06796116504854366,0.06353616504854366,-0.1165048543689321,4.53500989929288,True,True,True,True,1581975.0,False,False
1432,2022-03-28,2022-04-11,2022,連續三次,10,9,-0.11475409836065575,-0.11917909836065575,-0.1934426229508196,-0.9705489809186862,True,True,True,True,5384373.0,False,False
1435,2021-06-02,2021-06-15,2021,連續三次,10,9,-0.041362530413625365,-0.04578753041362536,-0.05596107055961086,-0.7279894388147399,True,True,True,True,46688.0,False,False
1435,2022-03-03,2022-03-15,2022,連續三次,10,9,-0.12480499219968788,-0.1292299921996879,-0.24492979719188768,-0.9785882716597436,False,True,True,False,836874.0,True,False
1435,2022-03-08,2022-03-18,2022,連續三次,10,9,0.12190082644628086,0.11747582644628086,0.0,20.875009658686476,True,True,True,True,222548.0,False,False
1435,2026-07-02,2026-07-15,2026,連續三次,10,9,-0.18181818181818188,-0.1862431818181819,-0.21725731895223432,-0.9967360762016072,True,True,True,True,81822.0,False,False
1435,2026-07-07,2026-07-20,2026,連續三次,10,9,-0.2294776119402986,-0.2339026119402986,-0.2294776119402986,-0.9993895274268583,True,False,True,False,102112.0,False,True
1438,2019-03-18,2019-03-28,2019,連續三次,10,9,-0.08016877637130793,-0.08459377637130792,-0.10970464135021085,-0.9141543378882333,True,True,True,True,313004.0,False,False
1438,2021-04-13,2021-04-23,2021,連續三次,10,9,0.014577259475218707,0.010152259475218707,-0.029154518950437303,0.3239044906868236,True,True,True,True,173098.0,False,False
1441,2018-03-14,2018-03-26,2018,連續三次,10,9,0.049056603773584895,0.044631603773584896,-0.03396226415094339,2.3632136889399176,True,True,True,True,1609846.0,False,False
1441,2021-05-10,2021-05-20,2021,連續五次,10,9,-0.12639405204460963,-0.13081905204460964,-0.33085501858736055,-0.9796475537162895,True,True,True,True,2449668.0,False,False
1444,2020-08-13,2020-08-25,2020,連續三次,10,9,-0.05268292682926823,-0.05710792682926823,-0.0995121951219512,-0.8047411688458075,True,True,True,True,10004866.0,False,False
1447,2026-07-08,2026-07-21,2026,連續三次,10,9,-0.13265306122448983,-0.13707806122448984,-0.1689342403628118,-0.9833493631570784,True,True,True,True,4838717.0,False,False
1449,2019-11-08,2019-11-20,2019,連續五次,10,9,0.04849279161205766,0.044067791612057663,-0.05242463958060284,2.3131540035218,True,True,True,True,885896.0,False,False
1449,2022-08-24,2022-09-05,2022,連續三次,10,9,0.210727969348659,0.206302969348659,-0.06130268199233724,182.09550830609504,True,True,True,True,781852.0,False,False
1449,2023-11-13,2023-11-23,2023,連續三次,10,9,0.18295739348370943,0.17853239348370942,-0.03508771929824561,94.87580086196934,True,True,True,True,2641886.0,False,False
1453,2022-04-14,2022-04-26,2022,連續三次,10,9,0.4444444444444444,0.4400194444444444,-0.030303030303030276,25067.076439940174,True,True,True,True,1777446.0,False,False
1453,2022-05-05,2022-05-17,2022,連續三次,10,9,0.18571428571428572,0.1812892857142857,-0.05238095238095242,101.30485593779642,True,True,True,True,1554385.0,False,False
1453,2022-05-26,2022-06-10,2022,連續三次及當日沖銷標準,12,11,0.20370370370370372,0.1992787037037037,0.0,61.178340977966606,True,False,True,False,1480208.0,False,True
1453,2024-04-18,2024-04-30,2024,連續三次,10,9,0.07547169811320753,0.07104669811320753,-0.028301886792452713,5.729941615637025,True,True,True,True,2563383.0,False,False
1455,2021-06-08,2021-06-21,2021,最近十個營業日已有六次,10,9,-0.04263565891472876,-0.047060658914728756,-0.10852713178294571,-0.7378925574910203,True,True,True,True,13095979.0,False,False
1455,2021-06-29,2021-07-09,2021,最近十個營業日已有六次,10,9,0.008474576271186418,0.004049576271186418,-0.05508474576271194,0.11880491782563607,True,True,True,True,5031317.0,False,False
1456,2020-12-02,2020-12-14,2020,連續三次,10,9,-0.3031026252983293,-0.30752762529832933,-0.3651551312649164,-0.9999631247655203,True,True,True,True,3314734.0,False,False
1456,2020-12-07,2020-12-17,2020,連續三次,10,9,-0.09841269841269851,-0.1028376984126985,-0.15555555555555556,-0.9509248577760336,True,True,True,True,2502702.0,False,False
1460,2020-04-15,2020-04-27,2020,連續三次,10,9,0.005464480874316946,0.0010394808743169458,-0.07377049180327866,0.029279941550476085,True,True,True,True,450030.0,False,False
1466,2020-06-08,2020-06-18,2020,連續三次,10,9,0.4383561643835616,0.4339311643835616,-0.09589041095890416,22283.784226311487,True,True,True,True,2934326.0,False,False
1466,2020-06-11,2020-06-23,2020,連續三次,10,9,0.15624999999999978,0.15182499999999977,0.0,49.720154762994255,True,False,True,False,2167770.0,False,True
1466,2020-06-23,2020-07-07,2020,連續三次,10,9,-0.03125,-0.035675,-0.09090909090909094,-0.6354460304516288,True,False,True,False,2681157.0,False,True
1466,2020-10-08,2020-10-21,2020,最近十個營業日已有六次,10,9,0.11801242236024856,0.11358742236024856,-0.08902691511387162,18.85627122028809,True,True,True,True,2807740.0,False,False
1467,2020-06-11,2020-06-23,2020,最近十個營業日已有六次,10,9,0.42018779342723,0.41576279342723,0.0,15636.97126084508,True,False,True,False,6278731.0,False,True
1467,2020-06-18,2020-07-02,2020,連續五次,10,9,-0.1659513590844064,-0.1703763590844064,-0.28469241773962806,-0.9944191833406362,True,True,True,True,2689217.0,False,False
1467,2020-06-23,2020-07-07,2020,連續三次,10,9,-0.18404907975460116,-0.18847407975460118,-0.2331288343558282,-0.9969757192456107,True,True,True,True,2092833.0,False,False
1468,2020-06-19,2020-07-03,2020,連續三次,10,9,-0.138728323699422,-0.14315332369942202,-0.19075144508670527,-0.9863164847966178,True,True,True,True,106000.0,False,False
1471,2020-08-14,2020-08-26,2020,最近十個營業日已有六次,10,9,0.023017902813299296,0.018592902813299297,-0.15345268542199486,0.6681694455677605,True,True,True,True,303001.0,False,False
1471,2020-09-24,2020-10-08,2020,連續三次,10,9,-0.26428571428571435,-0.26871071428571436,-0.34523809523809523,-0.9998322354128947,True,True,True,True,6914359.0,False,False
1471,2020-09-29,2020-10-14,2020,連續三次,10,9,-0.06562499999999993,-0.07004999999999993,-0.2031250000000001,-0.8669920060667852,True,True,True,True,4024101.0,False,False
1471,2021-04-15,2021-04-27,2021,連續三次,10,9,0.1900826446280992,0.1856576446280992,-0.05371900826446285,112.35094913751841,True,True,True,True,5022612.0,False,False
1471,2023-07-03,2023-07-13,2023,連續三次,10,9,0.30434782608695654,0.29992282608695653,0.0,1459.0809684741462,True,True,True,True,8474703.0,False,False
1471,2026-02-02,2026-02-23,2026,連續三次,10,9,-0.08606557377049173,-0.09049057377049173,-0.12295081967213117,-0.9282609402690654,True,True,True,True,898148.0,False,False
1472,2020-03-25,2020-04-08,2020,連續三次,10,9,0.1096543504171632,0.1052293504171632,-0.009535160905840279,15.10687821697994,True,True,True,True,6842097.0,False,False
1472,2020-03-30,2020-04-13,2020,連續三次,10,9,0.36971046770601346,0.36528546770601344,-0.053452115812917644,5703.366650114084,True,True,True,True,1051000.0,False,False
1472,2020-04-20,2020-04-30,2020,連續三次,10,9,0.14592274678111572,0.1414977467811157,-0.0386266094420602,38.493843841425836,True,True,True,True,515000.0,False,False
1474,2020-06-24,2020-07-08,2020,連續三次,10,9,-0.1799410029498525,-0.1843660029498525,-0.1887905604719764,-0.9965203412358185,True,True,True,True,6488756.0,False,False
1475,2018-01-09,2018-01-19,2018,連續三次,10,9,0.09967141292442516,0.09524641292442516,-0.010952902519167584,11.518465497459037,True,True,True,True,17456.0,False,False
1475,2018-08-13,2018-08-23,2018,連續三次,10,9,-0.4862745098039216,-0.49069950980392163,-0.4862745098039216,-0.9999999927491069,True,False,True,False,51947.0,False,True
1475,2018-08-28,2018-09-07,2018,連續三次,10,9,-0.0808823529411764,-0.0853073529411764,-0.0808823529411764,-0.9159939090885971,True,True,True,True,10261.0,False,False
1475,2020-01-17,2020-02-07,2020,連續三次,10,9,0.42162162162162176,0.41719662162162174,0.0,16082.91981140188,False,False,True,False,31635.0,True,True
1475,2020-01-31,2020-02-12,2020,連續三次,10,9,-0.1428571428571429,-0.14728214285714292,-0.1428571428571429,-0.9880346169466702,False,True,True,False,15106.0,True,False
1475,2020-02-05,2020-02-17,2020,連續三次,10,9,-0.33950617283950624,-0.34393117283950625,-0.382716049382716,-0.9999917726269012,False,True,True,False,21271.0,True,False
1475,2020-04-23,2020-05-06,2020,連續三次,10,9,0.255020080321285,0.25059508032128497,0.0,497.5245527007747,True,True,True,True,12009.0,False,False
1475,2020-05-06,2020-05-18,2020,最近十個營業日已有六次,10,9,0.16465863453815266,0.16023363453815265,0.0,61.076782944804144,True,True,True,True,22000.0,False,False
1475,2020-07-06,2020-07-16,2020,連續五次,10,9,-0.17518248175182483,-0.17960748175182484,-0.24330900243309006,-0.9959100910404661,True,True,True,True,5000.0,False,False
1475,2020-12-29,2021-01-11,2020,連續三次,10,9,-0.06419753086419755,-0.06862253086419755,-0.22469135802469142,-0.8612026014495486,True,True,True,True,51021.0,False,False
1475,2021-05-21,2021-06-02,2021,連續三次,10,9,0.21779141104294486,0.21336641104294485,-0.012269938650306678,214.3328231937267,True,True,True,True,24701.0,False,False
1503,2024-03-27,2024-04-10,2024,連續五次,10,9,0.006369426751592355,0.0019444267515923552,-0.11624203821656054,0.05544176210134477,True,True,True,True,8403447.0,False,False
1512,2020-05-26,2020-06-05,2020,連續三次,10,9,0.14913957934990418,0.14471457934990417,0.0,41.70494533358465,True,True,True,True,202266.0,False,False
1514,2018-04-13,2018-04-25,2018,連續三次,10,9,0.03170028818443793,0.027275288184437932,-0.09221902017291073,1.1117109497160729,True,True,True,True,8493427.0,False,False
1514,2024-04-18,2024-05-03,2024,連續三次及當日沖銷標準,12,11,-0.23728813559322037,-0.24171313559322039,-0.23728813559322037,-0.9981424353860643,True,False,True,False,7219592.0,False,True
1515,2023-11-22,2023-12-06,2023,連續五次及當日沖銷標準,12,11,-0.09152542372881356,-0.09595042372881356,-0.12542372881355934,-0.898988865402288,True,True,True,True,1816293.0,False,False
1515,2026-07-09,2026-07-22,2026,連續三次,10,9,-0.08043217286914772,-0.08485717286914772,-0.08043217286914772,-0.9148378398910632,True,False,True,False,1946655.0,False,True
1515,2026-08-04,2026-08-10,2026,連續三次,6,5,0.040000000000000036,0.03557500000000004,-0.08833333333333326,4.742194190561942,True,True,True,True,656556.0,False,False
1517,2021-04-12,2021-04-22,2021,連續五次,10,9,-0.056291390728476776,-0.060716390728476774,-0.13245033112582782,-0.8244689316784746,True,True,True,True,13744310.0,False,False
1517,2021-04-15,2021-04-27,2021,連續三次,10,9,0.09548611111111116,0.09106111111111116,-0.01736111111111116,10.25545960605878,True,True,True,True,4271405.0,False,False
1519,2023-07-04,2023-07-14,2023,最近三十個營業日已有十二次,10,9,0.33333333333333326,0.32890833333333325,-0.033333333333333326,2693.122604882191,True,True,True,True,1523385.0,False,False
1519,2023-07-20,2023-08-01,2023,連續五次,10,9,0.11658031088082899,0.11215531088082899,0.0,18.159021972147837,True,False,True,False,1566049.0,False,True
1519,2024-02-29,2024-03-12,2024,最近十個營業日已有六次,10,9,0.0,-0.004425,-0.06666666666666665,-0.11590382297714663,True,True,True,True,1525066.0,False,False
1519,2024-03-21,2024-04-08,2024,連續五次及當日沖銷標準,12,11,0.14792899408284033,0.1435039940828403,-0.03254437869822491,20.066081970895684,True,True,True,True,840251.0,False,False
1519,2024-06-21,2024-07-05,2024,連續三次及當日沖銷標準,12,11,-0.007423117709437932,-0.011848117709437932,-0.08377518557794272,-0.2372945155188383,True,True,True,True,792056.0,False,False
1519,2025-11-10,2025-11-20,2025,連續三次,10,9,-0.033986928104575154,-0.03841192810457515,-0.0771241830065359,-0.6631208785854426,True,True,True,True,1144535.0,False,False
1524,2022-05-27,2022-06-13,2022,連續三次及當日沖銷標準,12,11,0.2540106951871657,0.24958569518716567,-0.005347593582887611,157.20794647631675,True,True,True,True,8592745.0,False,False
1526,2018-11-21,2018-12-03,2018,連續三次,10,9,0.11206896551724155,0.10764396551724155,-0.02155172413793105,16.113486404604856,True,True,True,True,1639611.0,False,False
1526,2020-05-29,2020-06-10,2020,連續三次,10,9,0.015873015873015817,0.011448015873015817,-0.01746031746031751,0.37189634717366205,True,True,True,True,2487324.0,False,False
1528,2026-01-06,2026-01-16,2025,連續三次,10,9,0.2915717539863327,0.2871467539863327,-0.05239179954441908,1108.747179419678,True,True,True,True,3889242.0,False,False
1528,2026-01-26,2026-02-05,2026,連續三次,10,9,0.0,-0.004425,-0.13073005093378598,-0.11590382297714663,True,True,True,True,2050130.0,False,False
1529,2022-02-10,2022-02-24,2022,連續三次及當日沖銷標準,12,11,-0.05660377358490565,-0.061028773584905646,-0.08333333333333337,-0.7609652721273843,True,False,True,False,3503548.0,False,True
1529,2023-04-24,2023-05-05,2023,連續三次,10,9,0.0525641025641026,0.0481391025641026,-0.015384615384615441,2.6914102650828604,True,True,True,True,2908885.0,False,False
1533,2021-01-19,2021-01-29,2021,連續三次,10,9,0.050793650793650835,0.04636865079365084,-0.1333333333333333,2.5220682692921876,True,True,True,True,3804042.0,False,False
1539,2022-06-02,2022-06-17,2022,連續三次及當日沖銷標準,12,11,-0.03535353535353536,-0.03977853535353536,-0.03535353535353536,-0.6024880170961806,True,False,True,False,2276135.0,False,True
1539,2022-08-25,2022-09-06,2022,連續三次,10,9,-0.2025183630640084,-0.2069433630640084,-0.20671563483735578,-0.9984045082767298,True,True,True,True,2690653.0,False,False
1540,2024-08-13,2024-08-27,2024,連續三次及當日沖銷標準,12,11,0.16574585635359118,0.16132085635359117,-0.005524861878453136,28.935529693527673,True,True,True,True,8226385.0,False,False
1563,2026-06-05,2026-06-17,2026,連續三次,10,9,-0.06666666666666665,-0.07109166666666665,-0.13636363636363635,-0.8710690465312235,True,True,True,True,905197.0,False,False
1568,2022-05-31,2022-06-13,2022,連續三次,10,9,0.1711538461538462,0.1667288461538462,-0.0461538461538461,71.48964710156916,True,True,True,True,1211840.0,False,False
1568,2026-06-03,2026-06-15,2026,連續三次,10,9,-0.11157455683003126,-0.11599955683003126,-0.22627737226277378,-0.9674486529892345,True,True,True,True,1363399.0,False,False
1568,2026-06-08,2026-06-18,2026,連續三次,10,9,0.16730038022813676,0.16287538022813675,-0.05956907477820028,65.1250478168407,True,True,True,True,335966.0,False,False
1569,2024-11-29,2024-12-13,2024,連續3個營業日及沖銷標準,12,11,0.013513513513513375,0.009088513513513375,0.0,0.22829143377395544,True,False,True,False,3212797.0,False,True
1570,2024-04-23,2024-05-06,2024,因連續3個營業日達本中心作業要點第四條第一項第一款,10,9,0.19715447154471533,0.19272947154471531,-0.008130081300813163,132.71043201042102,True,True,True,True,566462.0,False,False
1584,2023-04-24,2023-05-09,2023,連續3個營業日及沖銷標準,12,11,-0.06455696202531636,-0.06898196202531635,-0.07341772151898729,-0.8029836968746293,True,True,True,True,3072322.0,False,False
1587,2024-04-12,2024-04-24,2024,連續三次,10,9,0.22857142857142865,0.22414642857142864,0.0,274.3060970704991,True,True,True,True,5245340.0,False,False
1587,2024-07-09,2024-07-19,2024,最近十個營業日已有六次,10,9,-0.06315789473684208,-0.06758289473684208,-0.08070175438596494,-0.8568340365646584,True,True,True,True,1804072.0,False,False
1589,2026-03-09,2026-03-19,2026,連續三次,10,9,0.26315789473684204,0.258732894736842,-0.09924812030075192,595.9429525642222,True,True,True,True,552340.0,False,False
1589,2026-03-12,2026-03-24,2026,連續三次,10,9,0.1485294117647058,0.1441044117647058,0.0,41.07713088993452,True,True,True,True,1800618.0,False,False
1591,2026-04-17,2026-04-29,2026,因連續3個營業日達本中心作業要點第四條第一項第一款,10,9,0.08275862068965512,0.07833362068965512,-0.037931034482758696,7.1247426110409275,True,True,True,True,641420.0,False,False
1591,2026-05-25,2026-06-04,2026,因連續3個營業日達本中心作業要點第四條第一項第一款,10,9,0.03750000000000009,0.03307500000000009,-0.05249999999999999,1.4691725613339899,True,True,True,True,371925.0,False,False
1592,2021-04-09,2021-04-21,2021,連續五次,10,9,0.08041958041958042,0.07599458041958042,-0.17832167832167822,6.649154640950266,False,True,True,False,10616935.0,True,False
1593,2021-01-11,2021-01-21,2021,因連續3個營業日達本中心作業要點第四條第一項第一款,10,9,0.09615384615384626,0.09172884615384626,-0.038461538461538436,10.448380202267089,True,True,True,True,1983268.0,False,False
1593,2021-01-14,2021-01-26,2021,因連續3個營業日達本中心作業要點第四條第一項第一款,10,9,0.10126582278481022,0.09684082278481022,-0.1561181434599156,12.034673682299514,True,True,True,True,528401.0,False,False
1595,2025-07-22,2025-08-05,2025,連續3個營業日及沖銷標準,12,11,0.002512562814070307,-0.001912437185929693,-0.025125628140703515,-0.04257328250454362,True,True,True,True,271599.0,False,False
1595,2026-05-13,2026-05-25,2026,因連續3個營業日達本中心作業要點第四條第一項第一款,10,9,0.06548279689234193,0.061057796892341934,-0.10654827968923408,4.1876821777855895,True,True,True,True,901579.0,False,False
1597,2026-05-11,2026-05-21,2026,連續三次,10,9,-0.05397727272727271,-0.058402272727272705,-0.07670454545454541,-0.8120514701942878,True,True,True,True,2049112.0,False,False
1598,2020-08-27,2020-09-08,2020,最近十個營業日已有六次,10,9,0.12396694214876036,0.11954194214876036,-0.03305785123966942,22.026740033253382,True,True,True,True,3195193.0,False,False
1608,2021-04-26,2021-05-07,2021,連續三次,10,9,0.20229007633587792,0.1978650763358779,-0.009541984732824416,149.65977455750496,True,True,True,True,23657832.0,False,False
1611,2021-11-09,2021-11-19,2021,連續三次,10,9,0.0905797101449275,0.0861547101449275,-0.061594202898550776,8.930963491860046,True,True,True,True,5353320.0,False,False
1616,2021-04-27,2021-05-10,2021,連續三次,10,9,-0.004385964912280715,-0.008810964912280716,-0.1824561403508772,-0.21794768255505537,True,True,True,True,5632017.0,False,False
1616,2021-05-03,2021-05-13,2021,連續三次,10,9,-0.24434389140271506,-0.24876889140271508,-0.24434389140271506,-0.9996457860491711,True,False,True,False,2072604.0,False,True
1616,2024-04-02,2024-04-16,2024,連續三次,10,9,-0.01388888888888895,-0.01831388888888895,-0.05324074074074081,-0.40156365430207264,True,True,True,True,1929516.0,False,False
1617,2024-04-25,2024-05-08,2024,連續三次,10,9,0.010183299389002087,0.005758299389002087,-0.05906313645621175,0.17291721668324467,True,True,True,True,1960712.0,False,False
1617,2026-07-08,2026-07-21,2026,連續三次,10,9,-0.2450980392156863,-0.2495230392156863,-0.2705882352941176,-0.9996555319034144,True,True,True,True,1381973.0,False,False
1623,2026-04-28,2026-05-11,2026,連續三次,10,9,0.04525862068965525,0.04083362068965525,0.0,2.039584551364935,True,True,True,True,143441.0,False,False
1626,2019-03-08,2019-03-20,2019,連續三次,10,9,0.18398268398268391,0.1795576839826839,-0.0043290043290044045,97.21991580775716,True,True,True,True,360213.0,False,False
1701,2022-12-21,2023-01-03,2022,連續三次,10,9,0.07521367521367517,0.07078867521367517,-0.0017094017094017033,5.685050699052865,True,True,True,True,8509001.0,False,False
1711,2026-03-24,2026-04-07,2026,連續三次,10,9,-0.17481662591687042,-0.17924162591687043,-0.17481662591687042,-0.9958591233779792,True,False,True,False,8959074.0,False,True
1711,2026-04-28,2026-05-11,2026,連續五次,10,9,0.0,-0.004425,-0.02029520295202958,-0.11590382297714663,True,True,True,True,5713006.0,False,False
1714,2026-06-18,2026-07-01,2026,最近十個營業日已有六次,10,9,-0.03740648379052369,-0.04183148379052369,-0.14962593516209477,-0.6948614155806043,True,True,True,True,31934556.0,False,False
1714,2026-06-24,2026-07-06,2026,連續三次,10,9,0.14835164835164827,0.14392664835164826,-0.01098901098901095,40.8959062892383,True,True,True,True,13450753.0,False,False
1717,2025-08-22,2025-09-03,2025,連續三次,10,9,0.056152927120669105,0.05172792712066911,-0.044205495818399054,3.059083153255636,True,True,True,True,9507038.0,False,False
1718,2026-06-10,2026-06-23,2026,連續三次,10,9,-0.01700318809776835,-0.02142818809776835,-0.05951115834218923,-0.4521191061663691,True,True,True,True,17099937.0,False,False
1718,2026-07-09,2026-07-22,2026,連續三次,10,9,-0.15410958904109584,-0.15853458904109585,-0.15410958904109584,-0.9917267884360083,True,True,True,True,13045096.0,False,False
1721,2021-10-20,2021-11-01,2021,連續三次,10,9,-0.011527377521614035,-0.015952377521614033,-0.0720461095100865,-0.3602604017426132,True,True,True,True,10801732.0,False,False
1721,2021-10-25,2021-11-04,2021,連續三次,10,9,0.07878787878787885,0.07436287878787885,-0.07878787878787885,6.333400363761772,True,True,True,True,4326579.0,False,False
1721,2021-11-16,2021-11-30,2021,連續三次及當日沖銷標準,12,11,0.16877637130801681,0.1643513713080168,-0.05485232067510548,30.762189451986988,True,True,True,True,5307403.0,False,False
1721,2024-09-26,2024-10-08,2024,連續三次,8,7,-0.10754716981132084,-0.11197216981132084,-0.10754716981132084,-0.9856089654000176,True,False,True,False,6710590.0,False,True
1721,2026-01-23,2026-02-04,2026,連續三次,10,9,-0.04177545691905993,-0.046200456919059926,-0.1488250652741513,-0.7312402873928852,True,True,True,True,1968237.0,False,False
1721,2026-04-28,2026-05-11,2026,連續三次,10,9,0.25149700598802394,0.24707200598802392,-0.041916167664670656,459.9497903257657,True,True,True,True,2316972.0,False,False
1725,2024-03-08,2024-03-20,2024,連續三次,10,9,-0.22115384615384603,-0.22557884615384605,-0.23076923076923073,-0.9991757982314743,True,True,True,True,1444636.0,False,False
1727,2021-09-23,2021-10-05,2021,最近十個營業日已有六次,10,9,-0.1086956521739132,-0.11312065217391319,-0.2282608695652174,-0.9643718862530964,True,True,True,True,4278016.0,False,False
1727,2023-05-04,2023-05-16,2023,連續三次,10,9,-0.10287081339712911,-0.10729581339712911,-0.15071770334928225,-0.9572667546892915,True,True,True,True,2731404.0,False,False
1732,2020-02-06,2020-02-18,2020,連續三次,10,9,0.00952380952380949,0.00509880952380949,-0.13809523809523805,0.15173988122538318,True,True,True,True,1879832.0,False,False
1732,2020-03-06,2020-03-18,2020,連續三次,10,9,-0.04770318021201414,-0.05212818021201414,-0.20671378091872794,-0.7739753081105851,True,True,True,True,1435036.0,False,False
1732,2020-05-15,2020-05-27,2020,最近十個營業日已有六次,10,9,0.05065359477124165,0.04622859477124165,-0.016339869281045805,2.508996504122783,True,True,True,True,1540094.0,False,False
1732,2021-05-21,2021-06-02,2021,連續三次,10,9,-0.1916299559471365,-0.1960549559471365,-0.26431718061674014,-0.9976697691177202,True,True,True,True,5587958.0,False,False
1734,2020-07-13,2020-07-23,2020,連續三次,10,9,-0.4014598540145985,-0.4058848540145985,-0.5036496350364963,-0.9999994768473274,True,True,True,True,19211001.0,False,False
1734,2020-07-16,2020-07-28,2020,連續三次,10,9,-0.355,-0.359425,-0.355,-0.9999957641162288,True,False,True,False,6539115.0,False,True
1734,2020-07-24,2020-08-05,2020,連續三次,10,9,0.2153652392947103,0.21094023929471029,-0.20151133501259455,202.68741335811887,True,True,True,True,1934117.0,False,False
1734,2021-08-12,2021-08-24,2021,連續三次,10,9,0.004054054054054124,-0.00037094594594587645,-0.06756756756756754,-0.010253041155061426,True,True,True,True,6051015.0,False,False
1735,2024-09-10,2024-09-23,2024,連續三次,10,9,0.0327198364008181,0.028294836400818105,-0.07157464212678932,1.170708603643687,True,True,True,True,732532.0,False,True
1735,2026-03-24,2026-04-07,2026,連續三次,10,9,-0.21378091872791516,-0.21820591872791517,-0.2208480565371025,-0.9989276320176996,True,True,True,True,565330.0,False,False
1742,2021-07-23,2021-08-04,2021,因連續3個營業日達本中心作業要點第四條第一項第一款,10,9,-0.10991379310344829,-0.11433879310344829,-0.1594827586206896,-0.9657065060969514,True,True,True,True,612037.0,False,False
1760,2021-05-25,2021-06-04,2021,連續三次,10,9,-0.10619469026548678,-0.11061969026548678,-0.21238938053097345,-0.9614730904498426,True,True,True,True,4531045.0,False,False
1760,2022-04-25,2022-05-10,2022,連續三次及當日沖銷標準,12,11,-0.22333333333333338,-0.2277583333333334,-0.22333333333333338,-0.9971885066766785,True,False,True,False,5175752.0,False,True
1781,2018-03-31,2018-04-16,2018,因連續3個營業日達本中心作業要點第四條第一項第一款,10,9,-0.022364217252396124,-0.026789217252396122,-0.04792332268370603,-0.529657498765904,True,True,True,True,541532.0,False,False
1781,2020-02-11,2020-02-21,2020,因連續3個營業日達本中心作業要點第四條第一項第一款,10,9,0.008230452674897082,0.0038054526748970818,-0.1440329218106996,0.11127321223797249,True,True,True,True,204012.0,False,False
1781,2020-03-06,2020-03-18,2020,因連續3個營業日達本中心作業要點第四條第一項第一款,10,9,-0.40740740740740744,-0.41183240740740745,-0.41333333333333333,-0.9999996044034036,True,True,True,True,735000.0,False,False
1781,2020-03-17,2020-03-27,2020,因連續3個營業日達本中心作業要點第四條第一項第一款,10,9,-0.07958115183246084,-0.08400615183246084,-0.3717277486910995,-0.9126103670579228,True,True,True,True,135000.0,False,False
1781,2020-03-20,2020-04-01,2020,因連續3個營業日達本中心作業要點第四條第一項第一款,10,9,0.6820987654320987,0.6776737654320987,-0.07407407407407418,1745320.2239253588,True,True,True,True,477000.0,False,False
1781,2020-04-08,2020-04-20,2020,因連續3個營業日達本中心作業要點第四條第一項第一款,10,9,0.189127972819932,0.18470297281993198,-0.0928652321630804,109.84286155533579,True,True,True,True,166000.0,False,False
1781,2020-06-19,2020-07-03,2020,因連續3個營業日達本中心作業要點第四條第一項第一款,10,9,-0.13648293963254599,-0.140907939632546,-0.23884514435695536,-0.9852846839840814,False,True,True,False,6508091.0,True,False
1781,2020-06-24,2020-07-08,2020,因連續3個營業日達本中心作業要點第四條第一項第一款,10,9,0.4787775891341255,0.4743525891341255,-0.015280135823429464,48234.970635106554,True,True,True,True,785000.0,False,False
1781,2020-07-15,2020-07-27,2020,因連續3個營業日達本中心作業要點第四條第一項第一款,10,9,-0.22135416666666663,-0.22577916666666664,-0.28645833333333337,-0.9991816999146957,True,False,True,False,2538602.0,False,True
1781,2020-07-24,2020-08-05,2020,因連續3個營業日達本中心作業要點第四條第一項第一款,10,9,0.16951566951566943,0.16509066951566942,-0.2592592592592593,68.71491054096288,True,True,True,True,620212.0,False,False
1783,2021-08-06,2021-08-18,2021,連續三次,10,9,-0.034074074074074034,-0.03849907407407403,-0.0948148148148148,-0.6639679166992933,True,True,True,True,2368315.0,False,False
1784,2024-07-08,2024-07-18,2024,因連續3個營業日達本中心作業要點第四條第一項第一款,10,9,0.2142857142857142,0.20986071428571418,0.0,197.7031982020841,True,True,True,True,2922516.0,False,False
1785,2020-06-11,2020-06-23,2020,因連續3個營業日達本中心作業要點第四條第一項第一款,10,9,0.13798008534850648,0.13355508534850646,-0.10384068278805114,31.530839194212042,True,True,True,True,30183872.0,False,False
1785,2026-04-20,2026-04-30,2026,因連續3個營業日達本中心作業要點第四條第一項第一款,10,9,0.057507987220447365,0.05308298722044737,-0.15974440894568687,3.2068886744832144,True,True,True,True,15846483.0,False,False
1789,2026-01-16,2026-01-28,2026,連續三次,10,9,-0.03409090909090906,-0.03851590909090906,-0.08522727272727271,-0.6641313122719463,True,True,True,True,2521234.0,False,False
1795,2020-03-24,2020-04-07,2020,連續三次,10,9,0.39912280701754366,0.39469780701754364,0.0,10310.850593496909,True,True,True,True,2165929.0,False,False
1795,2022-12-01,2022-12-15,2022,連續三次及當日沖銷標準,12,11,-0.020325203252032575,-0.024750203252032574,-0.04065040650406504,-0.43423852093130466,True,True,True,True,3574748.0,False,False
1795,2025-10-07,2025-10-20,2025,連續三次,10,9,0.018248175182481674,0.013823175182481674,-0.021897810218978075,0.4642562042698617,True,True,True,True,4863388.0,False,False
1796,2020-04-20,2020-04-30,2020,因連續3個營業日達本中心作業要點第四條第一項第一款,10,9,-0.023622047244094446,-0.028047047244094445,-0.1811023622047243,-0.5462545128380157,True,True,True,True,8000.0,False,False
1796,2020-11-24,2020-12-04,2020,因連續3個營業日達本中心作業要點第四條第一項第一款,10,9,0.025594149908592323,0.021169149908592325,-0.1261425959780622,0.7894250035229591,True,True,True,True,80600.0,False,False
1799,2020-05-28,2020-06-09,2020,因連續3個營業日達本中心作業要點第四條第一項第一款,10,9,-0.022471910112359716,-0.026896910112359715,-0.0730337078651686,-0.5311011038937419,True,True,True,True,4244602.0,False,False
1799,2020-06-22,2020-07-06,2020,因連續3個營業日達本中心作業要點第四條第一項第一款,10,9,0.02207505518763786,0.01765005518763786,-0.05960264900662238,0.6258045957514438,True,True,True,True,890500.0,False,False
1799,2024-10-07,2024-10-16,2024,因連續3個營業日達本中心作業要點第四條第一項第一款,8,7,0.07834101382488479,0.07391601382488479,0.0,11.76682196510652,True,True,True,True,1912750.0,False,False
1799,2026-03-24,2026-04-07,2026,因連續3個營業日達本中心作業要點第四條第一項第一款,10,9,0.12027027027027026,0.11584527027027026,-0.04459459459459458,20.005483977801163,True,True,True,True,90859.0,False,False
1802,2025-08-22,2025-09-05,2025,連續三次及當日沖銷標準,12,11,-0.15572519083969472,-0.16015019083969473,-0.1969465648854961,-0.981063063441848,True,True,True,True,30920497.0,False,False
1802,2026-01-27,2026-02-06,2026,連續三次,10,9,-0.09333333333333327,-0.09775833333333327,-0.15523809523809518,-0.9425924682226515,True,True,True,True,17809560.0,False,True
1802,2026-03-06,2026-03-18,2026,連續三次,10,9,0.10137457044673526,0.09694957044673526,-0.12371134020618557,12.070619684889753,True,True,True,True,7468591.0,False,False
1809,2024-02-29,2024-03-12,2024,連續三次,10,9,0.04581358609794628,0.04138858609794628,-0.08056872037914686,2.0849264638997265,True,True,True,True,4625622.0,False,False
1809,2024-03-05,2024-03-15,2024,連續三次,10,9,-0.15692307692307694,-0.16134807692307696,-0.16923076923076918,-0.9924617462064472,True,True,True,True,2875737.0,False,False
1809,2026-05-15,2026-05-27,2026,連續三次,10,9,0.10999999999999988,0.10557499999999988,-0.08625000000000005,15.247389784106005,True,False,True,False,2679589.0,False,True
1810,2022-12-01,2022-12-15,2022,連續三次及當日沖銷標準,12,11,0.06506024096385543,0.06063524096385543,-0.09397590361445785,2.81106766230746,True,True,True,True,7144538.0,False,False
1810,2023-04-25,2023-05-08,2023,連續三次,10,9,-0.02621722846441943,-0.030642228464419427,-0.0393258426966292,-0.578732228268927,True,True,True,True,5704682.0,False,False
1815,2025-08-21,2025-09-02,2025,因連續3個營業日達本中心作業要點第四條第一項第一款,10,9,-0.08333333333333326,-0.08775833333333326,-0.11723163841807904,-0.9220274389257143,True,True,True,True,22707315.0,False,False
1815,2026-03-10,2026-03-20,2026,最近10個營業日內有6個營業日,10,9,-0.009708737864077666,-0.014133737864077666,-0.040776699029126284,-0.326592565563085,True,True,True,True,8865709.0,False,False
1903,2020-07-15,2020-07-27,2020,連續三次,10,9,-0.11213872832369942,-0.11656372832369942,-0.138728323699422,-0.9680208145110033,True,False,True,False,1070742.0,False,True
1905,2021-04-26,2021-05-07,2021,最近十個營業日已有六次,10,9,-0.08858267716535428,-0.09300767716535428,-0.17716535433070868,-0.9335763818260319,True,True,True,True,15365057.0,False,False
1905,2021-06-28,2021-07-08,2021,最近十個營業日已有六次,10,9,0.08348134991119016,0.07905634991119016,-0.03374777975133214,7.277369735244431,True,True,True,True,9483747.0,False,False
1905,2026-04-08,2026-04-20,2026,連續三次,10,9,-0.0736842105263158,-0.0781092105263158,-0.08070175438596494,-0.8955582035309947,True,True,True,True,10254028.0,False,False
2007,2020-09-10,2020-09-22,2020,連續三次,10,9,-0.033660589060308554,-0.03808558906030855,-0.15848527349228614,-0.6599306176430221,True,True,True,True,1993627.0,False,False
2007,2021-04-26,2021-05-07,2021,連續三次,10,9,0.0847457627118644,0.0803207627118644,-0.04406779661016946,7.551062490067393,True,True,True,True,5091200.0,False,False
2007,2021-07-06,2021-07-16,2021,連續三次,10,9,0.0663716814159292,0.0619466814159292,-0.08185840707964609,4.309765431094951,True,True,True,True,7881130.0,False,False
2009,2020-12-04,2020-12-16,2020,連續三次,10,9,0.10542168674698793,0.10099668674698793,-0.051204819277108515,13.478466204015023,True,True,True,True,11148056.0,False,False
2009,2020-12-29,2021-01-11,2020,連續五次,10,9,0.17782026768642467,0.17339526768642466,-0.0248565965583174,83.9198527648366,True,True,True,True,3639160.0,False,False
2009,2021-02-25,2021-03-10,2021,連續五次,10,9,-0.17183098591549295,-0.17625598591549296,-0.18309859154929575,-0.9954196735038577,True,True,True,True,14335048.0,False,False
2013,2018-04-11,2018-04-23,2018,連續三次,10,9,0.0013908205841446364,-0.0030341794158553637,-0.04033379694019479,-0.08094644708540366,True,True,True,True,12318579.0,False,False
2013,2018-04-16,2018-04-26,2018,連續三次,10,9,-0.09726027397260262,-0.10168527397260262,-0.09726027397260262,-0.949143349557749,True,False,True,False,2475148.0,False,True
2013,2021-09-01,2021-09-13,2021,連續三次,10,9,0.07500000000000018,0.07057500000000018,-0.03750000000000009,5.648094040473559,True,True,True,True,4056591.0,False,False
2014,2021-04-15,2021-04-27,2021,連續三次,10,9,0.4035087719298245,0.39908377192982447,-0.01754385964912286,11250.603576747297,True,True,True,True,51770656.0,False,False
2014,2021-06-04,2021-06-17,2021,連續五次,10,9,-0.0039215686274510775,-0.008346568627451078,-0.11764705882352944,-0.2077055046670262,True,True,True,True,30743618.0,False,False
2017,2021-04-27,2021-05-10,2021,最近十個營業日已有六次,10,9,0.07203389830508478,0.06760889830508478,-0.14194915254237295,5.154990089533662,True,True,True,True,6201553.0,False,False
2022,2021-04-26,2021-05-07,2021,連續三次,10,9,0.19999999999999996,0.19557499999999994,-0.09999999999999998,141.86038308562394,True,True,True,True,26826648.0,False,False
2022,2021-07-05,2021-07-15,2021,連續三次,10,9,-0.024193548387096864,-0.028618548387096862,-0.13508064516129037,-0.5536075453033702,True,True,True,True,20836144.0,False,False
2023,2021-07-08,2021-07-20,2021,連續三次,10,9,0.096728307254623,0.092303307254623,-0.09246088193456614,10.616899681599856,True,True,True,True,32910785.0,False,False
2024,2021-07-07,2021-07-19,2021,連續三次,10,9,0.02622377622377625,0.021798776223776253,-0.1923076923076923,0.8203269320763544,True,True,True,True,1437361.0,False,False
2024,2022-03-11,2022-03-23,2022,連續三次,10,9,0.0249520153550864,0.0205270153550864,-0.08253358925143961,0.7584303138460511,True,True,True,True,856950.0,False,False
2025,2021-07-07,2021-07-19,2021,連續三次,10,9,-0.1253012048192772,-0.1297262048192772,-0.3493975903614458,-0.978924631088105,False,True,True,False,18500379.0,True,False
2025,2021-07-12,2021-07-22,2021,連續三次,10,9,0.06497622820919169,0.06055122820919169,-0.14421553090332795,4.119323033357593,True,True,True,True,10325653.0,False,False
2028,2020-11-23,2020-12-03,2020,連續三次,10,9,0.057507987220447365,0.05308298722044737,-0.04153354632587858,3.2068886744832144,True,True,True,True,6126331.0,False,False
2028,2021-06-09,2021-06-22,2021,連續三次,10,9,0.32712456344586727,0.32269956344586725,-0.09196740395809089,2364.4975674469943,True,True,True,True,3729668.0,False,False
2030,2021-07-06,2021-07-16,2021,連續三次,10,9,0.07275132275132279,0.06832632275132279,-0.05555555555555536,5.270921539751178,True,True,True,True,9059067.0,False,False
2032,2021-07-08,2021-07-20,2021,連續三次,10,9,0.21377331420373014,0.20934831420373012,-0.04017216642754662,195.37877338806902,True,True,True,True,5254595.0,False,False
2033,2018-01-18,2018-01-30,2018,連續三次,10,9,-0.11742424242424232,-0.12184924242424232,-0.12121212121212122,-0.9729308602910726,True,True,True,True,1080000.0,False,False
2033,2018-02-23,2018-03-08,2018,連續五次,10,9,-0.1478494623655915,-0.1522744623655915,-0.153225806451613,-0.9898353896735825,True,True,True,True,2494877.0,False,False
2033,2021-04-28,2021-05-11,2021,連續三次,10,9,-0.004739336492891044,-0.009164336492891044,-0.23933649289099523,-0.2256555957951949,True,True,True,True,1073950.0,False,False
2033,2021-07-06,2021-07-16,2021,連續三次,10,9,-0.09441233140655103,-0.09883733140655103,-0.21772639691714835,-0.9444693032426515,True,True,True,True,1048674.0,False,False
2033,2024-09-25,2024-10-07,2024,連續三次,8,7,-0.006521739130434745,-0.010946739130434745,-0.07608695652173914,-0.3250458764314976,True,True,True,True,318075.0,False,False
2038,2021-01-04,2021-01-14,2020,連續五次,10,9,-0.094170403587444,-0.098595403587444,-0.11434977578475336,-0.9440537036951935,True,True,True,True,9984833.0,False,False
2038,2021-06-09,2021-06-22,2021,連續三次,10,9,0.338709677419355,0.33428467741935497,-0.10138248847926268,3012.8731165964914,True,True,True,True,7018277.0,False,False
2059,2023-07-03,2023-07-13,2023,連續三次,10,9,0.10252600297176828,0.09810100297176828,-0.02377414561664193,12.45713008045054,True,True,True,True,1037133.0,False,False
2059,2023-07-06,2023-07-18,2023,連續三次,10,9,0.30000000000000004,0.29557500000000003,-0.0194029850746269,1329.3318056727626,True,True,True,True,296092.0,False,False
2059,2026-05-15,2026-05-27,2026,連續三次,10,9,-0.046511627906976716,-0.050936627906976714,-0.13759689922480622,-0.7659484815211186,True,True,True,True,275815.0,False,False
2059,2026-08-12,2026-08-17,2026,連續三次,5,4,0.12244897959183665,0.11802397959183665,-0.03755102040816327,1066.0749015659371,True,True,True,True,350021.0,False,False
2061,2026-06-01,2026-06-11,2026,因連續3個營業日達本中心作業要點第四條第一項第一款,10,9,-0.11898395721925126,-0.12340895721925126,-0.11898395721925126,-0.9742350933892034,True,False,True,False,1431751.0,False,True
2061,2026-06-04,2026-06-16,2026,因連續3個營業日達本中心作業要點第四條第一項第一款,10,9,-0.02346368715083791,-0.027888687150837907,-0.2815642458100559,-0.5441964529539032,True,True,True,True,650629.0,False,False
2061,2026-06-26,2026-07-08,2026,因連續3個營業日達本中心作業要點第四條第一項第一款,10,9,0.22781065088757413,0.22338565088757412,-0.10946745562130167,269.59276237741886,True,True,True,True,976971.0,False,False
2064,2021-07-06,2021-07-16,2021,因連續3個營業日達本中心作業要點第四條第一項第一款,10,9,-0.08843537414965985,-0.09286037414965985,-0.12244897959183665,-0.9332760698135599,True,True,True,True,243790.0,False,False
2067,2018-03-12,2018-03-22,2018,因連續3個營業日達本中心作業要點第四條第一項第一款,10,9,-0.02052785923753675,-0.024952859237536748,-0.055718475073313734,-0.5043719014498982,True,True,True,True,394248.0,False,True
2069,2021-07-08,2021-07-20,2021,連續三次,10,9,0.10539215686274517,0.10096715686274517,-0.14950980392156854,13.467683198198122,True,True,True,True,8600544.0,False,False
2070,2024-08-26,2024-09-09,2024,連續3個營業日及沖銷標準,12,11,-0.032530120481927716,-0.036955120481927714,-0.12048192771084343,-0.575057521465001,True,True,True,True,587758.0,False,False
2108,2021-04-13,2021-04-23,2021,連續三次,10,9,-0.17469879518072284,-0.17912379518072286,-0.1987951807228916,-0.995842578328658,True,True,True,True,4066118.0,False,False
2108,2021-04-16,2021-04-28,2021,連續三次,10,9,-0.05054151624548742,-0.054966516245487415,-0.06859205776173283,-0.792041020473714,True,True,True,True,3240934.0,False,False
2208,2018-04-18,2018-04-30,2018,連續三次,10,9,0.0020703933747412417,-0.0023546066252587584,-0.19668737060041408,-0.06338490267225638,True,True,True,True,7541408.0,False,False
2230,2022-08-26,2022-09-07,2022,因連續3個營業日達本中心作業要點第四條第一項第一款,10,9,-0.048600883652430205,-0.0530258836524302,-0.08247422680412386,-0.7798466802831732,True,True,True,True,1423890.0,False,False
2230,2022-08-31,2022-09-13,2022,因連續3個營業日達本中心作業要點第四條第一項第一款,10,9,-0.07449856733524363,-0.07892356733524362,-0.10744985673352436,-0.8980908772682923,True,True,True,True,294898.0,False,False
2230,2023-05-17,2023-05-29,2023,最近10個營業日內有6個營業日,10,9,0.04785276073619649,0.04342776073619649,-0.018404907975460127,2.257197447128742,True,True,True,True,107633.0,False,False
2230,2023-07-10,2023-07-24,2023,連續3個營業日及沖銷標準,12,11,-0.025751072961373356,-0.030176072961373354,-0.07296137339055797,-0.5016140543610131,True,False,True,False,343356.0,False,True
2230,2026-02-26,2026-03-11,2026,因連續3個營業日達本中心作業要點第四條第一項第一款,10,9,-0.2080459770114942,-0.2124709770114942,-0.3655172413793103,-0.9986862407849256,True,True,True,True,4397051.0,False,False
2230,2026-03-04,2026-03-16,2026,因連續3個營業日達本中心作業要點第四條第一項第一款,10,9,0.19354838709677424,0.18912338709677423,-0.10967741935483866,121.92400050989283,True,True,True,True,610414.0,False,False
2230,2026-03-09,2026-03-19,2026,因連續3個營業日達本中心作業要點第四條第一項第一款,10,9,0.03647416413373872,0.03204916413373872,0.0,1.4019628718679176,True,True,True,True,967753.0,False,False
2231,2020-03-23,2020-04-06,2020,連續三次,10,9,0.29500580720092917,0.29058080720092916,-0.006968641114982521,1193.9967625467445,True,True,True,True,538943.0,False,False
2231,2020-03-26,2020-04-09,2020,連續三次,10,9,0.1923076923076923,0.18788269230769228,0.0,118.41068340059007,True,True,True,True,1327716.0,False,False
2231,2026-04-02,2026-04-16,2026,連續三次,10,9,0.07563025210084029,0.07120525210084029,-0.0672268907563025,5.757670895487966,True,True,True,True,1381647.0,False,False
2233,2026-05-11,2026-05-21,2026,連續三次,10,9,0.18965517241379315,0.18523017241379314,-0.036206896551724155,111.22121496740492,True,True,True,True,798256.0,False,False
2233,2026-07-02,2026-07-15,2026,連續三次,10,9,0.02826086956521734,0.02383586956521734,-0.034782608695652195,0.9238718157414345,True,True,True,True,2696769.0,False,False
2243,2021-10-21,2021-11-02,2021,連續三次,10,9,-0.1502347417840375,-0.15465974178403752,-0.15492957746478875,-0.9906006316069246,True,True,True,True,1574720.0,False,False
2243,2024-07-19,2024-07-31,2024,連續三次,8,7,-0.042622950819672156,-0.047047950819672155,-0.1622950819672131,-0.8211300282227081,True,True,True,True,5162514.0,False,False
2243,2024-07-26,2024-08-05,2024,連續三次,8,7,-0.027881040892193343,-0.03230604089219334,-0.05018587360594784,-0.6905119200357371,True,False,True,False,1084492.0,False,True
2243,2026-03-23,2026-04-02,2026,連續三次,10,9,0.07567567567567557,0.07125067567567557,-0.027027027027026973,5.7656352345689,True,True,True,True,783225.0,False,True
2243,2026-06-22,2026-07-02,2026,連續五次,10,9,0.254,0.249575,-0.14300000000000002,486.35164714979294,True,True,True,True,2310038.0,False,False
2243,2026-06-25,2026-07-07,2026,連續三次,10,9,0.11028037383177569,0.10585537383177569,-0.06355140186915886,15.362233090905573,True,False,True,False,673205.0,False,True
2250,2024-12-30,2025-01-10,2024,連續三次,10,9,-0.2049469964664311,-0.20937199646643112,-0.22261484098939932,-0.9985348090013302,True,True,True,True,1941976.0,False,False
2302,2018-06-11,2018-06-22,2018,連續三次,10,9,0.11987381703470046,0.11544881703470046,-0.014721345951629883,19.79915812957709,True,True,True,True,2202039.0,False,False
2302,2020-04-07,2020-04-17,2020,連續三次,10,9,0.028187919463087185,0.023762919463087187,-0.012080536912751683,0.9200676893130741,True,True,True,True,969456.0,False,False
2302,2026-06-04,2026-06-16,2026,連續三次,10,9,0.19428571428571417,0.18986071428571416,-0.1428571428571429,124.05889898073164,True,True,True,True,1771231.0,False,False
2303,2026-07-06,2026-07-17,2026,最近十個營業日已有六次,10,9,-0.16034985422740522,-0.16477485422740523,-0.18367346938775508,-0.993272143901677,True,False,True,False,55004854.0,False,True
2305,2022-07-27,2022-08-10,2022,連續三次及當日沖銷標準,12,11,0.19750519750519757,0.19308019750519756,-0.0498960498960499,54.270292115255955,True,True,True,True,3251580.0,False,False
2305,2022-08-01,2022-08-11,2022,連續三次,10,9,-0.03888888888888886,-0.04331388888888886,-0.04814814814814816,-0.7077068856360407,True,False,True,False,1304855.0,False,True
2305,2026-06-26,2026-07-08,2026,連續三次,10,9,-0.06515957446808518,-0.06958457446808518,-0.09441489361702138,-0.8651304385676559,True,True,True,True,3685403.0,False,False
2312,2026-01-22,2026-02-03,2026,連續三次,10,9,-0.15131578947368418,-0.1557407894736842,-0.16940789473684204,-0.9909288716033883,True,True,True,True,93219287.0,False,False
2314,2025-03-27,2025-04-10,2025,連續三次,10,9,-0.14978723404255312,-0.15421223404255313,-0.20680851063829786,-0.9904614292881531,True,True,True,True,14557561.0,False,False
2314,2025-04-01,2025-04-15,2025,連續三次,10,9,-0.06465517241379315,-0.06908017241379315,-0.22413793103448276,-0.8630846208279684,True,True,True,True,4591857.0,False,False
2314,2025-07-01,2025-07-11,2025,連續三次,10,9,0.015544041450777257,0.011119041450777257,-0.025906735751295318,0.35955543420072744,True,True,True,True,1758454.0,False,False
2316,2023-07-26,2023-08-07,2023,連續三次,9,8,0.034028540065861757,0.029603540065861758,-0.08122941822173424,1.4885040257856765,True,True,True,True,6925443.0,False,False
2316,2026-06-29,2026-07-09,2026,連續三次,10,9,-0.11489361702127665,-0.11931861702127665,-0.1404255319148936,-0.9706782878366512,True,True,True,True,1933414.0,False,False
2321,2020-10-26,2020-11-05,2020,連續三次,10,9,0.1492374727668846,0.14481247276688458,-0.005446623093681824,41.80650687550733,False,True,True,False,190076.0,True,False
2323,2018-04-20,2018-05-03,2018,連續三次,10,9,0.029780564263322873,0.025355564263322874,-0.11755485893416928,1.0047916141470972,True,True,True,True,11244950.0,False,False
2323,2022-01-10,2022-01-20,2022,連續三次,10,9,-0.0038910505836574627,-0.008316050583657463,-0.11673151750972766,-0.2070279257745461,True,True,True,True,19083200.0,False,False
2327,2018-05-17,2018-05-29,2018,連續三次,10,9,0.21111111111111103,0.20668611111111101,-0.07333333333333336,183.71778993361357,True,True,True,True,6125121.0,False,False
2327,2026-05-28,2026-06-09,2026,連續三次,10,9,0.1650211565585331,0.1605961565585331,-0.05500705218617774,61.61782816356734,True,True,True,True,25023375.0,False,False
2329,2023-08-04,2023-08-15,2023,連續三次,9,8,0.08333333333333326,0.07890833333333326,0.0,9.734136423806117,True,True,True,True,21061188.0,False,False
2337,2026-01-14,2026-01-26,2026,連續三次,10,9,0.27,0.265575,-0.013333333333333308,692.9532294709957,True,True,True,True,27860346.0,False,False
2337,2026-03-23,2026-04-02,2026,最近十個營業日已有六次,10,9,-0.12244897959183676,-0.12687397959183677,-0.2142857142857143,-0.9769193474308232,True,True,True,True,44574953.0,False,False
2337,2026-03-26,2026-04-09,2026,連續三次,10,9,0.03649635036496357,0.03207135036496357,-0.15693430656934304,1.4033976076953514,True,True,True,True,37170691.0,False,False
2337,2026-06-05,2026-06-17,2026,最近十個營業日已有六次,10,9,0.09121621621621623,0.08679121621621623,-0.10472972972972971,9.093897245683303,True,True,True,True,54586699.0,False,False
2338,2026-03-06,2026-03-18,2026,連續三次,10,9,0.0851063829787233,0.0806813829787233,-0.17214700193423604,7.630707252213204,True,True,True,True,2578520.0,False,False
2342,2025-09-24,2025-10-13,2025,連續三次及當日沖銷標準,12,11,-0.035937499999999956,-0.040362499999999954,-0.051562499999999956,-0.6079461735724183,True,True,True,True,3946122.0,False,False
2342,2026-06-26,2026-07-08,2026,連續三次,10,9,0.0,-0.004425,-0.04528301886792452,-0.11590382297714663,True,True,True,True,2605249.0,False,False
2344,2025-10-23,2025-11-05,2025,最近十個營業日已有六次,10,9,0.24582869855394884,0.24140369855394883,-0.005561735261401579,405.1583775180716,True,True,True,True,45232386.0,False,False
2344,2025-11-06,2025-11-18,2025,最近十個營業日已有六次,10,9,0.04778156996587035,0.043356569965870354,-0.017064846416382284,2.2510299889105845,True,True,True,True,40871416.0,False,False
2344,2026-01-13,2026-01-27,2026,連續五次及當日沖銷標準,12,11,0.10526315789473695,0.10083815789473695,-0.0574162679425837,7.876889088542606,True,True,True,True,42978779.0,False,False
2348,2018-03-31,2018-04-16,2018,連續三次,10,9,-0.21189591078066916,-0.21632091078066917,-0.22862453531598514,-0.9988534418773277,True,True,True,True,350833.0,False,False
2348,2018-09-25,2018-10-05,2018,連續三次,10,9,0.058380414312617646,0.05395541431261765,-0.09133709981167615,3.3047812696540326,True,True,True,True,443330.0,False,False
2349,2018-05-18,2018-05-30,2018,連續三次,10,9,0.4736842105263157,0.4692592105263157,-0.015789473684210575,43814.001494450364,True,True,True,True,19995146.0,False,False
2349,2018-06-08,2018-06-21,2018,連續三次,10,9,0.07164179104477597,0.06721679104477597,-0.06567164179104479,5.092503986939559,True,True,True,True,48421236.0,False,False
2349,2018-08-06,2018-08-16,2018,最近十個營業日已有六次,10,9,-0.22992700729926996,-0.23435200729926997,-0.3175182481751825,-0.9993993970625658,True,True,True,True,11585173.0,False,False
2349,2024-07-09,2024-07-19,2024,連續三次,10,9,-0.24885844748858443,-0.25328344748858445,-0.27853881278538806,-0.9997003947619988,False,True,True,False,54587366.0,True,False
2349,2024-07-12,2024-07-26,2024,連續三次,10,9,-0.08750000000000002,-0.09192500000000002,-0.10312500000000002,-0.9313383197142345,True,True,True,True,14933486.0,False,False
2349,2025-12-19,2026-01-02,2025,連續五次,10,9,0.08394160583941601,0.07951660583941601,-0.0036496350364962904,7.376003886674894,True,True,True,True,7278241.0,False,False
2354,2021-01-21,2021-02-02,2021,連續三次,10,9,0.008219178082191636,0.003794178082191636,-0.016438356164383605,0.11092655174708566,True,True,True,True,13886016.0,False,False
2356,2023-07-24,2023-08-04,2023,連續三次,10,9,-0.17730496453900713,-0.18172996453900714,-0.22695035460992907,-0.9961940555874446,True,True,True,True,56809653.0,False,False
2358,2023-04-18,2023-04-28,2023,連續三次,10,9,0.0714285714285714,0.0670035714285714,-0.053061224489796,5.05878251334621,True,True,True,True,831112.0,False,False
2358,2023-09-13,2023-09-25,2023,連續三次,10,9,-0.06538461538461537,-0.06980961538461537,-0.08076923076923082,-0.8660336517374719,True,True,True,True,2634183.0,False,False
2359,2022-01-10,2022-01-20,2022,連續三次,10,9,-0.0019230769230769162,-0.006348076923076916,-0.10769230769230775,-0.16213437689226495,True,True,True,True,3806467.0,False,False
2359,2024-03-29,2024-04-12,2024,連續三次,10,9,0.42170329670329676,0.41727829670329675,-0.024725274725274637,16108.68800738347,True,True,True,True,4088720.0,False,False
2359,2024-04-11,2024-04-23,2024,最近十個營業日已有六次,10,9,-0.09699999999999998,-0.10142499999999997,-0.17900000000000005,-0.9487324524038404,True,True,True,True,3028361.0,False,False
2359,2024-05-29,2024-06-13,2024,連續五次及當日沖銷標準,12,11,-0.04815864022662886,-0.052583640226628856,-0.16147308781869685,-0.707019863987782,True,True,True,True,5603688.0,False,False
2360,2026-03-05,2026-03-17,2026,連續三次,10,9,0.02083333333333326,0.01640833333333326,-0.13888888888888884,0.5715903865879401,True,True,True,True,2835082.0,False,False
2362,2024-05-23,2024-06-04,2024,連續三次,10,9,-0.06718749999999996,-0.07161249999999995,-0.09218749999999998,-0.8730621222529305,True,True,True,True,4105878.0,False,False
2363,2020-12-11,2020-12-23,2020,連續三次,10,9,-0.005665722379603277,-0.010090722379603278,-0.06515580736543902,-0.24551632200564766,True,True,True,True,20125521.0,False,False
2363,2023-10-20,2023-11-03,2023,連續五次及當日沖銷標準,12,11,-0.007590132827324569,-0.01201513282732457,-0.06261859582542706,-0.24021893080899348,True,False,True,False,27887703.0,False,True
2363,2024-04-17,2024-04-29,2024,連續三次,10,9,-0.0476923076923077,-0.0521173076923077,-0.056923076923076965,-0.7739032802234014,True,True,True,True,36534886.0,False,True
2364,2020-09-29,2020-10-14,2020,連續三次,10,9,0.1393805309734515,0.13495553097345148,-0.09955752212389368,32.66589439259603,True,True,True,True,622046.0,False,False
2364,2022-06-09,2022-06-21,2022,連續三次,10,9,-0.1938202247191012,-0.19824522471910122,-0.2429775280898877,-0.9978398314109469,True,True,True,True,159876.0,False,False
2364,2022-08-23,2022-09-02,2022,連續三次,10,9,0.14957264957264949,0.14514764957264947,-0.05128205128205132,42.15600935968325,True,False,True,False,983290.0,False,True
2364,2022-09-15,2022-09-27,2022,連續三次,10,9,-0.0877862595419846,-0.0922112595419846,-0.11959287531806606,-0.9319370321195353,True,True,True,True,555244.0,False,False
2364,2022-10-11,2022-10-25,2022,連續三次及當日沖銷標準,12,11,-0.10227272727272718,-0.10669772727272718,-0.31095041322314043,-0.9230288177558157,True,True,True,True,354521.0,False,False
2364,2023-10-23,2023-11-02,2023,連續三次,10,9,-0.10139860139860135,-0.10582360139860135,-0.10839160839160844,-0.9552653010969273,True,True,True,True,443387.0,False,False
2365,2024-02-22,2024-03-08,2024,連續三次及當日沖銷標準,12,11,-0.14078674948240155,-0.14521174948240156,-0.14078674948240155,-0.9717296917341406,True,False,True,False,5965916.0,False,True
2365,2024-05-31,2024-06-13,2024,連續五次,10,9,-0.12165775401069512,-0.12608275401069513,-0.17112299465240643,-0.9763312526593738,True,True,True,True,15838579.0,False,False
2367,2026-03-09,2026-03-19,2026,最近十個營業日已有六次,10,9,0.15916398713826352,0.1547389871382635,-0.027331189710610992,53.40789421605805,True,True,True,True,17701767.0,False,False
2368,2018-08-24,2018-09-05,2018,連續三次,10,9,-0.05625000000000002,-0.06067500000000002,-0.08125000000000004,-0.8242539437495464,True,True,True,True,15171117.0,False,False
2371,2020-08-11,2020-08-21,2020,連續五次,10,9,0.1979522184300342,0.19352721843003418,-0.010238907849829393,135.21700305125933,True,True,True,True,17371878.0,False,False
2374,2024-05-27,2024-06-11,2024,連續五次及當日沖銷標準,12,11,-0.08401976935749589,-0.08844476935749589,-0.08401976935749589,-0.8781074990971804,True,False,True,False,6713607.0,False,True
2375,2021-03-03,2021-03-15,2021,最近十個營業日已有六次,10,9,0.05078125,0.04635625,-0.140625,2.5209089818807464,True,True,True,True,3852694.0,False,False
2375,2026-06-03,2026-06-15,2026,連續三次,10,9,0.17337461300309598,0.16894961300309597,-0.1826625386996904,75.4216536599113,True,True,True,True,3008943.0,False,False
2380,2022-08-02,2022-08-12,2022,連續三次,10,9,0.031128404669260812,0.026703404669260813,-0.07782101167315181,1.0792979608981104,True,True,True,True,1304840.0,False,False
2380,2023-11-28,2023-12-08,2023,連續三次,10,9,-0.09677419354838701,-0.10119919354838701,-0.12342215988779803,-0.948373378405241,True,True,True,True,565617.0,False,False
2380,2025-08-26,2025-09-05,2025,連續三次,10,9,-0.06617647058823528,-0.07060147058823528,-0.11764705882352944,-0.8691656764567267,True,True,True,True,836237.0,False,False
2383,2026-06-23,2026-07-03,2026,最近十個營業日已有六次,10,9,0.06479859894921192,0.06037359894921192,-0.08581436077057791,4.095559046426821,True,True,True,True,2138552.0,False,False
2388,2018-03-01,2018-03-13,2018,連續三次,10,9,0.37371134020618557,0.36928634020618556,0.0,6186.392391580387,True,True,True,True,5601512.0,False,False
2388,2018-03-26,2018-04-09,2018,連續三次,10,9,0.04594594594594592,0.04152094594594592,-0.07837837837837835,2.0958364698485643,True,False,True,False,2141711.0,False,True
2388,2018-05-24,2018-06-05,2018,最近十個營業日已有六次,10,9,0.07909604519774027,0.07467104519774027,-0.03672316384180785,6.392055490980975,True,True,True,True,2672050.0,False,True
2388,2022-08-01,2022-08-15,2022,連續三次及當日沖銷標準,12,11,0.1493150684931508,0.14489006849315078,-0.0821917808219178,20.654124890883015,True,True,True,True,6100860.0,False,False
2388,2023-07-20,2023-08-01,2023,連續三次,10,9,-0.04705882352941182,-0.05148382352941182,-0.05882352941176472,-0.7696681777784515,True,True,True,True,6649946.0,False,False
2390,2020-06-29,2020-07-09,2020,連續三次,10,9,0.3292307692307692,0.3248057692307692,0.0,2471.389917633031,True,True,True,True,6555145.0,False,False
2392,2024-05-30,2024-06-12,2024,連續三次,10,9,-0.06756756756756754,-0.07199256756756754,-0.11216216216216213,-0.874497749369374,True,True,True,True,5229592.0,False,False
2399,2018-03-08,2018-03-20,2018,連續五次,10,9,-0.1271186440677966,-0.13154364406779662,-0.2966101694915254,-0.9801136307540678,True,True,True,True,33851678.0,False,False
2399,2021-03-29,2021-04-12,2021,連續五次,10,9,0.2807017543859649,0.2762767543859649,-0.03508771929824561,875.8246621474649,True,True,True,True,6647988.0,False,False
2399,2021-04-14,2021-04-26,2021,連續三次,10,9,-0.06590257879656147,-0.07032757879656147,-0.25071633237822355,-0.868090423184923,True,True,True,True,5505338.0,False,False
2399,2026-03-25,2026-04-08,2026,連續三次,10,9,0.19339622641509435,0.18897122641509434,-0.0927672955974842,121.4878204212483,True,True,True,True,3781183.0,False,False
2404,2024-03-15,2024-03-27,2024,連續三次,10,9,0.09589041095890405,0.09146541095890405,-0.06164383561643838,10.371891357947137,True,True,True,True,3396538.0,False,False
2405,2021-12-20,2021-12-30,2021,連續三次,10,9,0.1404494382022472,0.1360244382022472,-0.028089887640449396,33.55783295228632,True,True,True,True,11118116.0,False,False
2406,2019-05-24,2019-06-05,2019,連續三次,10,9,0.0011235955056179137,-0.0033014044943820865,-0.101123595505618,-0.08776476875987371,True,True,True,True,3122932.0,False,False
2406,2020-09-15,2020-09-25,2020,連續五次,10,9,0.16504854368932054,0.16062354368932052,-0.04207119741100318,61.65888619532452,True,True,True,True,6890357.0,False,False
2406,2020-10-21,2020-11-02,2020,連續三次,10,9,-0.03529411764705881,-0.03971911764705881,-0.0627450980392158,-0.675613021588469,True,True,True,True,4576045.0,False,False
2406,2021-12-22,2022-01-06,2021,連續五次及當日沖銷標準,12,11,-0.10903873744619796,-0.11346373744619796,-0.10903873744619796,-0.9352433768381071,True,False,True,False,11422957.0,False,True
2406,2025-08-14,2025-08-26,2025,連續三次,10,9,0.06572769953051627,0.06130269953051627,-0.023474178403755874,4.221045398295673,True,True,True,True,8637126.0,False,True
2408,2025-09-25,2025-10-09,2025,連續三次,10,9,0.32570659488559905,0.32128159488559904,-0.05652759084791392,2295.058390778127,True,True,True,True,26404083.0,False,False
2408,2025-12-10,2025-12-22,2025,最近十個營業日已有六次,10,9,0.11111111111111116,0.10668611111111116,-0.04629629629629628,15.707122439152336,True,True,True,True,26800283.0,False,False
2408,2026-01-13,2026-01-23,2026,最近十個營業日已有六次,10,9,0.10816326530612241,0.10373826530612242,-0.0836734693877551,14.514042622968585,True,True,True,True,11040441.0,False,False
2413,2018-06-15,2018-06-28,2018,連續五次,10,9,0.05810810810810807,0.05368310810810807,-0.027027027027026973,3.273993211557783,True,False,True,False,1481410.0,False,True
2413,2018-07-11,2018-07-23,2018,連續三次,10,9,0.05827505827505819,0.05385005827505819,-0.009324009324009341,3.2928440101786514,True,True,True,True,1162157.0,False,False
2413,2018-07-16,2018-07-26,2018,連續三次,10,9,0.18077803203661325,0.17635303203661323,0.0,90.07095583377658,True,True,True,True,602185.0,False,False
2413,2026-01-06,2026-01-20,2025,連續三次及當日沖銷標準,12,11,0.10317460317460303,0.09874960317460303,-0.06575963718820854,7.501912263523321,True,True,True,True,1603151.0,False,False
2415,2021-01-08,2021-01-20,2021,連續三次,10,9,0.014240506329113778,0.009815506329113778,-0.03639240506329122,0.3116993789990823,True,True,True,True,2516272.0,False,False
2415,2021-03-29,2021-04-12,2021,最近三十個營業日已有十二次,10,9,0.07655502392344515,0.07213002392344516,-0.02392344497607657,5.921610732883593,True,True,True,True,947401.0,False,False
2417,2020-06-17,2020-07-01,2020,連續三次,10,9,0.1708333333333334,0.16640833333333338,-0.04999999999999993,70.93851916885903,True,True,True,True,7784171.0,False,False
2417,2020-08-13,2020-08-25,2020,最近十個營業日已有六次,10,9,0.28846153846153855,0.28403653846153853,-0.017094017094017033,1036.6201417566758,True,True,True,True,13475588.0,False,False
2417,2020-08-26,2020-09-07,2020,最近十個營業日已有六次,10,9,0.18896321070234112,0.1845382107023411,-0.0050167224080267525,109.41545158524808,True,False,True,False,4288151.0,False,True
2417,2023-10-13,2023-10-27,2023,連續三次及當日沖銷標準,12,11,0.0,-0.004425,-0.14241960183767222,-0.09587833955118474,True,True,True,True,1943234.0,False,False
2417,2024-03-14,2024-03-26,2024,連續五次,10,9,-0.04149377593360992,-0.04591877593360992,-0.08506224066390045,-0.729026783530512,True,True,True,True,1719443.0,False,True
2421,2023-08-01,2023-08-11,2023,最近十個營業日已有六次,9,8,-0.015151515151515138,-0.019576515151515136,-0.11363636363636365,-0.46088886363691506,True,True,True,True,8539354.0,False,False
2424,2018-06-12,2018-06-25,2018,連續三次,10,9,-0.02621722846441943,-0.030642228464419427,-0.11860174781523092,-0.578732228268927,True,True,True,True,26004.0,False,False
2424,2020-11-02,2020-11-12,2020,連續三次,10,9,-0.18799999999999994,-0.19242499999999996,-0.236,-0.9973591345186493,True,True,True,True,165110.0,False,False
2424,2023-05-11,2023-05-23,2023,連續三次,10,9,-0.11702127659574457,-0.12144627659574457,-0.17325227963525835,-0.9725836907031209,True,True,True,True,147159.0,False,False
2424,2024-09-03,2024-09-13,2024,連續三次,10,9,0.26358974358974363,0.2591647435897436,-0.0010256410256409554,601.6580645258399,True,True,True,True,42900.0,False,False
2424,2024-11-06,2024-11-18,2024,最近十個營業日已有六次,10,9,0.011249999999999982,0.006824999999999982,-0.0012499999999999734,0.20796763732407686,True,True,True,True,24151.0,False,False
2424,2026-05-28,2026-06-09,2026,連續三次,10,9,-0.09774436090225569,-0.10216936090225569,-0.13157894736842102,-0.9498991546964378,True,True,True,True,316253.0,False,False
2425,2018-03-06,2018-03-16,2018,連續三次,10,9,-0.18810511756569837,-0.19253011756569838,-0.21300138312586447,-0.9973686664196959,True,True,True,True,3644914.0,False,False
2425,2024-09-05,2024-09-18,2024,連續三次,10,9,0.0303797468354432,0.0259547468354432,-0.06835443037974687,1.0375900479934752,True,True,True,True,905985.0,False,False
2426,2026-03-18,2026-03-30,2026,連續三次,10,9,-0.06166219839142084,-0.06608719839142084,-0.12868632707774796,-0.8503158578861318,True,True,True,True,7424281.0,False,False
2426,2026-03-23,2026-04-02,2026,連續三次,10,9,0.10057471264367823,0.09614971264367823,-0.09482758620689646,11.808448003019743,True,True,True,True,2643421.0,False,False
2426,2026-04-17,2026-04-29,2026,連續三次,10,9,0.10185185185185186,0.09742685185185186,-0.14629629629629626,12.22951591585241,True,True,True,True,3992014.0,False,False
2426,2026-05-12,2026-05-22,2026,連續三次,10,9,0.1885714285714286,0.1841464285714286,-0.17285714285714293,108.40549917578008,True,True,True,True,3000932.0,False,False
2427,2023-05-25,2023-06-06,2023,連續三次,10,9,0.08523908523908519,0.08081408523908519,-0.022869022869022926,7.660194804270342,True,False,True,False,5379691.0,False,True
2429,2018-01-17,2018-01-29,2018,連續三次,10,9,-0.2147058823529412,-0.2191308823529412,-0.22352941176470598,-0.9989623224343612,True,True,True,True,58000.0,False,False
2429,2019-10-02,2019-10-15,2019,連續三次,9,8,0.20444444444444443,0.20001944444444442,-0.12,297.2866722324662,True,True,True,True,34010.0,False,False
2429,2020-01-20,2020-02-10,2020,連續三次,10,9,-0.35904255319148937,-0.3634675531914894,-0.35904255319148937,-0.999996447200215,False,False,True,False,392056.0,True,True
2429,2020-02-03,2020-02-13,2020,連續三次,10,9,-0.292156862745098,-0.296581862745098,-0.361764705882353,-0.9999429924623725,True,True,True,True,362498.0,False,False
2429,2023-03-15,2023-03-27,2023,連續三次,10,9,-0.050156739811912154,-0.05458173981191215,-0.11912225705329149,-0.7896761586252842,True,True,True,True,225959.0,False,False
2429,2024-07-08,2024-07-18,2024,連續三次,10,9,-0.04504504504504503,-0.04947004504504503,-0.13770913770913773,-0.7556912035463603,True,True,True,True,886535.0,False,False
2429,2025-08-07,2025-08-21,2025,連續五次及當日沖銷標準,12,11,-0.11806375442739081,-0.12248875442739081,-0.12750885478158203,-0.9486797897398331,True,True,True,True,1186793.0,False,False
2429,2025-09-16,2025-09-26,2025,連續三次,10,9,-0.09302325581395354,-0.09744825581395354,-0.09302325581395354,-0.9420418970728672,True,False,True,False,933739.0,False,True
2429,2026-04-30,2026-05-13,2026,連續三次,10,9,-0.09742647058823528,-0.10185147058823528,-0.12683823529411764,-0.9494040630512116,True,True,True,True,243453.0,False,False
2432,2023-06-15,2023-06-29,2023,連續三次,10,9,-0.17610619469026556,-0.18053119469026557,-0.17610619469026556,-0.9960360976880667,True,False,True,False,128527.0,False,True
2434,2018-03-01,2018-03-13,2018,連續三次,10,9,-0.0633608815426997,-0.0677858815426997,-0.14049586776859502,-0.8576972725137493,True,True,True,True,1558321.0,False,False
2434,2018-03-06,2018-03-16,2018,連續三次,10,9,-0.11688311688311692,-0.12130811688311692,-0.18961038961038967,-0.972463676050423,True,True,True,True,404084.0,False,False
2434,2026-07-17,2026-07-29,2026,最近十個營業日已有六次,10,9,-0.3966101694915254,-0.4010351694915254,-0.3966101694915254,-0.9999993443026839,True,False,True,False,428072.0,False,True
2434,2026-07-22,2026-08-03,2026,連續三次,10,9,-0.33666666666666667,-0.3410916666666667,-0.3613333333333334,-0.999990723991964,True,True,True,True,160516.0,False,False
2438,2018-03-12,2018-03-22,2018,連續三次,10,9,0.3209876543209875,0.3165626543209875,0.0,2077.836460938286,True,True,True,True,183333.0,False,False
2438,2019-12-20,2020-01-02,2019,連續三次,10,9,-0.0901001112347053,-0.09452511123470529,-0.1045606229143492,-0.9365951442739557,True,True,True,True,160368.0,False,False
2438,2024-06-26,2024-07-08,2024,連續三次,10,9,0.18556701030927836,0.18114201030927835,-0.08075601374570451,100.95114952114305,True,True,True,True,1040000.0,False,False
2438,2024-07-01,2024-07-11,2024,連續三次,10,9,0.38394415357766154,0.3795191535776615,0.0,7607.971616613619,True,True,True,True,795767.0,False,False
2438,2024-08-26,2024-09-05,2024,最近十個營業日已有六次,10,9,-0.16981132075471705,-0.17423632075471707,-0.16981132075471705,-0.9950972669907251,True,False,True,False,191924.0,False,True
2438,2025-02-19,2025-03-04,2025,連續三次,10,9,-0.10704960835509125,-0.11147460835509125,-0.15926892950391636,-0.9624886829136231,True,True,True,True,151036.0,False,False
2440,2018-03-13,2018-03-23,2018,連續三次,10,9,0.05836575875486383,0.05394075875486383,0.0,3.303118822505371,True,True,True,True,2133433.0,False,False
2443,2022-01-13,2022-01-25,2022,連續五次,10,9,-0.1071428571428572,-0.1115678571428572,-0.16428571428571437,-0.9625978830154438,True,True,True,True,149009.0,False,False
2444,2018-05-31,2018-06-12,2018,連續三次,10,9,0.005555555555555536,0.0011305555555555357,-0.16666666666666663,0.03188433489854292,True,True,True,True,1303001.0,False,False
2451,2025-11-18,2025-11-28,2025,連續三次,10,9,-0.05670103092783507,-0.06112603092783507,-0.08762886597938147,-0.826583021842519,True,True,True,True,3786363.0,False,False
2451,2026-03-25,2026-04-08,2026,連續三次,10,9,-0.02935420743639927,-0.03377920743639927,-0.18395303326810175,-0.615005102787163,True,True,True,True,3261185.0,False,False
2453,2023-02-20,2023-03-08,2023,連續三次及當日沖銷標準,12,11,0.2941176470588236,0.2896926470588236,-0.04977375565610864,323.3773644015082,True,True,True,True,6041486.0,False,False
2454,2026-05-11,2026-05-21,2026,連續三次,10,9,-0.006993006993006978,-0.011418006993006978,-0.13286713286713292,-0.2731182503192108,True,True,True,True,8690923.0,False,False
2455,2026-03-04,2026-03-16,2026,最近十個營業日已有六次,10,9,-0.023454157782516027,-0.027879157782516026,-0.1769722814498934,-0.5440723219358732,True,True,True,True,6627159.0,False,False
2455,2026-04-15,2026-04-27,2026,連續五次,10,9,0.10460992907801425,0.10018492907801425,-0.024822695035460973,13.18485049106443,True,False,True,False,3569574.0,False,True
2455,2026-05-08,2026-05-20,2026,最近十個營業日已有六次,10,9,0.19552238805970146,0.19109738805970145,-0.017910447761193993,127.72012487599466,True,True,True,True,2191135.0,False,False
2455,2026-05-29,2026-06-10,2026,連續五次,10,9,-0.10902255639097747,-0.11344755639097746,-0.10902255639097747,-0.9647348844781832,True,False,True,False,2092897.0,False,True
2455,2026-06-24,2026-07-06,2026,連續五次,10,9,-0.12207792207792212,-0.12650292207792213,-0.1350649350649351,-0.9766453269709253,True,True,True,True,1802349.0,False,False
2455,2026-08-12,2026-08-17,2026,連續三次,5,4,0.12096774193548376,0.11654274193548377,0.0,981.2217548371243,True,True,True,True,3970047.0,False,False
2457,2021-03-25,2021-04-08,2021,連續三次,10,9,0.6291262135922331,0.6247012135922331,-0.01941747572815533,715844.9624741024,True,True,True,True,15165557.0,False,False
2457,2021-04-13,2021-04-23,2021,連續三次,10,9,-0.037135278514588976,-0.041560278514588975,-0.12466843501326264,-0.6924531877106693,True,True,True,True,7274891.0,False,False
2464,2020-07-14,2020-07-24,2020,連續三次,10,9,-0.052261306532663365,-0.056686306532663364,-0.09547738693467334,-0.8023012802056527,True,True,True,True,4626291.0,False,False
2465,2018-03-05,2018-03-15,2018,連續三次,10,9,-0.31676136363636365,-0.32118636363636366,-0.31818181818181823,-0.9999787966544648,True,True,True,True,8659968.0,False,False
2465,2018-03-08,2018-03-20,2018,連續三次,10,9,-0.3816155988857939,-0.3860405988857939,-0.43732590529247906,-0.9999986968620785,True,True,True,True,3124202.0,False,False
2465,2018-03-21,2018-03-31,2018,連續三次,10,9,0.16666666666666674,0.16224166666666673,-0.09868421052631582,64.13134196326561,True,True,True,True,825722.0,False,False
2465,2021-03-02,2021-03-12,2021,連續三次,10,9,0.27378640776699026,0.26936140776699025,-0.08349514563106786,752.99623486067,True,True,True,True,1708858.0,False,False
2465,2021-04-13,2021-04-23,2021,連續三次,10,9,-0.22881355932203384,-0.23323855932203386,-0.3254237288135594,-0.9993746567530246,True,True,True,True,1657462.0,False,False
2465,2021-06-08,2021-06-21,2021,連續三次,10,9,0.5327999999999999,0.5283749999999999,0.0,131067.37729109383,True,True,True,True,2294175.0,False,False
2465,2024-02-21,2024-03-05,2024,連續三次,10,9,0.2975206611570247,0.2930956611570247,-0.04958677685950408,1260.3961857048118,True,True,True,True,3202414.0,False,False
2465,2024-02-26,2024-03-08,2024,連續三次,10,9,0.08536585365853666,0.08094085365853666,-0.016260162601625994,7.68845449464469,True,False,True,False,1126561.0,False,True
2466,2024-12-27,2025-01-09,2024,連續三次,10,9,0.2293291731669267,0.22490417316692668,0.0,279.0792608342628,True,True,True,True,694399.0,False,False
2466,2025-01-02,2025-01-14,2024,連續三次,10,9,0.05277777777777781,0.048352777777777814,-0.10000000000000009,2.712371211831439,True,True,True,True,280227.0,False,False
2466,2026-07-13,2026-07-23,2026,連續三次,10,9,0.019607843137254832,0.015182843137254832,-0.02941176470588236,0.519795879283335,True,False,True,False,2206382.0,False,True
2467,2024-07-10,2024-07-26,2024,連續三次及當日沖銷標準,12,11,-0.016786570743405282,-0.02121157074340528,-0.05035971223021585,-0.38569729880401094,True,False,True,False,939974.0,False,True
2467,2026-03-09,2026-03-19,2026,連續三次,10,9,0.04943502824858759,0.04501002824858759,-0.09745762711864403,2.397221281222772,True,True,True,True,583755.0,False,False
2467,2026-04-17,2026-04-29,2026,連續三次,10,9,0.09270216962524658,0.08827716962524658,-0.04339250493096647,9.484366133093927,True,True,True,True,1069136.0,False,False
2468,2022-08-25,2022-09-06,2022,連續三次,10,9,-0.18475750577367211,-0.18918250577367213,-0.19630484988452657,-0.9970482035773421,True,True,True,True,2066053.0,False,True
2468,2023-06-27,2023-07-07,2023,連續三次,10,9,-0.14102564102564097,-0.14545064102564098,-0.15384615384615385,-0.9872998222840121,True,True,True,True,3173287.0,False,False
2468,2025-04-01,2025-04-17,2025,連續三次及當日沖銷標準,12,11,0.08971962616822426,0.08529462616822427,-0.21214953271028036,5.425415189893839,True,True,True,True,4996392.0,False,False
2472,2026-06-03,2026-06-15,2026,連續三次,10,9,0.05177111716621252,0.04734611716621252,-0.17711171662125336,2.6146134533879968,True,True,True,True,2869665.0,False,False
2475,2019-04-26,2019-05-09,2019,最近十個營業日已有六次,10,9,0.0,-0.004425,-0.0625,-0.11590382297714663,True,True,True,True,27969358.0,False,False
2478,2018-05-18,2018-05-30,2018,連續五次,10,9,0.5257595772787318,0.5213345772787318,-0.07133421400264206,115290.74857535008,True,True,True,True,7556391.0,False,False
2478,2018-08-03,2018-08-15,2018,最近十個營業日已有六次,10,9,-0.14157303370786511,-0.14599803370786513,-0.2292134831460675,-0.9875238743583865,True,True,True,True,4549368.0,False,False
2478,2026-05-28,2026-06-09,2026,連續三次,10,9,0.40928270042194104,0.404857700421941,0.0,12614.318819866989,True,True,True,True,5923063.0,False,False
2478,2026-06-24,2026-07-06,2026,連續三次,10,9,-0.0401785714285714,-0.044603571428571395,-0.1138392857142857,-0.7184569448236724,True,True,True,True,2802756.0,False,True
2481,2026-06-30,2026-07-13,2026,連續三次,10,9,0.11627906976744184,0.11185406976744185,0.0,18.015391873333062,True,False,True,False,4694921.0,False,True
2482,2022-05-23,2022-06-02,2022,連續三次,10,9,0.04347826086956541,0.03905326086956541,-0.1280193236714975,1.8984204085392347,True,True,True,True,4844091.0,False,False
2482,2022-05-26,2022-06-08,2022,連續三次,10,9,0.21761658031088071,0.2131915803108807,-0.002590673575129543,213.47263011687636,True,False,True,False,1356769.0,False,True
2482,2023-02-09,2023-02-23,2023,連續三次及當日沖銷標準,12,11,0.1762589928057552,0.17183399280575518,-0.026378896882494063,35.73994092212205,True,True,True,True,2999229.0,False,False
2482,2023-04-12,2023-04-24,2023,最近十個營業日已有六次,10,9,0.0392749244712991,0.0348499244712991,-0.07552870090634445,1.5897649082625973,True,True,True,True,2866666.0,False,False
2483,2026-07-02,2026-07-15,2026,連續三次,10,9,-0.10526315789473684,-0.10968815789473683,-0.12543859649122802,-0.9603363154437559,True,True,True,True,2942286.0,False,False
2483,2026-07-24,2026-08-05,2026,連續三次,10,9,-0.0643203883495147,-0.0687453883495147,-0.2354368932038835,-0.8617102789249835,True,True,True,True,245275.0,False,False
2484,2026-04-24,2026-05-07,2026,連續三次,10,9,0.03819444444444442,0.03376944444444442,-0.16203703703703698,1.5156956243785569,True,True,True,True,7123202.0,False,False
2485,2026-01-22,2026-02-03,2026,連續三次,10,9,0.1494413407821229,0.1450163407821229,-0.04748603351955294,42.01876184435257,True,True,True,True,6425115.0,False,False
2485,2026-03-24,2026-04-07,2026,連續三次,10,9,-0.09079601990049768,-0.09522101990049768,-0.09825870646766177,-0.9379349241030842,True,True,True,True,11559295.0,False,False
2486,2021-07-14,2021-07-26,2021,連續五次,10,9,0.17878192534381143,0.17435692534381142,-0.09626719056974453,85.87444316812507,True,True,True,True,9623924.0,False,False
2486,2024-06-24,2024-07-04,2024,連續五次,10,9,0.14522821576763478,0.14080321576763477,-0.053941908713692976,37.83176504676313,True,True,True,True,2515444.0,False,False
2486,2024-07-11,2024-07-23,2024,最近十個營業日已有六次,10,9,0.0,-0.004425,-0.13157894736842102,-0.11590382297714663,True,True,True,True,1603630.0,False,False
2486,2026-02-03,2026-02-24,2026,連續三次,10,9,0.10000000000000009,0.09557500000000009,-0.0346153846153846,11.623210355554605,True,True,True,True,3982814.0,False,False
2486,2026-03-24,2026-04-07,2026,連續五次,10,9,-0.02033898305084747,-0.02476398305084747,-0.10508474576271187,-0.5016980837472973,True,True,True,True,1876312.0,False,False
2486,2026-04-17,2026-04-29,2026,連續五次,10,9,0.37027027027027026,0.36584527027027025,-0.010810810810810811,5768.695105330503,True,True,True,True,1640971.0,False,False
2486,2026-05-11,2026-05-21,2026,連續三次,10,9,-0.04295532646048106,-0.047380326460481056,-0.19587628865979378,-0.7403239821221459,True,True,True,True,2263892.0,False,False
2489,2021-03-26,2021-04-09,2021,連續三次,10,9,0.06916426512968288,0.06473926512968288,-0.05187319884726238,4.711596304687831,True,True,True,True,18834154.0,False,False
2489,2026-01-30,2026-02-11,2026,連續五次,10,9,0.29047619047619055,0.28605119047619054,-0.07619047619047625,1082.8059946192202,True,True,True,True,10082985.0,False,False
2489,2026-03-04,2026-03-16,2026,連續三次,10,9,-0.016431924882629123,-0.02085692488262912,-0.16901408450704236,-0.44316493389940537,True,True,True,True,17481235.0,False,False
2489,2026-03-09,2026-03-19,2026,連續三次,10,9,0.09160305343511466,0.08717805343511466,-0.09923664122137399,9.194176160651857,True,True,True,True,2415492.0,False,False
2489,2026-04-17,2026-04-29,2026,連續三次,10,9,-0.055118110236220486,-0.059543110236220484,-0.22047244094488194,-0.8182754180344228,True,True,True,True,5151172.0,False,False
2491,2018-06-14,2018-06-27,2018,連續三次,10,9,-0.0013245033112582183,-0.005749503311258218,-0.04635761589403964,-0.1480004793857469,True,True,True,True,290495.0,False,False
2491,2019-07-16,2019-07-26,2019,連續三次,10,9,0.009852216748768461,0.005427216748768461,-0.06034482758620685,0.1622390988063953,True,True,True,True,113926.0,False,False
2491,2021-03-25,2021-04-08,2021,連續三次,10,9,0.20960698689956336,0.20518198689956335,-0.0786026200873361,177.42758518424978,True,True,True,True,2972658.0,False,False
2491,2021-03-30,2021-04-13,2021,連續三次,10,9,0.16666666666666674,0.16224166666666673,-0.03289473684210531,64.13134196326561,True,True,True,True,645966.0,False,False
2491,2021-06-02,2021-06-15,2021,連續五次,10,9,-0.09090909090909094,-0.09533409090909094,-0.09090909090909094,-0.9381500174886594,True,True,True,True,901461.0,False,False
2491,2025-12-09,2025-12-19,2025,連續三次,10,9,0.12871287128712883,0.12428787128712883,-0.024752475247524774,24.897902941382785,True,False,True,False,700871.0,False,True
2491,2026-06-10,2026-06-23,2026,連續三次,10,9,0.367816091954023,0.36339109195402297,-0.07553366174055831,5487.542138587051,True,True,True,True,427274.0,False,False
2492,2018-05-10,2018-05-22,2018,連續三次,10,9,0.35188866799204765,0.34746366799204764,-0.013916500994035741,3959.0094551141024,True,True,True,True,7156523.0,False,False
2492,2026-05-19,2026-05-29,2026,連續三次,10,9,0.8497652582159625,0.8453402582159625,0.0,24604393.399114225,True,True,True,True,8932066.0,False,False
2492,2026-05-29,2026-06-10,2026,連續三次,10,9,-0.0060975609756097615,-0.010522560975609762,-0.1378048780487805,-0.25460579896817337,True,True,True,True,4526922.0,False,False
2492,2026-06-03,2026-06-15,2026,連續三次,10,9,0.007847533632286963,0.0034225336322869625,-0.20739910313901344,0.0995577551042679,True,True,True,True,3424096.0,False,False
2492,2026-06-08,2026-06-18,2026,連續三次,10,9,0.4979973297730307,0.49357232977303067,-0.008010680907877155,69121.32071782208,True,True,True,True,3269772.0,False,False
2492,2026-06-26,2026-07-08,2026,連續三次,10,9,-0.18134715025906734,-0.18577215025906735,-0.21848013816925738,-0.9966831875689138,True,True,True,True,3367708.0,False,False
2492,2026-07-20,2026-07-30,2026,連續三次,10,9,-0.31076388888888884,-0.31518888888888885,-0.31076388888888884,-0.9999729278858953,True,False,True,False,1274622.0,False,True
2492,2026-07-23,2026-08-04,2026,連續三次,10,9,-0.11433447098976113,-0.11875947098976113,-0.3225255972696246,-0.9701567456085487,True,True,True,True,5451372.0,False,False
2493,2025-08-14,2025-08-26,2025,連續三次,10,9,0.17358490566037732,0.1691599056603773,-0.03396226415094339,75.80446841263601,True,True,True,True,1233269.0,False,False
2493,2026-06-23,2026-07-03,2026,連續三次,10,9,0.20537428023032622,0.2009492802303262,-0.03646833013435702,160.81489867982185,True,True,True,True,1821264.0,False,False
2495,2021-05-06,2021-05-18,2021,連續三次,10,9,-0.13569937369519836,-0.14012437369519837,-0.18162839248434226,-0.984907272045513,True,True,True,True,5191350.0,False,False
2497,2020-11-19,2020-12-01,2020,連續三次,10,9,0.15671641791044766,0.15229141791044765,-0.07835820895522394,50.2937733284877,True,True,True,True,1973769.0,False,False
2497,2021-12-03,2021-12-17,2021,連續三次及當日沖銷標準,12,11,0.1799410029498525,0.17551600294985248,-0.01179941002949847,38.45511499106391,True,True,True,True,4378716.0,False,False
2497,2022-02-16,2022-03-03,2022,連續五次及當日沖銷標準,12,11,0.10082304526748964,0.09639804526748964,0.0,7.097843453495276,True,True,True,True,8023944.0,False,False
2497,2022-03-07,2022-03-17,2022,最近十個營業日已有六次,10,9,0.0,-0.004425,-0.10471698113207539,-0.11590382297714663,True,True,True,True,2209479.0,False,False
2498,2021-10-28,2021-11-11,2021,連續三次及當日沖銷標準,12,11,0.38525963149078724,0.3808346314907872,-0.028475711892797406,1530.2213278639401,True,True,True,True,29428409.0,False,False
2498,2021-11-02,2021-11-12,2021,連續三次,10,9,0.21524064171123003,0.21081564171123002,-0.14572192513368987,202.1060462968715,True,True,True,True,30441253.0,False,False
2504,2019-10-23,2019-11-04,2019,連續三次,10,9,0.15037593984962405,0.14595093984962404,-0.022556390977443663,43.004865508833554,True,True,True,True,16302597.0,False,False
2515,2025-11-07,2025-11-19,2025,連續五次,10,9,-0.10818713450292405,-0.11261213450292405,-0.11111111111111127,-0.9638000528776175,True,True,True,True,22642052.0,False,False
2524,2024-08-07,2024-08-21,2024,連續三次及當日沖銷標準,12,11,0.2611607142857144,0.2567357142857144,-0.0022321428571426827,179.11275988751174,True,True,True,True,3036262.0,False,False
2540,2022-10-14,2022-10-26,2022,連續三次,10,9,-0.013071895424836666,-0.017496895424836664,-0.07407407407407407,-0.3875739592393296,True,True,True,True,89425.0,False,False
2543,2021-04-29,2021-05-12,2021,連續三次,10,9,-0.1283482142857144,-0.13277321428571442,-0.1283482142857144,-0.9808810769669687,True,False,True,False,362700.0,False,True
2543,2023-11-23,2023-12-05,2023,連續三次,10,9,-0.1242690058479533,-0.12869400584795332,-0.1242690058479533,-0.9782191387081317,True,False,True,False,2612641.0,False,True
2597,2021-04-09,2021-04-21,2021,連續三次,10,9,-0.0298013245033113,-0.0342263245033113,-0.13245033112582782,-0.6199233341344549,True,True,True,True,738438.0,False,False
2601,2021-04-29,2021-05-12,2021,連續五次,10,9,-0.14603174603174607,-0.15045674603174608,-0.14603174603174607,-0.9892122609287093,True,False,True,False,18883732.0,False,True
2601,2021-07-01,2021-07-13,2021,連續三次,10,9,-0.23699421965317913,-0.24141921965317914,-0.23699421965317913,-0.9995357866337897,True,False,True,False,53057481.0,False,True
2603,2021-06-22,2021-07-02,2021,最近十個營業日已有六次,10,9,0.3028391167192428,0.2984141167192428,-0.14195583596214512,1412.7332144833722,True,True,True,True,146871605.0,False,False
2603,2021-07-09,2021-07-21,2021,最近十個營業日已有六次,10,9,-0.17112299465240643,-0.17554799465240645,-0.20588235294117652,-0.9953090530738443,True,True,True,True,106867151.0,False,False
2605,2021-04-28,2021-05-11,2021,連續三次,10,9,-0.05908419497784345,-0.06350919497784345,-0.14475627769571642,-0.8384038371076111,True,True,True,True,17500034.0,False,False
2605,2021-06-30,2021-07-12,2021,連續五次,10,9,-0.07200000000000006,-0.07642500000000006,-0.09200000000000008,-0.8901263448488895,True,True,True,True,40482400.0,False,False
2607,2021-07-05,2021-07-15,2021,連續三次,10,9,-0.12977099236641232,-0.13419599236641233,-0.27917121046892046,-0.9817335006301078,True,True,True,True,24958405.0,False,False
2609,2021-01-04,2021-01-14,2020,連續三次,10,9,-0.1563517915309447,-0.1607767915309447,-0.21824104234527686,-0.9923177981843769,True,True,True,True,102044301.0,False,False
2609,2021-01-07,2021-01-19,2021,連續三次,10,9,-0.23601398601398604,-0.24043898601398606,-0.2552447552447552,-0.9995188325213606,True,True,True,True,49450852.0,False,False
2609,2021-03-25,2021-04-08,2021,最近十個營業日已有六次,10,9,0.370919881305638,0.366494881305638,-0.0370919881305638,5845.408339802762,True,True,True,True,46345731.0,False,False
2609,2021-04-13,2021-04-23,2021,連續五次,10,9,0.3101952277657265,0.3057702277657265,-0.11388286334056397,1652.945418617897,True,True,True,True,49368382.0,False,False
2609,2021-06-24,2021-07-06,2021,連續五次,10,9,0.6278195488721805,0.6233945488721805,0.0,700023.7996503502,True,True,True,True,81397824.0,False,False
2609,2021-08-02,2021-08-12,2021,連續三次,10,9,0.1659388646288209,0.1615138646288209,-0.0393013100436681,63.00785645871771,True,True,True,True,38357210.0,False,False
2609,2024-05-21,2024-05-31,2024,連續三次,10,9,-0.00832177531206646,-0.01274677531206646,-0.023578363384188505,-0.2997746902380187,True,True,True,True,24383393.0,False,False
2611,2021-01-11,2021-01-21,2021,連續三次,10,9,-0.2578125,-0.2622375,-0.2828125,-0.9997857030376581,True,True,True,True,5296042.0,False,False
2611,2021-07-05,2021-07-15,2021,連續三次,10,9,-0.16455696202531644,-0.16898196202531646,-0.2569620253164556,-0.9941526786501984,True,True,True,True,8798884.0,False,False
2612,2021-07-02,2021-07-14,2021,連續三次,10,9,-0.2146067415730336,-0.21903174157303362,-0.31797752808988766,-0.9989586566033792,True,True,True,True,3838503.0,False,False
2613,2021-07-01,2021-07-13,2021,連續三次,10,9,-0.20741482965931868,-0.2118398296593187,-0.20741482965931868,-0.9986566780485546,True,False,True,False,4505320.0,False,True
2614,2021-06-21,2021-07-01,2021,連續五次,10,9,0.3996937212863707,0.3952687212863707,-0.01071975497702915,10428.748738794366,True,True,True,True,28010670.0,False,False
2614,2021-06-24,2021-07-06,2021,連續三次,10,9,0.5139318885448918,0.5095068885448918,0.0,92819.01741679115,True,True,True,True,18438775.0,False,False
2614,2021-07-16,2021-07-28,2021,最近十個營業日已有六次,10,9,-0.07608695652173914,-0.08051195652173913,-0.0879446640316206,-0.9028615239912409,True,False,True,False,6079663.0,False,True
2615,2021-06-02,2021-06-15,2021,連續三次,10,9,0.20062695924764884,0.19620195924764883,-0.12225705329153602,143.95605874179856,True,True,True,True,26213451.0,False,False
2615,2024-05-20,2024-06-03,2024,連續三次及當日沖銷標準,12,11,0.15655853314527501,0.152133533145275,-0.035260930888575404,23.991440926043452,True,True,True,True,9528805.0,False,False
2616,2026-03-12,2026-03-24,2026,連續三次,10,9,0.017142857142857126,0.012717857142857126,-0.11428571428571432,0.42055300136706597,True,True,True,True,3495932.0,False,False
2617,2021-05-21,2021-06-02,2021,連續三次,10,9,0.39156626506024095,0.38714126506024094,-0.010542168674698815,8866.413982115751,True,True,True,True,9521458.0,False,False
2630,2020-03-26,2020-04-09,2020,連續三次,10,9,0.16086956521739126,0.15644456521739125,-0.060869565217391286,55.68487685479089,True,True,True,True,36000.0,False,False
2630,2023-04-24,2023-05-05,2023,連續三次,10,9,0.37860082304526754,0.37417582304526753,-0.008230452674897082,6830.3797408571545,True,True,True,True,1128092.0,False,False
2630,2025-08-21,2025-09-04,2025,連續五次及當日沖銷標準,12,11,0.20277296360485275,0.19834796360485274,-0.04679376083188913,60.09082064820787,True,True,True,True,2908827.0,False,False
2636,2021-06-07,2021-06-18,2021,連續三次,10,9,0.4576923076923076,0.4532673076923076,-0.11153846153846159,32328.37660098193,True,True,True,True,10644746.0,False,False
2637,2021-04-28,2021-05-11,2021,連續三次,10,9,0.05988023952095811,0.05545523952095811,-0.10179640718562866,3.4782271220067944,True,True,True,True,18427264.0,False,False
2641,2021-04-27,2021-05-10,2021,因連續3個營業日達本中心作業要點第四條第一項第一款,10,9,0.05681818181818188,0.05239318181818188,-0.19772727272727275,3.1310102313575037,True,True,True,True,9342203.0,False,False
2641,2021-06-22,2021-07-02,2021,因連續3個營業日達本中心作業要點第四條第一項第一款,10,9,-0.14181818181818184,-0.14624318181818186,-0.2218181818181818,-0.9876229755019136,False,True,True,False,14390859.0,True,False
2641,2021-06-28,2021-07-08,2021,因連續3個營業日達本中心作業要點第四條第一項第一款,10,9,0.2380239520958085,0.2335989520958085,-0.04491017964071853,339.8873481953771,True,True,True,True,7292941.0,False,False
2642,2021-06-02,2021-06-15,2021,連續三次,10,9,0.030637254901960675,0.026212254901960677,-0.0808823529411764,1.0518440591881784,True,True,True,True,10173868.0,False,False
2642,2021-06-07,2021-06-18,2021,連續三次,10,9,0.2068965517241379,0.2024715517241379,-0.07635467980295574,166.61014168199907,True,True,True,True,2156178.0,False,False
2702,2018-07-19,2018-07-31,2018,連續三次,10,9,0.23151750972762652,0.2270925097276265,0.0,293.3161080449577,True,False,True,False,1078032.0,False,True
2702,2018-08-22,2018-09-03,2018,連續三次,10,9,0.12218649517684876,0.11776149517684877,-0.01607717041800638,21.030877852261124,True,True,True,True,692715.0,False,False
2702,2018-08-27,2018-09-06,2018,連續三次,10,9,0.008982035928143839,0.004557035928143839,-0.03293413173652704,0.13461885041372534,True,True,True,True,142683.0,False,False
2702,2018-12-05,2018-12-17,2018,連續三次,10,9,-0.08064516129032262,-0.08507016129032262,-0.08960573476702505,-0.9153866960907298,True,True,True,True,3018012.0,False,False
2702,2018-12-10,2018-12-20,2018,連續三次,10,9,0.03288201160541582,0.02845701160541582,-0.07543520309477769,1.18023838982152,True,True,True,True,352250.0,False,False
2712,2020-06-03,2020-06-15,2020,連續三次,10,9,-0.01342975206611563,-0.01785475206611563,-0.04958677685950408,-0.39374004939209717,True,True,True,True,51000.0,False,False
2718,2020-04-08,2020-04-20,2020,因連續3個營業日達本中心作業要點第四條第一項第一款,10,9,0.0030120481927708997,-0.0014129518072291004,-0.009036144578313365,-0.038515097103425044,True,True,True,True,9000.0,False,False
2718,2021-03-24,2021-04-07,2021,因連續3個營業日達本中心作業要點第四條第一項第一款,10,9,-0.2465753424657534,-0.2510003424657534,-0.2625570776255708,-0.9996738793426281,False,True,True,False,378859.0,True,False
2718,2021-03-29,2021-04-12,2021,因連續3個營業日達本中心作業要點第四條第一項第一款,10,9,-0.06231454005934722,-0.06673954005934722,-0.13056379821958464,-0.8531931626691075,True,True,True,True,75101.0,False,False
2719,2020-06-04,2020-06-16,2020,因連續3個營業日達本中心作業要點第四條第一項第一款,10,9,0.07859078590785895,0.07416578590785895,-0.035230352303523005,6.296122030031502,False,True,True,False,45196.0,True,False
2719,2020-06-09,2020-06-19,2020,因連續3個營業日達本中心作業要點第四條第一項第一款,10,9,-0.21064814814814814,-0.21507314814814815,-0.21296296296296302,-0.9988016366794186,True,True,True,True,176095.0,False,False
2719,2020-06-12,2020-06-24,2020,因連續3個營業日達本中心作業要點第四條第一項第一款,10,9,-0.15816326530612246,-0.16258826530612247,-0.29336734693877553,-0.9927653446926967,True,True,True,True,94071.0,False,False
2719,2022-12-07,2022-12-19,2022,因連續3個營業日達本中心作業要點第四條第一項第一款,10,9,-0.022535211267605604,-0.026960211267605602,-0.13521126760563384,-0.5319476513095189,True,True,True,True,38837.0,False,False
2719,2023-03-01,2023-03-13,2023,因連續3個營業日達本中心作業要點第四條第一項第一款,10,9,-0.16576576576576585,-0.17019076576576586,-0.23783783783783785,-0.9943843994766839,True,True,True,True,136389.0,False,False
2719,2023-05-29,2023-06-08,2023,因連續3個營業日達本中心作業要點第四條第一項第一款,10,9,0.3810930576070901,0.3766680576070901,-0.05465288035450522,7183.022093490937,True,True,True,True,281570.0,False,False
2722,2020-06-04,2020-06-16,2020,連續三次,10,9,-0.11253196930946285,-0.11695696930946285,-0.18158567774936063,-0.9684138776772424,True,True,True,True,630543.0,False,False
2722,2023-06-29,2023-07-13,2023,連續三次及當日沖銷標準,12,11,-0.1947368421052632,-0.19916184210526322,-0.19894736842105265,-0.9935755580566363,True,True,True,True,368103.0,False,False
2724,2018-01-22,2018-02-01,2018,因連續3個營業日達本中心作業要點第四條第一項第一款,10,9,-0.04552129221732737,-0.04994629221732737,-0.14537444933920696,-0.7590686821721889,True,True,True,True,23626.0,False,False
2724,2024-04-19,2024-05-02,2024,因連續3個營業日達本中心作業要點第四條第一項第一款,10,9,0.35964912280701755,0.35522412280701754,-0.014035087719298178,4643.892326868047,True,True,True,True,58338.0,False,False
2734,2019-07-30,2019-08-12,2019,因連續3個營業日達本中心作業要點第四條第一項第一款,10,9,-0.245398773006135,-0.249823773006135,-0.2638036809815951,-0.9996593457484797,True,True,True,True,73438.0,False,False
2734,2020-06-03,2020-06-15,2020,因連續3個營業日達本中心作業要點第四條第一項第一款,10,9,-0.11960132890365449,-0.12402632890365449,-0.1495016611295681,-0.974734421477472,True,True,True,True,258920.0,False,False
2734,2021-03-04,2021-03-16,2021,因連續3個營業日達本中心作業要點第四條第一項第一款,10,9,0.27567567567567575,0.27125067567567573,-0.05945945945945952,784.7981845633524,True,True,True,True,161735.0,False,False
2734,2023-06-13,2023-06-27,2023,因連續3個營業日達本中心作業要點第四條第一項第一款,10,9,0.26,0.255575,0.0,555.7105334976782,True,True,True,True,2049501.0,False,False
2736,2018-12-05,2018-12-17,2018,因連續3個營業日達本中心作業要點第四條第一項第一款,10,9,-0.03579952267303099,-0.04022452267303099,-0.07637231503579944,-0.6803221973621795,True,True,True,True,951487.0,False,False
2736,2018-12-10,2018-12-20,2018,因連續3個營業日達本中心作業要點第四條第一項第一款,10,9,-0.04166666666666652,-0.04609166666666652,-0.051470588235293935,-0.7303874663429795,True,True,True,True,120000.0,False,False
2736,2023-06-01,2023-06-15,2023,連續3個營業日及沖銷標準,12,11,0.042183622828784184,0.037758622828784186,-0.032258064516129004,1.3218071875650832,True,True,True,True,2743822.0,False,False
2739,2023-03-03,2023-03-15,2023,連續三次,10,9,-0.12153846153846148,-0.1259634615384615,-0.18307692307692303,-0.9762413423617036,True,True,True,True,1430578.0,False,False
2739,2023-03-08,2023-03-20,2023,連續三次,10,9,-0.06771653543307077,-0.07214153543307077,-0.21102362204724412,-0.8750561643152014,True,True,True,True,379735.0,False,False
2740,2020-06-05,2020-06-17,2020,因連續3個營業日達本中心作業要點第四條第一項第一款,10,9,-0.2209302325581396,-0.2253552325581396,-0.3571428571428571,-0.9991691618406287,False,True,True,False,321179.0,True,False
2740,2020-06-10,2020-06-22,2020,因連續3個營業日達本中心作業要點第四條第一項第一款,10,9,-0.07264957264957261,-0.07707457264957261,-0.17307692307692302,-0.8922528305349395,True,True,True,True,60001.0,False,False
2743,2021-03-04,2021-03-16,2021,因連續3個營業日達本中心作業要點第四條第一項第一款,10,9,0.12612612612612617,0.12170112612612617,-0.072072072072072,23.292742810225825,True,True,True,True,101301.0,False,False
2743,2022-03-01,2022-03-15,2022,連續3個營業日及沖銷標準,12,11,-0.13696808510638292,-0.14139308510638293,-0.14494680851063835,-0.9687156699469418,True,True,True,True,1155581.0,False,False
2743,2022-05-23,2022-06-02,2022,最近30個營業日內有12個營業日,10,9,0.3622920517560073,0.3578670517560073,0.0,4902.195144937301,True,True,True,True,1196726.0,False,False
2743,2023-05-22,2023-06-01,2023,因連續3個營業日達本中心作業要點第四條第一項第一款,10,9,0.19396551724137923,0.1895405172413792,-0.008620689655172376,123.12742801063358,True,True,True,True,1826271.0,False,False
2743,2023-05-25,2023-06-08,2023,連續3個營業日及沖銷標準,12,11,0.4769874476987448,0.4725624476987448,-0.03765690376569042,6603.763935713,True,True,True,True,806825.0,False,False
2743,2023-06-19,2023-07-05,2023,連續5個營業日及沖銷標準,12,11,0.06153846153846154,0.057113461538461543,-0.01538461538461533,2.533607078304534,True,True,True,True,337454.0,False,False
2743,2023-07-14,2023-07-28,2023,連續5個營業日及沖銷標準,12,11,0.248,0.24357499999999999,-0.040000000000000036,140.78685527585677,True,True,True,True,981523.0,False,False
2743,2023-08-15,2023-08-25,2023,最近10個營業日內有6個營業日,10,9,0.12612612612612617,0.12170112612612617,-0.05405405405405406,23.292742810225825,True,True,True,True,972839.0,False,False
2745,2022-02-25,2022-03-10,2022,因連續3個營業日達本中心作業要點第四條第一項第一款,10,9,-0.11989795918367352,-0.12432295918367352,-0.201530612244898,-0.9749710044079212,True,True,True,True,877621.0,False,False
2745,2022-06-10,2022-06-22,2022,因連續3個營業日達本中心作業要點第四條第一項第一款,10,9,-0.09124767225325892,-0.09567267225325891,-0.1061452513966481,-0.9387898071276106,True,True,True,True,318997.0,False,False
2745,2023-05-23,2023-06-02,2023,因連續3個營業日達本中心作業要點第四條第一項第一款,10,9,0.11971830985915499,0.115293309859155,-0.04507042253521132,19.71876228282299,True,True,True,True,1973762.0,False,False
2745,2023-05-26,2023-06-07,2023,因連續3個營業日達本中心作業要點第四條第一項第一款,10,9,0.3699582753824755,0.3655332753824755,-0.05424200278164126,5732.197137904799,True,True,True,True,521517.0,False,False
2745,2023-06-14,2023-06-28,2023,因連續3個營業日達本中心作業要點第四條第一項第一款,10,9,0.10526315789473695,0.10083815789473695,-0.0430622009569378,13.420669197462542,True,True,True,True,903751.0,False,False
2745,2023-07-19,2023-07-31,2023,最近10個營業日內有6個營業日,10,9,0.13503184713375793,0.13060684713375792,-0.019108280254777066,29.26063877388588,True,False,True,False,218940.0,False,True
2745,2024-05-03,2024-05-15,2024,因連續3個營業日達本中心作業要點第四條第一項第一款,10,9,-0.0674157303370787,-0.0718407303370787,-0.10861423220973787,-0.8739261029185087,True,True,True,True,1043003.0,False,False
2754,2023-02-22,2023-03-10,2023,連續3個營業日及沖銷標準,12,11,-0.10922330097087374,-0.11364830097087374,-0.10922330097087374,-0.9355490793237853,True,False,True,False,573013.0,False,True
2754,2023-03-21,2023-03-31,2023,因連續3個營業日達本中心作業要點第四條第一項第一款,10,9,0.016181229773462702,0.011756229773462702,-0.04530744336569581,0.3835563960605015,True,True,True,True,174121.0,False,False
2816,2023-09-12,2023-09-22,2023,連續五次,10,9,-0.08181818181818179,-0.08624318181818179,-0.11363636363636365,-0.9183489150528488,True,True,True,True,1581850.0,False,False
2911,2026-05-27,2026-06-08,2026,連續三次,10,9,-0.08198489751887805,-0.08640989751887805,-0.17259978425026967,-0.9187617199088272,True,True,True,True,1944140.0,False,False
2911,2026-06-01,2026-06-11,2026,連續三次,10,9,0.0024390243902441266,-0.0019859756097558735,-0.06463414634146336,-0.05372385164637994,True,True,True,True,673420.0,False,False
2923,2026-04-22,2026-05-05,2026,連續三次,10,9,-0.17222222222222217,-0.17664722222222218,-0.21111111111111114,-0.995479719162167,True,True,True,True,112508.0,False,False
2924,2022-03-03,2022-03-15,2022,因連續3個營業日達本中心作業要點第四條第一項第一款,10,9,-0.19239904988123513,-0.19682404988123514,-0.30760095011876487,-0.9977309051058856,False,True,True,False,46155.0,True,False
2928,2020-02-20,2020-03-04,2020,因連續3個營業日達本中心作業要點第四條第一項第一款,10,9,-0.04440154440154431,-0.04882654440154431,-0.11003861003860993,-0.7510550121989584,True,True,True,True,293037.0,False,False
2928,2020-04-06,2020-04-16,2020,因連續3個營業日達本中心作業要點第四條第一項第一款,10,9,0.07116104868913853,0.06673604868913853,-0.01622971285892627,5.016727236132188,True,True,True,True,82000.0,False,False
2929,2020-12-14,2020-12-24,2020,連續三次,10,9,0.2112068965517242,0.2067818965517242,0.0,184.12552028933604,True,True,True,True,7528625.0,False,False
2929,2020-12-17,2020-12-29,2020,連續三次,10,9,0.23577235772357708,0.23134735772357706,0.0,323.01994526543757,True,True,True,True,790957.0,False,False
2929,2021-05-17,2021-05-27,2021,連續三次,10,9,0.29223744292237464,0.2878124429223746,0.0,1124.8008756395259,True,True,True,True,690296.0,False,False
2929,2022-05-26,2022-06-08,2022,連續三次,10,9,-0.020689655172413834,-0.025114655172413833,-0.06896551724137934,-0.5066513554953069,True,True,True,True,2226024.0,False,False
2929,2024-10-14,2024-10-24,2024,連續三次,10,9,-0.03717472118959109,-0.041599721189591085,-0.07063197026022305,-0.6928045628343458,True,True,True,True,1710558.0,False,False
2936,2022-03-10,2022-03-22,2022,連續三次,10,9,-0.017721518987341867,-0.022146518987341865,-0.021518987341772156,-0.4631816012596909,True,True,True,True,87020.0,False,False
2939,2020-12-10,2020-12-22,2020,連續三次,10,9,-0.00877192982456143,-0.013196929824561431,-0.1979949874686716,-0.3085896295773628,True,True,True,True,330181.0,False,False
2939,2021-03-05,2021-03-17,2021,連續三次,10,9,-0.040983606557377095,-0.04540860655737709,-0.0710382513661203,-0.7249729554901254,True,True,True,True,136000.0,False,False
2939,2021-12-29,2022-01-11,2021,連續三次,10,9,-0.07133243606998652,-0.07575743606998651,-0.12920592193808877,-0.8878988309004792,True,True,True,True,84000.0,False,False
3006,2021-04-16,2021-04-28,2021,連續五次,10,9,0.19565217391304346,0.19122717391304345,-0.010869565217391353,128.11029836594267,True,True,True,True,8021701.0,False,False
3006,2026-01-08,2026-01-20,2026,連續三次,10,9,0.059233449477351874,0.054808449477351875,-0.0766550522648084,3.402619083950718,True,True,True,True,7536311.0,False,False
3006,2026-01-13,2026-01-23,2026,連續三次,10,9,-0.05960264900662249,-0.06402764900662249,-0.0927152317880795,-0.8408705554090286,True,True,True,True,2713173.0,False,False
3006,2026-03-24,2026-04-07,2026,連續三次,10,9,-0.13498622589531684,-0.13941122589531685,-0.17355371900826444,-0.984555679837339,True,True,True,True,11730903.0,False,False
3008,2026-05-22,2026-06-03,2026,連續三次,10,9,0.155072463768116,0.150647463768116,-0.008695652173912993,48.29935499301729,True,True,True,True,1289200.0,False,False
3011,2022-03-31,2022-04-14,2022,連續三次,10,9,0.13812154696132595,0.13369654696132593,-0.0303867403314918,31.643796560964255,True,True,True,True,1934460.0,False,False
3013,2023-07-11,2023-07-21,2023,連續三次,10,9,0.4094292803970223,0.4050042803970223,-0.04466501240694787,12650.93262394693,True,True,True,True,6199242.0,False,False
3013,2024-03-13,2024-03-27,2024,連續三次及當日沖銷標準,12,11,-0.07785467128027679,-0.08227967128027679,-0.16955017301038056,-0.8579281616158088,True,True,True,True,15784953.0,False,False
3016,2021-11-26,2021-12-10,2021,連續五次及當日沖銷標準,12,11,-0.03180212014134276,-0.03622712014134276,-0.06360424028268552,-0.5676965857484482,True,True,True,True,5553321.0,False,False
3016,2026-05-11,2026-05-21,2026,連續三次,10,9,-0.045454545454545414,-0.04987954545454541,-0.15289256198347112,-0.7585980502540576,True,True,True,True,5497642.0,False,False
3016,2026-05-14,2026-05-26,2026,連續三次,10,9,0.012048192771084265,0.007623192771084265,-0.17670682730923692,0.2348534603035739,True,True,True,True,1173736.0,False,False
3018,2018-08-24,2018-09-05,2018,連續三次,10,9,0.1521739130434785,0.14774891304347848,-0.18729096989966554,44.96355540774875,True,True,True,True,92200.0,False,False
3018,2018-08-29,2018-09-10,2018,連續三次,10,9,0.41683778234086244,0.4124127823408624,0.0,14641.023211361891,True,True,True,True,2599731.0,False,False
3018,2018-09-03,2018-09-13,2018,連續三次,10,9,0.025875190258751957,0.02145019025875196,-0.010654490106544956,0.8031554014043036,False,False,True,False,298222.0,True,True
3018,2023-07-13,2023-07-25,2023,連續三次,10,9,0.0755555555555556,0.0711305555555556,-0.03555555555555556,5.7445936298670555,True,True,True,True,456294.0,False,False
3018,2024-07-10,2024-07-22,2024,連續三次,10,9,0.14398422090729768,0.13955922090729767,-0.025641025641025772,36.67254755169147,True,True,True,True,172692.0,False,False
3019,2024-12-25,2025-01-09,2024,連續三次及當日沖銷標準,12,11,-0.09064327485380119,-0.09506827485380119,-0.09064327485380119,-0.8967248646738056,True,False,True,False,9187682.0,False,True
3021,2021-03-31,2021-04-14,2021,連續三次,10,9,0.1875,0.183075,0.0,105.68879539274896,True,True,True,True,1836590.0,False,False
3021,2026-06-03,2026-06-15,2026,連續三次,10,9,-0.21875,-0.223175,-0.3375,-0.9991016986599469,False,True,True,False,2125992.0,True,False
3021,2026-06-08,2026-06-18,2026,連續三次,10,9,0.06164383561643838,0.05721883561643838,-0.09246575342465746,3.6908009031703397,True,True,True,True,156890.0,False,False
3025,2018-06-20,2018-07-02,2018,最近十個營業日已有六次,10,9,0.004379562043795637,-4.543795620436282e-05,-0.0817518248175183,-0.0012613978941283799,True,True,True,True,1830464.0,False,False
3025,2020-12-07,2020-12-17,2020,最近十個營業日已有六次,10,9,0.2613981762917934,0.2569731762917934,0.0,573.19027501856,True,True,True,True,2958566.0,False,False
3026,2018-05-17,2018-05-29,2018,連續三次,10,9,0.03982300884955747,0.035398008849557475,-0.09292035398230092,1.6281365710560185,True,True,True,True,4169253.0,False,False
3026,2026-04-17,2026-04-29,2026,連續三次,10,9,0.004255319148936065,-0.00016968085106393478,-0.14255319148936174,-0.004702664586054728,True,True,True,True,3079140.0,False,False
3026,2026-05-14,2026-05-26,2026,連續三次,10,9,0.596638655462185,0.592213655462185,-0.09523809523809523,408457.98357100814,True,True,True,True,4517030.0,True,False
3026,2026-05-19,2026-05-29,2026,連續三次,10,9,0.660621761658031,0.656196761658031,-0.06735751295336789,1220231.3416258222,True,True,True,True,1514422.0,False,False
3026,2026-05-28,2026-06-09,2026,連續三次,10,9,0.08717105263157898,0.08274605263157898,-0.07565789473684215,8.10065131318207,True,True,True,True,2506943.0,False,False
3026,2026-06-02,2026-06-12,2026,連續三次,10,9,0.1937500000000001,0.18932500000000008,-0.12187499999999996,122.50424600367329,True,True,True,True,3276908.0,False,False
3026,2026-06-23,2026-07-03,2026,連續三次,10,9,0.10144927536231885,0.09702427536231885,-0.18952062430323302,12.095368376387839,True,True,True,True,2754276.0,False,False
3026,2026-07-24,2026-08-05,2026,連續三次,10,9,-0.19794721407624638,-0.2023722140762464,-0.38929618768328444,-0.9981283275501504,True,True,True,True,1418350.0,False,False
3026,2026-08-05,2026-08-10,2026,連續三次,5,4,0.1200000000000001,0.11557500000000011,-0.00952380952380949,929.4077592817673,True,True,True,True,1209964.0,False,False
3030,2026-05-12,2026-05-22,2026,連續三次,10,9,0.050062578222778376,0.04563757822277838,-0.15394242803504377,2.454348756351121,True,True,True,True,1406295.0,False,False
3035,2021-07-19,2021-07-29,2021,連續五次,10,9,-0.00917431192660545,-0.01359931192660545,-0.06880733944954132,-0.3163784619572032,True,True,True,True,6739945.0,False,False
3035,2023-07-27,2023-08-10,2023,連續三次及當日沖銷標準,11,10,-0.13043478260869568,-0.1348597826086957,-0.1708074534161491,-0.9732599303853056,True,True,True,True,13865591.0,False,False
3037,2026-03-05,2026-03-17,2026,連續三次,10,9,0.20532741398446164,0.20090241398446163,-0.13651498335183132,160.63958144731612,True,True,True,True,18583555.0,False,False
3037,2026-03-23,2026-04-02,2026,連續三次,10,9,0.03592814371257491,0.03150314371257491,-0.11277445109780437,1.366911984419112,True,True,True,True,8936699.0,False,False
3037,2026-04-16,2026-04-28,2026,連續三次,10,9,0.3306451612903225,0.3262201612903225,-0.022580645161290325,2545.7692973777616,True,True,True,True,7013959.0,False,False
3037,2026-08-12,2026-08-17,2026,連續三次,5,4,0.12112112112112117,0.11669612112112117,-0.02302302302302306,989.6904472661103,True,True,True,True,8196771.0,False,False
3040,2020-05-11,2020-05-21,2020,連續三次,10,9,0.19821162444113272,0.1937866244411327,-0.06110283159463481,136.0417882227083,True,True,True,True,1439797.0,False,False
3040,2025-06-30,2025-07-10,2025,連續三次,10,9,-0.057437407952872,-0.061862407952872,-0.11045655375552288,-0.8303217874836468,True,True,True,True,2033910.0,False,False
3041,2020-07-13,2020-07-23,2020,連續三次,10,9,0.01038062283737018,0.005955622837370179,-0.10726643598615915,0.17932622991419955,True,True,True,True,9745090.0,False,False
3041,2023-10-30,2023-11-09,2023,連續三次,10,9,-0.08333333333333337,-0.08775833333333337,-0.11851851851851847,-0.9220274389257145,True,True,True,True,4210331.0,False,False
3042,2026-04-20,2026-04-30,2026,連續三次,10,9,-0.08108108108108103,-0.08550608108108103,-0.20120120120120122,-0.9164994189788628,False,True,True,False,7445993.0,True,False
3042,2026-04-23,2026-05-06,2026,連續三次,10,9,-0.11470588235294121,-0.11913088235294121,-0.21764705882352942,-0.9705041662910197,True,True,True,True,4125502.0,False,False
3043,2020-07-27,2020-08-06,2020,連續五次,10,9,-0.04534606205250602,-0.04977106205250602,-0.26730310262529844,-0.7578312416779309,True,True,True,True,1574187.0,False,False
3043,2020-08-10,2020-08-20,2020,最近十個營業日已有六次,10,9,0.0,-0.004425,-0.09736842105263155,-0.11590382297714663,True,True,True,True,907780.0,False,False
3043,2020-08-28,2020-09-09,2020,最近十個營業日已有六次,10,9,0.8284789644012946,0.8240539644012946,-0.14239482200647247,17825705.12526073,False,True,True,False,3338176.0,True,False
3043,2020-09-03,2020-09-15,2020,連續三次,10,9,0.4258064516129034,0.4213814516129034,0.0,17455.70720345479,False,False,True,False,1411481.0,True,True
3043,2020-09-08,2020-09-18,2020,連續三次,10,9,0.21359223300970864,0.20916723300970863,-0.03398058252427194,194.5636120541719,False,True,True,False,2792654.0,True,False
3043,2020-09-11,2020-09-23,2020,連續三次,10,9,-0.10661764705882348,-0.11104264705882348,-0.2683823529411765,-0.9619788072668759,False,True,True,False,2016189.0,True,False
3043,2020-09-16,2020-09-28,2020,連續三次,10,9,0.025125628140703515,0.020700628140703517,0.0,0.7667588636015081,True,False,True,False,10913072.0,False,True
3043,2020-10-13,2020-10-23,2020,連續三次,10,9,-0.20169082125603854,-0.20611582125603856,-0.2753623188405796,-0.9983576099480485,False,True,True,False,2539166.0,True,False
3043,2022-08-30,2022-09-12,2022,連續三次,10,9,-0.08720930232558144,-0.09163430232558144,-0.19418604651162785,-0.9307251307449147,True,True,True,True,3778603.0,False,False
3043,2022-09-02,2022-09-15,2022,連續三次,10,9,0.02432778489116516,0.019902784891165162,-0.11267605633802813,0.7287962965390955,True,True,True,True,3762971.0,False,False
3043,2023-08-23,2023-09-04,2023,連續三次,10,9,0.029824561403508865,0.025399561403508866,-0.015789473684210464,1.0071825406002386,True,True,True,True,1958178.0,False,False
3046,2020-03-20,2020-04-01,2020,連續三次,10,9,0.0953846153846154,0.0909596153846154,-0.08307692307692305,10.226411448238453,True,True,True,True,53216.0,False,False
3046,2020-03-25,2020-04-08,2020,連續三次,10,9,0.07359307359307365,0.06916807359307366,-0.0331890331890331,5.409628051748076,True,True,True,True,4001.0,False,False
3046,2020-04-22,2020-05-05,2020,連續三次,10,9,0.2558411214953271,0.2514161214953271,0.0,506.6963512914673,True,True,True,True,17307.0,False,False
3046,2021-04-15,2021-04-27,2021,連續三次,10,9,0.12291666666666656,0.11849166666666656,-0.08333333333333337,21.43415923073182,True,True,True,True,289721.0,False,False
3046,2021-11-29,2021-12-09,2021,連續三次,10,9,0.019230769230769162,0.014805769230769162,-0.038461538461538436,0.5041929295863574,True,True,True,True,1543796.0,False,False
3047,2024-07-16,2024-07-26,2024,最近十個營業日已有六次,8,7,-0.0693970420932879,-0.0738220420932879,-0.16951080773606375,-0.9353578562747784,True,True,True,True,7192893.0,False,False
3048,2025-09-04,2025-09-16,2025,連續三次,10,9,-0.04513888888888895,-0.04956388888888895,-0.04629629629629628,-0.7563603213972114,True,True,True,True,6451152.0,False,True
3054,2026-03-17,2026-03-27,2026,最近十個營業日已有六次,10,9,-0.2878440366972477,-0.2922690366972477,-0.32912844036697253,-0.9999324427249835,True,True,True,True,321642.0,True,False
3054,2026-03-20,2026-04-01,2026,連續三次,10,9,-0.1744444444444445,-0.17886944444444453,-0.35,-0.9958066464707511,True,True,True,True,246238.0,False,False
3055,2025-04-17,2025-04-29,2025,連續三次,10,9,0.10532030401737247,0.10089530401737247,-0.004343105320303908,13.441478047866704,True,True,True,True,338291.0,False,False
3055,2026-07-08,2026-07-21,2026,連續三次,10,9,0.005952380952380931,0.0015273809523809311,-0.1071428571428571,0.04330637860411568,True,True,True,True,2442168.0,False,False
3055,2026-07-14,2026-07-24,2026,連續三次,10,9,-0.1837349397590361,-0.1881599397590361,-0.1837349397590361,-0.9969430308984355,True,False,True,False,1033361.0,False,True
3055,2026-08-04,2026-08-10,2026,連續三次,6,5,0.15580448065173114,0.15137948065173112,-0.025458248472505107,1149.5997351344456,True,True,True,True,572061.0,False,False
3057,2021-05-04,2021-05-14,2021,連續三次,10,9,-0.1657142857142857,-0.17013928571428572,-0.21999999999999997,-0.9943747141295103,True,True,True,True,2639151.0,False,False
3058,2021-04-15,2021-04-27,2021,連續三次,10,9,0.0531400966183575,0.048715096618357503,-0.04347826086956519,2.74817618011981,True,True,True,True,3514835.0,False,False
3058,2023-03-02,2023-03-14,2023,連續五次,10,9,0.05517241379310356,0.05074741379310356,-0.013793103448275779,2.9552671868564033,True,True,True,True,1181535.0,False,False
3058,2023-04-26,2023-05-09,2023,連續三次,10,9,0.20945945945945965,0.20503445945945964,-0.05180180180180172,176.8218705704097,True,True,True,True,4650284.0,False,False
3060,2021-04-29,2021-05-12,2021,連續三次,10,9,-0.24271844660194164,-0.24714344660194165,-0.24271844660194164,-0.9996238683617172,True,False,True,False,16924670.0,False,True
3060,2021-05-05,2021-05-17,2021,連續三次,10,9,-0.15370705244122962,-0.15813205244122963,-0.15370705244122962,-0.9916161451971948,True,False,True,False,5895874.0,False,True
3060,2024-04-19,2024-05-02,2024,連續三次,10,9,0.0380434782608694,0.0336184782608694,-0.10144927536231885,1.5055105861589309,True,True,True,True,4041707.0,False,False
3064,2018-03-31,2018-04-16,2018,因連續3個營業日達本中心作業要點第四條第一項第一款,10,9,0.13888888888888884,0.13446388888888883,-0.005555555555555647,32.26313924236773,True,True,True,True,42000.0,False,False
3064,2020-08-26,2020-09-07,2020,因連續3個營業日達本中心作業要點第四條第一項第一款,10,9,-0.24264705882352933,-0.24707205882352934,-0.25735294117647056,-0.9996228763873217,True,True,True,True,251994.0,False,False
3064,2024-05-27,2024-06-06,2024,因連續3個營業日達本中心作業要點第四條第一項第一款,10,9,-0.19354838709677424,-0.19797338709677426,-0.24331797235023045,-0.9978193939978997,True,True,True,True,116079.0,False,False
3064,2024-05-30,2024-06-12,2024,因連續3個營業日達本中心作業要點第四條第一項第一款,10,9,-0.07894736842105265,-0.08337236842105265,-0.1217105263157896,-0.91091511509264,True,True,True,True,13204.0,False,False
3066,2021-03-11,2021-03-23,2021,因連續3個營業日達本中心作業要點第四條第一項第一款,10,9,0.14117647058823546,0.13675147058823545,-0.05882352941176472,34.177467898056975,True,True,True,True,396632.0,False,True
3066,2021-12-06,2021-12-16,2021,因連續3個營業日達本中心作業要點第四條第一項第一款,10,9,0.12237762237762229,0.11795262237762229,-0.013986013986014068,21.13575895474799,True,True,True,True,1160962.0,False,False
3066,2021-12-09,2021-12-21,2021,因連續3個營業日達本中心作業要點第四條第一項第一款,10,9,0.0066006600660066805,0.0021756600660066804,-0.0643564356435643,0.06222881258519508,True,True,True,True,451962.0,False,False
3066,2022-02-21,2022-03-04,2022,因連續3個營業日達本中心作業要點第四條第一項第一款,10,9,-0.11840688912809472,-0.12283188912809472,-0.12809472551130252,-0.9737597704556876,True,False,True,False,973316.0,False,True
3066,2026-03-24,2026-04-07,2026,因連續3個營業日達本中心作業要點第四條第一項第一款,10,9,-0.18823529411764706,-0.19266029411764707,-0.1976470588235294,-0.9973804246700604,True,True,True,True,620199.0,False,False
3071,2025-08-21,2025-09-02,2025,因連續3個營業日達本中心作業要點第四條第一項第一款,10,9,0.09839357429718887,0.09396857429718887,0.0,11.119032720800128,True,True,True,True,383856.0,False,False
3073,2018-03-28,2018-04-11,2018,因連續3個營業日達本中心作業要點第四條第一項第一款,10,9,-0.1433333333333333,-0.14775833333333332,-0.1433333333333333,-0.9882188449873971,True,False,True,False,742263.0,False,True
3073,2021-03-02,2021-03-12,2021,因連續3個營業日達本中心作業要點第四條第一項第一款,10,9,-0.05154639175257736,-0.05597139175257736,-0.11634756995581741,-0.7980967965905327,True,True,True,True,171586.0,False,False
3073,2021-03-05,2021-03-17,2021,因連續3個營業日達本中心作業要點第四條第一項第一款,10,9,0.07592891760904674,0.07150391760904674,-0.030694668820678506,5.810203506717866,True,True,True,True,61155.0,False,False
3073,2023-07-03,2023-07-13,2023,因連續3個營業日達本中心作業要點第四條第一項第一款,10,9,-0.14074074074074083,-0.14516574074074085,-0.1469135802469137,-0.9871816806867052,True,True,True,True,105955.0,False,False
3073,2024-07-29,2024-08-06,2024,因連續3個營業日達本中心作業要點第四條第一項第一款,8,7,-0.22089227421109914,-0.22531727421109915,-0.22089227421109914,-0.9998903172614643,True,False,True,False,934670.0,False,True
3073,2024-08-30,2024-09-13,2024,連續5個營業日及沖銷標準,12,11,-0.09090909090909094,-0.09533409090909094,-0.09201773835920168,-0.8974121280714872,True,True,True,True,97094.0,False,True
3073,2025-05-12,2025-05-26,2025,連續3個營業日及沖銷標準,12,11,-0.04299065420560744,-0.047415654205607435,-0.05607476635514019,-0.6684624421998706,True,True,True,True,445258.0,False,False
3078,2021-03-02,2021-03-12,2021,因連續3個營業日達本中心作業要點第四條第一項第一款,10,9,-0.06643952299829647,-0.07086452299829647,-0.13287904599659295,-0.8701904186326627,True,True,True,True,11691962.0,False,False
3081,2024-09-06,2024-09-23,2024,連續3個營業日及沖銷標準,12,11,0.34895833333333326,0.34453333333333325,-0.03125,834.7593010033249,True,True,True,True,1635109.0,False,False
3081,2024-10-11,2024-10-25,2024,連續3個營業日及沖銷標準,12,11,0.044992743105950694,0.040567743105950696,-0.07547169811320753,1.4689264797190447,True,True,True,True,1346343.0,False,False
3081,2024-11-06,2024-11-20,2024,連續5個營業日及沖銷標準,12,11,-0.02981029810298108,-0.03423529810298108,-0.18834688346883466,-0.5469287035437427,True,True,True,True,511056.0,False,False
3081,2024-11-29,2024-12-13,2024,連續5個營業日及沖銷標準,12,11,0.12578616352201255,0.12136116352201255,0.0,12.507649858788483,True,True,True,True,522584.0,False,False
3081,2024-12-20,2025-01-02,2024,最近10個營業日內有6個營業日,10,9,0.047210300429184615,0.04278530042918462,-0.01859799713876964,2.201945264226825,True,True,True,True,527267.0,False,False
3081,2025-01-06,2025-01-16,2024,最近10個營業日內有6個營業日,10,9,0.24696356275303644,0.24253856275303642,-0.014844804318488558,415.5995358409063,True,True,True,True,339371.0,False,False
3081,2025-02-04,2025-02-18,2025,連續3個營業日及沖銷標準,12,11,-0.0020618556701030855,-0.006486855670103086,-0.09278350515463918,-0.13749021894738667,True,True,True,True,1709026.0,False,False
3081,2025-03-11,2025-03-21,2025,連續5個營業日,10,9,0.1806020066889633,0.1761770066889633,-0.0635451505016722,89.69317051103388,True,True,True,True,1327623.0,False,False
3081,2025-04-24,2025-05-07,2025,最近10個營業日內有6個營業日,10,9,0.016161616161616266,0.011736616161616266,-0.018181818181818188,0.382811555468743,True,True,True,True,768857.0,False,False
3081,2025-05-20,2025-06-04,2025,連續5個營業日及沖銷標準,12,11,-0.012048192771084376,-0.016473192771084375,-0.048192771084337394,-0.31443279023051696,True,True,True,True,719928.0,False,False
3081,2025-06-18,2025-06-30,2025,最近10個營業日內有6個營業日,10,9,0.049679487179487225,0.04525448717948723,-0.009615384615384581,2.4193658702691123,True,True,True,True,578489.0,False,False
3081,2025-07-16,2025-07-28,2025,最近10個營業日內有6個營業日,10,9,0.13239436619718314,0.12796936619718313,-0.035211267605633756,27.35978400836829,True,True,True,True,950035.0,False,False
3081,2025-08-06,2025-08-18,2025,連續5個營業日,10,9,0.2646310432569974,0.26020604325699737,-0.026717557251908386,615.6564460202588,True,True,True,True,308393.0,False,False
3081,2025-08-27,2025-09-08,2025,連續5個營業日,10,9,0.07051282051282048,0.06608782051282049,-0.04914529914529919,4.915987832127624,True,True,True,True,672698.0,False,False
3081,2025-09-24,2025-10-08,2025,最近10個營業日內有6個營業日,10,9,0.02087682672233826,0.01645182672233826,-0.10020876826722336,0.5734595218655321,True,True,True,True,590204.0,False,False
3081,2025-11-05,2025-11-17,2025,最近10個營業日內有6個營業日,10,9,0.15526315789473677,0.15083815789473676,0.0,48.526811168286,True,True,True,True,692761.0,False,False
3081,2025-12-04,2025-12-16,2025,連續5個營業日,10,9,0.10989010989010994,0.10546510989010995,-0.016483516483516536,15.202590234894526,True,True,True,True,630674.0,False,False
3081,2025-12-26,2026-01-12,2025,連續5個營業日及沖銷標準,12,11,0.11056105610561051,0.10613605610561051,-0.021452145214521434,8.900311087731845,True,True,True,True,476269.0,False,False
3081,2026-02-03,2026-02-24,2026,因連續3個營業日達本中心作業要點第四條第一項第一款,10,9,0.2649999999999999,0.2605749999999999,-0.07399999999999995,620.6911972772181,True,True,True,True,903822.0,False,False
3081,2026-02-06,2026-03-02,2026,因連續3個營業日達本中心作業要點第四條第一項第一款,10,9,0.3987792472024414,0.3943542472024414,-0.05798575788402849,10240.523176465806,True,True,True,True,905573.0,False,False
3081,2026-03-16,2026-03-26,2026,最近10個營業日內有6個營業日,10,9,0.1266666666666667,0.1222416666666667,-0.09999999999999998,23.620030601540076,True,True,True,True,510163.0,False,False
3085,2018-12-20,2019-01-02,2018,因連續3個營業日達本中心作業要點第四條第一項第一款,10,9,0.05598958333333326,0.05156458333333326,-0.0234375,3.0416079657302006,True,True,True,True,32145.0,False,False
3085,2020-09-25,2020-10-12,2020,因連續3個營業日達本中心作業要點第四條第一項第一款,10,9,-0.2011764705882353,-0.2056014705882353,-0.28117647058823525,-0.998327794049447,True,True,True,True,38000.0,False,False
3085,2021-09-24,2021-10-06,2021,因連續3個營業日達本中心作業要點第四條第一項第一款,10,9,0.04484304932735417,0.04041804932735417,-0.094170403587444,2.0060528061931313,False,True,True,False,19576.0,True,False
3085,2021-09-29,2021-10-12,2021,因連續3個營業日達本中心作業要點第四條第一項第一款,10,9,-0.016949152542372836,-0.021374152542372835,-0.3152542372881356,-0.45127811450748334,False,True,True,False,271119.0,True,False
3085,2021-10-04,2021-10-15,2021,因連續3個營業日達本中心作業要點第四條第一項第一款,10,9,0.08936170212765959,0.0849367021276596,-0.1404255319148936,8.626215647830442,True,True,True,True,18412.0,False,False
3085,2021-12-21,2022-01-03,2021,因連續3個營業日達本中心作業要點第四條第一項第一款,10,9,0.07339449541284404,0.06896949541284404,-0.09541284403669736,5.3766415488069965,True,True,True,True,22604.0,False,False
3085,2023-11-22,2023-12-04,2023,因連續3個營業日達本中心作業要點第四條第一項第一款,10,9,0.24999999999999978,0.24557499999999977,-0.018218623481781493,444.8239689981976,True,True,True,True,31501.0,False,False
3085,2024-09-27,2024-10-09,2024,因連續3個營業日達本中心作業要點第四條第一項第一款,8,7,0.08333333333333326,0.07890833333333326,-0.03809523809523818,14.06674905621459,True,True,True,True,70960.0,False,False
3086,2019-04-10,2019-04-22,2019,因連續3個營業日達本中心作業要點第四條第一項第一款,10,9,0.13888888888888884,0.13446388888888883,0.0,32.26313924236773,True,True,True,True,280424.0,False,False
3086,2020-11-27,2020-12-09,2020,因連續3個營業日達本中心作業要點第四條第一項第一款,10,9,0.0928,0.088375,-0.10399999999999998,9.510577923023972,True,True,True,True,50329.0,False,False
3086,2021-01-06,2021-01-18,2020,因連續3個營業日達本中心作業要點第四條第一項第一款,10,9,-0.042780748663101664,-0.04720574866310166,-0.042780748663101664,-0.7389988329000067,False,False,True,False,60061.0,True,True
3086,2021-01-11,2021-01-21,2021,因連續3個營業日達本中心作業要點第四條第一項第一款,10,9,-0.28370221327967804,-0.28812721327967805,-0.35010060362173046,-0.9999205550271079,False,True,True,False,54685.0,True,False
3086,2021-01-14,2021-01-26,2021,因連續3個營業日達本中心作業要點第四條第一項第一款,10,9,-0.005662514156285381,-0.010087514156285381,-0.26840317100792754,-0.24544839610745495,True,True,True,True,7711.0,False,False
3086,2021-02-04,2021-02-25,2021,因連續3個營業日達本中心作業要點第四條第一項第一款,10,9,0.17610062893081757,0.17167562893081756,0.0,80.52983671270157,True,True,True,True,110887.0,False,False
3086,2021-02-18,2021-03-03,2021,因連續3個營業日達本中心作業要點第四條第一項第一款,10,9,-0.038461538461538436,-0.042886538461538434,-0.11538461538461542,-0.7040582509139639,True,True,True,True,32571.0,False,False
3086,2021-02-23,2021-03-08,2021,因連續3個營業日達本中心作業要點第四條第一項第一款,10,9,-0.03409090909090906,-0.03851590909090906,-0.08522727272727271,-0.6641313122719463,True,True,True,True,12744.0,False,False
3086,2024-01-15,2024-01-25,2024,最近10個營業日內有6個營業日,10,9,0.0847457627118644,0.0803207627118644,-0.037288135593220306,7.551062490067393,True,True,True,True,158409.0,False,False
3089,2018-03-29,2018-04-12,2018,因連續3個營業日達本中心作業要點第四條第一項第一款,10,9,0.33714285714285697,0.33271785714285695,-0.02857142857142858,2916.094303297817,True,True,True,True,73326.0,False,False
3089,2023-07-04,2023-07-14,2023,因連續3個營業日達本中心作業要點第四條第一項第一款,10,9,-0.37800687285223367,-0.3824318728522337,-0.420618556701031,-0.9999984664747175,False,False,True,False,526976.0,True,True
3089,2023-07-07,2023-07-19,2023,因連續3個營業日達本中心作業要點第四條第一項第一款,10,9,-0.352,-0.356425,-0.4024,-0.9999951770789911,True,True,True,True,416314.0,False,False
3090,2018-06-04,2018-06-14,2018,最近十個營業日已有六次,10,9,-0.05290456431535273,-0.05732956431535273,-0.05497925311203333,-0.8060121034638075,True,True,True,True,3224298.0,False,False
3090,2026-05-26,2026-06-05,2026,連續三次,10,9,-0.04946236559139783,-0.053887365591397826,-0.13978494623655913,-0.7853427239912159,True,True,True,True,8243394.0,False,False
3090,2026-05-29,2026-06-10,2026,連續三次,10,9,-0.04288939051918739,-0.047314390519187385,-0.10158013544018063,-0.7398242531518899,True,True,True,True,2746634.0,False,False
3090,2026-06-25,2026-07-09,2026,連續三次及當日沖銷標準,12,11,-0.07729468599033817,-0.08171968599033817,-0.1127214170692431,-0.8559447946356278,True,True,True,True,1113325.0,False,False
3090,2026-07-22,2026-08-03,2026,連續三次,10,9,-0.23611111111111116,-0.24053611111111117,-0.3666666666666667,-0.9995205386792475,True,True,True,True,2892458.0,False,False
3092,2026-01-06,2026-01-16,2025,連續三次,10,9,0.02499999999999991,0.020574999999999913,-0.01538461538461533,0.7607284400265171,True,True,True,True,836649.0,False,False
3092,2026-03-06,2026-03-18,2026,連續三次,10,9,-0.05555555555555558,-0.05998055555555558,-0.1499999999999999,-0.8206088426869658,True,True,True,True,2817204.0,False,False
3093,2021-04-07,2021-04-19,2021,因連續3個營業日達本中心作業要點第四條第一項第一款,10,9,-0.15394736842105272,-0.15837236842105273,-0.2131578947368421,-0.9916823700463089,True,True,True,True,660546.0,False,False
3093,2021-04-12,2021-04-22,2021,因連續3個營業日達本中心作業要點第四條第一項第一款,10,9,-0.19452054794520557,-0.19894554794520558,-0.19589041095890403,-0.9978916363850211,True,True,True,True,238409.0,False,True
3093,2026-03-19,2026-03-31,2026,因連續3個營業日達本中心作業要點第四條第一項第一款,10,9,-0.09309309309309322,-0.09751809309309321,-0.2122122122122122,-0.9421663419430902,True,True,True,True,3412863.0,False,False
3093,2026-03-24,2026-04-07,2026,因連續3個營業日達本中心作業要點第四條第一項第一款,10,9,0.15604395604395616,0.15161895604395614,-0.13516483516483513,49.468727923171926,True,True,True,True,1503682.0,False,False
3094,2021-03-25,2021-04-08,2021,連續三次,10,9,0.09871794871794881,0.09429294871794881,-0.02564102564102566,11.219247624362131,True,True,True,True,1995982.0,False,False
3095,2022-11-23,2022-12-05,2022,因連續3個營業日達本中心作業要點第四條第一項第一款,10,9,0.0316622691292876,0.027237269129287603,-0.06860158311345654,1.1095410919628197,True,True,True,True,44387.0,False,False
3105,2018-05-02,2018-05-14,2018,因連續3個營業日達本中心作業要點第四條第一項第一款,10,9,0.2676991150442478,0.2632741150442478,0.0,658.7474265880484,True,True,True,True,2958560.0,False,False
3105,2018-07-31,2018-08-10,2018,因連續3個營業日達本中心作業要點第四條第一項第一款,10,9,0.11864406779661008,0.11421906779661008,-0.023728813559321993,19.17151461597201,True,True,True,True,6911092.0,False,False
3105,2026-03-05,2026-03-17,2026,因連續3個營業日達本中心作業要點第四條第一項第一款,10,9,-0.0562700964630225,-0.0606950964630225,-0.16398713826366562,-0.8243583586397503,True,True,True,True,8084795.0,False,False
3114,2021-08-06,2021-08-18,2021,因連續3個營業日達本中心作業要點第四條第一項第一款,10,9,-0.14047619047619042,-0.14490119047619043,-0.20238095238095233,-0.9870710296629092,True,True,True,True,3094701.0,False,False
3114,2021-08-11,2021-08-23,2021,因連續3個營業日達本中心作業要點第四條第一項第一款,10,9,-0.19210526315789478,-0.1965302631578948,-0.19210526315789478,-0.9977077364937232,True,False,True,False,927859.0,False,True
3114,2026-06-11,2026-06-24,2026,因連續3個營業日達本中心作業要點第四條第一項第一款,10,9,0.2696493349455864,0.2652243349455864,-0.06408706166868194,687.6318772177578,True,True,True,True,1052609.0,False,False
3115,2018-04-11,2018-04-23,2018,因連續3個營業日達本中心作業要點第四條第一項第一款,10,9,0.15579710144927517,0.15137210144927515,-0.09420289855072472,49.169083386248765,True,True,True,True,524500.0,False,False
3115,2020-05-28,2020-06-09,2020,因連續3個營業日達本中心作業要點第四條第一項第一款,10,9,-0.20844327176780997,-0.21286827176780998,-0.31134564643799467,-0.9987045272147796,False,True,True,False,205045.0,True,False
3115,2020-06-02,2020-06-12,2020,因連續3個營業日達本中心作業要點第四條第一項第一款,10,9,-0.05228758169934644,-0.05671258169934644,-0.1470588235294118,-0.8024541876894903,True,True,True,True,19000.0,False,False
3122,2020-05-18,2020-05-28,2020,因連續3個營業日達本中心作業要點第四條第一項第一款,10,9,0.07692307692307687,0.07249807692307687,-0.009615384615384581,5.987918593753836,True,True,True,True,57009.0,False,False
3122,2021-03-03,2021-03-15,2021,因連續3個營業日達本中心作業要點第四條第一項第一款,10,9,0.13926940639269403,0.13484440639269402,-0.1187214611872145,32.57445154816459,True,True,True,True,389241.0,False,False
3122,2021-03-26,2021-04-09,2021,因連續3個營業日達本中心作業要點第四條第一項第一款,10,9,0.1477272727272727,0.1433022727272727,-0.0636363636363636,40.26531732937901,True,True,True,True,2686542.0,False,False
3122,2021-03-31,2021-04-14,2021,因連續3個營業日達本中心作業要點第四條第一項第一款,10,9,-0.1636363636363637,-0.1680613636363637,-0.1636363636363637,-0.9939700498469223,True,False,True,False,2171520.0,False,True
3122,2024-06-17,2024-07-01,2024,連續3個營業日及沖銷標準,12,11,-0.041095890410958846,-0.045520890410958845,-0.06506849315068486,-0.6531465003276486,True,True,True,True,2756040.0,False,False
3122,2025-07-04,2025-07-16,2025,因連續3個營業日達本中心作業要點第四條第一項第一款,10,9,-0.030354131534569895,-0.03477913153456989,-0.04890387858347389,-0.6259204464857944,True,True,True,True,705176.0,False,False
3128,2025-04-23,2025-05-06,2025,因連續3個營業日達本中心作業要點第四條第一項第一款,10,9,0.0847457627118644,0.0803207627118644,0.0,7.551062490067393,True,True,True,True,425074.0,False,False
3131,2019-12-19,2019-12-31,2019,因連續3個營業日達本中心作業要點第四條第一項第一款,10,9,-0.02280701754385961,-0.027232017543859607,-0.07719298245614037,-0.5355658915784378,True,True,True,True,378467.0,False,False
3135,2026-04-07,2026-04-17,2026,最近十個營業日已有六次,10,9,0.11737089201877926,0.11294589201877926,-0.023474178403755874,18.5409581864835,True,True,True,True,740101.0,False,False
3135,2026-05-20,2026-06-01,2026,連續五次,10,9,0.31151832460732987,0.30709332460732985,-0.05235602094240843,1700.1350668814891,True,True,True,True,1787495.0,False,False
3138,2021-01-13,2021-01-25,2021,連續三次,10,9,-0.032258064516129004,-0.036683064516129,-0.2508960573476703,-0.6458850051467913,True,True,True,True,1156654.0,False,False
3138,2021-01-18,2021-01-28,2021,連續三次,10,9,0.40639269406392686,0.40196769406392685,-0.045662100456621,11912.948737381901,True,True,True,True,663601.0,False,False
3138,2021-02-24,2021-03-09,2021,最近十個營業日已有六次,10,9,0.2770448548812665,0.2726198548812665,0.0,808.6495394033088,True,True,True,True,502284.0,False,False
3138,2021-04-21,2021-05-04,2021,連續三次,10,9,-0.19871794871794868,-0.2031429487179487,-0.2136752136752137,-0.9981779209176718,True,True,True,True,2540878.0,False,False
3138,2026-01-20,2026-01-30,2026,連續三次,10,9,0.10903426791277249,0.10460926791277249,-0.0031152647975077885,14.857736126718851,True,True,True,True,1071572.0,False,False
3141,2021-07-07,2021-07-19,2021,因連續3個營業日達本中心作業要點第四條第一項第一款,10,9,0.0,-0.004425,-0.11604095563139927,-0.11590382297714663,True,True,True,True,2523206.0,False,False
3141,2021-09-28,2021-10-08,2021,最近10個營業日內有6個營業日,10,9,-0.014705882352941124,-0.019130882352941123,-0.23529411764705888,-0.4152450320776192,True,True,True,True,2047386.0,False,False
3147,2019-03-05,2019-03-15,2019,因連續3個營業日達本中心作業要點第四條第一項第一款,10,9,0.3493333333333333,0.34490833333333326,0.0,3755.6159117877914,True,True,True,True,1237824.0,False,False
3147,2025-05-02,2025-05-16,2025,連續3個營業日及沖銷標準,12,11,-0.17107583774250446,-0.17550083774250447,-0.18871252204585542,-0.9875481969331993,True,True,True,True,1377701.0,False,False
3147,2026-06-10,2026-06-23,2026,因連續3個營業日達本中心作業要點第四條第一項第一款,10,9,-0.05094614264919939,-0.05537114264919939,-0.16157205240174677,-0.7945002246502797,False,True,True,False,1930579.0,True,False
3147,2026-06-15,2026-06-26,2026,因連續3個營業日達本中心作業要點第四條第一項第一款,10,9,-0.08136094674556216,-0.08578594674556216,-0.08136094674556216,-0.9172063504731873,True,False,True,False,578740.0,False,True
3147,2026-07-08,2026-07-21,2026,因連續3個營業日達本中心作業要點第四條第一項第一款,10,9,-0.006521739130434745,-0.010946739130434745,-0.15000000000000002,-0.26343121593752683,True,True,True,True,165533.0,False,False
3149,2021-01-06,2021-01-18,2020,連續三次,10,9,0.23872180451127822,0.2342968045112782,-0.09774436090225569,345.28482667881457,True,True,True,True,9457505.0,False,False
3149,2021-04-13,2021-04-23,2021,連續三次,10,9,0.014925373134328401,0.010500373134328401,-0.08955223880597007,0.33663639979615523,True,True,True,True,3894160.0,False,False
3149,2026-06-10,2026-06-23,2026,連續五次,10,9,0.07053469852104644,0.06610969852104644,-0.1353811149032993,4.919361162711473,True,False,True,False,8001354.0,False,True
3152,2018-12-06,2018-12-18,2018,因連續3個營業日達本中心作業要點第四條第一項第一款,10,9,0.07284768211920523,0.06842268211920523,-0.039735099337748325,5.286652072710992,True,True,True,True,185250.0,False,False
3162,2020-05-19,2020-05-29,2020,因連續3個營業日達本中心作業要點第四條第一項第一款,10,9,-0.08333333333333326,-0.08775833333333326,-0.0854166666666667,-0.9220274389257143,True,True,True,True,4000.0,False,False
3163,2025-11-06,2025-11-20,2025,連續5個營業日及沖銷標準,12,11,0.07432432432432434,0.06989932432432434,-0.006756756756756799,3.643916389948725,True,True,True,True,777148.0,False,False
3163,2025-12-18,2026-01-05,2025,連續5個營業日及沖銷標準,12,11,0.14782608695652177,0.14340108695652176,-0.02898550724637683,20.02303780198496,True,True,True,True,2176256.0,False,False
3163,2026-01-14,2026-01-26,2026,連續5個營業日,10,9,0.11884057971014483,0.11441557971014484,0.0,19.270570476945327,True,True,True,True,763679.0,False,False
3163,2026-02-04,2026-02-25,2026,連續5個營業日,10,9,0.670940170940171,0.666515170940171,-0.04807692307692313,1450001.1782394731,True,True,True,True,2208941.0,False,False
3163,2026-02-26,2026-03-11,2026,因連續3個營業日達本中心作業要點第四條第一項第一款,10,9,0.01182654402102501,0.007401544021025009,-0.1458607095926413,0.2273302792646501,True,True,True,True,1534548.0,False,False
3163,2026-03-04,2026-03-16,2026,因連續3個營業日達本中心作業要點第四條第一項第一款,10,9,0.26984126984126977,0.26541626984126976,-0.14021164021164023,690.5396025171532,True,True,True,True,1565658.0,False,False
3163,2026-03-20,2026-04-01,2026,因連續3個營業日達本中心作業要點第四條第一項第一款,10,9,-0.09791666666666665,-0.10234166666666665,-0.21875,-0.9501655535926562,True,True,True,True,1071087.0,False,False
3163,2026-04-14,2026-04-24,2026,因連續3個營業日達本中心作業要點第四條第一項第一款,10,9,-0.04938271604938271,-0.05380771604938271,-0.11934156378600824,-0.7848401810804605,True,True,True,True,775902.0,False,False
3163,2026-05-11,2026-05-21,2026,最近10個營業日內有6個營業日,10,9,0.014563106796116498,0.010138106796116498,-0.1601941747572816,0.3233893515927353,True,True,True,True,779350.0,False,False
3163,2026-06-24,2026-07-06,2026,最近10個營業日內有6個營業日,10,9,-0.04767580452920139,-0.05210080452920139,-0.1775923718712753,-0.7737939083628013,True,True,True,True,654921.0,False,False
3167,2024-09-27,2024-10-14,2024,連續三次及當日沖銷標準,10,9,0.23529411764705888,0.23086911764705886,0.0,319.54235887130983,True,True,True,True,4465502.0,False,False
3167,2025-09-12,2025-09-24,2025,最近十個營業日已有六次,10,9,0.053475935828877,0.049050935828877,-0.02941176470588236,2.78166151190056,True,True,True,True,967564.0,False,False
3167,2026-02-26,2026-03-11,2026,連續三次,10,9,0.0949152542372882,0.0904902542372882,-0.11186440677966103,10.09301713783397,True,True,True,True,1499069.0,False,False
3167,2026-03-19,2026-03-31,2026,連續三次,10,9,0.06811594202898541,0.06369094202898541,-0.11884057971014494,4.557428910883354,True,False,True,False,812647.0,False,True
3167,2026-04-10,2026-04-22,2026,連續三次,10,9,0.17241379310344818,0.16798879310344816,-0.03275862068965518,73.69586276653301,True,True,True,True,1083007.0,False,False
3167,2026-04-15,2026-04-27,2026,連續三次,10,9,-0.04526166902404527,-0.04968666902404527,-0.13437057991513435,-0.7572330912111869,True,True,True,True,711123.0,False,False
3167,2026-04-20,2026-04-30,2026,連續三次,10,9,0.2889221556886228,0.28449715568862277,-0.08383233532934131,1047.00943484112,True,True,True,True,772848.0,False,False
3167,2026-05-07,2026-05-19,2026,連續三次,10,9,-0.041564792176039145,-0.04598979217603914,-0.23716381418092913,-0.72958649402921,True,True,True,True,1395858.0,False,False
3167,2026-05-28,2026-06-09,2026,連續五次,10,9,0.13892215568862265,0.13449715568862264,-0.06586826347305386,32.29024437892303,True,True,True,True,502280.0,False,False
3167,2026-06-22,2026-07-02,2026,連續五次,10,9,-0.03739445114595896,-0.04181945114595896,-0.07720144752714109,-0.694754955487721,True,True,True,True,566499.0,False,False
3167,2026-07-28,2026-08-07,2026,最近三十個營業日已有十二次,10,9,0.197573656845754,0.193148656845754,-0.2469670710571924,134.02194270110346,True,True,True,True,1275933.0,False,False
3167,2026-08-04,2026-08-10,2026,連續三次,6,5,0.11584327086882462,0.11141827086882462,0.0,195.73272109437133,False,True,True,False,469794.0,True,False
3169,2021-02-24,2021-03-09,2021,因連續3個營業日達本中心作業要點第四條第一項第一款,10,9,0.009756097560975618,0.005331097560975618,-0.06341463414634141,0.159156644501095,True,True,True,True,2955108.0,False,False
3169,2021-06-22,2021-07-02,2021,因連續3個營業日達本中心作業要點第四條第一項第一款,10,9,0.0714285714285714,0.0670035714285714,-0.023809523809523836,5.05878251334621,True,True,True,True,1657055.0,False,False
3171,2020-04-08,2020-04-20,2020,因連續3個營業日達本中心作業要點第四條第一項第一款,10,9,-0.002941176470588225,-0.007366176470588225,-0.08823529411764708,-0.1856567781052817,True,True,True,True,245000.0,False,False
3171,2020-04-13,2020-04-23,2020,因連續3個營業日達本中心作業要點第四條第一項第一款,10,9,0.036363636363636376,0.03193863636363638,-0.08181818181818179,1.3948275723603714,True,True,True,True,94000.0,False,False
3176,2018-09-17,2018-09-28,2018,因連續3個營業日達本中心作業要點第四條第一項第一款,10,9,0.00203252032520318,-0.0023924796747968203,-0.09959349593495948,-0.06437207279442891,True,True,True,True,4870666.0,False,False
3176,2018-09-20,2018-10-03,2018,因連續3個營業日達本中心作業要點第四條第一項第一款,10,9,0.005482456140350811,0.0010574561403508109,-0.04166666666666663,0.02979346413105599,True,True,True,True,1048678.0,False,False
3176,2020-06-24,2020-07-08,2020,因連續3個營業日達本中心作業要點第四條第一項第一款,10,9,0.17008443908323279,0.16565943908323277,-0.053075995174909574,69.66648118974834,True,True,True,True,3077787.0,False,False
3189,2026-03-24,2026-04-09,2026,連續三次及當日沖銷標準,12,11,0.08403361344537807,0.07960861344537808,-0.12745098039215685,4.70234121214046,True,True,True,True,8948825.0,False,False
3189,2026-06-01,2026-06-11,2026,連續三次,10,9,-0.1635135135135135,-0.16793851351351352,-0.19729729729729728,-0.9939452668166687,True,True,True,True,6218324.0,False,False
3189,2026-07-07,2026-07-20,2026,最近十個營業日已有六次,10,9,-0.10775295663600526,-0.11217795663600526,-0.14191852825229956,-0.9633048225004669,True,True,True,True,6854269.0,False,False
3189,2026-08-12,2026-08-17,2026,連續三次,5,4,0.06847697756788662,0.06405197756788662,-0.04014167650531286,47.43705168303387,True,True,True,True,3488257.0,False,False
3191,2019-09-19,2019-10-01,2019,因連續3個營業日達本中心作業要點第四條第一項第一款,9,8,0.047738693467336724,0.043313693467336725,-0.051507537688442184,2.762407748353893,True,True,True,True,768420.0,False,False
3191,2020-11-06,2020-11-18,2020,因連續3個營業日達本中心作業要點第四條第一項第一款,10,9,-0.4391025641025641,-0.4435275641025641,-0.4391025641025641,-0.9999999150838154,True,False,True,False,105103.0,False,True
3191,2020-11-11,2020-11-23,2020,因連續3個營業日達本中心作業要點第四條第一項第一款,10,9,-0.1578947368421053,-0.16231973684210532,-0.30789473684210533,-0.9927006256120495,True,True,True,True,534740.0,False,False
3191,2020-11-16,2020-11-26,2020,因連續3個營業日達本中心作業要點第四條第一項第一款,10,9,-0.16666666666666674,-0.17109166666666675,-0.2694444444444445,-0.994551313415791,True,True,True,True,3175398.0,False,False
3191,2020-11-19,2020-12-01,2020,因連續3個營業日達本中心作業要點第四條第一項第一款,10,9,0.28010139416983515,0.27567639416983514,0.0,864.4393615230376,True,True,True,True,2169947.0,False,False
3191,2023-07-19,2023-07-31,2023,因連續3個營業日達本中心作業要點第四條第一項第一款,10,9,0.244,0.23957499999999998,-0.02400000000000002,388.8624011180117,True,True,True,True,161146.0,False,True
3191,2026-06-02,2026-06-12,2026,因連續3個營業日達本中心作業要點第四條第一項第一款,10,9,-0.19587628865979378,-0.2003012886597938,-0.25773195876288657,-0.9979885418319449,True,True,True,True,626874.0,False,False
3202,2020-03-24,2020-04-07,2020,因連續3個營業日達本中心作業要點第四條第一項第一款,10,9,0.5926327193932825,0.5882077193932825,0.0,380852.8974385958,True,True,True,True,1146509.0,False,False
3202,2020-03-27,2020-04-10,2020,因連續3個營業日達本中心作業要點第四條第一項第一款,10,9,0.16728624535315983,0.16286124535315982,-0.018587360594795488,65.10272486527657,False,True,True,False,787740.0,True,False
3202,2020-04-08,2020-04-20,2020,因連續3個營業日達本中心作業要點第四條第一項第一款,10,9,0.0714285714285714,0.0670035714285714,-0.010204081632652962,5.05878251334621,True,True,True,True,402017.0,False,False
3202,2024-11-26,2024-12-06,2024,因連續3個營業日達本中心作業要點第四條第一項第一款,10,9,0.17361111111111116,0.16918611111111115,-0.26736111111111116,75.85230189984783,True,False,True,False,445433.0,False,True
3202,2024-11-29,2024-12-11,2024,因連續3個營業日達本中心作業要點第四條第一項第一款,10,9,0.8127962085308058,0.8083712085308058,0.0,14024174.280737503,True,True,True,True,6794360.0,False,False
3205,2022-07-01,2022-07-15,2022,連續3個營業日及沖銷標準,12,11,0.25031766200762395,0.24589266200762394,-0.14866581956797975,146.9156994959703,True,True,True,True,1811710.0,False,False
3205,2022-09-15,2022-09-27,2022,最近10個營業日內有6個營業日,10,9,-0.21120000000000005,-0.21562500000000007,-0.264,-0.9988248211230581,True,True,True,True,589835.0,False,False
3205,2025-05-26,2025-06-06,2025,因連續3個營業日達本中心作業要點第四條第一項第一款,10,9,-0.079520697167756,-0.083945697167756,-0.11764705882352944,-0.9124500135415201,True,True,True,True,1380229.0,False,False
3205,2025-05-29,2025-06-11,2025,因連續3個營業日達本中心作業要點第四條第一項第一款,10,9,0.1172332942555685,0.1128082942555685,-0.041031652989449,18.473960169204943,True,True,True,True,161381.0,False,False
3207,2021-09-03,2021-09-15,2021,因連續3個營業日達本中心作業要點第四條第一項第一款,10,9,-0.2160804020100502,-0.2205054020100502,-0.2211055276381909,-0.9990118824659309,True,True,True,True,1190657.0,False,False
3211,2024-11-19,2024-11-29,2024,因連續3個營業日達本中心作業要點第四條第一項第一款,10,9,0.306930693069307,0.30250569306930697,-0.01650165016501648,1541.8477146714054,True,True,True,True,4625147.0,False,False
3218,2020-08-20,2020-09-01,2020,最近10個營業日內有6個營業日,10,9,-0.04477611940298509,-0.04920111940298509,-0.15298507462686572,-0.7537639049537155,True,True,True,True,3244614.0,False,False
3218,2020-08-25,2020-09-04,2020,因連續3個營業日達本中心作業要點第四條第一項第一款,10,9,0.24528301886792447,0.24085801886792446,-0.048218029350104774,400.22818540385526,True,True,True,True,594538.0,False,False
3219,2019-04-17,2019-04-29,2019,因連續3個營業日達本中心作業要點第四條第一項第一款,10,9,-0.04214559386973182,-0.04657059386973182,-0.08045977011494254,-0.73412240812067,True,True,True,True,16193.0,False,False
3219,2020-09-03,2020-09-15,2020,因連續3個營業日達本中心作業要點第四條第一項第一款,10,9,-0.039751552795031064,-0.04417655279503106,-0.18757763975155273,-0.7149404769828955,False,True,True,False,60773.0,True,False
3219,2020-09-08,2020-09-18,2020,因連續3個營業日達本中心作業要點第四條第一項第一款,10,9,0.10982658959537561,0.10540158959537561,-0.054913294797687806,15.176748876841817,True,True,True,True,35565.0,False,False
3219,2021-02-04,2021-02-25,2021,因連續3個營業日達本中心作業要點第四條第一項第一款,10,9,0.5954415954415955,0.5910165954415955,0.0,400013.071207372,True,True,True,True,30038.0,False,False
3219,2021-02-18,2021-03-03,2021,因連續3個營業日達本中心作業要點第四條第一項第一款,10,9,0.6056670602125147,0.6012420602125147,-0.0011806375442739991,477925.1720973423,True,True,True,True,52930.0,False,False
3219,2021-03-08,2021-03-18,2021,因連續3個營業日達本中心作業要點第四條第一項第一款,10,9,-0.19148936170212771,-0.19591436170212773,-0.3156028368794326,-0.997658422802295,True,True,True,True,41521.0,False,False
3219,2021-07-23,2021-08-04,2021,因連續3個營業日達本中心作業要點第四條第一項第一款,10,9,0.024590163934426146,0.020165163934426147,-0.15300546448087426,0.7411930598094842,True,True,True,True,241394.0,False,False
3219,2022-02-11,2022-02-23,2022,因連續3個營業日達本中心作業要點第四條第一項第一款,10,9,0.02155172413793105,0.01712672413793105,-0.03448275862068961,0.6027394309032401,True,True,True,True,441176.0,False,False
3219,2022-10-20,2022-11-01,2022,因連續3個營業日達本中心作業要點第四條第一項第一款,10,9,-0.07725321888412018,-0.08167821888412018,-0.1094420600858369,-0.9062264959623583,True,True,True,True,98240.0,False,False
3219,2024-06-21,2024-07-03,2024,因連續3個營業日達本中心作業要點第四條第一項第一款,10,9,0.15041322314049577,0.14598822314049575,-0.006611570247933907,43.044651996699905,True,True,True,True,591488.0,False,False
3219,2024-08-21,2024-09-02,2024,因連續3個營業日達本中心作業要點第四條第一項第一款,10,9,0.010968921389396646,0.006543921389396646,-0.012797074954296161,0.1986350050967911,True,True,True,True,158355.0,False,False
3219,2025-09-03,2025-09-15,2025,因連續3個營業日達本中心作業要點第四條第一項第一款,10,9,-0.048241206030150696,-0.052666206030150695,-0.07035175879396982,-0.7775121034380678,True,True,True,True,757357.0,False,False
3221,2026-04-27,2026-05-08,2026,因連續3個營業日達本中心作業要點第四條第一項第一款,10,9,0.06855791962174962,0.06413291962174962,-0.06146572104018899,4.621931062855538,True,True,True,True,2642397.0,False,False
3228,2018-03-12,2018-03-22,2018,因連續3個營業日達本中心作業要點第四條第一項第一款,10,9,0.25970149253731356,0.25527649253731355,-0.07462686567164178,552.0456711202153,True,True,True,True,1367880.0,False,False
3228,2020-06-22,2020-07-06,2020,因連續3個營業日達本中心作業要點第四條第一項第一款,10,9,0.49606299212598426,0.49163799212598425,-0.055118110236220375,66677.27299378176,True,True,True,True,2030058.0,False,False
3228,2020-07-08,2020-07-20,2020,最近10個營業日內有6個營業日,10,9,-0.23829787234042554,-0.24272287234042556,-0.3191489361702128,-0.999557444468112,True,True,True,True,1131050.0,False,False
3228,2020-08-04,2020-08-14,2020,最近10個營業日內有6個營業日,10,9,0.13576158940397343,0.1313365894039734,-0.07284768211920523,29.80789555062022,True,True,True,True,256300.0,False,False
3228,2020-09-11,2020-09-23,2020,因連續3個營業日達本中心作業要點第四條第一項第一款,10,9,0.21972534332084903,0.21530034332084902,-0.08114856429463169,224.072686201014,True,True,True,True,885432.0,False,False
3228,2020-10-13,2020-10-23,2020,最近10個營業日內有6個營業日,10,9,0.11956521739130443,0.11514021739130444,-0.01521739130434785,19.639907493640212,True,True,True,True,291800.0,False,False
3228,2020-12-02,2020-12-14,2020,連續5個營業日,10,9,0.20364741641337392,0.1992224164133739,-0.04255319148936165,154.47457825845356,True,True,True,True,2394721.0,False,False
3228,2021-01-08,2021-01-20,2021,最近10個營業日內有6個營業日,10,9,0.1625000000000001,0.15807500000000008,-0.030000000000000027,57.947244678348525,True,True,True,True,474706.0,False,False
3228,2021-01-29,2021-02-19,2021,連續5個營業日,10,9,0.3396624472573839,0.3352374472573839,-0.1540084388185654,3073.229011543305,True,True,True,True,769654.0,False,False
3228,2021-03-02,2021-03-12,2021,連續5個營業日,10,9,0.21727395411605932,0.2128489541160593,-0.08232118758434548,211.79645551520605,True,True,True,True,1046242.0,False,False
3228,2021-03-22,2021-04-01,2021,因連續3個營業日達本中心作業要點第四條第一項第一款,10,9,0.1670103092783506,0.16258530927835058,-0.04432989690721645,64.66839640384832,True,True,True,True,576485.0,False,False
3228,2021-04-20,2021-05-03,2021,因連續3個營業日達本中心作業要點第四條第一項第一款,10,9,-0.1675126903553299,-0.1719376903553299,-0.23350253807106602,-0.9947036983638654,True,False,True,False,1411305.0,False,True
3228,2021-04-23,2021-05-06,2021,因連續3個營業日達本中心作業要點第四條第一項第一款,10,9,-0.2842942345924453,-0.2887192345924453,-0.2842942345924453,-0.9999223700025862,True,False,True,False,498411.0,False,True
3228,2021-04-28,2021-05-11,2021,因連續3個營業日達本中心作業要點第四條第一項第一款,10,9,-0.16793893129770987,-0.17236393129770988,-0.38167938931297707,-0.9947789077742232,True,True,True,True,901600.0,False,False
3228,2021-05-19,2021-05-31,2021,最近10個營業日內有6個營業日,10,9,0.547911547911548,0.5434865479115479,-0.02457002457002455,172261.30104007665,True,True,True,True,289991.0,False,False
3228,2021-06-01,2021-06-11,2021,因連續3個營業日達本中心作業要點第四條第一項第一款,10,9,0.17357910906298013,0.16915410906298012,-0.11213517665130568,75.79389161044588,True,True,True,True,489661.0,False,False
3228,2021-06-04,2021-06-17,2021,因連續3個營業日達本中心作業要點第四條第一項第一款,10,9,0.33333333333333326,0.32890833333333325,0.0,2693.122604882191,True,True,True,True,415286.0,False,False
3228,2021-07-20,2021-07-30,2021,最近10個營業日內有6個營業日,10,9,-0.057367829021372274,-0.06179282902137227,-0.10911136107986497,-0.8299718696173369,True,True,True,True,938885.0,False,False
3228,2021-11-19,2021-12-01,2021,因連續3個營業日達本中心作業要點第四條第一項第一款,10,9,-0.05996131528046422,-0.06438631528046422,-0.14023210831721467,-0.8425557458135561,True,True,True,True,1523063.0,False,False
3228,2022-07-07,2022-07-19,2022,最近10個營業日內有6個營業日,10,9,0.31343283582089554,0.3090078358208955,-0.061833688699360345,1770.7226200404627,True,True,True,True,1285578.0,False,False
3228,2022-10-12,2022-10-24,2022,最近10個營業日內有6個營業日,10,9,-0.23170731707317072,-0.23613231707317073,-0.30731707317073176,-0.9994370059619411,True,False,True,False,1612559.0,False,True
3228,2022-10-18,2022-10-28,2022,因連續3個營業日達本中心作業要點第四條第一項第一款,10,9,-0.14189189189189189,-0.1463168918918919,-0.21959459459459463,-0.9876526241211018,True,True,True,True,1682209.0,False,False
3228,2022-10-21,2022-11-02,2022,因連續3個營業日達本中心作業要點第四條第一項第一款,10,9,-0.1459459459459459,-0.1503709459459459,-0.3756756756756757,-0.989181955702323,True,True,True,True,682892.0,False,False
3228,2022-11-10,2022-11-24,2022,連續3個營業日及沖銷標準,12,11,0.17318435754189943,0.1687593575418994,-0.05027932960893855,33.61041776503639,True,True,True,True,568582.0,False,False
3228,2022-12-20,2022-12-30,2022,最近10個營業日內有6個營業日,10,9,-0.07672634271099743,-0.08115134271099743,-0.11764705882352944,-0.9047204747981193,True,True,True,True,311144.0,False,False
3228,2023-11-27,2023-12-07,2023,因連續3個營業日達本中心作業要點第四條第一項第一款,10,9,0.04612159329140453,0.04169659329140453,-0.027253668763102756,2.110371971715231,True,True,True,True,1267709.0,False,False
3228,2024-01-22,2024-02-01,2024,最近10個營業日內有6個營業日,10,9,0.1391417425227568,0.13471674252275678,-0.02990897269180759,32.46969428947785,True,True,True,True,992178.0,False,False
3228,2024-04-01,2024-04-15,2024,最近10個營業日內有6個營業日,10,9,-0.11029411764705888,-0.11471911764705887,-0.13235294117647056,-0.9661132312368563,True,True,True,True,720117.0,False,False
3228,2024-04-29,2024-05-10,2024,因連續3個營業日達本中心作業要點第四條第一項第一款,10,9,-0.043887147335423204,-0.0483121473354232,-0.0658307210031348,-0.7472880827271754,True,True,True,True,423966.0,False,False
3228,2024-08-02,2024-08-14,2024,因連續3個營業日達本中心作業要點第四條第一項第一款,10,9,0.04414587332053732,0.03972087332053732,-0.27063339731285985,1.9505982517674214,True,True,True,True,966678.0,False,False
3228,2026-04-29,2026-05-12,2026,因連續3個營業日達本中心作業要點第四條第一項第一款,10,9,0.04618937644341803,0.04176437644341803,-0.12240184757505779,2.115998865997406,True,True,True,True,1553837.0,False,False
3229,2020-11-30,2020-12-10,2020,連續三次,10,9,-0.08655332302936625,-0.09097832302936625,-0.15919629057187012,-0.9293219697878086,True,True,True,True,106542.0,False,False
3229,2024-06-17,2024-06-27,2024,連續三次,10,9,-0.04330708661417315,-0.04773208661417315,-0.06692913385826771,-0.7429743784751062,True,True,True,True,401856.0,False,False
3229,2025-12-22,2026-01-05,2025,最近十個營業日已有六次,10,9,0.009689922480620172,0.005264922480620172,-0.02131782945736438,0.1570390525008709,True,True,True,True,325240.0,False,False
3229,2026-04-23,2026-05-06,2026,連續三次,10,9,0.040194884287454435,0.03576988428745444,-0.15347137637028008,1.6544832237582514,True,True,True,True,1605282.0,False,False
3229,2026-04-28,2026-05-11,2026,連續三次,10,9,0.13705583756345185,0.13263083756345184,-0.10406091370558379,30.802045094647085,True,True,True,True,394542.0,False,False
3230,2021-04-14,2021-04-26,2021,因連續3個營業日達本中心作業要點第四條第一項第一款,10,9,-0.01869158878504662,-0.02311658878504662,-0.18224299065420557,-0.47777970773826073,True,True,True,True,1131615.0,False,False
3230,2024-08-20,2024-08-30,2024,因連續3個營業日達本中心作業要點第四條第一項第一款,10,9,0.27968337730870707,0.27525837730870706,0.0,856.5963432504612,True,True,True,True,2392614.0,False,False
3230,2024-08-23,2024-09-04,2024,因連續3個營業日達本中心作業要點第四條第一項第一款,10,9,0.22249999999999992,0.2180749999999999,-0.025000000000000022,238.79170714849687,True,False,True,False,737002.0,False,True
3230,2024-09-26,2024-10-08,2024,因連續3個營業日達本中心作業要點第四條第一項第一款,8,7,0.02131438721136769,0.016889387211367693,-0.030195381882770822,0.818760567812103,True,True,True,True,460734.0,False,False
3230,2025-08-05,2025-08-15,2025,因連續3個營業日達本中心作業要點第四條第一項第一款,10,9,0.14931237721021606,0.14488737721021605,-0.046168958742632604,41.884375233796355,True,True,True,True,1968946.0,False,False
3230,2026-02-25,2026-03-10,2026,因連續3個營業日達本中心作業要點第四條第一項第一款,10,9,-0.0158924205378973,-0.0203174205378973,-0.04523227383863082,-0.4345791470040461,True,True,True,True,748980.0,False,False
3230,2026-07-03,2026-07-16,2026,因連續3個營業日達本中心作業要點第四條第一項第一款,10,9,0.007984031936127733,0.0035590319361277333,-0.027944111776447067,0.10372021581067359,True,True,True,True,2564507.0,False,False
3230,2026-07-08,2026-07-21,2026,因連續3個營業日達本中心作業要點第四條第一項第一款,10,9,-0.09999999999999998,-0.10442499999999998,-0.23809523809523814,-0.9532804192295804,True,True,True,True,858953.0,False,False
3231,2023-07-18,2023-07-28,2023,最近十個營業日已有六次,10,9,0.10563380281690149,0.10120880281690149,-0.1338028169014085,13.556149613658386,True,True,True,True,53266565.0,False,False
3232,2021-09-17,2021-10-05,2021,連續3個營業日及沖銷標準,12,11,0.20121028744326797,0.19678528744326795,-0.024205748865355425,58.30569503091557,True,True,True,True,1331512.0,False,False
3234,2024-05-07,2024-05-17,2024,因連續3個營業日達本中心作業要點第四條第一項第一款,10,9,0.03440860215053765,0.02998360215053765,-0.032258064516129004,1.2719434431578422,True,True,True,True,2485291.0,False,False
3234,2024-10-16,2024-10-28,2024,因連續3個營業日達本中心作業要點第四條第一項第一款,10,9,-0.06000000000000005,-0.06442500000000005,-0.06000000000000005,-0.8427364743787193,True,False,True,False,2052672.0,False,True
3234,2026-03-03,2026-03-13,2026,連續5個營業日,10,9,-0.16095238095238096,-0.16537738095238097,-0.34285714285714286,-0.9934056674879466,True,True,True,True,3859467.0,False,False
3234,2026-04-17,2026-04-29,2026,因連續3個營業日達本中心作業要點第四條第一項第一款,10,9,-0.053333333333333344,-0.05775833333333334,-0.11111111111111116,-0.8084481923490898,True,True,True,True,2428804.0,False,False
3236,2026-06-01,2026-06-11,2026,因連續3個營業日達本中心作業要點第四條第一項第一款,10,9,0.012323943661971981,0.007898943661971981,-0.15845070422535212,0.24427504163154756,True,True,True,True,2932704.0,False,False
3252,2022-06-17,2022-07-01,2022,連續3個營業日及沖銷標準,12,11,-0.04641350210970452,-0.05083850210970452,-0.06329113924050633,-0.6945060816217341,True,False,True,False,1012452.0,False,True
3259,2020-07-14,2020-07-24,2020,因連續3個營業日達本中心作業要點第四條第一項第一款,10,9,-0.07428571428571429,-0.07871071428571429,-0.07714285714285718,-0.8974346729392,True,True,True,True,193000.0,False,False
3260,2026-01-06,2026-01-16,2025,因連續3個營業日達本中心作業要點第四條第一項第一款,10,9,0.03333333333333344,0.02890833333333344,-0.0964912280701754,1.2069718639658142,True,True,True,True,6822420.0,False,False
3260,2026-01-09,2026-01-23,2026,連續3個營業日及沖銷標準,12,11,0.11130742049469955,0.10688242049469955,-0.09010600706713778,9.053252527702604,True,True,True,True,5088358.0,False,False
3260,2026-03-23,2026-04-02,2026,因連續3個營業日達本中心作業要點第四條第一項第一款,10,9,-0.12257281553398058,-0.1269978155339806,-0.1893203883495146,-0.9770101066773023,True,True,True,True,9006489.0,False,False
3264,2026-01-08,2026-01-20,2026,因連續3個營業日達本中心作業要點第四條第一項第一款,10,9,0.2890625,0.2846375,-0.08984375,1050.1948042686868,True,True,True,True,6182893.0,False,False
3268,2018-01-26,2018-02-07,2018,因連續3個營業日達本中心作業要點第四條第一項第一款,10,9,-0.045698924731182866,-0.050123924731182865,-0.16129032258064524,-0.7603168651678227,True,True,True,True,278880.0,False,False
3268,2020-07-15,2020-07-27,2020,因連續3個營業日達本中心作業要點第四條第一項第一款,10,9,0.010033444816053505,0.005608444816053505,-0.15384615384615374,0.16807242500874575,True,True,True,True,218351.0,False,False
3268,2021-03-25,2021-04-08,2021,因連續3個營業日達本中心作業要點第四條第一項第一款,10,9,0.46395563770794834,0.45953063770794833,-0.03142329020332724,36430.59786708215,True,True,True,True,440094.0,False,False
3268,2024-02-20,2024-03-04,2024,因連續3個營業日達本中心作業要點第四條第一項第一款,10,9,0.021994134897360684,0.017569134897360686,-0.058651026392961825,0.6222173385232683,True,False,True,False,829446.0,False,True
3272,2020-08-26,2020-09-07,2020,因連續3個營業日達本中心作業要點第四條第一項第一款,10,9,0.21983471074380168,0.21540971074380166,-0.008264462809917328,224.63599692602781,True,False,True,False,4101375.0,False,True
3272,2022-11-09,2022-11-23,2022,連續3個營業日及沖銷標準,12,11,-0.07843137254901966,-0.08285637254901966,-0.07843137254901966,-0.8599434342187948,True,False,True,False,1766953.0,False,True
3276,2021-03-26,2021-04-09,2021,因連續3個營業日達本中心作業要點第四條第一項第一款,10,9,0.11176470588235277,0.10733970588235277,-0.032352941176470584,15.983384477329622,True,True,True,True,493217.0,False,False
3284,2024-08-21,2024-09-02,2024,因連續3個營業日達本中心作業要點第四條第一項第一款,10,9,-0.10361067503924648,-0.10803567503924648,-0.12715855572998436,-0.9582397141354245,True,True,True,True,783598.0,False,False
3285,2020-09-15,2020-09-25,2020,因連續3個營業日達本中心作業要點第四條第一項第一款,10,9,-0.06995884773662553,-0.07438384773662553,-0.09465020576131689,-0.8831777187899738,True,False,True,False,451160.0,False,True
3285,2026-06-23,2026-07-03,2026,因連續3個營業日達本中心作業要點第四條第一項第一款,10,9,-0.09406952965235182,-0.09849452965235182,-0.1370143149284253,-0.9438795314765083,True,True,True,True,394272.0,False,False
3287,2018-03-09,2018-03-21,2018,因連續3個營業日達本中心作業要點第四條第一項第一款,10,9,0.11061946902654873,0.10619446902654874,-0.08849557522123896,15.502174878755358,True,True,True,True,1359001.0,False,False
3287,2020-07-16,2020-07-28,2020,因連續3個營業日達本中心作業要點第四條第一項第一款,10,9,0.25373134328358216,0.24930634328358214,-0.022388059701492602,483.4494583191139,True,True,True,True,304001.0,False,False
3287,2020-09-04,2020-09-16,2020,因連續3個營業日達本中心作業要點第四條第一項第一款,10,9,0.02076677316293929,0.01634177316293929,-0.08626198083067094,0.5687340963385505,True,True,True,True,3438410.0,False,False
3287,2020-09-09,2020-09-21,2020,因連續3個營業日達本中心作業要點第四條第一項第一款,10,9,0.05483870967741944,0.05041370967741944,-0.07741935483870965,2.920522292894936,True,False,True,False,1216232.0,False,True
3287,2023-12-18,2024-01-02,2023,連續3個營業日及沖銷標準,12,11,-0.16753926701570687,-0.17196426701570688,-0.19895287958115182,-0.9862760520807807,True,True,True,True,1135662.0,False,False
3288,2018-01-26,2018-02-07,2018,因連續3個營業日達本中心作業要點第四條第一項第一款,10,9,-0.31234567901234567,-0.3167706790123457,-0.32839506172839494,-0.9999746122105626,False,True,True,False,196647.0,True,False
3288,2018-01-31,2018-02-12,2018,因連續3個營業日達本中心作業要點第四條第一項第一款,10,9,-0.042553191489361764,-0.04697819148936176,-0.17325227963525835,-0.7372617493052225,True,True,True,True,63083.0,False,False
3288,2018-04-02,2018-04-17,2018,因連續3個營業日達本中心作業要點第四條第一項第一款,10,9,-0.2857142857142857,-0.2901392857142857,-0.2857142857142857,-0.9999265620400429,True,False,True,False,8000.0,False,True
3288,2019-12-06,2019-12-18,2019,因連續3個營業日達本中心作業要點第四條第一項第一款,10,9,-0.022727272727272707,-0.027152272727272705,-0.050000000000000044,-0.5345071461432651,True,True,True,True,31000.0,False,False
3288,2021-03-29,2021-04-12,2021,因連續3個營業日達本中心作業要點第四條第一項第一款,10,9,0.17073170731707332,0.1663067073170733,-0.027100271002710064,70.76461630117518,True,True,True,True,249628.0,False,False
3288,2024-01-10,2024-01-22,2024,因連續3個營業日達本中心作業要點第四條第一項第一款,10,9,-0.1497975708502024,-0.1542225708502024,-0.19163292847503366,-0.9904646669745135,True,True,True,True,183422.0,False,False
3288,2026-06-09,2026-06-22,2026,因連續3個營業日達本中心作業要點第四條第一項第一款,10,9,0.029147982062780242,0.024722982062780244,-0.10762331838565031,0.9707173814302297,True,True,True,True,96253.0,False,False
3288,2026-07-24,2026-08-05,2026,連續3個營業日,10,9,-0.010351966873705987,-0.014776966873705987,-0.07660455486542439,-0.33869113184614463,True,True,True,True,51737.0,False,False
3289,2026-04-21,2026-05-04,2026,因連續3個營業日達本中心作業要點第四條第一項第一款,10,9,-0.10804597701149421,-0.11247097701149421,-0.21379310344827585,-0.9636397574579536,False,True,True,False,7172549.0,True,False
3293,2019-08-19,2019-08-29,2019,因連續3個營業日達本中心作業要點第四條第一項第一款,10,9,-0.035220125786163514,-0.03964512578616351,-0.05660377358490565,-0.6749180057816497,True,True,True,True,770443.0,False,False
3294,2021-03-29,2021-04-12,2021,因連續3個營業日達本中心作業要點第四條第一項第一款,10,9,-0.09322033898305082,-0.09764533898305082,-0.09830508474576272,-0.9423924228006109,True,True,True,True,2908873.0,False,False
3294,2021-12-08,2021-12-20,2021,因連續3個營業日達本中心作業要點第四條第一項第一款,10,9,-0.15229110512129385,-0.15671610512129386,-0.1603773584905661,-0.9912155042094333,True,True,True,True,7663254.0,False,False
3294,2024-02-15,2024-02-27,2024,因連續3個營業日達本中心作業要點第四條第一項第一款,10,9,0.4735516372795969,0.4691266372795969,-0.005037783375314908,43704.31498397754,True,True,True,True,9852419.0,False,False
3294,2024-02-20,2024-03-04,2024,因連續3個營業日達本中心作業要點第四條第一項第一款,10,9,0.16328708644610446,0.15886208644610444,-0.07257203842049087,59.070306929912604,True,True,True,True,3409799.0,False,False
3294,2024-02-23,2024-03-07,2024,因連續3個營業日達本中心作業要點第四條第一項第一款,10,9,0.021442495126705596,0.017017495126705598,-0.02631578947368407,0.5979652481036173,True,False,True,False,1348795.0,False,True
3294,2025-06-04,2025-06-18,2025,連續3個營業日及沖銷標準,12,11,0.16093535075653365,0.15651035075653363,-0.03301237964236592,26.240586621838506,True,True,True,True,1448703.0,False,False
3297,2021-01-06,2021-01-18,2020,因連續3個營業日達本中心作業要點第四條第一項第一款,10,9,-0.4073319755600815,-0.4117569755600815,-0.40936863543788193,-0.9999996029916803,True,True,True,True,1023226.0,False,True
3297,2021-01-18,2021-01-28,2021,因連續3個營業日達本中心作業要點第四條第一項第一款,10,9,0.16551724137931023,0.16109224137931022,-0.05517241379310345,62.36558048179071,True,True,True,True,218698.0,False,False
3297,2024-07-02,2024-07-12,2024,因連續3個營業日達本中心作業要點第四條第一項第一款,10,9,-0.0838323353293412,-0.0882573353293412,-0.10778443113772451,-0.9232035661200211,True,True,True,True,587616.0,False,False
3297,2025-04-17,2025-05-02,2025,連續3個營業日及沖銷標準,12,11,0.09090909090909083,0.08648409090909083,-0.10303030303030303,5.5873841034615035,True,True,True,True,1161822.0,False,False
3297,2025-06-02,2025-06-16,2025,連續3個營業日及沖銷標準,12,11,0.09299363057324839,0.08856863057324839,-0.06242038216560519,5.880692665545437,True,True,True,True,754723.0,False,False
3303,2024-08-20,2024-08-30,2024,因連續3個營業日達本中心作業要點第四條第一項第一款,10,9,-0.0050167224080267525,-0.009441722408026753,-0.025083612040133763,-0.23165471462231535,True,True,True,True,1909878.0,False,False
3306,2023-08-25,2023-09-08,2023,連續3個營業日及沖銷標準,12,11,-0.12125984251968513,-0.12568484251968515,-0.12125984251968513,-0.9527640233720078,True,False,True,False,1729008.0,False,True
3308,2021-04-15,2021-04-27,2021,連續三次,10,9,0.024038461538461453,0.019613461538461455,-0.05769230769230771,0.7152251225636717,True,True,True,True,637984.0,False,False
3308,2023-04-19,2023-05-02,2023,連續三次,10,9,0.006329113924050667,0.0019041139240506665,-0.11075949367088611,0.05426280645856996,True,True,True,True,714836.0,False,False
3308,2023-04-24,2023-05-05,2023,連續三次,10,9,0.1964285714285714,0.19200357142857138,-0.08766233766233766,130.46829093789054,True,True,True,True,321368.0,False,False
3308,2026-01-09,2026-01-21,2026,連續三次,10,9,0.14485981308411233,0.14043481308411232,-0.01869158878504662,37.48493232285734,True,True,True,True,144769.0,False,False
3312,2024-06-06,2024-06-21,2024,連續三次及當日沖銷標準,12,11,0.01862464183381074,0.01419964183381074,-0.05300859598853869,0.37774671034109053,True,True,True,True,3135061.0,False,False
3313,2019-01-07,2019-01-17,2019,因連續3個營業日達本中心作業要點第四條第一項第一款,10,9,0.06299212598425208,0.05856712598425208,-0.07874015748031493,3.859843666746814,True,True,True,True,1115007.0,False,False
3313,2019-01-10,2019-01-22,2019,因連續3個營業日達本中心作業要點第四條第一項第一款,10,9,0.023809523809523947,0.01938452380952395,-0.023809523809523725,0.7045592744953826,True,True,True,True,161002.0,False,False
3313,2024-03-01,2024-03-13,2024,因連續3個營業日達本中心作業要點第四條第一項第一款,10,9,-0.22916666666666663,-0.23359166666666664,-0.2416666666666667,-0.9993826071169531,True,True,True,True,1633035.0,False,False
3313,2025-09-15,2025-09-25,2025,因連續3個營業日達本中心作業要點第四條第一項第一款,10,9,0.00561797752808979,0.0011929775280897902,-0.0561797752808989,0.033673036474286766,True,True,True,True,1038399.0,False,False
3321,2020-03-24,2020-04-07,2020,連續三次,10,9,0.05982905982905984,0.05540405982905984,-0.11111111111111105,3.472199034771953,True,True,True,True,446416.0,False,False
3321,2020-03-27,2020-04-10,2020,連續三次,10,9,0.489090909090909,0.484665909090909,0.0,58540.641958672444,True,True,True,True,38220.0,False,False
3321,2020-07-06,2020-07-16,2020,連續三次,10,9,-0.196078431372549,-0.200503431372549,-0.196078431372549,-0.9980026175673815,False,False,True,False,857359.0,True,True
3321,2020-07-09,2020-07-21,2020,連續三次,10,9,-0.5344827586206897,-0.5389077586206897,-0.5344827586206897,-0.999999999542098,True,False,True,False,3675381.0,False,True
3321,2020-07-14,2020-07-24,2020,連續三次,10,9,-0.31718061674008813,-0.32160561674008814,-0.46475770925110127,-0.9999791574328475,True,True,True,True,940567.0,False,False
3321,2020-07-23,2020-08-04,2020,連續三次,10,9,0.06134969325153383,0.056924693251533834,-0.22699386503067487,3.654683189223647,False,True,True,False,3089294.0,True,False
3321,2024-02-27,2024-03-11,2024,連續三次,10,9,0.03475935828877019,0.030334358288770194,-0.03743315508021383,1.29353338339829,True,True,True,True,787102.0,False,False
3321,2025-03-11,2025-03-21,2025,連續三次,10,9,0.06374999999999997,0.059324999999999975,-0.025000000000000022,3.9574250737224714,True,True,True,True,416039.0,False,False
3323,2025-09-17,2025-10-02,2025,連續3個營業日及沖銷標準,12,11,0.024096385542168752,0.019671385542168754,-0.04417670682730912,0.5569619624369593,True,True,True,True,3014483.0,False,False
3324,2019-01-22,2019-02-12,2019,連續5個營業日,10,9,0.25560538116591935,0.25118038116591934,-0.017937219730941756,504.0463950448007,True,True,True,True,1292633.0,False,False
3324,2019-02-20,2019-03-06,2019,連續5個營業日,10,9,0.020408163265306145,0.015983163265306147,-0.0897959183673469,0.5534310103846014,True,True,True,True,859582.0,False,False
3325,2020-07-02,2020-07-14,2020,因連續3個營業日達本中心作業要點第四條第一項第一款,10,9,0.017274472168905985,0.012849472168905985,-0.028790786948176605,0.42569021738023194,True,True,True,True,2419358.0,False,False
3325,2020-08-28,2020-09-09,2020,最近10個營業日內有6個營業日,10,9,0.09517045454545436,0.09074545454545437,-0.039772727272727404,10.16535538388052,True,True,True,True,6820060.0,False,False
3338,2019-04-22,2019-05-03,2019,最近十個營業日已有六次,10,9,0.0212418300653594,0.016816830065359403,-0.06372549019607854,0.589230280266112,True,True,True,True,4186142.0,False,False
3339,2018-02-09,2018-03-02,2018,因連續3個營業日達本中心作業要點第四條第一項第一款,10,9,0.11428571428571432,0.10986071428571433,-0.06571428571428561,17.090799016010372,True,True,True,True,930728.0,False,False
3339,2018-06-12,2018-06-25,2018,因連續3個營業日達本中心作業要點第四條第一項第一款,10,9,0.06666666666666665,0.062241666666666653,-0.07619047619047625,4.350888590817193,True,True,True,True,147498.0,False,False
3339,2020-07-21,2020-07-31,2020,因連續3個營業日達本中心作業要點第四條第一項第一款,10,9,-0.0857908847184986,-0.0902158847184986,-0.14745308310991956,-0.9276566515491413,True,True,True,True,92045.0,False,False
3339,2021-01-12,2021-01-22,2021,因連續3個營業日達本中心作業要點第四條第一項第一款,10,9,-0.048231511254019255,-0.05265651125401925,-0.189710610932476,-0.777448847958621,True,True,True,True,652177.0,False,False
3339,2021-06-18,2021-06-30,2021,因連續3個營業日達本中心作業要點第四條第一項第一款,10,9,0.13812154696132595,0.13369654696132593,-0.0423572744014733,31.643796560964255,True,True,True,True,1813141.0,False,False
3339,2021-06-23,2021-07-05,2021,因連續3個營業日達本中心作業要點第四條第一項第一款,10,9,0.01277372262773735,0.00834872262773735,-0.018248175182481785,0.2597915171295033,True,True,True,True,508193.0,False,False
3339,2026-04-22,2026-05-05,2026,因連續3個營業日達本中心作業要點第四條第一項第一款,10,9,-0.14203730272596848,-0.1464623027259685,-0.32568149210903874,-0.9877109125197853,True,True,True,True,2735495.0,False,False
3339,2026-04-27,2026-05-08,2026,因連續3個營業日達本中心作業要點第四條第一項第一款,10,9,0.10734463276836159,0.1029196327683616,-0.11487758945386062,14.197568114368671,True,True,True,True,1137072.0,False,False
3346,2026-06-08,2026-06-18,2026,連續三次,10,9,-0.01455301455301461,-0.018978014553014608,-0.06444906444906451,-0.4127082517456586,True,True,True,True,1571242.0,False,False
3349,2025-02-13,2025-02-25,2025,因連續3個營業日達本中心作業要點第四條第一項第一款,10,9,-0.10232558139534875,-0.10675058139534875,-0.11627906976744184,-0.9565357962558044,True,True,True,True,17160.0,False,False
3354,2024-09-25,2024-10-07,2024,因連續3個營業日達本中心作業要點第四條第一項第一款,8,7,-0.014399999999999968,-0.018824999999999967,-0.06879999999999997,-0.4927393027086928,True,True,True,True,590429.0,False,False
3354,2026-01-05,2026-01-15,2025,因連續3個營業日達本中心作業要點第四條第一項第一款,10,9,0.12982456140350895,0.12539956140350894,-0.07017543859649122,25.61872598632615,True,True,True,True,954505.0,False,False
3356,2018-12-03,2018-12-13,2018,連續三次,10,9,-0.012121212121212088,-0.016546212121212087,-0.06060606060606055,-0.3708980390202522,True,True,True,True,1580241.0,False,False
3360,2024-02-05,2024-02-29,2024,連續3個營業日及沖銷標準,12,11,0.04502369668246442,0.04059869668246442,-0.1018957345971565,1.4705961715059406,True,True,True,True,6911416.0,False,False
3362,2021-03-16,2021-03-26,2021,因連續3個營業日達本中心作業要點第四條第一項第一款,10,9,0.05633802816901423,0.05191302816901423,-0.11651728553136997,3.0789740624820654,True,True,True,True,17485114.0,False,False
3362,2021-03-19,2021-03-31,2021,因連續3個營業日達本中心作業要點第四條第一項第一款,10,9,0.4580559254327565,0.4536309254327565,-0.02263648468708379,32553.826458050433,True,True,True,True,3096916.0,False,False
3362,2021-04-09,2021-04-21,2021,因連續3個營業日達本中心作業要點第四條第一項第一款,10,9,-0.13805970149253732,-0.14248470149253734,-0.26417910447761195,-0.9860167639381336,True,False,True,False,3616301.0,False,True
3362,2021-05-06,2021-05-18,2021,最近10個營業日內有6個營業日,10,9,-0.02763819095477371,-0.03206319095477371,-0.21733668341708545,-0.5955533255280117,True,True,True,True,784762.0,False,False
3362,2022-07-26,2022-08-09,2022,連續3個營業日及沖銷標準,12,11,0.0012690355329949554,-0.0031559644670050447,-0.08756345177664959,-0.06932010211743778,True,True,True,True,2469604.0,False,False
3362,2023-03-14,2023-03-28,2023,連續3個營業日及沖銷標準,12,11,-0.03686635944700456,-0.04129135944700456,-0.03686635944700456,-0.6164806257814899,True,False,True,False,1895117.0,False,True
3362,2023-07-26,2023-08-07,2023,連續5個營業日,9,8,0.039735099337748325,0.03531009933774833,-0.0927152317880795,1.9576826857234138,True,True,True,True,4010766.0,False,False
3362,2023-08-25,2023-09-06,2023,最近10個營業日內有6個營業日,10,9,0.06756756756756754,0.06314256756756755,0.0,4.47839046478042,True,True,True,True,719854.0,False,False
3362,2023-12-01,2023-12-13,2023,連續5個營業日,10,9,-0.008196721311475419,-0.012621721311475419,-0.030054644808743203,-0.2973067135559635,True,True,True,True,2869627.0,False,False
3362,2024-02-27,2024-03-11,2024,最近10個營業日內有6個營業日,10,9,-0.14901256732495516,-0.15343756732495517,-0.15619389587073607,-0.9902157495613652,True,True,True,True,1848697.0,False,False
3362,2026-08-07,2026-08-14,2026,連續5個營業日及沖銷標準,7,6,-0.0444444444444444,-0.048869444444444396,-0.05277777777777781,-0.8760236318650089,True,True,True,True,1090655.0,False,False
3363,2023-07-24,2023-08-07,2023,連續3個營業日及沖銷標準,11,10,-0.010973936899863035,-0.015398936899863035,-0.07956104252400564,-0.3215661495478912,True,True,True,True,3579521.0,False,False
3363,2024-03-07,2024-03-21,2024,連續5個營業日及沖銷標準,12,11,-0.1098039215686275,-0.1142289215686275,-0.1215686274509804,-0.936501821030685,True,True,True,True,3513956.0,False,False
3363,2024-05-30,2024-06-12,2024,最近10個營業日內有6個營業日,10,9,0.0610169491525423,0.0565919491525423,-0.04406779661016946,3.6141487255514813,True,True,True,True,2961519.0,False,False
3363,2024-06-26,2024-07-08,2024,最近10個營業日內有6個營業日,10,9,0.05723905723905731,0.05281405723905731,-0.03703703703703709,3.177147991640796,True,True,True,True,877508.0,False,False
3363,2024-07-18,2024-07-30,2024,連續5個營業日,8,7,-0.0092592592592593,-0.0136842592592593,-0.043209876543209846,-0.3886577182070138,True,True,True,True,725221.0,False,False
3363,2024-10-16,2024-10-28,2024,最近10個營業日內有6個營業日,10,9,-0.10212765957446812,-0.10655265957446812,-0.10425531914893615,-0.9562674848704317,True,True,True,True,3422494.0,False,True
3363,2024-11-07,2024-11-19,2024,連續5個營業日,10,9,-0.0049261083743842304,-0.00935110837438423,-0.09359605911330049,-0.22969991893780384,True,True,True,True,573797.0,False,False
3363,2024-12-02,2024-12-12,2024,最近10個營業日內有6個營業日,10,9,0.11694510739856812,0.11252010739856812,-0.019093078758949833,18.334355327559066,True,True,True,True,484627.0,False,False
3363,2024-12-25,2025-01-07,2024,最近10個營業日內有6個營業日,10,9,0.2786177105831533,0.2741927105831533,-0.006479481641468721,836.910578237786,True,True,True,True,406642.0,False,False
3363,2025-01-16,2025-02-10,2025,連續5個營業日及沖銷標準,12,11,0.05477308294209693,0.05034808294209693,-0.09233176838810642,2.05384173039843,True,True,True,True,2072529.0,False,False
3363,2025-02-25,2025-03-10,2025,最近10個營業日內有6個營業日,10,9,-0.1484375,-0.1528625,-0.1484375,-0.9900294380148026,True,False,True,False,723771.0,False,True
3363,2025-03-19,2025-03-31,2025,連續5個營業日,10,9,-0.1558219178082192,-0.1602469178082192,-0.1558219178082192,-0.9921819187163006,True,False,True,False,1208142.0,False,True
3363,2025-04-11,2025-04-23,2025,因連續3個營業日達本中心作業要點第四條第一項第一款,10,9,0.015923566878981,0.011498566878980999,-0.04458598726114649,0.3738022277116799,True,True,True,True,1624396.0,False,False
3363,2025-04-16,2025-04-28,2025,因連續3個營業日達本中心作業要點第四條第一項第一款,10,9,0.05714285714285716,0.052717857142857164,-0.1428571428571429,3.1665586253974363,True,True,True,True,646501.0,False,False
3363,2025-05-15,2025-05-27,2025,最近10個營業日內有6個營業日,10,9,0.01724137931034475,0.012816379310344751,-0.03879310344827591,0.42439684949474255,True,True,True,True,516494.0,False,False
3363,2025-06-10,2025-06-24,2025,連續5個營業日及沖銷標準,12,11,0.20920502092050208,0.20478002092050207,-0.004184100418409997,67.99421180519857,True,True,True,True,407441.0,False,False
3363,2025-08-21,2025-09-02,2025,連續5個營業日,10,9,0.0717423133235724,0.0673173133235724,-0.039531478770131745,5.1084646448595405,True,True,True,True,1175971.0,False,False
3363,2025-09-11,2025-09-23,2025,連續5個營業日,10,9,0.02872062663185382,0.02429562663185382,-0.08616187989556134,0.9480144718993619,True,True,True,True,573047.0,False,False
3363,2025-12-09,2025-12-19,2025,最近10個營業日內有6個營業日,10,9,0.02648171500630525,0.022056715006305253,-0.013871374527112179,0.833134501219114,True,True,True,True,1307762.0,False,False
3363,2026-03-04,2026-03-16,2026,因連續3個營業日達本中心作業要點第四條第一項第一款,10,9,0.04132231404958686,0.03689731404958686,-0.11900826446280988,1.7359247778649274,True,True,True,True,2509383.0,False,False
3363,2026-03-27,2026-04-10,2026,最近10個營業日內有6個營業日,10,9,0.29586776859504127,0.29144276859504126,-0.09090909090909094,1216.3662139432165,True,True,True,True,865030.0,False,False
3363,2026-04-28,2026-05-11,2026,最近10個營業日內有6個營業日,10,9,0.1589673913043479,0.15454239130434788,-0.014945652173913082,53.15117389087098,True,True,True,True,1144505.0,False,False
3372,2021-07-16,2021-07-28,2021,因連續3個營業日達本中心作業要點第四條第一項第一款,10,9,0.003603603603603567,-0.0008213963963964333,-0.027027027027026973,-0.02256740148312797,True,True,True,True,2708007.0,False,False
3372,2024-03-11,2024-03-21,2024,因連續3個營業日達本中心作業要點第四條第一項第一款,10,9,-0.07894736842105254,-0.08337236842105254,-0.1148325358851674,-0.9109151150926397,True,True,True,True,2262823.0,False,False
3373,2020-03-06,2020-03-18,2020,因連續3個營業日達本中心作業要點第四條第一項第一款,10,9,-0.23208191126279865,-0.23650691126279866,-0.3233788395904438,-0.9994446249161161,True,True,True,True,3447763.0,False,False
3373,2020-03-11,2020-03-23,2020,因連續3個營業日達本中心作業要點第四條第一項第一款,10,9,-0.012096774193548376,-0.016521774193548375,-0.2006048387096775,-0.37046365538747317,True,True,True,True,3043543.0,False,False
3373,2020-04-17,2020-04-29,2020,最近10個營業日內有6個營業日,10,9,0.22905027932960897,0.22462527932960896,-0.08240223463687135,277.3132559726838,True,True,True,True,1890682.0,False,False
3373,2020-05-11,2020-05-21,2020,因連續3個營業日達本中心作業要點第四條第一項第一款,10,9,0.2592592592592593,0.2548342592592593,-0.08796296296296291,546.6589639404414,True,True,True,True,2197505.0,False,False
3373,2022-09-13,2022-09-23,2022,因連續3個營業日達本中心作業要點第四條第一項第一款,10,9,-0.04561403508771933,-0.05003903508771933,-0.11403508771929827,-0.7597211447563615,True,True,True,True,304691.0,False,False
3373,2023-12-06,2023-12-20,2023,連續3個營業日及沖銷標準,12,11,0.020905923344947785,0.016480923344947787,-0.127177700348432,0.4499271863733054,True,True,True,True,764588.0,False,False
3374,2019-11-04,2019-11-14,2019,連續5個營業日,10,9,-0.041728763040238426,-0.046153763040238424,-0.10134128166915046,-0.7308745669820232,True,True,True,True,7041459.0,False,False
3374,2019-12-02,2019-12-12,2019,連續5個營業日,10,9,0.2299382716049383,0.22551327160493828,-0.020061728395061706,282.9738171689296,True,True,True,True,1398400.0,False,False
3374,2019-12-30,2020-01-10,2019,最近10個營業日內有6個營業日,10,9,-0.00864197530864197,-0.01306697530864197,-0.07407407407407407,-0.306055900249144,True,True,True,True,1855415.0,False,False
3374,2020-02-20,2020-03-04,2020,連續5個營業日,10,9,0.0011061946902655162,-0.003318805309734484,-0.07079646017699126,-0.08820706024636604,True,True,True,True,2926297.0,False,False
3374,2020-03-17,2020-03-27,2020,最近10個營業日內有6個營業日,10,9,0.05555555555555558,0.05113055555555558,-0.18518518518518523,2.995525559896374,True,True,True,True,6616441.0,False,False
3374,2020-03-20,2020-04-01,2020,因連續3個營業日達本中心作業要點第四條第一項第一款,10,9,0.326086956521739,0.321661956521739,-0.04347826086956519,2313.4897161534377,True,True,True,True,2923981.0,False,False
3374,2020-03-25,2020-04-08,2020,因連續3個營業日達本中心作業要點第四條第一項第一款,10,9,0.3254972875226041,0.3210722875226041,-0.04159132007233268,2284.9763441505083,False,True,True,False,3325300.0,True,False
3376,2024-03-12,2024-03-26,2024,連續三次及當日沖銷標準,12,11,-0.024752475247524774,-0.029177475247524773,-0.054455445544554504,-0.48981964599011574,True,False,True,False,1714043.0,False,True
3379,2021-04-22,2021-05-05,2021,因連續3個營業日達本中心作業要點第四條第一項第一款,10,9,-0.0838150289017342,-0.0882400289017342,-0.14161849710982666,-0.9231630634100413,True,True,True,True,1211379.0,False,False
3379,2024-06-07,2024-06-20,2024,因連續3個營業日達本中心作業要點第四條第一項第一款,10,9,0.3733031674208145,0.3688781674208145,-0.09276018099547512,6135.3627416398,True,True,True,True,1527481.0,False,False
3379,2024-06-25,2024-07-05,2024,因連續3個營業日達本中心作業要點第四條第一項第一款,10,9,0.36197440585009133,0.3575494058500913,-0.01645338208409519,4870.433494946972,True,True,True,True,499823.0,False,False
3379,2024-07-22,2024-08-01,2024,最近10個營業日內有6個營業日,8,7,0.08983451536643039,0.08540951536643039,-0.01891252955082734,17.672431584607768,True,True,True,True,549245.0,False,False
3379,2025-02-03,2025-02-17,2025,連續3個營業日及沖銷標準,12,11,0.047101449275362306,0.04267644927536231,-0.1032608695652174,1.5851758986683877,True,True,True,True,2670281.0,False,False
3383,2020-01-31,2020-02-12,2020,連續三次,10,9,0.16356107660455477,0.15913607660455475,0.0,59.466070625069506,True,True,True,True,66987.0,False,False
3383,2021-03-29,2021-04-12,2021,連續三次,10,9,-0.11090909090909096,-0.11533409090909096,-0.19454545454545458,-0.9667610728729247,True,True,True,True,356305.0,False,False
3383,2022-01-03,2022-01-13,2021,連續三次,10,9,-0.2776572668112799,-0.2820822668112799,-0.2874186550976139,-0.9998995211930289,False,False,True,False,1011119.0,True,True
3383,2022-01-06,2022-01-18,2022,連續三次,10,9,-0.45983606557377044,-0.46426106557377045,-0.5204918032786885,-0.9999999704251543,False,True,True,False,2887434.0,True,False
3383,2022-01-11,2022-01-21,2022,連續三次,10,9,-0.016460905349794275,-0.020885905349794273,-0.19753086419753096,-0.44362256044428416,True,False,True,False,569676.0,False,True
3383,2022-01-20,2022-02-10,2022,連續三次,10,9,-0.04419889502762431,-0.048623895027624306,-0.07596685082872923,-0.7495775180527804,True,True,True,True,922131.0,False,False
3383,2022-09-07,2022-09-20,2022,連續五次,10,9,0.0,-0.004425,-0.1923076923076923,-0.11590382297714663,True,False,True,False,1303367.0,False,True
3388,2026-04-24,2026-05-07,2026,因連續3個營業日達本中心作業要點第四條第一項第一款,10,9,-0.034782608695652195,-0.039207608695652194,-0.11304347826086958,-0.6707789141254008,True,True,True,True,1449231.0,False,False
3419,2021-11-19,2021-12-01,2021,連續三次,10,9,0.01845018450184499,0.01402518450184499,-0.01845018450184499,0.4723823164420988,True,True,True,True,6583960.0,False,False
3430,2025-10-09,2025-10-27,2025,連續5個營業日及沖銷標準,12,11,-0.028083028083028205,-0.032508028083028204,-0.11477411477411481,-0.5281501039164973,True,True,True,True,932123.0,False,False
3430,2026-04-29,2026-05-12,2026,因連續3個營業日達本中心作業要點第四條第一項第一款,10,9,0.5213675213675213,0.5169425213675213,-0.021367521367521403,106393.73677192214,True,True,True,True,1835615.0,False,False
3432,2022-08-15,2022-08-25,2022,連續三次,10,9,-0.010373443983402453,-0.014798443983402453,-0.1182572614107884,-0.33909146022097836,True,True,True,True,3179511.0,False,False
3432,2026-01-26,2026-02-05,2026,連續三次,10,9,0.021857923497267784,0.017432923497267785,-0.10655737704918034,0.6161962098079734,True,True,True,True,234334.0,False,False
3434,2022-04-25,2022-05-06,2022,因連續3個營業日達本中心作業要點第四條第一項第一款,10,9,0.2900552486187844,0.2856302486187844,-0.08839779005524873,1072.9950493737547,True,True,True,True,1063672.0,False,False
3434,2025-04-22,2025-05-05,2025,因連續3個營業日達本中心作業要點第四條第一項第一款,10,9,0.10420168067226898,0.09977668067226898,-0.04201680672268904,13.039363251021765,True,False,True,False,1158871.0,False,True
3437,2023-12-01,2023-12-13,2023,連續三次,10,9,0.016129032258064502,0.011704032258064502,-0.009677419354838679,0.3815750134292759,True,True,True,True,6037864.0,False,False
3437,2026-03-23,2026-04-02,2026,連續三次,10,9,-0.09977827050997778,-0.10420327050997778,-0.09977827050997778,-0.9529580465439724,True,False,True,False,2256172.0,False,True
3438,2018-12-13,2018-12-24,2018,因連續3個營業日達本中心作業要點第四條第一項第一款,10,9,0.002188183807439792,-0.002236816192560208,0.0,-0.06030824513541466,True,True,True,True,1069341.0,False,False
3438,2018-12-18,2018-12-27,2018,因連續3個營業日達本中心作業要點第四條第一項第一款,10,9,0.0,-0.004425,0.0,-0.11590382297714663,True,True,True,True,780244.0,False,False
3441,2026-06-24,2026-07-08,2026,連續3個營業日及沖銷標準,12,11,-0.15693430656934315,-0.16135930656934316,-0.18856447688564482,-0.9816730851929955,True,True,True,True,2309844.0,False,False
3443,2026-04-21,2026-05-04,2026,連續三次,10,9,0.29958391123439676,0.29515891123439675,0.0,1317.5146058535738,True,True,True,True,1074702.0,False,False
3444,2021-11-26,2021-12-08,2021,因連續3個營業日達本中心作業要點第四條第一項第一款,10,9,-0.06580829756795437,-0.07023329756795436,-0.07153075822603716,-0.8677183238311009,True,True,True,True,2321007.0,False,False
3444,2026-01-06,2026-01-16,2025,因連續3個營業日達本中心作業要點第四條第一項第一款,10,9,0.07172995780590741,0.06730495780590741,-0.012658227848101111,5.106500698398559,True,True,True,True,249200.0,False,False
3447,2024-11-01,2024-11-14,2024,連續三次及當日沖銷標準,11,10,0.15384615384615374,0.14942115384615373,0.0,31.5072057235001,True,False,True,False,2460067.0,False,True
3450,2024-09-06,2024-09-23,2024,連續五次及當日沖銷標準,12,11,0.17948717948717952,0.1750621794871795,-0.0064102564102563875,38.11037741572373,True,True,True,True,1974752.0,False,False
3450,2026-05-15,2026-05-27,2026,連續三次,10,9,0.16511627906976734,0.16069127906976732,-0.1151162790697674,61.76054470998356,True,True,True,True,4681703.0,False,False
3450,2026-07-02,2026-07-15,2026,最近十個營業日已有六次,10,9,-0.0010405827263267886,-0.005465582726326789,-0.060353798126951075,-0.1412162694347513,True,True,True,True,1392074.0,False,False
3455,2026-04-16,2026-04-28,2026,因連續3個營業日達本中心作業要點第四條第一項第一款,10,9,0.18206521739130443,0.17764021739130442,-0.021739130434782594,92.8799870931146,True,True,True,True,1448103.0,False,False
3455,2026-05-12,2026-05-22,2026,因連續3個營業日達本中心作業要點第四條第一項第一款,10,9,0.003424657534246478,-0.001000342465753522,-0.11643835616438358,-0.027418301613649998,True,True,True,True,537891.0,False,False
3465,2019-02-15,2019-02-27,2019,因連續3個營業日達本中心作業要點第四條第一項第一款,10,9,-0.08225108225108224,-0.08667608225108224,-0.1341991341991342,-0.9194166526896981,True,True,True,True,1002.0,False,False
3465,2020-04-30,2020-05-13,2020,因連續3個營業日達本中心作業要點第四條第一項第一款,10,9,-0.010000000000000009,-0.014425000000000009,-0.020000000000000018,-0.33209714960647463,True,True,True,True,14001.0,False,False
3465,2020-10-21,2020-11-02,2020,因連續3個營業日達本中心作業要點第四條第一項第一款,10,9,-0.06944444444444442,-0.07386944444444442,-0.07986111111111116,-0.8813608193762313,True,True,True,True,148111.0,False,False
3466,2022-05-27,2022-06-09,2022,因連續3個營業日達本中心作業要點第四條第一項第一款,10,9,-0.06968641114982577,-0.07411141114982576,-0.09756097560975607,-0.8822188259179937,True,True,True,True,2534797.0,False,False
3466,2024-04-16,2024-04-26,2024,因連續3個營業日達本中心作業要點第四條第一項第一款,10,9,0.03149606299212593,0.02707106299212593,-0.055118110236220486,1.1000804360098275,True,True,True,True,1109654.0,False,False
3466,2024-05-13,2024-05-23,2024,因連續3個營業日達本中心作業要點第四條第一項第一款,10,9,0.17324185248713575,0.16881685248713574,-0.0617495711835333,75.18092554200345,True,True,True,True,598362.0,False,False
3466,2024-06-03,2024-06-14,2024,因連續3個營業日達本中心作業要點第四條第一項第一款,10,9,0.21523579201934706,0.21081079201934705,-0.03264812575574372,202.08345021256233,True,True,True,True,650910.0,False,False
3467,2026-04-22,2026-05-05,2026,因連續3個營業日達本中心作業要點第四條第一項第一款,10,9,0.11371237458193972,0.10928737458193973,-0.0635451505016722,16.83299010506183,True,True,True,True,421732.0,False,False
3481,2026-01-09,2026-01-21,2026,連續三次,10,9,0.2928571428571427,0.2884321428571427,-0.06666666666666665,1139.9465471552926,True,True,True,True,171731636.0,False,False
3481,2026-06-08,2026-06-18,2026,最近十個營業日已有六次,10,9,0.33195449844881075,0.32752949844881074,-0.16752843846949328,2616.543407379038,True,True,True,True,88824555.0,False,False
3483,2019-04-09,2019-04-19,2019,因連續3個營業日達本中心作業要點第四條第一項第一款,10,9,-0.023423423423423406,-0.027848423423423405,-0.06126126126126119,-0.5436717493614052,True,False,True,False,2228247.0,False,True
3483,2019-05-03,2019-05-15,2019,因連續3個營業日達本中心作業要點第四條第一項第一款,10,9,0.002735978112175186,-0.0016890218878248143,-0.18604651162790686,-0.045871519939045924,True,True,True,True,330102.0,False,False
3483,2021-02-25,2021-03-10,2021,因連續3個營業日達本中心作業要點第四條第一項第一款,10,9,-0.018604651162790753,-0.02302965116279075,-0.041860465116279055,-0.47648719797064454,True,True,True,True,2103749.0,False,False
3483,2023-07-24,2023-08-04,2023,因連續3個營業日達本中心作業要點第四條第一項第一款,10,9,-0.12765957446808507,-0.13208457446808508,-0.21580547112462,-0.9804548463656979,True,True,True,True,7936658.0,False,False
3483,2023-07-27,2023-08-08,2023,因連續3個營業日達本中心作業要點第四條第一項第一款,9,8,-0.010309278350515427,-0.014734278350515427,-0.11340206185567014,-0.37115599832051405,True,True,True,True,2620691.0,False,False
3485,2026-06-04,2026-06-16,2026,因連續3個營業日達本中心作業要點第四條第一項第一款,10,9,-0.13661202185792354,-0.14103702185792355,-0.2295081967213115,-0.9853459783270178,True,True,True,True,523745.0,False,False
3491,2021-11-05,2021-11-17,2021,因連續3個營業日達本中心作業要點第四條第一項第一款,10,9,0.2127659574468086,0.20834095744680858,-0.03191489361702127,190.88523877370878,True,True,True,True,3900397.0,False,False
3491,2021-12-27,2022-01-11,2021,連續5個營業日及沖銷標準,12,11,-0.15116279069767447,-0.15558779069767448,-0.15116279069767447,-0.9785817400866176,True,False,True,False,1823243.0,False,True
3491,2024-05-30,2024-06-12,2024,連續5個營業日,10,9,0.03584229390680993,0.03141729390680993,-0.048387096774193505,1.361446048969737,True,True,True,True,2129455.0,False,False
3491,2025-12-22,2026-01-05,2025,最近10個營業日內有6個營業日,10,9,0.2139461172741679,0.2095211172741679,-0.006339144215530945,196.15972330127283,True,True,True,True,610046.0,False,False
3491,2026-01-27,2026-02-06,2026,最近10個營業日內有6個營業日,10,9,0.13063063063063063,0.12620563063063062,-0.058558558558558516,26.153439088250025,True,True,True,True,699584.0,False,False
3491,2026-02-09,2026-03-03,2026,最近10個營業日內有6個營業日,10,9,0.2744360902255638,0.2700110902255638,-0.05639097744360899,763.7897150155379,True,True,True,True,621088.0,False,False
3491,2026-03-06,2026-03-18,2026,最近10個營業日內有6個營業日,10,9,0.05904059040590415,0.05461559040590415,-0.1697416974169742,3.380313566655034,True,True,True,True,1662855.0,False,False
3491,2026-03-16,2026-03-26,2026,因連續3個營業日達本中心作業要點第四條第一項第一款,10,9,0.16981132075471694,0.16538632075471693,-0.05660377358490565,69.2079928215319,True,True,True,True,389013.0,False,False
3491,2026-05-28,2026-06-09,2026,最近30個營業日內有12個營業日,10,9,-0.14823529411764702,-0.15266029411764703,-0.17882352941176471,-0.9899631178528783,True,True,True,True,1093239.0,False,False
3492,2024-07-10,2024-07-22,2024,因連續3個營業日達本中心作業要點第四條第一項第一款,10,9,-0.029780564263322873,-0.03420556426332287,-0.0877742946708463,-0.6196963211432036,True,False,True,False,585521.0,False,True
3494,2022-06-17,2022-06-29,2022,連續三次,10,9,0.10803324099723,0.10360824099723,-0.030470914127423754,14.463355680722206,True,True,True,True,1709352.0,False,False
3494,2023-04-19,2023-05-02,2023,連續三次,10,9,0.0014144271570013522,-0.003010572842998648,-0.05940594059405935,-0.08034176280382921,True,True,True,True,170845.0,False,False
3498,2020-06-22,2020-07-06,2020,因連續3個營業日達本中心作業要點第四條第一項第一款,10,9,0.09386281588447676,0.08943781588447676,-0.10950661853188925,9.799441149296191,False,True,True,False,3761092.0,True,False
3498,2020-06-29,2020-07-09,2020,因連續3個營業日達本中心作業要點第四條第一項第一款,10,9,0.17972972972972978,0.17530472972972977,0.0,87.84327346401341,True,False,True,False,470912.0,False,True
3498,2026-05-21,2026-06-02,2026,因連續3個營業日達本中心作業要點第四條第一項第一款,10,9,-0.06333333333333335,-0.06775833333333335,-0.09333333333333338,-0.8575804140251695,True,True,True,True,955605.0,False,False
3504,2018-06-15,2018-06-28,2018,最近十個營業日已有六次,10,9,-0.3484848484848485,-0.3529098484848485,-0.3484848484848485,-0.9999943892367182,True,False,True,False,3323211.0,False,True
3504,2020-03-24,2020-04-07,2020,連續三次,10,9,0.3560209424083769,0.3515959424083769,0.0,4310.570945591006,True,True,True,True,462021.0,False,False
3508,2018-01-12,2018-01-24,2018,最近10個營業日內有6個營業日,10,9,0.0,-0.004425,-0.0248565965583174,-0.11590382297714663,True,True,True,True,1788270.0,False,False
3508,2020-03-24,2020-04-07,2020,因連續3個營業日達本中心作業要點第四條第一項第一款,10,9,0.19599999999999995,0.19157499999999994,-0.008000000000000007,129.1615936649997,True,True,True,True,413082.0,False,False
3508,2021-11-18,2021-12-02,2021,連續3個營業日及沖銷標準,12,11,-0.06934306569343063,-0.07376806569343063,-0.1523722627737225,-0.8247610306427804,True,False,True,False,5017613.0,False,True
3508,2021-12-21,2022-01-03,2021,最近10個營業日內有6個營業日,10,9,0.05061349693251538,0.04618849693251538,-0.018404907975460127,2.50526269618493,True,True,True,True,1738981.0,False,False
3508,2022-07-04,2022-07-18,2022,連續3個營業日及沖銷標準,12,11,0.24607329842931924,0.24164829842931923,-0.03141361256544506,135.87740596507592,True,True,True,True,4901266.0,False,False
3508,2026-02-23,2026-03-06,2026,因連續3個營業日達本中心作業要點第四條第一項第一款,10,9,0.0881542699724518,0.0837292699724518,-0.045454545454545414,8.333022461333,True,True,True,True,2413848.0,False,False
3508,2026-04-14,2026-04-24,2026,因連續3個營業日達本中心作業要點第四條第一項第一款,10,9,0.09594882729211096,0.09152382729211096,-0.04051172707889128,10.388810009970854,True,True,True,True,2313388.0,False,False
3508,2026-04-17,2026-04-29,2026,因連續3個營業日達本中心作業要點第四條第一項第一款,10,9,-0.02788844621513953,-0.03231344621513953,-0.043824701195219196,-0.5984479507924254,True,True,True,True,533516.0,False,False
3518,2026-04-27,2026-05-08,2026,連續三次,10,9,0.17647058823529416,0.17204558823529414,-0.06045751633986929,81.24795790125756,True,True,True,True,828454.0,False,False
3519,2018-11-27,2018-12-07,2018,連續三次,10,9,-0.03105590062111807,-0.03548090062111807,-0.1149068322981367,-0.6334022657938543,True,True,True,True,556002.0,False,False
3519,2019-01-30,2019-02-20,2019,連續三次,10,9,-0.18518518518518512,-0.18961018518518513,-0.2500000000000001,-0.9970911488272578,True,True,True,True,493619.0,False,False
3520,2018-04-17,2018-04-27,2018,因連續3個營業日達本中心作業要點第四條第一項第一款,10,9,0.1428571428571428,0.13843214285714278,0.0,35.651139315416415,True,True,True,True,419460.0,False,False
3520,2018-04-27,2018-05-10,2018,因連續3個營業日達本中心作業要點第四條第一項第一款,10,9,-0.07599999999999996,-0.08042499999999995,-0.12,-0.9026060216650743,True,True,True,True,153000.0,False,False
3520,2018-08-29,2018-09-10,2018,因連續3個營業日達本中心作業要點第四條第一項第一款,10,9,0.13826815642458112,0.1338431564245811,-0.06284916201117319,31.76126345485605,True,True,True,True,61008.0,False,False
3520,2019-04-18,2019-04-30,2019,因連續3個營業日達本中心作業要點第四條第一項第一款,10,9,0.0028901734104047616,-0.0015348265895952385,-0.09826589595375723,-0.04176940310261834,True,True,True,True,593093.0,False,False
3520,2020-07-14,2020-07-24,2020,因連續3個營業日達本中心作業要點第四條第一項第一款,10,9,0.0053050397877982824,0.0008800397877982823,-0.18832891246684358,0.024735775582102937,True,True,True,True,434053.0,False,False
3520,2022-08-29,2022-09-08,2022,因連續3個營業日達本中心作業要點第四條第一項第一款,10,9,-0.04883227176220817,-0.053257271762208166,-0.04883227176220817,-0.7813360603273846,True,True,True,True,1866057.0,False,False
3522,2020-04-13,2020-04-23,2020,因連續3個營業日達本中心作業要點第四條第一項第一款,10,9,0.19517543859649145,0.19075043859649143,-0.06798245614035081,126.68266790802178,True,True,True,True,400286.0,False,False
3522,2020-12-01,2020-12-11,2020,因連續3個營業日達本中心作業要點第四條第一項第一款,10,9,-0.420479302832244,-0.424904302832244,-0.4270152505446623,-0.9999997881080803,False,True,True,False,11270629.0,True,False
3522,2020-12-04,2020-12-16,2020,因連續3個營業日達本中心作業要點第四條第一項第一款,10,9,-0.26329787234042556,-0.2677228723404256,-0.3164893617021277,-0.9998258252242754,True,True,True,True,66814.0,False,False
3522,2020-12-16,2020-12-28,2020,因連續3個營業日達本中心作業要點第四條第一項第一款,10,9,0.07003891050583655,0.06561391050583655,-0.015564202334630295,4.8433697086213225,True,True,True,True,441000.0,False,False
3523,2018-10-01,2018-10-12,2018,因連續3個營業日達本中心作業要點第四條第一項第一款,10,9,-0.12865497076023402,-0.13307997076023403,-0.1871345029239767,-0.9810680446604464,True,True,True,True,152502.0,False,False
3523,2022-09-15,2022-09-27,2022,因連續3個營業日達本中心作業要點第四條第一項第一款,10,9,0.07541899441340782,0.07099399441340783,-0.022346368715083775,5.7207486552048605,True,True,True,True,86739.0,False,False
3523,2026-06-04,2026-06-16,2026,因連續3個營業日達本中心作業要點第四條第一項第一款,10,9,-0.31182795698924726,-0.31625295698924727,-0.37419354838709673,-0.999974072370626,False,True,True,False,129978.0,True,False
3523,2026-06-09,2026-06-22,2026,因連續3個營業日達本中心作業要點第四條第一項第一款,10,9,0.040000000000000036,0.03557500000000004,-0.17142857142857137,1.640644458012126,True,True,True,True,46872.0,False,False
3527,2021-08-26,2021-09-07,2021,因連續3個營業日達本中心作業要點第四條第一項第一款,10,9,0.0,-0.004425,-0.07287449392712553,-0.11590382297714663,True,True,True,True,1728031.0,False,False
3527,2021-08-31,2021-09-10,2021,因連續3個營業日達本中心作業要點第四條第一項第一款,10,9,-0.04958677685950408,-0.054011776859504076,-0.04958677685950408,-0.7861254243962807,True,False,True,False,809346.0,False,True
3528,2025-03-19,2025-04-02,2025,連續三次及當日沖銷標準,12,11,-0.12076749435665901,-0.12519249435665902,-0.23927765237020304,-0.9521557713292126,True,True,True,True,1594991.0,False,False
3528,2026-06-04,2026-06-16,2026,連續三次,10,9,-0.1021897810218978,-0.1066147810218978,-0.18613138686131392,-0.9563518708537906,True,True,True,True,902161.0,False,False
3529,2020-08-10,2020-08-20,2020,最近10個營業日內有6個營業日,10,9,-0.06666666666666665,-0.07109166666666665,-0.1316666666666667,-0.8710690465312235,True,True,True,True,486056.0,False,False
3529,2026-03-03,2026-03-13,2026,因連續3個營業日達本中心作業要點第四條第一項第一款,10,9,-0.027450980392156876,-0.031875980392156875,-0.1568627450980392,-0.5933747773927761,True,True,True,True,871423.0,False,False
3529,2026-04-24,2026-05-07,2026,因連續3個營業日達本中心作業要點第四條第一項第一款,10,9,0.19720101781170474,0.19277601781170473,-0.0330788804071247,132.8554535907074,True,True,True,True,925837.0,False,False
3530,2020-11-30,2020-12-10,2020,連續三次,10,9,0.014814814814814836,0.010389814814814836,-0.08148148148148149,0.33258010341334376,True,True,True,True,2211285.0,False,False
3530,2021-06-11,2021-06-24,2021,連續三次,10,9,-0.03529411764705881,-0.03971911764705881,-0.11470588235294121,-0.675613021588469,True,True,True,True,2919633.0,False,False
3532,2026-04-20,2026-04-30,2026,連續三次,10,9,-0.0052631578947368585,-0.009688157894736859,-0.12105263157894741,-0.23694685330093324,True,True,True,True,2805576.0,False,False
3532,2026-05-13,2026-05-25,2026,連續三次,10,9,0.054054054054053946,0.04962905405405395,-0.22972972972972971,2.8399802346991847,True,True,True,True,844669.0,False,False
3532,2026-06-02,2026-06-12,2026,連續三次,10,9,0.006163328197226425,0.0017383281972264252,-0.1956856702619415,0.04942770603280744,True,True,True,True,1533148.0,False,False
3532,2026-06-24,2026-07-06,2026,連續三次,10,9,0.11385459533607678,0.10942959533607678,-0.10836762688614543,16.896609019835335,True,True,True,True,641665.0,False,False
3532,2026-08-04,2026-08-10,2026,連續三次,6,5,-0.0035211267605633756,-0.007946126760563376,-0.008802816901408494,-0.3289376823636737,True,True,True,True,570073.0,False,False
3535,2019-03-29,2019-04-12,2019,連續三次,10,9,-0.16581632653061218,-0.1702413265306122,-0.16581632653061218,-0.9943938962227011,True,False,True,False,7425674.0,False,True
3535,2019-04-03,2019-04-17,2019,連續三次,10,9,0.05084745762711873,0.04642245762711873,-0.09463276836158196,2.52710266119449,True,True,True,True,2277556.0,False,False
3535,2022-05-24,2022-06-08,2022,連續五次及當日沖銷標準,12,11,0.00657894736842124,0.0021539473684212395,-0.009868421052631526,0.05011607260460105,True,True,True,True,6572905.0,False,False
3535,2024-07-18,2024-07-30,2024,最近十個營業日已有六次,8,7,0.04647887323943656,0.04205387323943656,-0.08450704225352113,3.3544641613311494,True,True,True,True,6292153.0,False,False
3535,2026-06-09,2026-06-22,2026,最近十個營業日已有六次,10,9,0.01984126984126977,0.01541626984126977,-0.059523809523809534,0.5295329119065375,True,True,True,True,1424921.0,False,False
3536,2020-09-14,2020-09-24,2020,連續三次,10,9,-0.06769230769230772,-0.07211730769230772,-0.0723076923076923,-0.8749655085650381,True,True,True,True,457332.0,False,False
3536,2020-09-17,2020-09-29,2020,連續三次,10,9,-0.31846153846153846,-0.3228865384615385,-0.31846153846153846,-0.999980223413501,True,False,True,False,259360.0,False,True
3536,2021-04-29,2021-05-12,2021,連續三次,10,9,-0.22616822429906547,-0.23059322429906548,-0.2514018691588785,-0.9993118757724463,False,False,True,False,1304616.0,True,True
3536,2021-05-05,2021-05-17,2021,連續三次,10,9,-0.30192307692307696,-0.306348076923077,-0.30192307692307696,-0.9999613395844309,True,False,True,False,874286.0,False,True
3537,2024-06-03,2024-06-14,2024,因連續3個營業日達本中心作業要點第四條第一項第一款,10,9,-0.07538461538461538,-0.07980961538461538,-0.10769230769230764,-0.9007792457952498,True,True,True,True,1494796.0,False,False
3540,2020-07-24,2020-08-05,2020,因連續3個營業日達本中心作業要點第四條第一項第一款,10,9,0.029641185647425905,0.025216185647425907,-0.12636505460218406,0.9972355055912956,True,True,True,True,5880181.0,False,False
3545,2021-03-22,2021-04-01,2021,連續三次,10,9,0.2515723270440251,0.2471473270440251,-0.11949685534591192,460.72376585608487,True,True,True,True,10098956.0,False,False
3548,2023-09-12,2023-09-22,2023,因連續3個營業日達本中心作業要點第四條第一項第一款,10,9,0.10788381742738595,0.10345881742738595,-0.024896265560165998,14.405303527464694,True,True,True,True,1853330.0,False,False
3548,2023-12-06,2023-12-18,2023,最近10個營業日內有6個營業日,10,9,-0.1645299145299145,-0.1689549145299145,-0.1923076923076923,-0.9941473898113768,True,True,True,True,1207717.0,False,False
3550,2024-09-03,2024-09-13,2024,連續三次,10,9,0.002008032128514081,-0.002416967871485919,-0.15461847389558225,-0.06500982950835554,True,True,True,True,5003633.0,False,False
3552,2020-03-20,2020-04-01,2020,因連續3個營業日達本中心作業要點第四條第一項第一款,10,9,0.21912350597609564,0.21469850597609563,-0.015936254980079778,220.99702166140165,True,True,True,True,1368066.0,False,False
3552,2020-03-25,2020-04-08,2020,因連續3個營業日達本中心作業要點第四條第一項第一款,10,9,0.3272727272727274,0.32284772727272737,-0.06545454545454543,2371.869009621992,False,True,True,False,108000.0,True,False
3552,2020-04-21,2020-05-04,2020,因連續3個營業日達本中心作業要點第四條第一項第一款,10,9,-0.06822810590631367,-0.07265310590631367,-0.19144602851323822,-0.8769556389888711,True,True,True,True,403014.0,False,False
3552,2020-05-19,2020-05-29,2020,因連續3個營業日達本中心作業要點第四條第一項第一款,10,9,0.12307692307692308,0.11865192307692309,-0.019230769230769273,21.523618080317483,True,True,True,True,525119.0,False,False
3552,2020-08-12,2020-08-24,2020,因連續3個營業日達本中心作業要點第四條第一項第一款,10,9,-0.12371134020618557,-0.12813634020618558,-0.13092783505154637,-0.9778285660179493,True,True,True,True,2387443.0,False,False
3552,2021-01-14,2021-01-26,2021,因連續3個營業日達本中心作業要點第四條第一項第一款,10,9,0.18250950570342206,0.17808450570342205,-0.09125475285171103,93.86880897844674,True,True,True,True,2771050.0,False,False
3552,2021-02-04,2021-02-25,2021,連續5個營業日,10,9,0.11551155115511547,0.11108655115511547,-0.018151815181518205,17.6541190969292,True,True,True,True,810071.0,False,False
3552,2021-03-09,2021-03-19,2021,連續5個營業日,10,9,0.19123505976095623,0.18681005976095622,0.0,115.45146826571599,True,True,True,True,1254075.0,False,False
3552,2021-04-06,2021-04-16,2021,最近10個營業日內有6個營業日,10,9,-0.17948717948717952,-0.18391217948717953,-0.27564102564102566,-0.9964661580495567,True,True,True,True,747590.0,False,False
3555,2019-04-02,2019-04-16,2019,因連續3個營業日達本中心作業要點第四條第一項第一款,10,9,-0.07627118644067798,-0.08069618644067798,-0.07627118644067798,-0.9034007095566656,True,True,True,True,69114.0,False,False
3555,2024-04-16,2024-04-26,2024,因連續3個營業日達本中心作業要點第四條第一項第一款,10,9,0.02998500749625177,0.02556000749625177,-0.09745127436281864,1.0159249370665924,True,True,True,True,133832.0,False,False
3555,2025-08-20,2025-09-01,2025,因連續3個營業日達本中心作業要點第四條第一項第一款,10,9,-0.16104294478527603,-0.16546794478527604,-0.19325153374233128,-0.9934255148214719,True,True,True,True,554492.0,False,False
3555,2025-08-25,2025-09-04,2025,因連續3個營業日達本中心作業要點第四條第一項第一款,10,9,-0.18066561014263072,-0.18509061014263073,-0.18066561014263072,-0.9966051975987306,True,True,True,True,119323.0,False,False
3555,2025-10-09,2025-10-22,2025,因連續3個營業日達本中心作業要點第四條第一項第一款,10,9,0.12125534950071337,0.11683034950071337,-0.07275320970042787,20.526725810919803,True,True,True,True,140385.0,False,False
3555,2026-02-06,2026-03-02,2026,因連續3個營業日達本中心作業要點第四條第一項第一款,10,9,0.12831858407079655,0.12389358407079655,-0.05752212389380529,24.646795601489988,True,False,True,False,254953.0,False,True
3555,2026-03-19,2026-03-31,2026,因連續3個營業日達本中心作業要點第四條第一項第一款,10,9,-0.2870813397129187,-0.2915063397129187,-0.3038277511961722,-0.9999303909365358,True,True,True,True,204838.0,False,False
3555,2026-03-24,2026-04-07,2026,因連續3個營業日達本中心作業要點第四條第一項第一款,10,9,-0.08839779005524862,-0.09282279005524861,-0.19613259668508287,-0.9331992364224198,True,True,True,True,98455.0,False,False
3555,2026-04-23,2026-05-06,2026,因連續3個營業日達本中心作業要點第四條第一項第一款,10,9,-0.007952286282306154,-0.012377286282306154,-0.09343936381709739,-0.29245848210697356,True,True,True,True,125906.0,False,True
3556,2026-06-08,2026-06-18,2026,因連續3個營業日達本中心作業要點第四條第一項第一款,10,9,0.08823529411764697,0.08381029411764697,-0.05147058823529416,8.352424539930228,True,True,True,True,889612.0,False,False
3564,2023-07-12,2023-07-24,2023,因連續3個營業日達本中心作業要點第四條第一項第一款,10,9,0.23898305084745752,0.2345580508474575,-0.07627118644067798,347.32653068153166,True,True,True,True,747860.0,False,False
3576,2026-03-06,2026-03-18,2026,連續三次,10,9,0.19069767441860463,0.18627267441860462,-0.10465116279069764,113.99561892167964,True,True,True,True,29371521.0,False,False
3577,2025-07-09,2025-07-21,2025,因連續3個營業日達本中心作業要點第四條第一項第一款,10,9,0.23391812865497075,0.22949312865497073,0.0,309.73618602981395,True,True,True,True,1000309.0,False,False
3581,2024-07-03,2024-07-17,2024,連續3個營業日及沖銷標準,12,11,0.18077803203661325,0.17635303203661323,-0.008009153318077833,39.09858105610436,True,True,True,True,2501750.0,False,False
3581,2025-10-13,2025-10-23,2025,因連續3個營業日達本中心作業要點第四條第一項第一款,10,9,-0.024793388429752095,-0.029218388429752093,-0.04793388429752066,-0.561201596867886,True,True,True,True,977031.0,False,False
3581,2026-04-21,2026-05-04,2026,因連續3個營業日達本中心作業要點第四條第一項第一款,10,9,0.372822299651568,0.368397299651568,-0.010452961672473893,6075.76522986738,False,True,True,False,478071.0,True,False
3581,2026-04-24,2026-05-07,2026,因連續3個營業日達本中心作業要點第四條第一項第一款,10,9,0.3072463768115943,0.30282137681159427,-0.1594202898550725,1552.2685633249118,False,True,True,False,1362733.0,True,False
3581,2026-04-29,2026-05-12,2026,因連續3個營業日達本中心作業要點第四條第一項第一款,10,9,0.5704697986577181,0.5660447986577181,-0.01342281879194629,257765.9673310027,True,True,True,True,542768.0,False,False
3581,2026-05-12,2026-05-22,2026,因連續3個營業日達本中心作業要點第四條第一項第一款,10,9,0.03333333333333344,0.02890833333333344,-0.19999999999999996,1.2069718639658142,True,True,True,True,224839.0,False,False
3581,2026-06-10,2026-06-23,2026,因連續3個營業日達本中心作業要點第四條第一項第一款,10,9,0.2705882352941176,0.26616323529411756,-0.04705882352941182,701.9688565418293,True,True,True,True,1224778.0,False,False
3581,2026-06-15,2026-06-26,2026,因連續3個營業日達本中心作業要點第四條第一項第一款,10,9,-0.03424657534246578,-0.03867157534246578,-0.08904109589041098,-0.6656385378510716,True,False,True,False,259613.0,False,True
3583,2026-04-16,2026-04-28,2026,連續三次,10,9,0.03797468354430378,0.03354968354430378,-0.03656821378340369,1.5008824982478277,True,True,True,True,1125989.0,False,False
3587,2026-03-30,2026-04-13,2026,因連續3個營業日達本中心作業要點第四條第一項第一款,10,9,0.42376681614349776,0.41934181614349775,-0.0358744394618834,16773.084750671704,True,True,True,True,710492.0,False,False
3593,2019-12-12,2019-12-24,2019,連續三次,10,9,0.16923076923076907,0.16480576923076906,-0.1048951048951049,68.2429180209624,True,True,True,True,154242.0,False,False
3593,2024-07-17,2024-07-29,2024,連續三次,8,7,-0.029023746701847042,-0.03344874670184704,-0.09762532981530336,-0.7033000730757313,True,True,True,True,623450.0,False,False
3593,2024-11-27,2024-12-09,2024,連續三次,10,9,0.10612855007473843,0.10170355007473843,-0.22122571001494773,13.738905921502148,True,True,True,True,670519.0,False,False
3593,2024-12-02,2024-12-12,2024,連續三次,10,9,0.1691842900302114,0.1647592900302114,-0.0015105740181268201,68.16620907940218,False,True,True,False,502800.0,True,False
3593,2026-04-21,2026-05-04,2026,連續三次,10,9,0.005063291139240533,0.0006382911392405332,-0.05316455696202538,0.017882667147078646,True,True,True,True,121848.0,False,False
3597,2024-12-02,2024-12-12,2024,因連續3個營業日達本中心作業要點第四條第一項第一款,10,9,-0.2054108216432866,-0.20983582164328662,-0.20741482965931868,-0.9985584990764872,True,True,True,True,770132.0,False,False
3609,2020-07-22,2020-08-03,2020,因連續3個營業日達本中心作業要點第四條第一項第一款,10,9,-0.20355191256830607,-0.20797691256830608,-0.2978142076502732,-0.9984612705634711,True,True,True,True,56096.0,False,False
3609,2021-07-06,2021-07-16,2021,因連續3個營業日達本中心作業要點第四條第一項第一款,10,9,0.027027027027026973,0.022602027027026975,-0.05045045045045038,0.8604977370903752,True,True,True,True,341074.0,False,False
3609,2024-04-19,2024-05-02,2024,因連續3個營業日達本中心作業要點第四條第一項第一款,10,9,0.07894736842105265,0.07452236842105266,-0.015789473684210575,6.363700724632385,True,True,True,True,31163.0,False,False
3622,2020-11-26,2020-12-08,2020,連續三次,10,9,-0.03453689167974883,-0.038961891679748825,-0.10518053375196235,-0.6684321003873808,True,True,True,True,6357922.0,False,False
3623,2023-11-28,2023-12-08,2023,因連續3個營業日達本中心作業要點第四條第一項第一款,10,9,0.04581673306772904,0.041391733067729045,-0.042828685258964216,2.0851854280498494,True,True,True,True,1817360.0,False,False
3623,2023-12-01,2023-12-13,2023,因連續3個營業日達本中心作業要點第四條第一項第一款,10,9,-0.12130177514792906,-0.12572677514792907,-0.12130177514792906,-0.9760619770261044,True,False,True,False,502589.0,False,True
3623,2023-12-22,2024-01-04,2023,因連續3個營業日達本中心作業要點第四條第一項第一款,10,9,-0.10014947683109121,-0.10457447683109121,-0.10014947683109121,-0.9534965408189136,True,False,True,False,399587.0,False,True
3623,2025-08-11,2025-08-21,2025,因連續3個營業日達本中心作業要點第四條第一項第一款,10,9,-0.024242424242424288,-0.028667424242424286,-0.04646464646464643,-0.5542310308123966,True,True,True,True,131086.0,False,False
3624,2018-06-01,2018-06-13,2018,因連續3個營業日達本中心作業要點第四條第一項第一款,10,9,0.3519230769230768,0.34749807692307677,0.0,3961.8193904849727,True,False,True,False,3932973.0,False,True
3624,2018-06-15,2018-06-28,2018,因連續3個營業日達本中心作業要點第四條第一項第一款,10,9,0.10105580693815996,0.09663080693815997,-0.09653092006033182,11.965523526575739,True,True,True,True,2479374.0,False,False
3624,2026-05-25,2026-06-04,2026,因連續3個營業日達本中心作業要點第四條第一項第一款,10,9,0.08947368421052637,0.08504868421052637,-0.10947368421052639,8.653853068665184,True,False,True,False,4391141.0,False,True
3624,2026-06-26,2026-07-13,2026,連續5個營業日及沖銷標準,12,11,-0.1333333333333333,-0.13775833333333332,-0.16666666666666663,-0.9655631945331503,True,False,True,False,2079151.0,False,True
3624,2026-07-24,2026-08-05,2026,連續3個營業日,10,9,-0.16331096196868022,-0.16773596196868024,-0.37248322147651014,-0.9939041907547947,True,True,True,True,584781.0,False,False
3624,2026-08-05,2026-08-10,2026,連續3個營業日,5,4,0.1322314049586779,0.1278064049586779,-0.03581267217630846,1838.3305834023993,True,True,True,True,1254173.0,False,False
3625,2024-11-26,2024-12-06,2024,因連續3個營業日達本中心作業要點第四條第一項第一款,10,9,0.26234567901234573,0.2579206790123457,-0.11419753086419748,585.335265345263,True,True,True,True,1413462.0,False,False
3625,2024-12-11,2024-12-23,2024,因連續3個營業日達本中心作業要點第四條第一項第一款,10,9,-0.08169014084507042,-0.08611514084507042,-0.08450704225352113,-0.91803050057656,True,True,True,True,1198897.0,False,True
3628,2018-04-23,2018-05-04,2018,因連續3個營業日達本中心作業要點第四條第一項第一款,10,9,-0.04129263913824066,-0.04571763913824066,-0.07540394973070019,-0.7274354677232867,True,True,True,True,525362.0,False,False
3628,2025-10-09,2025-10-22,2025,連續5個營業日,10,9,0.06666666666666665,0.062241666666666653,-0.05442176870748294,4.350888590817193,True,True,True,True,630473.0,False,False
3629,2019-09-25,2019-10-07,2019,因連續3個營業日達本中心作業要點第四條第一項第一款,9,8,-0.045060658578856216,-0.049485658578856215,-0.098786828422877,-0.7952572369907891,False,False,True,False,177890.0,True,True
3629,2019-10-01,2019-10-14,2019,因連續3個營業日達本中心作業要點第四條第一項第一款,9,8,-0.2894736842105263,-0.29389868421052634,-0.2894736842105263,-0.999981072450113,False,False,True,False,114079.0,True,True
3629,2019-10-04,2019-10-18,2019,因連續3個營業日達本中心作業要點第四條第一項第一款,10,9,-0.3889705882352942,-0.3933955882352942,-0.3919117647058823,-0.999999067606976,True,True,True,True,20133.0,False,False
3629,2019-10-21,2019-10-31,2019,因連續3個營業日達本中心作業要點第四條第一項第一款,10,9,0.2768361581920904,0.2724111581920904,-0.001129943502824804,804.9694516135099,True,True,True,True,22000.0,False,False
3629,2022-05-18,2022-05-30,2022,因連續3個營業日達本中心作業要點第四條第一項第一款,10,9,0.1446153846153848,0.1401903846153848,-0.06461538461538463,37.256465159220255,True,True,True,True,5000.0,False,False
3629,2023-03-31,2023-04-17,2023,因連續3個營業日達本中心作業要點第四條第一項第一款,10,9,0.17999999999999994,0.17557499999999993,-0.06000000000000005,88.41252939739157,True,True,True,True,115467.0,False,False
3629,2023-04-28,2023-05-11,2023,因連續3個營業日達本中心作業要點第四條第一項第一款,10,9,0.044419134396355364,0.039994134396355366,-0.048974943052391806,1.9722153595063667,True,True,True,True,55150.0,False,False
3629,2024-04-10,2024-04-22,2024,因連續3個營業日達本中心作業要點第四條第一項第一款,10,9,-0.06909090909090909,-0.07351590909090909,-0.10545454545454536,-0.8800963522070012,True,True,True,True,32033.0,False,False
3629,2025-07-10,2025-07-22,2025,因連續3個營業日達本中心作業要點第四條第一項第一款,10,9,0.0,-0.004425,-0.07714285714285718,-0.11590382297714663,True,True,True,True,142356.0,False,False
3629,2025-07-15,2025-07-25,2025,因連續3個營業日達本中心作業要點第四條第一項第一款,10,9,-0.017341040462427793,-0.02176604046242779,-0.046242774566474076,-0.45734922669521416,True,True,True,True,23342.0,False,False
3630,2018-09-19,2018-10-02,2018,最近10個營業日內有6個營業日,10,9,0.11811023622047245,0.11368523622047245,0.0,18.9047757287918,True,True,True,True,1914064.0,False,False
3630,2019-01-18,2019-01-30,2019,最近10個營業日內有6個營業日,10,9,0.09885386819484254,0.09442886819484254,-0.00859598853868182,11.26147678617582,True,True,True,True,1670342.0,False,False
3630,2019-03-20,2019-04-01,2019,最近10個營業日內有6個營業日,10,9,-0.02030456852791873,-0.02472956852791873,-0.02030456852791873,-0.5012094006881018,True,True,True,True,5084710.0,False,False
3630,2019-05-16,2019-05-28,2019,最近10個營業日內有6個營業日,10,9,-0.05676855895196509,-0.061193558951965085,-0.11790393013100442,-0.8269291585785956,True,True,True,True,6630754.0,False,False
3630,2019-07-08,2019-07-18,2019,連續5個營業日,10,9,-0.025862068965517238,-0.030287068965517236,-0.11206896551724133,-0.5744237194284252,True,True,True,True,2133411.0,False,False
3631,2019-12-13,2019-12-25,2019,因連續3個營業日達本中心作業要點第四條第一項第一款,10,9,0.3119266055045873,0.30750160550458727,-0.012614678899082632,1714.9570430440897,True,True,True,True,237525.0,False,False
3631,2020-03-26,2020-04-09,2020,因連續3個營業日達本中心作業要點第四條第一項第一款,10,9,0.3460317460317459,0.3416067460317459,-0.031746031746031744,3507.693009194483,True,True,True,True,18000.0,False,False
3631,2026-04-29,2026-05-12,2026,因連續3個營業日達本中心作業要點第四條第一項第一款,10,9,0.07383419689119175,0.06940919689119175,-0.025906735751295318,5.449903041875449,True,True,True,True,110391.0,False,False
3632,2020-07-20,2020-07-30,2020,因連續3個營業日達本中心作業要點第四條第一項第一款,10,9,0.05138339920948609,0.04695839920948609,-0.06719367588932801,2.577627739560634,True,True,True,True,347584.0,False,False
3642,2021-11-25,2021-12-07,2021,因連續3個營業日達本中心作業要點第四條第一項第一款,10,9,-0.0012626262626261875,-0.005687626262626188,-0.0492424242424242,-0.14652636038196765,True,True,True,True,64022.0,False,False
3652,2024-07-03,2024-07-15,2024,連續五次,10,9,0.0,-0.004425,-0.10312500000000002,-0.11590382297714663,True,True,True,True,806840.0,False,False
3653,2026-04-28,2026-05-11,2026,連續三次,10,9,-0.18144750254842001,-0.18587250254842003,-0.2884811416921509,-0.9966945241802093,True,True,True,True,499182.0,False,False
3653,2026-05-15,2026-05-27,2026,連續三次,10,9,0.09063893016344715,0.08621393016344715,-0.1679049034175334,8.946015096433431,True,True,True,True,816195.0,False,False
3653,2026-08-12,2026-08-17,2026,連續三次,5,4,0.29454545454545444,0.29012045454545443,0.0,8210909.297329679,True,True,True,True,815990.0,False,False
3661,2020-07-02,2020-07-14,2020,連續三次,10,9,0.042718446601941684,0.038293446601941686,0.0,1.8401185541481224,True,True,True,True,1928395.0,False,False
3661,2021-01-14,2021-01-26,2021,連續三次,10,9,0.06580645161290333,0.06138145161290333,-0.032258064516129004,4.231817719089921,True,True,True,True,1104144.0,False,False
3661,2021-04-20,2021-05-03,2021,連續三次,10,9,-0.09959758551307851,-0.10402258551307851,-0.17505030181086523,-0.95269376382671,True,False,True,False,3693894.0,False,True
3661,2021-04-23,2021-05-06,2021,連續三次,10,9,-0.17667044167610424,-0.18109544167610425,-0.17667044167610424,-0.9961112182386882,True,False,True,False,1994845.0,False,True
3661,2021-04-28,2021-05-11,2021,連續三次,10,9,-0.04978354978354982,-0.05420854978354982,-0.21320346320346317,-0.7873577550172098,True,True,True,True,1802599.0,False,False
3663,2021-08-04,2021-08-16,2021,因連續3個營業日達本中心作業要點第四條第一項第一款,10,9,-0.017857142857142905,-0.022282142857142903,-0.16428571428571426,-0.46524594005462594,True,True,True,True,1948177.0,False,False
3664,2023-04-12,2023-04-24,2023,因連續3個營業日達本中心作業要點第四條第一項第一款,10,9,0.020036429872495543,0.015611429872495542,-0.02003642987249543,0.5377198417104196,True,True,True,True,1534611.0,False,False
3664,2023-04-17,2023-04-27,2023,因連續3個營業日達本中心作業要點第四條第一項第一款,10,9,0.07180385288966717,0.06737885288966718,-0.07180385288966729,5.118255615361063,True,True,True,True,598391.0,False,False
3664,2023-05-11,2023-05-23,2023,因連續3個營業日達本中心作業要點第四條第一項第一款,10,9,0.010282776349614275,0.005857776349614275,-0.08354755784061696,0.176143993810699,True,True,True,True,592595.0,False,False
3664,2023-07-06,2023-07-18,2023,最近10個營業日內有6個營業日,10,9,-0.09195402298850563,-0.09637902298850563,-0.11350574712643668,-0.9401040661866907,True,True,True,True,230616.0,False,False
3664,2026-04-13,2026-04-23,2026,因連續3個營業日達本中心作業要點第四條第一項第一款,10,9,-0.1791530944625408,-0.1835780944625408,-0.20738327904451692,-0.9964257519455746,True,False,True,False,75284.0,False,True
3664,2026-05-15,2026-05-27,2026,因連續3個營業日達本中心作業要點第四條第一項第一款,10,9,-0.16901408450704225,-0.17343908450704226,-0.1895991332611051,-0.994964071009953,True,True,True,True,90960.0,False,False
3665,2026-05-22,2026-06-03,2026,連續三次,10,9,0.022172949002217335,0.017747949002217336,-0.1352549889135255,0.630154523986886,True,True,True,True,2291246.0,False,False
3666,2020-11-26,2020-12-08,2020,連續5個營業日,10,9,0.3812600969305331,0.3768350969305331,-0.016155088852988664,7207.274807312434,True,True,True,True,1665280.0,False,False
3666,2020-12-08,2020-12-18,2020,最近10個營業日內有6個營業日,10,9,0.01856435643564347,0.01413935643564347,-0.03465346534653457,0.47699425532410755,True,True,True,True,699311.0,False,False
3669,2020-08-13,2020-08-25,2020,連續三次,10,9,0.5786082474226806,0.5741832474226806,0.0,297684.6860596573,True,True,True,True,5287196.0,False,False
3669,2020-11-16,2020-11-26,2020,最近十個營業日已有六次,10,9,0.004405286343612369,-1.9713656387631076e-05,-0.03083700440528636,-0.0005474570546804003,True,True,True,True,1571064.0,False,False
3672,2020-03-30,2020-04-13,2020,因連續3個營業日達本中心作業要點第四條第一項第一款,10,9,0.23214285714285698,0.22771785714285697,0.0,297.5110091945029,True,True,True,True,77024.0,False,False
3672,2021-12-01,2021-12-13,2021,因連續3個營業日達本中心作業要點第四條第一項第一款,10,9,0.24528301886792447,0.24085801886792446,-0.06064690026954178,400.22818540385526,True,True,True,True,1243230.0,False,False
3675,2021-07-16,2021-07-28,2021,因連續3個營業日達本中心作業要點第四條第一項第一款,10,9,-0.009615384615384581,-0.014040384615384581,-0.09935897435897434,-0.3248190396375319,True,True,True,True,778563.0,False,False
3675,2021-08-31,2021-09-10,2021,因連續3個營業日達本中心作業要點第四條第一項第一款,10,9,0.036414565826330625,0.031989565826330627,-0.08683473389355745,1.3981128643305256,True,True,True,True,992128.0,False,False
3675,2021-10-28,2021-11-11,2021,連續3個營業日及沖銷標準,12,11,-0.07485604606525909,-0.07928104606525908,-0.09021113243761991,-0.8469947100271035,True,True,True,True,1225980.0,False,False
3675,2022-07-06,2022-07-20,2022,連續3個營業日及沖銷標準,12,11,0.11734693877551017,0.11292193877551017,-0.13520408163265307,10.376691771814908,True,True,True,True,1070709.0,False,False
3675,2022-07-11,2022-07-21,2022,因連續3個營業日達本中心作業要點第四條第一項第一款,10,9,0.2338709677419355,0.22944596774193549,-0.05913978494623651,309.405266496036,True,True,True,True,246831.0,False,False
3675,2026-05-27,2026-06-08,2026,因連續3個營業日達本中心作業要點第四條第一項第一款,10,9,-0.05722070844686644,-0.06164570844686644,-0.07901907356948223,-0.829229696836966,False,False,True,False,1800228.0,True,True
3675,2026-06-29,2026-07-09,2026,因連續3個營業日達本中心作業要點第四條第一項第一款,10,9,0.10924369747899165,0.10481869747899165,-0.037815126050420145,14.941464150622497,True,False,True,False,501978.0,False,True
3675,2026-07-24,2026-08-05,2026,連續3個營業日,10,9,0.06150793650793651,0.05708293650793651,-0.22817460317460314,3.6740804151040667,True,True,True,True,283143.0,False,False
3680,2019-12-10,2019-12-20,2019,最近10個營業日內有6個營業日,10,9,0.0,-0.004425,-0.016853932584269704,-0.11590382297714663,True,False,True,False,1154064.0,False,True
3680,2019-12-24,2020-01-06,2019,最近10個營業日內有6個營業日,10,9,0.1499999999999999,0.1455749999999999,0.0,42.605616220508004,True,True,True,True,1168570.0,False,False
3680,2020-06-01,2020-06-11,2020,連續5個營業日,10,9,0.07619047619047614,0.07176547619047614,0.0,5.856532499053384,True,True,True,True,2058956.0,False,False
3680,2020-06-22,2020-07-06,2020,最近10個營業日內有6個營業日,10,9,0.29718875502008024,0.29276375502008023,-0.06827309236947787,1251.4334235626284,True,True,True,True,918583.0,False,False
3680,2020-07-13,2020-07-23,2020,因連續3個營業日達本中心作業要點第四條第一項第一款,10,9,-0.01806239737274218,-0.022487397372742177,-0.1461412151067324,-0.4683555831900045,True,True,True,True,349528.0,False,False
3682,2020-02-10,2020-02-20,2020,連續三次,10,9,0.12661870503597128,0.12219370503597128,-0.0014388489208633226,23.590819687038426,True,True,True,True,3574526.0,False,False
3682,2020-09-17,2020-09-29,2020,連續三次,10,9,-0.06138613861386133,-0.06581113861386133,-0.08118811881188126,-0.8490819297637521,True,True,True,True,7925160.0,False,False
3685,2021-01-20,2021-02-01,2021,因連續3個營業日達本中心作業要點第四條第一項第一款,10,9,-0.04925373134328359,-0.05367873134328359,-0.12985074626865678,-0.7840239552169076,True,True,True,True,718372.0,False,False
3685,2021-01-25,2021-02-04,2021,因連續3個營業日達本中心作業要點第四條第一項第一款,10,9,0.21702838063439067,0.21260338063439066,-0.013355592654423987,210.60285294163026,True,True,True,True,182001.0,False,False
3685,2021-10-28,2021-11-09,2021,因連續3個營業日達本中心作業要點第四條第一項第一款,10,9,-0.04424778761061943,-0.048672787610619425,-0.07817109144542767,-0.7499347602562099,True,True,True,True,219475.0,False,False
3685,2025-08-29,2025-09-10,2025,因連續3個營業日達本中心作業要點第四條第一項第一款,10,9,0.21345707656612523,0.2090320765661252,-0.051044083526682216,193.95731407039787,True,True,True,True,1539489.0,False,False
3685,2025-09-03,2025-09-15,2025,因連續3個營業日達本中心作業要點第四條第一項第一款,10,9,0.09670781893004099,0.09228281893004099,-0.0473251028806585,10.610848476508417,True,True,True,True,1044481.0,False,False
3685,2025-12-09,2025-12-19,2025,最近10個營業日內有6個營業日,10,9,0.05348258706467668,0.04905758706467668,-0.009950248756219082,2.782327586372453,True,True,True,True,262389.0,False,False
3686,2020-07-17,2020-07-29,2020,連續三次,10,9,-0.018062397372742067,-0.022487397372742066,-0.16420361247947457,-0.4683555831900028,True,True,True,True,2358094.0,False,False
3686,2020-08-21,2020-09-02,2020,連續三次,10,9,0.22745490981963923,0.22302990981963922,-0.08517034068136264,267.41558204237106,True,True,True,True,7597891.0,False,False
3686,2020-09-16,2020-09-28,2020,最近十個營業日已有六次,10,9,0.006493506493506551,0.002068506493506551,-0.038961038961038974,0.05907847719841075,True,True,True,True,3452940.0,False,False
3686,2020-10-19,2020-10-29,2020,連續三次,10,9,0.07506053268765145,0.07063553268765145,-0.0556900726392251,5.658543560083388,True,True,True,True,2446933.0,False,False
3686,2022-10-19,2022-10-31,2022,連續三次,10,9,-0.06334841628959287,-0.06777341628959287,-0.10859728506787336,-0.857644406823978,True,True,True,True,154542.0,False,False
3686,2024-07-05,2024-07-17,2024,連續三次,10,9,-0.02866779089376048,-0.03309279089376048,-0.06913996627318708,-0.6073350163451526,True,True,True,True,2424657.0,False,False
3687,2020-04-07,2020-04-17,2020,因連續3個營業日達本中心作業要點第四條第一項第一款,10,9,0.06417112299465244,0.05974612299465244,-0.03074866310160429,4.012461054988461,True,True,True,True,597061.0,False,False
3687,2021-04-22,2021-05-05,2021,因連續3個營業日達本中心作業要點第四條第一項第一款,10,9,0.037709497206704023,0.033284497206704025,-0.11871508379888263,1.4831193733373982,True,True,True,True,1386402.0,False,False
3687,2021-06-28,2021-07-08,2021,因連續3個營業日達本中心作業要點第四條第一項第一款,10,9,0.015625,0.0112,-0.0390625,0.3625824904598258,True,True,True,True,2080908.0,False,False
3687,2021-12-22,2022-01-06,2021,連續3個營業日及沖銷標準,12,11,0.023622047244094446,0.019197047244094448,-0.02887139107611547,0.5405839939269654,True,True,True,True,1986829.0,False,False
3687,2021-12-27,2022-01-07,2021,因連續3個營業日達本中心作業要點第四條第一項第一款,10,9,0.10567010309278357,0.10124510309278358,-0.03608247422680411,13.569484089531155,True,True,True,True,1060828.0,False,False
3691,2020-10-22,2020-11-03,2020,因連續3個營業日達本中心作業要點第四條第一項第一款,10,9,0.014084507042253502,0.009659507042253502,-0.033802816901408406,0.30608225025311486,True,True,True,True,1981169.0,False,False
3691,2026-01-22,2026-02-03,2026,因連續3個營業日達本中心作業要點第四條第一項第一款,10,9,-0.07936507936507942,-0.08379007936507941,-0.09523809523809523,-0.9120359378308346,True,True,True,True,511537.0,False,False
3693,2018-06-20,2018-07-02,2018,因連續3個營業日達本中心作業要點第四條第一項第一款,10,9,-0.07523809523809533,-0.07966309523809532,-0.20190476190476192,-0.9003394553162283,True,True,True,True,224000.0,False,False
3693,2020-05-21,2020-06-02,2020,因連續3個營業日達本中心作業要點第四條第一項第一款,10,9,0.20173913043478242,0.1973141304347824,-0.060869565217391286,147.74673575145837,True,True,True,True,1048154.0,False,False
3693,2022-12-20,2023-01-04,2022,連續3個營業日及沖銷標準,12,11,-0.03361344537815125,-0.03803844537815125,-0.12605042016806722,-0.5857897823569005,True,True,True,True,976406.0,False,False
3693,2023-04-20,2023-05-05,2023,連續3個營業日及沖銷標準,12,11,-0.08629441624365486,-0.09071941624365486,-0.12944162436548223,-0.8848361149925246,True,True,True,True,759154.0,False,False
3693,2025-11-03,2025-11-13,2025,因連續3個營業日達本中心作業要點第四條第一項第一款,10,9,-0.11241830065359482,-0.11684330065359481,-0.1333333333333333,-0.9683007415404055,True,True,True,True,882682.0,False,False
3693,2025-11-06,2025-11-18,2025,因連續3個營業日達本中心作業要點第四條第一項第一款,10,9,-0.17119565217391308,-0.1756206521739131,-0.17119565217391308,-0.9953205230063812,True,False,True,False,165225.0,False,True
3693,2026-01-19,2026-01-29,2026,因連續3個營業日達本中心作業要點第四條第一項第一款,10,9,0.06171107994389913,0.05728607994389913,-0.0729312762973352,3.6990956885064783,True,True,True,True,264261.0,False,False
3693,2026-03-25,2026-04-08,2026,因連續3個營業日達本中心作業要點第四條第一項第一款,10,9,0.09181636726546905,0.08739136726546905,-0.06986027944111772,9.249883099537485,True,True,True,True,963351.0,False,False
3694,2025-08-21,2025-09-04,2025,連續三次及當日沖銷標準,12,11,-0.052631578947368474,-0.05705657894736847,-0.052631578947368474,-0.7368956291028101,True,False,True,False,2361127.0,False,True
3701,2021-09-10,2021-09-24,2021,連續三次,10,9,0.20192307692307687,0.19749807692307686,-0.0692307692307692,148.3828306718204,True,True,True,True,1060133.0,False,False
3701,2026-01-06,2026-01-16,2025,連續五次,10,9,0.1411290322580645,0.1367040322580645,-0.012096774193548376,34.13671267206896,True,True,True,True,1754509.0,False,False
3706,2023-07-24,2023-08-04,2023,連續三次,10,9,-0.11643835616438358,-0.12086335616438358,-0.14187866927592951,-0.9720738783355398,True,True,True,True,26884754.0,False,False
3707,2018-06-06,2018-06-19,2018,因連續3個營業日達本中心作業要點第四條第一項第一款,10,9,0.137142857142857,0.132717857142857,0.0,30.8699854719281,True,True,True,True,8459490.0,False,False
3708,2018-04-10,2018-04-20,2018,連續三次,10,9,-0.014925373134328401,-0.0193503731343284,-0.07462686567164178,-0.4188689305803812,True,True,True,True,6871500.0,False,False
3708,2025-07-21,2025-08-04,2025,連續三次及當日沖銷標準,12,11,0.20999999999999996,0.20557499999999995,-0.04700000000000004,69.03634723237182,True,True,True,True,985252.0,False,False
3709,2025-05-02,2025-05-14,2025,因連續3個營業日達本中心作業要點第四條第一項第一款,10,9,-0.05787781350482302,-0.062302813504823015,-0.07073954983922826,-0.8325205714354583,True,True,True,True,2242490.0,False,False
3709,2025-10-16,2025-10-29,2025,因連續3個營業日達本中心作業要點第四條第一項第一款,10,9,-0.16822429906542058,-0.1726492990654206,-0.16822429906542058,-0.9948286838640914,True,False,True,False,2070189.0,False,True
3712,2018-10-17,2018-10-29,2018,連續三次,10,9,-0.17183770883054883,-0.17626270883054884,-0.1766109785202864,-0.9954207117775081,True,True,True,True,371740.0,False,False
3712,2020-06-30,2020-07-10,2020,連續三次,10,9,0.3484602917341977,0.34403529173419767,0.0,3688.4627293780322,True,True,True,True,7040968.0,False,False
3712,2020-07-07,2020-07-17,2020,連續五次,10,9,-0.24081237911025144,-0.24523737911025145,-0.24081237911025144,-0.999596499574739,False,False,True,False,9860410.0,True,True
3712,2020-07-10,2020-07-22,2020,連續三次,10,9,-0.08172043010752683,-0.08614543010752683,-0.2397849462365591,-0.9181059323452195,True,True,True,True,3554874.0,False,False
3712,2020-09-08,2020-09-18,2020,最近十個營業日已有六次,10,9,-0.019323671497584516,-0.023748671497584514,-0.06763285024154586,-0.48708488578403397,True,True,True,True,3033591.0,False,False
3713,2020-07-13,2020-07-23,2020,因連續3個營業日達本中心作業要點第四條第一項第一款,10,9,0.3973799126637556,0.3929549126637556,-0.028384279475982432,9958.8236479919,True,True,True,True,516528.0,False,False
3713,2020-09-25,2020-10-12,2020,因連續3個營業日達本中心作業要點第四條第一項第一款,10,9,-0.026002166847237218,-0.030427166847237216,-0.17226435536294682,-0.5761283232303465,True,True,True,True,1172328.0,False,False
3714,2026-04-22,2026-05-05,2026,連續三次,10,9,0.012211668928086672,0.007786668928086672,-0.1519674355495252,0.24043061709333546,True,True,True,True,12499704.0,False,False
3715,2023-11-07,2023-11-17,2023,最近十個營業日已有六次,10,9,0.07603686635944706,0.07161186635944707,-0.0944700460829494,5.8292874168094535,True,True,True,True,5756007.0,False,False
4102,2020-06-22,2020-07-06,2020,因連續3個營業日達本中心作業要點第四條第一項第一款,10,9,-0.05481481481481487,-0.05923981481481487,-0.0948148148148148,-0.8166404302114559,True,True,True,True,2409500.0,False,False
4106,2022-04-27,2022-05-10,2022,連續三次,10,9,-0.1578947368421053,-0.16231973684210532,-0.1871345029239767,-0.9927006256120495,True,True,True,True,3288292.0,False,False
4116,2022-05-12,2022-05-26,2022,連續3個營業日及沖銷標準,12,11,0.2134387351778655,0.20901373517786548,-0.10573122529644274,73.72004994584178,True,True,True,True,3418579.0,False,False
4119,2020-12-31,2021-01-13,2020,連續三次,10,9,0.15294117647058814,0.14851617647058812,-0.04117647058823526,45.824748934999256,True,True,True,True,2732383.0,False,False
4121,2020-03-10,2020-03-20,2020,連續5個營業日,10,9,-0.2695417789757413,-0.2739667789757413,-0.3342318059299192,-0.9998626968931359,True,True,True,True,1983808.0,False,False
4121,2021-06-07,2021-06-18,2021,因連續3個營業日達本中心作業要點第四條第一項第一款,10,9,-0.08037094281298307,-0.08479594281298307,-0.08809891808346215,-0.9146794202429464,True,True,True,True,5677217.0,False,False
4123,2020-06-12,2020-06-24,2020,因連續3個營業日達本中心作業要點第四條第一項第一款,10,9,0.04397163120567371,0.03954663120567371,0.0,1.936893543405985,True,True,True,True,6577263.0,False,False
4127,2020-06-29,2020-07-09,2020,因連續3個營業日達本中心作業要點第四條第一項第一款,10,9,0.2456140350877194,0.24118903508771938,-0.04561403508771933,403.2119740647765,True,True,True,True,735019.0,False,False
4127,2024-03-27,2024-04-10,2024,因連續3個營業日達本中心作業要點第四條第一項第一款,10,9,0.03363914373088672,0.029214143730886724,-0.1651376146788991,1.225265459575399,True,True,True,True,5905582.0,True,False
4127,2024-04-01,2024-04-15,2024,因連續3個營業日達本中心作業要點第四條第一項第一款,10,9,0.16885245901639334,0.16442745901639333,-0.0180327868852459,67.62093281944465,True,True,True,True,984231.0,False,False
4127,2024-05-30,2024-06-12,2024,最近10個營業日內有6個營業日,10,9,-0.011961722488038284,-0.016386722488038283,-0.10765550239234456,-0.3680578952774146,True,True,True,True,541738.0,False,False
4127,2026-05-29,2026-06-10,2026,因連續3個營業日達本中心作業要點第四條第一項第一款,10,9,0.01823708206686936,0.013812082066869359,-0.07598784194528874,0.46381122244354556,True,True,True,True,441454.0,False,False
4128,2020-04-24,2020-05-07,2020,因連續3個營業日達本中心作業要點第四條第一項第一款,10,9,0.17553191489361697,0.17110691489361696,-0.02393617021276595,79.43769034625565,True,True,True,True,4497232.0,False,False
4128,2020-05-25,2020-06-04,2020,因連續3個營業日達本中心作業要點第四條第一項第一款,10,9,0.18536585365853675,0.18094085365853674,-0.12520325203252036,100.46994251853008,True,True,True,True,3819639.0,False,False
4128,2020-06-29,2020-07-09,2020,因連續3個營業日達本中心作業要點第四條第一項第一款,10,9,1.2376543209876543,1.2332293209876544,0.0,4927109983.715762,True,True,True,True,6148237.0,False,False
4128,2020-07-02,2020-07-14,2020,因連續3個營業日達本中心作業要點第四條第一項第一款,10,9,0.3479262672811061,0.3435012672811061,0.0,3647.9583032834676,True,False,True,False,3273451.0,False,True
4128,2020-07-07,2020-07-17,2020,因連續3個營業日達本中心作業要點第四條第一項第一款,10,9,-0.2875,-0.291925,-0.2875,-0.9999315245289553,False,False,True,False,1737912.0,True,True
4128,2020-07-10,2020-07-22,2020,因連續3個營業日達本中心作業要點第四條第一項第一款,10,9,-0.522257053291536,-0.5266820532915361,-0.5655172413793104,-0.9999999990527351,False,True,True,False,12584857.0,True,False
4128,2020-07-15,2020-07-27,2020,因連續3個營業日達本中心作業要點第四條第一項第一款,10,9,-0.32985781990521323,-0.33428281990521325,-0.34312796208530805,-0.9999876580904854,True,False,True,False,617856.0,False,True
4128,2020-07-23,2020-08-04,2020,因連續3個營業日達本中心作業要點第四條第一項第一款,10,9,0.05847255369928406,0.05404755369928406,-0.3138424821002387,3.315247254173123,False,True,True,False,12834671.0,True,False
4128,2020-08-12,2020-08-24,2020,因連續3個營業日達本中心作業要點第四條第一項第一款,10,9,0.019813519813519864,0.015388519813519864,-0.04428904428904423,0.5283722206070125,True,True,True,True,4951821.0,False,False
4128,2020-10-07,2020-10-20,2020,最近10個營業日內有6個營業日,10,9,-0.01692865779927455,-0.021353657799274547,-0.056831922611850105,-0.45095881565562645,True,True,True,True,1504361.0,False,False
4130,2020-04-01,2020-04-15,2020,因連續3個營業日達本中心作業要點第四條第一項第一款,10,9,-0.024137931034482696,-0.028562931034482694,-0.06034482758620685,-0.5528970391982273,True,True,True,True,3891611.0,False,False
4130,2020-06-24,2020-07-08,2020,因連續3個營業日達本中心作業要點第四條第一項第一款,10,9,0.12903225806451624,0.12460725806451624,-0.04628330995792418,25.103044776611345,True,True,True,True,2045282.0,False,False
4131,2020-07-02,2020-07-14,2020,因連續3個營業日達本中心作業要點第四條第一項第一款,10,9,0.7375132837407015,0.7330882837407015,0.0,4304352.713700894,False,False,True,False,495180.0,True,True
4131,2020-07-07,2020-07-17,2020,因連續3個營業日達本中心作業要點第四條第一項第一款,10,9,-0.036144578313252906,-0.040569578313252905,-0.036144578313252906,-0.6834993669586682,False,False,True,False,951412.0,True,True
4131,2020-07-10,2020-07-22,2020,因連續3個營業日達本中心作業要點第四條第一項第一款,10,9,-0.3545454545454545,-0.3589704545454545,-0.4696969696969697,-0.9999956798253683,False,True,True,False,726188.0,True,False
4131,2020-07-15,2020-07-27,2020,因連續3個營業日達本中心作業要點第四條第一項第一款,10,9,-0.3715254237288136,-0.3759504237288136,-0.4067796610169492,-0.9999979505304875,True,False,True,False,147923.0,False,True
4131,2020-07-27,2020-08-06,2020,因連續3個營業日達本中心作業要點第四條第一項第一款,10,9,0.2137486573576799,0.20932365735767988,-0.19226638023630516,195.26758495416328,True,True,True,True,235002.0,False,False
4131,2021-05-25,2021-06-04,2021,因連續3個營業日達本中心作業要點第四條第一項第一款,10,9,-0.0014084507042253502,-0.00583345070422535,-0.07605633802816902,-0.14999646483876483,True,True,True,True,16002.0,False,False
4131,2024-03-04,2024-03-14,2024,因連續3個營業日達本中心作業要點第四條第一項第一款,10,9,-0.11772665764546686,-0.12215165764546686,-0.1447902571041949,-0.9731886142653313,True,True,True,True,153731.0,False,False
4133,2020-07-02,2020-07-14,2020,連續五次,10,9,0.1502347417840375,0.1458097417840375,-0.014084507042253502,42.85450124677612,True,False,True,False,10809801.0,False,True
4133,2020-07-15,2020-07-27,2020,連續三次,10,9,-0.3619909502262444,-0.3664159502262444,-0.3619909502262444,-0.9999968770710908,True,False,True,False,4627731.0,False,True
4133,2020-07-23,2020-08-04,2020,連續三次,10,9,-0.033067274800456126,-0.037492274800456124,-0.34777651083238315,-0.6540556681686462,False,True,True,False,4016828.0,True,False
4133,2020-08-12,2020-08-24,2020,連續三次,10,9,0.1820689655172414,0.17764396551724138,0.0,92.88828733164725,True,True,True,True,1991050.0,False,False
4133,2022-04-15,2022-04-29,2022,連續三次及當日沖銷標準,12,11,-0.09220779220779218,-0.09663279220779218,-0.1610389610389611,-0.9007075102481263,True,True,True,True,14167212.0,False,False
4133,2022-04-20,2022-05-05,2022,連續三次及當日沖銷標準,12,11,-0.16991643454038996,-0.17434143454038997,-0.18941504178272972,-0.9871441125775167,True,True,True,True,3011574.0,False,False
4139,2026-07-23,2026-08-04,2026,連續3個營業日,10,9,-0.06474820143884896,-0.06917320143884896,-0.21822541966426856,-0.8634641760345818,True,True,True,True,95062.0,False,False
4139,2026-07-28,2026-08-07,2026,連續3個營業日,10,9,-0.09511889862327916,-0.09954389862327916,-0.18397997496871088,-0.94566612259599,True,True,True,True,43521.0,False,False
4141,2021-10-06,2021-10-21,2021,連續三次及當日沖銷標準,12,11,0.1644444444444444,0.16001944444444438,0.0,28.18231561356033,True,False,True,False,5439782.0,False,True
4142,2020-05-25,2020-06-04,2020,最近十個營業日已有六次,10,9,-0.14191419141914197,-0.14633919141914198,-0.2178217821782179,-0.9876615802277073,True,True,True,True,31709702.0,False,False
4142,2020-05-29,2020-06-10,2020,連續三次,10,9,0.11796733212341204,0.11354233212341204,-0.13974591651542656,18.83394999816101,True,True,True,True,13877783.0,False,False
4144,2018-03-30,2018-04-13,2018,連續三次,10,9,-0.13541666666666663,-0.13984166666666664,-0.13750000000000007,-0.9847688264488703,True,True,True,True,1166902.0,False,True
4147,2023-05-02,2023-05-12,2023,最近10個營業日內有6個營業日,10,9,-0.11764705882352944,-0.12207205882352944,-0.1386554621848739,-0.9731210011032809,True,True,True,True,3537119.0,False,False
4148,2020-05-08,2020-05-20,2020,連續三次,10,9,-0.11533586818757935,-0.11976086818757935,-0.13307984790874527,-0.9710845625636456,True,True,True,True,408569.0,False,False
4148,2022-04-20,2022-05-05,2022,連續五次及當日沖銷標準,12,11,-0.0800889877641825,-0.0845139877641825,-0.23136818687430494,-0.8655849108283087,True,True,True,True,831655.0,False,False
4152,2020-07-01,2020-07-13,2020,因連續3個營業日達本中心作業要點第四條第一項第一款,10,9,0.08604407135362013,0.08161907135362013,-0.06190975865687298,7.841161831648979,True,True,True,True,1386878.0,False,False
4152,2021-06-04,2021-06-17,2021,因連續3個營業日達本中心作業要點第四條第一項第一款,10,9,0.008333333333333304,0.003908333333333304,-0.04761904761904767,0.11444131018305415,True,True,True,True,171292.0,False,False
4154,2021-09-03,2021-09-15,2021,因連續3個營業日達本中心作業要點第四條第一項第一款,10,9,0.4319371727748691,0.4275121727748691,0.0,19672.602693574267,True,True,True,True,186020.0,False,False
4154,2023-07-27,2023-08-08,2023,因連續3個營業日達本中心作業要點第四條第一項第一款,9,8,0.05213270142180093,0.04770770142180093,-0.05213270142180104,3.2904639731502057,True,True,True,True,626118.0,False,False
4154,2023-08-01,2023-08-11,2023,因連續3個營業日達本中心作業要點第四條第一項第一款,9,8,0.2722772277227723,0.2678522277227723,-0.00990099009900991,1662.0103022533615,True,True,True,True,77300.0,False,False
4154,2023-08-22,2023-09-01,2023,因連續3個營業日達本中心作業要點第四條第一項第一款,10,9,0.24060150375939848,0.23617650375939847,-0.015037593984962516,360.23617859038865,True,True,True,True,134935.0,False,False
4154,2025-02-13,2025-02-25,2025,因連續3個營業日達本中心作業要點第四條第一項第一款,10,9,-0.13656387665198233,-0.14098887665198234,-0.16299559471365632,-0.9853231455422077,True,True,True,True,82754.0,False,False
4154,2026-04-07,2026-04-17,2026,因連續3個營業日達本中心作業要點第四條第一項第一款,10,9,-0.017667844522968212,-0.02209284452296821,-0.08127208480565373,-0.46236249918036576,True,True,True,True,3101.0,False,False
4157,2020-03-23,2020-04-06,2020,因連續3個營業日達本中心作業要點第四條第一項第一款,10,9,0.08181818181818179,0.07739318181818179,-0.2554545454545455,6.930196841502153,True,True,True,True,1091611.0,False,False
4157,2020-03-26,2020-04-09,2020,因連續3個營業日達本中心作業要點第四條第一項第一款,10,9,0.5384615384615385,0.5340365384615385,0.0,145244.56771143957,True,True,True,True,2182200.0,False,False
4157,2020-03-31,2020-04-14,2020,因連續3個營業日達本中心作業要點第四條第一項第一款,10,9,0.1074380165289257,0.10301301652892571,-0.09917355371900816,14.2333523296863,True,True,True,True,1548150.0,False,False
4157,2020-06-30,2020-07-10,2020,因連續3個營業日達本中心作業要點第四條第一項第一款,10,9,0.3615384615384616,0.3571134615384616,-0.0692307692307692,4827.165822887687,True,True,True,True,5302395.0,False,False
4157,2020-07-21,2020-07-31,2020,連續5個營業日,10,9,0.049689440993788914,0.045264440993788915,-0.18012422360248437,2.4202704897567644,True,True,True,True,8943770.0,False,False
4160,2023-05-15,2023-05-25,2023,因連續3個營業日達本中心作業要點第四條第一項第一款,10,9,-0.1428571428571429,-0.14728214285714292,-0.15441176470588236,-0.9880346169466702,True,True,True,True,314192.0,False,False
4162,2021-03-03,2021-03-15,2021,因連續3個營業日達本中心作業要點第四條第一項第一款,10,9,-0.019580419580419672,-0.02400541958041967,-0.04895104895104896,-0.49081876353980336,True,True,True,True,1745919.0,False,False
4168,2020-03-25,2020-04-08,2020,因連續3個營業日達本中心作業要點第四條第一項第一款,10,9,0.18518518518518512,0.1807601851851851,-0.0185185185185186,100.03961430183169,True,True,True,True,80301.0,False,False
4168,2022-09-12,2022-09-22,2022,因連續3個營業日達本中心作業要點第四條第一項第一款,10,9,0.012820512820512997,0.008395512820512997,-0.11888111888111896,0.26141635526647455,True,True,True,True,2968499.0,False,False
4168,2025-06-10,2025-06-20,2025,因連續3個營業日達本中心作業要點第四條第一項第一款,10,9,0.11976047904191622,0.11533547904191623,-0.017964071856287345,19.74053372830121,True,True,True,True,611559.0,False,False
4169,2026-07-15,2026-07-27,2026,連續三次,10,9,-0.0708333333333333,-0.0752583333333333,-0.0708333333333333,-0.8862050592214509,True,False,True,False,258013.0,False,True
4169,2026-08-05,2026-08-10,2026,連續三次,5,4,-0.06686930091185406,-0.07129430091185406,-0.06990881458966569,-0.9901738833557079,True,True,True,True,122461.0,False,False
4171,2020-03-06,2020-03-18,2020,因連續3個營業日達本中心作業要點第四條第一項第一款,10,9,-0.10628019323671489,-0.11070519323671489,-0.23309178743961345,-0.9615758439104388,True,True,True,True,853342.0,False,False
4171,2020-04-21,2020-05-04,2020,因連續3個營業日達本中心作業要點第四條第一項第一款,10,9,0.3880597014925373,0.3836347014925373,-0.05970149253731338,8264.371469281745,True,True,True,True,1196320.0,False,False
4171,2020-04-30,2020-05-13,2020,因連續3個營業日達本中心作業要點第四條第一項第一款,10,9,0.3871951219512195,0.3827701219512195,-0.07621951219512191,8122.101150528804,True,True,True,True,887039.0,False,False
4171,2020-05-22,2020-06-03,2020,因連續3個營業日達本中心作業要點第四條第一項第一款,10,9,-0.0031897926634768536,-0.007614792663476854,-0.12759170653907492,-0.19130341236040238,True,True,True,True,529373.0,False,False
4171,2020-05-27,2020-06-08,2020,因連續3個營業日達本中心作業要點第四條第一項第一款,10,9,0.2652388797364085,0.26081387973640846,-0.0988467874794069,623.9720378573627,True,True,True,True,416112.0,False,False
4171,2020-08-14,2020-08-26,2020,最近10個營業日內有6個營業日,10,9,0.1222826086956521,0.11785760869565211,-0.03804347826086951,21.08356015009967,True,True,True,True,393391.0,False,False
4171,2021-05-24,2021-06-03,2021,因連續3個營業日達本中心作業要點第四條第一項第一款,10,9,-0.13559322033898302,-0.14001822033898303,-0.23728813559322037,-0.984855430094052,True,True,True,True,1876490.0,False,False
4171,2025-11-04,2025-11-14,2025,因連續3個營業日達本中心作業要點第四條第一項第一款,10,9,-0.15932914046121593,-0.16375414046121595,-0.16561844863731667,-0.9930399786964208,True,True,True,True,354726.0,False,False
4174,2020-03-25,2020-04-08,2020,因連續3個營業日達本中心作業要點第四條第一項第一款,10,9,0.2536443148688048,0.24921931486880478,-0.039358600583090264,482.5129037353519,True,True,True,True,513900.0,False,False
4175,2021-09-06,2021-09-16,2021,因連續3個營業日達本中心作業要點第四條第一項第一款,10,9,-0.10480349344978157,-0.10922849344978157,-0.10480349344978157,-0.9597635268322152,True,True,True,True,785219.0,False,False
4183,2023-11-21,2023-12-01,2023,因連續3個營業日達本中心作業要點第四條第一項第一款,10,9,-0.07500000000000007,-0.07942500000000006,-0.07857142857142851,-0.8996207850773209,True,True,True,True,195885.0,False,False
4188,2020-03-24,2020-04-07,2020,因連續3個營業日達本中心作業要點第四條第一項第一款,10,9,0.16883116883116878,0.16440616883116876,-0.012987012987012991,67.58608987835335,True,True,True,True,35200.0,False,False
4188,2023-07-31,2023-08-10,2023,因連續3個營業日達本中心作業要點第四條第一項第一款,9,8,-0.17338709677419362,-0.17781209677419363,-0.17338709677419362,-0.9977978528474901,True,True,True,True,871745.0,False,False
4192,2020-06-17,2020-07-01,2020,因連續3個營業日達本中心作業要點第四條第一項第一款,10,9,0.29935275080906143,0.2949277508090614,-0.0016181229773462036,1310.9932873861324,True,True,True,True,1055024.0,False,False
4192,2020-07-10,2020-07-22,2020,因連續3個營業日達本中心作業要點第四條第一項第一款,10,9,-0.5283870967741936,-0.5328120967741936,-0.5709677419354839,-0.9999999993405061,False,True,True,False,2192592.0,True,False
4192,2020-07-15,2020-07-27,2020,因連續3個營業日達本中心作業要點第四條第一項第一款,10,9,-0.35522388059701493,-0.35964888059701494,-0.35522388059701493,-0.9999958050476772,True,False,True,False,2093361.0,False,True
4192,2020-07-23,2020-08-04,2020,因連續3個營業日達本中心作業要點第四條第一項第一款,10,9,0.026119402985074647,0.02169440298507465,-0.3159203980099503,0.8151689855322537,False,True,True,False,946173.0,True,False
4192,2021-08-12,2021-08-24,2021,因連續3個營業日達本中心作業要點第四條第一項第一款,10,9,0.13307984790874516,0.12865484790874515,-0.04689480354879594,27.842438931705196,True,True,True,True,2196540.0,False,False
4192,2021-10-13,2021-10-25,2021,最近10個營業日內有6個營業日,10,9,-0.1400778210116731,-0.1445028210116731,-0.1400778210116731,-0.9869026682709683,True,False,True,False,439451.0,False,True
4192,2021-11-03,2021-11-15,2021,因連續3個營業日達本中心作業要點第四條第一項第一款,10,9,-0.22881355932203384,-0.23323855932203386,-0.3220338983050848,-0.9993746567530246,True,True,True,True,44162.0,False,False
4192,2021-11-08,2021-11-18,2021,因連續3個營業日達本中心作業要點第四條第一項第一款,10,9,-0.15331010452961658,-0.1577351045296166,-0.16376306620209058,-0.9915056419762927,True,False,True,False,3262210.0,False,True
4192,2021-11-11,2021-11-23,2021,因連續3個營業日達本中心作業要點第四條第一項第一款,10,9,-0.2383720930232558,-0.2427970930232558,-0.24651162790697678,-0.9995586477450256,True,True,True,True,1293428.0,False,False
4192,2024-04-17,2024-04-29,2024,因連續3個營業日達本中心作業要點第四條第一項第一款,10,9,0.022269353128314018,0.01784435312831402,-0.044538706256627814,0.63444922115429,True,True,True,True,41988.0,False,False
4198,2020-02-19,2020-03-03,2020,因連續3個營業日達本中心作業要點第四條第一項第一款,10,9,-0.07707910750507097,-0.08150410750507096,-0.1703853955375253,-0.9057313733440844,True,True,True,True,132000.0,False,False
4198,2020-07-20,2020-07-30,2020,因連續3個營業日達本中心作業要點第四條第一項第一款,10,9,-0.1297836938435939,-0.1342086938435939,-0.2512479201331115,-0.981740942844307,True,True,True,True,181500.0,False,False
4198,2020-09-08,2020-09-18,2020,因連續3個營業日達本中心作業要點第四條第一項第一款,10,9,0.31775700934579443,0.3133320093457944,-0.032710280373831724,1940.696595386862,False,True,True,False,592953.0,True,False
4198,2020-09-11,2020-09-23,2020,因連續3個營業日達本中心作業要點第四條第一項第一款,10,9,0.12014134275618371,0.11571634275618371,-0.26855123674911663,19.938170795340802,False,True,True,False,340171.0,True,False
4198,2020-09-16,2020-09-28,2020,因連續3個營業日達本中心作業要點第四條第一項第一款,10,9,0.42028985507246386,0.41586485507246385,0.0,15668.316328943167,True,False,True,False,2923500.0,False,True
4198,2024-04-10,2024-04-22,2024,因連續3個營業日達本中心作業要點第四條第一項第一款,10,9,-0.21403508771929824,-0.21846008771929826,-0.25087719298245614,-0.998937274353881,True,True,True,True,320647.0,False,False
4198,2024-04-15,2024-04-25,2024,因連續3個營業日達本中心作業要點第四條第一項第一款,10,9,-0.047258979206049156,-0.051683979206049155,-0.19281663516068048,-0.7710144971135119,True,True,True,True,43670.0,False,False
4303,2018-03-26,2018-04-09,2018,因連續3個營業日達本中心作業要點第四條第一項第一款,10,9,-0.054892601431980936,-0.059317601431980935,-0.13126491646778038,-0.8170611048427897,True,True,True,True,71957.0,False,False
4303,2018-09-06,2018-09-18,2018,因連續3個營業日達本中心作業要點第四條第一項第一款,10,9,-0.2901376146788991,-0.2945626146788991,-0.3004587155963303,-0.9999382676080095,True,True,True,True,159145.0,False,False
4303,2024-03-06,2024-03-18,2024,連續5個營業日,10,9,-0.2337883959044369,-0.2382133959044369,-0.3626279863481229,-0.9994780937009096,True,True,True,True,3840163.0,False,False
4303,2024-03-11,2024-03-21,2024,因連續3個營業日達本中心作業要點第四條第一項第一款,10,9,-0.0793319415448851,-0.0837569415448851,-0.22025052192066796,-0.9119475195540312,True,True,True,True,3651029.0,False,False
4303,2024-05-16,2024-05-28,2024,最近10個營業日內有6個營業日,10,9,0.05749486652977409,0.05306986652977409,-0.017453798767967155,3.205432946691575,True,True,True,True,1465408.0,False,False
4304,2019-11-08,2019-11-20,2019,因連續3個營業日達本中心作業要點第四條第一項第一款,10,9,-0.3988372093023256,-0.4032622093023256,-0.43255813953488376,-0.9999994087582994,True,True,True,True,122505.0,False,False
4304,2021-04-14,2021-04-26,2021,因連續3個營業日達本中心作業要點第四條第一項第一款,10,9,-0.002849002849002802,-0.007274002849002802,-0.08974358974358976,-0.18355366512600246,True,True,True,True,95939.0,False,False
4304,2022-01-07,2022-01-19,2022,因連續3個營業日達本中心作業要點第四條第一項第一款,10,9,0.007751937984496138,0.0033269379844961377,-0.09302325581395354,0.09665161899833219,True,True,True,True,53613.0,False,False
4304,2022-01-12,2022-01-24,2022,因連續3個營業日達本中心作業要點第四條第一項第一款,10,9,0.07692307692307687,0.07249807692307687,-0.10000000000000009,5.987918593753836,True,True,True,True,72077.0,False,False
4304,2022-05-09,2022-05-19,2022,因連續3個營業日達本中心作業要點第四條第一項第一款,10,9,0.15250000000000008,0.14807500000000007,-0.03500000000000003,45.327680462221224,True,True,True,True,77061.0,False,False
4304,2022-10-03,2022-10-14,2022,因連續3個營業日達本中心作業要點第四條第一項第一款,10,9,-0.07346938775510214,-0.07789438775510214,-0.10000000000000009,-0.8948800496672283,True,True,True,True,955154.0,False,False
4304,2024-04-16,2024-04-26,2024,因連續3個營業日達本中心作業要點第四條第一項第一款,10,9,-0.05482041587901698,-0.05924541587901698,-0.09829867674858228,-0.816670752228207,True,True,True,True,200365.0,False,False
4304,2024-07-04,2024-07-16,2024,因連續3個營業日達本中心作業要點第四條第一項第一款,10,9,-0.19921875,-0.20364375,-0.375,-0.9982094636793546,False,True,True,False,816679.0,True,False
4304,2024-07-09,2024-07-19,2024,因連續3個營業日達本中心作業要點第四條第一項第一款,10,9,0.19020501138952173,0.18578001138952172,-0.08883826879271062,112.6763562574128,True,True,True,True,150165.0,False,False
4304,2025-11-03,2025-11-13,2025,因連續3個營業日達本中心作業要點第四條第一項第一款,10,9,0.2272727272727273,0.22284772727272728,0.0,266.3071501874297,False,False,True,False,196597.0,True,True
4304,2025-11-06,2025-11-18,2025,因連續3個營業日達本中心作業要點第四條第一項第一款,10,9,0.16380952380952385,0.15938452380952384,-0.16571428571428581,59.82711099261254,False,True,True,False,192987.0,True,False
4304,2025-11-11,2025-11-21,2025,因連續3個營業日達本中心作業要點第四條第一項第一款,10,9,-0.12749615975422424,-0.13192115975422425,-0.3271889400921659,-0.9803523648477991,True,True,True,True,218594.0,False,False
4304,2025-11-14,2025-11-26,2025,因連續3個營業日達本中心作業要點第四條第一項第一款,10,9,0.3538812785388128,0.3494562785388128,0.0,4124.938306842775,True,True,True,True,455748.0,False,False
4304,2026-01-09,2026-01-21,2026,最近10個營業日內有6個營業日,10,9,-0.01538461538461533,-0.01980961538461533,-0.021538461538461506,-0.42638133444502657,True,True,True,True,24262.0,False,False
4401,2020-03-24,2020-04-07,2020,因連續3個營業日達本中心作業要點第四條第一項第一款,10,9,0.18112244897959173,0.17669744897959172,0.0,90.81453570760598,True,True,True,True,197000.0,False,False
4402,2019-05-27,2019-06-06,2019,因連續3個營業日達本中心作業要點第四條第一項第一款,10,9,-0.14200000000000002,-0.14642500000000003,-0.14200000000000002,-0.9876959849488478,True,True,True,True,314327.0,False,False
4402,2022-06-15,2022-06-27,2022,因連續3個營業日達本中心作業要點第四條第一項第一款,10,9,-0.054263565891472965,-0.05868856589147296,-0.1937984496124031,-0.8136324090067633,True,True,True,True,772136.0,False,False
4402,2024-10-07,2024-10-16,2024,因連續3個營業日達本中心作業要點第四條第一項第一款,8,7,0.04920913884007039,0.04478413884007039,0.0,3.7810180902843706,True,True,True,True,233894.0,False,False
4402,2026-06-17,2026-06-30,2026,因連續3個營業日達本中心作業要點第四條第一項第一款,10,9,0.09696969696969715,0.09254469696969715,-0.045454545454545414,10.688423187494477,True,True,True,True,23017.0,False,False
4406,2021-07-12,2021-07-22,2021,因連續3個營業日達本中心作業要點第四條第一項第一款,10,9,-0.11811023622047245,-0.12253523622047245,-0.16535433070866135,-0.9735121430722102,True,True,True,True,704171.0,False,False
4413,2022-08-22,2022-09-01,2022,因連續3個營業日達本中心作業要點第四條第一項第一款,10,9,-0.01492537313432829,-0.01935037313432829,-0.154228855721393,-0.41886893058037933,True,True,True,True,98975.0,False,False
4413,2023-12-15,2023-12-27,2023,因連續3個營業日達本中心作業要點第四條第一項第一款,10,9,0.0121212121212122,0.007696212121212199,-0.06060606060606055,0.23734159658075304,True,True,True,True,55131.0,False,False
4414,2020-06-24,2020-07-08,2020,連續三次,10,9,0.04597701149425282,0.04155201149425282,-0.08045977011494254,2.0984024894657534,True,True,True,True,12045875.0,False,False
4415,2019-04-01,2019-04-15,2019,因連續3個營業日達本中心作業要點第四條第一項第一款,10,9,-0.23423423423423417,-0.23865923423423419,-0.23423423423423417,-0.9994865122026575,False,True,True,False,57660.0,True,False
4416,2026-03-12,2026-03-24,2026,因連續3個營業日達本中心作業要點第四條第一項第一款,10,9,0.0074906367041198685,0.0030656367041198684,0.0,0.08874571308544787,True,True,True,True,810111.0,False,False
4416,2026-03-17,2026-03-27,2026,因連續3個營業日達本中心作業要點第四條第一項第一款,10,9,-0.08437499999999998,-0.08879999999999998,-0.21250000000000002,-0.9244631898778243,True,True,True,True,328967.0,False,False
4419,2020-11-04,2020-11-16,2020,因連續3個營業日達本中心作業要點第四條第一項第一款,10,9,-0.16896551724137931,-0.17339051724137933,-0.17586206896551726,-0.994955845031159,True,True,True,True,23815.0,False,False
4419,2020-11-09,2020-11-19,2020,因連續3個營業日達本中心作業要點第四條第一項第一款,10,9,-0.14893617021276595,-0.15336117021276596,-0.15248226950354615,-0.9901911929835883,True,True,True,True,38200.0,False,False
4419,2023-07-20,2023-08-01,2023,最近10個營業日內有6個營業日,10,9,-0.1428571428571429,-0.14728214285714292,-0.1558441558441559,-0.9880346169466702,True,True,True,True,44091.0,False,False
4419,2024-06-21,2024-07-03,2024,因連續3個營業日達本中心作業要點第四條第一項第一款,10,9,0.15535714285714297,0.15093214285714296,-0.017857142857142905,48.63928640767299,True,True,True,True,55515.0,False,False
4420,2023-12-07,2023-12-19,2023,因連續3個營業日達本中心作業要點第四條第一項第一款,10,9,-0.07987551867219922,-0.08430051867219922,-0.08298755186721996,-0.9133871259706048,True,True,True,True,169985.0,False,True
4429,2019-10-09,2019-10-23,2019,因連續3個營業日達本中心作業要點第四條第一項第一款,10,9,0.06141732283464574,0.05699232283464574,-0.023622047244094446,3.662963609964243,True,True,True,True,77000.0,False,False
4432,2020-03-25,2020-04-08,2020,因連續3個營業日達本中心作業要點第四條第一項第一款,10,9,0.03846153846153855,0.03403653846153855,-0.0673076923076924,1.533813160776706,True,True,True,True,56949.0,False,False
4433,2019-04-15,2019-04-25,2019,因連續3個營業日達本中心作業要點第四條第一項第一款,10,9,-0.1406593406593406,-0.14508434065934062,-0.15604395604395604,-0.9871477318183758,True,True,True,True,382465.0,False,False
4433,2019-07-25,2019-08-06,2019,因連續3個營業日達本中心作業要點第四條第一項第一款,10,9,-0.10679611650485432,-0.11122111650485432,-0.22330097087378642,-0.9621902726342229,True,True,True,True,1001230.0,False,False
4502,2019-10-24,2019-11-05,2019,因連續3個營業日達本中心作業要點第四條第一項第一款,10,9,0.058020477815699634,0.053595477815699635,-0.04436860068259385,3.264130596985538,True,True,True,True,326647.0,False,False
4510,2024-07-12,2024-07-26,2024,因連續3個營業日達本中心作業要點第四條第一項第一款,10,9,0.06951871657754016,0.06509371657754016,-0.014260249554367332,4.764648752832142,True,True,True,True,6362898.0,False,False
4510,2024-07-17,2024-07-29,2024,因連續3個營業日達本中心作業要點第四條第一項第一款,8,7,-0.14421553090332806,-0.14864053090332807,-0.14421553090332806,-0.996808207353066,True,False,True,False,1725582.0,False,True
4510,2024-08-13,2024-08-27,2024,連續3個營業日及沖銷標準,12,11,0.24742268041237114,0.24299768041237113,-0.020618556701030855,139.2983896639705,True,True,True,True,1688866.0,False,False
4513,2018-06-25,2018-07-05,2018,因連續3個營業日達本中心作業要點第四條第一項第一款,10,9,0.019607843137254832,0.015182843137254832,-0.09243697478991608,0.519795879283335,True,True,True,True,3339074.0,False,False
4513,2018-06-28,2018-07-10,2018,因連續3個營業日達本中心作業要點第四條第一項第一款,10,9,-0.011363636363636576,-0.015788636363636574,-0.017045454545454586,-0.35729686495461244,True,False,True,False,1324257.0,False,True
4523,2019-04-12,2019-04-24,2019,因連續3個營業日達本中心作業要點第四條第一項第一款,10,9,-0.005291005291005124,-0.009716005291005124,-0.1507936507936507,-0.23754265454977785,True,True,True,True,543301.0,False,False
4526,2024-07-01,2024-07-15,2024,連續五次及當日沖銷標準,12,11,0.015822784810126667,0.011397784810126666,-0.030063291139240556,0.2937894131242167,True,True,True,True,3746565.0,False,False
4526,2024-09-05,2024-09-20,2024,連續三次及當日沖銷標準,12,11,0.018766756032171594,0.014341756032171594,-0.08176943699731898,0.3821410332752164,True,True,True,True,4200884.0,False,False
4529,2019-09-02,2019-09-12,2019,因連續3個營業日達本中心作業要點第四條第一項第一款,10,9,-0.16179775280898878,-0.1662227528089888,-0.17078651685393265,-0.9935887082027586,True,True,True,True,288338.0,False,False
4529,2020-03-24,2020-04-07,2020,因連續3個營業日達本中心作業要點第四條第一項第一款,10,9,0.14337568058076222,0.1389506805807622,-0.09255898366606163,36.117700911023135,True,True,True,True,396000.0,False,False
4529,2020-03-27,2020-04-10,2020,因連續3個營業日達本中心作業要點第四條第一項第一款,10,9,0.1615384615384614,0.1571134615384614,-0.10769230769230775,56.60271407097932,False,True,True,False,102000.0,True,False
4529,2020-04-22,2020-05-05,2020,因連續3個營業日達本中心作業要點第四條第一項第一款,10,9,0.1256684491978608,0.1212434491978608,-0.09090909090909094,23.01891016019486,True,True,True,True,30000.0,False,False
4529,2021-03-15,2021-03-25,2021,因連續3個營業日達本中心作業要點第四條第一項第一款,10,9,-0.01927710843373498,-0.023702108433734978,-0.09638554216867479,-0.48640489931635666,True,True,True,True,1466605.0,False,False
4529,2021-07-07,2021-07-19,2021,因連續3個營業日達本中心作業要點第四條第一項第一款,10,9,0.02898550724637694,0.024560507246376942,-0.033816425120772875,0.9620561478719782,True,True,True,True,537405.0,False,False
4529,2024-01-22,2024-02-01,2024,因連續3個營業日達本中心作業要點第四條第一項第一款,10,9,0.22999999999999998,0.22557499999999997,-0.033333333333333326,283.3714073745503,True,True,True,True,1162982.0,False,False
4529,2026-05-05,2026-05-15,2026,因連續3個營業日達本中心作業要點第四條第一項第一款,10,9,0.16880341880341887,0.16437841880341886,-0.07051282051282048,67.54070053519501,True,True,True,True,191476.0,False,False
4533,2023-06-19,2023-07-03,2023,因連續3個營業日達本中心作業要點第四條第一項第一款,10,9,0.2811244979919678,0.2766994979919678,-0.028112449799196804,883.9281069041293,True,True,True,True,11041283.0,False,False
4533,2023-06-26,2023-07-06,2023,因連續3個營業日達本中心作業要點第四條第一項第一款,10,9,0.1637010676156585,0.1592760676156585,-0.05693950177935947,59.66924895637611,False,True,True,False,5089833.0,True,False
4533,2024-04-18,2024-04-30,2024,因連續3個營業日達本中心作業要點第四條第一項第一款,10,9,-0.012569832402234526,-0.016994832402234525,-0.0977653631284916,-0.3788211053449889,True,True,True,True,6408017.0,False,False
4534,2024-07-10,2024-07-22,2024,因連續3個營業日達本中心作業要點第四條第一項第一款,10,9,-0.030188679245283012,-0.03461367924528301,-0.030188679245283012,-0.6241351736524572,True,False,True,False,2672636.0,False,True
4534,2025-03-04,2025-03-14,2025,因連續3個營業日達本中心作業要點第四條第一項第一款,10,9,0.08228980322003587,0.07786480322003587,-0.11270125223613592,7.027191588875894,True,True,True,True,2178812.0,False,False
4534,2026-03-05,2026-03-17,2026,因連續3個營業日達本中心作業要點第四條第一項第一款,10,9,-0.02941176470588225,-0.03383676470588225,-0.143598615916955,-0.6156416489956217,True,True,True,True,1428361.0,False,False
4540,2024-12-23,2025-01-07,2024,連續五次及當日沖銷標準,12,11,0.06386861313868608,0.05944361313868608,-0.021897810218978075,2.7149337397178153,True,True,True,True,4295540.0,False,False
4542,2023-09-08,2023-09-20,2023,因連續3個營業日達本中心作業要點第四條第一項第一款,10,9,-0.03801169590643283,-0.04243669590643283,-0.09941520467836262,-0.7001701618998891,True,True,True,True,516854.0,False,False
4542,2023-09-13,2023-09-25,2023,因連續3個營業日達本中心作業要點第四條第一項第一款,10,9,-0.058295964125560595,-0.0627209641255606,-0.10313901345291487,-0.8345828072244434,True,True,True,True,397967.0,False,False
4542,2025-12-18,2025-12-31,2025,因連續3個營業日達本中心作業要點第四條第一項第一款,10,9,0.08787128712871306,0.08344628712871306,-0.016089108910891103,8.265563208070496,True,True,True,True,250729.0,False,False
4542,2026-05-05,2026-05-15,2026,最近10個營業日內有6個營業日,10,9,-0.14583333333333337,-0.15025833333333338,-0.2104166666666667,-0.9891420555246426,False,True,True,False,689678.0,True,False
4542,2026-05-11,2026-05-21,2026,因連續3個營業日達本中心作業要點第四條第一項第一款,10,9,0.32397959183673475,0.31955459183673474,-0.03316326530612246,2213.1370970579965,True,True,True,True,442784.0,False,False
4542,2026-06-16,2026-06-29,2026,因連續3個營業日達本中心作業要點第四條第一項第一款,10,9,0.1205479452054794,0.1161229452054794,-0.06164383561643838,20.151167540603474,True,True,True,True,210961.0,False,False
4542,2026-07-17,2026-07-29,2026,因連續3個營業日達本中心作業要點第四條第一項第一款,10,9,-0.27650429799426934,-0.28092929799426936,-0.27650429799426934,-0.9998949410224706,True,False,True,False,228033.0,False,True
4543,2023-06-07,2023-06-19,2023,因連續3個營業日達本中心作業要點第四條第一項第一款,10,9,0.10526315789473695,0.10083815789473695,0.0,13.420669197462542,True,False,True,False,4215544.0,False,True
4545,2018-04-24,2018-05-07,2018,連續五次,10,9,-0.001187648456057122,-0.005612648456057122,-0.1342042755344418,-0.14473684255111718,True,True,True,True,761300.0,False,False
4549,2024-06-06,2024-06-19,2024,因連續3個營業日達本中心作業要點第四條第一項第一款,10,9,-0.12311557788944727,-0.12754057788944728,-0.12311557788944727,-0.9774038543394759,True,False,True,False,1120168.0,False,True
4551,2026-06-25,2026-07-07,2026,連續三次,10,9,0.007936507936507908,0.003511507936507908,-0.17063492063492058,0.10226926990192875,True,False,True,False,851080.0,False,True
4554,2020-03-26,2020-04-09,2020,因連續3個營業日達本中心作業要點第四條第一項第一款,10,9,0.14741035856573692,0.1429853585657369,-0.043824701195219196,39.94876003694971,True,True,True,True,28001.0,False,False
4554,2025-05-21,2025-06-03,2025,因連續3個營業日達本中心作業要點第四條第一項第一款,10,9,-0.18681318681318682,-0.19123818681318683,-0.20659340659340653,-0.997249180173732,True,True,True,True,507182.0,False,False
4554,2025-05-26,2025-06-06,2025,因連續3個營業日達本中心作業要點第四條第一項第一款,10,9,-0.08932461873638342,-0.09374961873638342,-0.21350762527233114,-0.9350693031892129,True,True,True,True,217938.0,False,False
4556,2026-06-17,2026-06-30,2026,因連續3個營業日達本中心作業要點第四條第一項第一款,10,9,0.0852017937219729,0.0807767937219729,0.0,7.651898520405808,True,True,True,True,791418.0,False,False
4556,2026-06-23,2026-07-03,2026,因連續3個營業日達本中心作業要點第四條第一項第一款,10,9,0.12151898734177213,0.11709398734177213,-0.11518987341772147,20.668327765989464,True,True,True,True,342565.0,False,False
4556,2026-07-17,2026-07-29,2026,因連續3個營業日達本中心作業要點第四條第一項第一款,10,9,-0.18454935622317592,-0.18897435622317593,-0.18454935622317592,-0.9970270818357428,True,False,True,False,432398.0,False,True
4556,2026-08-06,2026-08-11,2026,連續3個營業日,5,4,0.0797186400937866,0.0752936400937866,-0.05978898007033995,92.42052884284799,True,True,True,True,136907.0,False,False
4558,2024-11-04,2024-11-13,2024,因連續3個營業日達本中心作業要點第四條第一項第一款,9,8,-0.11187214611872143,-0.11629714611872143,-0.14497716894977153,-0.9790071913173997,True,True,True,True,307104.0,False,False
4561,2026-01-27,2026-02-06,2026,因連續3個營業日達本中心作業要點第四條第一項第一款,10,9,-0.1865979381443298,-0.1910229381443298,-0.19587628865979378,-0.9972287708869616,True,True,True,True,466736.0,False,False
4561,2026-05-14,2026-05-26,2026,連續5個營業日,10,9,0.06157112526539277,0.05714612526539277,0.0,3.6818477504451446,True,True,True,True,401141.0,False,False
4562,2024-05-16,2024-05-28,2024,連續三次,10,9,0.20219435736677127,0.19776935736677126,-0.10658307210031348,149.32571773200152,True,True,True,True,3502432.0,False,False
4562,2024-07-11,2024-07-23,2024,連續三次,10,9,-0.1063829787234043,-0.1108079787234043,-0.14609929078014183,-0.9616990170338657,True,True,True,True,3621313.0,False,False
4569,2024-09-11,2024-09-24,2024,連續三次,10,9,0.14953271028037385,0.14510771028037384,-0.032710280373831724,42.11421911920581,True,True,True,True,717763.0,False,False
4569,2024-09-16,2024-09-27,2024,連續三次,10,9,0.10000000000000009,0.09557500000000009,-0.08750000000000002,11.623210355554605,True,True,True,True,231186.0,False,False
4569,2026-04-20,2026-04-30,2026,連續三次,10,9,-0.07070707070707072,-0.07513207070707072,-0.13636363636363635,-0.8857726758505046,True,True,True,True,201041.0,False,False
4571,2021-03-05,2021-03-17,2021,連續三次,10,9,0.0888888888888888,0.0844638888888888,-0.0805555555555556,8.510362892631754,True,True,True,True,1453366.0,False,False
4571,2021-03-10,2021-03-22,2021,連續三次,10,9,-0.008474576271186418,-0.012899576271186418,-0.03389830508474578,-0.30277891983799865,True,False,True,False,262727.0,False,True
4571,2024-12-26,2025-01-10,2024,連續三次及當日沖銷標準,12,11,-0.2193308550185874,-0.2237558550185874,-0.23048327137546465,-0.9968379974625927,True,True,True,True,1760964.0,False,False
4576,2021-02-02,2021-02-23,2021,連續三次,10,9,0.3688524590163935,0.3644274590163935,-0.008196721311475419,5604.619795221711,True,True,True,True,1315941.0,False,False
4576,2024-10-25,2024-11-08,2024,連續三次及當日沖銷標準,11,10,-0.07092198581560283,-0.07534698581560283,-0.07446808510638303,-0.8589186057729188,True,True,True,True,1708557.0,False,False
4576,2026-04-20,2026-04-30,2026,連續三次,10,9,0.1212121212121211,0.1167871212121211,-0.14393939393939392,20.50359284787986,True,True,True,True,1696958.0,False,False
4577,2025-08-21,2025-09-02,2025,最近10個營業日內有6個營業日,10,9,-0.1754874651810584,-0.1799124651810584,-0.18384401114206128,-0.9959521158329987,True,True,True,True,405061.0,False,False
4577,2025-12-02,2025-12-12,2025,因連續3個營業日達本中心作業要點第四條第一項第一款,10,9,0.03867403314917128,0.034249033149171285,-0.023941068139963106,1.548316889591439,True,True,True,True,582038.0,False,False
4577,2026-03-05,2026-03-17,2026,因連續3個營業日達本中心作業要點第四條第一項第一款,10,9,0.07499999999999996,0.07057499999999996,-0.07857142857142851,5.64809404047352,True,True,True,True,740477.0,False,False
4577,2026-04-20,2026-04-30,2026,因連續3個營業日達本中心作業要點第四條第一項第一款,10,9,0.12244897959183665,0.11802397959183665,-0.027210884353741527,21.175039507792555,True,True,True,True,726857.0,False,False
4583,2024-09-05,2024-09-18,2024,連續三次,10,9,0.21558872305140953,0.2111637230514095,-0.06135986733001664,203.7342006696015,True,True,True,True,681102.0,False,False
4588,2024-03-01,2024-03-13,2024,連續三次,10,9,0.07619047619047614,0.07176547619047614,-0.07428571428571429,5.856532499053384,True,True,True,True,768605.0,False,False
4588,2024-04-24,2024-05-07,2024,連續三次,10,9,-0.06995884773662553,-0.07438384773662553,-0.12757201646090532,-0.8831777187899738,True,True,True,True,764148.0,False,False
4609,2018-05-15,2018-05-25,2018,因連續3個營業日達本中心作業要點第四條第一項第一款,10,9,0.02499999999999991,0.020574999999999913,-0.17222222222222217,0.7607284400265171,True,True,True,True,605054.0,False,False
4609,2018-05-18,2018-05-30,2018,因連續3個營業日達本中心作業要點第四條第一項第一款,10,9,0.282122905027933,0.277697905027933,-0.12011173184357538,903.3538847168232,True,True,True,True,133100.0,False,False
4609,2018-06-14,2018-06-27,2018,因連續3個營業日達本中心作業要點第四條第一項第一款,10,9,-0.14539007092198575,-0.14981507092198576,-0.1843971631205673,-0.9889836189952917,True,True,True,True,255000.0,False,False
4702,2020-03-26,2020-04-09,2020,因連續3個營業日達本中心作業要點第四條第一項第一款,10,9,0.28205128205128216,0.27762628205128215,-0.0012820512820512775,901.9467548717586,True,True,True,True,9321.0,False,False
4702,2020-11-11,2020-11-23,2020,因連續3個營業日達本中心作業要點第四條第一項第一款,10,9,-0.03200000000000003,-0.03642500000000003,-0.16000000000000003,-0.6432404086347776,True,True,True,True,465837.0,False,False
4707,2026-06-09,2026-06-22,2026,因連續3個營業日達本中心作業要點第四條第一項第一款,10,9,0.1717171717171717,0.1672921717171717,-0.04040404040404044,72.46817468317018,True,True,True,True,1604310.0,False,False
4707,2026-07-14,2026-07-24,2026,最近10個營業日內有6個營業日,10,9,-0.11750000000000005,-0.12192500000000005,-0.22249999999999992,-0.9729956531869239,True,True,True,True,1657654.0,False,False
4712,2020-05-29,2020-06-10,2020,因連續3個營業日達本中心作業要點第四條第一項第一款,10,9,0.015891032917139558,0.011466032917139558,-0.10215664018161186,0.37257533557582057,True,True,True,True,183470.0,False,False
4714,2024-02-23,2024-03-07,2024,因連續3個營業日達本中心作業要點第四條第一項第一款,10,9,0.12045454545454537,0.11602954545454537,-0.022727272727272707,20.102056513809163,True,False,True,False,18547817.0,False,True
4714,2024-02-29,2024-03-12,2024,因連續3個營業日達本中心作業要點第四條第一項第一款,10,9,-0.029279279279279202,-0.0337042792792792,-0.05405405405405406,-0.6141749230500759,True,True,True,True,7908562.0,False,False
4722,2025-08-25,2025-09-04,2025,連續三次,10,9,0.0826446280991735,0.0782196280991735,-0.02066115702479343,7.100918537189381,True,True,True,True,4516837.0,False,False
4722,2025-08-28,2025-09-09,2025,連續三次,10,9,-0.09790209790209792,-0.10232709790209792,-0.16433566433566438,-0.9501430820353833,True,True,True,True,1856386.0,False,False
4722,2025-10-09,2025-10-22,2025,最近十個營業日已有六次,10,9,-0.0776470588235294,-0.0820720588235294,-0.10352941176470587,-0.9073372318164961,True,True,True,True,1221910.0,False,False
4722,2026-05-28,2026-06-09,2026,最近十個營業日已有六次,10,9,-0.09426987060998149,-0.09869487060998149,-0.12014787430683915,-0.9442249363890678,True,True,True,True,909416.0,False,False
4725,2020-05-28,2020-06-09,2020,連續三次,10,9,0.16393442622950816,0.15950942622950814,-0.011475409836065431,60.00940172964107,True,True,True,True,1222635.0,False,False
4726,2020-05-25,2020-06-04,2020,因連續3個營業日達本中心作業要點第四條第一項第一款,10,9,-0.07012195121951215,-0.07454695121951214,-0.1707317073170731,-0.88374818669922,True,True,True,True,2982343.0,False,False
4726,2020-05-28,2020-06-09,2020,因連續3個營業日達本中心作業要點第四條第一項第一款,10,9,0.17474048442906587,0.17031548442906586,-0.05882352941176472,77.94128661134386,True,True,True,True,710428.0,False,False
4726,2020-07-15,2020-07-27,2020,因連續3個營業日達本中心作業要點第四條第一項第一款,10,9,-0.1473684210526316,-0.1517934210526316,-0.17719298245614035,-0.9896739469579319,True,False,True,False,4897575.0,False,True
4726,2021-04-19,2021-04-29,2021,因連續3個營業日達本中心作業要點第四條第一項第一款,10,9,-0.09209209209209213,-0.09651709209209212,-0.17917917917917925,-0.9403577640653061,True,True,True,True,2979729.0,False,False
4728,2023-04-24,2023-05-05,2023,因連續3個營業日達本中心作業要點第四條第一項第一款,10,9,0.08679245283018866,0.08236745283018866,-0.07358490566037734,8.012669707222708,True,True,True,True,326730.0,False,False
4728,2023-04-27,2023-05-10,2023,因連續3個營業日達本中心作業要點第四條第一項第一款,10,9,0.15116279069767447,0.14673779069767445,0.0,43.85194152211695,True,True,True,True,189611.0,False,False
4729,2020-05-05,2020-05-15,2020,因連續3個營業日達本中心作業要點第四條第一項第一款,10,9,-0.11038961038961048,-0.11481461038961048,-0.19805194805194815,-0.9662146200058387,True,True,True,True,2125512.0,False,False
4729,2020-05-08,2020-05-20,2020,因連續3個營業日達本中心作業要點第四條第一項第一款,10,9,0.19791666666666674,0.19349166666666673,-0.14236111111111116,135.1043392383221,True,True,True,True,356000.0,False,False
4729,2020-05-29,2020-06-10,2020,因連續3個營業日達本中心作業要點第四條第一項第一款,10,9,0.19061583577712615,0.18619083577712614,-0.01759530791788866,113.77545224580895,True,True,True,True,479000.0,False,False
4729,2024-08-28,2024-09-09,2024,因連續3個營業日達本中心作業要點第四條第一項第一款,10,9,0.115234375,0.110809375,-0.052734375,17.52528514079361,True,True,True,True,2342674.0,False,False
4736,2020-05-21,2020-06-02,2020,因連續3個營業日達本中心作業要點第四條第一項第一款,10,9,0.04379562043795615,0.03937062043795615,-0.08394160583941601,1.9231120347236428,True,True,True,True,1399385.0,False,False
4736,2022-04-18,2022-05-03,2022,連續3個營業日及沖銷標準,12,11,-0.05084745762711862,-0.05527245762711862,-0.11864406779661019,-0.7253460572708115,True,True,True,True,6217286.0,False,False
4736,2022-04-21,2022-05-04,2022,因連續3個營業日達本中心作業要點第四條第一項第一款,10,9,-0.12802768166089962,-0.13245268166089963,-0.12802768166089962,-0.9806838114630518,True,False,True,False,1581459.0,False,True
4739,2020-03-23,2020-04-06,2020,連續三次,10,9,0.28125,0.276825,-0.018750000000000044,886.3476824153536,True,True,True,True,266941.0,False,False
4741,2023-05-03,2023-05-15,2023,因連續3個營業日達本中心作業要點第四條第一項第一款,10,9,-0.1985203452527743,-0.2029453452527743,-0.21085080147965474,-0.9981653281421329,True,True,True,True,205744.0,False,False
4741,2024-09-02,2024-09-12,2024,因連續3個營業日達本中心作業要點第四條第一項第一款,10,9,-0.192781690140845,-0.19720669014084502,-0.19806338028169013,-0.9977607426068259,True,True,True,True,207380.0,False,False
4741,2026-04-08,2026-04-20,2026,因連續3個營業日達本中心作業要點第四條第一項第一款,10,9,0.247191011235955,0.24276601123595498,-0.032584269662921383,417.72304535944073,True,True,True,True,1281747.0,False,False
4741,2026-04-13,2026-04-23,2026,因連續3個營業日達本中心作業要點第四條第一項第一款,10,9,0.2058823529411764,0.2014573529411764,0.0,162.72730052320398,True,True,True,True,735491.0,False,False
4743,2020-04-27,2020-05-08,2020,因連續3個營業日達本中心作業要點第四條第一項第一款,10,9,0.3309734513274336,0.3265484513274336,-0.10619469026548678,2563.3391946848733,True,True,True,True,5003352.0,False,False
4743,2020-04-30,2020-05-13,2020,因連續3個營業日達本中心作業要點第四條第一項第一款,10,9,0.4803738317757009,0.4759488317757009,0.0,49706.85753350009,True,True,True,True,2601983.0,False,False
4743,2020-05-25,2020-06-04,2020,因連續3個營業日達本中心作業要點第四條第一項第一款,10,9,0.17578125,0.17135625,-0.08203125,79.91476073757772,True,True,True,True,3153880.0,False,False
4743,2020-05-28,2020-06-09,2020,因連續3個營業日達本中心作業要點第四條第一項第一款,10,9,0.5236220472440944,0.5191970472440944,-0.003937007874015741,110874.68675723353,True,True,True,True,2785804.0,False,False
4743,2020-07-10,2020-07-22,2020,因連續3個營業日達本中心作業要點第四條第一項第一款,10,9,-0.4916666666666667,-0.4960916666666667,-0.5369047619047619,-0.9999999946050523,True,True,True,True,4377551.0,False,False
4743,2020-07-15,2020-07-27,2020,因連續3個營業日達本中心作業要點第四條第一項第一款,10,9,-0.3614864864864865,-0.3659114864864865,-0.3614864864864865,-0.9999968072603854,True,False,True,False,1741346.0,False,True
4743,2020-07-22,2020-08-03,2020,因連續3個營業日達本中心作業要點第四條第一項第一款,10,9,0.01750000000000007,0.013075000000000071,-0.23250000000000004,0.4345347155763002,True,True,True,True,1920992.0,False,False
4743,2020-07-27,2020-08-06,2020,因連續3個營業日達本中心作業要點第四條第一項第一款,10,9,0.05238095238095242,0.04795595238095242,-0.2690476190476191,2.673534586766976,True,True,True,True,2147522.0,False,False
4743,2021-03-03,2021-03-15,2021,因連續3個營業日達本中心作業要點第四條第一項第一款,10,9,0.05010020040080154,0.045675200400801544,-0.01603206412825653,2.457802862357886,True,True,True,True,2005899.0,False,False
4743,2021-10-22,2021-11-03,2021,因連續3個營業日達本中心作業要點第四條第一項第一款,10,9,0.012145748987854255,0.0077207489878542545,-0.0080971659919028,0.23817877530100517,True,False,True,False,1873379.0,False,True
4743,2022-08-30,2022-09-12,2022,因連續3個營業日達本中心作業要點第四條第一項第一款,10,9,0.010398613518197486,0.005973613518197486,-0.1109185441941074,0.17991223883660412,True,True,True,True,5295124.0,False,False
4743,2022-09-02,2022-09-15,2022,因連續3個營業日達本中心作業要點第四條第一項第一款,10,9,-0.09166666666666667,-0.09609166666666667,-0.14500000000000002,-0.9395727176126915,True,True,True,True,2940522.0,False,False
4746,2020-03-30,2020-04-13,2020,連續三次,10,9,0.17582417582417564,0.17139917582417563,-0.09157509157509158,79.99716847669426,False,True,True,False,4369938.0,True,False
4746,2021-06-02,2021-06-15,2021,最近十個營業日已有六次,10,9,-0.07731958762886593,-0.08174458762886593,-0.08659793814432992,-0.9064145688444475,True,True,True,True,4973114.0,False,False
4747,2020-04-07,2020-04-17,2020,因連續3個營業日達本中心作業要點第四條第一項第一款,10,9,-0.03386243386243393,-0.038287433862433926,-0.03809523809523807,-0.6619072528014018,True,True,True,True,257125.0,False,False
4747,2022-12-29,2023-01-11,2022,最近10個營業日內有6個營業日,10,9,-0.08584905660377351,-0.09027405660377351,-0.17924528301886788,-0.9277850320733962,True,True,True,True,766258.0,False,False
4755,2022-01-05,2022-01-19,2021,連續五次及當日沖銷標準,12,11,-0.14739884393063585,-0.15182384393063586,-0.18497109826589597,-0.9763035565604359,True,True,True,True,1289352.0,False,False
4760,2020-01-31,2020-02-12,2020,最近10個營業日內有6個營業日,10,9,0.33044982698961944,0.32602482698961943,0.0,2535.3702441574064,True,True,True,True,496001.0,False,False
4760,2020-04-17,2020-04-29,2020,因連續3個營業日達本中心作業要點第四條第一項第一款,10,9,0.15404040404040398,0.14961540404040397,-0.1767676767676768,47.08570145496026,True,True,True,True,759830.0,False,False
4760,2021-01-20,2021-02-01,2021,因連續3個營業日達本中心作業要點第四條第一項第一款,10,9,-0.16470588235294115,-0.16913088235294116,-0.1725490196078432,-0.9941817159572389,True,True,True,True,2395019.0,False,False
4760,2025-09-03,2025-09-15,2025,因連續3個營業日達本中心作業要點第四條第一項第一款,10,9,-0.08595988538681953,-0.09038488538681953,-0.08595988538681953,-0.9280290144642859,True,False,True,False,343826.0,False,True
4763,2023-03-30,2023-04-14,2023,最近十個營業日已有六次,10,9,0.40807174887892383,0.4036467488789238,-0.014947683109118093,12315.721279605123,True,True,True,True,1234915.0,False,False
4763,2023-04-17,2023-04-27,2023,連續三次,10,9,-0.09894736842105267,-0.10337236842105267,-0.13473684210526315,-0.9517308158927376,True,True,True,True,494187.0,False,False
4764,2025-10-29,2025-11-10,2025,連續三次,10,9,-0.2148148148148148,-0.2192398148148148,-0.22098765432098766,-0.9989663359785635,True,True,True,True,650637.0,False,False
4764,2025-11-03,2025-11-13,2025,連續三次,10,9,-0.0653061224489796,-0.0697311224489796,-0.17006802721088432,-0.8657192805822331,True,True,True,True,189794.0,False,False
4764,2026-04-20,2026-04-30,2026,連續三次,10,9,0.10492505353319048,0.10050005353319048,-0.2312633832976445,13.298144015104622,False,True,True,False,846246.0,True,False
4764,2026-04-23,2026-05-06,2026,連續三次,10,9,0.5688073394495412,0.5643823394495412,-0.17660550458715596,250272.0081547421,True,True,True,True,1396813.0,False,False
4764,2026-05-11,2026-05-21,2026,連續三次,10,9,0.04234527687296419,0.03792027687296419,-0.10423452768729646,1.8119001896711704,True,True,True,True,587368.0,False,False
4764,2026-06-26,2026-07-08,2026,連續三次,10,9,0.08034188034188028,0.07591688034188028,-0.0854700854700855,6.633826041618694,True,True,True,True,1257984.0,False,False
4768,2022-08-30,2022-09-12,2022,連續5個營業日,10,9,0.30409356725146197,0.29966856725146196,-0.0029239766081871066,1451.1687911248814,True,True,True,True,401243.0,False,False
4768,2024-04-24,2024-05-07,2024,最近10個營業日內有6個營業日,10,9,0.0620155038759691,0.057590503875969104,-0.011627906976744207,3.7368245073788398,True,True,True,True,937200.0,False,False
4768,2025-08-25,2025-09-04,2025,因連續3個營業日達本中心作業要點第四條第一項第一款,10,9,0.0853242320819112,0.0808992320819112,-0.023890784982935176,7.679166269221893,True,True,True,True,185114.0,False,False
4768,2025-10-16,2025-10-29,2025,因連續3個營業日達本中心作業要點第四條第一項第一款,10,9,0.013592233009708687,0.009167233009708687,-0.044660194174757306,0.2885083729719864,True,True,True,True,497315.0,False,False
4768,2025-12-24,2026-01-07,2025,連續5個營業日,10,9,0.31748466257668717,0.31305966257668716,0.0,1929.542836865016,True,True,True,True,1552796.0,False,False
4768,2026-03-09,2026-03-19,2026,連續5個營業日,10,9,0.3200498132004981,0.31562481320049807,-0.00249066002490661,2037.0919502402069,True,True,True,True,721708.0,False,False
4768,2026-04-28,2026-05-11,2026,最近10個營業日內有6個營業日,10,9,-0.011133603238866363,-0.015558603238866363,-0.0253036437246964,-0.3531111508659628,True,True,True,True,473461.0,False,False
4770,2022-08-31,2022-09-13,2022,連續三次,10,9,-0.008021390374331583,-0.012446390374331583,-0.0668449197860963,-0.29383238273186707,True,True,True,True,719610.0,False,False
4772,2025-01-22,2025-02-12,2025,因連續3個營業日達本中心作業要點第四條第一項第一款,10,9,-0.14092664092664098,-0.145351640926641,-0.14092664092664098,-0.987258888719878,True,False,True,False,1510045.0,False,True
4772,2025-09-03,2025-09-15,2025,最近10個營業日內有6個營業日,10,9,0.19354838709677424,0.18912338709677423,0.0,121.92400050989283,True,True,True,True,1664579.0,False,False
4803,2021-08-23,2021-09-02,2021,因連續3個營業日達本中心作業要點第四條第一項第一款,10,9,-0.28873239436619713,-0.29315739436619714,-0.2922535211267605,-0.9999347590950569,True,True,True,True,155885.0,False,False
4803,2021-08-26,2021-09-07,2021,因連續3個營業日達本中心作業要點第四條第一項第一款,10,9,-0.27760000000000007,-0.2820250000000001,-0.3448,-0.9998992983165755,True,True,True,True,89403.0,False,False
4803,2021-09-23,2021-10-05,2021,因連續3個營業日達本中心作業要點第四條第一項第一款,10,9,0.06060606060606055,0.056181060606060554,0.0,3.5645641886181743,True,True,True,True,57157.0,False,False
4803,2021-11-24,2021-12-06,2021,因連續3個營業日達本中心作業要點第四條第一項第一款,10,9,-0.46846846846846857,-0.4728934684684686,-0.5608108108108109,-0.9999999811654394,True,True,True,True,33208.0,False,False
4804,2022-03-23,2022-04-06,2022,因連續3個營業日達本中心作業要點第四條第一項第一款,10,9,0.23481781376518218,0.23039281376518217,-0.0080971659919028,316.11462788407874,True,True,True,True,2147061.0,False,False
4804,2022-05-17,2022-05-27,2022,因連續3個營業日達本中心作業要點第四條第一項第一款,10,9,0.020689655172413834,0.016264655172413836,-0.0482758620689655,0.5654309971305069,True,True,True,True,1167310.0,False,False
4804,2023-04-18,2023-04-28,2023,因連續3個營業日達本中心作業要點第四條第一項第一款,10,9,0.10588235294117654,0.10145735294117654,0.0,13.64768758920597,True,True,True,True,123786.0,False,False
4804,2024-07-22,2024-08-01,2024,因連續3個營業日達本中心作業要點第四條第一項第一款,8,7,-0.13821138211382122,-0.14263638211382124,-0.2682926829268293,-0.9958976046429066,True,True,True,True,1020426.0,False,False
4804,2025-07-03,2025-07-15,2025,因連續3個營業日達本中心作業要點第四條第一項第一款,10,9,0.026562500000000044,0.022137500000000046,-0.05937500000000007,0.8371635934010748,True,True,True,True,276490.0,False,False
4804,2025-08-08,2025-08-20,2025,因連續3個營業日達本中心作業要點第四條第一項第一款,10,9,-0.04038461538461535,-0.04480961538461535,-0.08173076923076916,-0.7201387089183333,True,True,True,True,375273.0,False,False
4806,2018-05-25,2018-06-06,2018,因連續3個營業日達本中心作業要點第四條第一項第一款,10,9,-0.14714714714714716,-0.15157214714714717,-0.1921921921921922,-0.9895988576558326,True,True,True,True,71060.0,False,False
4806,2018-05-30,2018-06-11,2018,因連續3個營業日達本中心作業要點第四條第一項第一款,10,9,0.030000000000000027,0.02557500000000003,-0.10333333333333339,1.016743722207217,True,False,True,False,2956195.0,False,True
4806,2018-06-04,2018-06-14,2018,因連續3個營業日達本中心作業要點第四條第一項第一款,10,9,0.08771929824561409,0.08329429824561409,-0.056140350877193046,8.229525407950097,True,True,True,True,230360.0,False,False
4806,2023-10-25,2023-11-06,2023,因連續3個營業日達本中心作業要點第四條第一項第一款,10,9,-0.12844036697247707,-0.13286536697247708,-0.2449541284403669,-0.9809374301546249,True,True,True,True,60107.0,False,False
4806,2023-11-16,2023-11-28,2023,因連續3個營業日達本中心作業要點第四條第一項第一款,10,9,0.07849829351535842,0.07407329351535842,-0.08191126279863492,6.278690974572871,True,True,True,True,68124.0,False,False
4807,2018-03-21,2018-03-31,2018,連續三次,10,9,-0.00846432889963733,-0.01288932889963733,-0.07738814993954057,-0.3025778349105245,True,True,True,True,735166.0,False,False
4807,2020-03-26,2020-04-09,2020,連續三次,10,9,0.039164490861618884,0.034739490861618885,-0.023498694516971286,1.5820990400872117,True,True,True,True,13009.0,False,False
4807,2026-06-10,2026-06-23,2026,連續三次,10,9,0.3157099697885195,0.3112849697885195,0.0,1858.3597441914092,True,True,True,True,323521.0,False,False
4903,2019-01-11,2019-01-23,2019,因連續3個營業日達本中心作業要點第四條第一項第一款,10,9,-0.009584664536741228,-0.014009664536741228,-0.054313099041533475,-0.32423443525634255,True,True,True,True,1156414.0,False,False
4903,2019-10-29,2019-11-08,2019,因連續3個營業日達本中心作業要點第四條第一項第一款,10,9,0.13377926421404673,0.12935426421404672,-0.010033444816053394,28.343062905346198,True,True,True,True,435009.0,False,False
4903,2021-10-01,2021-10-14,2021,因連續3個營業日達本中心作業要點第四條第一項第一款,10,9,-0.12400000000000011,-0.12842500000000012,-0.17599999999999993,-0.9780315702325507,True,True,True,True,829207.0,False,False
4905,2023-07-12,2023-07-24,2023,因連續3個營業日達本中心作業要點第四條第一項第一款,10,9,-0.010126582278480956,-0.014551582278480956,-0.10253164556962013,-0.33447589190316906,True,True,True,True,114159.0,False,False
4905,2026-03-27,2026-04-10,2026,因連續3個營業日達本中心作業要點第四條第一項第一款,10,9,-0.011834319526627168,-0.016259319526627167,-0.101775147928994,-0.365780264768624,True,True,True,True,35073.0,False,False
4908,2019-10-28,2019-11-07,2019,因連續3個營業日達本中心作業要點第四條第一項第一款,10,9,0.18375000000000008,0.17932500000000007,0.0,96.6831340386462,True,True,True,True,3165989.0,False,False
4908,2026-04-20,2026-04-30,2026,因連續3個營業日達本中心作業要點第四條第一項第一款,10,9,0.1413333333333333,0.1369083333333333,-0.15733333333333333,34.31255657758937,False,True,True,False,635406.0,True,False
4908,2026-04-23,2026-05-06,2026,因連續3個營業日達本中心作業要點第四條第一項第一款,10,9,0.17380952380952386,0.16938452380952385,-0.24761904761904763,76.21540276202346,True,True,True,True,1803309.0,False,False
4908,2026-05-11,2026-05-21,2026,因連續3個營業日達本中心作業要點第四條第一項第一款,10,9,0.03404255319148941,0.029617553191489412,-0.06382978723404253,1.2496211522075327,True,True,True,True,539981.0,False,False
4909,2024-03-18,2024-03-28,2024,最近10個營業日內有6個營業日,10,9,0.04936708860759498,0.04494208860759498,0.0,2.3910914835951704,True,True,True,True,3773583.0,False,False
4909,2024-04-10,2024-04-22,2024,最近10個營業日內有6個營業日,10,9,-0.13497536945812816,-0.13940036945812817,-0.13497536945812816,-0.9845502669212111,True,False,True,False,2423649.0,False,True
4911,2020-06-03,2020-06-15,2020,因連續3個營業日達本中心作業要點第四條第一項第一款,10,9,0.012345679012345734,0.007920679012345734,-0.1308641975308641,0.24502061252327678,True,True,True,True,81120.0,False,False
4911,2022-06-22,2022-07-04,2022,因連續3個營業日達本中心作業要點第四條第一項第一款,10,9,-0.17321428571428577,-0.17763928571428578,-0.17321428571428577,-0.9956285957056711,True,False,True,False,808710.0,False,True
4911,2022-06-27,2022-07-07,2022,因連續3個營業日達本中心作業要點第四條第一項第一款,10,9,-0.2468581687612208,-0.2512831687612208,-0.2728904847396769,-0.9996772827965787,True,True,True,True,302326.0,False,False
4916,2026-05-28,2026-06-09,2026,連續三次,10,9,0.17156862745098045,0.16714362745098044,-0.021568627450980427,72.20891601072319,True,True,True,True,5999683.0,False,False
4919,2026-04-24,2026-05-07,2026,連續三次,10,9,0.17218543046357615,0.16776043046357614,-0.1291390728476821,73.29124591472886,True,True,True,True,6697669.0,False,False
4919,2026-06-01,2026-06-11,2026,連續三次,10,9,-0.13533834586466165,-0.13976334586466166,-0.20300751879699253,-0.9847302556054649,True,True,True,True,3780749.0,False,False
4923,2026-06-26,2026-07-08,2026,因連續3個營業日達本中心作業要點第四條第一項第一款,10,9,0.1367521367521367,0.1323271367521367,-0.08205128205128198,30.566023485085555,True,True,True,True,800784.0,False,False
4924,2020-08-25,2020-09-04,2020,因連續3個營業日達本中心作業要點第四條第一項第一款,10,9,0.2272727272727273,0.22284772727272728,-0.06060606060606055,266.3071501874297,True,True,True,True,251000.0,False,False
4924,2024-06-21,2024-07-03,2024,因連續3個營業日達本中心作業要點第四條第一項第一款,10,9,-0.09352517985611519,-0.09795017985611519,-0.13309352517985606,-0.9429305809533294,True,True,True,True,383260.0,False,False
4927,2024-07-19,2024-07-31,2024,連續三次,8,7,0.03846153846153855,0.03403653846153855,-0.038461538461538436,2.3047510971719967,True,True,True,True,1066621.0,False,False
4927,2026-03-05,2026-03-17,2026,連續三次,10,9,0.08662280701754366,0.08219780701754366,-0.10087719298245612,7.973512810046685,True,True,True,True,4472083.0,False,False
4931,2024-11-20,2024-12-04,2024,連續3個營業日及沖銷標準,12,11,0.43346774193548376,0.42904274193548375,-0.03830645161290325,3339.065365914911,True,True,True,True,4430962.0,False,False
4931,2025-09-03,2025-09-15,2025,最近10個營業日內有6個營業日,10,9,0.03378378378378377,0.029358783783783773,-0.013513513513513487,1.2339686711008668,True,False,True,False,1380053.0,False,True
4931,2025-12-09,2025-12-23,2025,連續5個營業日及沖銷標準,12,11,0.0626865671641792,0.0582615671641792,-0.020895522388059695,2.6218659067798615,True,True,True,True,2039368.0,False,False
4931,2025-12-29,2026-01-09,2025,最近10個營業日內有6個營業日,10,9,-0.03389830508474578,-0.03832330508474578,-0.05649717514124297,-0.6622573731631964,True,True,True,True,872576.0,False,False
4934,2020-09-09,2020-09-21,2020,連續三次,10,9,0.31273408239700373,0.3083090823970037,0.0,1744.6386220271743,True,True,True,True,7472024.0,False,False
4939,2026-04-24,2026-05-07,2026,因連續3個營業日達本中心作業要點第四條第一項第一款,10,9,-0.013544018058690654,-0.017969018058690653,-0.13092550790067714,-0.3956962856389923,True,True,True,True,2157649.0,False,False
4943,2018-10-17,2018-10-29,2018,連續三次,10,9,-0.21568627450980393,-0.22011127450980394,-0.24836601307189543,-0.9989979100151296,True,True,True,True,1277758.0,False,False
4943,2021-11-25,2021-12-07,2021,連續三次,10,9,-0.1515527950310559,-0.1559777950310559,-0.18012422360248448,-0.9909993425430118,False,True,True,False,4317581.0,True,False
4943,2022-11-28,2022-12-08,2022,連續三次,10,9,0.060830860534124565,0.056405860534124566,0.0,3.5916282349529256,True,True,True,True,571945.0,False,False
4943,2022-12-29,2023-01-11,2022,連續三次,10,9,0.20731707317073167,0.20289207317073166,-0.012195121951219523,168.24600107341197,True,True,True,True,863633.0,False,False
4943,2023-01-04,2023-01-16,2022,連續三次,10,9,-0.16666666666666674,-0.17109166666666675,-0.2767857142857143,-0.994551313415791,False,True,True,False,211828.0,True,False
4943,2023-01-09,2023-01-31,2023,連續三次,10,9,-0.07333333333333336,-0.07775833333333336,-0.18999999999999995,-0.8944483588308347,True,True,True,True,112187.0,False,False
4943,2024-03-13,2024-03-25,2024,連續三次,10,9,0.02464788732394374,0.020222887323943742,-0.18309859154929575,0.7439318250567863,True,True,True,True,425023.0,False,False
4943,2025-03-27,2025-04-10,2025,連續三次,10,9,-0.10317460317460314,-0.10759960317460314,-0.16666666666666663,-0.9576688707987563,True,True,True,True,28471.0,False,False
4944,2020-02-24,2020-03-06,2020,因連續3個營業日達本中心作業要點第四條第一項第一款,10,9,0.18541033434650456,0.18098533434650454,-0.024316109422492294,100.57616031613273,True,True,True,True,1075423.0,False,False
4944,2020-03-23,2020-04-06,2020,因連續3個營業日達本中心作業要點第四條第一項第一款,10,9,-0.007682458386683688,-0.012107458386683688,-0.0998719590268885,-0.28706915349269446,True,True,True,True,87303.0,False,False
4944,2020-03-26,2020-04-09,2020,因連續3個營業日達本中心作業要點第四條第一項第一款,10,9,-0.05012853470437029,-0.054553534704370285,-0.10925449871465298,-0.7895017920405278,True,True,True,True,308747.0,False,False
4944,2020-07-16,2020-07-28,2020,因連續3個營業日達本中心作業要點第四條第一項第一款,10,9,-0.056034482758620774,-0.06045948275862077,-0.07758620689655171,-0.8231304156804348,True,True,True,True,198801.0,False,False
4944,2021-03-05,2021-03-17,2021,因連續3個營業日達本中心作業要點第四條第一項第一款,10,9,0.08571428571428563,0.08128928571428563,-0.06493506493506496,7.766586986290992,True,True,True,True,234696.0,False,False
4944,2021-10-12,2021-10-22,2021,因連續3個營業日達本中心作業要點第四條第一項第一款,10,9,0.021897810218977964,0.017472810218977966,-0.051094890510948954,0.6179571398893864,True,True,True,True,132403.0,False,False
4944,2021-12-15,2021-12-27,2021,因連續3個營業日達本中心作業要點第四條第一項第一款,10,9,0.029616724738676048,0.02519172473867605,-0.12891986062717764,0.9959122455991276,True,True,True,True,440763.0,False,False
4944,2022-05-13,2022-05-25,2022,因連續3個營業日達本中心作業要點第四條第一項第一款,10,9,0.3674698795180722,0.3630448795180722,-0.02048192771084334,5448.958705684526,True,False,True,False,213430.0,False,True
4944,2022-05-18,2022-05-30,2022,因連續3個營業日達本中心作業要點第四條第一項第一款,10,9,0.1428571428571428,0.13843214285714278,0.0,35.651139315416415,True,True,True,True,186312.0,False,False
4944,2022-05-27,2022-06-09,2022,因連續3個營業日達本中心作業要點第四條第一項第一款,10,9,0.034482758620689724,0.030057758620689726,0.0,1.2764915688432739,True,True,True,True,31383.0,False,False
4944,2023-08-29,2023-09-08,2023,因連續3個營業日達本中心作業要點第四條第一項第一款,10,9,0.38607594936708844,0.38165094936708843,-0.08227848101265822,7941.438901320768,True,True,True,True,1153538.0,False,False
4945,2021-07-28,2021-08-09,2021,因連續3個營業日達本中心作業要點第四條第一項第一款,10,9,-0.11138923654568211,-0.11581423654568211,-0.14518147684605764,-0.9672585642405097,True,True,True,True,918832.0,False,False
4945,2024-02-27,2024-03-11,2024,因連續3個營業日達本中心作業要點第四條第一項第一款,10,9,-0.06666666666666665,-0.07109166666666665,-0.1333333333333333,-0.8710690465312235,True,True,True,True,1086867.0,False,False
4946,2020-05-29,2020-06-10,2020,因連續3個營業日達本中心作業要點第四條第一項第一款,10,9,0.2959641255605381,0.29153912556053807,-0.053811659192825045,1218.8917908749156,True,True,True,True,655151.0,False,False
4946,2020-11-26,2020-12-08,2020,因連續3個營業日達本中心作業要點第四條第一項第一款,10,9,0.022727272727272707,0.01830227272727271,-0.09740259740259738,0.6549984258634225,True,True,True,True,524387.0,False,False
4946,2020-12-01,2020-12-11,2020,因連續3個營業日達本中心作業要點第四條第一項第一款,10,9,-0.025196850393700787,-0.029621850393700785,-0.1244094488188976,-0.5662392571036431,True,True,True,True,78353.0,False,False
4946,2021-01-13,2021-01-25,2021,因連續3個營業日達本中心作業要點第四條第一項第一款,10,9,-0.018495684340320562,-0.02292068434032056,-0.13563501849568438,-0.47486282260657997,True,True,True,True,269836.0,False,False
4946,2021-12-24,2022-01-06,2021,因連續3個營業日達本中心作業要點第四條第一項第一款,10,9,0.31703204047217537,0.31260704047217536,-0.0994940978077572,1911.1425254572903,True,True,True,True,532941.0,False,False
4946,2022-01-13,2022-01-25,2022,因連續3個營業日達本中心作業要點第四條第一項第一款,10,9,-0.19661458333333326,-0.20103958333333327,-0.19661458333333326,-0.9980394928676742,True,False,True,False,582142.0,False,True
4946,2023-06-13,2023-06-27,2023,因連續3個營業日達本中心作業要點第四條第一項第一款,10,9,0.1357827476038338,0.13135774760383379,-0.08626198083067094,29.82390421740009,True,True,True,True,59091.0,False,False
4946,2025-02-17,2025-02-27,2025,因連續3個營業日達本中心作業要點第四條第一項第一款,10,9,0.2052117263843649,0.2007867263843649,0.0,160.20760083246444,True,True,True,True,201342.0,False,False
4946,2025-03-18,2025-03-28,2025,因連續3個營業日達本中心作業要點第四條第一項第一款,10,9,-0.16750250752256768,-0.1719275075225677,-0.17753259779338015,-0.9947018889108512,True,True,True,True,165458.0,False,False
4946,2025-05-09,2025-05-21,2025,因連續3個營業日達本中心作業要點第四條第一項第一款,10,9,0.09859154929577474,0.09416654929577474,-0.187793427230047,11.180102114466065,True,True,True,True,252836.0,False,False
4946,2025-05-29,2025-06-11,2025,因連續3個營業日達本中心作業要點第四條第一項第一款,10,9,-0.09954751131221717,-0.10397251131221717,-0.14932126696832582,-0.9526202688145511,True,True,True,True,73159.0,False,False
4949,2025-04-01,2025-04-15,2025,連續五次,10,9,-0.00694444444444442,-0.01136944444444442,-0.1430555555555555,-0.27212573846000176,True,True,True,True,1423712.0,False,False
4949,2026-04-20,2026-04-30,2026,連續三次,10,9,0.15174672489082974,0.14732172489082973,-0.09606986899563319,44.49070830225752,True,True,True,True,1715935.0,False,False
4950,2020-08-28,2020-09-09,2020,因連續3個營業日達本中心作業要點第四條第一項第一款,10,9,-0.293984962406015,-0.29840996240601503,-0.31954887218045114,-0.999946967846308,False,True,True,False,616346.0,True,False
4950,2020-09-02,2020-09-14,2020,因連續3個營業日達本中心作業要點第四條第一項第一款,10,9,-0.09853658536585364,-0.10296158536585363,-0.12975609756097561,-0.9511127509019878,True,True,True,True,180055.0,False,False
4950,2020-11-16,2020-11-26,2020,因連續3個營業日達本中心作業要點第四條第一項第一款,10,9,0.09039548022598876,0.08597048022598876,-0.1581920903954802,8.884279132880092,True,True,True,True,446061.0,False,False
4950,2024-09-19,2024-10-01,2024,因連續3個營業日達本中心作業要點第四條第一項第一款,10,9,-0.1655844155844156,-0.17000941558441562,-0.1655844155844156,-0.9943502090329169,True,True,True,True,1509657.0,False,False
4950,2024-09-24,2024-10-04,2024,因連續3個營業日達本中心作業要點第四條第一項第一款,8,7,-0.13261648745519716,-0.13704148745519718,-0.13261648745519716,-0.9948248181819853,True,True,True,True,261000.0,False,False
4951,2026-05-07,2026-05-19,2026,因連續3個營業日達本中心作業要點第四條第一項第一款,10,9,-0.10344827586206895,-0.10787327586206895,-0.10727969348659006,-0.9580279968344129,True,True,True,True,1626116.0,False,False
4951,2026-05-12,2026-05-22,2026,因連續3個營業日達本中心作業要點第四條第一項第一款,10,9,0.1382113821138211,0.1337863821138211,-0.05284552845528456,31.71572629930101,True,True,True,True,597622.0,False,False
4956,2020-05-06,2020-05-18,2020,連續三次,10,9,-0.23768736616702357,-0.24211236616702358,-0.3468950749464669,-0.9995474261364277,True,True,True,True,9132896.0,False,False
4956,2020-05-11,2020-05-21,2020,連續三次,10,9,0.18591549295774645,0.18149049295774644,-0.14084507042253525,101.79000123576536,True,True,True,True,4006442.0,False,False
4956,2024-10-21,2024-11-04,2024,連續三次及當日沖銷標準,11,10,-0.0846681922196797,-0.08909319221967969,-0.14416475972540055,-0.9029828089963259,True,True,True,True,4696658.0,False,False
4956,2026-04-24,2026-05-07,2026,連續三次,10,9,0.06666666666666665,0.062241666666666653,-0.14141414141414144,4.350888590817193,True,True,True,True,3198591.0,False,False
4958,2026-06-01,2026-06-11,2026,連續三次,10,9,-0.023985239852398532,-0.02841023985239853,-0.1697416974169742,-0.5509408152766881,True,True,True,True,12673360.0,False,False
4960,2020-04-10,2020-04-22,2020,連續三次,10,9,0.024615384615384706,0.020190384615384707,-0.026153846153846194,0.7423891791282113,True,True,True,True,1320767.0,False,False
4960,2026-03-19,2026-03-31,2026,連續三次,10,9,-0.09665427509293678,-0.10107927509293678,-0.10780669144981403,-0.9481817015049971,True,False,True,False,11083244.0,False,True
4960,2026-04-22,2026-05-05,2026,連續三次,10,9,-0.01730103806228378,-0.02172603806228378,-0.15916955017301038,-0.45673249106882896,True,True,True,True,11789880.0,False,False
4960,2026-04-27,2026-05-08,2026,連續三次,10,9,-0.016249999999999987,-0.020674999999999985,-0.08750000000000002,-0.4402838840071487,True,False,True,False,4164367.0,False,True
4961,2020-12-16,2020-12-28,2020,連續三次,10,9,0.24274099883855982,0.2383159988385598,-0.0383275261324042,378.01145202178526,True,True,True,True,14793100.0,False,False
4961,2020-12-21,2020-12-31,2020,連續三次,10,9,0.3297297297297297,0.3253047297297297,-0.1048648648648649,2497.386722605056,True,True,True,True,3127280.0,False,False
4961,2021-01-13,2021-01-25,2021,最近十個營業日已有六次,10,9,-0.0035714285714285587,-0.007996428571428559,-0.0035714285714285587,-0.1998978518351231,True,False,True,False,2091962.0,False,True
4961,2021-02-24,2021-03-09,2021,連續三次,10,9,-0.007317073170731714,-0.011742073170731714,-0.08292682926829265,-0.27970812784861865,True,True,True,True,1709473.0,False,False
4961,2021-03-25,2021-04-08,2021,連續三次,10,9,0.33453237410071934,0.33010737410071933,-0.03237410071942448,2761.4679959933874,True,True,True,True,997494.0,False,False
4966,2026-05-19,2026-05-29,2026,因連續3個營業日達本中心作業要點第四條第一項第一款,10,9,0.11497326203208558,0.11054826203208558,-0.06016042780748665,17.40470242106731,True,True,True,True,1398148.0,False,False
4967,2025-10-20,2025-11-04,2025,連續三次及當日沖銷標準,12,11,-0.03435114503816794,-0.03877614503816794,-0.041984732824427495,-0.5929491719229358,True,False,True,False,3043362.0,False,True
4967,2026-01-15,2026-01-27,2026,最近十個營業日已有六次,10,9,0.2783505154639174,0.2739255154639174,-0.005154639175257714,832.0434842867819,True,True,True,True,1560551.0,False,False
4968,2019-08-26,2019-09-05,2019,最近十個營業日已有六次,10,9,0.08571428571428563,0.08128928571428563,0.0,7.766586986290992,True,True,True,True,1187548.0,False,False
4968,2019-10-09,2019-10-23,2019,最近十個營業日已有六次,10,9,0.2297979797979799,0.22537297979797988,0.0,282.0721949873144,True,True,True,True,4360738.0,False,False
4968,2020-07-14,2020-07-24,2020,連續三次,10,9,0.12240663900414939,0.11798163900414939,-0.07468879668049788,21.151723860774155,True,True,True,True,3635109.0,False,False
4968,2021-11-02,2021-11-12,2021,連續三次,10,9,-0.016393442622950838,-0.020818442622950836,-0.06885245901639347,-0.4425567050269632,True,True,True,True,1632768.0,False,False
4971,2025-02-18,2025-03-03,2025,因連續3個營業日達本中心作業要點第四條第一項第一款,10,9,-0.00588235294117645,-0.01030735294117645,-0.05294117647058827,-0.25008930642183247,True,True,True,True,1204330.0,False,False
4971,2025-02-21,2025-03-10,2025,連續3個營業日及沖銷標準,12,11,-0.2091152815013405,-0.21354028150134052,-0.2091152815013405,-0.9957439081815268,True,False,True,False,1025757.0,False,True
4971,2025-12-24,2026-01-07,2025,最近10個營業日內有6個營業日,10,9,-0.0033670033670033517,-0.007792003367003352,-0.030303030303030276,-0.19530520694450204,True,True,True,True,1333633.0,False,False
4971,2026-02-09,2026-03-05,2026,連續5個營業日及沖銷標準,12,11,0.0854591836734695,0.0810341836734695,-0.030612244897959218,4.875947257930519,True,True,True,True,831071.0,False,False
4971,2026-03-16,2026-03-26,2026,連續5個營業日,10,9,0.09926854754440972,0.09484354754440973,-0.12643678160919536,11.39118573235586,True,True,True,True,257139.0,False,False
4971,2026-04-07,2026-04-21,2026,連續3個營業日及沖銷標準,12,11,0.468013468013468,0.463588468013468,-0.011784511784511786,5747.072642423119,True,True,True,True,709468.0,False,False
4971,2026-04-29,2026-05-12,2026,連續5個營業日,10,9,0.07432432432432434,0.06989932432432434,-0.08783783783783783,5.532522640187941,True,True,True,True,249643.0,False,False
4971,2026-05-21,2026-06-02,2026,連續5個營業日,10,9,0.02894356005788712,0.02451856005788712,0.0,0.9598259873130313,True,False,True,False,216650.0,False,True
4973,2026-03-19,2026-03-31,2026,因連續3個營業日達本中心作業要點第四條第一項第一款,10,9,-0.3635427394438723,-0.3679677394438723,-0.4057672502574665,-0.9999970827136127,True,True,True,True,7562054.0,False,False
4973,2026-03-24,2026-04-07,2026,因連續3個營業日達本中心作業要點第四條第一項第一款,10,9,-0.15281173594132025,-0.15723673594132026,-0.29462102689486547,-0.9913649159394304,True,True,True,True,1344042.0,False,False
4973,2026-06-04,2026-06-16,2026,因連續3個營業日達本中心作業要點第四條第一項第一款,10,9,0.10818713450292394,0.10376213450292394,-0.0964912280701754,14.523364855646216,True,True,True,True,2980341.0,False,True
4976,2018-06-21,2018-07-03,2018,連續三次,10,9,-0.11333333333333329,-0.11775833333333328,-0.11333333333333329,-0.9692005140252078,True,False,True,False,4307677.0,False,True
4976,2020-09-09,2020-09-21,2020,連續三次,10,9,0.19487179487179485,0.19044679487179483,-0.0064102564102563875,125.78132310203112,True,True,True,True,3100802.0,False,False
4979,2020-03-24,2020-04-07,2020,因連續3個營業日達本中心作業要點第四條第一項第一款,10,9,0.2523809523809524,0.24795595238095236,-0.00952380952380949,469.1122617878814,True,True,True,True,574026.0,False,False
4979,2020-07-10,2020-07-22,2020,因連續3個營業日達本中心作業要點第四條第一項第一款,10,9,-0.04654654654654644,-0.05097154654654644,-0.16366366366366358,-0.7661875691694706,True,True,True,True,7268610.0,False,False
4979,2022-12-08,2022-12-22,2022,連續3個營業日及沖銷標準,12,11,-0.12929292929292924,-0.13371792929292925,-0.12929292929292924,-0.961702846157933,True,False,True,False,4216921.0,False,True
4979,2023-07-13,2023-07-27,2023,連續5個營業日及沖銷標準,12,11,0.17207792207792205,0.16765292207792204,-0.025974025974025983,32.87337111861332,True,True,True,True,5697302.0,False,False
4979,2023-08-08,2023-08-21,2023,連續5個營業日及沖銷標準,11,10,0.0844155844155845,0.0799905844155845,-0.13311688311688308,5.846982704303024,True,True,True,True,3198411.0,False,False
4979,2023-09-04,2023-09-14,2023,最近10個營業日內有6個營業日,10,9,0.09717868338557989,0.09275368338557989,-0.01567398119122254,10.750688323085077,True,True,True,True,1895040.0,False,False
4979,2023-11-03,2023-11-15,2023,最近10個營業日內有6個營業日,10,9,0.00588235294117645,0.0014573529411764496,-0.02352941176470591,0.04128190644351215,True,True,True,True,4773666.0,False,False
4979,2026-03-05,2026-03-17,2026,連續5個營業日,10,9,-0.09817351598173518,-0.10259851598173518,-0.23287671232876717,-0.950560130446093,True,True,True,True,7565789.0,False,False
4979,2026-03-31,2026-04-14,2026,連續5個營業日,10,9,0.29679144385026746,0.29236644385026744,-0.08689839572192515,1240.7851859649952,True,True,True,True,1993015.0,False,False
4979,2026-04-23,2026-05-06,2026,因連續3個營業日達本中心作業要點第四條第一項第一款,10,9,0.09331259720062213,0.08888759720062213,-0.20528771384136857,9.648954569711696,True,True,True,True,4544651.0,False,False
4979,2026-05-15,2026-05-27,2026,連續5個營業日,10,9,0.046666666666666634,0.042241666666666636,-0.16333333333333333,2.1558989847970698,True,True,True,True,2824650.0,False,False
4979,2026-06-05,2026-06-17,2026,連續5個營業日,10,9,-0.0072727272727273196,-0.01169772727272732,-0.17454545454545456,-0.27880976847079664,True,True,True,True,1359648.0,False,False
4979,2026-08-03,2026-08-10,2026,連續5個營業日及沖銷標準,7,6,0.4427994616419919,0.4383744616419919,0.0,3784411.614028956,True,True,True,True,2637395.0,False,False
4984,2018-04-10,2018-04-20,2018,連續三次,10,9,0.006091370558375608,0.0016663705583756083,-0.003045685279187804,0.04733573817249748,True,True,True,True,822640.0,False,False
4989,2025-07-29,2025-08-08,2025,連續三次,10,9,0.010373443983402453,0.005948443983402453,-0.10788381742738595,0.17909247203500822,True,True,True,True,1373537.0,False,False
4989,2025-08-21,2025-09-02,2025,連續三次,10,9,-0.15147453083109919,-0.1558995308310992,-0.19571045576407498,-0.9909761301299039,True,True,True,True,2419899.0,False,False
4989,2025-10-16,2025-10-29,2025,連續三次,10,9,0.13502673796791465,0.13060173796791463,-0.10962566844919786,29.25684048753293,True,True,True,True,5505693.0,False,False
4989,2026-04-21,2026-05-04,2026,連續三次,10,9,-0.05504587155963303,-0.05947087155963303,-0.09357798165137621,-0.8178872777017999,True,True,True,True,4367968.0,False,False
4991,2024-10-21,2024-11-01,2024,因連續3個營業日達本中心作業要點第四條第一項第一款,10,9,0.15698587127158548,0.15256087127158546,-0.05965463108320257,50.628002037062856,True,True,True,True,1012236.0,False,False
4991,2024-11-13,2024-11-27,2024,連續3個營業日及沖銷標準,12,11,0.10810810810810811,0.10368310810810812,-0.12648648648648653,8.413177894779437,True,True,True,True,2085799.0,False,False
4991,2025-07-21,2025-08-04,2025,連續5個營業日及沖銷標準,12,11,0.03215434083601276,0.027729340836012764,-0.09967845659163987,0.8619658653129028,True,True,True,True,1658352.0,False,False
4991,2025-08-18,2025-08-28,2025,最近10個營業日內有6個營業日,10,9,0.04113924050632911,0.03671424050632911,-0.044303797468354444,1.722538334887025,True,True,True,True,1654035.0,False,False
4991,2025-09-08,2025-09-18,2025,連續5個營業日,10,9,0.04054054054054057,0.03611554054054057,-0.013513513513513487,1.6792004842752313,True,True,True,True,724969.0,False,False
4991,2025-11-11,2025-11-25,2025,連續5個營業日及沖銷標準,12,11,-0.014925373134328401,-0.0193503731343284,-0.12835820895522387,-0.3585935092297432,True,True,True,True,1514493.0,False,False
4991,2025-12-09,2025-12-19,2025,最近10個營業日內有6個營業日,10,9,0.17737003058103973,0.17294503058103972,0.0,83.01937255225896,True,True,True,True,2197284.0,False,False
4991,2025-12-31,2026-01-13,2025,因連續3個營業日達本中心作業要點第四條第一項第一款,10,9,-0.022831050228310557,-0.027256050228310555,-0.05936073059360736,-0.5358845100677404,True,True,True,True,921936.0,False,False
4991,2026-01-22,2026-02-03,2026,連續5個營業日,10,9,0.1555023923444976,0.15107739234449757,-0.038277511961722466,48.81359625436591,True,True,True,True,903663.0,False,False
4991,2026-02-23,2026-03-06,2026,連續5個營業日,10,9,0.25182481751824826,0.24739981751824824,-0.0036496350364964014,463.3274280333314,True,True,True,True,1582352.0,False,False
4991,2026-03-06,2026-03-18,2026,因連續3個營業日達本中心作業要點第四條第一項第一款,10,9,0.10468750000000004,0.10026250000000005,-0.09999999999999998,13.212658222355701,True,True,True,True,1142443.0,False,False
4991,2026-03-31,2026-04-14,2026,連續5個營業日,10,9,0.5183374083129584,0.5139124083129584,-0.05134474327628358,100645.47546736161,True,True,True,True,1332650.0,False,False
4991,2026-04-17,2026-04-29,2026,因連續3個營業日達本中心作業要點第四條第一項第一款,10,9,-0.02070063694267521,-0.02512563694267521,-0.14490445859872614,-0.5068057048262133,True,True,True,True,999836.0,False,False
4991,2026-05-13,2026-05-25,2026,最近10個營業日內有6個營業日,10,9,0.18309859154929575,0.17867359154929574,-0.15492957746478875,95.19538891602949,True,True,True,True,559333.0,False,False
4991,2026-06-23,2026-07-03,2026,連續5個營業日,10,9,0.021201413427561766,0.016776413427561768,-0.17756183745583043,0.5874765181692041,True,True,True,True,1271894.0,False,False
4991,2026-08-03,2026-08-10,2026,連續5個營業日及沖銷標準,7,6,0.388586956521739,0.384161956521739,0.0,763461.7570574972,True,True,True,True,525223.0,False,False
4994,2020-03-20,2020-04-01,2020,連續三次,10,9,0.24390243902439024,0.23947743902439023,-0.07317073170731703,388.010960041784,True,True,True,True,292404.0,False,False
4994,2024-03-19,2024-03-29,2024,連續三次,10,9,-0.13207547169811318,-0.1365004716981132,-0.13207547169811318,-0.9830369904204728,True,True,True,True,564446.0,False,False
5205,2020-06-22,2020-07-06,2020,因連續3個營業日達本中心作業要點第四條第一項第一款,10,9,-0.41034482758620683,-0.41476982758620684,-0.48413793103448277,-0.999999655766589,False,True,True,False,13224.0,True,False
5205,2022-06-07,2022-06-17,2022,因連續3個營業日達本中心作業要點第四條第一項第一款,10,9,0.1170960187353629,0.11267101873536291,-0.030444964871194524,18.407339745954726,True,True,True,True,5720.0,False,False
5205,2022-08-26,2022-09-07,2022,因連續3個營業日達本中心作業要點第四條第一項第一款,10,9,0.10915492957746475,0.10472992957746476,-0.012910798122065859,14.90592365131434,True,True,True,True,8051.0,False,False
5210,2023-12-12,2023-12-22,2023,因連續3個營業日達本中心作業要點第四條第一項第一款,10,9,0.27431906614786006,0.26989406614786005,0.0,761.8346034129901,True,True,True,True,845159.0,False,False
5210,2024-09-27,2024-10-09,2024,因連續3個營業日達本中心作業要點第四條第一項第一款,8,7,0.047457627118643986,0.04303262711864399,0.0,3.502940490894961,True,True,True,True,352197.0,False,False
5215,2020-08-05,2020-08-17,2020,最近十個營業日已有六次,10,9,0.17999999999999994,0.17557499999999993,-0.053333333333333344,88.41252939739157,True,True,True,True,2655249.0,False,False
5223,2020-07-10,2020-07-22,2020,因連續3個營業日達本中心作業要點第四條第一項第一款,10,9,-0.06040268456375841,-0.06482768456375841,-0.09395973154362414,-0.8446059129077768,True,True,True,True,1220201.0,False,False
5227,2021-07-14,2021-07-26,2021,因連續3個營業日達本中心作業要點第四條第一項第一款,10,9,0.024096385542168752,0.019671385542168754,-0.07630522088353409,0.7179338918024527,True,True,True,True,1760772.0,False,False
5227,2021-08-12,2021-08-24,2021,因連續3個營業日達本中心作業要點第四條第一項第一款,10,9,-0.06785714285714284,-0.07228214285714284,-0.22142857142857142,-0.8755810418003023,True,True,True,True,4468980.0,False,False
5227,2021-09-03,2021-09-15,2021,因連續3個營業日達本中心作業要點第四條第一項第一款,10,9,0.19133574007220222,0.1869107400722022,0.0,115.72619388206815,True,True,True,True,907829.0,False,False
5227,2021-11-04,2021-11-16,2021,因連續3個營業日達本中心作業要點第四條第一項第一款,10,9,0.06695938529088918,0.06253438529088919,-0.08891328210757399,4.391999171659373,True,True,True,True,3097998.0,False,False
5227,2022-01-04,2022-01-14,2021,連續5個營業日,10,9,-0.1476923076923078,-0.1521173076923078,-0.15179487179487172,-0.9897829163464751,True,True,True,True,1915101.0,False,False
5227,2026-06-23,2026-07-03,2026,因連續3個營業日達本中心作業要點第四條第一項第一款,10,9,-0.1853997682502897,-0.1898247682502897,-0.2224797219003477,-0.9971124685506626,True,True,True,True,1284417.0,False,False
5227,2026-06-26,2026-07-08,2026,因連續3個營業日達本中心作業要點第四條第一項第一款,10,9,-0.0821917808219178,-0.0866167808219178,-0.08767123287671241,-0.9192711869486987,True,True,True,True,508668.0,False,False
5228,2026-04-22,2026-05-05,2026,因連續3個營業日達本中心作業要點第四條第一項第一款,10,9,-0.07500000000000007,-0.07942500000000006,-0.1694444444444445,-0.8996207850773209,True,True,True,True,582367.0,False,False
5228,2026-05-20,2026-06-01,2026,因連續3個營業日達本中心作業要點第四條第一項第一款,10,9,0.3271794871794873,0.3227544871794873,-0.018461538461538418,2367.2275527955644,True,True,True,True,425846.0,False,False
5234,2024-09-25,2024-10-09,2024,連續三次及當日沖銷標準,10,9,0.05591397849462365,0.05148897849462365,-0.004301075268817178,3.033544025168438,True,True,True,True,2677744.0,False,False
5236,2021-11-25,2021-12-07,2021,因連續3個營業日達本中心作業要點第四條第一項第一款,10,9,-0.08571428571428574,-0.09013928571428574,-0.11428571428571432,-0.9274872682737649,True,True,True,True,635211.0,False,False
5243,2026-04-15,2026-04-27,2026,連續三次,10,9,-0.16666666666666663,-0.17109166666666664,-0.16666666666666663,-0.994551313415791,True,False,True,False,2857607.0,False,True
5245,2020-03-25,2020-04-08,2020,因連續3個營業日達本中心作業要點第四條第一項第一款,10,9,0.1659192825112108,0.16149428251121078,-0.004484304932735439,62.977887751346266,True,True,True,True,206100.0,False,False
5245,2021-04-14,2021-04-26,2021,因連續3個營業日達本中心作業要點第四條第一項第一款,10,9,0.08148148148148149,0.07705648148148149,-0.11481481481481481,6.861642542893287,True,True,True,True,1074757.0,False,False
5245,2021-12-10,2021-12-22,2021,因連續3個營業日達本中心作業要點第四條第一項第一款,10,9,0.08714596949891074,0.08272096949891074,-0.019607843137254832,8.094796804679275,True,True,True,True,2397919.0,False,False
5245,2021-12-15,2021-12-27,2021,因連續3個營業日達本中心作業要點第四條第一項第一款,10,9,0.014285714285714235,0.009860714285714235,-0.01098901098901095,0.3133315475026248,True,False,True,False,1057094.0,False,True
5245,2025-04-17,2025-04-29,2025,因連續3個營業日達本中心作業要點第四條第一項第一款,10,9,0.0,-0.004425,-0.05311778290993063,-0.11590382297714663,True,True,True,True,58470.0,False,False
5245,2025-07-16,2025-07-28,2025,因連續3個營業日達本中心作業要點第四條第一項第一款,10,9,-0.09171597633136086,-0.09614097633136086,-0.12426035502958566,-0.939664217603778,True,True,True,True,226123.0,False,False
5258,2019-04-24,2019-05-07,2019,連續三次,10,9,-0.08260869565217388,-0.08703369565217388,-0.12173913043478268,-0.92028853263182,True,True,True,True,1147486.0,False,False
5258,2022-06-09,2022-06-23,2022,連續三次及當日沖銷標準,12,11,-0.14075286415711952,-0.14517786415711953,-0.1456628477905073,-0.9717042106428215,True,True,True,True,3998338.0,False,False
5259,2019-07-26,2019-08-07,2019,連續三次,10,9,0.06382978723404253,0.059404787234042536,0.0,3.9678074285561182,False,True,True,False,97663.0,True,False
5259,2019-07-31,2019-08-12,2019,連續三次,9,8,-0.23847695390781565,-0.24290195390781566,-0.23847695390781565,-0.9998326969271736,False,True,True,False,545191.0,True,False
5259,2019-08-05,2019-08-15,2019,連續三次,9,8,-0.12621359223300976,-0.13063859223300978,-0.12621359223300976,-0.9874104222005484,True,True,True,True,59935.0,False,False
5259,2019-10-18,2019-10-30,2019,連續三次,10,9,0.09624999999999995,0.09182499999999995,0.0,10.476421985932776,True,True,True,True,19000.0,False,False
5272,2020-03-23,2020-04-06,2020,因連續3個營業日達本中心作業要點第四條第一項第一款,10,9,0.1902834008097165,0.1858584008097165,-0.07287449392712553,112.88528847691484,True,True,True,True,205247.0,False,False
5272,2020-03-26,2020-04-09,2020,因連續3個營業日達本中心作業要點第四條第一項第一款,10,9,0.19850187265917607,0.19407687265917606,-0.0037453183520598232,136.9703435137343,False,True,True,False,117800.0,True,False
5272,2021-04-09,2021-04-21,2021,因連續3個營業日達本中心作業要點第四條第一項第一款,10,9,-0.10549943883277213,-0.10992443883277213,-0.1515151515151515,-0.9606276786401875,True,True,True,True,3000526.0,False,False
5274,2018-10-09,2018-10-22,2018,因連續3個營業日達本中心作業要點第四條第一項第一款,10,9,0.004914004914004844,0.0004890049140048435,-0.15233415233415237,0.013672778787878093,True,True,True,True,534362.0,False,False
5274,2018-10-15,2018-10-25,2018,因連續3個營業日達本中心作業要點第四條第一項第一款,10,9,-0.0703125,-0.0747375,-0.09765625,-0.8844112458113738,True,True,True,True,134178.0,False,False
5274,2018-11-08,2018-11-20,2018,因連續3個營業日達本中心作業要點第四條第一項第一款,10,9,0.018181818181818077,0.013756818181818077,-0.101010101010101,0.4615963455711596,True,True,True,True,55237.0,False,False
5276,2020-10-14,2020-10-26,2020,因連續3個營業日達本中心作業要點第四條第一項第一款,10,9,-0.10738255033557043,-0.11180755033557042,-0.14093959731543626,-0.9628771741505173,True,True,True,True,96011.0,False,False
5278,2019-03-21,2019-04-02,2019,因連續3個營業日達本中心作業要點第四條第一項第一款,10,9,-0.058943089430894324,-0.06336808943089432,-0.11382113821138207,-0.8377261246097765,True,True,True,True,109200.0,False,False
5278,2024-12-18,2024-12-30,2024,因連續3個營業日達本中心作業要點第四條第一項第一款,10,9,0.024324324324324298,0.0198993243243243,-0.06216216216216208,0.7286333631625346,True,True,True,True,1585612.0,False,False
5281,2018-03-02,2018-03-14,2018,因連續3個營業日達本中心作業要點第四條第一項第一款,10,9,0.1748251748251748,0.17040017482517478,-0.020979020979020935,78.1001243718298,True,True,True,True,2478101.0,False,False
5281,2018-03-07,2018-03-19,2018,因連續3個營業日達本中心作業要點第四條第一項第一款,10,9,0.18684210526315792,0.1824171052631579,-0.07894736842105265,104.05299480486273,True,True,True,True,658000.0,False,False
5281,2018-03-30,2018-04-13,2018,因連續3個營業日達本中心作業要點第四條第一項第一款,10,9,-0.1271186440677966,-0.13154364406779662,-0.17796610169491522,-0.9801136307540678,True,False,True,False,338087.0,False,True
5281,2018-10-19,2018-10-31,2018,因連續3個營業日達本中心作業要點第四條第一項第一款,10,9,-0.026249999999999885,-0.030674999999999883,-0.11250000000000004,-0.5791276603146859,True,True,True,True,454667.0,False,False
5281,2018-10-24,2018-11-05,2018,因連續3個營業日達本中心作業要點第四條第一項第一款,10,9,-0.0993788819875776,-0.1038038819875776,-0.11801242236024845,-0.9523719574706443,True,True,True,True,32000.0,False,False
5284,2024-02-27,2024-03-11,2024,連續五次,10,9,0.09210526315789469,0.08768026315789469,-0.052631578947368474,9.325796338105922,True,True,True,True,847236.0,False,False
5289,2026-03-19,2026-03-31,2026,因連續3個營業日達本中心作業要點第四條第一項第一款,10,9,-0.33043478260869563,-0.33485978260869564,-0.34782608695652173,-0.9999879517923055,True,False,True,False,3573051.0,False,True
5289,2026-03-24,2026-04-07,2026,因連續3個營業日達本中心作業要點第四條第一項第一款,10,9,-0.09861751152073728,-0.10304251152073728,-0.23963133640552992,-0.9512351128773501,True,True,True,True,2181564.0,False,False
5291,2026-03-05,2026-03-17,2026,因連續3個營業日達本中心作業要點第四條第一項第一款,10,9,0.03165735567970196,0.02723235567970196,-0.0968342644320298,1.109260824028333,True,True,True,True,1448463.0,False,False
5299,2018-06-05,2018-06-15,2018,因連續3個營業日達本中心作業要點第四條第一項第一款,10,9,0.14074074074074083,0.13631574074074082,-0.08518518518518514,33.80483033293776,True,True,True,True,1384357.0,False,False
5301,2020-06-05,2020-06-17,2020,因連續3個營業日達本中心作業要點第四條第一項第一款,10,9,-0.031620553359683834,-0.03604555335968383,-0.23478260869565226,-0.6393173044880198,True,True,True,True,172121.0,False,False
5301,2022-03-01,2022-03-11,2022,因連續3個營業日達本中心作業要點第四條第一項第一款,10,9,0.16923076923076907,0.16480576923076906,-0.038461538461538436,68.2429180209624,True,True,True,True,477418.0,False,False
5301,2023-06-02,2023-06-14,2023,因連續3個營業日達本中心作業要點第四條第一項第一款,10,9,0.1105263157894738,0.10610131578947381,-0.02631578947368418,15.463616783628254,True,True,True,True,728603.0,False,False
5301,2024-05-08,2024-05-20,2024,因連續3個營業日達本中心作業要點第四條第一項第一款,10,9,-0.12720848056537104,-0.13163348056537105,-0.15547703180212025,-0.9801706939948783,True,True,True,True,242659.0,False,False
5302,2021-03-24,2021-04-07,2021,因連續3個營業日達本中心作業要點第四條第一項第一款,10,9,0.5198237885462555,0.5153987885462555,-0.09251101321585897,103426.75630891346,True,True,True,True,4559662.0,False,False
5302,2021-04-13,2021-04-23,2021,因連續3個營業日達本中心作業要點第四條第一項第一款,10,9,-0.05341246290801194,-0.057837462908011936,-0.1661721068249259,-0.8088945387498461,True,True,True,True,3257977.0,False,False
5304,2018-06-27,2018-07-09,2018,因連續3個營業日達本中心作業要點第四條第一項第一款,10,9,-0.1406249999999999,-0.1450499999999999,-0.21875,-0.9871333836580115,True,True,True,True,935260.0,False,False
5309,2019-12-12,2019-12-24,2019,因連續3個營業日達本中心作業要點第四條第一項第一款,10,9,-0.012195121951219523,-0.01662012195121952,-0.1260162601626017,-0.3722100269841857,True,True,True,True,2948651.0,False,False
5309,2019-12-17,2019-12-27,2019,因連續3個營業日達本中心作業要點第四條第一項第一款,10,9,0.3545454545454545,0.3501204545454545,-0.009090909090909038,4181.72010708912,True,True,True,True,460018.0,False,False
5309,2020-01-07,2020-01-17,2020,因連續3個營業日達本中心作業要點第四條第一項第一款,10,9,0.11349693251533721,0.10907193251533721,-0.015337423312883458,16.737032543120225,True,True,True,True,2471750.0,False,False
5309,2020-07-14,2020-07-24,2020,因連續3個營業日達本中心作業要點第四條第一項第一款,10,9,0.07972972972972991,0.07530472972972992,-0.06216216216216208,6.514092846124467,True,True,True,True,3563675.0,False,False
5309,2020-11-11,2020-11-23,2020,連續5個營業日,10,9,0.060869565217391175,0.05644456521739118,-0.036956521739130443,3.5963035403846026,True,True,True,True,5878219.0,False,False
5309,2022-04-18,2022-04-28,2022,連續5個營業日,10,9,-0.04957678355501827,-0.054001783555018265,-0.051995163240628695,-0.7860626559356974,True,True,True,True,2683391.0,False,False
5310,2018-08-10,2018-08-22,2018,因連續3個營業日達本中心作業要點第四條第一項第一款,10,9,0.17845117845117842,0.1740261784511784,-0.048821548821548766,85.19735004097501,True,True,True,True,978945.0,False,False
5310,2019-05-21,2019-05-31,2019,因連續3個營業日達本中心作業要點第四條第一項第一款,10,9,-0.03696098562628347,-0.04138598562628347,-0.1232032854209445,-0.6908958551373381,True,True,True,True,95009.0,False,False
5310,2019-06-27,2019-07-09,2019,因連續3個營業日達本中心作業要點第四條第一項第一款,10,9,0.0640394088669951,0.05961440886699511,0.0,3.995184525635289,True,True,True,True,40372.0,False,False
5310,2020-06-17,2020-07-01,2020,因連續3個營業日達本中心作業要點第四條第一項第一款,10,9,0.050000000000000044,0.045575000000000046,-0.04487179487179482,2.448610792995347,True,True,True,True,129224.0,False,False
5310,2020-08-11,2020-08-21,2020,因連續3個營業日達本中心作業要點第四條第一項第一款,10,9,0.6620370370370368,0.6576120370370367,-0.02777777777777779,1249529.881406727,True,True,True,True,399000.0,False,False
5310,2020-08-25,2020-09-04,2020,因連續3個營業日達本中心作業要點第四條第一項第一款,10,9,-0.035820895522388096,-0.040245895522388095,-0.16716417910447767,-0.6805198821613356,True,True,True,True,493300.0,False,False
5310,2021-04-12,2021-04-22,2021,因連續3個營業日達本中心作業要點第四條第一項第一款,10,9,-0.10769230769230775,-0.11211730769230775,-0.2384615384615385,-0.9632351275880664,True,True,True,True,168311.0,False,False
5310,2024-03-14,2024-03-26,2024,因連續3個營業日達本中心作業要點第四條第一項第一款,10,9,0.13953488372093026,0.13510988372093025,-0.0046511627906977715,32.79330751965592,True,True,True,True,856404.0,False,False
5314,2023-04-18,2023-04-28,2023,因連續3個營業日達本中心作業要點第四條第一項第一款,10,9,-0.12408759124087587,-0.12851259124087588,-0.18248175182481752,-0.9780928148851232,True,True,True,True,113374.0,False,False
5314,2023-11-23,2023-12-05,2023,因連續3個營業日達本中心作業要點第四條第一項第一款,10,9,-0.04875717017208403,-0.05318217017208403,-0.05831739961759075,-0.7808537204687365,True,True,True,True,111936.0,False,False
5314,2023-12-27,2024-01-09,2023,連續5個營業日,10,9,0.03851261620185942,0.03408761620185942,-0.07304116865869859,1.5372921664021844,True,True,True,True,59198.0,False,False
5314,2024-01-19,2024-01-31,2024,因連續3個營業日達本中心作業要點第四條第一項第一款,10,9,0.3688524590163935,0.3644274590163935,-0.07377049180327866,5604.619795221711,True,True,True,True,119504.0,False,False
5314,2024-02-16,2024-02-29,2024,因連續3個營業日達本中心作業要點第四條第一項第一款,10,9,0.11714285714285722,0.11271785714285722,-0.06857142857142862,18.43004590341411,True,True,True,True,141497.0,False,False
5314,2024-03-11,2024-03-21,2024,因連續3個營業日達本中心作業要點第四條第一項第一款,10,9,0.3632478632478633,0.3588228632478633,-0.038461538461538436,4998.976156992532,True,True,True,True,117924.0,False,False
5314,2024-04-02,2024-04-16,2024,最近10個營業日內有6個營業日,10,9,-0.10853658536585364,-0.11296158536585364,-0.1097560975609756,-0.9641939564854082,True,False,True,False,93852.0,False,True
5314,2024-04-25,2024-05-08,2024,因連續3個營業日達本中心作業要點第四條第一項第一款,10,9,0.021912350597609542,0.017487350597609544,-0.09362549800796816,0.6185995324663409,True,True,True,True,189782.0,False,False
5314,2024-04-30,2024-05-13,2024,因連續3個營業日達本中心作業要點第四條第一項第一款,10,9,-0.16909090909090907,-0.17351590909090908,-0.16909090909090907,-0.9949770566121611,True,False,True,False,51946.0,False,True
5314,2024-09-24,2024-10-04,2024,因連續3個營業日達本中心作業要點第四條第一項第一款,8,7,-0.028634361233480177,-0.033059361233480175,-0.09251101321585908,-0.6990012042040317,True,True,True,True,170408.0,False,False
5314,2024-11-29,2024-12-11,2024,因連續3個營業日達本中心作業要點第四條第一項第一款,10,9,0.170670037926675,0.166245037926675,-0.026548672566371723,70.65928503094206,True,True,True,True,295279.0,False,False
5314,2024-12-05,2024-12-17,2024,因連續3個營業日達本中心作業要點第四條第一項第一款,10,9,0.06458333333333344,0.06015833333333344,-0.10312500000000002,4.066902416802069,True,True,True,True,83204.0,False,False
5314,2025-01-03,2025-01-15,2024,因連續3個營業日達本中心作業要點第四條第一項第一款,10,9,0.009756097560975618,0.005331097560975618,-0.1707317073170732,0.159156644501095,True,True,True,True,185123.0,False,False
5314,2025-01-08,2025-01-20,2025,因連續3個營業日達本中心作業要點第四條第一項第一款,10,9,0.07631578947368411,0.07189078947368412,-0.03289473684210531,5.878836326920074,True,False,True,False,64008.0,False,True
5314,2025-04-22,2025-05-05,2025,連續5個營業日,10,9,0.37916666666666665,0.37474166666666664,-0.00520833333333337,6908.949648511306,True,True,True,True,3826334.0,False,False
5314,2025-07-18,2025-08-01,2025,連續3個營業日及沖銷標準,12,11,0.16315049226441647,0.15872549226441646,-0.03656821378340358,27.451402140883534,True,True,True,True,6184726.0,False,False
5314,2025-09-12,2025-09-24,2025,因連續3個營業日達本中心作業要點第四條第一項第一款,10,9,0.1428571428571428,0.13843214285714278,-0.017857142857142905,35.651139315416415,True,True,True,True,7985369.0,False,False
5321,2018-05-10,2018-05-22,2018,因連續3個營業日達本中心作業要點第四條第一項第一款,10,9,-0.11627906976744184,-0.12070406976744184,-0.2651162790697674,-0.9719329869845115,False,True,True,False,72101.0,True,False
5321,2018-05-15,2018-05-25,2018,因連續3個營業日達本中心作業要點第四條第一項第一款,10,9,0.37658227848101267,0.37215727848101265,0.0,6557.051503906973,True,True,True,True,617554.0,False,False
5321,2020-04-08,2020-04-20,2020,因連續3個營業日達本中心作業要點第四條第一項第一款,10,9,0.03861788617886175,0.03419288617886175,-0.03861788617886186,1.5444768429454148,True,True,True,True,4009.0,False,False
5321,2020-06-18,2020-07-02,2020,因連續3個營業日達本中心作業要點第四條第一項第一款,10,9,0.022309711286089273,0.017884711286089275,-0.08005249343832033,0.6362503694381305,True,True,True,True,301838.0,False,False
5321,2021-07-29,2021-08-10,2021,因連續3個營業日達本中心作業要點第四條第一項第一款,10,9,0.2954990215264188,0.2910740215264188,0.0,1206.7475938441228,True,True,True,True,1286108.0,False,False
5321,2021-10-01,2021-10-18,2021,連續3個營業日及沖銷標準,12,11,-0.11199999999999999,-0.11642499999999999,-0.19999999999999996,-0.939985038559123,True,False,True,False,812680.0,False,True
5321,2021-10-06,2021-10-21,2021,連續3個營業日及沖銷標準,12,11,0.06451612903225801,0.06009112903225801,-0.027649769585253448,2.766880344054048,True,True,True,True,512401.0,False,False
5321,2021-11-01,2021-11-11,2021,連續5個營業日,10,9,0.039682539682539764,0.035257539682539765,-0.12698412698412698,1.618250346999596,True,True,True,True,612863.0,False,False
5321,2021-11-29,2021-12-09,2021,最近10個營業日內有6個營業日,10,9,0.18895966029723987,0.18453466029723986,0.0,109.40625897688358,True,True,True,True,188648.0,False,False
5321,2022-02-23,2022-03-10,2022,連續5個營業日及沖銷標準,12,11,-0.04081632653061229,-0.04524132653061229,-0.08163265306122447,-0.6508302231582701,True,True,True,True,1221530.0,False,False
5321,2022-03-30,2022-04-13,2022,最近10個營業日內有6個營業日,10,9,-0.02083333333333337,-0.02525833333333337,-0.03472222222222221,-0.5086670834835278,True,True,True,True,123401.0,False,False
5321,2023-09-21,2023-10-04,2023,因連續3個營業日達本中心作業要點第四條第一項第一款,10,9,-0.0043290043290042934,-0.008754004329004294,-0.03463203463203468,-0.21669832877300232,True,True,True,True,584673.0,False,False
5321,2026-05-27,2026-06-08,2026,因連續3個營業日達本中心作業要點第四條第一項第一款,10,9,-0.20696324951644107,-0.21138824951644108,-0.20696324951644107,-0.9986351337104256,False,False,True,False,200312.0,True,True
5321,2026-06-01,2026-06-11,2026,因連續3個營業日達本中心作業要點第四條第一項第一款,10,9,-0.35540069686411146,-0.3598256968641115,-0.3571428571428572,-0.9999958371047476,False,True,True,False,853347.0,True,False
5321,2026-06-04,2026-06-16,2026,因連續3個營業日達本中心作業要點第四條第一項第一款,10,9,-0.27722772277227725,-0.28165272277227726,-0.2910891089108911,-0.999897837790432,True,True,True,True,450026.0,False,False
5321,2026-06-16,2026-06-29,2026,因連續3個營業日達本中心作業要點第四條第一項第一款,10,9,0.9255172413793102,0.9210922413793102,-0.012413793103448367,75221048.77220632,True,True,True,True,236124.0,False,False
5321,2026-07-01,2026-07-14,2026,因連續3個營業日達本中心作業要點第四條第一項第一款,10,9,-0.0721311475409836,-0.0765561475409836,-0.1622950819672131,-0.8905589120514326,True,True,True,True,625254.0,False,False
5328,2018-06-19,2018-06-29,2018,因連續3個營業日達本中心作業要點第四條第一項第一款,10,9,0.06000000000000005,0.055575000000000055,-0.09999999999999998,3.4923634706221005,True,True,True,True,3724610.0,False,False
5328,2020-01-02,2020-01-14,2019,因連續3個營業日達本中心作業要點第四條第一項第一款,10,9,-0.10046082949308754,-0.10488582949308754,-0.19354838709677413,-0.9539436209228608,True,True,True,True,1690438.0,False,False
5328,2026-01-23,2026-02-04,2026,因連續3個營業日達本中心作業要點第四條第一項第一款,10,9,-0.1738437001594897,-0.1782687001594897,-0.22807017543859653,-0.9957205874497903,True,True,True,True,5926340.0,False,False
5340,2019-03-06,2019-03-18,2019,因連續3個營業日達本中心作業要點第四條第一項第一款,10,9,-0.07494646680942185,-0.07937146680942185,-0.09421841541755904,-0.8994585131404825,True,True,True,True,1234311.0,False,False
5340,2019-05-09,2019-05-21,2019,因連續3個營業日達本中心作業要點第四條第一項第一款,10,9,0.058908045977011714,0.054483045977011715,-0.06465517241379315,3.3650470706161837,True,True,True,True,875657.0,False,False
5340,2021-07-23,2021-08-04,2021,因連續3個營業日達本中心作業要點第四條第一項第一款,10,9,-0.13564356435643565,-0.14006856435643567,-0.1415841584158416,-0.9848800378891682,True,True,True,True,1196450.0,False,False
5340,2023-01-12,2023-02-03,2023,因連續3個營業日達本中心作業要點第四條第一項第一款,10,9,0.21614906832298142,0.2117240683229814,-0.009937888198757738,206.38168438365602,True,True,True,True,773250.0,False,False
5340,2025-11-20,2025-12-02,2025,因連續3個營業日達本中心作業要點第四條第一項第一款,10,9,0.03230769230769215,0.02788269230769215,-0.12923076923076926,1.1466704190643346,True,True,True,True,3307935.0,False,False
5340,2026-01-26,2026-02-05,2026,連續5個營業日,10,9,0.2021276595744681,0.1977026595744681,-0.03297872340425523,149.0933663352688,True,True,True,True,3674942.0,False,False
5340,2026-02-25,2026-03-10,2026,連續5個營業日,10,9,0.03603603603603611,0.031611036036036114,-0.09909909909909909,1.3737986329983607,True,True,True,True,2268869.0,False,False
5340,2026-03-19,2026-03-31,2026,連續5個營業日,10,9,-0.13482142857142854,-0.13924642857142855,-0.14107142857142851,-0.9844733163625475,True,True,True,True,855002.0,False,True
5340,2026-04-23,2026-05-06,2026,最近10個營業日內有6個營業日,10,9,0.012820512820512775,0.008395512820512775,-0.10683760683760679,0.2614163552664668,True,True,True,True,1593579.0,False,False
5344,2018-03-23,2018-04-03,2018,因連續3個營業日達本中心作業要點第四條第一項第一款,10,9,0.0670103092783505,0.0625853092783505,-0.03608247422680411,4.399182164475723,True,True,True,True,1344969.0,False,False
5344,2020-07-09,2020-07-21,2020,因連續3個營業日達本中心作業要點第四條第一項第一款,10,9,-0.012944983818770184,-0.017369983818770182,-0.15533980582524265,-0.38537270685975045,True,True,True,True,680209.0,False,False
5344,2021-04-15,2021-04-27,2021,因連續3個營業日達本中心作業要點第四條第一項第一款,10,9,0.098314606741573,0.093889606741573,0.0,11.094756021967797,True,True,True,True,227318.0,False,False
5344,2021-11-18,2021-11-30,2021,因連續3個營業日達本中心作業要點第四條第一項第一款,10,9,-0.08058608058608052,-0.08501108058608052,-0.23076923076923084,-0.9152347919716579,True,True,True,True,881150.0,False,False
5344,2021-12-13,2021-12-23,2021,因連續3個營業日達本中心作業要點第四條第一項第一款,10,9,0.06987577639751552,0.06545077639751552,-0.06832298136645976,4.818571754992413,True,True,True,True,461667.0,False,False
5345,2018-06-07,2018-06-20,2018,因連續3個營業日達本中心作業要點第四條第一項第一款,10,9,0.21844660194174748,0.21402160194174746,-0.07766990291262144,217.586142252645,True,True,True,True,459247.0,False,False
5345,2020-04-22,2020-05-05,2020,因連續3個營業日達本中心作業要點第四條第一項第一款,10,9,0.0724637681159419,0.06803876811594191,-0.04554865424430632,5.224203888729075,True,True,True,True,6173.0,False,False
5345,2020-06-18,2020-07-02,2020,因連續3個營業日達本中心作業要點第四條第一項第一款,10,9,-0.008658008658008809,-0.013083008658008809,-0.09523809523809534,-0.3063689865751411,False,True,True,False,415506.0,True,False
5345,2020-06-23,2020-07-07,2020,因連續3個營業日達本中心作業要點第四條第一項第一款,10,9,-0.029166666666666674,-0.03359166666666667,-0.21666666666666667,-0.6129239650490919,True,True,True,True,87239.0,False,False
5345,2020-06-30,2020-07-10,2020,因連續3個營業日達本中心作業要點第四條第一項第一款,10,9,0.07339449541284404,0.06896949541284404,-0.13761467889908252,5.3766415488069965,True,True,True,True,87763.0,False,False
5345,2024-07-03,2024-07-15,2024,因連續3個營業日達本中心作業要點第四條第一項第一款,10,9,-0.06028368794326244,-0.06470868794326244,-0.08687943262411346,-0.8440557199196272,False,True,True,False,10167.0,True,False
5345,2024-07-08,2024-07-18,2024,因連續3個營業日達本中心作業要點第四條第一項第一款,10,9,-0.1987951807228916,-0.2032201807228916,-0.26656626506024095,-0.9981828200384621,True,True,True,True,82531.0,False,False
5345,2024-07-11,2024-07-23,2024,因連續3個營業日達本中心作業要點第四條第一項第一款,10,9,0.08846153846153859,0.08403653846153859,-0.06346153846153846,8.406807202790748,True,True,True,True,24030.0,False,False
5345,2026-06-17,2026-06-30,2026,因連續3個營業日達本中心作業要點第四條第一項第一款,10,9,-0.1188118811881188,-0.1232368811881188,-0.14191419141914197,-0.9740942322206793,True,True,True,True,86255.0,False,False
5348,2023-08-31,2023-09-12,2023,因連續3個營業日達本中心作業要點第四條第一項第一款,10,9,-0.008042895442359144,-0.012467895442359144,-0.04557640750670233,-0.2942594131588867,True,True,True,True,114541.0,False,False
5349,2020-03-24,2020-04-07,2020,因連續3個營業日達本中心作業要點第四條第一項第一款,10,9,0.16551724137931023,0.16109224137931022,-0.0034482758620689724,62.36558048179071,True,True,True,True,964770.0,False,False
5351,2020-03-09,2020-03-19,2020,因連續3個營業日達本中心作業要點第四條第一項第一款,10,9,-0.33653846153846156,-0.3409634615384616,-0.33653846153846156,-0.9999906737263707,True,False,True,False,1805726.0,False,True
5351,2020-07-13,2020-07-23,2020,因連續3個營業日達本中心作業要點第四條第一項第一款,10,9,0.09950248756218905,0.09507748756218905,-0.09552238805970159,11.46494316340141,True,True,True,True,12449190.0,False,False
5351,2021-11-09,2021-11-23,2021,連續3個營業日及沖銷標準,12,11,0.08992805755395672,0.08550305755395672,-0.1007194244604317,5.453519332279696,True,False,True,False,24113131.0,False,True
5351,2026-01-09,2026-01-21,2026,因連續3個營業日達本中心作業要點第四條第一項第一款,10,9,0.008064516129032251,0.003639516129032251,-0.10000000000000009,0.10618166327117518,True,True,True,True,7684250.0,False,False
5351,2026-03-23,2026-04-02,2026,因連續3個營業日達本中心作業要點第四條第一項第一款,10,9,-0.10190217391304346,-0.10632717391304346,-0.1317934782608695,-0.955959860930928,True,True,True,True,9210991.0,False,False
5355,2025-11-27,2025-12-09,2025,因連續3個營業日達本中心作業要點第四條第一項第一款,10,9,-0.04566929133858266,-0.05009429133858266,-0.0818897637795275,-0.7601090722151087,True,True,True,True,71721.0,False,False
5364,2020-06-23,2020-07-07,2020,因連續3個營業日達本中心作業要點第四條第一項第一款,10,9,0.020000000000000018,0.015575000000000018,-0.12,0.5361884149574856,True,True,True,True,105249.0,False,False
5364,2024-09-03,2024-09-13,2024,因連續3個營業日達本中心作業要點第四條第一項第一款,10,9,0.01602564102564097,0.011600641025640969,-0.07158119658119644,0.37765842370868175,True,True,True,True,268980.0,False,False
5381,2020-09-29,2020-10-14,2020,因連續3個營業日達本中心作業要點第四條第一項第一款,10,9,0.09409190371991238,0.08966690371991239,-0.07439824945295404,9.862700040577545,True,True,True,True,165638.0,False,False
5381,2023-03-31,2023-04-17,2023,因連續3個營業日達本中心作業要點第四條第一項第一款,10,9,0.22622950819672116,0.22180450819672115,-0.13770491803278684,260.0444924189205,True,True,True,True,1849480.0,False,False
5381,2023-04-10,2023-04-20,2023,因連續3個營業日達本中心作業要點第四條第一項第一款,10,9,0.2933333333333332,0.2889083333333332,-0.010000000000000009,1151.7180663878473,True,True,True,True,1422569.0,False,False
5381,2023-06-26,2023-07-06,2023,最近10個營業日內有6個營業日,10,9,-0.013392857142856984,-0.017817857142856983,-0.0982142857142857,-0.3931071047614715,True,True,True,True,1475060.0,False,False
5381,2024-03-01,2024-03-13,2024,連續5個營業日,10,9,0.0393811533052042,0.0349561533052042,-0.023909985935302247,1.5971595968390941,True,True,True,True,1388951.0,False,False
5383,2019-06-11,2019-06-21,2019,因連續3個營業日達本中心作業要點第四條第一項第一款,10,9,0.03345724907063197,0.02903224907063197,-0.0074349442379182396,1.2143669720785328,True,True,True,True,334730.0,False,False
5383,2019-12-31,2020-01-13,2019,因連續3個營業日達本中心作業要點第四條第一項第一款,10,9,0.4513513513513514,0.4469263513513514,-0.04054054054054057,28630.570355702177,True,True,True,True,195186.0,False,False
5383,2020-04-15,2020-04-27,2020,因連續3個營業日達本中心作業要點第四條第一項第一款,10,9,-0.06277056277056292,-0.06719556277056292,-0.13203463203463206,-0.8551728142227402,True,True,True,True,196507.0,False,False
5386,2018-02-26,2018-03-09,2018,因連續3個營業日達本中心作業要點第四條第一項第一款,10,9,0.2646370023419202,0.2602120023419202,-0.14519906323185017,615.7374499871725,False,False,True,False,596118.0,True,True
5386,2018-03-02,2018-03-14,2018,因連續3個營業日達本中心作業要點第四條第一項第一款,10,9,0.05488621151271755,0.050461211512717555,0.0,2.9254501080748896,True,False,True,False,718651.0,False,True
5386,2018-03-13,2018-03-23,2018,連續5個營業日,10,9,-0.1794285714285715,-0.1838535714285715,-0.2697142857142857,-0.9964591016574325,True,True,True,True,144876.0,False,False
5386,2018-03-22,2018-04-02,2018,因連續3個營業日達本中心作業要點第四條第一項第一款,10,9,0.3309352517985611,0.3265102517985611,-0.05179856115107906,2561.2887860281635,True,True,True,True,267450.0,False,False
5386,2020-11-25,2020-12-07,2020,因連續3個營業日達本中心作業要點第四條第一項第一款,10,9,-0.010238907849829393,-0.014663907849829393,-0.17235494880546076,-0.3365798805311746,True,True,True,True,4078806.0,False,False
5386,2020-11-30,2020-12-10,2020,因連續3個營業日達本中心作業要點第四條第一項第一款,10,9,0.2589641434262948,0.2545391434262948,-0.0019920318725099584,543.0924253373466,True,True,True,True,623174.0,False,False
5386,2020-12-24,2021-01-06,2020,因連續3個營業日達本中心作業要點第四條第一項第一款,10,9,-0.0953545232273838,-0.0997795232273838,-0.0953545232273838,-0.9460596776499534,True,False,True,False,429499.0,False,True
5386,2024-03-19,2024-03-29,2024,因連續3個營業日達本中心作業要點第四條第一項第一款,10,9,-0.04550625711035272,-0.04993125711035272,-0.08304891922639379,-0.7589627467639902,True,True,True,True,1064078.0,False,False
5386,2024-09-04,2024-09-16,2024,因連續3個營業日達本中心作業要點第四條第一項第一款,10,9,-0.06105263157894736,-0.06547763157894736,-0.12631578947368416,-0.8475781427555987,True,True,True,True,1374461.0,False,False
5386,2026-02-24,2026-03-09,2026,因連續3個營業日達本中心作業要點第四條第一項第一款,10,9,0.48958333333333326,0.48515833333333325,-0.01822916666666663,59082.396910494645,True,True,True,True,1439877.0,True,False
5386,2026-03-02,2026-03-16,2026,連續3個營業日及沖銷標準,12,11,0.6507177033492824,0.6462927033492823,-0.06698564593301437,83293.2166663989,True,True,True,True,794728.0,False,False
5386,2026-03-05,2026-03-17,2026,因連續3個營業日達本中心作業要點第四條第一項第一款,10,9,0.6046511627906976,0.6002261627906976,0.0,469573.63303467265,False,True,True,False,218254.0,True,False
5386,2026-03-16,2026-03-26,2026,因連續3個營業日達本中心作業要點第四條第一項第一款,10,9,-0.11620795107033643,-0.12063295107033643,-0.11620795107033643,-0.9718698603263501,True,False,True,False,609269.0,False,True
5386,2026-03-19,2026-03-31,2026,因連續3個營業日達本中心作業要點第四條第一項第一款,10,9,-0.3251928020565553,-0.32961780205655533,-0.33676092544987146,-0.9999850161212057,True,True,True,True,839448.0,False,False
5386,2026-03-24,2026-04-07,2026,因連續3個營業日達本中心作業要點第四條第一項第一款,10,9,-0.19281914893617025,-0.19724414893617026,-0.31382978723404253,-0.9977636431563404,True,True,True,True,1059457.0,False,False
5386,2026-04-02,2026-04-16,2026,因連續3個營業日達本中心作業要點第四條第一項第一款,10,9,0.23693379790940772,0.2325087979094077,-0.059233449477351874,331.6175984158607,True,True,True,True,416639.0,False,False
5386,2026-05-12,2026-05-22,2026,因連續3個營業日達本中心作業要點第四條第一項第一款,10,9,0.14252873563218382,0.1381037356321838,-0.07816091954022986,35.35857991328424,True,True,True,True,540211.0,False,False
5392,2024-05-27,2024-06-06,2024,連續5個營業日,10,9,0.03125,0.026825,-0.03499999999999992,1.0861492916102993,True,True,True,True,3431893.0,False,False
5398,2018-04-10,2018-04-20,2018,因連續3個營業日達本中心作業要點第四條第一項第一款,10,9,-0.1104895104895105,-0.1149145104895105,-0.13706293706293704,-0.9663203752461546,True,True,True,True,334584.0,False,False
5410,2018-03-26,2018-04-09,2018,因連續3個營業日達本中心作業要點第四條第一項第一款,10,9,-0.015665796344647376,-0.020090796344647374,-0.03916449086161877,-0.4309346643993769,True,True,True,True,1622630.0,False,False
5425,2026-06-30,2026-07-13,2026,連續5個營業日,10,9,0.03982300884955747,0.035398008849557475,0.0,1.6281365710560185,True,False,True,False,4987329.0,False,True
5426,2023-12-19,2023-12-29,2023,因連續3個營業日達本中心作業要點第四條第一項第一款,10,9,0.04814814814814827,0.043723148148148275,-0.012962962962963065,2.2829084001220012,True,True,True,True,3399749.0,False,False
5426,2026-06-11,2026-06-24,2026,因連續3個營業日達本中心作業要點第四條第一項第一款,10,9,0.05192878338278928,0.04750378338278928,-0.13056379821958464,2.6297589448414556,True,True,True,True,2581878.0,False,False
5432,2019-04-18,2019-04-30,2019,因連續3個營業日達本中心作業要點第四條第一項第一款,10,9,-0.05217391304347818,-0.05659891304347818,-0.06956521739130439,-0.801791875330458,True,True,True,True,173227.0,False,False
5432,2021-07-30,2021-08-11,2021,因連續3個營業日達本中心作業要點第四條第一項第一款,10,9,0.03652968036529658,0.03210468036529658,-0.0395738203957382,1.4055545399902516,True,True,True,True,9616.0,False,False
5432,2023-10-06,2023-10-24,2023,連續3個營業日及沖銷標準,12,11,-0.07074829931972793,-0.07517329931972792,-0.15646258503401356,-0.8307048406982178,True,True,True,True,393462.0,False,False
5432,2023-12-21,2024-01-05,2023,連續5個營業日及沖銷標準,12,11,-0.02008032128514059,-0.02450532128514059,-0.12048192771084343,-0.4310010434822297,True,True,True,True,200094.0,False,False
5438,2024-09-23,2024-10-04,2024,因連續3個營業日達本中心作業要點第四條第一項第一款,9,8,-0.09883720930232565,-0.10326220930232564,-0.09883720930232565,-0.9668261397064524,True,False,True,False,2013046.0,False,True
5438,2025-09-10,2025-09-22,2025,因連續3個營業日達本中心作業要點第四條第一項第一款,10,9,-0.03867403314917117,-0.04309903314917117,-0.09760589318600366,-0.7058779432676565,True,True,True,True,2051320.0,False,False
5443,2020-04-07,2020-04-17,2020,因連續3個營業日達本中心作業要點第四條第一項第一款,10,9,0.049707602339181145,0.04528260233918115,-0.008771929824561542,2.421921618080884,True,True,True,True,459374.0,False,False
5443,2024-02-27,2024-03-11,2024,因連續3個營業日達本中心作業要點第四條第一項第一款,10,9,0.055327868852458995,0.050902868852458996,0.0,2.9715541595969985,True,True,True,True,3455463.0,False,False
5443,2024-09-24,2024-10-04,2024,最近10個營業日內有6個營業日,8,7,-0.03050847457627115,-0.03493347457627115,-0.05084745762711862,-0.7191507430102511,True,True,True,True,3727121.0,False,False
5450,2019-01-10,2019-01-22,2019,因連續3個營業日達本中心作業要點第四條第一項第一款,10,9,0.17375886524822692,0.1693338652482269,-0.03546099290780147,76.12253925668455,True,True,True,True,379236.0,False,False
5450,2019-03-04,2019-03-14,2019,因連續3個營業日達本中心作業要點第四條第一項第一款,10,9,0.028871391076115582,0.024446391076115584,-0.03412073490813661,0.9559947750518973,True,True,True,True,149003.0,False,False
5450,2019-04-26,2019-05-09,2019,最近10個營業日內有6個營業日,10,9,0.01848428835489835,0.014059288354898348,-0.03142329020332724,0.47375847467665144,True,True,True,True,465700.0,False,False
5452,2021-03-23,2021-04-06,2021,因連續3個營業日達本中心作業要點第四條第一項第一款,10,9,0.037581699346405095,0.0331566993464051,-0.19117647058823528,1.4746025083278145,True,True,True,True,7865113.0,False,False
5452,2021-03-26,2021-04-09,2021,因連續3個營業日達本中心作業要點第四條第一項第一款,10,9,0.4316939890710383,0.4272689890710383,-0.05282331511839711,19579.717648007863,True,True,True,True,2657881.0,False,False
5457,2020-03-26,2020-04-09,2020,因連續3個營業日達本中心作業要點第四條第一項第一款,10,9,0.20392156862745092,0.1994965686274509,-0.039215686274509776,155.46490561596434,True,True,True,True,1817173.0,False,False
5464,2021-07-02,2021-07-14,2021,因連續3個營業日達本中心作業要點第四條第一項第一款,10,9,0.10307692307692307,0.09865192307692307,0.0,12.645936310255081,True,False,True,False,3210556.0,False,True
5464,2026-05-13,2026-05-25,2026,因連續3個營業日達本中心作業要點第四條第一項第一款,10,9,0.06259097525473067,0.058165975254730676,-0.2197962154294032,3.808944925495391,True,True,True,True,2576810.0,False,False
5464,2026-05-18,2026-05-28,2026,因連續3個營業日達本中心作業要點第四條第一項第一款,10,9,0.40334572490706333,0.3989207249070633,0.0,11214.236902450592,True,True,True,True,994433.0,False,False
5464,2026-07-01,2026-07-14,2026,因連續3個營業日達本中心作業要點第四條第一項第一款,10,9,-0.19532710280373833,-0.19975210280373834,-0.26822429906542056,-0.9979498160799403,True,True,True,True,555930.0,False,False
5468,2020-12-08,2020-12-18,2020,因連續3個營業日達本中心作業要點第四條第一項第一款,10,9,0.0714285714285714,0.0670035714285714,0.0,5.05878251334621,True,True,True,True,23644.0,False,False
5468,2021-01-11,2021-01-21,2021,因連續3個營業日達本中心作業要點第四條第一項第一款,10,9,-0.14617940199335555,-0.15060440199335556,-0.1960132890365449,-0.9892642226012633,True,True,True,True,73499.0,False,False
5468,2021-01-19,2021-01-29,2021,因連續3個營業日達本中心作業要點第四條第一項第一款,10,9,0.23868312757201648,0.23425812757201647,-0.004115226337448652,344.983539076876,True,True,True,True,80144.0,False,False
5468,2021-03-10,2021-03-22,2021,因連續3個營業日達本中心作業要點第四條第一項第一款,10,9,0.06796116504854366,0.06353616504854366,-0.09951456310679618,4.53500989929288,True,True,True,True,411874.0,False,False
5468,2021-11-22,2021-12-02,2021,因連續3個營業日達本中心作業要點第四條第一項第一款,10,9,-0.09638554216867468,-0.10081054216867467,-0.10040160642570284,-0.9477496660060878,True,True,True,True,1327236.0,False,False
5468,2025-10-21,2025-11-03,2025,因連續3個營業日達本中心作業要點第四條第一項第一款,10,9,-0.09234828496042213,-0.09677328496042213,-0.150395778364116,-0.9408257691464202,True,True,True,True,322791.0,False,False
5468,2026-06-23,2026-07-03,2026,因連續3個營業日達本中心作業要點第四條第一項第一款,10,9,-0.07438016528925606,-0.07880516528925606,-0.21212121212121204,-0.8977263569430862,False,True,True,False,2124111.0,True,False
5468,2026-06-26,2026-07-08,2026,因連續3個營業日達本中心作業要點第四條第一項第一款,10,9,0.030000000000000027,0.02557500000000003,-0.046666666666666634,1.016743722207217,True,True,True,True,517069.0,False,False
5474,2020-06-23,2020-07-07,2020,因連續3個營業日達本中心作業要點第四條第一項第一款,10,9,0.06388888888888888,0.059463888888888886,-0.050000000000000044,3.9755115724493297,True,False,True,False,909857.0,False,True
5474,2020-09-04,2020-09-16,2020,因連續3個營業日達本中心作業要點第四條第一項第一款,10,9,-0.11174785100286533,-0.11617285100286533,-0.19627507163323787,-0.967625443309233,True,True,True,True,1383586.0,False,False
5474,2020-10-22,2020-11-03,2020,因連續3個營業日達本中心作業要點第四條第一項第一款,10,9,-0.07296137339055797,-0.07738637339055797,-0.08154506437768239,-0.8932594161467724,True,True,True,True,434908.0,False,False
5474,2024-05-31,2024-06-13,2024,因連續3個營業日達本中心作業要點第四條第一項第一款,10,9,-0.13623188405797104,-0.14065688405797105,-0.1681159420289855,-0.9851647623727711,True,True,True,True,387811.0,False,False
5475,2019-02-13,2019-02-25,2019,因連續3個營業日達本中心作業要點第四條第一項第一款,10,9,0.20055325034578142,0.1961282503457814,-0.0055325034578146415,143.7081504532579,True,True,True,True,1582046.0,False,False
5475,2021-04-27,2021-05-10,2021,因連續3個營業日達本中心作業要點第四條第一項第一款,10,9,0.2931726907630523,0.2887476907630523,0.0,1147.7339256814319,False,True,True,False,731533.0,True,False
5475,2021-05-03,2021-05-13,2021,因連續3個營業日達本中心作業要點第四條第一項第一款,10,9,0.0034482758620690834,-0.0009767241379309167,-0.12068965517241381,-0.02677938397659141,True,True,True,True,2662451.0,False,False
5475,2021-06-02,2021-06-15,2021,連續5個營業日,10,9,0.09896907216494832,0.09454407216494833,0.0,11.297379922514743,True,True,True,True,3560862.0,False,False
5475,2021-06-09,2021-06-22,2021,因連續3個營業日達本中心作業要點第四條第一項第一款,10,9,0.08247422680412364,0.07804922680412364,-0.16666666666666674,7.065430764566207,True,True,True,True,3274676.0,False,False
5475,2021-08-04,2021-08-16,2021,最近10個營業日內有6個營業日,10,9,-0.21089385474860334,-0.21531885474860335,-0.21787709497206698,-0.998812013266539,True,True,True,True,2983482.0,False,False
5475,2025-06-03,2025-06-13,2025,因連續3個營業日達本中心作業要點第四條第一項第一款,10,9,0.151098901098901,0.146673901098901,-0.038461538461538436,43.782579642410234,True,True,True,True,4066493.0,False,False
5475,2025-08-19,2025-08-29,2025,連續5個營業日,10,9,-0.19169611307420498,-0.196121113074205,-0.29328621908127206,-0.9976750898120008,True,True,True,True,7685758.0,False,False
5475,2025-08-22,2025-09-03,2025,因連續3個營業日達本中心作業要點第四條第一項第一款,10,9,0.05316742081447945,0.04874242081447945,-0.09502262443438925,2.7508898616527726,True,True,True,True,4261945.0,False,False
5475,2025-09-17,2025-09-30,2025,最近10個營業日內有6個營業日,10,9,0.1607843137254903,0.15635931372549028,0.0,55.568915499640724,True,True,True,True,2967957.0,False,False
5475,2025-10-16,2025-10-29,2025,最近10個營業日內有6個營業日,10,9,-0.030995106035889064,-0.03542010603588906,-0.15008156606851542,-0.6327598622990325,True,True,True,True,1007247.0,False,False
5475,2025-11-07,2025-11-19,2025,連續5個營業日,10,9,-0.04390243902439028,-0.04832743902439028,-0.07317073170731703,-0.7474008519854378,True,True,True,True,590265.0,False,False
5475,2025-12-16,2025-12-29,2025,最近10個營業日內有6個營業日,10,9,0.2749999999999999,0.2705749999999999,-0.050000000000000044,773.2788291819502,True,True,True,True,1328893.0,False,False
5475,2026-01-27,2026-02-06,2026,連續5個營業日,10,9,0.29383886255924163,0.2894138625592416,-0.042654028436018954,1164.3429433339447,True,True,True,True,684394.0,False,False
5475,2026-03-03,2026-03-13,2026,因連續3個營業日達本中心作業要點第四條第一項第一款,10,9,0.041860465116279055,0.03743546511627906,-0.1953488372093023,1.7756431030090032,True,True,True,True,1471164.0,False,False
5475,2026-04-24,2026-05-07,2026,因連續3個營業日達本中心作業要點第四條第一項第一款,10,9,-0.046575342465753455,-0.051000342465753454,-0.17260273972602735,-0.7663845574485062,True,True,True,True,2469756.0,False,False
5478,2023-12-06,2023-12-18,2023,因連續3個營業日達本中心作業要點第四條第一項第一款,10,9,-0.037735849056603765,-0.042160849056603764,-0.04582210242587603,-0.6977616496728513,True,True,True,True,944733.0,False,False
5481,2018-05-03,2018-05-15,2018,因連續3個營業日達本中心作業要點第四條第一項第一款,10,9,0.00694444444444442,0.0025194444444444197,-0.17361111111111105,0.07239724093813793,True,True,True,True,2007920.0,False,False
5481,2018-05-08,2018-05-18,2018,因連續3個營業日達本中心作業要點第四條第一項第一款,10,9,-0.011737089201877882,-0.01616208920187788,-0.030516431924882736,-0.36403671970811335,True,True,True,True,530340.0,False,False
5484,2024-06-14,2024-06-26,2024,連續三次,10,9,0.1900826446280992,0.1856576446280992,-0.09421487603305789,112.35094913751841,False,True,True,False,1875386.0,True,False
5484,2024-06-19,2024-07-01,2024,連續三次,10,9,0.28391167192429023,0.2794866719242902,-0.041009463722397554,939.1902236963136,True,True,True,True,1201365.0,False,False
5484,2024-07-10,2024-07-22,2024,連續三次,10,9,-0.19377162629757783,-0.19819662629757784,-0.19377162629757783,-0.9978361912695424,True,True,True,True,317669.0,False,False
5484,2024-07-19,2024-07-31,2024,連續三次,8,7,0.02448979591836742,0.02006479591836742,-0.08163265306122447,1.0329854581915439,True,True,True,True,736201.0,False,False
5487,2019-09-23,2019-10-03,2019,因連續3個營業日達本中心作業要點第四條第一項第一款,9,8,-0.006958250497017815,-0.011383250497017815,-0.021868787276341783,-0.3007638385191749,True,True,True,True,377421.0,False,False
5489,2026-06-30,2026-07-13,2026,因連續3個營業日達本中心作業要點第四條第一項第一款,10,9,-0.05922165820642977,-0.06364665820642977,-0.05922165820642977,-0.8390614317818084,True,False,True,False,384473.0,False,True
5493,2024-03-28,2024-04-11,2024,因連續3個營業日達本中心作業要點第四條第一項第一款,10,9,0.02383654937570956,0.01941154937570956,-0.030646992054483402,0.7058150168368278,True,True,True,True,318031.0,False,False
5498,2019-09-02,2019-09-12,2019,因連續3個營業日達本中心作業要點第四條第一項第一款,10,9,0.1088709677419355,0.1044459677419355,-0.016129032258064613,14.792744521578143,True,True,True,True,3591105.0,False,False
5498,2026-01-05,2026-01-19,2025,連續3個營業日及沖銷標準,12,11,0.31868131868131866,0.31425631868131865,-0.13919413919413925,497.05167176203236,True,True,True,True,4931238.0,False,False
5498,2026-04-28,2026-05-11,2026,最近10個營業日內有6個營業日,10,9,0.008759124087591053,0.004334124087591052,-0.029197080291970767,0.12764590468164605,True,True,True,True,2440141.0,False,False
5511,2023-08-10,2023-08-22,2023,最近10個營業日內有6個營業日,10,9,-0.1289156626506024,-0.1333406626506024,-0.13012048192771086,-0.9812255495012789,True,True,True,True,239517.0,False,False
5521,2025-12-22,2026-01-05,2025,連續三次,10,9,0.02331002331002341,0.01888502331002341,-0.023310023310023298,0.6815098055003643,True,False,True,False,9083110.0,False,True
5521,2026-03-17,2026-03-27,2026,連續三次,10,9,-0.09090909090909094,-0.09533409090909094,-0.19580419580419584,-0.9381500174886594,True,True,True,True,3814591.0,False,False
5529,2021-04-13,2021-04-23,2021,因連續3個營業日達本中心作業要點第四條第一項第一款,10,9,0.20224719101123578,0.19782219101123577,0.0,149.51001744772486,True,True,True,True,1907211.0,False,False
5531,2020-12-02,2020-12-14,2020,連續三次,10,9,-0.11111111111111105,-0.11553611111111105,-0.19312169312169303,-0.9669712728893831,True,True,True,True,13851467.0,False,False
5531,2020-12-07,2020-12-17,2020,連續三次,10,9,0.15197568389057747,0.14755068389057746,-0.07294832826747721,44.743552808953716,True,True,True,True,3731078.0,False,False
5543,2020-07-01,2020-07-13,2020,因連續3個營業日達本中心作業要點第四條第一項第一款,10,9,0.08359133126934992,0.07916633126934992,-0.024767801857585092,7.300836735599171,True,True,True,True,85010.0,False,False
5543,2020-09-01,2020-09-11,2020,最近10個營業日內有6個營業日,10,9,0.005802707930367523,0.0013777079303675232,-0.030947775628626717,0.03898401468510371,True,True,True,True,127003.0,False,False
5543,2024-10-17,2024-10-29,2024,因連續3個營業日達本中心作業要點第四條第一項第一款,10,9,0.0,-0.004425,-0.07317073170731703,-0.11590382297714663,True,True,True,True,32526.0,False,False
5603,2020-10-16,2020-10-28,2020,因連續3個營業日達本中心作業要點第四條第一項第一款,10,9,0.3793103448275863,0.3748853448275863,-0.028213166144200552,6929.038258172481,True,True,True,True,2047216.0,False,False
5603,2020-10-30,2020-11-11,2020,因連續3個營業日達本中心作業要點第四條第一項第一款,10,9,-0.09825327510917026,-0.10267827510917026,-0.09825327510917026,-0.950682043921922,True,False,True,False,1177335.0,False,True
5603,2021-06-03,2021-06-16,2021,因連續3個營業日達本中心作業要點第四條第一項第一款,10,9,0.15639810426540302,0.151973104265403,-0.08372827804107419,49.90162566066322,True,True,True,True,3641723.0,False,False
5603,2022-04-06,2022-04-18,2022,因連續3個營業日達本中心作業要點第四條第一項第一款,10,9,0.04752475247524757,0.04309975247524757,0.0,2.228874582566516,True,True,True,True,4249697.0,False,False
5608,2020-12-28,2021-01-08,2020,連續三次,10,9,-0.08148148148148149,-0.08590648148148149,-0.18518518518518523,-0.917509036520799,True,True,True,True,15829067.0,False,False
5608,2020-12-31,2021-01-13,2020,連續三次,10,9,-0.10358565737051795,-0.10801065737051795,-0.12350597609561753,-0.9582071662023742,True,True,True,True,3623146.0,False,False
5608,2021-03-26,2021-04-09,2021,連續三次,10,9,0.11904761904761907,0.11462261904761907,0.0,19.375440127581864,True,True,True,True,6584222.0,False,False
5608,2021-04-26,2021-05-07,2021,連續三次,10,9,0.21388367729831148,0.20945867729831147,-0.03564727954971858,195.8771931367282,True,True,True,True,10490798.0,False,False
5608,2021-06-22,2021-07-02,2021,最近十個營業日已有六次,10,9,-0.03708987161198285,-0.04151487161198285,-0.202567760342368,-0.6920482005034333,False,True,True,False,31023564.0,True,False
5608,2021-06-25,2021-07-07,2021,連續三次,10,9,0.21746575342465757,0.21304075342465756,-0.006849315068493178,212.73320189020473,True,True,True,True,9811870.0,False,False
5701,2020-06-10,2020-06-22,2020,連續5個營業日,10,9,-0.21497584541062797,-0.219400845410628,-0.3381642512077294,-0.9989722416439071,False,True,True,False,4205739.0,True,False
5701,2020-06-23,2020-07-07,2020,最近10個營業日內有6個營業日,10,9,0.015151515151515138,0.010726515151515138,-0.0757575757575758,0.3449704748617035,True,True,True,True,735165.0,False,False
5701,2020-07-08,2020-07-20,2020,最近10個營業日內有6個營業日,10,9,0.04705882352941182,0.04263382352941182,0.0,2.1890503491516533,True,True,True,True,1753080.0,False,False
5701,2023-03-03,2023-03-15,2023,連續5個營業日,10,9,-0.042959427207637346,-0.047384427207637345,-0.116945107398568,-0.7403550311321647,True,True,True,True,1130582.0,False,False
5701,2026-06-10,2026-06-23,2026,因連續3個營業日達本中心作業要點第四條第一項第一款,10,9,-0.07509157509157516,-0.07951657509157516,-0.2362637362637363,-0.8998977859665284,True,True,True,True,814797.0,False,False
5703,2022-09-30,2022-10-13,2022,因連續3個營業日達本中心作業要點第四條第一項第一款,10,9,-0.11141304347826075,-0.11583804347826075,-0.12228260869565222,-0.9672830435176063,True,True,True,True,526457.0,False,False
5703,2023-06-16,2023-06-30,2023,因連續3個營業日達本中心作業要點第四條第一項第一款,10,9,-0.03546099290780147,-0.03988599290780147,-0.09787234042553195,-0.6771752497110444,True,True,True,True,385393.0,False,False
5905,2024-08-27,2024-09-06,2024,因連續3個營業日達本中心作業要點第四條第一項第一款,10,9,-0.09387755102040818,-0.09830255102040818,-0.18367346938775508,-0.9435466097959387,True,True,True,True,6056920.0,False,False
5906,2019-12-30,2020-01-10,2019,連續三次,10,9,-0.1094420600858369,-0.1138670600858369,-0.1094420600858369,-0.9651954858220365,True,True,True,True,447098.0,False,False
5906,2020-09-11,2020-09-23,2020,連續三次,10,9,-0.10799999999999987,-0.11242499999999987,-0.1373333333333333,-0.9635873993797376,True,True,True,True,293295.0,False,False
5907,2024-10-11,2024-10-23,2024,連續三次,10,9,0.0852713178294573,0.0808463178294573,-0.12015503875969002,7.66737180173882,True,True,True,True,1077224.0,False,False
6101,2018-04-10,2018-04-20,2018,因連續3個營業日達本中心作業要點第四條第一項第一款,10,9,0.11439588688946034,0.10997088688946034,-0.028277634961439646,17.1407492700526,True,True,True,True,532100.0,False,False
6103,2021-03-30,2021-04-13,2021,因連續3個營業日達本中心作業要點第四條第一項第一款,10,9,0.23584905660377364,0.23142405660377363,0.0,323.581044811779,False,True,True,False,9682.0,True,False
6103,2021-04-06,2021-04-16,2021,因連續3個營業日達本中心作業要點第四條第一項第一款,10,9,-0.08896797153024916,-0.09339297153024916,-0.16725978647686846,-0.9343557469141229,False,True,True,False,18716.0,True,False
6103,2021-04-09,2021-04-21,2021,因連續3個營業日達本中心作業要點第四條第一項第一款,10,9,-0.147887323943662,-0.152312323943662,-0.176056338028169,-0.9898479926173953,True,True,True,True,182036.0,False,False
6103,2026-03-23,2026-04-02,2026,因連續3個營業日達本中心作業要點第四條第一項第一款,10,9,-0.04714912280701755,-0.05157412280701755,-0.13377192982456143,-0.7702765053659147,True,True,True,True,1164.0,False,False
6104,2021-07-23,2021-08-04,2021,因連續3個營業日達本中心作業要點第四條第一項第一款,10,9,0.05785123966942152,0.05342623966942152,-0.06198347107438018,3.2451452460383123,True,True,True,True,6496891.0,False,False
6104,2024-12-10,2024-12-24,2024,連續5個營業日及沖銷標準,12,11,-0.047752808988763995,-0.05217780898876399,-0.1404494382022472,-0.704154285152675,True,True,True,True,3003920.0,False,False
6104,2025-01-03,2025-01-15,2024,連續5個營業日,10,9,-0.027190332326283984,-0.03161533232628398,-0.1238670694864048,-0.5903227978249217,True,True,True,True,760778.0,False,False
6104,2025-02-06,2025-02-18,2025,最近10個營業日內有6個營業日,10,9,0.03399433427762033,0.029569334277620332,-0.025495750708215303,1.246696487517739,True,True,True,True,957108.0,False,False
6111,2018-06-04,2018-06-14,2018,最近10個營業日內有6個營業日,10,9,-0.03928571428571426,-0.043710714285714256,-0.09999999999999998,-0.7110560470302462,True,False,True,False,1860105.0,False,True
6111,2020-03-23,2020-04-06,2020,因連續3個營業日達本中心作業要點第四條第一項第一款,10,9,0.3282247765006385,0.3237997765006385,0.0,2419.7663458538295,True,True,True,True,245000.0,False,False
6111,2020-03-26,2020-04-09,2020,因連續3個營業日達本中心作業要點第四條第一項第一款,10,9,0.50363196125908,0.49920696125908004,-0.01937046004842613,76742.95372581657,True,True,True,True,200050.0,False,False
6111,2021-12-29,2022-01-11,2021,連續5個營業日,10,9,-0.03455284552845539,-0.03897784552845539,-0.03455284552845539,-0.6685849619561761,True,False,True,False,1262374.0,False,True
6111,2023-05-11,2023-05-25,2023,連續3個營業日及沖銷標準,12,11,-0.07657657657657657,-0.08100157657657657,-0.0788288288288288,-0.8533626209765948,True,True,True,True,1812533.0,False,False
6113,2020-09-22,2020-10-06,2020,因連續3個營業日達本中心作業要點第四條第一項第一款,10,9,-0.07888349514563109,-0.08330849514563109,-0.125,-0.9107425181870437,True,True,True,True,600422.0,False,False
6113,2022-05-17,2022-05-27,2022,因連續3個營業日達本中心作業要點第四條第一項第一款,10,9,0.4104477611940298,0.4060227611940298,-0.04228855721393043,12908.179687054193,True,True,True,True,2921368.0,False,False
6113,2024-01-10,2024-01-24,2024,連續3個營業日及沖銷標準,12,11,0.25520833333333326,0.25078333333333325,-0.07291666666666674,160.69022471338792,True,True,True,True,4134654.0,False,False
6113,2025-02-17,2025-02-27,2025,因連續3個營業日達本中心作業要點第四條第一項第一款,10,9,-0.10359408033826634,-0.10801908033826634,-0.11205073995771664,-0.9582181271949726,True,True,True,True,246818.0,False,False
6113,2025-03-24,2025-04-09,2025,連續3個營業日及沖銷標準,12,11,-0.36101083032490977,-0.3654358303249098,-0.36101083032490977,-0.9999675803837833,True,False,True,False,418788.0,False,True
6116,2021-05-05,2021-05-17,2021,連續三次,10,9,-0.30638297872340425,-0.31080797872340427,-0.31063829787234043,-0.9999676815042005,True,True,True,True,92156900.0,False,False
6116,2026-01-14,2026-01-26,2026,連續三次,10,9,-0.08399999999999996,-0.08842499999999996,-0.09999999999999998,-0.9235948923076528,True,True,True,True,31212118.0,False,False
6116,2026-06-03,2026-06-15,2026,連續三次,10,9,-0.23433874709976799,-0.238763747099768,-0.3921113689095128,-0.999488466633426,True,True,True,True,108791284.0,False,False
6116,2026-06-08,2026-06-18,2026,連續三次,10,9,0.12912912912912922,0.12470412912912922,-0.21321321321321318,25.165573967150735,True,True,True,True,8621232.0,False,False
6117,2023-07-12,2023-07-24,2023,連續三次,10,9,-0.04687500000000011,-0.05130000000000011,-0.169921875,-0.7684249946286975,True,True,True,True,1535201.0,False,False
6117,2023-08-29,2023-09-12,2023,連續三次及當日沖銷標準,12,11,-0.08092485549132955,-0.08534985549132955,-0.08959537572254339,-0.8683466286926048,True,True,True,True,2013659.0,False,False
6117,2023-10-11,2023-10-25,2023,連續三次及當日沖銷標準,12,11,-0.028747433264887157,-0.033172433264887155,-0.15913757700205333,-0.5354598133950541,True,True,True,True,510052.0,False,False
6117,2023-12-12,2023-12-22,2023,連續三次,10,9,0.05675675675675684,0.052331756756756845,-0.03918918918918923,3.1243178297756513,True,True,True,True,3162934.0,False,False
6117,2024-06-07,2024-06-20,2024,最近十個營業日已有六次,10,9,-0.08243727598566308,-0.08686227598566308,-0.11111111111111116,-0.9198717435169557,True,True,True,True,3065833.0,False,False
6118,2018-03-23,2018-04-03,2018,因連續3個營業日達本中心作業要點第四條第一項第一款,10,9,0.20700636942675166,0.20258136942675165,0.0,167.0358640477918,True,True,True,True,6845396.0,False,False
6118,2018-03-28,2018-04-11,2018,因連續3個營業日達本中心作業要點第四條第一項第一款,10,9,-0.09480122324159024,-0.09922622324159024,-0.11926605504587162,-0.9451311371297118,True,True,True,True,1386165.0,False,False
6118,2018-04-20,2018-05-03,2018,因連續3個營業日達本中心作業要點第四條第一項第一款,10,9,0.004149377593360981,-0.000275622406639019,-0.212448132780083,-0.007627991337600837,True,True,True,True,452000.0,False,False
6118,2018-07-05,2018-07-17,2018,因連續3個營業日達本中心作業要點第四條第一項第一款,10,9,-0.1785714285714286,-0.18299642857142862,-0.19999999999999996,-0.9963543369396444,True,True,True,True,2611801.0,False,False
6118,2021-11-18,2021-11-30,2021,因連續3個營業日達本中心作業要點第四條第一項第一款,10,9,-0.024561403508771895,-0.028986403508771894,-0.1842105263157895,-0.5582795248844891,True,True,True,True,4177403.0,False,False
6118,2021-12-17,2022-01-03,2021,連續3個營業日及沖銷標準,12,11,0.05446118192352256,0.05003618192352256,-0.06836616454229427,2.0332981094310316,True,True,True,True,3306113.0,False,False
6120,2023-06-29,2023-07-11,2023,連續五次,10,9,0.20408163265306123,0.19965663265306122,-0.00340136054421758,156.04591787430115,True,True,True,True,1691511.0,False,False
6122,2023-09-11,2023-09-25,2023,連續3個營業日及沖銷標準,12,11,-0.16836734693877553,-0.17279234693877554,-0.1981292517006803,-0.9865846111178127,True,True,True,True,2450362.0,False,False
6122,2023-11-20,2023-12-04,2023,連續3個營業日及沖銷標準,12,11,-0.098901098901099,-0.10332609890109899,-0.10302197802197799,-0.9161482699193992,True,True,True,True,2306962.0,False,True
6125,2023-06-29,2023-07-11,2023,因連續3個營業日達本中心作業要點第四條第一項第一款,10,9,0.23854660347551349,0.23412160347551347,-0.028436018957345932,343.9220556764879,True,True,True,True,6397461.0,False,False
6125,2023-07-12,2023-07-24,2023,因連續3個營業日達本中心作業要點第四條第一項第一款,10,9,0.29374999999999996,0.28932499999999994,-0.050000000000000044,1162.1141127891817,True,True,True,True,3622909.0,False,False
6127,2018-06-06,2018-06-19,2018,因連續3個營業日達本中心作業要點第四條第一項第一款,10,9,0.049056603773584895,0.044631603773584896,-0.08176100628930816,2.3632136889399176,True,True,True,True,15075363.0,False,False
6127,2018-06-11,2018-06-22,2018,因連續3個營業日達本中心作業要點第四條第一項第一款,10,9,0.12064343163538882,0.11621843163538882,-0.002680965147452974,20.20148966944171,True,True,True,True,3701902.0,False,False
6127,2025-10-02,2025-10-16,2025,因連續3個營業日達本中心作業要點第四條第一項第一款,10,9,0.002053388090349051,-0.002371611909650949,-0.10266940451745377,-0.06382827362778065,True,True,True,True,1345036.0,False,False
6127,2025-10-29,2025-11-10,2025,因連續3個營業日達本中心作業要點第四條第一項第一款,10,9,-0.0865561694290975,-0.0909811694290975,-0.1086556169429097,-0.9293281171015535,True,True,True,True,710106.0,False,False
6127,2026-06-16,2026-06-29,2026,最近10個營業日內有6個營業日,10,9,0.05624999999999991,0.05182499999999991,-0.050000000000000044,3.069502889765346,True,True,True,True,4253613.0,False,False
6129,2021-01-07,2021-01-19,2021,因連續3個營業日達本中心作業要點第四條第一項第一款,10,9,0.07941176470588251,0.07498676470588252,-0.09999999999999998,6.452617155422828,True,True,True,True,6124734.0,False,False
6129,2021-03-23,2021-04-06,2021,因連續3個營業日達本中心作業要點第四條第一項第一款,10,9,0.015572858731924155,0.011147858731924155,-0.1890989988876529,0.36063217424413874,True,True,True,True,8901600.0,False,False
6129,2021-03-26,2021-04-09,2021,因連續3個營業日達本中心作業要點第四條第一項第一款,10,9,0.32405063291139236,0.31962563291139234,-0.03797468354430378,2216.450675437905,True,True,True,True,2609930.0,False,False
6129,2025-08-13,2025-08-25,2025,因連續3個營業日達本中心作業要點第四條第一項第一款,10,9,0.12681159420289845,0.12238659420289845,-0.007246376811594346,23.70850175942694,True,True,True,True,347118.0,False,False
6130,2019-11-22,2019-12-04,2019,因連續3個營業日達本中心作業要點第四條第一項第一款,10,9,-0.03809523809523807,-0.04252023809523807,-0.07936507936507942,-0.7008959393753977,True,True,True,True,27005.0,False,False
6130,2021-07-01,2021-07-13,2021,因連續3個營業日達本中心作業要點第四條第一項第一款,10,9,0.12115384615384617,0.11672884615384617,-0.02692307692307694,20.472445759202515,True,True,True,True,43000.0,False,False
6130,2025-03-26,2025-04-09,2025,因連續3個營業日達本中心作業要點第四條第一項第一款,10,9,-0.3276315789473684,-0.3320565789473684,-0.3276315789473684,-0.9999864587834509,True,False,True,False,554796.0,False,True
6130,2025-03-31,2025-04-14,2025,因連續3個營業日達本中心作業要點第四條第一項第一款,10,9,-0.21024258760107817,-0.21466758760107818,-0.3328840970350404,-0.9987843177975784,True,True,True,True,336605.0,False,False
6131,2019-11-14,2019-11-26,2019,最近十個營業日已有六次,10,9,0.46850393700787407,0.46407893700787406,0.0,39719.406638952656,True,True,True,True,1021000.0,False,False
6131,2020-07-23,2020-08-04,2020,連續五次,10,9,0.09195402298850563,0.08752902298850564,-0.08908045977011492,9.285987578352005,True,True,True,True,401010.0,False,False
6133,2022-07-26,2022-08-09,2022,連續三次及當日沖銷標準,12,11,0.0843989769820972,0.0799739769820972,-0.05882352941176483,4.746361904188669,True,True,True,True,5490290.0,False,False
6133,2024-07-15,2024-07-26,2024,連續三次,9,8,-0.09999999999999998,-0.10442499999999998,-0.11111111111111116,-0.9681443622419235,True,True,True,True,1270814.0,False,False
6134,2021-03-03,2021-03-15,2021,因連續3個營業日達本中心作業要點第四條第一項第一款,10,9,0.22520661157024802,0.220781611570248,-0.024793388429751984,254.04130769730622,True,True,True,True,385521.0,False,False
6134,2021-12-13,2021-12-23,2021,因連續3個營業日達本中心作業要點第四條第一項第一款,10,9,-0.05813953488372092,-0.06256453488372092,-0.11461794019933569,-0.8338142115240392,True,True,True,True,8720375.0,False,False
6134,2021-12-16,2021-12-28,2021,因連續3個營業日達本中心作業要點第四條第一項第一款,10,9,0.07772020725388606,0.07329520725388607,-0.07944732297063906,6.133634180943481,True,True,True,True,921803.0,False,False
6139,2024-04-11,2024-04-25,2024,連續三次及當日沖銷標準,12,11,-0.052631578947368474,-0.05705657894736847,-0.07565789473684215,-0.7368956291028101,True,False,True,False,3613632.0,False,True
6140,2020-06-24,2020-07-08,2020,因連續3個營業日達本中心作業要點第四條第一項第一款,10,9,0.05357142857142838,0.04914642857142838,-0.023809523809523947,2.7912352895332666,True,True,True,True,861005.0,False,False
6140,2020-08-19,2020-08-31,2020,因連續3個營業日達本中心作業要點第四條第一項第一款,10,9,0.2977777777777777,0.2933527777777777,-0.16000000000000003,1267.3818085406183,True,True,True,True,1590713.0,False,False
6140,2020-09-03,2020-09-15,2020,因連續3個營業日達本中心作業要點第四條第一項第一款,10,9,-0.048387096774193505,-0.052812096774193504,-0.06093189964157708,-0.7784619061059973,True,True,True,True,368600.0,False,True
6140,2025-04-01,2025-04-17,2025,連續3個營業日及沖銷標準,12,11,0.11862068965517225,0.11419568965517225,-0.21793103448275863,10.676326430944286,True,True,True,True,2639077.0,False,False
6141,2026-03-10,2026-03-20,2026,連續三次,10,9,0.4786324786324785,0.4742074786324785,-0.005698005698005826,48103.26819799335,True,True,True,True,2070561.0,False,False
6141,2026-03-24,2026-04-07,2026,連續三次,10,9,-0.13260869565217392,-0.13703369565217394,-0.15217391304347827,-0.9833255672695111,True,True,True,True,1226247.0,False,False
6141,2026-04-24,2026-05-07,2026,連續五次,10,9,0.1077389984825492,0.1033139984825492,-0.10925644916540211,14.34924081978811,True,True,True,True,663401.0,False,False
6141,2026-06-30,2026-07-13,2026,最近十個營業日已有六次,10,9,0.001315789473684159,-0.003109210526315841,-0.09473684210526323,-0.08286583109299117,True,True,True,True,521928.0,False,False
6143,2022-07-13,2022-07-25,2022,因連續3個營業日達本中心作業要點第四條第一項第一款,10,9,0.08423326133909304,0.07980826133909304,-0.004319654427645703,7.439091920741589,True,True,True,True,1136092.0,False,False
6144,2024-07-03,2024-07-15,2024,最近10個營業日內有6個營業日,10,9,0.3308270676691729,0.3264020676691729,0.0,2555.4904367832264,True,True,True,True,39801.0,False,False
6144,2024-07-31,2024-08-12,2024,因連續3個營業日達本中心作業要點第四條第一項第一款,10,9,0.06707317073170738,0.06264817073170738,-0.1609756097560976,4.408061697394699,True,True,True,True,6177.0,False,False
6144,2024-09-27,2024-10-09,2024,最近10個營業日內有6個營業日,8,7,0.05627705627705626,0.05185205627705626,-0.05627705627705626,5.0826805729460744,True,True,True,True,22830.0,False,False
6144,2024-11-04,2024-11-13,2024,因連續3個營業日達本中心作業要點第四條第一項第一款,9,8,-0.2142857142857142,-0.2187107142857142,-0.2142857142857142,-0.9995529347703184,True,False,True,False,6576.0,False,True
6144,2024-11-07,2024-11-19,2024,因連續3個營業日達本中心作業要點第四條第一項第一款,10,9,-0.2475609756097561,-0.2519859756097561,-0.27195121951219514,-0.9996855925773814,True,True,True,True,220989.0,False,False
6144,2024-11-12,2024-11-22,2024,因連續3個營業日達本中心作業要點第四條第一項第一款,10,9,-0.13565022421524675,-0.14007522421524676,-0.3307174887892377,-0.9848832902922715,True,True,True,True,27110.0,False,False
6144,2024-12-03,2024-12-13,2024,因連續3個營業日達本中心作業要點第四條第一項第一款,10,9,-0.024067388688327362,-0.02849238868832736,-0.07821901323706382,-0.5519942994276514,True,True,True,True,65544.0,False,False
6147,2026-04-17,2026-04-29,2026,因連續3個營業日達本中心作業要點第四條第一項第一款,10,9,0.35622317596566533,0.3517981759656653,-0.012875536480686733,4328.526948072355,True,True,True,True,23474056.0,False,False
6148,2020-09-22,2020-10-06,2020,因連續3個營業日達本中心作業要點第四條第一項第一款,10,9,-0.09815950920245409,-0.10258450920245409,-0.13496932515337434,-0.9505386908264233,True,True,True,True,1847463.0,False,False
6148,2023-05-10,2023-05-24,2023,連續3個營業日及沖銷標準,12,11,0.023047375160051287,0.018622375160051288,-0.10371318822023046,0.5209622943430681,True,True,True,True,1641766.0,False,False
6148,2025-02-13,2025-02-27,2025,連續3個營業日及沖銷標準,12,11,0.0051948051948051965,0.0007698051948051964,-0.020779220779220675,0.0176426672018708,True,True,True,True,1891697.0,False,False
6150,2018-01-23,2018-02-02,2018,因連續3個營業日達本中心作業要點第四條第一項第一款,10,9,0.43609022556390986,0.43166522556390985,-0.015037593984962405,21326.006286197266,True,True,True,True,4961440.0,False,False
6150,2018-03-02,2018-03-14,2018,因連續3個營業日達本中心作業要點第四條第一項第一款,10,9,0.09869646182495351,0.09427146182495351,-0.1005586592178771,11.21258465501591,True,True,True,True,1679689.0,False,False
6150,2018-03-07,2018-03-19,2018,因連續3個營業日達本中心作業要點第四條第一項第一款,10,9,-0.0847457627118644,-0.0891707627118644,-0.25577812018489987,-0.9253123201548705,True,True,True,True,914775.0,False,False
6150,2018-03-29,2018-04-12,2018,連續5個營業日,10,9,-0.0720108695652174,-0.0764358695652174,-0.11684782608695654,-0.8901622587550595,True,True,True,True,373388.0,False,False
6150,2018-04-23,2018-05-04,2018,因連續3個營業日達本中心作業要點第四條第一項第一款,10,9,-0.026239067055393583,-0.030664067055393582,-0.17784256559766765,-0.5789957796271674,True,True,True,True,2880267.0,False,False
6150,2018-04-26,2018-05-09,2018,因連續3個營業日達本中心作業要點第四條第一項第一款,10,9,0.005714285714285783,0.0012892857142857827,-0.19428571428571428,0.03643861208150301,True,True,True,True,1587516.0,False,False
6150,2019-05-23,2019-06-04,2019,連續5個營業日,10,9,0.03134328358208949,0.02691828358208949,0.0,1.0914201336789162,True,True,True,True,585501.0,False,False
6150,2019-06-26,2019-07-08,2019,連續5個營業日,10,9,0.04475703324808178,0.04033203324808178,-0.02813299232736577,1.9991569973199672,True,True,True,True,676428.0,False,False
6150,2019-07-17,2019-07-29,2019,連續5個營業日,10,9,0.07702702702702702,0.07260202702702702,0.0,6.006756708065592,True,True,True,True,411301.0,False,False
6150,2020-03-23,2020-04-06,2020,因連續3個營業日達本中心作業要點第四條第一項第一款,10,9,0.1404109589041096,0.13598595890410958,-0.11815068493150682,33.52533271549717,True,True,True,True,253700.0,False,False
6150,2020-03-26,2020-04-09,2020,因連續3個營業日達本中心作業要點第四條第一項第一款,10,9,0.2751235584843492,0.2706985584843492,-0.04612850082372333,775.3730993851786,True,True,True,True,173600.0,False,False
6150,2020-05-19,2020-05-29,2020,最近10個營業日內有6個營業日,10,9,0.014000000000000012,0.009575000000000012,-0.05400000000000005,0.3030490618774897,True,True,True,True,729463.0,False,False
6150,2020-11-17,2020-11-27,2020,因連續3個營業日達本中心作業要點第四條第一項第一款,10,9,0.032608695652173836,0.028183695652173837,-0.048913043478260865,1.1642009212561604,True,True,True,True,7545620.0,False,False
6150,2020-11-24,2020-12-04,2020,連續5個營業日,10,9,0.13313008130081294,0.12870508130081293,-0.07113821138211385,27.878118505216406,True,True,True,True,1616520.0,False,False
6150,2020-12-15,2020-12-25,2020,連續5個營業日,10,9,0.10084033613445387,0.09641533613445387,-0.06302521008403361,11.894944856465576,True,True,True,True,1056896.0,False,False
6150,2021-01-06,2021-01-18,2020,連續5個營業日,10,9,-0.08906882591093113,-0.09349382591093112,-0.1497975708502024,-0.9345582926855814,True,False,True,False,1985811.0,False,True
6150,2021-03-03,2021-03-15,2021,連續5個營業日,10,9,0.14592274678111594,0.14149774678111593,-0.0429184549356223,38.493843841425836,True,True,True,True,1058344.0,False,False
6150,2021-03-22,2021-04-01,2021,連續5個營業日,10,9,0.3137254901960784,0.3093004901960784,-0.027450980392156876,1781.7584893933058,True,True,True,True,1058371.0,False,False
6150,2021-04-13,2021-04-23,2021,因連續3個營業日達本中心作業要點第四條第一項第一款,10,9,-0.09909909909909909,-0.10352409909909908,-0.18918918918918914,-0.9519571995463453,True,True,True,True,1068706.0,False,False
6150,2021-05-24,2021-06-03,2021,因連續3個營業日達本中心作業要點第四條第一項第一款,10,9,0.3045112781954886,0.3000862781954886,0.0,1464.1892957502173,True,True,True,True,802713.0,False,False
6150,2023-07-26,2023-08-07,2023,因連續3個營業日達本中心作業要點第四條第一項第一款,9,8,-0.1990243902439025,-0.20344939024390252,-0.22536585365853656,-0.9991816898267649,True,True,True,True,1164744.0,False,False
6151,2024-10-28,2024-11-07,2024,因連續3個營業日達本中心作業要點第四條第一項第一款,9,8,-0.008000000000000007,-0.012425000000000007,-0.05920000000000003,-0.32342611201556337,True,True,True,True,1969355.0,False,False
6155,2018-06-11,2018-06-22,2018,連續三次,10,9,0.17226890756302526,0.16784390756302525,-0.12745098039215697,73.43890645623382,True,True,True,True,2095590.0,False,False
6155,2018-07-03,2018-07-13,2018,連續五次,10,9,0.14634146341463428,0.14191646341463426,-0.03547671840354771,38.898239477716785,True,True,True,True,1516796.0,False,False
6155,2025-11-21,2025-12-03,2025,連續三次,10,9,0.27128427128427135,0.26685927128427134,-0.04761904761904756,712.7825831729564,True,True,True,True,773200.0,False,False
6158,2019-05-06,2019-05-16,2019,因連續3個營業日達本中心作業要點第四條第一項第一款,10,9,-0.11847826086956526,-0.12290326086956525,-0.12065217391304339,-0.9738190132507237,True,True,True,True,2331625.0,False,False
6158,2022-01-04,2022-01-14,2021,因連續3個營業日達本中心作業要點第四條第一項第一款,10,9,-0.1577060931899641,-0.1621310931899641,-0.17562724014336917,-0.9926548264984675,True,True,True,True,2024303.0,False,False
6160,2023-03-30,2023-04-14,2023,因連續3個營業日達本中心作業要點第四條第一項第一款,10,9,0.040925266903914626,0.03650026690391463,-0.019572953736654797,1.7069724801679858,True,True,True,True,1214264.0,False,False
6160,2024-06-05,2024-06-18,2024,因連續3個營業日達本中心作業要點第四條第一項第一款,10,9,0.08844765342960281,0.08402265342960281,0.0,8.403460876945843,True,True,True,True,765690.0,False,False
6163,2025-12-09,2025-12-23,2025,連續3個營業日及沖銷標準,12,11,0.28442437923250563,0.2799993792325056,-0.02934537246049651,272.26589470873563,True,True,True,True,2699931.0,False,False
6164,2021-01-04,2021-01-14,2020,連續三次,10,9,0.06694560669456062,0.06252060669456062,-0.05857740585774052,4.390057240197642,True,True,True,True,2912876.0,False,False
6167,2026-03-24,2026-04-07,2026,因連續3個營業日達本中心作業要點第四條第一項第一款,10,9,-0.10175438596491226,-0.10617938596491226,-0.12631578947368427,-0.955757107347636,True,True,True,True,780806.0,False,False
6169,2019-12-06,2019-12-18,2019,因連續3個營業日達本中心作業要點第四條第一項第一款,10,9,-0.024834437086092676,-0.029259437086092674,-0.06622516556291391,-0.5617166998822822,True,True,True,True,227332.0,False,False
6169,2020-02-20,2020-03-04,2020,因連續3個營業日達本中心作業要點第四條第一項第一款,10,9,-0.0996398559423769,-0.1040648559423769,-0.12124849939975979,-0.9527557195153892,True,True,True,True,281929.0,False,False
6169,2020-03-26,2020-04-09,2020,因連續3個營業日達本中心作業要點第四條第一項第一款,10,9,0.34999999999999987,0.34557499999999985,-0.045454545454545414,3807.6868493985294,True,True,True,True,40629.0,False,False
6169,2020-04-17,2020-04-29,2020,因連續3個營業日達本中心作業要點第四條第一項第一款,10,9,0.0924242424242423,0.0879992424242423,-0.14242424242424245,9.410244162962917,True,True,True,True,34400.0,False,False
6169,2020-08-25,2020-09-04,2020,因連續3個營業日達本中心作業要點第四條第一項第一款,10,9,-0.0020876826722338038,-0.006512682672233804,-0.06263048016701467,-0.16598135438386297,True,True,True,True,1554505.0,False,False
6170,2021-07-06,2021-07-16,2021,因連續3個營業日達本中心作業要點第四條第一項第一款,10,9,0.17972972972972978,0.17530472972972977,-0.05135135135135127,87.84327346401341,True,True,True,True,5268872.0,False,False
6171,2020-04-06,2020-04-16,2020,因連續3個營業日達本中心作業要點第四條第一項第一款,10,9,0.07042253521126751,0.06599753521126751,-0.0028169014084507005,4.9020864979982886,True,True,True,True,28000.0,False,False
6172,2021-11-03,2021-11-15,2021,連續三次,10,9,0.013636363636363669,0.009211363636363669,0.0,0.2900744603713361,True,True,True,True,108031.0,False,False
6173,2018-05-16,2018-05-28,2018,因連續3個營業日達本中心作業要點第四條第一項第一款,10,9,0.08877928483353892,0.08435428483353892,-0.1430332922318125,8.483699307108504,True,True,True,True,5043759.0,False,False
6173,2018-06-15,2018-06-28,2018,因連續3個營業日達本中心作業要點第四條第一項第一款,10,9,0.031818181818181746,0.027393181818181747,-0.12181818181818183,1.1184531701352625,True,True,True,True,1405121.0,False,False
6173,2026-04-23,2026-05-06,2026,因連續3個營業日達本中心作業要點第四條第一項第一款,10,9,0.12222222222222223,0.11779722222222223,-0.1811111111111111,21.050446604102763,True,True,True,True,4369570.0,False,False
6173,2026-05-14,2026-05-26,2026,因連續3個營業日達本中心作業要點第四條第一項第一款,10,9,0.3099415204678362,0.3055165204678362,-0.10233918128654973,1644.0420264325883,True,True,True,True,3423575.0,False,False
6173,2026-05-19,2026-05-29,2026,因連續3個營業日達本中心作業要點第四條第一項第一款,10,9,0.42771084337349397,0.42328584337349395,-0.07530120481927716,18117.18599640417,True,True,True,True,2071480.0,False,False
6173,2026-06-01,2026-06-11,2026,因連續3個營業日達本中心作業要點第四條第一項第一款,10,9,0.06118143459915615,0.05675643459915615,-0.1561181434599156,3.6341434188122976,True,True,True,True,1426483.0,False,False
6173,2026-06-22,2026-07-02,2026,因連續3個營業日達本中心作業要點第四條第一項第一款,10,9,0.05280528052805278,0.04838028052805278,-0.1188118811881188,2.71507747559885,True,True,True,True,1639963.0,False,False
6173,2026-07-21,2026-07-31,2026,因連續3個營業日達本中心作業要點第四條第一項第一款,10,9,-0.09345794392523366,-0.09788294392523365,-0.17445482866043616,-0.94281230258609,True,True,True,True,4238151.0,False,False
6173,2026-07-24,2026-08-05,2026,連續3個營業日,10,9,-0.0730337078651685,-0.0774587078651685,-0.2556179775280899,-0.8934916345977911,True,True,True,True,1154372.0,False,False
6174,2018-06-06,2018-06-19,2018,因連續3個營業日達本中心作業要點第四條第一項第一款,10,9,0.22702702702702693,0.22260202702702692,-0.021621621621621512,264.81925133051107,True,True,True,True,251300.0,False,False
6174,2026-07-14,2026-07-24,2026,最近10個營業日內有6個營業日,10,9,-0.22597864768683273,-0.23040364768683275,-0.25444839857651247,-0.999307150504098,True,True,True,True,821682.0,False,False
6182,2026-05-14,2026-05-26,2026,因連續3個營業日達本中心作業要點第四條第一項第一款,10,9,0.4729493891797558,0.4685243891797558,-0.09075043630017443,43209.359488533424,True,True,True,True,11344675.0,False,False
6182,2026-06-01,2026-06-11,2026,因連續3個營業日達本中心作業要點第四條第一項第一款,10,9,-0.19099999999999995,-0.19542499999999996,-0.2829999999999999,-0.9976185132788715,True,True,True,True,9818219.0,False,False
6182,2026-06-04,2026-06-16,2026,因連續3個營業日達本中心作業要點第四條第一項第一款,10,9,0.13829787234042556,0.13387287234042555,-0.23723404255319147,31.785122149486682,True,True,True,True,4612013.0,False,False
6182,2026-07-28,2026-08-10,2026,連續3個營業日及沖銷標準,11,10,-0.11848341232227488,-0.12290841232227488,-0.22180094786729865,-0.9623188940417473,True,True,True,True,11801907.0,False,False
6182,2026-08-05,2026-08-10,2026,連續3個營業日,5,4,-0.11428571428571432,-0.11871071428571432,-0.13142857142857145,-0.9996285454877255,True,True,True,True,10845022.0,False,False
6187,2024-01-26,2024-02-16,2024,連續5個營業日,10,9,0.2845070422535212,0.2800820422535212,-0.014084507042253502,951.418711192997,True,True,True,True,790535.0,False,False
6187,2024-02-27,2024-03-11,2024,連續5個營業日,10,9,0.12090163934426235,0.11647663934426235,-0.07172131147540983,20.338145939631087,True,True,True,True,1732665.0,False,False
6187,2024-03-20,2024-04-01,2024,連續5個營業日,10,9,0.08502024291497978,0.08059524291497978,-0.052631578947368474,7.611618040772278,True,True,True,True,1285525.0,False,False
6187,2024-04-12,2024-04-24,2024,連續5個營業日,10,9,-0.07954545454545459,-0.08397045454545458,-0.23295454545454541,-0.9125157157343674,True,True,True,True,773859.0,False,False
6187,2024-06-25,2024-07-05,2024,最近10個營業日內有6個營業日,10,9,0.2790697674418605,0.2746447674418605,-0.01744186046511631,845.2075086709575,True,True,True,True,847042.0,False,False
6187,2024-07-16,2024-07-26,2024,連續5個營業日,8,7,-0.04136690647482011,-0.04579190647482011,-0.14568345323741005,-0.8125144891406682,True,True,True,True,2239126.0,False,False
6187,2024-08-21,2024-09-02,2024,因連續3個營業日達本中心作業要點第四條第一項第一款,10,9,0.1272727272727272,0.1228477272727272,-0.007575757575757569,23.99204451249922,True,True,True,True,1114293.0,False,False
6187,2024-09-23,2024-10-07,2024,連續5個營業日及沖銷標準,10,9,0.1312500000000001,0.12682500000000008,-0.03020833333333328,26.57132292928148,True,True,True,True,824852.0,False,False
6187,2024-10-21,2024-11-01,2024,連續5個營業日,10,9,0.03555555555555556,0.031130555555555564,-0.053333333333333344,1.343277876737393,True,True,True,True,1924476.0,False,False
6187,2026-03-05,2026-03-17,2026,因連續3個營業日達本中心作業要點第四條第一項第一款,10,9,0.135,0.130575,-0.11499999999999999,29.236970283986523,True,True,True,True,2600773.0,False,False
6187,2026-03-10,2026-03-20,2026,因連續3個營業日達本中心作業要點第四條第一項第一款,10,9,0.4598930481283423,0.4554680481283423,-0.053475935828877,33716.24689404725,True,True,True,True,1026875.0,False,False
6187,2026-04-01,2026-04-15,2026,因連續3個營業日達本中心作業要點第四條第一項第一款,10,9,0.33844339622641506,0.33401839622641505,-0.009433962264150941,2996.2100678927345,True,True,True,True,1035735.0,False,False
6187,2026-06-22,2026-07-02,2026,最近10個營業日內有6個營業日,10,9,-0.22093023255813948,-0.2253552325581395,-0.25193798449612403,-0.9991691618406287,True,True,True,True,1157118.0,False,False
6188,2019-02-19,2019-03-05,2019,因連續3個營業日達本中心作業要點第四條第一項第一款,10,9,0.1447543160690572,0.1403293160690572,0.0,37.386163442595674,True,True,True,True,5615500.0,False,False
6197,2024-04-09,2024-04-19,2024,連續三次,10,9,-0.17575757575757578,-0.1801825757575758,-0.17575757575757578,-0.9959889875167106,True,False,True,False,3119673.0,False,True
6198,2023-05-23,2023-06-02,2023,因連續3個營業日達本中心作業要點第四條第一項第一款,10,9,0.05899705014749257,0.05457205014749257,-0.07079646017699115,3.3752929221606767,True,True,True,True,307913.0,False,False
6199,2021-06-08,2021-06-21,2021,因連續3個營業日達本中心作業要點第四條第一項第一款,10,9,-0.050000000000000044,-0.05442500000000004,-0.22272727272727266,-0.7887054125157965,True,True,True,True,150442.0,False,False
6199,2022-04-28,2022-05-11,2022,因連續3個營業日達本中心作業要點第四條第一項第一款,10,9,0.03749999999999987,0.03307499999999987,-0.08750000000000002,1.4691725613339752,True,True,True,True,313681.0,False,False
6199,2024-05-02,2024-05-14,2024,因連續3個營業日達本中心作業要點第四條第一項第一款,10,9,-0.05844155844155852,-0.06286655844155851,-0.12012987012987009,-0.835295087120428,True,True,True,True,16169.0,False,False
6199,2024-08-07,2024-08-19,2024,因連續3個營業日達本中心作業要點第四條第一項第一款,10,9,0.15458015267175584,0.15015515267175583,-0.003816793893129722,47.71678214916683,False,True,True,False,209099.0,True,False
6199,2024-08-12,2024-08-22,2024,因連續3個營業日達本中心作業要點第四條第一項第一款,10,9,-0.050075872534142696,-0.054500872534142694,-0.19575113808801226,-0.7891758565659651,True,True,True,True,95615.0,False,False
6204,2020-11-20,2020-12-02,2020,最近10個營業日內有6個營業日,10,9,-0.06938775510204087,-0.07381275510204087,-0.12244897959183676,-0.8811589312347694,True,True,True,True,326458.0,False,False
6204,2020-12-23,2021-01-05,2020,連續5個營業日,10,9,-0.06506849315068497,-0.06949349315068497,-0.08904109589041098,-0.8647632127780677,True,True,True,True,71246.0,False,False
6204,2023-12-04,2023-12-14,2023,因連續3個營業日達本中心作業要點第四條第一項第一款,10,9,0.11063829787234036,0.10621329787234036,-0.07659574468085106,15.509979105474045,True,True,True,True,286553.0,False,False
6205,2026-01-06,2026-01-16,2025,連續三次,10,9,-0.017006802721088454,-0.021431802721088453,-0.04251700680272108,-0.45217531861727667,True,True,True,True,736929.0,False,False
6207,2024-04-15,2024-04-25,2024,因連續3個營業日達本中心作業要點第四條第一項第一款,10,9,0.11754966887417218,0.11312466887417218,-0.1241721854304636,18.62833876665147,True,True,True,True,2669610.0,False,False
6208,2026-04-23,2026-05-06,2026,因連續3個營業日達本中心作業要點第四條第一項第一款,10,9,-0.15505617977528086,-0.15948117977528087,-0.1573033707865169,-0.9919814541230385,True,True,True,True,2549394.0,False,True
6209,2020-06-30,2020-07-10,2020,連續三次,10,9,0.009584664536741228,0.005159664536741227,-0.004792332268370725,0.15367849638866637,True,True,True,True,1680093.0,False,False
6212,2018-05-22,2018-06-01,2018,因連續3個營業日達本中心作業要點第四條第一項第一款,10,9,0.10000000000000009,0.09557500000000009,-0.06730769230769229,11.623210355554605,True,True,True,True,550722.0,False,False
6213,2025-08-26,2025-09-05,2025,連續五次,10,9,-0.004098360655737654,-0.008523360655737654,-0.032786885245901676,-0.21161977304542667,True,True,True,True,5566161.0,False,False
6213,2026-04-27,2026-05-12,2026,連續三次及當日沖銷標準,12,11,0.008833922261484162,0.004408922261484162,-0.12720848056537104,0.10515161385584038,True,True,True,True,11357896.0,False,False
6215,2025-02-14,2025-03-03,2025,連續五次及當日沖銷標準,12,11,-0.12643678160919536,-0.13086178160919537,-0.12643678160919536,-0.9587279896144184,True,False,True,False,1336291.0,False,True
6215,2025-08-19,2025-09-02,2025,連續五次及當日沖銷標準,12,11,-0.16666666666666663,-0.17109166666666664,-0.16666666666666663,-0.985943566849499,True,False,True,False,2475794.0,False,True
6217,2026-03-05,2026-03-17,2026,因連續3個營業日達本中心作業要點第四條第一項第一款,10,9,0.52,0.515575,-0.049000000000000044,103761.3502631511,True,True,True,True,5723704.0,False,False
6217,2026-03-24,2026-04-07,2026,因連續3個營業日達本中心作業要點第四條第一項第一款,10,9,0.1049723756906078,0.1005473756906078,-0.149171270718232,13.315232426505933,True,True,True,True,5953281.0,False,False
6217,2026-04-16,2026-04-28,2026,連續5個營業日,10,9,0.1924778761061947,0.1880528761061947,-0.0663716814159292,118.88680580985994,True,True,True,True,2181628.0,False,False
6217,2026-04-29,2026-05-12,2026,因連續3個營業日達本中心作業要點第四條第一項第一款,10,9,0.16981132075471694,0.16538632075471693,-0.016981132075471694,69.2079928215319,True,True,True,True,1293663.0,False,False
6217,2026-05-22,2026-06-03,2026,連續5個營業日,10,9,0.1450980392156862,0.1406730392156862,0.0,37.7088674794668,True,True,True,True,1695014.0,False,False
6217,2026-07-08,2026-07-21,2026,最近10個營業日內有6個營業日,10,9,-0.3087934560327198,-0.3132184560327198,-0.34764826175869123,-0.9999706786629005,True,True,True,True,848857.0,False,False
6217,2026-07-27,2026-08-06,2026,連續3個營業日,10,9,0.17028985507246386,0.16586485507246385,-0.32173913043478264,70.01321688749628,True,True,True,True,432608.0,False,False
6217,2026-07-30,2026-08-10,2026,連續3個營業日,9,8,0.625615763546798,0.621190763546798,-0.077832512315271,3608412.2903496916,True,True,True,True,332193.0,False,False
6217,2026-08-04,2026-08-10,2026,連續3個營業日,6,5,0.30952380952380953,0.3050988095238095,0.0,605576.4235446698,True,True,True,True,486778.0,False,False
6218,2024-07-16,2024-07-26,2024,因連續3個營業日達本中心作業要點第四條第一項第一款,8,7,-0.10790273556231,-0.11232773556231,-0.11398176291793316,-0.9858133330595056,True,True,True,True,703869.0,False,False
6218,2026-04-16,2026-04-28,2026,因連續3個營業日達本中心作業要點第四條第一項第一款,10,9,0.007042253521126751,0.002617253521126751,-0.147887323943662,0.0753073344845272,True,True,True,True,1457190.0,False,False
6222,2020-03-10,2020-03-20,2020,因連續3個營業日達本中心作業要點第四條第一項第一款,10,9,0.12400000000000011,0.11957500000000011,-0.06400000000000006,22.045634555557072,True,True,True,True,1000.0,False,False
6222,2023-08-30,2023-09-11,2023,因連續3個營業日達本中心作業要點第四條第一項第一款,10,9,0.23185011709601877,0.22742511709601876,-0.03512880562060894,295.5401501318978,True,True,True,True,290970.0,False,False
6222,2023-12-14,2023-12-26,2023,因連續3個營業日達本中心作業要點第四條第一項第一款,10,9,-0.03333333333333344,-0.037758333333333435,-0.03333333333333344,-0.6567021578930234,True,False,True,False,268246.0,False,True
6223,2020-07-09,2020-07-21,2020,因連續3個營業日達本中心作業要點第四條第一項第一款,10,9,-0.04593639575971731,-0.050361395759717306,-0.15194346289752647,-0.761975785985681,False,True,True,False,9484010.0,True,False
6223,2020-07-14,2020-07-24,2020,因連續3個營業日達本中心作業要點第四條第一項第一款,10,9,0.1557971014492754,0.15137210144927538,-0.13043478260869568,49.169083386249305,True,True,True,True,1733381.0,False,False
6224,2026-04-22,2026-05-05,2026,連續三次,10,9,0.3656462585034015,0.3612212585034015,-0.013605442176870652,5250.003457504227,True,True,True,True,552532.0,False,False
6225,2018-06-01,2018-06-13,2018,連續三次,10,9,-0.3278985507246376,-0.3323235507246376,-0.32971014492753614,-0.9999866083238462,True,True,True,True,67563.0,False,False
6225,2022-01-19,2022-02-09,2022,連續三次,10,9,-0.014508928571428603,-0.0189339285714286,-0.06584821428571441,-0.41197469367151784,True,True,True,True,18033.0,False,False
6225,2022-07-13,2022-07-25,2022,連續三次,10,9,0.6072072072072072,0.6027822072072072,-0.07927927927927925,490860.1758172837,True,True,True,True,70007.0,False,False
6225,2022-07-29,2022-08-10,2022,連續三次,10,9,0.08695652173913038,0.08253152173913038,-0.07322654462242573,8.050696017621053,False,True,True,False,69514.0,True,False
6226,2021-07-29,2021-08-10,2021,連續三次,10,9,0.01863354037267073,0.014208540372670731,-0.018633540372670843,0.4797956910892873,True,True,True,True,7721610.0,False,False
6226,2026-03-24,2026-04-07,2026,連續三次,10,9,-0.240677966101695,-0.24510296610169502,-0.2677966101694915,-0.9995944987535079,False,True,True,False,2059341.0,True,False
6226,2026-07-02,2026-07-15,2026,連續三次,10,9,0.04315196998123838,0.03872696998123838,-0.15947467166979368,1.8732435741128013,False,True,True,False,2976267.0,True,False
6226,2026-07-07,2026-07-20,2026,連續三次,10,9,-0.1470588235294118,-0.1514838235294118,-0.1470588235294118,-0.9895687382833904,True,False,True,False,4491717.0,False,True
6227,2024-03-08,2024-03-20,2024,因連續3個營業日達本中心作業要點第四條第一項第一款,10,9,-0.22401171303074663,-0.22843671303074664,-0.25183016105417266,-0.9992562412781403,True,True,True,True,2738663.0,False,False
6227,2025-03-24,2025-04-09,2025,連續3個營業日及沖銷標準,12,11,-0.4429629629629629,-0.4473879629629629,-0.4429629629629629,-0.9999986006806812,True,False,True,False,988208.0,False,True
6228,2020-07-15,2020-07-27,2020,因連續3個營業日達本中心作業要點第四條第一項第一款,10,9,-0.1322314049586778,-0.1366564049586778,-0.18536009445100354,-0.9831218747226664,True,True,True,True,128326.0,False,False
6228,2021-01-20,2021-02-01,2021,因連續3個營業日達本中心作業要點第四條第一項第一款,10,9,-0.13043478260869568,-0.1348597826086957,-0.17184265010351973,-0.9821185466069905,True,True,True,True,126510.0,False,False
6228,2022-01-06,2022-01-18,2022,因連續3個營業日達本中心作業要點第四條第一項第一款,10,9,-0.11702127659574468,-0.12144627659574468,-0.13031914893617014,-0.972583690703121,True,True,True,True,233319.0,False,False
6228,2024-06-14,2024-06-26,2024,因連續3個營業日達本中心作業要點第四條第一項第一款,10,9,-0.03337612323491668,-0.037801123234916675,-0.051347881899871606,-0.6571259639398634,True,True,True,True,180069.0,False,False
6228,2024-08-02,2024-08-14,2024,因連續3個營業日達本中心作業要點第四條第一項第一款,10,9,-0.22721268163804498,-0.231637681638045,-0.26023778071334214,-0.9993373573332661,True,False,True,False,242757.0,False,True
6228,2025-04-22,2025-05-05,2025,因連續3個營業日達本中心作業要點第四條第一項第一款,10,9,0.0776914539400666,0.0732664539400666,-0.06992230854605985,6.128327520723371,True,False,True,False,403783.0,False,True
6229,2020-08-05,2020-08-17,2020,因連續3個營業日達本中心作業要點第四條第一項第一款,10,9,-0.018099547511312264,-0.022524547511312262,-0.1131221719457014,-0.46891654830990914,True,True,True,True,856358.0,False,False
6229,2020-09-08,2020-09-18,2020,因連續3個營業日達本中心作業要點第四條第一項第一款,10,9,-0.11073253833049401,-0.11515753833049401,-0.11243611584327085,-0.9665763161920565,True,True,True,True,768051.0,False,False
6229,2021-07-23,2021-08-04,2021,因連續3個營業日達本中心作業要點第四條第一項第一款,10,9,-0.05303030303030298,-0.05745530303030298,-0.13636363636363624,-0.8067295769554901,True,True,True,True,3695140.0,False,False
6229,2024-02-15,2024-03-01,2024,連續3個營業日及沖銷標準,12,11,0.10379746835443049,0.09937246835443049,-0.029113924050632844,7.612126089324095,True,True,True,True,887455.0,False,False
6230,2024-03-22,2024-04-03,2024,連續三次,10,9,-0.03685503685503688,-0.04128003685503688,-0.11547911547911549,-0.6899454751714094,True,True,True,True,223086.0,False,False
6230,2024-05-07,2024-05-17,2024,最近十個營業日已有六次,10,9,0.015898251192368873,0.011473251192368873,-0.11764705882352944,0.3728474536078459,True,True,True,True,402288.0,False,False
6230,2026-03-11,2026-03-23,2026,連續五次,10,9,-0.05714285714285716,-0.06156785714285716,-0.07714285714285718,-0.8288357012165569,True,True,True,True,149055.0,False,False
6231,2019-09-02,2019-09-12,2019,因連續3個營業日達本中心作業要點第四條第一項第一款,10,9,-0.19060052219321144,-0.19502552219321145,-0.19190600522193202,-0.99758544880928,True,True,True,True,1832548.0,False,False
6231,2019-09-05,2019-09-18,2019,因連續3個營業日達本中心作業要點第四條第一項第一款,10,9,-0.09782608695652184,-0.10225108695652184,-0.10559006211180133,-0.9500256806043257,True,True,True,True,1425399.0,False,False
6231,2024-01-03,2024-01-17,2023,連續3個營業日及沖銷標準,12,11,-0.03874538745387457,-0.04317038745387457,-0.06088560885608851,-0.6332054269231316,True,True,True,True,983079.0,False,False
6231,2024-06-04,2024-06-17,2024,因連續3個營業日達本中心作業要點第四條第一項第一款,10,9,0.14343707713125853,0.13901207713125852,-0.023004059539918797,36.173320926064534,True,True,True,True,629052.0,False,False
6231,2024-07-15,2024-07-26,2024,最近10個營業日內有6個營業日,9,8,-0.025945945945945903,-0.0303709459459459,-0.06486486486486487,-0.6185605275888422,True,True,True,True,421863.0,False,False
6231,2024-09-19,2024-10-01,2024,最近10個營業日內有6個營業日,10,9,0.0,-0.004425,-0.017612524461839585,-0.11590382297714663,True,True,True,True,345549.0,False,False
6233,2020-03-24,2020-04-07,2020,因連續3個營業日達本中心作業要點第四條第一項第一款,10,9,0.46411483253588526,0.45968983253588525,0.0,36541.13948451625,True,True,True,True,501000.0,False,False
6233,2020-09-22,2020-10-06,2020,因連續3個營業日達本中心作業要點第四條第一項第一款,10,9,-0.048387096774193505,-0.052812096774193504,-0.1370967741935485,-0.7784619061059973,True,True,True,True,4364272.0,False,False
6234,2026-05-07,2026-05-19,2026,因連續3個營業日達本中心作業要點第四條第一項第一款,10,9,-0.22845528455284547,-0.23288028455284548,-0.22845528455284547,-0.9993664892124241,True,False,True,False,2567575.0,False,True
6235,2021-12-13,2021-12-23,2021,連續三次,10,9,0.05990783410138256,0.055482834101382564,-0.06144393241167423,3.4814805381834137,True,True,True,True,13645216.0,False,False
6235,2023-04-27,2023-05-10,2023,最近十個營業日已有六次,10,9,0.02130044843049328,0.01687544843049328,-0.005605381165919243,0.5917771724185152,True,True,True,True,2630580.0,False,False
6235,2023-06-26,2023-07-10,2023,連續五次及當日沖銷標準,12,11,0.03947368421052633,0.03504868421052633,-0.046052631578947345,1.1878506529643524,True,True,True,True,1516801.0,False,False
6236,2018-04-18,2018-04-30,2018,因連續3個營業日達本中心作業要點第四條第一項第一款,10,9,-0.014869888475836368,-0.019294888475836366,-0.048327137546468335,-0.41795490221528253,True,True,True,True,67002.0,False,False
6236,2018-04-23,2018-05-04,2018,因連續3個營業日達本中心作業要點第四條第一項第一款,10,9,-0.13793103448275867,-0.1423560344827587,-0.15172413793103445,-0.9859583652292305,True,True,True,True,5000.0,False,False
6236,2020-07-21,2020-07-31,2020,因連續3個營業日達本中心作業要點第四條第一項第一款,10,9,0.2114771519659937,0.2070521519659937,0.0,185.28060052255762,True,True,True,True,56092.0,False,False
6236,2023-09-15,2023-09-27,2023,因連續3個營業日達本中心作業要點第四條第一項第一款,10,9,0.06607142857142856,0.06164642857142856,-0.010714285714285787,4.2682208778990205,True,True,True,True,32000.0,False,False
6237,2018-03-02,2018-03-14,2018,因連續3個營業日達本中心作業要點第四條第一項第一款,10,9,0.031205673758865293,0.026780673758865295,-0.052482269503546175,1.0836491974594762,True,False,True,False,4385604.0,False,True
6237,2020-03-24,2020-04-07,2020,因連續3個營業日達本中心作業要點第四條第一項第一款,10,9,0.14942528735632177,0.14500028735632176,-0.002089864158829613,42.00201126145759,True,True,True,True,63081.0,False,False
6237,2020-06-04,2020-06-16,2020,連續5個營業日,10,9,0.13157894736842102,0.127153947368421,-0.08771929824561409,26.795774910961057,True,True,True,True,1619140.0,False,False
6237,2020-08-11,2020-08-21,2020,最近10個營業日內有6個營業日,10,9,0.0,-0.004425,-0.0461538461538461,-0.11590382297714663,True,True,True,True,921956.0,False,False
6237,2020-09-07,2020-09-17,2020,因連續3個營業日達本中心作業要點第四條第一項第一款,10,9,0.09523809523809512,0.09081309523809512,-0.07359307359307377,10.184604700529695,True,True,True,True,2303151.0,False,False
6237,2020-12-30,2021-01-12,2020,因連續3個營業日達本中心作業要點第四條第一項第一款,10,9,0.018750000000000044,0.014325000000000044,-0.0737500000000001,0.4845230135679879,True,True,True,True,7211139.0,False,False
6237,2021-01-05,2021-01-15,2020,因連續3個營業日達本中心作業要點第四條第一項第一款,10,9,0.3082901554404145,0.3038651554404145,-0.032383419689119175,1587.209393712557,True,True,True,True,1420257.0,False,False
6237,2021-04-13,2021-04-23,2021,因連續3個營業日達本中心作業要點第四條第一項第一款,10,9,0.02310231023102305,0.01867731023102305,-0.09240924092409242,0.672013588721897,True,True,True,True,5101987.0,False,False
6239,2026-06-02,2026-06-12,2026,連續三次,10,9,-0.05953991880920162,-0.06396491880920162,-0.1989174560216509,-0.8405740371502084,True,True,True,True,24564465.0,False,False
6240,2018-03-05,2018-03-15,2018,因連續3個營業日達本中心作業要點第四條第一項第一款,10,9,0.14232209737827728,0.13789709737827727,-0.0074906367041198685,35.17565287278209,True,True,True,True,3053867.0,False,False
6240,2018-03-08,2018-03-20,2018,因連續3個營業日達本中心作業要點第四條第一項第一款,10,9,-0.1264705882352941,-0.13089558823529412,-0.1926470588235294,-0.9796972768885821,True,True,True,True,375789.0,False,False
6240,2018-03-13,2018-03-23,2018,因連續3個營業日達本中心作業要點第四條第一項第一款,10,9,0.23011844331641296,0.22569344331641294,-0.07106598984771573,284.1357994003017,True,True,True,True,128064.0,False,False
6240,2018-04-02,2018-04-17,2018,因連續3個營業日達本中心作業要點第四條第一項第一款,10,9,-0.06184210526315792,-0.06626710526315792,-0.06184210526315792,-0.8511147626120511,True,False,True,False,182313.0,False,True
6240,2018-08-13,2018-08-23,2018,因連續3個營業日達本中心作業要點第四條第一項第一款,10,9,-0.10997963340122197,-0.11440463340122196,-0.2240325865580448,-0.9657772519830572,True,True,True,True,33000.0,False,False
6240,2018-08-16,2018-08-28,2018,因連續3個營業日達本中心作業要點第四條第一項第一款,10,9,-0.0797665369649806,-0.08419153696498059,-0.25875486381322954,-0.913100330174321,True,True,True,True,59040.0,False,False
6240,2018-11-27,2018-12-07,2018,因連續3個營業日達本中心作業要點第四條第一項第一款,10,9,0.3340909090909092,0.3296659090909092,0.0,2736.11229387966,True,True,True,True,334000.0,False,False
6240,2019-05-21,2019-05-31,2019,因連續3個營業日達本中心作業要點第四條第一項第一款,10,9,-0.021472392638036908,-0.025897392638036906,-0.042944785276073705,-0.5175369584236966,True,True,True,True,117000.0,False,False
6240,2022-03-30,2022-04-13,2022,因連續3個營業日達本中心作業要點第四條第一項第一款,10,9,-0.15798611111111116,-0.16241111111111117,-0.16319444444444442,-0.9927227104711119,True,True,True,True,795960.0,False,False
6241,2020-07-23,2020-08-04,2020,因連續3個營業日達本中心作業要點第四條第一項第一款,10,9,-0.09466019417475746,-0.09908519417475746,-0.1747572815533981,-0.9448920110163047,True,True,True,True,94000.0,False,False
6241,2022-03-30,2022-04-13,2022,因連續3個營業日達本中心作業要點第四條第一項第一款,10,9,0.06951871657754016,0.06509371657754016,-0.12165775401069512,4.764648752832142,True,True,True,True,2123944.0,False,False
6241,2022-05-10,2022-05-20,2022,連續5個營業日,10,9,-0.07376058041112465,-0.07818558041112465,-0.3035066505441354,-0.8957982707566707,True,True,True,True,346339.0,False,False
6241,2026-06-22,2026-07-02,2026,因連續3個營業日達本中心作業要點第四條第一項第一款,10,9,0.03103448275862064,0.026609482758620642,-0.03448275862068961,1.0740207517038716,True,True,True,True,307134.0,False,False
6242,2021-05-28,2021-06-09,2021,因連續3個營業日達本中心作業要點第四條第一項第一款,10,9,-0.03488372093023262,-0.03930872093023262,-0.13455149501661134,-0.671739967451267,True,True,True,True,409601.0,False,False
6242,2022-04-21,2022-05-04,2022,因連續3個營業日達本中心作業要點第四條第一項第一款,10,9,0.18529862174578882,0.1808736217457888,-0.07350689127105658,100.30959906518657,True,True,True,True,399319.0,False,False
6243,2026-07-01,2026-07-14,2026,連續三次,10,9,-0.01977750309023496,-0.02420250309023496,-0.10877626699629184,-0.4936671509041195,True,True,True,True,406284.0,False,False
6244,2020-08-18,2020-08-28,2020,因連續3個營業日達本中心作業要點第四條第一項第一款,10,9,0.12021857923497259,0.11579357923497259,-0.180327868852459,19.978471022212247,True,True,True,True,30749439.0,False,False
6244,2020-08-21,2020-09-02,2020,因連續3個營業日達本中心作業要點第四條第一項第一款,10,9,0.3508771929824561,0.3464521929824561,-0.01754385964912286,3877.2621935084967,True,True,True,True,11381010.0,False,False
6244,2020-12-03,2020-12-15,2020,最近10個營業日內有6個營業日,10,9,-0.06515580736543902,-0.06958080736543902,-0.08640226628895176,-0.865115269267684,True,True,True,True,3837534.0,False,False
6246,2020-09-21,2020-10-05,2020,因連續3個營業日達本中心作業要點第四條第一項第一款,10,9,-0.13109756097560965,-0.13552256097560966,-0.1402439024390243,-0.9824951931629081,True,True,True,True,466438.0,False,False
6246,2024-10-09,2024-10-22,2024,因連續3個營業日達本中心作業要點第四條第一項第一款,10,9,-0.0573613766730402,-0.0617863766730402,-0.10133843212237093,-0.829939385032133,True,True,True,True,531282.0,False,False
6247,2018-03-06,2018-03-16,2018,因連續3個營業日達本中心作業要點第四條第一項第一款,10,9,0.016891891891891886,0.012466891891891886,-0.09797297297297303,0.4108067013244301,True,True,True,True,105030.0,False,False
6247,2022-10-25,2022-11-04,2022,因連續3個營業日達本中心作業要點第四條第一項第一款,10,9,0.003278688524590123,-0.001146311475409877,-0.003278688524590234,-0.03135805947798165,True,True,True,True,151967.0,False,False
6259,2021-10-05,2021-10-18,2021,因連續3個營業日達本中心作業要點第四條第一項第一款,10,9,0.10321100917431192,0.09878600917431192,-0.052752293577981724,12.692273991481056,True,True,True,True,281862.0,False,False
6263,2026-05-19,2026-05-29,2026,因連續3個營業日達本中心作業要點第四條第一項第一款,10,9,0.005633802816901401,0.0012088028169014008,-0.05352112676056342,0.0341269848323984,True,True,True,True,177900.0,False,False
6264,2024-05-06,2024-05-16,2024,因連續3個營業日達本中心作業要點第四條第一項第一款,10,9,-0.13190184049079756,-0.13632684049079757,-0.254601226993865,-0.9829419877641543,True,True,True,True,1867181.0,False,False
6265,2025-11-19,2025-12-01,2025,因連續3個營業日達本中心作業要點第四條第一項第一款,10,9,-0.05645161290322587,-0.060876612903225866,-0.1263440860215055,-0.8252987553607483,True,True,True,True,3064108.0,False,False
6265,2026-01-07,2026-01-19,2026,因連續3個營業日達本中心作業要點第四條第一項第一款,10,9,0.5290697674418605,0.5246447674418605,-0.023255813953488302,122465.84924750763,True,True,True,True,5495054.0,False,False
6271,2026-06-01,2026-06-11,2026,連續三次,10,9,-0.13888888888888884,-0.14331388888888885,-0.18055555555555558,-0.9863875331832532,True,True,True,True,2612029.0,False,False
6274,2026-04-21,2026-05-04,2026,因連續3個營業日達本中心作業要點第四條第一項第一款,10,9,0.15745568300312818,0.15303068300312817,-0.08237747653806049,51.21578210884063,True,True,True,True,3074315.0,False,False
6274,2026-05-13,2026-05-25,2026,因連續3個營業日達本中心作業要點第四條第一項第一款,10,9,0.1469534050179211,0.14252840501792108,-0.1469534050179212,39.49643904693017,True,True,True,True,1966455.0,False,False
6274,2026-08-12,2026-08-17,2026,連續3個營業日,5,4,0.012658227848101333,0.008233227848101333,-0.034810126582278444,0.6694095189634195,True,True,True,True,2421683.0,False,False
6276,2023-05-16,2023-05-26,2023,因連續3個營業日達本中心作業要點第四條第一項第一款,10,9,0.016901408450704203,0.012476408450704203,-0.030985915492957816,0.4111751006057067,True,True,True,True,1389242.0,False,False
6276,2023-05-19,2023-06-02,2023,連續3個營業日及沖銷標準,12,11,0.024967148488830526,0.020542148488830528,-0.06701708278580809,0.5874619126601284,True,True,True,True,419993.0,False,False
6276,2025-02-21,2025-03-06,2025,因連續3個營業日達本中心作業要點第四條第一項第一款,10,9,0.003841229193342066,-0.000583770806657934,-0.003841229193341844,-0.016089745391023924,True,True,True,True,117369.0,False,False
6276,2025-06-13,2025-06-27,2025,連續5個營業日及沖銷標準,12,11,0.030927835051546282,0.026502835051546283,-0.04467353951890041,0.8121130970351891,True,True,True,True,239523.0,False,False
6278,2026-04-22,2026-05-05,2026,連續三次,10,9,0.15987460815047028,0.15544960815047026,-0.1724137931034483,54.34566384143465,True,True,True,True,5843637.0,False,False
6283,2020-03-23,2020-04-06,2020,連續三次,10,9,0.21900826446280997,0.21458326446280995,-0.06198347107438018,220.41272481201372,True,True,True,True,135150.0,False,False
6283,2020-10-12,2020-10-22,2020,連續三次,10,9,-0.0544303797468354,-0.0588553797468354,-0.09620253164556958,-0.8145476523343935,True,True,True,True,2585366.0,False,False
6283,2021-03-26,2021-04-09,2021,連續三次,10,9,0.08652246256239593,0.08209746256239593,-0.02329450915141429,7.950428991412311,True,False,True,False,2689322.0,False,True
6283,2024-04-23,2024-05-06,2024,連續三次,10,9,0.23116438356164393,0.22673938356164391,0.0,290.97246368287875,True,True,True,True,794464.0,False,False
6283,2025-08-21,2025-09-02,2025,連續三次,10,9,0.009124087591240837,0.004699087591240837,-0.031021897810218912,0.1390840582794175,True,True,True,True,312394.0,False,False
6284,2018-04-18,2018-04-30,2018,因連續3個營業日達本中心作業要點第四條第一項第一款,10,9,-0.017421602787456414,-0.021846602787456412,-0.04761904761904756,-0.45858924582743776,True,True,True,True,2134260.0,False,False
6287,2020-12-21,2020-12-31,2020,因連續3個營業日達本中心作業要點第四條第一項第一款,10,9,0.35593220338983045,0.35150720338983044,0.0,4302.714627486158,True,True,True,True,343618.0,False,False
6287,2021-07-14,2021-07-26,2021,因連續3個營業日達本中心作業要點第四條第一項第一款,10,9,0.18587360594795532,0.1814486059479553,-0.141263940520446,101.68882200719987,True,True,True,True,552155.0,False,False
6287,2022-10-18,2022-10-28,2022,因連續3個營業日達本中心作業要點第四條第一項第一款,10,9,0.17948717948717952,0.1750621794871795,-0.01025641025641022,87.33537867858394,True,True,True,True,11300.0,False,False
6289,2020-09-22,2020-10-06,2020,連續五次,10,9,-0.3023255813953488,-0.30675058139534883,-0.34573643410852717,-0.9999619579178955,True,True,True,True,1087891.0,True,False
6289,2020-09-25,2020-10-12,2020,連續三次,10,9,-0.35,-0.354425,-0.3593750000000001,-0.999994742954022,True,True,True,True,560784.0,False,False
6291,2018-04-20,2018-05-03,2018,因連續3個營業日達本中心作業要點第四條第一項第一款,10,9,-0.136986301369863,-0.14141130136986302,-0.136986301369863,-0.9855223156979802,True,False,True,False,8173.0,False,True
6291,2021-07-30,2021-08-11,2021,因連續3個營業日達本中心作業要點第四條第一項第一款,10,9,-0.16481069042316254,-0.16923569042316255,-0.19376391982182617,-0.9942020686190918,True,True,True,True,80192.0,False,False
6291,2023-03-21,2023-03-31,2023,因連續3個營業日達本中心作業要點第四條第一項第一款,10,9,-0.07641196013289031,-0.08083696013289031,-0.09966777408637872,-0.9038107660766012,True,True,True,True,73976.0,False,False
6291,2023-06-06,2023-06-16,2023,因連續3個營業日達本中心作業要點第四條第一項第一款,10,9,0.10699588477366251,0.10257088477366251,-0.012345679012345734,14.0646445699485,True,True,True,True,65647.0,False,False
6291,2025-08-01,2025-08-13,2025,因連續3個營業日達本中心作業要點第四條第一項第一款,10,9,0.06909090909090909,0.0646659090909091,-0.047272727272727244,4.700675690931114,True,True,True,True,646078.0,False,False
6291,2026-06-03,2026-06-15,2026,因連續3個營業日達本中心作業要點第四條第一項第一款,10,9,-0.11605723370429255,-0.12048223370429255,-0.27344992050874406,-0.9717356272874893,True,True,True,True,384088.0,False,False
6404,2020-07-21,2020-07-31,2020,因連續3個營業日達本中心作業要點第四條第一項第一款,10,9,-0.15087719298245617,-0.15530219298245618,-0.2421052631578947,-0.99079705445572,True,True,True,True,83017.0,False,False
6404,2020-07-24,2020-08-05,2020,因連續3個營業日達本中心作業要點第四條第一項第一款,10,9,-0.1523297491039426,-0.1567547491039426,-0.22580645161290314,-0.9912266794265799,True,True,True,True,34017.0,False,False
6404,2020-09-17,2020-09-29,2020,因連續3個營業日達本中心作業要點第四條第一項第一款,10,9,-0.17066290550070518,-0.1750879055007052,-0.23131170662905498,-0.9952357903604634,True,True,True,True,14000.0,False,False
6404,2021-04-29,2021-05-12,2021,因連續3個營業日達本中心作業要點第四條第一項第一款,10,9,-0.02375000000000005,-0.028175000000000047,-0.06000000000000005,-0.5479108507065453,True,True,True,True,59013.0,False,False
6404,2023-10-30,2023-11-09,2023,因連續3個營業日達本中心作業要點第四條第一項第一款,10,9,-0.002200220022002153,-0.006625220022002153,-0.04290429042904298,-0.16860164278237,True,True,True,True,115945.0,False,False
6404,2023-11-02,2023-11-14,2023,因連續3個營業日達本中心作業要點第四條第一項第一款,10,9,-0.2146439317953862,-0.21906893179538622,-0.2146439317953862,-0.9989600332104089,True,False,True,False,37103.0,False,True
6405,2026-05-08,2026-05-20,2026,連續三次,10,9,-0.15213946117274169,-0.1565644611727417,-0.16640253565768626,-0.9911715184992722,True,True,True,True,2973689.0,False,False
6405,2026-05-13,2026-05-25,2026,連續三次,10,9,0.17948717948717952,0.1750621794871795,-0.10085470085470083,87.33537867858394,True,True,True,True,718572.0,False,False
6405,2026-06-02,2026-06-12,2026,連續三次,10,9,-0.136986301369863,-0.14141130136986302,-0.20174346201743465,-0.9855223156979802,True,True,True,True,397359.0,False,False
6414,2018-08-23,2018-09-04,2018,連續三次,10,9,0.04393673110720564,0.03951173110720564,-0.005272407732864637,1.934155923318733,True,True,True,True,248277.0,False,False
6414,2020-03-25,2020-04-08,2020,連續三次,10,9,0.15625,0.151825,-0.04166666666666663,49.720154762994795,False,True,True,False,864612.0,True,False
6415,2020-04-01,2020-04-15,2020,連續三次,10,9,0.1499999999999999,0.1455749999999999,0.0,42.605616220508004,True,True,True,True,246100.0,False,False
6415,2026-04-28,2026-05-11,2026,連續三次,10,9,0.11428571428571432,0.10986071428571433,-0.06904761904761902,17.090799016010372,True,True,True,True,4039253.0,False,False
6415,2026-06-26,2026-07-08,2026,連續三次,10,9,-0.0708263069139966,-0.0752513069139966,-0.11298482293423273,-0.8861810389299075,True,True,True,True,3325683.0,False,False
6418,2025-08-22,2025-09-03,2025,因連續3個營業日達本中心作業要點第四條第一項第一款,10,9,0.14655172413793105,0.14212672413793104,-0.09195402298850563,39.10281142938049,True,True,True,True,765547.0,False,False
6418,2025-09-12,2025-09-24,2025,因連續3個營業日達本中心作業要點第四條第一項第一款,10,9,0.3392504930966469,0.3348254930966469,-0.06607495069033531,3046.9909848299935,True,True,True,True,332481.0,False,False
6418,2025-10-03,2025-10-21,2025,連續3個營業日及沖銷標準,12,11,-0.05442176870748294,-0.05884676870748294,-0.0680272108843537,-0.7480169604511389,True,True,True,True,413694.0,False,False
6419,2020-09-14,2020-09-24,2020,因連續3個營業日達本中心作業要點第四條第一項第一款,10,9,0.05198776758409762,0.04756276758409762,0.0,2.635440704306355,True,True,True,True,47954.0,False,False
6419,2021-08-27,2021-09-08,2021,因連續3個營業日達本中心作業要點第四條第一項第一款,10,9,0.013559322033898313,0.009134322033898313,-0.10734463276836159,0.2873416365787389,False,True,True,False,906614.0,True,False
6419,2021-09-01,2021-09-13,2021,因連續3個營業日達本中心作業要點第四條第一項第一款,10,9,-0.08602150537634412,-0.09044650537634412,-0.08602150537634412,-0.9281643229536399,True,False,True,False,203693.0,False,True
6419,2023-07-18,2023-07-28,2023,因連續3個營業日達本中心作業要點第四條第一項第一款,10,9,-0.19517543859649122,-0.19960043859649124,-0.23684210526315796,-0.9979389954812342,True,True,True,True,98553.0,False,False
6419,2023-10-23,2023-11-02,2023,因連續3個營業日達本中心作業要點第四條第一項第一款,10,9,0.17340067340067344,0.16897567340067343,-0.048821548821548766,75.46899372097432,True,True,True,True,291007.0,False,False
6419,2024-05-14,2024-05-24,2024,因連續3個營業日達本中心作業要點第四條第一項第一款,10,9,0.29047619047619055,0.28605119047619054,-0.04761904761904767,1082.8059946192202,True,True,True,True,462273.0,False,False
6419,2024-05-21,2024-05-31,2024,因連續3個營業日達本中心作業要點第四條第一項第一款,10,9,0.07894736842105265,0.07452236842105266,-0.052631578947368474,6.363700724632385,True,True,True,True,100248.0,False,False
6419,2024-05-24,2024-06-05,2024,因連續3個營業日達本中心作業要點第四條第一項第一款,10,9,0.08712121212121215,0.08269621212121216,-0.045454545454545414,8.089021889083982,True,True,True,True,49180.0,False,False
6419,2026-04-22,2026-05-05,2026,因連續3個營業日達本中心作業要點第四條第一項第一款,10,9,-0.08012820512820518,-0.08455320512820517,-0.16666666666666663,-0.9140485884568967,False,False,True,False,903028.0,True,True
6423,2026-04-28,2026-05-11,2026,因連續3個營業日達本中心作業要點第四條第一項第一款,10,9,0.1959798994974875,0.1915548994974875,-0.011055276381909507,129.10061641924102,True,True,True,True,160238.0,False,False
6425,2024-01-22,2024-02-01,2024,因連續3個營業日達本中心作業要點第四條第一項第一款,10,9,0.33333333333333326,0.32890833333333325,-0.040909090909091006,2693.122604882191,True,True,True,True,583501.0,False,False
6425,2024-02-27,2024-03-11,2024,因連續3個營業日達本中心作業要點第四條第一項第一款,10,9,-0.13181818181818183,-0.13624318181818185,-0.13181818181818183,-0.9828960308556047,True,False,True,False,486517.0,False,True
6425,2024-05-06,2024-05-16,2024,最近10個營業日內有6個營業日,10,9,0.037569060773480656,0.03314406077348066,-0.03204419889502774,1.4737617645518744,True,True,True,True,1018558.0,False,False
6426,2019-08-26,2019-09-05,2019,最近10個營業日內有6個營業日,10,9,-0.011235955056179803,-0.0156609550561798,-0.029962546816479363,-0.35497679334019283,True,True,True,True,724345.0,False,False
6426,2019-10-17,2019-10-29,2019,連續5個營業日,10,9,0.0037037037037037646,-0.0007212962962962356,-0.07407407407407407,-0.01984370727035889,True,True,True,True,210043.0,False,False
6426,2020-03-25,2020-04-08,2020,因連續3個營業日達本中心作業要點第四條第一項第一款,10,9,0.34278002699055343,0.3383550269905534,0.0,3278.974015858938,True,True,True,True,769297.0,False,False
6426,2024-12-12,2024-12-24,2024,連續三次,10,9,-0.17806841046277666,-0.18249341046277667,-0.17907444668008055,-0.9962914706371002,True,True,True,True,1526982.0,False,False
6426,2026-02-09,2026-03-05,2026,連續三次及當日沖銷標準,12,11,0.10546875,0.10104375,-0.01953125,7.914643912893807,True,True,True,True,1674642.0,False,False
6426,2026-03-04,2026-03-16,2026,連續三次,10,9,0.01298701298701288,0.00856201298701288,-0.2142857142857143,0.2672146477257453,True,True,True,True,937612.0,False,False
6426,2026-03-25,2026-04-08,2026,最近十個營業日已有六次,10,9,0.19727891156462585,0.19285391156462584,-0.07482993197278909,133.09848201688845,True,True,True,True,430058.0,False,False
6431,2024-07-01,2024-07-11,2024,連續三次,10,9,-0.07058823529411762,-0.07501323529411762,-0.10882352941176465,-0.8853642803277483,True,True,True,True,286495.0,False,False
6432,2018-06-05,2018-06-15,2018,因連續3個營業日達本中心作業要點第四條第一項第一款,10,9,0.20379965457685678,0.19937465457685677,-0.06735751295336789,155.02376371325198,True,True,True,True,602451.0,False,False
6432,2018-07-04,2018-07-16,2018,因連續3個營業日達本中心作業要點第四條第一項第一款,10,9,-0.04089979550102252,-0.045324795501022516,-0.06748466257668706,-0.724301422572437,True,False,True,False,508250.0,False,True
6441,2020-10-23,2020-11-04,2020,連續5個營業日,10,9,0.17508417508417518,0.17065917508417516,-0.013468013468013518,78.5877963233032,True,True,True,True,524489.0,False,False
6441,2020-11-13,2020-11-25,2020,連續5個營業日,10,9,0.14074074074074083,0.13631574074074082,0.0,33.80483033293776,True,True,True,True,1283287.0,False,False
6441,2021-11-08,2021-11-18,2021,因連續3個營業日達本中心作業要點第四條第一項第一款,10,9,0.12681159420289845,0.12238659420289845,-0.05253623188405809,23.70850175942694,True,True,True,True,416645.0,False,False
6441,2025-05-09,2025-05-21,2025,因連續3個營業日達本中心作業要點第四條第一項第一款,10,9,0.10940170940170946,0.10497670940170946,-0.02564102564102566,15.004917770025124,True,True,True,True,70336.0,False,False
6442,2023-07-25,2023-08-04,2023,連續三次,9,8,-0.1424766977363514,-0.14690169773635142,-0.14780292942743,-0.9930221572626035,True,True,True,True,446190.0,False,False
6442,2024-02-29,2024-03-14,2024,連續三次及當日沖銷標準,12,11,-0.16666666666666663,-0.17109166666666664,-0.16666666666666663,-0.985943566849499,True,False,True,False,604060.0,False,True
6442,2024-05-13,2024-05-27,2024,連續五次及當日沖銷標準,12,11,0.032163742690058506,0.027738742690058507,-0.0292397660818714,0.8623530310795189,True,True,True,True,1270260.0,False,False
6442,2024-05-24,2024-06-05,2024,最近十個營業日已有六次,10,9,0.23964497041420119,0.23521997041420117,-0.014792899408283988,352.55167804538416,True,True,True,True,597185.0,False,False
6442,2024-06-14,2024-06-28,2024,連續三次及當日沖銷標準,12,11,0.2794676806083649,0.2750426806083649,0.0,249.20106178067675,True,True,True,True,909413.0,False,False
6442,2024-07-22,2024-08-01,2024,最近十個營業日已有六次,8,7,-0.030000000000000027,-0.034425000000000025,-0.22299999999999998,-0.7138173415576844,True,True,True,True,178147.0,False,False
6442,2024-11-08,2024-11-20,2024,最近十個營業日已有六次,10,9,-0.06226415094339621,-0.06668915094339621,-0.10377358490566035,-0.8529728235349283,True,True,True,True,890464.0,False,False
6442,2024-12-18,2025-01-02,2024,連續五次及當日沖銷標準,12,11,0.08122743682310474,0.07680243682310474,-0.02527075812274371,4.374824786664074,True,True,True,True,452572.0,False,False
6442,2025-01-13,2025-02-03,2025,連續五次,10,9,-0.03898305084745768,-0.04340805084745768,-0.07627118644067798,-0.7085049719997181,True,False,True,False,976766.0,False,True
6442,2025-05-20,2025-06-02,2025,連續三次,10,9,-0.06792873051224946,-0.07235373051224946,-0.07126948775055675,-0.8758474561735143,True,True,True,True,302390.0,False,True
6442,2025-07-29,2025-08-12,2025,連續三次及當日沖銷標準,12,11,0.0741935483870968,0.0697685483870968,-0.0693548387096774,3.6310327062277716,True,True,True,True,1069540.0,False,False
6442,2025-12-03,2025-12-17,2025,連續五次及當日沖銷標準,12,11,-0.02409638554216864,-0.02852138554216864,-0.05622489959839361,-0.4819258465392612,True,True,True,True,1006920.0,False,False
6442,2026-02-06,2026-03-02,2026,最近十個營業日已有六次,10,9,0.4186746987951808,0.4142496987951808,-0.03915662650602414,15179.302096996575,True,True,True,True,1159859.0,False,False
6442,2026-03-11,2026-03-23,2026,連續五次,10,9,0.06628242074927959,0.06185742074927959,-0.06340057636887608,4.297381983303499,True,False,True,False,932849.0,False,True
6442,2026-04-24,2026-05-07,2026,最近十個營業日已有六次,10,9,0.03712871287128716,0.03270371287128716,-0.15841584158415845,1.4446402425610092,True,True,True,True,2252058.0,False,False
6442,2026-06-10,2026-06-23,2026,最近十個營業日已有六次,10,9,-0.04578313253012045,-0.05020813253012045,-0.17831325301204815,-0.7609063938586558,True,True,True,True,1710409.0,False,False
6443,2020-07-21,2020-07-31,2020,連續三次,10,9,0.15000000000000013,0.14557500000000012,-0.13928571428571423,42.605616220508004,True,True,True,True,15562422.0,False,False
6443,2020-10-19,2020-10-29,2020,連續三次,10,9,0.13521126760563362,0.1307862676056336,-0.04225352112676062,29.394316488678736,True,True,True,True,17723812.0,False,False
6443,2020-12-10,2020-12-22,2020,最近十個營業日已有六次,10,9,-0.05118601747815221,-0.05561101747815221,-0.09612983770287131,-0.7959448541128475,True,True,True,True,11758207.0,False,False
6443,2025-12-19,2026-01-02,2025,連續三次,10,9,0.24161073825503343,0.23718573825503342,-0.02460850111856827,368.51855420454734,True,True,True,True,22513444.0,False,False
6443,2026-04-16,2026-04-28,2026,最近三十個營業日已有十二次,10,9,-0.15227817745803363,-0.15670317745803364,-0.15947242206235024,-0.9912117626753457,True,True,True,True,11402235.0,False,False
6443,2026-04-30,2026-05-13,2026,最近十個營業日已有六次,10,9,0.20428571428571418,0.19986071428571417,0.0,156.7897254757102,True,True,True,True,3575462.0,False,False
6446,2020-03-26,2020-04-09,2020,因連續3個營業日達本中心作業要點第四條第一項第一款,10,9,0.14179104477611948,0.13736604477611947,-0.047761194029850795,34.70959792390352,True,True,True,True,304104.0,False,False
6446,2021-11-24,2021-12-06,2021,因連續3個營業日達本中心作業要點第四條第一項第一款,10,9,0.4617486338797814,0.45732363387978137,0.0,34930.91911224033,True,True,True,True,2927006.0,False,False
6446,2021-11-29,2021-12-09,2021,因連續3個營業日達本中心作業要點第四條第一項第一款,10,9,0.6375,0.6330749999999999,-0.015000000000000013,825726.8958153784,True,True,True,True,1949703.0,False,False
6446,2021-12-13,2021-12-23,2021,因連續3個營業日達本中心作業要點第四條第一項第一款,10,9,-0.26572528883183566,-0.27015028883183567,-0.30166880616174585,-0.9998411713287961,True,True,True,True,2945837.0,False,False
6446,2021-12-16,2021-12-28,2021,因連續3個營業日達本中心作業要點第四條第一項第一款,10,9,-0.2222222222222222,-0.22664722222222222,-0.31818181818181823,-0.9992068064738154,True,True,True,True,1807871.0,False,False
6446,2021-12-21,2022-01-03,2021,因連續3個營業日達本中心作業要點第四條第一項第一款,10,9,-0.09278350515463918,-0.09720850515463918,-0.09278350515463918,-0.9416127118684938,True,False,True,False,6115189.0,False,True
6446,2022-03-29,2022-04-12,2022,最近30個營業日內有12個營業日,10,9,0.05245346869712342,0.04802846869712342,0.0,2.680602264790778,True,True,True,True,798494.0,False,False
6446,2024-05-24,2024-06-05,2024,連續三次,10,9,0.11309523809523814,0.10867023809523814,-0.011904761904761862,16.559446036940944,True,True,True,True,1100368.0,False,False
6446,2026-02-05,2026-02-26,2026,連續三次,10,9,-0.03978779840848812,-0.044212798408488116,-0.09151193633952259,-0.7152405938089621,True,True,True,True,1847502.0,False,False
6449,2026-05-21,2026-06-02,2026,連續三次,10,9,0.28719723183391,0.28277223183391,-0.00865051903114189,1008.6112282240969,True,True,True,True,1958586.0,False,False
6449,2026-05-26,2026-06-05,2026,連續三次,10,9,0.1891025641025641,0.18467756410256408,-0.06891025641025639,109.7768448589726,True,True,True,True,1061443.0,False,False
6449,2026-06-03,2026-06-15,2026,連續三次,10,9,0.2667578659370724,0.2623328659370724,-0.08618331053351569,645.2280755889392,True,True,True,True,416692.0,False,False
6451,2023-07-10,2023-07-20,2023,連續三次,10,9,-0.03658536585365857,-0.04101036585365857,-0.04065040650406504,-0.6875137499382884,True,True,True,True,1396028.0,False,True
6451,2024-06-25,2024-07-05,2024,連續三次,10,9,-0.0019607843137254832,-0.006385784313725483,-0.03137254901960784,-0.16301713848863142,True,True,True,True,1476810.0,False,False
6451,2026-03-24,2026-04-07,2026,連續三次,10,9,0.09060402684563762,0.08617902684563762,-0.10738255033557043,8.937141266037225,True,True,True,True,4177448.0,False,False
6451,2026-04-17,2026-04-29,2026,連續三次,10,9,-0.2065868263473054,-0.21101182634730542,-0.2774451097804391,-0.9986169208261761,True,True,True,True,968708.0,False,False
6451,2026-04-22,2026-05-05,2026,連續三次,10,9,0.09915611814345993,0.09473111814345993,-0.23628691983122363,11.35588845540228,True,True,True,True,641700.0,False,False
6452,2018-11-01,2018-11-13,2018,連續三次,10,9,-0.350835322195704,-0.355260322195704,-0.4033412887828163,-0.9999949286665986,True,False,True,False,141701.0,False,True
6452,2018-11-06,2018-11-16,2018,連續三次,10,9,-0.12052117263843654,-0.12494617263843653,-0.18566775244299671,-0.9754611228857133,True,False,True,False,235938.0,False,True
6452,2018-11-09,2018-11-21,2018,連續三次,10,9,0.047272727272727355,0.04284772727272736,-0.08363636363636362,2.207274145193673,False,True,True,False,5422327.0,True,False
6452,2018-11-14,2018-11-26,2018,連續三次,10,9,0.02006688963210701,0.01564188963210701,-0.15719063545150502,0.5390014284689235,False,True,True,False,2849984.0,True,False
6456,2026-04-23,2026-05-06,2026,連續三次,10,9,-0.12274368231046917,-0.12716868231046918,-0.17087845968712378,-0.9771347701148878,True,True,True,True,7575247.0,False,True
6457,2020-03-09,2020-03-19,2020,因連續3個營業日達本中心作業要點第四條第一項第一款,10,9,-0.26320422535211263,-0.26762922535211264,-0.2957746478873239,-0.9998252054337989,True,False,True,False,2659759.0,False,True
6461,2022-08-26,2022-09-07,2022,因連續3個營業日達本中心作業要點第四條第一項第一款,10,9,-0.0953545232273838,-0.0997795232273838,-0.10757946210268943,-0.9460596776499534,True,True,True,True,3267731.0,False,False
6462,2024-02-05,2024-02-29,2024,連續3個營業日及沖銷標準,12,11,0.20430107526881724,0.19987607526881723,-0.09856630824372759,61.88606297400167,True,True,True,True,6514431.0,False,False
6465,2021-05-21,2021-06-02,2021,因連續3個營業日達本中心作業要點第四條第一項第一款,10,9,0.11029411764705888,0.10586911764705888,-0.0625,15.36788273798992,True,True,True,True,613953.0,False,False
6465,2021-05-26,2021-06-07,2021,因連續3個營業日達本中心作業要點第四條第一項第一款,10,9,0.14233576642335777,0.13791076642335776,-0.029197080291970656,35.187725976021156,True,True,True,True,40000.0,False,False
6465,2021-06-29,2021-07-09,2021,因連續3個營業日達本中心作業要點第四條第一項第一款,10,9,0.1880952380952381,0.18367023809523808,-0.04523809523809519,107.18994194354153,True,True,True,True,191300.0,False,False
6465,2023-04-20,2023-05-03,2023,因連續3個營業日達本中心作業要點第四條第一項第一款,10,9,-0.07722772277227719,-0.08165272277227718,-0.13267326732673268,-0.9061541493564143,True,True,True,True,219707.0,False,False
6465,2024-02-15,2024-02-27,2024,因連續3個營業日達本中心作業要點第四條第一項第一款,10,9,0.03383458646616533,0.02940958646616533,-0.052631578947368474,1.23703332511246,True,True,True,True,667055.0,False,False
6465,2025-12-03,2025-12-15,2025,因連續3個營業日達本中心作業要點第四條第一項第一款,10,9,0.38007380073800734,0.3756488007380073,-0.09594095940959413,7036.7301112439945,True,True,True,True,543409.0,False,False
6465,2025-12-19,2026-01-02,2025,因連續3個營業日達本中心作業要點第四條第一項第一款,10,9,0.04911323328785833,0.04468823328785833,-0.06139154160982263,2.368281808899334,True,True,True,True,243129.0,False,False
6465,2026-03-26,2026-04-09,2026,因連續3個營業日達本中心作業要點第四條第一項第一款,10,9,-0.03125,-0.035675,-0.12291666666666667,-0.6354460304516288,True,True,True,True,446426.0,False,False
6469,2021-09-01,2021-09-13,2021,因連續3個營業日達本中心作業要點第四條第一項第一款,10,9,-0.12110091743119267,-0.12552591743119268,-0.12660550458715591,-0.9759087400430401,True,True,True,True,740138.0,False,False
6472,2018-03-15,2018-03-27,2018,因連續3個營業日達本中心作業要點第四條第一項第一款,10,9,0.3677811550151977,0.3633561550151977,-0.03647416413373861,5483.636699178366,True,True,True,True,599000.0,False,False
6472,2018-04-12,2018-04-24,2018,最近10個營業日內有6個營業日,10,9,0.09795918367346945,0.09353418367346945,-0.09795918367346934,10.986068774007403,True,True,True,True,234189.0,False,False
6472,2018-07-18,2018-07-30,2018,連續5個營業日,10,9,0.12949640287769792,0.1250714028776979,-0.12589928057553956,25.40395919790321,True,True,True,True,507631.0,False,False
6472,2021-05-26,2021-06-07,2021,因連續3個營業日達本中心作業要點第四條第一項第一款,10,9,-0.03649635036496346,-0.04092135036496346,-0.12408759124087587,-0.6867070353525497,True,True,True,True,408927.0,False,False
6472,2021-06-04,2021-06-17,2021,因連續3個營業日達本中心作業要點第四條第一項第一款,10,9,0.06153846153846154,0.057113461538461543,-0.02692307692307694,3.677831083271431,True,True,True,True,152041.0,False,False
6472,2022-08-23,2022-09-06,2022,連續3個營業日及沖銷標準,12,11,-0.0855365474339036,-0.0899615474339036,-0.13374805598755835,-0.8826347251105416,True,True,True,True,820502.0,False,False
6472,2022-11-22,2022-12-06,2022,連續3個營業日及沖銷標準,12,11,-0.03128621089223638,-0.035711210892236375,-0.07531865585168018,-0.5624065067169187,True,False,True,False,1502148.0,False,True
6472,2023-02-16,2023-03-06,2023,連續3個營業日及沖銷標準,12,11,0.12621359223300965,0.12178859223300965,-0.017259978425027023,12.625151700752223,True,True,True,True,1511593.0,False,False
6472,2023-04-07,2023-04-21,2023,連續3個營業日及沖銷標準,12,11,-0.12004950495049505,-0.12447450495049504,-0.12004950495049505,-0.951255321806195,True,False,True,False,1288848.0,False,True
6477,2020-07-21,2020-07-31,2020,連續三次,10,9,0.13407821229050287,0.12965321229050286,-0.10614525139664799,28.559588122150956,True,True,True,True,3151890.0,False,False
6477,2020-10-19,2020-10-29,2020,連續三次,10,9,0.10912343470482999,0.10469843470482999,-0.025044722719141266,14.893332241320206,True,True,True,True,12689601.0,False,False
6477,2025-01-14,2025-02-06,2025,連續三次及當日沖銷標準,12,11,0.04116865869853936,0.036743658698539364,-0.019920318725099584,1.2707425672624857,True,True,True,True,971531.0,False,False
6482,2021-02-23,2021-03-08,2021,因連續3個營業日達本中心作業要點第四條第一項第一款,10,9,-0.21124361158432714,-0.21566861158432715,-0.2146507666098808,-0.9988266347849591,False,True,True,False,34106.0,True,False
6482,2021-02-26,2021-03-11,2021,因連續3個營業日達本中心作業要點第四條第一項第一款,10,9,0.09881422924901195,0.09438922924901195,-0.15612648221343872,11.24914675292857,True,True,True,True,65669.0,False,False
6482,2023-10-23,2023-11-02,2023,因連續3個營業日達本中心作業要點第四條第一項第一款,10,9,0.2071713147410359,0.20274631474103588,-0.02589641434262957,167.67725487577312,True,True,True,True,49421.0,False,False
6482,2023-12-07,2023-12-19,2023,因連續3個營業日達本中心作業要點第四條第一項第一款,10,9,0.014040561622465031,0.00961556162246503,-0.049921996879875086,0.30450408077324553,True,True,True,True,203902.0,False,False
6485,2021-02-23,2021-03-08,2021,因連續3個營業日達本中心作業要點第四條第一項第一款,10,9,-0.05587892898719449,-0.060303928987194486,-0.06752037252619336,-0.8223151884177601,True,False,True,False,4293629.0,False,True
6485,2021-02-26,2021-03-11,2021,因連續3個營業日達本中心作業要點第四條第一項第一款,10,9,0.27439024390243905,0.26996524390243903,-0.03658536585365857,763.0231894511534,True,True,True,True,1289974.0,False,False
6485,2021-06-03,2021-06-16,2021,連續5個營業日,10,9,0.1145374449339207,0.11011244493392071,-0.06167400881057272,17.205124298729377,True,True,True,True,703256.0,False,False
6485,2021-06-18,2021-06-30,2021,最近10個營業日內有6個營業日,10,9,-0.022471910112359605,-0.026896910112359604,-0.06367041198501877,-0.5311011038937403,True,True,True,True,1147955.0,False,False
6485,2025-02-11,2025-02-21,2025,因連續3個營業日達本中心作業要點第四條第一項第一款,10,9,0.09457579972183594,0.09015079972183594,-0.050069541029207354,9.997496324327487,True,True,True,True,957600.0,False,False
6488,2020-12-08,2020-12-18,2020,因連續3個營業日達本中心作業要點第四條第一項第一款,10,9,-0.057010785824345156,-0.061435785824345154,-0.07550077041602465,-0.8281652998617587,True,True,True,True,1312189.0,False,False
6488,2025-09-25,2025-10-09,2025,因連續3個營業日達本中心作業要點第四條第一項第一款,10,9,0.004052684903748771,-0.000372315096251229,-0.07396149949341435,-0.01029069644260694,True,True,True,True,2014697.0,False,False
6488,2025-11-14,2025-11-26,2025,因連續3個營業日達本中心作業要點第四條第一項第一款,10,9,-0.005228758169934622,-0.009653758169934622,-0.12941176470588234,-0.23621024386527056,True,True,True,True,1276848.0,False,False
6488,2026-05-14,2026-05-26,2026,因連續3個營業日達本中心作業要點第四條第一項第一款,10,9,0.10318471337579616,0.09875971337579616,-0.197452229299363,12.683174708466405,True,True,True,True,2725024.0,False,False
6488,2026-06-03,2026-06-15,2026,因連續3個營業日達本中心作業要點第四條第一項第一款,10,9,0.010638297872340496,0.006213297872340496,-0.22340425531914898,0.18774628902107127,True,True,True,True,1611901.0,False,False
6488,2026-06-24,2026-07-06,2026,因連續3個營業日達本中心作業要點第四條第一項第一款,10,9,0.4008394543546694,0.3964144543546694,-0.09129066107030426,10669.28422793521,True,True,True,True,1755873.0,False,False
6492,2018-04-18,2018-04-30,2018,因連續3個營業日達本中心作業要點第四條第一項第一款,10,9,0.0,-0.004425,-0.028301886792452824,-0.11590382297714663,True,True,True,True,476300.0,False,False
6492,2020-05-27,2020-06-08,2020,因連續3個營業日達本中心作業要點第四條第一項第一款,10,9,-0.12301587301587302,-0.12744087301587304,-0.16666666666666663,-0.9773320141173195,True,True,True,True,1695082.0,False,False
6492,2020-09-14,2020-09-24,2020,因連續3個營業日達本中心作業要點第四條第一項第一款,10,9,-0.07293354943273911,-0.07735854943273911,-0.23338735818476497,-0.8931699617927675,True,True,True,True,1608112.0,False,False
6492,2020-09-17,2020-09-29,2020,因連續3個營業日達本中心作業要點第四條第一項第一款,10,9,0.044897959183673564,0.040472959183673565,-0.03469387755102038,2.0104628555166544,True,True,True,True,2013285.0,False,False
6492,2022-04-25,2022-05-06,2022,因連續3個營業日達本中心作業要點第四條第一項第一款,10,9,-0.2076190476190476,-0.2120440476190476,-0.21904761904761905,-0.9986663130362696,True,True,True,True,1994227.0,False,False
6492,2024-07-26,2024-08-05,2024,因連續3個營業日達本中心作業要點第四條第一項第一款,8,7,-0.11173184357541899,-0.11615684357541899,-0.11173184357541899,-0.9878429361450942,True,False,True,False,482410.0,False,True
6494,2021-04-12,2021-04-22,2021,最近10個營業日內有6個營業日,10,9,-0.09716599190283404,-0.10159099190283404,-0.10931174089068829,-0.9489948735631851,True,True,True,True,2065823.0,False,False
6496,2018-05-30,2018-06-11,2018,因連續3個營業日達本中心作業要點第四條第一項第一款,10,9,0.013265306122449028,0.008840306122449028,-0.014285714285714346,0.2769634860992325,True,True,True,True,267000.0,False,False
6497,2018-06-08,2018-06-21,2018,因連續3個營業日達本中心作業要點第四條第一項第一款,10,9,-0.03696098562628347,-0.04138598562628347,-0.037987679671457886,-0.6908958551373381,True,True,True,True,1016350.0,False,False
6497,2019-08-27,2019-09-06,2019,因連續3個營業日達本中心作業要點第四條第一項第一款,10,9,0.08671789242590577,0.08229289242590578,-0.01207464324917662,7.995439758629281,True,True,True,True,243275.0,False,False
6497,2019-08-30,2019-09-11,2019,因連續3個營業日達本中心作業要點第四條第一項第一款,10,9,-0.019512195121951126,-0.023937195121951124,-0.07121951219512201,-0.48982914209205286,True,True,True,True,222000.0,False,False
6497,2019-12-06,2019-12-18,2019,因連續3個營業日達本中心作業要點第四條第一項第一款,10,9,-0.12216748768472907,-0.12659248768472908,-0.2699507389162562,-0.976711755555667,False,True,True,False,1169618.0,True,False
6497,2019-12-11,2019-12-23,2019,因連續3個營業日達本中心作業要點第四條第一項第一款,10,9,0.2564102564102564,0.2519852564102564,0.0,513.1493532870414,True,True,True,True,2197065.0,False,False
6497,2020-06-10,2020-06-22,2020,因連續3個營業日達本中心作業要點第四條第一項第一款,10,9,-0.04606525911708259,-0.05049025911708259,-0.2514395393474088,-0.7628713587584666,True,True,True,True,110097.0,False,False
6497,2020-07-15,2020-07-27,2020,因連續3個營業日達本中心作業要點第四條第一項第一款,10,9,-0.3880794701986755,-0.3925044701986755,-0.3880794701986755,-0.9999990288015956,True,False,True,False,711603.0,False,True
6499,2018-03-14,2018-03-26,2018,因連續3個營業日達本中心作業要點第四條第一項第一款,10,9,0.054982817869415834,0.050557817869415836,-0.037800687285223344,2.9354904266356283,True,True,True,True,928688.0,False,False
6499,2018-03-19,2018-03-29,2018,因連續3個營業日達本中心作業要點第四條第一項第一款,10,9,0.17931034482758612,0.1748853448275861,-0.03448275862068961,86.96685626087334,True,True,True,True,158100.0,False,False
6499,2025-05-19,2025-05-29,2025,因連續3個營業日達本中心作業要點第四條第一項第一款,10,9,0.40372670807453415,0.39930170807453413,-0.012422360248447228,11299.390507483213,True,True,True,True,1810453.0,False,False
6499,2025-05-28,2025-06-10,2025,最近10個營業日內有6個營業日,10,9,-0.2866141732283465,-0.2910391732283465,-0.3031496062992126,-0.9999291046494636,True,True,True,True,1729357.0,False,False
6499,2025-06-03,2025-06-13,2025,因連續3個營業日達本中心作業要點第四條第一項第一款,10,9,-0.026200873362445365,-0.030625873362445363,-0.22707423580786024,-0.5785347483208827,True,True,True,True,1237919.0,False,False
6499,2025-06-24,2025-07-08,2025,連續3個營業日及沖銷標準,12,11,0.10236220472440949,0.09793720472440949,-0.015748031496062964,7.360186213961526,True,True,True,True,607668.0,False,False
6499,2025-07-23,2025-08-04,2025,最近10個營業日內有6個營業日,10,9,-0.029787234042553234,-0.03421223404255323,-0.03829787234042559,-0.6197692693515646,True,True,True,True,281170.0,False,False
6499,2025-10-21,2025-11-03,2025,因連續3個營業日達本中心作業要點第四條第一項第一款,10,9,-0.19028340080971662,-0.19470840080971663,-0.20242914979757087,-0.997558886259178,True,True,True,True,681749.0,False,False
6509,2021-07-09,2021-07-21,2021,因連續3個營業日達本中心作業要點第四條第一項第一款,10,9,0.35199999999999987,0.34757499999999986,-0.020000000000000018,3968.1081103102106,True,True,True,True,8544197.0,False,False
6510,2019-08-15,2019-08-27,2019,因連續3個營業日達本中心作業要點第四條第一項第一款,10,9,0.2607944732297063,0.25636947322970627,-0.025906735751295318,565.5789453052693,True,True,True,True,805529.0,False,False
6512,2022-08-11,2022-08-23,2022,因連續3個營業日達本中心作業要點第四條第一項第一款,10,9,-0.07420494699646651,-0.07862994699646651,-0.10247349823321561,-0.8971846111104396,True,True,True,True,348471.0,False,False
6512,2024-06-11,2024-06-21,2024,因連續3個營業日達本中心作業要點第四條第一項第一款,10,9,0.0073260073260073,0.0029010073260073,-0.06043956043956056,0.08379294615083599,True,True,True,True,160339.0,False,False
6514,2021-12-17,2021-12-29,2021,因連續3個營業日達本中心作業要點第四條第一項第一款,10,9,-0.05568445475638051,-0.060109454756380507,-0.09976798143851517,-0.821290890449359,True,True,True,True,1479919.0,False,False
6515,2025-09-08,2025-09-18,2025,連續三次,10,9,0.08069164265129691,0.07626664265129691,-0.11239193083573484,6.7030610067404774,True,True,True,True,474540.0,False,False
6515,2026-03-30,2026-04-13,2026,最近十個營業日已有六次,10,9,0.1413333333333333,0.1369083333333333,-0.1246666666666667,34.31255657758937,True,True,True,True,127610.0,False,False
6516,2021-03-24,2021-04-07,2021,因連續3個營業日達本中心作業要點第四條第一項第一款,10,9,0.096551724137931,0.09212672413793101,-0.017241379310344862,10.564845701586467,True,False,True,False,142985.0,False,True
6517,2023-04-06,2023-04-18,2023,因連續3個營業日達本中心作業要點第四條第一項第一款,10,9,0.1071428571428572,0.10271785714285721,-0.0714285714285714,14.120525144194131,True,True,True,True,1559752.0,False,False
6517,2023-04-11,2023-04-21,2023,因連續3個營業日達本中心作業要點第四條第一項第一款,10,9,0.05633802816901401,0.05191302816901401,-0.04225352112676062,3.0789740624820414,True,True,True,True,407136.0,False,False
6517,2025-04-17,2025-04-29,2025,因連續3個營業日達本中心作業要點第四條第一項第一款,10,9,-0.011594202898550732,-0.01601920289855073,-0.17101449275362313,-0.36146607940313136,True,True,True,True,1052992.0,False,False
6523,2018-04-11,2018-04-23,2018,因連續3個營業日達本中心作業要點第四條第一項第一款,10,9,-0.05769230769230771,-0.06211730769230771,-0.16987179487179482,-0.8315977776860934,True,True,True,True,641118.0,False,False
6523,2020-01-07,2020-01-17,2020,因連續3個營業日達本中心作業要點第四條第一項第一款,10,9,-0.006276150627614996,-0.010701150627614996,-0.046025104602510414,-0.25833387508624217,True,True,True,True,313200.0,False,False
6523,2021-11-22,2021-12-02,2021,因連續3個營業日達本中心作業要點第四條第一項第一款,10,9,0.006993006993007089,0.002568006993007089,-0.05594405594405594,0.07384116231736448,True,True,True,True,1139606.0,False,False
6523,2021-11-25,2021-12-07,2021,因連續3個營業日達本中心作業要點第四條第一項第一款,10,9,-0.117056856187291,-0.121481856187291,-0.117056856187291,-0.972614515743817,True,False,True,False,401118.0,False,True
6527,2023-07-26,2023-08-07,2023,因連續3個營業日達本中心作業要點第四條第一項第一款,9,8,-0.17521367521367526,-0.17963867521367527,-0.23162393162393158,-0.9979457097515141,True,True,True,True,1322084.0,False,False
6530,2023-07-26,2023-08-07,2023,因連續3個營業日達本中心作業要點第四條第一項第一款,9,8,-0.17432432432432432,-0.17874932432432433,-0.22702702702702704,-0.9978749611647204,True,True,True,True,554367.0,False,False
6530,2023-10-25,2023-11-08,2023,連續5個營業日及沖銷標準,12,11,-0.0357142857142857,-0.0401392857142857,-0.1428571428571429,-0.6058683647001282,True,True,True,True,2065494.0,False,False
6531,2019-12-10,2019-12-20,2019,連續三次,10,9,0.043640897755610863,0.039215897755610865,-0.027431421446384108,1.9110488726209716,True,True,True,True,1177397.0,False,False
6531,2020-05-07,2020-05-19,2020,連續三次,10,9,0.0536585365853659,0.0492335365853659,-0.10731707317073169,2.7999888170369482,True,True,True,True,3380186.0,False,False
6531,2020-06-10,2020-06-22,2020,連續三次,10,9,0.4627659574468086,0.4583409574468086,-0.06028368794326244,35614.65368022634,True,True,True,True,855737.0,False,False
6531,2020-06-30,2020-07-10,2020,連續三次,10,9,0.09023485784919649,0.0858098578491965,0.0,8.84374968069574,True,False,True,False,1510521.0,False,True
6531,2026-04-29,2026-05-12,2026,連續三次,10,9,0.30246913580246915,0.29804413580246913,-0.03580246913580243,1401.585776679304,True,True,True,True,1826020.0,False,False
6531,2026-08-05,2026-08-10,2026,連續三次,5,4,0.06581986143187057,0.061394861431870576,-0.05427251732101612,40.429653001671255,True,True,True,True,2047212.0,False,False
6532,2020-05-18,2020-05-28,2020,因連續3個營業日達本中心作業要點第四條第一項第一款,10,9,0.25396825396825395,0.24954325396825394,-0.009523809523809601,486.0078364903458,True,True,True,True,1991193.0,False,False
6533,2018-03-31,2018-04-16,2018,連續三次,10,9,-0.03389830508474578,-0.03832330508474578,-0.06779661016949157,-0.6622573731631964,True,False,True,False,2335089.0,False,True
6533,2020-11-25,2020-12-07,2020,連續三次,10,9,-0.11708860759493667,-0.12151360759493667,-0.17721518987341767,-0.9726419959528164,True,True,True,True,2731613.0,False,False
6533,2020-11-30,2020-12-10,2020,連續三次,10,9,0.0034965034965035446,-0.0009284965034964555,-0.09090909090909094,-0.02547348409354766,True,True,True,True,1122438.0,False,False
6533,2021-03-19,2021-03-31,2021,最近十個營業日已有六次,10,9,0.14229249011857714,0.13786749011857713,-0.05039525691699609,35.14951574788814,True,True,True,True,1191844.0,False,False
6535,2018-03-06,2018-03-16,2018,因連續3個營業日達本中心作業要點第四條第一項第一款,10,9,0.040000000000000036,0.03557500000000004,-0.08235294117647063,1.640644458012126,True,True,True,True,414000.0,False,False
6535,2020-07-13,2020-07-23,2020,因連續3個營業日達本中心作業要點第四條第一項第一款,10,9,-0.375,-0.379425,-0.43046874999999996,-0.9999982449663689,True,True,True,True,3739720.0,False,False
6535,2020-07-16,2020-07-28,2020,因連續3個營業日達本中心作業要點第四條第一項第一款,10,9,-0.3275686673448627,-0.3319936673448627,-0.328585961342828,-0.9999864233107691,True,True,True,True,1100355.0,False,False
6535,2020-07-24,2020-08-05,2020,因連續3個營業日達本中心作業要點第四條第一項第一款,10,9,0.18684210526315792,0.1824171052631579,-0.13157894736842102,104.05299480486273,True,True,True,True,384000.0,False,False
6535,2024-01-24,2024-02-05,2024,因連續3個營業日達本中心作業要點第四條第一項第一款,10,9,0.28800000000000003,0.283575,-0.020000000000000018,1026.309688154556,True,True,True,True,983157.0,False,False
6535,2024-01-30,2024-02-20,2024,因連續3個營業日達本中心作業要點第四條第一項第一款,10,9,0.1417322834645669,0.1373072834645669,0.0,34.658385739913875,True,True,True,True,827672.0,False,False
6535,2024-03-08,2024-03-20,2024,因連續3個營業日達本中心作業要點第四條第一項第一款,10,9,0.06017191977077374,0.05574691977077374,-0.09742120343839544,3.512731848364276,True,True,True,True,1304333.0,False,False
6535,2024-05-22,2024-06-03,2024,最近10個營業日內有6個營業日,10,9,-0.01897018970189701,-0.02339518970189701,-0.051490514905149,-0.48190100201567654,True,True,True,True,226738.0,False,False
6535,2024-06-25,2024-07-05,2024,因連續3個營業日達本中心作業要點第四條第一項第一款,10,9,-0.015873015873015928,-0.020298015873015926,-0.020408163265306145,-0.4342679716022282,True,True,True,True,182707.0,False,True
6535,2024-12-11,2024-12-23,2024,因連續3個營業日達本中心作業要點第四條第一項第一款,10,9,0.07466666666666666,0.07024166666666666,-0.10133333333333339,5.5908346257025565,True,True,True,True,2756952.0,False,False
6535,2024-12-16,2024-12-26,2024,因連續3個營業日達本中心作業要點第四條第一項第一款,10,9,0.09214092140921415,0.08771592140921415,-0.08672086720867211,9.335203757114703,True,True,True,True,1904483.0,False,False
6535,2025-11-05,2025-11-17,2025,因連續3個營業日達本中心作業要點第四條第一項第一款,10,9,-0.06000000000000005,-0.06442500000000005,-0.09499999999999997,-0.8427364743787193,True,True,True,True,220026.0,False,False
6538,2019-04-11,2019-04-23,2019,因連續3個營業日達本中心作業要點第四條第一項第一款,10,9,-0.04499999999999993,-0.04942499999999993,-0.1137499999999999,-0.7553693980909758,True,True,True,True,383000.0,False,False
6538,2020-01-14,2020-02-04,2020,最近10個營業日內有6個營業日,10,9,-0.10961968680089484,-0.11404468680089484,-0.11856823266219241,-0.9653887615655399,True,True,True,True,731575.0,False,False
6538,2020-03-09,2020-03-19,2020,因連續3個營業日達本中心作業要點第四條第一項第一款,10,9,-0.3152173913043478,-0.3196423913043478,-0.3152173913043478,-0.9999774154006963,True,False,True,False,484055.0,False,True
6538,2023-07-14,2023-07-26,2023,因連續3個營業日達本中心作業要點第四條第一項第一款,10,9,-0.09740259740259738,-0.10182759740259738,-0.12662337662337664,-0.9493666924642145,True,True,True,True,660129.0,False,False
6538,2026-05-27,2026-06-08,2026,因連續3個營業日達本中心作業要點第四條第一項第一款,10,9,-0.1461538461538462,-0.1505788461538462,-0.1461538461538462,-0.9892552465339367,True,False,True,False,674900.0,False,True
6541,2021-03-03,2021-03-15,2021,連續三次,10,9,0.034482758620689724,0.030057758620689726,-0.08934169278996862,1.2764915688432739,True,True,True,True,3166689.0,False,False
6541,2021-03-08,2021-03-18,2021,連續三次,10,9,0.09523809523809512,0.09081309523809512,-0.09077380952380953,10.184604700529695,True,True,True,True,1128044.0,False,False
6541,2024-07-10,2024-07-22,2024,連續三次,10,9,-0.08529411764705874,-0.08971911764705874,-0.08529411764705874,-0.9265513294782285,True,False,True,False,906930.0,False,True
6542,2018-07-12,2018-07-24,2018,因連續3個營業日達本中心作業要點第四條第一項第一款,10,9,-0.062119366626065764,-0.06654436662606576,-0.062119366626065764,-0.8523379421013957,True,True,True,True,419368.0,False,False
6546,2024-10-23,2024-11-04,2024,因連續3個營業日達本中心作業要點第四條第一項第一款,9,8,-0.1821086261980831,-0.1865336261980831,-0.2715654952076677,-0.9984219794160064,True,True,True,True,430406.0,False,False
6547,2020-03-03,2020-03-13,2020,因連續3個營業日達本中心作業要點第四條第一項第一款,10,9,-0.29166666666666663,-0.29609166666666664,-0.29166666666666663,-0.9999418785691678,True,False,True,False,4260557.0,False,True
6547,2021-02-23,2021-03-08,2021,因連續3個營業日達本中心作業要點第四條第一項第一款,10,9,-0.20842105263157895,-0.21284605263157896,-0.28421052631578947,-0.9987035110370028,False,True,True,False,6036039.0,True,False
6547,2021-02-26,2021-03-11,2021,因連續3個營業日達本中心作業要點第四條第一項第一款,10,9,0.24057971014492763,0.23615471014492762,-0.01449275362318836,360.0593163961944,True,True,True,True,3062872.0,False,False
6547,2021-05-20,2021-06-01,2021,因連續3個營業日達本中心作業要點第四條第一項第一款,10,9,-0.07205882352941173,-0.07648382352941173,-0.07205882352941173,-0.8903205674116417,True,False,True,False,4041925.0,False,True
6547,2021-06-09,2021-06-22,2021,因連續3個營業日達本中心作業要點第四條第一項第一款,10,9,0.019960079840319445,0.015535079840319444,-0.041916167664670656,0.5345119529895415,False,True,True,False,7438891.0,True,False
6547,2025-01-20,2025-02-10,2025,因連續3個營業日達本中心作業要點第四條第一項第一款,10,9,-0.004094165813715467,-0.008519165813715467,-0.0051177072671443335,-0.2115271133329556,True,True,True,True,2885171.0,False,False
6547,2026-03-27,2026-04-10,2026,因連續3個營業日達本中心作業要點第四條第一項第一款,10,9,0.05714285714285716,0.052717857142857164,0.0,3.1665586253974363,True,True,True,True,2594947.0,False,False
6548,2026-06-08,2026-06-18,2026,因連續3個營業日達本中心作業要點第四條第一項第一款,10,9,0.06559405940594054,0.06116905940594054,-0.022277227722772297,4.202813975939876,True,True,True,True,5452470.0,False,False
6550,2022-10-06,2022-10-21,2022,連續三次及當日沖銷標準,12,11,-0.22049180327868856,-0.22491680327868857,-0.2622950819672131,-0.996943748206099,True,True,True,True,3267433.0,False,True
6552,2024-05-07,2024-05-21,2024,連續三次及當日沖銷標準,12,11,-0.03493013972055892,-0.039355139720558915,-0.050898203592814495,-0.5984853063418729,True,True,True,True,893481.0,False,False
6556,2021-12-14,2021-12-24,2021,因連續3個營業日達本中心作業要點第四條第一項第一款,10,9,-0.0357142857142857,-0.0401392857142857,-0.0685714285714285,-0.6795326380408362,True,True,True,True,60518.0,False,False
6556,2022-11-14,2022-11-24,2022,因連續3個營業日達本中心作業要點第四條第一項第一款,10,9,0.04245283018867929,0.03802783018867929,0.0,1.8200053175213537,True,True,True,True,212703.0,False,False
6558,2020-03-24,2020-04-07,2020,連續三次,10,9,0.5338345864661653,0.5294095864661653,0.0,133554.36385862593,True,True,True,True,548189.0,False,False
6558,2025-02-07,2025-02-19,2025,最近十個營業日已有六次,10,9,0.0830449826989621,0.0786199826989621,-0.04498269896193763,7.184889656629778,True,True,True,True,3209624.0,False,False
6560,2020-08-31,2020-09-10,2020,因連續3個營業日達本中心作業要點第四條第一項第一款,10,9,-0.026666666666666616,-0.031091666666666615,-0.07733333333333325,-0.5841242052413402,True,True,True,True,1322717.0,False,False
6560,2020-09-04,2020-09-16,2020,因連續3個營業日達本中心作業要點第四條第一項第一款,10,9,-0.014285714285714235,-0.018710714285714233,-0.07999999999999996,-0.4082469950375456,True,True,True,True,673090.0,False,False
6560,2025-04-23,2025-05-06,2025,因連續3個營業日達本中心作業要點第四條第一項第一款,10,9,0.1015625,0.0971375,-0.021874999999999978,12.132964249884093,True,True,True,True,162626.0,False,False
6560,2025-05-29,2025-06-11,2025,因連續3個營業日達本中心作業要點第四條第一項第一款,10,9,-0.07805907172995774,-0.08248407172995774,-0.129746835443038,-0.9084856426522434,True,True,True,True,740027.0,False,False
6568,2021-08-02,2021-08-12,2021,因連續3個營業日達本中心作業要點第四條第一項第一款,10,9,0.10476190476190483,0.10033690476190484,0.0,13.239380317140535,True,True,True,True,792905.0,False,False
6568,2021-09-08,2021-09-22,2021,因連續3個營業日達本中心作業要點第四條第一項第一款,10,9,0.012499999999999956,0.008074999999999955,-0.09999999999999998,0.25032656334005754,True,True,True,True,291089.0,False,False
6569,2023-07-21,2023-08-02,2023,因連續3個營業日達本中心作業要點第四條第一項第一款,10,9,-0.14592274678111583,-0.15034774678111584,-0.15450643776824036,-0.9891737475004393,True,True,True,True,507687.0,False,False
6569,2023-07-26,2023-08-07,2023,因連續3個營業日達本中心作業要點第四條第一項第一款,9,8,-0.14072494669509594,-0.14514994669509595,-0.17910447761194026,-0.9925602092267783,True,True,True,True,186800.0,False,False
6570,2024-08-26,2024-09-05,2024,因連續3個營業日達本中心作業要點第四條第一項第一款,10,9,-0.14166666666666672,-0.14609166666666673,-0.15833333333333333,-0.9875618154411899,True,True,True,True,1483851.0,False,False
6570,2026-06-01,2026-06-11,2026,因連續3個營業日達本中心作業要點第四條第一項第一款,10,9,-0.051839464882943,-0.056264464882943,-0.11538461538461542,-0.7998307101539922,True,True,True,True,441943.0,False,False
6573,2021-07-14,2021-07-26,2021,連續三次,10,9,0.019736842105263275,0.015311842105263275,-0.08223684210526316,0.5251694600556289,True,True,True,True,1664978.0,False,False
6574,2025-06-04,2025-06-16,2025,因連續3個營業日達本中心作業要點第四條第一項第一款,10,9,-0.018497109826589475,-0.022922109826589473,-0.05780346820809246,-0.4748841037520426,False,True,True,False,58789.0,True,False
6574,2026-03-24,2026-04-07,2026,因連續3個營業日達本中心作業要點第四條第一項第一款,10,9,-0.22264150943396221,-0.22706650943396223,-0.2513207547169811,-0.9992186658355802,True,True,True,True,95536.0,False,False
6577,2023-06-16,2023-06-30,2023,因連續3個營業日達本中心作業要點第四條第一項第一款,10,9,-0.12547528517110262,-0.12990028517110264,-0.12927756653992395,-0.9790414206045643,True,True,True,True,565168.0,False,False
6578,2018-10-12,2018-10-24,2018,因連續3個營業日達本中心作業要點第四條第一項第一款,10,9,0.22803738317757016,0.22361238317757015,0.0,270.98926481888844,True,True,True,True,1097172.0,False,False
6578,2022-04-22,2022-05-05,2022,因連續3個營業日達本中心作業要點第四條第一項第一款,10,9,-0.18640776699029127,-0.19083276699029128,-0.24271844660194175,-0.997210617992701,True,True,True,True,1813615.0,False,False
6579,2023-07-25,2023-08-04,2023,連續三次,9,8,0.09729729729729719,0.0928722972972972,0.0,15.043321735146229,True,True,True,True,1301418.0,False,False
6582,2021-04-15,2021-04-27,2021,連續三次,10,9,0.12542372881355934,0.12099872881355934,-0.03050847457627115,22.873714899549654,True,True,True,True,2252071.0,False,False
6584,2024-02-20,2024-03-04,2024,因連續3個營業日達本中心作業要點第四條第一項第一款,10,9,0.0878186968838528,0.0833936968838528,-0.07082152974504252,8.2530783126073,True,True,True,True,2164345.0,False,False
6584,2024-02-23,2024-03-07,2024,因連續3個營業日達本中心作業要點第四條第一項第一款,10,9,0.3132183908045978,0.3087933908045978,-0.054597701149425304,1762.6778311032135,True,True,True,True,341311.0,False,False
6584,2025-09-04,2025-09-16,2025,因連續3個營業日達本中心作業要點第四條第一項第一款,10,9,-0.08300395256916993,-0.08742895256916992,-0.08300395256916993,-0.9212416089861859,True,False,True,False,219835.0,False,True
6584,2025-11-24,2025-12-04,2025,最近10個營業日內有6個營業日,10,9,0.06696428571428581,0.06253928571428581,0.0,4.392689991409255,True,False,True,False,489388.0,False,True
6584,2026-02-24,2026-03-09,2026,連續5個營業日,10,9,-0.2206896551724138,-0.2251146551724138,-0.2206896551724138,-0.9991619644834551,True,False,True,False,942601.0,False,True
6584,2026-03-27,2026-04-10,2026,因連續3個營業日達本中心作業要點第四條第一項第一款,10,9,0.16481481481481475,0.16038981481481474,-0.0037037037037036535,61.309319033604716,True,True,True,True,393887.0,False,False
6584,2026-04-01,2026-04-15,2026,因連續3個營業日達本中心作業要點第四條第一項第一款,10,9,0.09401709401709413,0.08959209401709413,-0.037606837606837584,9.842003378665021,True,True,True,True,159783.0,False,False
6588,2026-02-06,2026-03-02,2026,因連續3個營業日達本中心作業要點第四條第一項第一款,10,9,0.619718309859155,0.615293309859155,-0.07323943661971832,609200.4857082141,True,True,True,True,578426.0,False,False
6588,2026-03-02,2026-03-12,2026,因連續3個營業日達本中心作業要點第四條第一項第一款,10,9,-0.26788990825688075,-0.27231490825688076,-0.36880733944954136,-0.9998537497565321,True,True,True,True,684484.0,False,False
6588,2026-03-05,2026-03-17,2026,因連續3個營業日達本中心作業要點第四條第一項第一款,10,9,0.03934426229508192,0.034919262295081924,-0.24808743169398906,1.5945892751462276,True,True,True,True,1581824.0,False,False
6589,2020-05-08,2020-05-20,2020,最近10個營業日內有6個營業日,10,9,0.06640625,0.06198125,-0.248046875,4.314568745415895,True,True,True,True,6762145.0,False,False
6589,2020-08-11,2020-08-21,2020,因連續3個營業日達本中心作業要點第四條第一項第一款,10,9,-0.020000000000000018,-0.024425000000000016,-0.13,-0.4968643715932356,True,True,True,True,2119223.0,False,False
6589,2021-02-25,2021-03-10,2021,因連續3個營業日達本中心作業要點第四條第一項第一款,10,9,0.1715610510046366,0.16713605100463658,-0.04173106646058733,72.19571628281726,True,True,True,True,7142811.0,False,False
6589,2021-03-03,2021-03-15,2021,因連續3個營業日達本中心作業要點第四條第一項第一款,10,9,0.12058823529411766,0.11616323529411766,-0.02941176470588236,20.172386688832145,True,True,True,True,2767406.0,False,False
6589,2021-03-30,2021-04-13,2021,連續5個營業日,10,9,0.18399999999999994,0.17957499999999993,-0.11599999999999999,97.2599758356315,True,True,True,True,2132727.0,False,False
6589,2021-04-06,2021-04-16,2021,因連續3個營業日達本中心作業要點第四條第一項第一款,10,9,0.39419087136929454,0.3897658713692945,-0.024896265560165998,9344.470681994742,True,True,True,True,1689607.0,False,False
6589,2021-05-21,2021-06-02,2021,連續5個營業日,10,9,-0.07361963190184051,-0.07804463190184051,-0.19938650306748462,-0.8953547859322537,True,True,True,True,3682498.0,False,False
6590,2021-04-08,2021-04-20,2021,因連續3個營業日達本中心作業要點第四條第一項第一款,10,9,-0.16666666666666663,-0.17109166666666664,-0.21785714285714286,-0.994551313415791,True,True,True,True,140165.0,False,False
6591,2025-05-22,2025-06-04,2025,連續三次,10,9,-0.05606258148631027,-0.06048758148631027,-0.06779661016949157,-0.8232772906893537,True,True,True,True,2437246.0,False,False
6593,2021-12-30,2022-01-12,2021,因連續3個營業日達本中心作業要點第四條第一項第一款,10,9,0.027380952380952284,0.022955952380952285,-0.08333333333333337,0.8784676297700533,True,False,True,False,116407.0,False,True
6593,2023-11-01,2023-11-13,2023,因連續3個營業日達本中心作業要點第四條第一項第一款,10,9,0.2887931034482758,0.2843681034482758,-0.06896551724137934,1044.08857306811,True,True,True,True,1063806.0,False,False
6593,2023-12-19,2023-12-29,2023,最近10個營業日內有6個營業日,10,9,-0.20441988950276246,-0.20884488950276248,-0.20441988950276246,-0.9985074311195455,True,False,True,False,406846.0,False,True
6593,2025-06-05,2025-06-19,2025,連續3個營業日及沖銷標準,12,11,-0.008633093525179825,-0.013058093525179825,-0.15683453237410072,-0.2582400048063701,True,True,True,True,536672.0,False,False
6594,2020-05-19,2020-05-29,2020,因連續3個營業日達本中心作業要點第四條第一項第一款,10,9,0.04022988505747116,0.03580488505747116,-0.059386973180076685,1.6569760287605906,True,True,True,True,105619.0,False,False
6594,2021-03-19,2021-03-31,2021,因連續3個營業日達本中心作業要點第四條第一項第一款,10,9,0.014084507042253502,0.009659507042253502,-0.08274647887323938,0.30608225025311486,True,True,True,True,838602.0,False,False
6594,2021-03-24,2021-04-07,2021,因連續3個營業日達本中心作業要點第四條第一項第一款,10,9,0.027881040892193232,0.023456040892193233,-0.03159851301115235,0.904144164689044,True,True,True,True,186867.0,False,False
6596,2025-05-19,2025-05-29,2025,因連續3個營業日達本中心作業要點第四條第一項第一款,10,9,0.06779661016949157,0.06337161016949157,0.0,4.511270212320801,True,True,True,True,463470.0,False,False
6598,2022-04-21,2022-05-04,2022,最近十個營業日已有六次,10,9,-0.23557692307692313,-0.24000192307692314,-0.23653846153846148,-0.9995110821125556,True,True,True,True,2190548.0,False,True
6598,2024-06-27,2024-07-09,2024,連續三次,10,9,-0.049284578696343395,-0.053709578696343394,-0.10174880763116056,-0.7842194309517903,True,True,True,True,1314770.0,False,False
6612,2023-02-07,2023-02-17,2023,因連續3個營業日達本中心作業要點第四條第一項第一款,10,9,0.01538461538461533,0.01095961538461533,-0.03076923076923077,0.3536134032331759,True,True,True,True,208768.0,False,False
6613,2026-06-23,2026-07-03,2026,因連續3個營業日達本中心作業要點第四條第一項第一款,10,9,-0.0874524714828897,-0.0918774714828897,-0.16856780735107735,-0.9312384235429154,True,True,True,True,460943.0,False,False
6617,2026-07-13,2026-07-23,2026,因連續3個營業日達本中心作業要點第四條第一項第一款,10,9,-0.18454545454545457,-0.18897045454545458,-0.19090909090909092,-0.9970266845296412,True,True,True,True,426389.0,False,False
6620,2026-06-30,2026-07-13,2026,因連續3個營業日達本中心作業要點第四條第一項第一款,10,9,-0.056544502617801085,-0.06096950261780108,-0.056544502617801085,-0.8257781171783638,True,True,True,True,327018.0,False,False
6624,2025-12-05,2025-12-17,2025,因連續3個營業日達本中心作業要點第四條第一項第一款,10,9,-0.07518796992481203,-0.07961296992481202,-0.12631578947368416,-0.9001885697334501,True,True,True,True,682965.0,False,False
6625,2023-06-15,2023-07-03,2023,連續五次及當日沖銷標準,12,11,-0.050000000000000044,-0.05442500000000004,-0.1071428571428571,-0.719691710669811,True,True,True,True,1462008.0,False,False
6640,2021-06-23,2021-07-05,2021,因連續3個營業日達本中心作業要點第四條第一項第一款,10,9,0.16666666666666674,0.16224166666666673,-0.07291666666666663,64.13134196326561,True,True,True,True,425820.0,False,False
6640,2021-06-28,2021-07-08,2021,因連續3個營業日達本中心作業要點第四條第一項第一款,10,9,0.07516339869281041,0.07073839869281041,-0.12745098039215685,5.676337238710144,True,True,True,True,122612.0,False,False
6640,2024-02-26,2024-03-08,2024,因連續3個營業日達本中心作業要點第四條第一項第一款,10,9,0.08376068376068369,0.07933568376068369,-0.006837606837606813,7.337097365472767,False,False,True,False,221680.0,True,True
6640,2024-03-01,2024-03-13,2024,因連續3個營業日達本中心作業要點第四條第一項第一款,10,9,-0.10317460317460314,-0.10759960317460314,-0.10317460317460314,-0.9576688707987563,True,False,True,False,144991.0,False,True
6640,2024-03-08,2024-03-20,2024,因連續3個營業日達本中心作業要點第四條第一項第一款,10,9,0.06567164179104479,0.06124664179104479,-0.19701492537313436,4.213390416196879,True,True,True,True,166427.0,False,False
6640,2024-03-28,2024-04-11,2024,因連續3個營業日達本中心作業要點第四條第一項第一款,10,9,0.053097345132743445,0.04867234513274345,-0.036662452591656125,2.7439341459286597,True,True,True,True,91602.0,False,False
6640,2024-06-21,2024-07-03,2024,最近10個營業日內有6個營業日,10,9,0.21317157712305024,0.20874657712305023,-0.025996533795493937,192.68254355910602,True,True,True,True,520345.0,False,False
6640,2024-08-09,2024-08-21,2024,最近10個營業日內有6個營業日,10,9,0.31044776119402995,0.30602276119402994,0.0,1661.8537374750156,True,True,True,True,160686.0,False,False
6642,2021-02-26,2021-03-11,2021,因連續3個營業日達本中心作業要點第四條第一項第一款,10,9,0.25,0.245575,-0.004411764705882337,444.82396899820196,True,True,True,True,507041.0,False,False
6643,2021-04-16,2021-04-28,2021,因連續3個營業日達本中心作業要點第四條第一項第一款,10,9,-0.11397849462365595,-0.11840349462365594,-0.19892473118279574,-0.9698200627276132,True,True,True,True,796243.0,False,False
6643,2022-08-19,2022-08-31,2022,因連續3個營業日達本中心作業要點第四條第一項第一款,10,9,0.042979942693409656,0.03855494269340966,-0.10888252148997135,1.8600548378469366,True,True,True,True,426949.0,False,False
6643,2023-06-02,2023-06-14,2023,因連續3個營業日達本中心作業要點第四條第一項第一款,10,9,0.0,-0.004425,-0.0915178571428571,-0.11590382297714663,True,True,True,True,461851.0,False,False
6643,2023-06-30,2023-07-12,2023,最近10個營業日內有6個營業日,10,9,0.1071060762100926,0.1026810762100926,-0.03192584963954681,14.106521896570108,True,True,True,True,130845.0,False,False
6643,2023-10-25,2023-11-08,2023,連續5個營業日及沖銷標準,12,11,0.09492273730684331,0.09049773730684331,-0.03863134657836642,6.16322151726064,True,True,True,True,562227.0,False,False
6643,2023-11-17,2023-11-29,2023,連續5個營業日,10,9,0.058394160583941535,0.053969160583941536,-0.023983315954118845,3.30634113497124,True,True,True,True,155672.0,False,False
6643,2023-12-20,2024-01-02,2023,連續5個營業日,10,9,0.09595959595959602,0.09153459595959602,-0.022222222222222254,10.39193150006626,True,True,True,True,100727.0,False,False
6643,2024-02-19,2024-03-01,2024,最近10個營業日內有6個營業日,10,9,0.13753581661891112,0.1331108166189111,-0.08022922636103147,31.17853432678836,True,True,True,True,475139.0,False,False
6643,2024-03-19,2024-03-29,2024,最近10個營業日內有6個營業日,10,9,0.029197080291970767,0.02477208029197077,-0.062043795620437936,0.9733419615113714,True,True,True,True,144091.0,False,False
6643,2024-06-21,2024-07-03,2024,最近10個營業日內有6個營業日,10,9,-0.07279693486590033,-0.07722193486590033,-0.2145593869731801,-0.892729694774667,True,True,True,True,419581.0,False,False
6643,2024-08-14,2024-08-26,2024,因連續3個營業日達本中心作業要點第四條第一項第一款,10,9,0.08876404494382029,0.08433904494382029,0.0,8.479997581875418,True,True,True,True,441445.0,False,False
6643,2024-09-25,2024-10-07,2024,連續5個營業日,8,7,0.040000000000000036,0.03557500000000004,-0.05500000000000005,2.4849654950716715,True,True,True,True,1109317.0,False,False
6643,2026-04-28,2026-05-11,2026,連續5個營業日,10,9,0.2486288848263254,0.24420388482632538,-0.05667276051188297,431.390827873831,True,True,True,True,585530.0,False,False
6649,2019-11-08,2019-11-20,2019,因連續3個營業日達本中心作業要點第四條第一項第一款,10,9,-0.004576659038901698,-0.009001659038901698,-0.06636155606407335,-0.22211633658643815,True,True,True,True,236110.0,False,False
6649,2020-03-25,2020-04-08,2020,因連續3個營業日達本中心作業要點第四條第一項第一款,10,9,0.1734693877551019,0.1690443877551019,-0.03571428571428581,75.5939524815029,True,True,True,True,67150.0,False,False
6649,2020-07-14,2020-07-24,2020,因連續3個營業日達本中心作業要點第四條第一項第一款,10,9,-0.0625,-0.066925,-0.20079787234042556,-0.8540013945026712,True,True,True,True,675021.0,False,False
6649,2022-08-29,2022-09-08,2022,因連續3個營業日達本中心作業要點第四條第一項第一款,10,9,0.0013908205841446364,-0.0030341794158553637,-0.05563282336578579,-0.08094644708540366,True,True,True,True,395318.0,False,False
6651,2021-03-04,2021-03-16,2021,因連續3個營業日達本中心作業要點第四條第一項第一款,10,9,0.19465648854961826,0.19023148854961824,-0.06870229007633588,125.14592154919251,True,False,True,False,744456.0,False,True
6654,2026-06-04,2026-06-16,2026,因連續3個營業日達本中心作業要點第四條第一項第一款,10,9,0.2621951219512195,0.2577701219512195,-0.060975609756097615,583.3890289156486,True,True,True,True,172474.0,False,False
6658,2024-07-09,2024-07-19,2024,連續三次,10,9,-0.11936339522546413,-0.12378839522546413,-0.11936339522546413,-0.9745430964292208,True,True,True,True,1043201.0,False,False
6658,2026-05-04,2026-05-14,2026,連續三次,10,9,0.2491909385113269,0.24476593851132689,-0.07119741100323629,436.8495275072371,True,True,True,True,2563138.0,False,False
6658,2026-05-07,2026-05-19,2026,連續三次,10,9,0.14733542319749215,0.14291042319749214,-0.028213166144200663,39.87425197596109,True,False,True,False,513593.0,False,True
6661,2024-07-08,2024-07-18,2024,因連續3個營業日達本中心作業要點第四條第一項第一款,10,9,0.007727975270479082,0.0033029752704790815,-0.1236476043276662,0.09592430684065945,True,True,True,True,551608.0,False,False
6662,2020-05-11,2020-05-21,2020,因連續3個營業日達本中心作業要點第四條第一項第一款,10,9,0.06455266138165339,0.06012766138165339,-0.01925254813137034,4.06283196609142,True,True,True,True,159705.0,False,False
6666,2022-09-06,2022-09-19,2022,連續三次,10,9,-0.0776315789473685,-0.0820565789473685,-0.12368421052631584,-0.9072938148252712,True,True,True,True,210667.0,False,False
6668,2021-04-15,2021-04-27,2021,連續三次,10,9,-0.07182320441988954,-0.07624820441988954,-0.08839779005524862,-0.8895406063158873,True,True,True,True,1717263.0,False,False
6668,2025-04-17,2025-04-29,2025,連續三次,10,9,0.06927710843373491,0.06485210843373491,-0.051204819277108515,4.728434824300749,True,True,True,True,199546.0,False,False
6674,2020-07-14,2020-07-24,2020,連續三次,10,9,-0.07384615384615378,-0.07827115384615378,-0.14,-0.8960666371931101,True,True,True,True,166015.0,False,False
6683,2019-08-27,2019-09-06,2019,因連續3個營業日達本中心作業要點第四條第一項第一款,10,9,-0.1348837209302326,-0.1393087209302326,-0.13953488372093026,-0.9845044988959013,True,True,True,True,1528278.0,False,False
6683,2019-08-30,2019-09-11,2019,因連續3個營業日達本中心作業要點第四條第一項第一款,10,9,0.007444168734491274,0.0030191687344912743,-0.08188585607940446,0.0873455489384285,True,True,True,True,345565.0,False,False
6683,2020-07-07,2020-07-17,2020,因連續3個營業日達本中心作業要點第四條第一項第一款,10,9,-0.02155172413793105,-0.025976724137931048,-0.08045977011494254,-0.5186272157862011,True,True,True,True,1431015.0,False,False
6683,2022-09-06,2022-09-19,2022,因連續3個營業日達本中心作業要點第四條第一項第一款,10,9,-0.08131868131868136,-0.08574368131868136,-0.08131868131868136,-0.9170999604902919,True,True,True,True,416199.0,False,False
6683,2026-02-06,2026-03-02,2026,因連續3個營業日達本中心作業要點第四條第一項第一款,10,9,0.28088235294117636,0.27645735294117635,-0.07352941176470584,879.2777107937646,True,True,True,True,1587770.0,False,False
6683,2026-02-11,2026-03-05,2026,因連續3個營業日達本中心作業要點第四條第一項第一款,10,9,0.11940298507462677,0.11497798507462677,-0.012211668928086894,19.556660715170413,True,True,True,True,342525.0,False,False
6683,2026-03-18,2026-03-30,2026,因連續3個營業日達本中心作業要點第四條第一項第一款,10,9,0.28270042194092837,0.27827542194092836,-0.11814345991561181,914.7774831528359,True,True,True,True,283491.0,False,False
6683,2026-04-15,2026-04-27,2026,最近10個營業日內有6個營業日,10,9,-0.036619718309859106,-0.041044718309859105,-0.07323943661971832,-0.6878245377763823,True,True,True,True,237558.0,False,False
6683,2026-05-11,2026-05-21,2026,因連續3個營業日達本中心作業要點第四條第一項第一款,10,9,-0.21990740740740744,-0.22433240740740745,-0.2754629629629629,-0.9991381441404364,True,True,True,True,292178.0,False,False
6683,2026-07-01,2026-07-14,2026,最近10個營業日內有6個營業日,10,9,-0.12716763005780352,-0.13159263005780353,-0.12716763005780352,-0.9801447657591488,True,False,True,False,482643.0,False,True
6683,2026-07-24,2026-08-05,2026,連續3個營業日,10,9,0.025751072961373467,0.02132607296137347,-0.27639484978540774,0.7970790989338281,True,True,True,True,172828.0,False,False
6692,2024-07-29,2024-08-06,2024,因連續3個營業日達本中心作業要點第四條第一項第一款,8,7,-0.26717557251908397,-0.271600572519084,-0.2709923664122137,-0.9999878485411554,True,True,True,True,355235.0,False,False
6693,2026-06-26,2026-07-08,2026,因連續3個營業日達本中心作業要點第四條第一項第一款,10,9,0.004115226337448652,-0.00030977366255134815,-0.11728395061728392,-0.008569230048749987,True,True,True,True,1087679.0,False,False
6695,2024-06-06,2024-06-19,2024,連續三次,10,9,0.011869436201780381,0.007444436201780381,-0.0801186943620179,0.22878266527473468,True,True,True,True,2489312.0,False,False
6697,2023-05-26,2023-06-07,2023,因連續3個營業日達本中心作業要點第四條第一項第一款,10,9,0.07552870090634434,0.07110370090634434,0.0,5.739898100220666,True,True,True,True,693674.0,False,False
6697,2023-05-31,2023-06-12,2023,因連續3個營業日達本中心作業要點第四條第一項第一款,10,9,0.03211678832116793,0.027691788321167934,-0.014598540145985384,1.1356231545110833,True,False,True,False,159988.0,False,True
6698,2020-03-25,2020-04-08,2020,連續三次,10,9,0.18192771084337345,0.17750271084337343,-0.08433734939759041,92.5759668732791,True,True,True,True,236050.0,False,False
6698,2024-07-10,2024-07-26,2024,連續三次及當日沖銷標準,12,11,-0.22156862745098038,-0.2259936274509804,-0.2450980392156863,-0.9970388068587667,True,True,True,True,1029973.0,False,False
6703,2023-07-19,2023-07-31,2023,因連續3個營業日達本中心作業要點第四條第一項第一款,10,9,-0.03322259136212624,-0.03764759136212624,-0.039867109634551534,-0.6556029849950681,True,True,True,True,422859.0,False,False
6706,2024-09-30,2024-10-11,2024,最近十個營業日已有六次,8,7,0.03571428571428581,0.03128928571428581,-0.005952380952380931,2.0052126408512545,True,True,True,True,1672930.0,False,False
6715,2026-03-17,2026-03-27,2026,連續三次,10,9,0.12418300653594772,0.11975800653594772,-0.09477124183006536,22.150504334291853,True,True,True,True,486278.0,False,False
6715,2026-03-20,2026-04-01,2026,連續三次,10,9,-0.10340136054421767,-0.10782636054421767,-0.24625850340136057,-0.9579666416697232,True,True,True,True,306116.0,False,False
6715,2026-06-29,2026-07-09,2026,連續三次,10,9,-0.16702127659574473,-0.17144627659574474,-0.16702127659574473,-0.9946156930011648,True,False,True,False,280420.0,False,True
6716,2021-02-26,2021-03-11,2021,因連續3個營業日達本中心作業要點第四條第一項第一款,10,9,0.1298076923076923,0.12538269230769228,-0.04807692307692313,25.607644891496964,True,True,True,True,586343.0,False,False
6716,2021-03-04,2021-03-16,2021,因連續3個營業日達本中心作業要點第四條第一項第一款,10,9,0.32579185520361986,0.32136685520361985,-0.10407239819004521,2299.177537404846,True,True,True,True,188194.0,False,False
6716,2021-03-25,2021-04-08,2021,因連續3個營業日達本中心作業要點第四條第一項第一款,10,9,0.18506493506493515,0.18063993506493514,-0.03246753246753242,99.75417029187588,True,True,True,True,138737.0,False,False
6716,2021-07-19,2021-07-29,2021,因連續3個營業日達本中心作業要點第四條第一項第一款,10,9,0.05504587155963292,0.05062087155963292,-0.050458715596330306,2.9420569568089134,True,True,True,True,335628.0,False,False
6716,2023-12-01,2023-12-13,2023,因連續3個營業日達本中心作業要點第四條第一項第一款,10,9,0.01041666666666674,0.005991666666666741,-0.06944444444444442,0.18050056467691777,True,True,True,True,137972.0,False,False
6716,2026-03-03,2026-03-13,2026,因連續3個營業日達本中心作業要點第四條第一項第一款,10,9,-0.2890995260663507,-0.2935245260663507,-0.3393364928909952,-0.9999356938536681,True,True,True,True,904647.0,False,False
6716,2026-03-06,2026-03-18,2026,因連續3個營業日達本中心作業要點第四條第一項第一款,10,9,0.08658536585365839,0.0821603658536584,-0.1499999999999999,7.964892924154141,True,True,True,True,281764.0,False,False
6727,2021-07-22,2021-08-03,2021,因連續3個營業日達本中心作業要點第四條第一項第一款,10,9,-0.0078125,-0.0122375,-0.19921875,-0.2896714232559964,False,True,True,False,4270598.0,True,False
6727,2021-07-27,2021-08-06,2021,因連續3個營業日達本中心作業要點第四條第一項第一款,10,9,-0.12552301255230125,-0.12994801255230126,-0.14225941422594146,-0.9790733315006721,True,False,True,False,1339895.0,False,True
6727,2021-08-17,2021-08-27,2021,因連續3個營業日達本中心作業要點第四條第一項第一款,10,9,0.020304568527918843,0.015879568527918844,-0.1357868020304569,0.549037133647774,True,True,True,True,510400.0,False,False
6727,2025-08-13,2025-08-25,2025,因連續3個營業日達本中心作業要點第四條第一項第一款,10,9,0.22866894197952226,0.22424394197952224,0.0,274.91592534297325,True,True,True,True,1476784.0,False,False
6727,2025-08-18,2025-08-28,2025,因連續3個營業日達本中心作業要點第四條第一項第一款,10,9,0.1404011461318051,0.1359761461318051,-0.10028653295128942,33.51704940573441,True,True,True,True,611966.0,False,False
6727,2025-08-21,2025-09-02,2025,因連續3個營業日達本中心作業要點第四條第一項第一款,10,9,0.1608187134502923,0.1563937134502923,0.0,55.61567937619517,True,True,True,True,571793.0,False,False
6727,2025-10-31,2025-11-12,2025,最近10個營業日內有6個營業日,10,9,-0.10027855153203347,-0.10470355153203346,-0.10027855153203347,-0.9536823882061363,True,False,True,False,88114.0,False,True
6727,2026-03-20,2026-04-01,2026,因連續3個營業日達本中心作業要點第四條第一項第一款,10,9,0.07072368421052633,0.06629868421052633,-0.18092105263157898,4.948577815941348,True,True,True,True,493720.0,False,False
6727,2026-04-10,2026-04-22,2026,因連續3個營業日達本中心作業要點第四條第一項第一款,10,9,0.10357142857142865,0.09914642857142865,-0.12976190476190474,12.817581364035018,True,True,True,True,258963.0,False,False
6727,2026-07-24,2026-08-05,2026,連續3個營業日,10,9,0.10000000000000009,0.09557500000000009,-0.24729729729729732,11.623210355554605,True,True,True,True,146752.0,False,False
6733,2025-08-25,2025-09-04,2025,因連續3個營業日達本中心作業要點第四條第一項第一款,10,9,0.13374233128834367,0.12931733128834366,-0.008588957055214785,28.316419096140656,True,True,True,True,453468.0,False,False
6735,2025-09-08,2025-09-18,2025,因連續3個營業日達本中心作業要點第四條第一項第一款,10,9,0.0904392764857882,0.0860142764857882,-0.04651162790697683,8.895358017120374,True,True,True,True,216387.0,False,False
6735,2026-04-29,2026-05-12,2026,因連續3個營業日達本中心作業要點第四條第一項第一款,10,9,-0.03214285714285714,-0.03656785714285714,-0.14642857142857146,-0.6447067252662573,True,True,True,True,1650989.0,False,False
6735,2026-05-05,2026-05-15,2026,因連續3個營業日達本中心作業要點第四條第一項第一款,10,9,0.016393442622950838,0.011968442622950838,0.0,0.3916400974258216,True,False,True,False,729679.0,False,True
6739,2025-02-18,2025-03-03,2025,因連續3個營業日達本中心作業要點第四條第一項第一款,10,9,-0.10197869101978696,-0.10640369101978696,-0.1248097412480974,-0.9560644842245072,True,True,True,True,557802.0,False,False
6739,2025-02-21,2025-03-06,2025,因連續3個營業日達本中心作業要點第四條第一項第一款,10,9,-0.1497659906396256,-0.1541909906396256,-0.1497659906396256,-0.9904547721197379,True,False,True,False,146081.0,False,True
6739,2025-06-30,2025-07-14,2025,連續3個營業日及沖銷標準,12,11,-0.020000000000000018,-0.024425000000000016,-0.053333333333333344,-0.4299352990766786,True,True,True,True,340551.0,False,False
6739,2026-02-05,2026-02-26,2026,因連續3個營業日達本中心作業要點第四條第一項第一款,10,9,0.2600690448791714,0.25564404487917136,-0.04372842347525896,556.5615452166519,True,True,True,True,108229.0,False,False
6739,2026-08-05,2026-08-10,2026,連續3個營業日,5,4,0.0,-0.004425,-0.042857142857142816,-0.2420790645937695,True,True,True,True,141127.0,False,False
6741,2021-07-01,2021-07-13,2021,因連續3個營業日達本中心作業要點第四條第一項第一款,10,9,0.070754716981132,0.066329716981132,-0.08805031446540879,4.953388663115316,True,False,True,False,1226837.0,False,True
6742,2026-05-27,2026-06-08,2026,連續三次,10,9,-0.09917355371900827,-0.10359855371900827,-0.13719008264462806,-0.9520679118772424,True,True,True,True,892823.0,False,False
6751,2023-03-08,2023-03-20,2023,因連續3個營業日達本中心作業要點第四條第一項第一款,10,9,0.05851755526657998,0.05409255526657998,-0.15734720416124848,3.3203678310774967,True,True,True,True,521054.0,False,False
6751,2023-03-28,2023-04-12,2023,因連續3個營業日達本中心作業要點第四條第一項第一款,10,9,0.09677419354838701,0.09234919354838701,-0.043010752688172005,10.630463181214218,True,True,True,True,456773.0,False,False
6752,2023-03-09,2023-03-21,2023,因連續3個營業日達本中心作業要點第四條第一項第一款,10,9,-0.09554140127388533,-0.09996640127388533,-0.22292993630573243,-0.9463698576735331,True,True,True,True,294350.0,False,False
6752,2023-05-10,2023-05-22,2023,最近10個營業日內有6個營業日,10,9,0.037681159420289934,0.033256159420289935,-0.06666666666666665,1.4812284163667093,True,True,True,True,202100.0,False,False
6753,2024-03-28,2024-04-11,2024,連續三次,10,9,0.012195121951219523,0.007770121951219523,-0.06504065040650409,0.2398649973539284,True,True,True,True,2264272.0,False,False
6754,2024-08-20,2024-08-30,2024,連續三次,10,9,-0.06919642857142849,-0.07362142857142849,-0.0959821428571428,-0.8804751107733181,True,True,True,True,375156.0,False,False
6756,2021-06-24,2021-07-06,2021,連續三次,10,9,0.10606060606060597,0.10163560606060597,-0.05303030303030298,13.713677467583562,True,True,True,True,853748.0,False,False
6756,2021-06-29,2021-07-09,2021,連續三次,10,9,0.23076923076923084,0.22634423076923083,-0.0038461538461538325,288.3712246034917,True,True,True,True,704396.0,False,False
6763,2024-10-24,2024-11-05,2024,因連續3個營業日達本中心作業要點第四條第一項第一款,9,8,-0.15805785123966942,-0.16248285123966943,-0.19731404958677679,-0.9960775864182667,False,True,True,False,11925590.0,True,False
6763,2024-10-29,2024-11-08,2024,因連續3個營業日達本中心作業要點第四條第一項第一款,9,8,-0.07007125890736343,-0.07449625890736343,-0.07244655581947756,-0.9110147384068267,True,True,True,True,2303369.0,False,False
6767,2022-08-30,2022-09-12,2022,因連續3個營業日達本中心作業要點第四條第一項第一款,10,9,-0.06970509383377999,-0.07413009383377998,-0.10589812332439663,-0.8822848248014392,True,True,True,True,436467.0,False,False
6770,2026-01-13,2026-01-23,2026,連續五次,10,9,0.1470588235294117,0.14263382352941167,-0.05882352941176472,39.600359447997846,True,True,True,True,73960843.0,False,False
6770,2026-06-04,2026-06-16,2026,連續三次,10,9,-0.1435464414957781,-0.14797144149577812,-0.25090470446320867,-0.9883004035146689,True,True,True,True,73514423.0,False,False
6781,2024-11-15,2024-11-27,2024,連續三次,10,9,0.0610079575596818,0.056582957559681804,0.0,3.6130581168906897,True,True,True,True,924512.0,False,False
6781,2024-11-20,2024-12-02,2024,連續三次,10,9,0.13748531139835496,0.13306031139835495,-0.10693301997649829,31.138717330746054,True,True,True,True,451337.0,False,False
6781,2024-12-11,2024-12-23,2024,連續三次,10,9,0.02428722280887019,0.019862222808870192,-0.05279831045406547,0.7268874476486851,True,True,True,True,440180.0,False,False
6785,2024-02-23,2024-03-07,2024,因連續3個營業日達本中心作業要點第四條第一項第一款,10,9,-0.08668341708542715,-0.09110841708542715,-0.08668341708542715,-0.9296024054282767,True,False,True,False,657019.0,False,True
6785,2025-10-13,2025-10-23,2025,因連續3個營業日達本中心作業要點第四條第一項第一款,10,9,0.028462998102466885,0.024037998102466887,0.0,0.9344501993612708,True,True,True,True,212633.0,False,False
6785,2026-03-09,2026-03-19,2026,因連續3個營業日達本中心作業要點第四條第一項第一款,10,9,0.04610951008645525,0.041684510086455254,0.0,2.109369935817522,True,False,True,False,65625.0,False,True
6788,2025-12-26,2026-01-08,2025,因連續3個營業日達本中心作業要點第四條第一項第一款,10,9,-0.032531824611032545,-0.03695682461103254,-0.04526166902404527,-0.6486697871253906,True,True,True,True,1354912.0,False,False
6791,2023-03-03,2023-03-15,2023,因連續3個營業日達本中心作業要點第四條第一項第一款,10,9,-0.17356321839080457,-0.1779882183908046,-0.1816091954022988,-0.9956798266695583,True,True,True,True,802813.0,False,False
6791,2023-04-27,2023-05-10,2023,因連續3個營業日達本中心作業要點第四條第一項第一款,10,9,0.1923076923076923,0.18788269230769228,-0.017094017094017144,118.41068340059007,True,True,True,True,282720.0,False,False
6791,2024-11-01,2024-11-12,2024,因連續3個營業日達本中心作業要點第四條第一項第一款,9,8,0.022058823529411686,0.017633823529411688,-0.007352941176470562,0.7267736703979357,True,False,True,False,266884.0,False,True
6791,2026-04-23,2026-05-06,2026,因連續3個營業日達本中心作業要點第四條第一項第一款,10,9,-0.14855072463768115,-0.15297572463768117,-0.17391304347826086,-0.990066389099968,True,True,True,True,100218.0,False,False
6796,2022-07-18,2022-07-28,2022,連續三次,10,9,0.34777376654632985,0.34334876654632984,0.0,3636.4704106120657,True,True,True,True,1322156.0,False,False
6805,2024-02-21,2024-03-05,2024,連續三次,10,9,0.21260997067448684,0.20818497067448682,-0.02346041055718473,190.19834924894138,True,True,True,True,725959.0,False,False
6806,2026-04-15,2026-04-27,2026,連續三次,10,9,0.28358208955223874,0.2791570895522387,0.0,932.4860638524882,True,True,True,True,6655572.0,False,False
6806,2026-04-20,2026-04-30,2026,連續三次,10,9,-0.16420664206642077,-0.16863164206642078,-0.2232472324723247,-0.9940838194335475,False,True,True,False,234253.0,True,False
6806,2026-05-25,2026-06-04,2026,連續三次,10,9,-0.25029940119760474,-0.25472440119760476,-0.3425149700598802,-0.9997160464634819,True,False,True,False,327830.0,False,True
6806,2026-05-28,2026-06-09,2026,連續三次,10,9,-0.09508196721311479,-0.09950696721311479,-0.16557377049180322,-0.9456041870390047,True,True,True,True,369938.0,False,False
6806,2026-06-02,2026-06-12,2026,連續三次,10,9,-0.5018495684340321,-0.5062745684340321,-0.5018495684340321,-0.9999999969400927,False,False,True,False,8398069.0,True,True
6811,2023-03-10,2023-03-22,2023,因連續3個營業日達本中心作業要點第四條第一項第一款,10,9,0.11707317073170742,0.11264817073170742,-0.1121951219512195,18.3962728559308,True,True,True,True,394202.0,False,False
6811,2023-07-28,2023-08-09,2023,因連續3個營業日達本中心作業要點第四條第一項第一款,9,8,-0.160427807486631,-0.164852807486631,-0.19385026737967914,-0.9964099991877575,True,True,True,True,687624.0,False,False
6811,2023-08-02,2023-08-14,2023,因連續3個營業日達本中心作業要點第四條第一項第一款,9,8,-0.1898907103825137,-0.19431571038251372,-0.1994535519125683,-0.9988314347268257,True,True,True,True,310757.0,False,False
6821,2026-04-02,2026-04-16,2026,因連續3個營業日達本中心作業要點第四條第一項第一款,10,9,0.06968641114982588,0.06526141114982588,-0.09407665505226481,4.789913636928321,True,True,True,True,1139027.0,False,False
6821,2026-06-02,2026-06-12,2026,因連續3個營業日達本中心作業要點第四條第一項第一款,10,9,-0.021739130434782594,-0.026164130434782593,-0.11739130434782608,-0.5211933271916721,True,True,True,True,519748.0,False,False
6829,2026-04-22,2026-05-05,2026,因連續3個營業日達本中心作業要點第四條第一項第一款,10,9,0.04397705544933084,0.03955205544933084,-0.1892925430210325,1.9373192508643653,False,True,True,False,758753.0,True,False
6829,2026-04-27,2026-05-08,2026,因連續3個營業日達本中心作業要點第四條第一項第一款,10,9,0.06144067796610164,0.057015677966101644,-0.0423728813559322,3.66582645931485,True,False,True,False,800596.0,False,True
6829,2026-05-20,2026-06-01,2026,因連續3個營業日達本中心作業要點第四條第一項第一款,10,9,0.29894179894179884,0.29451679894179883,-0.05291005291005291,1299.4765274720555,True,True,True,True,196556.0,False,False
6830,2026-03-09,2026-03-19,2026,連續三次,10,9,0.1355013550135502,0.1310763550135502,-0.09756097560975607,29.611651975208865,True,True,True,True,2431060.0,False,False
6830,2026-03-12,2026-03-24,2026,連續三次,10,9,0.03924050632911391,0.03481550632911391,-0.15696202531645564,1.5873733855314547,True,False,True,False,907511.0,False,True
6830,2026-04-13,2026-04-23,2026,連續三次,10,9,0.14550641940085596,0.14108141940085595,0.0,38.09567475263788,True,True,True,True,432520.0,False,True
6830,2026-04-16,2026-04-28,2026,連續三次,10,9,-0.1083437110834371,-0.1127687110834371,-0.2428393524283935,-0.963977060965183,True,True,True,True,229698.0,False,False
6830,2026-06-17,2026-06-30,2026,連續三次,10,9,-0.007000000000000006,-0.011425000000000006,-0.030000000000000027,-0.273261064521902,True,True,True,True,596204.0,False,False
6831,2026-05-19,2026-05-29,2026,連續三次,10,9,0.019230769230769162,0.014805769230769162,-0.038461538461538436,0.5041929295863574,True,True,True,True,574003.0,False,False
6831,2026-07-17,2026-07-29,2026,最近十個營業日已有六次,10,9,-0.17845659163987138,-0.1828815916398714,-0.17845659163987138,-0.9963400759659417,True,False,True,False,640741.0,False,True
6834,2026-05-27,2026-06-08,2026,連續三次,10,9,-0.15802469135802466,-0.16244969135802467,-0.2222222222222222,-0.9927320158366807,True,True,True,True,2394909.0,False,False
6834,2026-06-01,2026-06-11,2026,連續三次,10,9,-0.019230769230769273,-0.023655769230769272,-0.1923076923076923,-0.48572731928960666,True,True,True,True,812284.0,False,False
6834,2026-06-30,2026-07-13,2026,連續五次,10,9,0.12173913043478257,0.11731413043478257,-0.013043478260869601,20.78725588969501,True,True,True,True,890928.0,False,False
6854,2024-10-23,2024-11-04,2024,連續三次,9,8,-0.1228070175438597,-0.1272320175438597,-0.13450292397660824,-0.985773840295673,True,True,True,True,487086.0,False,False
6854,2025-02-19,2025-03-04,2025,最近三十個營業日已有十二次,10,9,-0.13426853707414832,-0.13869353707414833,-0.19038076152304606,-0.9841938839206206,True,True,True,True,403804.0,False,False
6861,2026-03-05,2026-03-17,2026,連續三次,10,9,0.016129032258064502,0.011704032258064502,-0.12580645161290327,0.3815750134292759,True,True,True,True,1305153.0,False,False
6861,2026-03-10,2026-03-20,2026,連續三次,10,9,0.05050505050505061,0.04608005050505061,-0.02020202020202022,2.495183619435919,True,True,True,True,564144.0,True,False
6861,2026-04-28,2026-05-11,2026,連續三次,10,9,0.49328214971209206,0.48885714971209204,0.0,63309.11147582528,True,True,True,True,1740882.0,False,False
6861,2026-05-04,2026-05-14,2026,連續三次,10,9,0.2857142857142858,0.2812892857142858,-0.011428571428571455,976.687017669544,True,True,True,True,650762.0,False,False
6861,2026-05-07,2026-05-19,2026,連續三次,10,9,0.08909574468085113,0.08467074468085113,-0.039893617021276584,8.56088212087906,True,False,True,False,567413.0,False,True
6861,2026-05-12,2026-05-22,2026,連續三次,10,9,0.12250000000000005,0.11807500000000005,-0.025000000000000022,21.203166292322273,True,True,True,True,497220.0,False,False
6863,2024-05-21,2024-05-31,2024,連續三次,10,9,-0.053452115812917644,-0.05787711581291764,-0.07795100222717144,-0.8091178317295151,True,False,True,False,579154.0,False,True
6865,2023-02-17,2023-03-03,2023,因連續3個營業日達本中心作業要點第四條第一項第一款,10,9,0.17808219178082196,0.17365719178082195,-0.0182648401826484,84.44797731476868,True,True,True,True,675837.0,False,False
6869,2024-07-02,2024-07-12,2024,連續三次,10,9,0.017716535433070835,0.013291535433070835,-0.08464566929133854,0.44307631663260927,True,True,True,True,8415088.0,False,False
6869,2024-07-05,2024-07-19,2024,連續三次及當日沖銷標準,12,11,0.1583011583011582,0.1538761583011582,-0.10231660231660233,24.864797907869598,True,True,True,True,1119493.0,False,False
6874,2023-02-23,2023-03-09,2023,因連續3個營業日達本中心作業要點第四條第一項第一款,10,9,0.15492957746478875,0.15050457746478874,0.0,48.12958334821586,True,True,True,True,697370.0,False,False
6874,2023-03-02,2023-03-14,2023,因連續3個營業日達本中心作業要點第四條第一項第一款,10,9,0.022727272727272707,0.01830227272727271,-0.018181818181818188,0.6549984258634225,True,True,True,True,351083.0,False,False
6874,2023-03-07,2023-03-17,2023,因連續3個營業日達本中心作業要點第四條第一項第一款,10,9,0.0,-0.004425,-0.15364806866952796,-0.11590382297714663,True,True,True,True,341207.0,False,False
6874,2023-03-29,2023-04-13,2023,因連續3個營業日達本中心作業要點第四條第一項第一款,10,9,-0.03676470588235292,-0.04118970588235292,-0.03676470588235292,-0.6891329656626102,True,False,True,False,133425.0,False,True
6874,2023-05-02,2023-05-16,2023,連續3個營業日及沖銷標準,12,11,0.09756097560975618,0.09313597560975619,-0.03658536585365857,6.567611070525958,True,True,True,True,310317.0,False,False
6877,2026-03-10,2026-03-20,2026,因連續3個營業日達本中心作業要點第四條第一項第一款,10,9,0.09433962264150941,0.08991462264150941,-0.09339622641509437,9.93150554196425,True,True,True,True,239398.0,False,False
6885,2025-06-12,2025-06-24,2025,連續三次,10,9,0.12759643916913932,0.12317143916913932,-0.029673590504451064,24.192960434758486,True,True,True,True,606278.0,False,False
6890,2026-06-11,2026-06-24,2026,連續三次,10,9,-0.1441281138790036,-0.1485531138790036,-0.2170818505338078,-0.9885202543727256,True,True,True,True,1882010.0,False,False
6890,2026-06-16,2026-06-29,2026,連續三次,10,9,-0.09234234234234229,-0.09676734234234229,-0.09234234234234229,-0.9408149535761373,True,False,True,False,679994.0,False,True
6895,2024-06-12,2024-06-24,2024,因連續3個營業日達本中心作業要點第四條第一項第一款,10,9,0.40217391304347827,0.39774891304347826,-0.007246376811594235,10956.18458512931,True,True,True,True,225309.0,False,False
6895,2024-07-05,2024-07-17,2024,因連續3個營業日達本中心作業要點第四條第一項第一款,10,9,0.09125475285171092,0.08682975285171092,-0.0874524714828897,9.10384420296302,True,True,True,True,159992.0,False,False
6895,2025-06-30,2025-07-10,2025,因連續3個營業日達本中心作業要點第四條第一項第一款,10,9,0.16763005780346818,0.16320505780346817,-0.014450867052023142,65.64776779853901,True,True,True,True,285711.0,False,False
6895,2025-08-18,2025-08-28,2025,因連續3個營業日達本中心作業要點第四條第一項第一款,10,9,0.03795066413662229,0.033525664136622293,-0.028462998102466774,1.4992685611843286,True,True,True,True,533629.0,False,False
6895,2025-08-21,2025-09-02,2025,因連續3個營業日達本中心作業要點第四條第一項第一款,10,9,0.04112149532710285,0.036696495327102854,-0.013084112149532756,1.7212441590028185,True,True,True,True,164214.0,False,False
6895,2025-09-22,2025-10-03,2025,因連續3個營業日達本中心作業要點第四條第一項第一款,10,9,0.07370517928286846,0.06928017928286846,-0.0019920318725099584,5.428322894406902,True,True,True,True,62328.0,False,False
6903,2026-04-17,2026-04-29,2026,因連續3個營業日達本中心作業要點第四條第一項第一款,10,9,0.058666666666666645,0.054241666666666646,-0.01866666666666672,3.337376608312602,True,True,True,True,736291.0,False,False
6906,2026-06-01,2026-06-11,2026,連續三次,10,9,-0.17808219178082196,-0.18250719178082198,-0.19634703196347036,-0.9962932068408695,True,True,True,True,363131.0,False,False
6907,2026-03-03,2026-03-13,2026,因連續3個營業日達本中心作業要點第四條第一項第一款,10,9,0.06280193236714982,0.05837693236714982,-0.18937198067632843,3.8356471442451356,False,True,True,False,328640.0,True,False
6907,2026-03-06,2026-03-18,2026,因連續3個營業日達本中心作業要點第四條第一項第一款,10,9,0.5934065934065933,0.5889815934065933,-0.03296703296703296,386041.55224223965,True,True,True,True,514281.0,False,False
6907,2026-03-25,2026-04-08,2026,因連續3個營業日達本中心作業要點第四條第一項第一款,10,9,-0.03658536585365857,-0.04101036585365857,-0.20243902439024397,-0.6875137499382884,True,True,True,True,1277533.0,False,False
6907,2026-04-07,2026-04-17,2026,因連續3個營業日達本中心作業要點第四條第一項第一款,10,9,0.28358208955223874,0.2791570895522387,0.0,932.4860638524882,True,True,True,True,452753.0,False,False
6907,2026-07-21,2026-07-31,2026,最近10個營業日內有6個營業日,10,9,-0.18719211822660098,-0.191617118226601,-0.2857142857142857,-0.9972847578561908,True,True,True,True,1382189.0,False,False
6916,2025-04-24,2025-05-07,2025,連續三次,10,9,0.09541984732824438,0.09099484732824438,-0.0515267175572518,10.23648665986396,True,True,True,True,258049.0,False,False
6922,2024-12-31,2025-01-13,2024,因連續3個營業日達本中心作業要點第四條第一項第一款,10,9,-0.17176470588235293,-0.17618970588235294,-0.19058823529411761,-0.9954094251923888,True,True,True,True,254919.0,False,False
6924,2026-05-22,2026-06-03,2026,連續三次,10,9,0.1428571428571428,0.13843214285714278,-0.05775075987841949,35.651139315416415,True,True,True,True,65534.0,False,False
6924,2026-06-17,2026-06-30,2026,連續三次,10,9,0.10045662100456632,0.09603162100456632,0.0,11.770172846515214,True,True,True,True,17206.0,False,False
6928,2025-08-05,2025-08-19,2025,連續三次及當日沖銷標準,12,11,-0.07988980716253435,-0.08431480716253435,-0.08815426997245168,-0.8649186910908667,True,True,True,True,525753.0,False,False
6933,2025-07-22,2025-08-01,2025,連續三次,10,9,0.02304147465437789,0.018616474654377893,-0.05069124423963134,0.6692421129822683,True,True,True,True,811404.0,False,False
6933,2025-07-25,2025-08-06,2025,連續三次,10,9,0.013574660633484115,0.009149660633484115,-0.09276018099547512,0.287885282874212,True,True,True,True,92089.0,False,False
6937,2024-07-16,2024-07-26,2024,連續三次,8,7,-0.0903225806451613,-0.0947475806451613,-0.13225806451612898,-0.9714201130709577,True,True,True,True,451684.0,False,False
6949,2024-04-17,2024-04-29,2024,連續三次,10,9,0.4261603375527425,0.4217353375527425,0.0,17576.83976049088,True,True,True,True,156100.0,False,False
6949,2025-08-11,2025-08-21,2025,連續三次,10,9,0.04558823529411771,0.04116323529411771,-0.04117647058823526,2.066436721665894,True,True,True,True,598958.0,False,False
6949,2025-08-14,2025-08-26,2025,連續三次,10,9,0.19393939393939386,0.18951439393939384,0.0,123.05172966351219,True,True,True,True,535179.0,False,False
6949,2026-02-02,2026-02-23,2026,連續三次,10,9,0.12244897959183665,0.11802397959183665,-0.005102040816326481,21.175039507792555,True,True,True,True,400758.0,False,False
6949,2026-02-05,2026-02-26,2026,連續三次,10,9,0.12096774193548376,0.11654274193548377,0.0,20.373266976702798,True,True,True,True,121617.0,False,False
6949,2026-04-21,2026-05-04,2026,連續三次,10,9,-0.057213930348258724,-0.06163893034825872,-0.09079601990049746,-0.829195428511003,True,True,True,True,83023.0,False,False
6969,2024-10-01,2024-10-14,2024,連續三次,8,7,-0.08030303030303021,-0.08472803030303021,-0.09090909090909094,-0.9576560362746416,True,True,True,True,367002.0,False,False
6969,2026-07-30,2026-08-10,2026,連續三次,9,8,0.2184724689165185,0.2140474689165185,0.0,427.9084680886152,True,True,True,True,280124.0,False,False
7402,2021-04-16,2021-04-28,2021,因連續3個營業日達本中心作業要點第四條第一項第一款,10,9,-0.07500000000000007,-0.07942500000000006,-0.1032608695652174,-0.8996207850773209,True,True,True,True,43633.0,False,False
7402,2023-03-15,2023-03-27,2023,因連續3個營業日達本中心作業要點第四條第一項第一款,10,9,0.10612855007473843,0.10170355007473843,-0.13153961136023917,13.738905921502148,True,True,True,True,752931.0,False,False
7402,2024-04-10,2024-04-24,2024,連續5個營業日及沖銷標準,12,11,-0.07258064516129037,-0.07700564516129037,-0.12096774193548387,-0.8381662116297953,True,True,True,True,610788.0,False,False
7402,2025-09-03,2025-09-17,2025,連續5個營業日及沖銷標準,12,11,0.3083700440528634,0.3039450440528634,0.0,415.4177888794811,True,True,True,True,1615148.0,False,False
7402,2025-09-15,2025-09-25,2025,因連續3個營業日達本中心作業要點第四條第一項第一款,10,9,-0.08588957055214719,-0.09031457055214719,-0.1165644171779141,-0.9278743132242993,True,True,True,True,1527034.0,False,False
7402,2025-10-16,2025-10-29,2025,最近10個營業日內有6個營業日,10,9,-0.1007194244604317,-0.10514442446043169,-0.1007194244604317,-0.9543117922795762,True,False,True,False,207694.0,False,True
7402,2025-11-14,2025-11-26,2025,最近10個營業日內有6個營業日,10,9,0.2264150943396226,0.22199009433962258,-0.047169811320754707,261.1481626759255,True,True,True,True,163310.0,False,False
7402,2025-12-05,2025-12-19,2025,連續5個營業日及沖銷標準,12,11,-0.07633587786259544,-0.08076087786259543,-0.08015267175572516,-0.8524872599430979,True,True,True,True,107847.0,False,False
7556,2021-03-02,2021-03-12,2021,因連續3個營業日達本中心作業要點第四條第一項第一款,10,9,-0.05602240896358546,-0.060447408963585456,-0.20448179271708689,-0.8230672685434287,True,True,True,True,329507.0,False,False
7556,2026-04-21,2026-05-04,2026,因連續3個營業日達本中心作業要點第四條第一項第一款,10,9,-0.02970297029702973,-0.03412797029702973,-0.07095709570957098,-0.6188466741656161,True,True,True,True,434651.0,False,False
7610,2026-02-26,2026-03-11,2026,連續三次,10,9,0.13666666666666671,0.1322416666666667,-0.1266666666666667,30.49990532576908,True,True,True,True,748264.0,False,False
7610,2026-03-04,2026-03-16,2026,連續三次,10,9,0.09929078014184389,0.0948657801418439,-0.07092198581560283,11.398177171616911,True,True,True,True,745430.0,False,False
7610,2026-04-17,2026-04-29,2026,連續三次,10,9,0.006309148264984188,0.0018841482649841878,-0.16561514195583593,0.05367937746757945,True,True,True,True,783092.0,False,False
7610,2026-04-22,2026-05-05,2026,連續三次,10,9,0.15348101265822778,0.14905601265822777,-0.16297468354430378,46.4399730638496,True,True,True,True,410735.0,False,False
7610,2026-05-27,2026-06-08,2026,連續三次,10,9,0.390625,0.3862,-0.046875,8700.78163659972,True,True,True,True,229649.0,False,False
7610,2026-06-08,2026-06-18,2026,連續三次,10,9,0.46984126984126995,0.46541626984126994,-0.053968253968254,40739.656951648074,True,True,True,True,243199.0,False,False
7610,2026-06-26,2026-07-08,2026,連續三次,10,9,0.11936936936936937,0.11494436936936937,-0.08783783783783783,19.53945191059455,True,True,True,True,407268.0,False,False
7610,2026-07-29,2026-08-10,2026,連續三次,10,9,0.6049382716049383,0.6005132716049383,-0.09876543209876543,471919.54064780753,True,True,True,True,141751.0,False,False
7610,2026-08-03,2026-08-10,2026,連續三次,7,6,0.4772727272727273,0.4728477272727273,0.0,10152593.458357183,False,True,True,False,133469.0,True,False
7642,2025-06-20,2025-07-02,2025,因連續3個營業日達本中心作業要點第四條第一項第一款,10,9,0.07407407407407418,0.06964907407407418,-0.02777777777777779,5.490211905501988,True,True,True,True,531992.0,False,False
7703,2025-09-08,2025-09-18,2025,因連續3個營業日達本中心作業要點第四條第一項第一款,10,9,-0.03874538745387457,-0.04317038745387457,-0.1254612546125461,-0.706486561204217,True,True,True,True,315459.0,False,False
7709,2026-06-08,2026-06-18,2026,因連續3個營業日達本中心作業要點第四條第一項第一款,10,9,0.029556650246305383,0.025131650246305384,0.0,0.9926659858651707,True,True,True,True,339246.0,False,False
7711,2026-03-26,2026-04-09,2026,連續三次,10,9,-0.03418803418803418,-0.038613034188034176,-0.1316239316239316,-0.6650724845226661,True,True,True,True,507298.0,False,False
7711,2026-05-04,2026-05-14,2026,連續三次,10,9,-0.04761904761904767,-0.05204404761904767,-0.0714285714285714,-0.773417372288896,True,True,True,True,311371.0,False,False
7712,2026-06-29,2026-07-09,2026,因連續3個營業日達本中心作業要點第四條第一項第一款,10,9,-0.04884318766066842,-0.05326818766066842,-0.07455012853470433,-0.7814060824279608,True,True,True,True,283472.0,False,False
7714,2025-05-07,2025-05-19,2025,因連續3個營業日達本中心作業要點第四條第一項第一款,10,9,-0.15845070422535212,-0.16287570422535214,-0.17957746478873238,-0.9928340084064032,True,True,True,True,223303.0,False,False
7714,2025-09-16,2025-09-26,2025,因連續3個營業日達本中心作業要點第四條第一項第一款,10,9,-0.07947019867549665,-0.08389519867549665,-0.0927152317880795,-0.9123158509769607,True,True,True,True,166253.0,False,False
7714,2026-07-21,2026-07-31,2026,因連續3個營業日達本中心作業要點第四條第一項第一款,10,9,-0.2527173913043478,-0.2571423913043478,-0.32065217391304346,-0.9997405559132335,True,True,True,True,314121.0,False,False
7717,2025-12-19,2026-01-02,2025,因連續3個營業日達本中心作業要點第四條第一項第一款,10,9,0.27704918032786896,0.27262418032786895,-0.01967213114754096,808.7259839652481,True,True,True,True,541376.0,False,False
7717,2026-01-05,2026-01-15,2025,因連續3個營業日達本中心作業要點第四條第一項第一款,10,9,0.22165605095541396,0.21723105095541395,-0.0573248407643312,234.21924203588415,True,True,True,True,183330.0,False,False
7717,2026-02-02,2026-02-23,2026,因連續3個營業日達本中心作業要點第四條第一項第一款,10,9,0.2183098591549295,0.2138848591549295,-0.029929577464788748,216.90326392675968,True,True,True,True,173905.0,False,False
7717,2026-03-05,2026-03-17,2026,因連續3個營業日達本中心作業要點第四條第一項第一款,10,9,-0.08590604026845639,-0.09033104026845638,-0.2832214765100671,-0.9279105773381591,True,True,True,True,255196.0,False,False
7717,2026-03-16,2026-03-26,2026,因連續3個營業日達本中心作業要點第四條第一項第一款,10,9,0.13064516129032255,0.12622016129032254,-0.06451612903225812,26.163172497953507,True,True,True,True,169389.0,False,False
7721,2026-04-08,2026-04-20,2026,連續三次,10,9,-0.040000000000000036,-0.044425000000000034,-0.07058823529411762,-0.7169915391041419,True,True,True,True,1523997.0,False,False
7728,2025-12-09,2025-12-19,2025,因連續3個營業日達本中心作業要點第四條第一項第一款,10,9,-0.0657174151150055,-0.0701424151150055,-0.10186199342825852,-0.8673586807411273,True,True,True,True,111206.0,False,False
7728,2025-12-12,2025-12-24,2025,因連續3個營業日達本中心作業要點第四條第一項第一款,10,9,-0.11554621848739499,-0.11997121848739499,-0.1386554621848739,-0.971275891571461,True,True,True,True,33162.0,False,False
7728,2026-01-08,2026-01-20,2026,因連續3個營業日達本中心作業要點第四條第一項第一款,10,9,0.09294871794871784,0.08852371794871784,-0.04166666666666663,9.550545117786205,True,True,True,True,21646.0,False,False
7728,2026-02-10,2026-03-04,2026,因連續3個營業日達本中心作業要點第四條第一項第一款,10,9,0.0,-0.004425,-0.04962779156327546,-0.11590382297714663,True,False,True,False,64148.0,False,True
7734,2026-04-10,2026-04-22,2026,因連續3個營業日達本中心作業要點第四條第一項第一款,10,9,0.23287671232876717,0.22845171232876715,-0.12720156555773,302.5073180204872,True,True,True,True,181550.0,False,False
7734,2026-04-30,2026-05-13,2026,因連續3個營業日達本中心作業要點第四條第一項第一款,10,9,0.339969372128637,0.33554437212863697,0.0,3092.918955521634,True,True,True,True,69985.0,False,False
7744,2026-03-03,2026-03-13,2026,因連續3個營業日達本中心作業要點第四條第一項第一款,10,9,-0.0799220272904484,-0.08434702729044839,-0.2007797270955166,-0.9135092398743813,True,True,True,True,343860.0,False,False
7744,2026-03-06,2026-03-18,2026,因連續3個營業日達本中心作業要點第四條第一項第一款,10,9,0.10465116279069764,0.10022616279069764,-0.046511627906976716,13.199625472901557,True,True,True,True,28832.0,False,False
7751,2025-12-09,2025-12-19,2025,因連續3個營業日達本中心作業要點第四條第一項第一款,10,9,0.0015698587127157548,-0.0028551412872842453,-0.042386185243328045,-0.07635078425141828,True,True,True,True,390015.0,False,False
7751,2025-12-12,2025-12-24,2025,因連續3個營業日達本中心作業要點第四條第一項第一款,10,9,0.09584664536741205,0.09142164536741205,-0.025559105431309903,10.359231760815033,True,True,True,True,147037.0,False,False
7751,2026-03-05,2026-03-17,2026,因連續3個營業日達本中心作業要點第四條第一項第一款,10,9,0.22844827586206895,0.22402327586206894,-0.06896551724137934,273.5377825101948,True,True,True,True,215379.0,False,False
7751,2026-03-24,2026-04-07,2026,因連續3個營業日達本中心作業要點第四條第一項第一款,10,9,0.12615384615384606,0.12172884615384606,-0.15076923076923077,23.309424277923128,True,True,True,True,73868.0,False,False
7751,2026-05-04,2026-05-14,2026,因連續3個營業日達本中心作業要點第四條第一項第一款,10,9,-0.3487394957983193,-0.3531644957983193,-0.3487394957983193,-0.9999944502475879,True,False,True,False,198248.0,False,True
7751,2026-05-15,2026-05-27,2026,因連續3個營業日達本中心作業要點第四條第一項第一款,10,9,0.0625,0.058075,-0.12812500000000004,3.797473511484214,True,True,True,True,534765.0,False,False
7751,2026-05-20,2026-06-01,2026,因連續3個營業日達本中心作業要點第四條第一項第一款,10,9,0.1331269349845201,0.1287019349845201,-0.10216718266253866,27.87588250375114,True,True,True,True,313819.0,False,False
7769,2026-05-18,2026-05-28,2026,連續三次,10,9,0.1711026615969582,0.16667766159695818,-0.03269961977186309,71.40136199902558,True,True,True,True,768853.0,False,False
7777,2026-02-02,2026-02-23,2026,因連續3個營業日達本中心作業要點第四條第一項第一款,10,9,-0.06649282920469368,-0.07091782920469368,-0.17340286831812257,-0.8703971324072481,True,True,True,True,2435488.0,False,False
7780,2026-01-28,2026-02-09,2026,連續三次,10,9,-0.013358778625954137,-0.017783778625954136,-0.06488549618320605,-0.39252191061981745,True,True,True,True,8729648.0,False,False
7795,2026-07-08,2026-07-21,2026,連續三次,10,9,-0.28485370051635117,-0.2892787005163512,-0.29001721170395867,-0.9999240483924422,True,True,True,True,637953.0,False,False
7828,2026-06-03,2026-06-15,2026,因連續3個營業日達本中心作業要點第四條第一項第一款,10,9,0.3913043478260869,0.3868793478260869,-0.05351170568561869,8820.022276727579,True,True,True,True,503232.0,False,False
7828,2026-06-23,2026-07-03,2026,因連續3個營業日達本中心作業要點第四條第一項第一款,10,9,-0.017857142857142905,-0.022282142857142903,-0.1674107142857143,-0.46524594005462594,False,True,True,False,271698.0,True,False
7828,2026-08-05,2026-08-10,2026,連續3個營業日,5,4,-0.062322946175637384,-0.06674794617563738,-0.07648725212464591,-0.9866667922083161,True,True,True,True,225183.0,True,False
8021,2025-08-13,2025-08-25,2025,最近十個營業日已有六次,10,9,0.05549132947976876,0.05106632947976876,-0.02774566473988449,2.988749599019995,True,True,True,True,10560367.0,False,False
8021,2025-08-28,2025-09-09,2025,最近十個營業日已有六次,10,9,0.13112884834663618,0.12670384834663617,-0.144811858608894,26.48909810989354,True,True,True,True,2508056.0,False,False
8021,2026-01-28,2026-02-09,2026,最近十個營業日已有六次,10,9,-0.15531914893617016,-0.15974414893617017,-0.19999999999999996,-0.9920508497897218,True,True,True,True,1968925.0,False,False
8021,2026-04-17,2026-04-29,2026,連續三次,10,9,0.052197802197802234,0.047772802197802236,-0.0027472527472527375,2.655742369824797,True,True,True,True,4277551.0,False,False
8021,2026-04-29,2026-05-12,2026,連續三次,10,9,0.24735449735449744,0.24292949735449743,0.0,419.2558294982547,True,True,True,True,1724785.0,False,False
8021,2026-05-28,2026-06-09,2026,最近十個營業日已有六次,10,9,0.1435028248587571,0.13907782485875708,-0.06779661016949157,36.23297182054525,True,True,True,True,1417437.0,False,False
8021,2026-06-18,2026-07-01,2026,連續五次,10,9,0.012635379061371799,0.008210379061371799,-0.07761732851985559,0.2549991858423577,True,True,True,True,1188992.0,False,False
8021,2026-07-07,2026-07-20,2026,最近十個營業日已有六次,10,9,-0.22735849056603774,-0.23178349056603775,-0.22735849056603774,-0.9993408414437328,True,False,True,False,1500118.0,False,True
8024,2021-02-01,2021-02-22,2021,因連續3個營業日達本中心作業要點第四條第一項第一款,10,9,0.3081896551724139,0.3037646551724139,-0.12068965517241381,1583.8124240020918,True,True,True,True,2588791.0,False,False
8024,2026-07-02,2026-07-15,2026,因連續3個營業日達本中心作業要點第四條第一項第一款,10,9,0.13531353135313529,0.13088853135313527,-0.01650165016501648,29.47076288341192,True,True,True,True,176647.0,False,False
8027,2020-09-22,2020-10-06,2020,最近10個營業日內有6個營業日,10,9,-0.08432147562582348,-0.08874647562582348,-0.11989459815546777,-0.9243398408800955,True,True,True,True,1362439.0,False,False
8027,2026-05-08,2026-05-20,2026,因連續3個營業日達本中心作業要點第四條第一項第一款,10,9,0.16504854368932032,0.1606235436893203,-0.05339805825242716,61.65888619532452,True,True,True,True,3138265.0,False,True
8027,2026-05-27,2026-06-08,2026,最近10個營業日內有6個營業日,10,9,-0.001890359168241984,-0.006315359168241984,-0.0850661625708885,-0.1613676996718636,True,False,True,False,1288084.0,False,True
8027,2026-06-23,2026-07-03,2026,最近10個營業日內有6個營業日,10,9,0.014256619144602745,0.009831619144602744,-0.23014256619144602,0.31228088472368176,True,True,True,True,1193270.0,False,False
8027,2026-07-16,2026-07-28,2026,最近10個營業日內有6個營業日,10,9,-0.26834381551362685,-0.27276881551362686,-0.26834381551362685,-0.9998562627710729,True,False,True,False,453593.0,False,True
8028,2026-07-27,2026-08-06,2026,連續五次,10,9,-0.08803986710963452,-0.09246486710963452,-0.24584717607973416,-0.9324632458922035,True,True,True,True,1910406.0,False,False
8032,2024-09-23,2024-10-04,2024,因連續3個營業日達本中心作業要點第四條第一項第一款,9,8,-0.13068181818181823,-0.13510681818181824,-0.16022727272727266,-0.9892828996881342,True,True,True,True,3234509.0,False,False
8033,2022-11-11,2022-11-23,2022,連續三次,10,9,0.26436781609195403,0.259942816091954,-0.08333333333333326,612.08851994322,True,True,True,True,5887453.0,False,False
8033,2023-03-09,2023-03-21,2023,最近十個營業日已有六次,10,9,-0.04159999999999997,-0.04602499999999997,-0.15039999999999998,-0.729863569106401,True,True,True,True,4078912.0,False,False
8033,2023-03-30,2023-04-14,2023,最近十個營業日已有六次,10,9,0.26584507042253547,0.26142007042253546,-0.010563380281690016,632.3727207655513,True,True,True,True,1592825.0,False,False
8033,2023-04-25,2023-05-08,2023,連續五次,10,9,0.06482758620689655,0.06040258620689655,-0.0482758620689655,4.099429808945665,True,True,True,True,1839063.0,False,False
8033,2023-05-17,2023-05-29,2023,連續五次,10,9,0.11359999999999992,0.10917499999999992,-0.0032000000000000917,16.782876372712696,True,True,True,True,1433146.0,False,False
8033,2024-05-28,2024-06-07,2024,最近十個營業日已有六次,10,9,-0.04095112285336866,-0.04537612285336866,-0.04887714663143994,-0.7247128683899602,True,True,True,True,1506523.0,False,False
8033,2025-01-08,2025-01-20,2025,連續五次,10,9,0.018099547511312153,0.013674547511312153,-0.07993966817496223,0.45830506898831147,True,True,True,True,1508013.0,False,False
8033,2025-03-28,2025-04-15,2025,連續五次及當日沖銷標準,12,11,-0.09347181008902083,-0.09789681008902083,-0.2744807121661722,-0.9038175411122581,True,True,True,True,1718337.0,False,False
8033,2025-08-05,2025-08-19,2025,連續五次及當日沖銷標準,12,11,0.2233009708737863,0.2188759708737863,-0.043689320388349495,88.87219512612855,True,True,True,True,8216278.0,False,False
8033,2025-08-12,2025-08-22,2025,連續五次,10,9,0.2191780821917808,0.2147530821917808,-0.022831050228310557,221.27425205721423,True,True,True,True,2485353.0,False,False
8033,2025-09-02,2025-09-12,2025,連續五次,10,9,0.021604938271605034,0.017179938271605036,-0.04938271604938271,0.6050702930944476,True,True,True,True,3521522.0,False,False
8033,2025-09-23,2025-10-07,2025,連續五次,10,9,0.0066225165562914245,0.0021975165562914244,-0.08609271523178808,0.06287250585554127,True,True,True,True,1434666.0,False,False
8033,2025-10-17,2025-10-30,2025,連續五次,10,9,-0.11721611721611724,-0.12164111721611724,-0.15384615384615385,-0.972752085495857,True,True,True,True,1023689.0,False,False
8033,2025-12-08,2025-12-22,2025,連續五次及當日沖銷標準,12,11,0.05882352941176472,0.05439852941176472,-0.03676470588235292,2.333006581098742,True,True,True,True,2355514.0,False,False
8033,2026-01-19,2026-01-29,2026,連續五次,10,9,0.026490066225165476,0.022065066225165478,-0.039735099337748325,0.8335506170252578,True,True,True,True,2123748.0,False,False
8033,2026-03-10,2026-03-20,2026,最近十個營業日已有六次,10,9,0.09747292418772568,0.09304792418772569,-0.032490974729241895,10.838896313198351,True,True,True,True,869589.0,False,False
8033,2026-07-07,2026-07-20,2026,最近十個營業日已有六次,10,9,-0.0788288288288288,-0.0832538288288288,-0.09909909909909909,-0.9105945441464284,True,True,True,True,8165973.0,False,False
8033,2026-07-29,2026-08-10,2026,連續五次,10,9,-0.017142857142857126,-0.021567857142857125,-0.17142857142857137,-0.4542871168692705,True,True,True,True,1651083.0,False,False
8034,2020-01-02,2020-01-14,2019,連續5個營業日,10,9,-0.03508771929824572,-0.03951271929824572,-0.1520467836257311,-0.6736707089039269,True,True,True,True,1631211.0,False,False
8034,2020-05-12,2020-05-22,2020,因連續3個營業日達本中心作業要點第四條第一項第一款,10,9,0.44791666666666674,0.44349166666666673,-0.01041666666666674,26801.448667653985,True,True,True,True,1026560.0,False,False
8034,2020-06-08,2020-06-18,2020,因連續3個營業日達本中心作業要點第四條第一項第一款,10,9,0.1170731707317072,0.1126481707317072,-0.1097560975609756,18.396272855930693,True,True,True,True,781440.0,False,False
8034,2020-06-11,2020-06-23,2020,因連續3個營業日達本中心作業要點第四條第一項第一款,10,9,-0.02355460385438979,-0.027979603854389787,-0.11777301927194861,-0.5453791109109742,False,True,True,False,1633834.0,True,False
8034,2023-06-16,2023-06-30,2023,因連續3個營業日達本中心作業要點第四條第一項第一款,10,9,-0.0558035714285714,-0.060228571428571395,-0.0982142857142857,-0.8219189527301471,True,True,True,True,2500774.0,False,False
8038,2025-05-22,2025-06-04,2025,因連續3個營業日達本中心作業要點第四條第一項第一款,10,9,-0.00519031141868509,-0.00961531141868509,-0.03460207612456745,-0.23538616330107298,True,True,True,True,314019.0,False,False
8038,2025-08-13,2025-08-25,2025,連續5個營業日,10,9,0.14859437751004023,0.14416937751004022,-0.056224899598393496,41.14354993028603,True,True,True,True,4162688.0,False,False
8038,2025-09-09,2025-09-19,2025,最近10個營業日內有6個營業日,10,9,-0.09966216216216228,-0.10408716216216228,-0.12162162162162171,-0.9527883821625776,True,True,True,True,1036529.0,False,False
8038,2026-01-22,2026-02-03,2026,最近10個營業日內有6個營業日,10,9,-0.15514184397163122,-0.15956684397163123,-0.1684397163120568,-0.9920041241746479,True,True,True,True,906673.0,False,False
8039,2024-09-03,2024-09-13,2024,連續三次,10,9,-0.027181688125894166,-0.031606688125894164,-0.12017167381974259,-0.5902212038101446,True,True,True,True,4400969.0,False,False
8040,2019-11-19,2019-11-29,2019,因連續3個營業日達本中心作業要點第四條第一項第一款,10,9,0.06530612244897971,0.06088112244897971,0.0,4.163741432796665,True,True,True,True,2096601.0,False,False
8040,2021-03-23,2021-04-06,2021,因連續3個營業日達本中心作業要點第四條第一項第一款,10,9,0.02535657686212356,0.02093157686212356,-0.1933438985736926,0.7778968886512359,True,True,True,True,6611659.0,False,False
8040,2021-03-26,2021-04-09,2021,因連續3個營業日達本中心作業要點第四條第一項第一款,10,9,0.21818181818181825,0.21375681818181824,-0.036363636363636376,216.26570623362423,True,True,True,True,2024482.0,False,False
8040,2021-06-23,2021-07-05,2021,因連續3個營業日達本中心作業要點第四條第一項第一款,10,9,0.13991163475699553,0.13548663475699552,-0.030927835051546504,33.10625820880823,True,True,True,True,2604773.0,False,False
8040,2024-03-19,2024-03-29,2024,因連續3個營業日達本中心作業要點第四條第一項第一款,10,9,-0.034117647058823586,-0.038542647058823584,-0.0811764705882354,-0.6643906654764984,True,True,True,True,3323188.0,False,False
8042,2026-05-13,2026-05-25,2026,因連續3個營業日達本中心作業要點第四條第一項第一款,10,9,0.3540621865596789,0.3496371865596789,-0.016048144433299938,4140.33044499464,True,True,True,True,5292715.0,False,False
8042,2026-05-18,2026-05-28,2026,因連續3個營業日達本中心作業要點第四條第一項第一款,10,9,0.5149999999999999,0.5105749999999999,-0.0030000000000000027,94660.80939152112,True,True,True,True,2306721.0,False,False
8042,2026-06-01,2026-06-11,2026,因連續3個營業日達本中心作業要點第四條第一項第一款,10,9,-0.054878048780487854,-0.05930304878048785,-0.2347560975609756,-0.8169824740561589,True,True,True,True,1590879.0,False,False
8042,2026-06-23,2026-07-03,2026,因連續3個營業日達本中心作業要點第四條第一項第一款,10,9,0.10209424083769636,0.09766924083769636,-0.11518324607329844,12.31092326046921,True,True,True,True,1481483.0,False,False
8043,2018-05-18,2018-05-30,2018,因連續3個營業日達本中心作業要點第四條第一項第一款,10,9,0.370860927152318,0.366435927152318,-0.1280353200883002,5838.40601583134,True,True,True,True,2570576.0,False,False
8043,2018-06-06,2018-06-19,2018,因連續3個營業日達本中心作業要點第四條第一項第一款,10,9,0.22882882882882893,0.22440382882882892,0.0,275.9186429512906,True,True,True,True,499500.0,False,False
8043,2025-10-30,2025-11-13,2025,連續3個營業日及沖銷標準,12,11,0.19062181447502557,0.18619681447502556,-0.10703363914373087,47.45970423470452,True,True,True,True,1304855.0,False,False
8043,2025-11-27,2025-12-09,2025,最近10個營業日內有6個營業日,10,9,0.22550335570469793,0.22107835570469792,0.0,255.76899948085742,True,True,True,True,1366850.0,False,False
8043,2026-04-22,2026-05-05,2026,因連續3個營業日達本中心作業要點第四條第一項第一款,10,9,0.08323831242873436,0.07881331242873436,-0.09464082098061566,7.225738812252931,True,True,True,True,1499602.0,False,False
8044,2024-11-05,2024-11-14,2024,因連續3個營業日達本中心作業要點第四條第一項第一款,9,8,0.02851323828920571,0.024088238289205713,-0.009164969450101923,1.103987091550195,True,True,True,True,4930117.0,False,False
8045,2025-01-15,2025-02-05,2025,連續三次,10,9,0.21171171171171177,0.20728671171171176,-0.018018018018018056,186.2887453707191,True,True,True,True,318539.0,False,False
8045,2025-08-05,2025-08-15,2025,連續三次,10,9,0.07079646017699126,0.06637146017699126,-0.0663716814159292,4.959865807257776,True,True,True,True,482315.0,False,False
8046,2026-01-26,2026-02-05,2026,連續三次,10,9,0.0628342245989304,0.0584092245989304,-0.046791443850267345,3.839747176008598,True,True,True,True,5186357.0,False,False
8046,2026-01-29,2026-02-10,2026,連續三次,10,9,0.050000000000000044,0.045575000000000046,-0.08589743589743593,2.448610792995347,True,True,True,True,4182431.0,False,False
8046,2026-03-04,2026-03-16,2026,連續三次,10,9,0.21459227467811148,0.21016727467811147,-0.12231759656652363,199.1065194325328,True,True,True,True,4542256.0,False,False
8046,2026-08-05,2026-08-12,2026,連續三次及當日沖銷標準,7,6,0.10964912280701755,0.10522412280701755,-0.10964912280701755,63.629600615823335,True,True,True,True,5440142.0,False,False
8047,2024-03-05,2024-03-15,2024,因連續3個營業日達本中心作業要點第四條第一項第一款,10,9,-0.24722222222222223,-0.25164722222222224,-0.2694444444444444,-0.9996816133406828,True,True,True,True,556521.0,False,False
8047,2024-11-11,2024-11-21,2024,因連續3個營業日達本中心作業要點第四條第一項第一款,10,9,0.07359307359307365,0.06916807359307366,-0.08658008658008653,5.409628051748076,True,True,True,True,1371767.0,False,False
8047,2025-10-21,2025-11-03,2025,因連續3個營業日達本中心作業要點第四條第一項第一款,10,9,0.07561235356762497,0.07118735356762497,-0.12460063897763585,5.754535140429576,True,True,True,True,1035778.0,False,False
8047,2025-10-27,2025-11-06,2025,因連續3個營業日達本中心作業要點第四條第一項第一款,10,9,-0.0854166666666667,-0.0898416666666667,-0.14374999999999993,-0.9268255078767801,True,True,True,True,428377.0,False,False
8048,2023-07-12,2023-07-24,2023,因連續3個營業日達本中心作業要點第四條第一項第一款,10,9,0.03325688073394484,0.02883188073394484,-0.02981651376146799,1.2024211675116048,True,True,True,True,2432111.0,False,True
8054,2020-07-01,2020-07-13,2020,因連續3個營業日達本中心作業要點第四條第一項第一款,10,9,0.32369942196531776,0.31927442196531775,-0.028901734104046284,2200.1155680310867,True,True,True,True,859798.0,False,False
8054,2021-02-26,2021-03-11,2021,因連續3個營業日達本中心作業要點第四條第一項第一款,10,9,0.02876712328767117,0.024342123287671172,-0.043835616438356206,0.9504722917804751,True,True,True,True,4095201.0,False,False
8054,2021-03-25,2021-04-08,2021,連續5個營業日,10,9,0.3712446351931329,0.3668196351931329,-0.02467811158798283,5884.1265713245575,True,True,True,True,1310152.0,False,False
8054,2023-11-07,2023-11-21,2023,連續5個營業日及沖銷標準,12,11,0.3121783876500859,0.30775338765008586,-0.032590051457976,443.95373546766217,True,True,True,True,3186427.0,False,False
8054,2023-12-27,2024-01-11,2023,連續5個營業日及沖銷標準,12,11,0.11587982832618016,0.11145482832618016,-0.09012875536480691,10.04068036512445,True,True,True,True,3196600.0,False,False
8054,2024-01-10,2024-01-22,2024,最近10個營業日內有6個營業日,10,9,0.1733870967741935,0.1689620967741935,0.0,75.44432754989158,True,True,True,True,1510964.0,False,False
8054,2024-02-21,2024-03-05,2024,最近10個營業日內有6個營業日,10,9,-0.024242424242424288,-0.028667424242424286,-0.09090909090909094,-0.5542310308123966,True,False,True,False,3560400.0,False,True
8059,2019-05-03,2019-05-15,2019,因連續3個營業日達本中心作業要點第四條第一項第一款,10,9,0.11985018726591767,0.11542518726591768,-0.011235955056179803,19.786922398981293,True,True,True,True,571222.0,False,False
8059,2024-01-02,2024-01-12,2023,因連續3個營業日達本中心作業要點第四條第一項第一款,10,9,0.11224489795918369,0.10781989795918369,-0.020408163265306145,16.189153244533127,True,True,True,True,4649736.0,False,False
8059,2024-01-05,2024-01-19,2024,連續3個營業日及沖銷標準,12,11,0.17475728155339798,0.17033228155339797,-0.05631067961165048,34.684651902632154,True,True,True,True,1033918.0,False,False
8064,2026-05-11,2026-05-21,2026,因連續3個營業日達本中心作業要點第四條第一項第一款,10,9,0.14761904761904754,0.14319404761904753,-0.014285714285714235,40.156949761311544,True,True,True,True,3425326.0,False,False
8067,2025-10-20,2025-10-31,2025,因連續3個營業日達本中心作業要點第四條第一項第一款,10,9,-0.053968253968254,-0.058393253968254,-0.09523809523809523,-0.8120014582765109,True,True,True,True,46053.0,False,False
8068,2021-12-16,2021-12-28,2021,因連續3個營業日達本中心作業要點第四條第一項第一款,10,9,0.11827956989247301,0.11385456989247301,-0.029569892473118364,18.989016051857476,True,True,True,True,615076.0,False,True
8068,2022-06-06,2022-06-16,2022,因連續3個營業日達本中心作業要點第四條第一項第一款,10,9,-0.04140526976160597,-0.045830269761605966,-0.05646173149309908,-0.7283276637717522,True,True,True,True,561676.0,False,False
8068,2026-01-07,2026-01-19,2026,因連續3個營業日達本中心作業要點第四條第一項第一款,10,9,0.04743833017077792,0.04301333017077792,-0.04743833017077803,2.2214517956477113,True,True,True,True,503182.0,False,False
8069,2026-05-19,2026-05-29,2026,因連續3個營業日達本中心作業要點第四條第一項第一款,10,9,-0.022222222222222254,-0.026647222222222253,-0.053333333333333344,-0.5277475286160391,True,True,True,True,7288950.0,False,False
8071,2024-05-28,2024-06-07,2024,因連續3個營業日達本中心作業要點第四條第一項第一款,10,9,-0.09523809523809523,-0.09966309523809523,-0.09523809523809523,-0.945865556987362,True,True,True,True,1345269.0,False,False
8077,2021-03-08,2021-03-18,2021,因連續3個營業日達本中心作業要點第四條第一項第一款,10,9,0.04782608695652191,0.04340108695652191,-0.060869565217391286,2.2548853018454666,True,True,True,True,81320.0,False,False
8077,2024-04-22,2024-05-03,2024,因連續3個營業日達本中心作業要點第四條第一項第一款,10,9,0.05597579425113475,0.05155079425113475,-0.013615733736762392,3.040136077448074,True,True,True,True,36007.0,False,False
8080,2018-05-28,2018-06-07,2018,因連續3個營業日達本中心作業要點第四條第一項第一款,10,9,0.07793764988009588,0.07351264988009588,0.0,6.173888483448566,True,True,True,True,214874.0,False,False
8080,2018-09-26,2018-10-08,2018,因連續3個營業日達本中心作業要點第四條第一項第一款,10,9,-0.1964285714285714,-0.2008535714285714,-0.1964285714285714,-0.9980267743713505,True,False,True,False,87586.0,False,True
8080,2022-01-04,2022-01-14,2021,因連續3個營業日達本中心作業要點第四條第一項第一款,10,9,-0.05905905905905906,-0.06348405905905906,-0.13713713713713727,-0.8382833124605138,True,True,True,True,44036.0,False,False
8080,2024-02-05,2024-02-26,2024,因連續3個營業日達本中心作業要點第四條第一項第一款,10,9,-0.1417322834645669,-0.1461572834645669,-0.17060367454068237,-0.9875883377618907,False,True,True,False,216683.0,True,False
8080,2024-02-19,2024-03-01,2024,因連續3個營業日達本中心作業要點第四條第一項第一款,10,9,0.05602240896358546,0.05159740896358546,-0.12605042016806733,3.0451139529587588,True,True,True,True,130156.0,False,False
8080,2024-08-30,2024-09-11,2024,因連續3個營業日達本中心作業要點第四條第一項第一款,10,9,0.02608695652173898,0.02166195652173898,-0.01449275362318836,0.8135684096698619,True,True,True,True,649694.0,False,False
8080,2024-09-04,2024-09-16,2024,因連續3個營業日達本中心作業要點第四條第一項第一款,10,9,-0.03825136612021851,-0.04267636612021851,-0.049180327868852625,-0.7022477728857823,True,True,True,True,273955.0,False,False
8080,2024-09-09,2024-09-20,2024,因連續3個營業日達本中心作業要點第四條第一項第一款,10,9,0.03142857142857136,0.027003571428571363,-0.005714285714285783,1.0962504219232017,True,True,True,True,76004.0,False,False
8080,2026-01-20,2026-01-30,2026,因連續3個營業日達本中心作業要點第四條第一項第一款,10,9,-0.24024390243902438,-0.2446689024390244,-0.2451219512195122,-0.9995879719205291,True,True,True,True,817261.0,False,False
8084,2020-03-11,2020-03-23,2020,因連續3個營業日達本中心作業要點第四條第一項第一款,10,9,-0.2652671755725191,-0.2696921755725191,-0.2958015267175572,-0.9998383786565953,True,True,True,True,102480.0,False,False
8084,2020-04-14,2020-04-24,2020,因連續3個營業日達本中心作業要點第四條第一項第一款,10,9,0.35123966942148765,0.34681466942148764,0.0,3906.368673212487,True,True,True,True,16000.0,False,False
8084,2020-05-05,2020-05-15,2020,因連續3個營業日達本中心作業要點第四條第一項第一款,10,9,0.06553398058252413,0.06110898058252413,-0.012135922330097082,4.1946379272617325,True,True,True,True,653348.0,False,False
8085,2021-03-19,2021-03-31,2021,因連續3個營業日達本中心作業要點第四條第一項第一款,10,9,0.41245136186770415,0.40802636186770413,-0.0038910505836574627,13429.042549053249,True,True,True,True,3553172.0,False,False
8085,2024-08-01,2024-08-13,2024,因連續3個營業日達本中心作業要點第四條第一項第一款,10,9,-0.045454545454545414,-0.04987954545454541,-0.22107438016528913,-0.7585980502540576,True,True,True,True,1264197.0,False,False
8086,2019-10-25,2019-11-06,2019,最近10個營業日內有6個營業日,10,9,-0.012875536480686733,-0.017300536480686732,-0.07725321888412018,-0.3841649321575539,True,True,True,True,2923448.0,False,False
8086,2019-11-14,2019-11-26,2019,連續5個營業日,10,9,0.07425742574257432,0.06983242574257433,-0.08910891089108908,5.5211858820558835,True,True,True,True,869050.0,False,False
8087,2021-01-06,2021-01-18,2020,因連續3個營業日達本中心作業要點第四條第一項第一款,10,9,0.151685393258427,0.147260393258427,-0.098314606741573,44.42320753600639,False,True,True,False,238036.0,True,False
8087,2021-01-11,2021-01-21,2021,因連續3個營業日達本中心作業要點第四條第一項第一款,10,9,0.026252983293556076,0.021827983293556077,-0.1050119331742243,0.8217728236299295,True,True,True,True,619241.0,False,False
8087,2021-01-14,2021-01-26,2021,因連續3個營業日達本中心作業要點第四條第一項第一款,10,9,-0.1634146341463415,-0.1678396341463415,-0.1634146341463415,-0.9939252482064127,True,False,True,False,132691.0,False,True
8087,2021-02-23,2021-03-08,2021,因連續3個營業日達本中心作業要點第四條第一項第一款,10,9,-0.12205567451820132,-0.12648067451820133,-0.19057815845824422,-0.9766287982091328,False,True,True,False,141694.0,True,False
8087,2022-04-29,2022-05-12,2022,因連續3個營業日達本中心作業要點第四條第一項第一款,10,9,0.0042194092827005925,-0.00020559071729940766,-0.08860759493670878,-0.00569516111978241,True,True,True,True,1499270.0,False,False
8088,2025-03-25,2025-04-10,2025,連續5個營業日及沖銷標準,12,11,-0.24032258064516132,-0.24474758064516133,-0.30483870967741933,-0.998304231823761,True,True,True,True,1683810.0,False,False
8089,2023-11-30,2023-12-12,2023,因連續3個營業日達本中心作業要點第四條第一項第一款,10,9,0.2809278350515465,0.2765028350515465,-0.002577319587628746,880.1493940507634,True,True,True,True,2122060.0,False,False
8089,2024-02-23,2024-03-07,2024,最近10個營業日內有6個營業日,10,9,-0.05882352941176472,-0.06324852941176472,-0.05882352941176472,-0.8371497490518411,True,False,True,False,1745864.0,False,True
8089,2024-04-03,2024-04-17,2024,最近30個營業日內有12個營業日,10,9,-0.04700854700854695,-0.05143354700854695,-0.1096866096866097,-0.7693288025334685,True,True,True,True,776915.0,False,False
8089,2024-05-23,2024-06-04,2024,最近10個營業日內有6個營業日,10,9,0.06954689146469972,0.06512189146469972,-0.00737618545837726,4.768886143801116,True,True,True,True,1168433.0,False,False
8089,2024-06-14,2024-06-26,2024,連續5個營業日,10,9,0.06944444444444442,0.06501944444444442,-0.06481481481481477,4.753492894256618,True,True,True,True,327385.0,False,False
8089,2024-07-05,2024-07-17,2024,連續5個營業日,10,9,-0.08130081300813008,-0.08572581300813008,-0.08536585365853655,-0.9170549429869197,True,True,True,True,538256.0,False,True
8089,2024-07-30,2024-08-07,2024,連續5個營業日,8,7,-0.036036036036036,-0.040461036036036,-0.12522522522522528,-0.7712405201663771,True,True,True,True,331408.0,False,False
8091,2026-05-22,2026-06-03,2026,因連續3個營業日達本中心作業要點第四條第一項第一款,10,9,0.030181086519114775,0.025756086519114776,-0.01810865191146882,1.0266587505825782,True,True,True,True,954575.0,False,False
8092,2018-04-23,2018-05-04,2018,因連續3個營業日達本中心作業要點第四條第一項第一款,10,9,-0.028436018957346043,-0.03286101895734604,-0.09004739336492895,-0.6047120653738611,True,True,True,True,322264.0,False,False
8092,2024-03-05,2024-03-15,2024,因連續3個營業日達本中心作業要點第四條第一項第一款,10,9,-0.035447761194029814,-0.03987276119402981,-0.12873134328358204,-0.6770516442234682,True,True,True,True,1899155.0,False,False
8092,2024-03-11,2024-03-21,2024,因連續3個營業日達本中心作業要點第四條第一項第一款,10,9,0.056451612903225756,0.05202661290322576,-0.058467741935483875,3.091226332877346,True,True,True,True,2201864.0,False,False
8092,2026-04-28,2026-05-11,2026,因連續3個營業日達本中心作業要點第四條第一項第一款,10,9,0.08132530120481918,0.07690030120481918,-0.07228915662650603,6.830037559891965,True,True,True,True,103106.0,False,False
8093,2018-03-06,2018-03-16,2018,因連續3個營業日達本中心作業要點第四條第一項第一款,10,9,-0.019108280254776955,-0.023533280254776953,-0.14012738853503182,-0.48393211175332784,False,True,True,False,1003219.0,True,False
8093,2018-03-09,2018-03-21,2018,因連續3個營業日達本中心作業要點第四條第一項第一款,10,9,0.39310344827586197,0.38867844827586195,-0.06896551724137934,9143.463016555093,True,True,True,True,3137450.0,False,False
8093,2020-07-08,2020-07-20,2020,因連續3個營業日達本中心作業要點第四條第一項第一款,10,9,-0.4677290836653387,-0.47215408366533873,-0.4908366533864542,-0.9999999804176088,False,True,True,False,1819410.0,True,False
8093,2020-07-13,2020-07-23,2020,因連續3個營業日達本中心作業要點第四條第一項第一款,10,9,-0.004689331770222682,-0.009114331770222682,-0.2508792497069168,-0.2245693339194922,True,True,True,True,918054.0,False,False
8093,2023-07-13,2023-07-25,2023,因連續3個營業日達本中心作業要點第四條第一項第一款,10,9,0.15541922290388555,0.15099422290388553,-0.09611451942740279,48.71371486490919,True,True,True,True,1677384.0,False,False
8096,2025-02-12,2025-02-24,2025,因連續3個營業日達本中心作業要點第四條第一項第一款,10,9,0.28104575163398704,0.276620751633987,0.0,882.4131904946236,True,True,True,True,12035581.0,False,False
8096,2025-02-18,2025-03-03,2025,因連續3個營業日達本中心作業要點第四條第一項第一款,10,9,-0.11388888888888893,-0.11831388888888893,-0.13055555555555554,-0.9697347383947293,True,True,True,True,4747923.0,False,False
8096,2026-02-05,2026-02-26,2026,因連續3個營業日達本中心作業要點第四條第一項第一款,10,9,0.04081632653061251,0.036391326530612514,-0.11661807580174921,1.6990804315501031,True,True,True,True,5445331.0,False,False
8096,2026-06-26,2026-07-08,2026,最近10個營業日內有6個營業日,10,9,0.10423452768729646,0.09980952768729646,-0.07491856677524433,13.051015506301129,True,True,True,True,2659511.0,False,False
8096,2026-07-20,2026-07-30,2026,連續5個營業日,10,9,-0.18326693227091628,-0.1876919322709163,-0.18326693227091628,-0.9968936991403266,True,False,True,False,2073000.0,False,True
8097,2018-04-10,2018-04-20,2018,因連續3個營業日達本中心作業要點第四條第一項第一款,10,9,-0.09333333333333338,-0.09775833333333338,-0.1266666666666667,-0.9425924682226517,True,True,True,True,329000.0,False,False
8097,2018-06-15,2018-06-28,2018,因連續3個營業日達本中心作業要點第四條第一項第一款,10,9,0.04956268221574356,0.04513768221574356,-0.06705539358600576,2.4087676562509257,True,False,True,False,303473.0,False,True
8097,2022-06-09,2022-06-21,2022,最近10個營業日內有6個營業日,10,9,-0.07107843137254899,-0.07550343137254899,-0.13357843137254888,-0.8870398919710298,True,True,True,True,1382975.0,False,False
8097,2022-07-06,2022-07-18,2022,最近10個營業日內有6個營業日,10,9,0.033557046979865834,0.029132046979865836,-0.1181208053691275,1.2203401242737772,True,True,True,True,227135.0,False,False
8097,2022-08-16,2022-08-26,2022,連續5個營業日,10,9,0.058064516129032295,0.0536395161290323,0.0,3.2690842757428396,True,True,True,True,398322.0,False,False
8099,2021-03-17,2021-03-29,2021,因連續3個營業日達本中心作業要點第四條第一項第一款,10,9,0.1443736730360934,0.13994867303609337,-0.08704883227176219,37.03182352983478,True,True,True,True,5250940.0,False,False
8101,2020-01-03,2020-01-15,2019,連續三次,10,9,-0.013235294117647012,-0.01766029411764701,-0.16176470588235292,-0.39039688243348514,True,True,True,True,953000.0,False,False
8101,2020-09-17,2020-09-29,2020,連續三次,10,9,0.10556621880998085,0.10114121880998085,0.0,13.53135476569994,True,False,True,False,1299670.0,False,True
8101,2024-12-04,2024-12-16,2024,連續三次,10,9,-0.36967632027257247,-0.3741013202725725,-0.37989778534923346,-0.9999977749779556,False,True,True,False,121866.0,True,False
8101,2024-12-09,2024-12-19,2024,連續三次,10,9,-0.254302103250478,-0.258727103250478,-0.3040152963671128,-0.9997554987150546,True,True,True,True,35192.0,False,False
8103,2025-10-28,2025-11-07,2025,連續三次,10,9,-0.10000000000000009,-0.10442500000000009,-0.10000000000000009,-0.9532804192295805,True,False,True,False,1880323.0,False,True
8104,2024-07-10,2024-07-22,2024,連續三次,10,9,-0.03444782168186433,-0.03887282168186433,-0.03546099290780147,-0.6675774277123263,True,False,True,False,3552143.0,False,True
8110,2025-11-18,2025-11-28,2025,連續三次,10,9,-0.02763157894736834,-0.03205657894736834,-0.15131578947368418,-0.5954765743915681,True,True,True,True,22830094.0,False,False
8110,2025-12-18,2026-01-05,2025,連續三次及當日沖銷標準,12,11,0.3537549407114624,0.3493299407114624,0.0,905.2141615611697,True,True,True,True,4929998.0,False,False
8111,2024-09-05,2024-09-18,2024,因連續3個營業日達本中心作業要點第四條第一項第一款,10,9,0.07414104882459305,0.06971604882459305,-0.03435804701627487,5.501509611939899,True,True,True,True,1216670.0,False,False
8111,2025-03-26,2025-04-11,2025,連續3個營業日及沖銷標準,12,11,-0.3918032786885246,-0.3962282786885246,-0.4024590163934426,-0.9999895326766177,True,True,True,True,2392585.0,False,False
8111,2025-12-15,2025-12-26,2025,最近10個營業日內有6個營業日,10,9,0.11306901615271658,0.10864401615271659,0.0,16.547913276791366,True,True,True,True,1078328.0,False,False
8114,2026-05-19,2026-05-29,2026,連續三次,10,9,0.13888888888888884,0.13446388888888883,-0.0023148148148147696,32.26313924236773,True,True,True,True,647170.0,False,False
8121,2021-09-09,2021-09-23,2021,因連續3個營業日達本中心作業要點第四條第一項第一款,10,9,0.6842105263157894,0.6797855263157894,0.0,1807385.2299787865,True,True,True,True,7790862.0,False,False
8121,2021-09-14,2021-09-28,2021,因連續3個營業日達本中心作業要點第四條第一項第一款,10,9,0.4308510638297871,0.4264260638297871,-0.05319148936170215,19261.019828359906,False,True,True,False,2770398.0,True,False
8121,2021-09-28,2021-10-08,2021,連續5個營業日,10,9,-0.16599999999999993,-0.17042499999999994,-0.279,-0.9944282652046963,True,True,True,True,2250201.0,False,False
8121,2021-10-25,2021-11-04,2021,最近10個營業日內有6個營業日,10,9,0.44369063772048856,0.43926563772048854,0.0,24705.109125504892,True,True,True,True,1486226.0,False,False
8121,2021-11-15,2021-11-29,2021,連續5個營業日及沖銷標準,12,11,0.16846652267818585,0.16404152267818584,0.0,30.570645587173992,True,True,True,True,2028906.0,False,False
8121,2021-12-03,2021-12-15,2021,最近10個營業日內有6個營業日,10,9,-0.0036363636363636598,-0.00806136363636366,-0.018181818181818188,-0.2013513965740109,True,True,True,True,781347.0,False,False
8121,2021-12-16,2021-12-28,2021,最近10個營業日內有6個營業日,10,9,0.009009009009008917,0.004584009009008917,-0.12252252252252249,0.1354654140035927,True,True,True,True,1625735.0,False,False
8147,2024-03-01,2024-03-13,2024,因連續3個營業日達本中心作業要點第四條第一項第一款,10,9,-0.05747126436781613,-0.06189626436781613,-0.08812260536398464,-0.8304918028504092,True,True,True,True,862132.0,False,False
8155,2026-03-26,2026-04-09,2026,因連續3個營業日達本中心作業要點第四條第一項第一款,10,9,0.14661654135338353,0.14219154135338352,-0.10526315789473684,39.166078601689954,True,True,True,True,832774.0,False,False
8171,2018-06-13,2018-06-26,2018,因連續3個營業日達本中心作業要點第四條第一項第一款,10,9,-0.09560975609756106,-0.10003475609756106,-0.102439024390244,-0.9464828828899271,True,True,True,True,255043.0,False,False
8182,2019-12-10,2019-12-20,2019,因連續3個營業日達本中心作業要點第四條第一項第一款,10,9,-0.043749999999999956,-0.048174999999999954,-0.043749999999999956,-0.7462745115401278,True,False,True,False,2307342.0,False,True
8182,2026-04-24,2026-05-07,2026,因連續3個營業日達本中心作業要點第四條第一項第一款,10,9,0.12532637075718034,0.12090137075718034,-0.11096605744125332,22.81618688893783,True,True,True,True,814554.0,False,False
8201,2018-03-22,2018-04-02,2018,連續三次,10,9,-0.096045197740113,-0.100470197740113,-0.096045197740113,-0.9471975167780039,True,True,True,True,1510879.0,False,False
8201,2025-08-29,2025-09-10,2025,連續三次,10,9,0.005555555555555536,0.0011305555555555357,-0.07500000000000007,0.03188433489854292,True,True,True,True,416079.0,False,False
8210,2023-07-27,2023-08-08,2023,最近十個營業日已有六次,9,8,-0.12694877505567925,-0.13137377505567926,-0.21603563474387533,-0.9877389042084408,True,True,True,True,3352552.0,False,False
8210,2025-07-23,2025-08-04,2025,最近十個營業日已有六次,10,9,-0.11922365988909422,-0.12364865988909422,-0.11922365988909422,-0.9744300835567181,True,False,True,False,758808.0,False,True
8222,2022-06-28,2022-07-12,2022,連續三次及當日沖銷標準,12,11,-0.04761904761904767,-0.05204404761904767,-0.14761904761904765,-0.7032039377101946,True,True,True,True,2942971.0,False,False
8222,2022-12-05,2022-12-19,2022,連續三次及當日沖銷標準,12,11,-0.0841121495327104,-0.0885371495327104,-0.11214953271028039,-0.8783879404391784,True,False,True,False,4816501.0,False,True
8227,2023-02-15,2023-03-01,2023,因連續3個營業日達本中心作業要點第四條第一項第一款,10,9,0.23954372623574138,0.23511872623574137,-0.0038022813688213253,351.74759735698524,True,True,True,True,1216418.0,False,False
8227,2023-03-17,2023-03-31,2023,連續5個營業日及沖銷標準,12,11,0.059113300492610765,0.05468830049261077,-0.07389162561576357,2.353886599706176,True,True,True,True,616684.0,False,False
8227,2023-04-14,2023-04-26,2023,連續5個營業日,10,9,0.05217391304347818,0.04774891304347818,-0.07246376811594202,2.6534277793211176,True,True,True,True,324342.0,False,False
8227,2023-05-08,2023-05-22,2023,連續5個營業日及沖銷標準,12,11,0.10220994475138112,0.09778494475138112,-0.058011049723756924,7.333876424726611,True,True,True,True,165326.0,False,False
8227,2023-06-05,2023-06-15,2023,最近10個營業日內有6個營業日,10,9,0.03394255874673635,0.029517558746736353,-0.023498694516971286,1.243560181136083,True,True,True,True,203736.0,False,False
8227,2023-10-18,2023-10-30,2023,連續5個營業日,10,9,-0.025345622119815614,-0.029770622119815612,-0.08064516129032262,-0.5680827264599008,True,True,True,True,1925414.0,False,False
8227,2023-11-08,2023-11-20,2023,連續5個營業日,10,9,0.23684210526315796,0.23241710526315795,-0.021531100478468845,330.93091797771655,True,True,True,True,447223.0,False,False
8227,2023-11-29,2023-12-11,2023,連續5個營業日,10,9,0.08867924528301896,0.08425424528301896,-0.030188679245283012,8.459425413141638,True,True,True,True,302272.0,False,False
8227,2023-12-26,2024-01-08,2023,最近10個營業日內有6個營業日,10,9,0.06916996047430835,0.06474496047430835,0.0,4.712445021577776,True,True,True,True,245952.0,False,False
8227,2024-01-17,2024-01-29,2024,連續5個營業日,10,9,0.2357357357357357,0.23131073573573568,-0.05105105105105101,322.75236280257076,True,True,True,True,549051.0,False,False
8227,2024-02-16,2024-03-04,2024,連續5個營業日及沖銷標準,12,11,0.036193029490616535,0.03176802949061654,-0.12868632707774796,1.035557302603928,True,True,True,True,526312.0,False,False
8227,2024-03-13,2024-03-25,2024,連續5個營業日,10,9,-0.04500000000000004,-0.04942500000000004,-0.16333333333333333,-0.7553693980909766,True,True,True,True,640444.0,False,False
8227,2024-03-18,2024-03-28,2024,因連續3個營業日達本中心作業要點第四條第一項第一款,10,9,0.026565464895635715,0.022140464895635717,0.0,0.8373116276775547,True,True,True,True,216953.0,False,False
8227,2025-07-09,2025-07-23,2025,連續5個營業日及沖銷標準,12,11,-0.011730205278592365,-0.016155205278592363,-0.038123167155425186,-0.3093774856791418,True,True,True,True,316476.0,False,False
8227,2026-05-14,2026-05-26,2026,因連續3個營業日達本中心作業要點第四條第一項第一款,10,9,0.09245742092457432,0.08803242092457432,-0.07542579075425793,9.419066098984915,True,False,True,False,699166.0,False,True
8234,2025-02-20,2025-03-07,2025,連續5個營業日及沖銷標準,12,11,-0.04831932773109249,-0.052744327731092486,-0.10084033613445387,-0.7081471308036185,True,True,True,True,3642223.0,False,False
8240,2026-03-24,2026-04-07,2026,因連續3個營業日達本中心作業要點第四條第一項第一款,10,9,-0.08596491228070169,-0.09038991228070169,-0.1228070175438597,-0.9280400619860046,True,True,True,True,1097208.0,False,False
8249,2024-09-20,2024-10-04,2024,連續三次,10,9,-0.10088495575221246,-0.10530995575221246,-0.10088495575221246,-0.9545459742962292,True,False,True,False,3514928.0,False,True
8261,2018-06-20,2018-07-02,2018,連續三次,10,9,-0.022556390977443663,-0.02698139097744366,-0.1334586466165414,-0.5322305655274089,True,True,True,True,3107445.0,False,False
8261,2021-04-28,2021-05-11,2021,連續五次,10,9,-0.21118012422360244,-0.21560512422360245,-0.21118012422360244,-0.9988239936589118,True,False,True,False,3242671.0,False,True
8261,2026-07-14,2026-07-28,2026,連續三次及當日沖銷標準,12,11,-0.2985611510791367,-0.30298615107913673,-0.2985611510791367,-0.9997262811491822,True,False,True,False,6416190.0,False,True
8271,2025-10-22,2025-11-04,2025,連續三次,10,9,-0.09999999999999998,-0.10442499999999998,-0.09999999999999998,-0.9532804192295804,True,False,True,False,1701252.0,False,True
8271,2026-03-19,2026-03-31,2026,連續三次,10,9,-0.3434343434343434,-0.34785934343434344,-0.3434343434343434,-0.9999930367300395,True,False,True,False,4689433.0,False,True
8271,2026-03-24,2026-04-07,2026,連續三次,10,9,-0.16764705882352937,-0.17207205882352938,-0.23529411764705888,-0.9947275194359569,True,True,True,True,1805093.0,False,False
8271,2026-04-28,2026-05-11,2026,連續三次,10,9,0.16628701594533024,0.16186201594533023,-0.02505694760820043,63.542935964978525,True,True,True,True,972448.0,False,False
8277,2018-05-28,2018-06-07,2018,因連續3個營業日達本中心作業要點第四條第一項第一款,10,9,0.11507936507936511,0.11065436507936512,-0.09126984126984128,17.453609572136973,True,True,True,True,2563378.0,False,False
8277,2021-04-14,2021-04-26,2021,因連續3個營業日達本中心作業要點第四條第一項第一款,10,9,0.22653721682847894,0.22211221682847893,-0.1035598705501618,261.87687060781343,True,True,True,True,3060292.0,False,False
8277,2025-11-28,2025-12-10,2025,因連續3個營業日達本中心作業要點第四條第一項第一款,10,9,0.11668757841907151,0.11226257841907152,0.0,18.210418601893732,True,True,True,True,1118719.0,False,False
8277,2026-06-08,2026-06-18,2026,因連續3個營業日達本中心作業要點第四條第一項第一款,10,9,-0.03144016227180513,-0.035865162271805126,-0.03144016227180513,-0.6374376851454289,True,True,True,True,692656.0,False,False
8289,2026-03-06,2026-03-18,2026,因連續3個營業日達本中心作業要點第四條第一項第一款,10,9,0.05277777777777781,0.048352777777777814,-0.125,2.712371211831439,True,True,True,True,572189.0,False,False
8289,2026-04-24,2026-05-07,2026,因連續3個營業日達本中心作業要點第四條第一項第一款,10,9,0.09832635983263605,0.09390135983263605,-0.12343096234309625,11.098366258801583,True,True,True,True,1528955.0,False,False
8291,2024-05-31,2024-06-13,2024,因連續3個營業日達本中心作業要點第四條第一項第一款,10,9,0.016129032258064502,0.011704032258064502,-0.185483870967742,0.3815750134292759,False,True,True,False,227388.0,True,False
8291,2024-06-05,2024-06-18,2024,因連續3個營業日達本中心作業要點第四條第一項第一款,10,9,-0.22865853658536572,-0.23308353658536574,-0.38414634146341464,-0.9993711352573347,False,True,True,False,454201.0,True,False
8291,2024-06-11,2024-06-21,2024,因連續3個營業日達本中心作業要點第四條第一項第一款,10,9,0.022123893805309658,0.01769889380530966,-0.10619469026548678,0.6279733474473292,True,True,True,True,227744.0,False,False
8291,2026-03-04,2026-03-16,2026,因連續3個營業日達本中心作業要點第四條第一項第一款,10,9,-0.07333333333333336,-0.07775833333333336,-0.1166666666666667,-0.8944483588308347,True,True,True,True,1051.0,False,False
8291,2026-05-06,2026-05-18,2026,因連續3個營業日達本中心作業要點第四條第一項第一款,10,9,1.1296928327645048,1.125267832764505,-0.07849829351535842,1244010761.6044493,False,True,True,False,163362.0,True,False
8291,2026-05-11,2026-05-21,2026,因連續3個營業日達本中心作業要點第四條第一項第一款,10,9,1.1311053984575836,1.1266803984575837,0.0,1267183975.2812712,False,True,True,False,115903.0,True,False
8291,2026-05-14,2026-05-26,2026,因連續3個營業日達本中心作業要點第四條第一項第一款,10,9,1.127659574468085,1.1232345744680852,0.0,1211370949.4500387,False,True,True,False,118465.0,True,False
8291,2026-05-19,2026-05-29,2026,因連續3個營業日達本中心作業要點第四條第一項第一款,10,9,0.7492711370262393,0.7448461370262393,0.0,5193688.809091907,False,False,True,False,167422.0,True,True
8291,2026-05-22,2026-06-03,2026,因連續3個營業日達本中心作業要點第四條第一項第一款,10,9,-0.039517014270032846,-0.043942014270032845,-0.039517014270032846,-0.7129910946096519,False,False,True,False,388232.0,True,True
8291,2026-05-27,2026-06-08,2026,因連續3個營業日達本中心作業要點第四條第一項第一款,10,9,-0.47190082644628095,-0.47632582644628096,-0.47190082644628095,-0.9999999842911923,False,False,True,False,84860.0,True,True
8291,2026-06-01,2026-06-11,2026,因連續3個營業日達本中心作業要點第四條第一項第一款,10,9,-0.5671296296296297,-0.5715546296296297,-0.5671296296296297,-0.9999999999404511,True,False,True,False,50840.0,False,True
8291,2026-06-11,2026-06-24,2026,因連續3個營業日達本中心作業要點第四條第一項第一款,10,9,0.016042780748663166,0.011617780748663166,-0.1807486631016043,0.3783069570046236,True,True,True,True,28123.0,False,False
8291,2026-06-16,2026-06-29,2026,因連續3個營業日達本中心作業要點第四條第一項第一款,10,9,0.08093994778067892,0.07651494778067892,0.0,6.752579651153333,True,True,True,True,195870.0,False,False
8291,2026-06-22,2026-07-02,2026,因連續3個營業日達本中心作業要點第四條第一項第一款,10,9,-0.2514395393474088,-0.2558645393474088,-0.28406909788867574,-0.9997278691384366,False,True,True,False,537693.0,True,False
8291,2026-07-20,2026-07-30,2026,因連續3個營業日達本中心作業要點第四條第一項第一款,10,9,0.19515885022692903,0.190733850226929,0.0,126.63326740205733,False,True,True,False,14344.0,True,False
8291,2026-07-29,2026-08-10,2026,連續3個營業日,10,9,-0.06777777777777771,-0.07220277777777771,-0.24555555555555553,-0.8752850394760828,True,True,True,True,55326.0,False,False
8299,2025-09-19,2025-10-02,2025,因連續3個營業日達本中心作業要點第四條第一項第一款,10,9,0.09041095890410955,0.08598595890410955,-0.13287671232876708,8.888193316823434,True,True,True,True,2973393.0,False,False
8299,2025-10-15,2025-10-28,2025,因連續3個營業日達本中心作業要點第四條第一項第一款,10,9,0.3040712468193385,0.2996462468193385,-0.01781170483460559,1450.476187560035,True,True,True,True,2389630.0,False,False
8299,2026-01-09,2026-01-21,2026,最近10個營業日內有6個營業日,10,9,0.1475903614457832,0.14316536144578318,-0.07831325301204817,40.128271855054194,True,True,True,True,4363892.0,False,False
8358,2025-08-21,2025-09-02,2025,因連續3個營業日達本中心作業要點第四條第一項第一款,10,9,0.26764705882352935,0.26322205882352934,-0.0117647058823529,657.9926635025801,True,True,True,True,17459655.0,False,False
8358,2025-10-23,2025-11-05,2025,最近10個營業日內有6個營業日,10,9,0.09176470588235297,0.08733970588235297,-0.02117647058823524,9.236364853997022,True,True,True,True,3915525.0,False,False
8358,2025-11-10,2025-11-20,2025,最近10個營業日內有6個營業日,10,9,0.08904109589041087,0.08461609589041087,-0.0365296803652968,8.547510466087921,True,True,True,True,2844073.0,False,False
8358,2025-11-28,2025-12-10,2025,最近10個營業日內有6個營業日,10,9,0.2210065645514223,0.2165815645514223,-0.015317286652078765,230.75771338505734,True,True,True,True,1484365.0,False,False
8358,2025-12-19,2026-01-02,2025,連續5個營業日,10,9,0.18367346938775508,0.17924846938775507,0.0,96.50720340158831,True,True,True,True,1009845.0,False,False
8358,2026-01-13,2026-01-23,2026,連續5個營業日,10,9,0.06809338521400776,0.06366838521400776,-0.027237354085603127,4.554156178991799,True,True,True,True,1886556.0,False,False
8358,2026-02-03,2026-02-24,2026,連續5個營業日,10,9,0.20199999999999996,0.19757499999999995,-0.06799999999999995,148.64961085704846,True,True,True,True,2288713.0,False,False
8358,2026-03-10,2026-03-20,2026,最近10個營業日內有6個營業日,10,9,-0.01008064516129037,-0.01450564516129037,-0.13306451612903225,-0.3336135843069564,True,True,True,True,6755538.0,False,False
8358,2026-04-24,2026-05-07,2026,因連續3個營業日達本中心作業要點第四條第一項第一款,10,9,0.2456839309428951,0.24125893094289508,-0.13811420982735723,403.8447466415694,True,True,True,True,9073416.0,False,False
8358,2026-05-19,2026-05-29,2026,最近10個營業日內有6個營業日,10,9,0.413953488372093,0.409528488372093,-0.046511627906976716,13832.76833027368,True,True,True,True,2749198.0,False,False
8358,2026-06-09,2026-06-22,2026,連續5個營業日,10,9,0.17918088737201354,0.17475588737201353,-0.12969283276450516,86.69800778627773,True,True,True,True,2173232.0,False,False
8367,2018-10-05,2018-10-18,2018,連續三次,10,9,-0.14510489510489522,-0.14952989510489523,-0.17832167832167833,-0.9888805121733655,True,True,True,True,1237441.0,False,False
8374,2024-06-03,2024-06-14,2024,連續三次,10,9,-0.0027700831024931594,-0.0071950831024931595,-0.17036011080332414,-0.1817488041372881,False,True,True,False,1174590.0,True,False
8374,2024-06-06,2024-06-19,2024,連續三次,10,9,0.15294117647058836,0.14851617647058835,-0.11911764705882355,45.824748934999256,True,False,True,False,1131737.0,False,True
8374,2024-07-11,2024-07-23,2024,連續三次,10,9,0.19999999999999996,0.19557499999999994,-0.07272727272727275,141.86038308562394,True,True,True,True,991964.0,False,False
8383,2026-07-22,2026-08-03,2026,因連續3個營業日達本中心作業要點第四條第一項第一款,10,9,-0.1869047619047619,-0.19132976190476192,-0.2583333333333334,-0.9972578190671788,True,True,True,True,2548818.0,False,False
8390,2020-07-14,2020-07-24,2020,因連續3個營業日達本中心作業要點第四條第一項第一款,10,9,-0.12903225806451613,-0.13345725806451614,-0.1596774193548387,-0.9812955845930987,True,True,True,True,3124842.0,False,False
8403,2020-05-07,2020-05-19,2020,因連續3個營業日達本中心作業要點第四條第一項第一款,10,9,-0.2082514734774067,-0.2126764734774067,-0.2986247544204321,-0.9986957300926972,True,True,True,True,11151436.0,False,False
8404,2024-10-14,2024-10-24,2024,連續三次,10,9,0.11111111111111116,0.10668611111111116,-0.04040404040404033,15.707122439152336,True,True,True,True,1965153.0,False,False
8406,2021-06-25,2021-07-07,2021,因連續3個營業日達本中心作業要點第四條第一項第一款,10,9,0.1117318435754191,0.1073068435754191,-0.06517690875232773,15.969389688070311,True,True,True,True,693663.0,False,False
8406,2021-12-07,2021-12-17,2021,因連續3個營業日達本中心作業要點第四條第一項第一款,10,9,-0.0037523452157598447,-0.008177345215759845,-0.007504690431519689,-0.20394126509803656,True,True,True,True,853680.0,False,False
8409,2018-03-29,2018-04-12,2018,因連續3個營業日達本中心作業要點第四條第一項第一款,10,9,-0.03619909502262442,-0.040624095022624415,-0.10859728506787336,-0.6839985477475523,True,True,True,True,377158.0,False,False
8409,2020-03-19,2020-03-31,2020,因連續3個營業日達本中心作業要點第四條第一項第一款,10,9,-0.05743243243243257,-0.061857432432432566,-0.18581081081081086,-0.8302967882673131,True,True,True,True,114006.0,False,False
8409,2022-04-20,2022-05-03,2022,因連續3個營業日達本中心作業要點第四條第一項第一款,10,9,-0.06930693069306937,-0.07373193069306937,-0.18811881188118806,-0.8808705179241318,True,True,True,True,2157977.0,False,False
8409,2022-04-25,2022-05-06,2022,因連續3個營業日達本中心作業要點第四條第一項第一款,10,9,-0.049180327868852514,-0.05360532786885251,-0.1934426229508196,-0.7835581201299815,True,True,True,True,407157.0,False,False
8420,2023-10-05,2023-10-19,2023,因連續3個營業日達本中心作業要點第四條第一項第一款,10,9,-0.0453074433656957,-0.0497324433656957,-0.05339805825242716,-0.7575577014521937,True,True,True,True,506251.0,False,False
8420,2024-04-25,2024-05-08,2024,因連續3個營業日達本中心作業要點第四條第一項第一款,10,9,0.036340852130325896,0.0319158521303259,0.0,1.393359241532802,True,True,True,True,76276.0,False,False
8423,2018-03-07,2018-03-19,2018,因連續3個營業日達本中心作業要點第四條第一項第一款,10,9,-0.1692307692307693,-0.1736557692307693,-0.2897435897435897,-0.9950006142409523,True,True,True,True,62557.0,False,False
8423,2018-03-12,2018-03-22,2018,因連續3個營業日達本中心作業要點第四條第一項第一款,10,9,0.11375212224108644,0.10932712224108644,-0.05942275042444822,16.85074824688848,True,True,True,True,63200.0,False,False
8426,2022-09-20,2022-09-30,2022,因連續3個營業日達本中心作業要點第四條第一項第一款,10,9,-0.06772908366533881,-0.0721540836653388,-0.0916334661354582,-0.8751030925818106,True,True,True,True,1167963.0,False,False
8426,2022-09-23,2022-10-05,2022,因連續3個營業日達本中心作業要點第四條第一項第一款,10,9,0.045009784735812186,0.04058478473581219,-0.10763209393346385,2.0194633442837886,True,True,True,True,130337.0,False,False
8426,2023-05-24,2023-06-05,2023,因連續3個營業日達本中心作業要點第四條第一項第一款,10,9,0.10689170182841079,0.10246670182841079,-0.07032348804500699,14.025153658282841,True,True,True,True,641265.0,False,False
8427,2021-02-26,2021-03-11,2021,連續三次,10,9,0.009784735812133016,0.005359735812133016,-0.046966731898238745,0.160074221787321,True,True,True,True,16000.0,False,False
8427,2021-11-23,2021-12-03,2021,連續三次,10,9,-0.0160857908847184,-0.020510790884718397,-0.021447721179624568,-0.4376710547569038,True,True,True,True,59455.0,False,False
8429,2021-06-28,2021-07-08,2021,連續三次,10,9,-0.06111111111111123,-0.06553611111111123,-0.07777777777777772,-0.8478428678506682,True,False,True,False,2621672.0,False,True
8431,2018-11-19,2018-11-29,2018,因連續3個營業日達本中心作業要點第四條第一項第一款,10,9,0.043126684636118684,0.038701684636118686,-0.05660377358490565,1.8713013654718078,True,True,True,True,451000.0,False,False
8438,2026-01-08,2026-01-20,2026,連續三次,10,9,0.20622568093385207,0.20180068093385206,-0.017509727626459082,164.03191432479957,True,True,True,True,1200782.0,False,False
8438,2026-01-13,2026-01-23,2026,連續三次,10,9,0.2929104477611939,0.2884854477611939,-0.03917910447761197,1141.2584721244896,True,True,True,True,346122.0,False,False
8438,2026-04-23,2026-05-06,2026,最近十個營業日已有六次,10,9,-0.005561735261401579,-0.00998673526140158,-0.10011123470522798,-0.24331165786721898,True,True,True,True,1024389.0,False,False
8440,2022-01-04,2022-01-14,2021,因連續3個營業日達本中心作業要點第四條第一項第一款,10,9,-0.1210526315789473,-0.1254776315789473,-0.1210526315789473,-0.9758717613909244,True,False,True,False,782295.0,False,True
8440,2022-02-18,2022-03-07,2022,連續5個營業日及沖銷標準,12,11,0.03426395939086291,0.02983895939086291,-0.133248730964467,0.9507955636228729,True,True,True,True,917405.0,False,False
8440,2022-03-29,2022-04-14,2022,連續3個營業日及沖銷標準,12,11,0.21666666666666656,0.21224166666666655,0.0,78.38797272583712,True,True,True,True,2112453.0,False,False
8440,2024-07-04,2024-07-16,2024,因連續3個營業日達本中心作業要點第四條第一項第一款,10,9,-0.11166666666666669,-0.11609166666666669,-0.1166666666666667,-0.9675427366568982,True,True,True,True,3050671.0,False,False
8440,2024-07-09,2024-07-19,2024,因連續3個營業日達本中心作業要點第四條第一項第一款,10,9,-0.03304347826086951,-0.037468478260869506,-0.14260869565217393,-0.6538180076341864,True,True,True,True,833867.0,False,False
8444,2026-04-17,2026-04-29,2026,因連續3個營業日達本中心作業要點第四條第一項第一款,10,9,0.07358490566037745,0.06915990566037745,-0.06603773584905659,5.408268010515355,True,True,True,True,22505.0,False,False
8444,2026-05-20,2026-06-01,2026,因連續3個營業日達本中心作業要點第四條第一項第一款,10,9,-0.24471299093655585,-0.24913799093655586,-0.24471299093655585,-0.999650588675919,True,True,True,True,129260.0,False,False
8450,2021-11-26,2021-12-08,2021,因連續3個營業日達本中心作業要點第四條第一項第一款,10,9,-0.04078947368421049,-0.045214473684210485,-0.1578947368421053,-0.7234150631198748,True,True,True,True,1845884.0,False,False
8450,2021-12-21,2022-01-03,2021,因連續3個營業日達本中心作業要點第四條第一項第一款,10,9,0.22761596548004315,0.22319096548004314,-0.016181229773462813,268.39916284907673,True,True,True,True,412330.0,False,False
8450,2022-01-20,2022-02-10,2022,最近10個營業日內有6個營業日,10,9,0.05092592592592582,0.04650092592592582,-0.1250000000000001,2.534456919457527,True,True,True,True,202222.0,False,False
8454,2022-02-10,2022-02-22,2022,連續三次,10,9,-0.1026785714285714,-0.1071035714285714,-0.1026785714285714,-0.9570103908846936,True,False,True,False,539986.0,False,True
8454,2026-06-09,2026-06-22,2026,連續三次,10,9,-0.16040100250626566,-0.16482600250626567,-0.24812030075187974,-0.9932835791502782,True,True,True,True,3503276.0,False,False
8454,2026-06-12,2026-06-25,2026,連續三次,10,9,-0.14520202020202022,-0.14962702020202023,-0.24242424242424243,-0.9889157322900191,True,True,True,True,1025750.0,False,False
8455,2024-06-06,2024-06-19,2024,因連續3個營業日達本中心作業要點第四條第一項第一款,10,9,-0.07442977190876354,-0.07885477190876354,-0.1668667466986794,-0.8978792318731446,True,True,True,True,74350.0,False,False
8455,2026-05-25,2026-06-04,2026,因連續3個營業日達本中心作業要點第四條第一項第一款,10,9,-0.11899038461538469,-0.12341538461538469,-0.11899038461538469,-0.9742403405149964,True,False,True,False,133699.0,False,True
8463,2019-10-23,2019-11-04,2019,連續三次,10,9,-0.026652452025586304,-0.031077452025586302,-0.11940298507462688,-0.5839546935492919,True,True,True,True,3515201.0,False,False
8467,2018-12-24,2019-01-07,2018,連續三次,10,9,-0.10824742268041232,-0.11267242268041232,-0.14690721649484528,-0.9638683070350909,True,True,True,True,413065.0,False,False
8467,2022-06-27,2022-07-07,2022,連續三次,10,9,-0.18309859154929575,-0.18752359154929577,-0.18309859154929575,-0.9968757677098675,True,False,True,False,344169.0,False,True
8467,2023-11-27,2023-12-07,2023,連續三次,10,9,0.021428571428571352,0.017003571428571354,-0.02857142857142858,0.5973576570099586,True,True,True,True,628658.0,False,False
8467,2024-01-16,2024-01-30,2024,連續三次及當日沖銷標準,12,11,-0.03834808259587019,-0.04277308259587019,-0.07964601769911506,-0.6297283062859973,True,True,True,True,300769.0,False,False
8472,2020-07-14,2020-07-24,2020,因連續3個營業日達本中心作業要點第四條第一項第一款,10,9,-0.007407407407407307,-0.011832407407407307,-0.06172839506172845,-0.28153478343287475,True,True,True,True,63500.0,False,False
8472,2020-12-22,2021-01-04,2020,因連續3個營業日達本中心作業要點第四條第一項第一款,10,9,-0.1846361185983828,-0.18906111859838282,-0.1846361185983828,-0.9970359035985351,True,False,True,False,69721.0,False,True
8472,2025-07-23,2025-08-04,2025,因連續3個營業日達本中心作業要點第四條第一項第一款,10,9,0.26425855513307983,0.2598335551330798,-0.08365019011406838,610.6133885942274,True,True,True,True,173114.0,False,False
8472,2025-08-11,2025-08-21,2025,因連續3個營業日達本中心作業要點第四條第一項第一款,10,9,0.33458646616541365,0.33016146616541364,-0.07142857142857151,2764.5903209486764,True,True,True,True,146331.0,False,False
8472,2025-10-20,2025-10-31,2025,最近10個營業日內有6個營業日,10,9,-0.059250302297460755,-0.06367530229746075,-0.061668681983071405,-0.839198133837227,True,True,True,True,70103.0,False,False
8476,2021-08-12,2021-08-24,2021,因連續3個營業日達本中心作業要點第四條第一項第一款,10,9,0.1911764705882355,0.1867514705882355,-0.03431372549019607,115.29188344251294,True,True,True,True,370253.0,False,False
8476,2021-11-01,2021-11-11,2021,最近10個營業日內有6個營業日,10,9,0.14475873544093165,0.14033373544093164,0.0,37.390296058098805,True,True,True,True,822134.0,False,False
8476,2021-11-11,2021-11-23,2021,最近10個營業日內有6個營業日,10,9,-0.138235294117647,-0.14266029411764702,-0.20882352941176474,-0.9860960833291591,True,True,True,True,285809.0,False,False
8478,2022-08-26,2022-09-12,2022,連續三次及當日沖銷標準,12,11,-0.18387096774193545,-0.18829596774193547,-0.18709677419354842,-0.9912731623765625,True,True,True,True,806850.0,False,False
8478,2023-03-30,2023-04-18,2023,連續三次及當日沖銷標準,12,11,-0.040076335877862634,-0.04450133587786263,-0.040076335877862634,-0.6446275699924805,True,False,True,False,426148.0,False,True
8488,2019-07-31,2019-08-12,2019,連續三次,9,8,-0.13594470046082952,-0.14036970046082953,-0.1751152073732719,-0.9911439290807748,True,True,True,True,43000.0,False,False
8489,2018-11-07,2018-11-19,2018,因連續3個營業日達本中心作業要點第四條第一項第一款,10,9,-0.0714285714285714,-0.0758535714285714,-0.14610389610389607,-0.8882222756652659,True,True,True,True,590727.0,False,False
8499,2025-07-18,2025-07-30,2025,連續三次,10,9,-0.02473498233215543,-0.02915998233215543,-0.07067137809187274,-0.5604676762932026,True,True,True,True,699834.0,False,False
8499,2025-07-23,2025-08-04,2025,連續三次,10,9,0.001872659176029856,-0.002552340823970144,0.0,-0.0685278513545633,True,False,True,False,118909.0,False,True
8905,2021-06-10,2021-06-23,2021,因連續3個營業日達本中心作業要點第四條第一項第一款,10,9,0.1578947368421053,0.1534697368421053,-0.1578947368421053,51.770908589240854,True,True,True,True,3414073.0,False,False
8906,2018-08-20,2018-08-30,2018,因連續3個營業日達本中心作業要點第四條第一項第一款,10,9,0.2971698113207548,0.2927448113207548,-0.009433962264150941,1250.923725986348,True,True,True,True,357487.0,False,False
8906,2018-09-07,2018-09-19,2018,因連續3個營業日達本中心作業要點第四條第一項第一款,10,9,-0.1097560975609756,-0.1141810975609756,-0.1371951219512194,-0.9655364873884671,True,True,True,True,213956.0,False,False
8906,2024-05-10,2024-05-22,2024,因連續3個營業日達本中心作業要點第四條第一項第一款,10,9,0.03463203463203479,0.030207034632034793,-0.04329004329004327,1.2856735181621382,True,True,True,True,1185302.0,False,False
8906,2024-07-15,2024-07-26,2024,最近10個營業日內有6個營業日,9,8,0.08947368421052637,0.08504868421052637,-0.03157894736842104,11.817055655529872,True,True,True,True,137010.0,False,False
8913,2018-06-14,2018-06-27,2018,因連續3個營業日達本中心作業要點第四條第一項第一款,10,9,0.7452830188679247,0.7408580188679247,0.0,4873834.844200732,False,False,True,False,45192.0,True,True
8913,2018-06-20,2018-07-02,2018,因連續3個營業日達本中心作業要點第四條第一項第一款,10,9,-0.04085257548845467,-0.045277575488454666,-0.04085257548845467,-0.723922378147122,False,False,True,False,20200.0,True,True
8913,2018-06-25,2018-07-05,2018,因連續3個營業日達本中心作業要點第四條第一項第一款,10,9,-0.4732620320855615,-0.4776870320855615,-0.4732620320855615,-0.9999999853868218,False,False,True,False,36342.0,True,True
8913,2018-06-28,2018-07-10,2018,因連續3個營業日達本中心作業要點第四條第一項第一款,10,9,-0.5675675675675675,-0.5719925675675676,-0.5675675675675675,-0.999999999942119,True,False,True,False,9064.0,False,True
8913,2018-07-10,2018-07-20,2018,因連續3個營業日達本中心作業要點第四條第一項第一款,10,9,-0.29513888888888884,-0.29956388888888885,-0.3402777777777778,-0.9999493381159441,True,True,True,True,1086.0,False,False
8913,2018-07-13,2018-07-25,2018,因連續3個營業日達本中心作業要點第四條第一項第一款,10,9,-0.06161137440758302,-0.06603637440758302,-0.09952606635071093,-0.850089418410712,True,True,True,True,834551.0,False,False
8913,2018-07-18,2018-07-30,2018,因連續3個營業日達本中心作業要點第四條第一項第一款,10,9,-0.0979020979020978,-0.1023270979020978,-0.11421911421911424,-0.9501430820353832,True,False,True,False,877839.0,False,True
8929,2020-05-12,2020-05-22,2020,因連續3個營業日達本中心作業要點第四條第一項第一款,10,9,0.06034482758620685,0.05591982758620685,-0.0672413793103448,3.5333070663796544,True,True,True,True,498417.0,False,False
8932,2018-04-27,2018-05-10,2018,因連續3個營業日達本中心作業要點第四條第一項第一款,10,9,-0.06910569105691067,-0.07353069105691067,-0.12195121951219512,-0.8801494811722111,True,True,True,True,268239.0,False,False
8932,2018-05-03,2018-05-15,2018,因連續3個營業日達本中心作業要點第四條第一項第一款,10,9,0.05309734513274322,0.048672345132743225,-0.04424778761061943,2.7439341459286375,True,True,True,True,449000.0,False,False
8932,2018-11-28,2018-12-10,2018,因連續3個營業日達本中心作業要點第四條第一項第一款,10,9,0.2012987012987013,0.1968737012987013,0.0,146.2343052067799,True,True,True,True,581460.0,False,False
8933,2020-07-03,2020-07-15,2020,最近10個營業日內有6個營業日,10,9,-0.09090909090909094,-0.09533409090909094,-0.1515151515151515,-0.9381500174886594,True,True,True,True,3353840.0,False,False
8933,2026-01-28,2026-02-09,2026,因連續3個營業日達本中心作業要點第四條第一項第一款,10,9,-0.054448871181938974,-0.05887387118193897,-0.06640106241699872,-0.8146488405286973,True,True,True,True,685235.0,False,False
8934,2020-10-22,2020-11-03,2020,因連續3個營業日達本中心作業要點第四條第一項第一款,10,9,0.12132352941176472,0.11689852941176472,0.0,20.563260020672438,True,True,True,True,8007.0,False,False
8935,2025-08-18,2025-08-28,2025,因連續3個營業日達本中心作業要點第四條第一項第一款,10,9,0.058441558441558294,0.054016558441558296,-0.1341991341991342,3.3117238111455496,True,True,True,True,2177264.0,False,False
8936,2020-03-24,2020-04-07,2020,因連續3個營業日達本中心作業要點第四條第一項第一款,10,9,0.026415094339622636,0.021990094339622637,-0.018867924528301883,0.8298182544848098,True,True,True,True,1167049.0,False,False
8937,2024-07-16,2024-07-26,2024,因連續3個營業日達本中心作業要點第四條第一項第一款,8,7,0.044619422572178324,0.040194422572178326,-0.13254593175853024,3.0853840181869936,True,True,True,True,1103431.0,False,False
8937,2024-11-08,2024-11-20,2024,最近30個營業日內有12個營業日,10,9,0.3067226890756303,0.30229768907563026,-0.03361344537815125,1535.0182871203467,True,True,True,True,1502571.0,False,False
8937,2024-11-15,2024-11-27,2024,連續5個營業日,10,9,0.1015625,0.0971375,-0.01953125,12.132964249884093,True,True,True,True,674309.0,False,False
8937,2025-01-09,2025-01-21,2025,最近10個營業日內有6個營業日,10,9,0.0,-0.004425,-0.10682492581602376,-0.11590382297714663,True,True,True,True,395787.0,False,False
8937,2025-04-16,2025-04-28,2025,因連續3個營業日達本中心作業要點第四條第一項第一款,10,9,-0.01115241635687736,-0.01557741635687736,-0.1189591078066915,-0.35345446126460944,True,True,True,True,835334.0,False,False
8940,2023-03-01,2023-03-13,2023,連續三次,10,9,-0.06679764243614927,-0.07122264243614927,-0.15717092337917482,-0.8715730727622184,True,True,True,True,654551.0,False,False
8996,2023-03-07,2023-03-21,2023,連續五次及當日沖銷標準,12,11,0.023404255319148914,0.018979255319148916,-0.11063829787234047,0.5331193611385097,True,True,True,True,478428.0,False,False
8996,2023-03-30,2023-04-14,2023,連續五次,10,9,0.14806378132118447,0.14363878132118446,0.0,40.60402901978191,True,True,True,True,810673.0,False,False
8996,2023-06-12,2023-06-26,2023,連續五次,10,9,0.16040955631399312,0.1559845563139931,-0.015358361774744034,55.06186702289343,True,True,True,True,2168955.0,False,False
8996,2023-07-07,2023-07-19,2023,最近十個營業日已有六次,10,9,0.08011049723756902,0.07568549723756902,-0.08287292817679559,6.588354183984239,True,True,True,True,359975.0,False,False
8996,2023-07-28,2023-08-09,2023,連續五次,9,8,-0.11051212938005395,-0.11493712938005395,-0.14690026954177893,-0.9779737120641,True,True,True,True,816183.0,False,False
8996,2024-05-10,2024-05-24,2024,連續五次及當日沖銷標準,12,11,0.15116279069767447,0.14673779069767445,-0.03488372093023251,21.462463484182294,True,True,True,True,1494768.0,False,False
8996,2024-06-04,2024-06-17,2024,連續五次,10,9,0.018181818181818077,0.013756818181818077,-0.06262626262626259,0.4615963455711596,True,True,True,True,266738.0,False,False
8996,2024-09-24,2024-10-04,2024,最近十個營業日已有六次,8,7,-0.026184538653366562,-0.03060953865336656,-0.026184538653366562,-0.6705327773576001,True,True,True,True,908537.0,False,False
8996,2025-10-22,2025-11-04,2025,最近十個營業日已有六次,10,9,0.2384615384615385,0.2340365384615385,-0.05192307692307696,343.2622580548081,True,True,True,True,2813241.0,False,False
8996,2025-11-13,2025-11-25,2025,連續五次,10,9,0.027397260273972712,0.022972260273972714,-0.09589041095890416,0.8792996518192446,True,True,True,True,1901041.0,False,False
8996,2025-12-10,2025-12-22,2025,最近十個營業日已有六次,10,9,0.08219178082191791,0.07776678082191792,-0.06653620352250489,7.0069383980929345,True,True,True,True,590455.0,False,False
8996,2026-01-20,2026-01-30,2026,最近十個營業日已有六次,10,9,0.06714285714285717,0.06271785714285717,-0.0357142857142857,4.417921747057063,True,True,True,True,595548.0,False,False
8996,2026-03-02,2026-03-12,2026,最近十個營業日已有六次,10,9,0.07126168224299056,0.06683668224299057,-0.18224299065420557,5.0325139707144295,True,True,True,True,400439.0,False,False
8996,2026-04-17,2026-04-29,2026,最近十個營業日已有六次,10,9,0.05069124423963123,0.04626624423963123,-0.027649769585253448,2.5125058159464713,True,True,True,True,1479470.0,False,False
8996,2026-06-26,2026-07-08,2026,連續三次,10,9,-0.08650519031141868,-0.09093019031141868,-0.10380622837370246,-0.9292179404094523,True,True,True,True,1090661.0,False,False
9103,2018-11-08,2018-11-20,2018,連續五次,10,9,0.016666666666666607,0.012241666666666607,-0.033333333333333326,0.4021149305766216,True,True,True,True,42000.0,False,False
9103,2018-11-15,2018-11-27,2018,連續五次,10,9,0.034482758620689724,0.030057758620689726,-0.008620689655172376,1.2764915688432739,True,True,True,True,8000.0,False,False
9103,2018-11-22,2018-12-04,2018,連續五次,10,9,0.008403361344537785,0.003978361344537785,-0.03361344537815125,0.1166027248612973,True,True,True,True,33000.0,False,False
9103,2020-01-13,2020-02-03,2020,連續五次,10,9,0.48538011695906436,0.48095511695906434,-0.11111111111111105,54609.343284265415,True,True,True,True,5962796.0,False,False
9103,2020-02-17,2020-02-27,2020,連續五次,10,9,0.2094972067039107,0.2050722067039107,-0.2960893854748603,176.97666332036928,True,True,True,True,21882469.0,False,False
9103,2020-03-04,2020-03-16,2020,連續五次,10,9,0.07360406091370564,0.06917906091370564,-0.1091370558375635,5.411457987744715,True,True,True,True,2574166.0,False,False
9103,2020-04-14,2020-04-24,2020,最近十個營業日已有六次,10,9,0.024324324324324298,0.0198993243243243,-0.18918918918918926,0.7286333631625346,True,True,True,True,1261000.0,False,False
9103,2020-04-28,2020-05-11,2020,最近十個營業日已有六次,10,9,0.21842105263157907,0.21399605263157906,-0.06315789473684208,217.45839530798878,True,False,True,False,1276000.0,False,True
9103,2020-05-13,2020-05-25,2020,連續五次,10,9,0.23091976516634038,0.22649476516634037,-0.07436399217221135,289.35952762461795,True,True,True,True,5396250.0,False,False
9103,2020-05-26,2020-06-05,2020,最近十個營業日已有六次,10,9,0.08538350217076696,0.08095850217076696,0.0,7.6923958095800575,False,True,True,False,6856309.0,True,False
9103,2020-06-02,2020-06-12,2020,連續三次,10,9,0.15625,0.151825,-0.11875000000000002,49.720154762994795,True,True,True,True,9431930.0,False,False
9103,2020-07-09,2020-07-21,2020,連續三次,10,9,-0.107981220657277,-0.112406220657277,-0.2934272300469484,-0.9635659927865026,False,True,True,False,1583862.0,True,False
9103,2020-07-14,2020-07-24,2020,連續三次,10,9,0.18947368421052646,0.18504868421052645,-0.20789473684210524,110.74486290654711,True,True,True,True,2496434.0,False,False
9103,2020-08-10,2020-08-20,2020,最近十個營業日已有六次,10,9,0.7361111111111112,0.7316861111111111,-0.06388888888888877,4208657.762906859,True,True,True,True,7919450.0,False,False
9103,2020-08-13,2020-08-25,2020,連續三次,10,9,0.36464771322620515,0.36022271322620514,-0.05315203955500636,5144.048981819066,False,False,True,False,11801951.0,True,True
9103,2020-08-21,2020-09-02,2020,連續三次,10,9,0.050000000000000044,0.045575000000000046,-0.24696969696969695,2.448610792995347,True,True,True,True,6452412.0,False,False
9103,2020-08-26,2020-09-07,2020,連續三次,10,9,0.4386317907444668,0.4342067907444668,0.0,22403.077643072083,True,True,True,True,7313496.0,False,False
9103,2020-09-29,2020-10-14,2020,監視業務督導會報決議,10,9,0.09423076923076912,0.08980576923076912,-0.028846153846153855,9.901219228338704,True,True,True,True,5433053.0,False,False
9103,2020-11-11,2020-11-23,2020,最近十個營業日已有六次,10,9,-0.18668596237337187,-0.19111096237337188,-0.2474674384949348,-0.9972371346821531,True,True,True,True,11637478.0,False,False
9103,2021-05-21,2021-06-02,2021,連續三次,10,9,-0.10034602076124566,-0.10477102076124566,-0.18685121107266434,-0.9537792481943781,True,True,True,True,17696893.0,False,False
9103,2021-12-06,2021-12-16,2021,最近十個營業日已有六次,10,9,-0.0228013029315961,-0.0272263029315961,-0.09446254071661231,-0.535490097850783,True,True,True,True,3866779.0,False,False
9103,2021-12-22,2022-01-04,2021,最近十個營業日已有六次,10,9,0.09929078014184389,0.0948657801418439,-0.03191489361702127,11.398177171616911,True,True,True,True,1180040.0,False,False
9103,2022-01-07,2022-01-19,2022,最近十個營業日已有六次,10,9,-0.017006802721088454,-0.021431802721088453,-0.03741496598639449,-0.45217531861727667,True,True,True,True,1880521.0,False,False
9103,2022-01-20,2022-02-10,2022,最近十個營業日已有六次,10,9,-0.04912280701754379,-0.05354780701754379,-0.1228070175438597,-0.7831924030293891,True,True,True,True,730104.0,False,False
9103,2022-02-23,2022-03-08,2022,最近十個營業日已有六次,10,9,0.01492537313432818,0.01050037313432818,-0.05572139303482593,0.336636399796147,True,True,True,True,2219510.0,False,False
9103,2022-03-24,2022-04-07,2022,最近十個營業日已有六次,10,9,0.08571428571428585,0.08128928571428586,-0.004761904761904856,7.766586986291042,True,True,True,True,735438.0,False,False
9103,2022-04-14,2022-04-26,2022,最近十個營業日已有六次,10,9,-0.009478672985782088,-0.013903672985782089,-0.023696682464455,-0.3222136631355318,True,True,True,True,452912.0,False,False
9103,2022-04-28,2022-05-11,2022,最近十個營業日已有六次,10,9,-0.06889952153110035,-0.07332452153110035,-0.07559808612440189,-0.8794064186397982,True,True,True,True,598687.0,False,False
9103,2022-08-01,2022-08-11,2022,最近十個營業日已有六次,10,9,-0.013123359580052618,-0.017548359580052617,-0.04330708661417326,-0.388464425597432,True,True,True,True,253377.0,False,False
9103,2022-08-23,2022-09-02,2022,最近十個營業日已有六次,10,9,0.13381294964028778,0.12938794964028777,0.0,28.367384286921432,True,True,True,True,380100.0,False,False
9103,2022-10-11,2022-10-21,2022,最近三十個營業日已有十二次,10,9,0.1435643564356437,0.13913935643564368,-0.1749174917491748,36.288881111540476,True,True,True,True,424964.0,False,False
9103,2022-11-03,2022-11-15,2022,最近十個營業日已有六次,10,9,0.09654178674351588,0.09211678674351588,0.0,10.561923003689705,True,True,True,True,431132.0,False,False
9103,2022-11-18,2022-11-30,2022,最近十個營業日已有六次,10,9,-0.03146374829001364,-0.035888748290013636,-0.07523939808481528,-0.6376839796788822,True,True,True,True,698908.0,False,False
9103,2022-12-06,2022-12-16,2022,連續五次,10,9,0.09248554913294793,0.08806054913294793,-0.06791907514450868,9.426550841388929,True,True,True,True,196240.0,False,False
9103,2022-12-22,2023-01-04,2022,最近十個營業日已有六次,10,9,0.0706033376123234,0.0661783376123234,-0.05006418485237485,4.929956538938356,True,True,True,True,438169.0,False,False
9103,2023-03-02,2023-03-14,2023,最近三十個營業日已有十二次,10,9,0.0028571428571428914,-0.0015678571428571087,-0.0071428571428571175,-0.042649555981080445,True,True,True,True,368746.0,False,False
9103,2023-05-29,2023-06-08,2023,最近十個營業日已有六次,10,9,0.01060606060606073,0.00618106060606073,-0.024242424242424176,0.18668970739629343,True,True,True,True,278996.0,False,False
9103,2023-09-11,2023-09-21,2023,連續五次,10,9,0.013245033112582849,0.008820033112582849,-0.023178807947019764,0.27625087113093727,True,True,True,True,193776.0,False,False
9103,2023-10-04,2023-10-18,2023,最近十個營業日已有六次,10,9,-0.019543973941368087,-0.023968973941368085,-0.02280130293159599,-0.4902903362923423,True,True,True,True,176698.0,False,False
9103,2023-11-09,2023-11-21,2023,最近十個營業日已有六次,10,9,-0.022071307300509324,-0.026496307300509322,-0.04414261460101865,-0.5257093817945604,True,True,True,True,61700.0,False,False
9103,2023-12-01,2023-12-13,2023,最近十個營業日已有六次,10,9,0.038410596026489996,0.03398559602649,-0.0026490066225165476,1.5303479515419949,True,True,True,True,5065968.0,False,False
9103,2023-12-08,2023-12-20,2023,連續五次,10,9,-0.0078037904124861335,-0.012228790412486134,-0.1605351170568562,-0.2894974217083335,True,True,True,True,1060008.0,False,False
9103,2023-12-22,2024-01-04,2023,最近十個營業日已有六次,10,9,0.06945975744211674,0.06503475744211674,-0.08489525909592055,4.755791240032966,True,True,True,True,610859.0,False,False
9103,2024-01-16,2024-01-26,2024,最近十個營業日已有六次,10,9,-0.15000000000000002,-0.15442500000000003,-0.16785714285714282,-0.99052785856066,True,True,True,True,838795.0,False,False
9103,2024-01-30,2024-02-20,2024,連續五次,10,9,0.13802816901408455,0.13360316901408453,-0.05633802816901401,31.56919175578483,True,True,True,True,326273.0,False,False
9103,2024-03-25,2024-04-08,2024,最近三十個營業日已有十二次,10,9,-0.01846590909090906,-0.02289090909090906,-0.048295454545454475,-0.47441811653423227,True,True,True,True,700491.0,False,False
9103,2024-05-20,2024-05-30,2024,最近十個營業日已有六次,10,9,-0.005714285714285672,-0.010139285714285672,-0.021428571428571463,-0.2465438063661718,True,True,True,True,1216918.0,False,False
9103,2024-06-21,2024-07-03,2024,最近十個營業日已有六次,10,9,0.1195499296765119,0.1151249296765119,0.0,19.63204901231411,True,True,True,True,638982.0,False,False
9103,2024-08-23,2024-09-04,2024,最近十個營業日已有六次,10,9,-0.028449502133712667,-0.032874502133712666,-0.03413940256045522,-0.6048651153698017,True,True,True,True,235298.0,False,False
9103,2024-12-30,2025-01-10,2024,最近三十個營業日已有十二次,10,9,-0.037249283667621924,-0.04167428366762192,-0.06876790830945567,-0.6934677457803607,True,True,True,True,1850648.0,False,False
9103,2025-01-14,2025-02-04,2025,最近十個營業日已有六次,10,9,0.020408163265306145,0.015983163265306147,-0.026687598116169498,0.5534310103846014,True,True,True,True,308294.0,False,False
9103,2025-02-07,2025-02-19,2025,最近十個營業日已有六次,10,9,-0.014062500000000089,-0.018487500000000087,-0.02968750000000009,-0.4044965211323063,True,True,True,True,115967.0,False,False
9103,2025-02-24,2025-03-07,2025,最近十個營業日已有六次,10,9,-0.0016181229773462036,-0.006043122977346204,-0.004854368932038722,-0.15496209350965662,True,True,True,True,222703.0,False,False
9103,2025-03-26,2025-04-09,2025,最近十個營業日已有六次,10,9,-0.28146853146853135,-0.28589353146853136,-0.3059440559440558,-0.9999133317165195,True,True,True,True,609717.0,False,False
9103,2025-05-22,2025-06-04,2025,最近十個營業日已有六次,10,9,0.08876811594202905,0.08434311594202905,-0.021739130434782483,8.480986279228857,True,True,True,True,363000.0,False,False
9103,2026-02-04,2026-02-25,2026,連續五次,10,9,-0.0431034482758621,-0.0475284482758621,-0.1448275862068965,-0.7414432266091054,True,True,True,True,1128441.0,False,False
9105,2019-10-14,2019-10-24,2019,最近十個營業日已有六次,10,9,0.019920318725099806,0.015495318725099806,-0.027888446215139417,0.532843923378951,True,True,True,True,1065913.0,False,False
9105,2019-12-30,2020-01-10,2019,最近三十個營業日已有十二次,10,9,-0.003144654088050425,-0.007569654088050425,-0.0911949685534591,-0.19028102568335326,True,True,True,True,1728598.0,False,False
9105,2020-02-14,2020-02-26,2020,最近十個營業日已有六次,10,9,0.09883720930232553,0.09441220930232554,-0.05232558139534893,11.256293438276334,True,True,True,True,4405405.0,False,False
9105,2020-04-14,2020-04-24,2020,最近十個營業日已有六次,10,9,0.015748031496062964,0.011323031496062964,-0.051181102362204633,0.36719510518045495,True,True,True,True,1746379.0,False,False
9105,2020-05-06,2020-05-18,2020,最近十個營業日已有六次,10,9,0.016129032258064502,0.011704032258064502,-0.09677419354838701,0.3815750134292759,True,True,True,True,1475345.0,False,False
9105,2020-05-21,2020-06-02,2020,最近十個營業日已有六次,10,9,0.04508196721311464,0.04065696721311464,-0.004098360655737654,2.0252868563093145,True,True,True,True,894999.0,False,False
9105,2020-07-03,2020-07-15,2020,最近十個營業日已有六次,10,9,0.015810276679841806,0.011385276679841806,-0.035573122529644174,0.36953449059362087,True,True,True,True,1007143.0,False,False
9105,2020-08-27,2020-09-08,2020,連續五次,10,9,0.07099391480730244,0.06656891480730244,-0.16227180527383367,4.990596323101773,False,True,True,False,15272543.0,True,False
9105,2020-09-03,2020-09-15,2020,連續五次,10,9,0.4804928131416837,0.47606781314168367,-0.09856262833675578,49818.28673277628,True,True,True,True,25751154.0,False,False
9105,2020-09-17,2020-09-29,2020,最近十個營業日已有六次,10,9,0.10519645120405596,0.10077145120405596,-0.005069708491761693,13.396415579925852,True,False,True,False,43786919.0,False,True
9105,2020-09-22,2020-10-06,2020,連續三次,10,9,-0.3543378995433789,-0.3587628995433789,-0.3543378995433789,-0.9999956408008251,True,False,True,False,41477735.0,False,True
9105,2020-09-25,2020-10-12,2020,連續三次,10,9,-0.5190697674418605,-0.5234947674418605,-0.5190697674418605,-0.9999999988586065,True,False,True,False,9973783.0,False,True
9105,2020-09-29,2020-10-14,2020,監視業務督導會報決議,10,9,-0.2844036697247707,-0.2888286697247707,-0.4071100917431193,-0.9999227010943694,True,True,True,True,1395005.0,False,False
9105,2020-11-11,2020-11-23,2020,最近十個營業日已有六次,10,9,-0.03054989816700615,-0.03497489816700615,-0.12423625254582493,-0.6280222617748265,True,True,True,True,8444253.0,False,False
9105,2021-03-19,2021-03-31,2021,最近十個營業日已有六次,10,9,0.0,-0.004425,-0.06024096385542177,-0.11590382297714663,True,True,True,True,5674798.0,False,False
9105,2021-04-21,2021-05-04,2021,連續五次,10,9,0.13404255319148928,0.12961755319148927,-0.021276595744680993,28.53367990294322,True,True,True,True,8918695.0,False,False
9105,2021-09-03,2021-09-15,2021,最近十個營業日已有六次,10,9,0.004405286343612147,-1.971365638785312e-05,-0.03083700440528625,-0.0005474570546866175,True,True,True,True,2484634.0,False,False
9105,2021-09-28,2021-10-08,2021,最近十個營業日已有六次,10,9,-0.016055045871559703,-0.0204800458715597,-0.0825688073394496,-0.4371805474359851,True,True,True,True,1840460.0,False,False
9105,2021-10-26,2021-11-05,2021,最近十個營業日已有六次,10,9,0.155875299760192,0.15145029976019198,-0.0383693045563549,49.26381835324359,True,True,True,True,739471.0,False,False
9105,2021-11-10,2021-11-22,2021,最近十個營業日已有六次,10,9,-0.008714596949891074,-0.013139596949891074,-0.05882352941176461,-0.30747290908805525,True,True,True,True,2907694.0,False,False
9105,2021-11-24,2021-12-06,2021,最近十個營業日已有六次,10,9,0.08883826879271095,0.08441326879271095,-0.04783599088838264,8.49803947785186,True,True,True,True,2295645.0,False,False
9105,2022-03-21,2022-03-31,2022,最近三十個營業日已有十二次,10,9,0.020361990950226172,0.015936990950226174,-0.004524886877827927,0.5514711714700962,True,True,True,True,1962907.0,False,False
9105,2022-05-23,2022-06-02,2022,最近十個營業日已有六次,10,9,0.02010050251256268,0.01567550251256268,-0.01005025125628145,0.5404168770576734,True,True,True,True,622285.0,False,False
9105,2022-06-09,2022-06-21,2022,最近十個營業日已有六次,10,9,-0.010178117048346036,-0.014603117048346036,-0.038167938931297773,-0.33544199545943065,True,True,True,True,964170.0,False,False
9105,2022-09-20,2022-09-30,2022,最近三十個營業日已有十二次,10,9,-0.04594594594594603,-0.05037094594594603,-0.06756756756756754,-0.7620422694501938,True,True,True,True,986770.0,False,False
9105,2022-11-07,2022-11-17,2022,連續五次,10,9,-0.002645502645502562,-0.007070502645502562,-0.02910052910052907,-0.17889187168412957,True,True,True,True,1173967.0,False,False
9105,2022-12-13,2022-12-23,2022,最近三十個營業日已有十二次,10,9,-0.01253132832080206,-0.016956328320802058,-0.022556390977443663,-0.3781448776782008,True,True,True,True,590079.0,False,False
9105,2023-02-08,2023-02-20,2023,連續五次,10,9,0.016786570743405393,0.012361570743405393,-0.023980815347721784,0.4067357583750042,True,True,True,True,1364840.0,False,False
9105,2023-02-23,2023-03-09,2023,連續五次,10,9,0.04567307692307687,0.04124807692307687,-0.009615384615384581,2.0733852939527213,True,True,True,True,817904.0,False,False
9105,2023-03-20,2023-03-30,2023,最近十個營業日已有六次,10,9,0.002564102564102555,-0.0018608974358974451,-0.08974358974358976,-0.05042403966039777,True,True,True,True,852660.0,False,False
9105,2023-04-19,2023-05-02,2023,最近十個營業日已有六次,10,9,-0.025125628140703515,-0.029550628140703514,-0.042713567839196,-0.5653540410504017,True,True,True,True,640048.0,False,False
9105,2023-05-11,2023-05-23,2023,最近十個營業日已有六次,10,9,0.0077319587628865705,0.0033069587628865704,-0.030927835051546393,0.0960451808809839,True,True,True,True,712212.0,False,False
9105,2023-05-26,2023-06-07,2023,最近十個營業日已有六次,10,9,0.02088772845953013,0.016462728459530132,-0.007832898172323799,0.5739283615311783,True,True,True,True,375460.0,False,False
9105,2023-06-12,2023-06-26,2023,連續五次,10,9,0.018276762402088753,0.013851762402088753,-0.013054830287206332,0.46540353399223977,True,True,True,True,1365554.0,False,False
9105,2023-07-06,2023-07-18,2023,最近十個營業日已有六次,10,9,0.06052631578947376,0.05610131578947376,-0.002631578947368318,3.555000576797571,True,True,True,True,2084420.0,False,False
9105,2023-08-01,2023-08-11,2023,最近十個營業日已有六次,9,8,-0.01477832512315258,-0.01920332512315258,-0.03694581280788167,-0.45443905167391674,True,True,True,True,1307501.0,False,False
9105,2023-10-12,2023-10-24,2023,最近三十個營業日已有十二次,10,9,-0.027108433734939763,-0.03153343373493976,-0.051204819277108404,-0.5893592801916452,True,True,True,True,4453133.0,False,False
9105,2023-11-13,2023-11-23,2023,最近十個營業日已有六次,10,9,0.08333333333333348,0.07890833333333348,-0.021739130434782483,7.245887998873146,True,True,True,True,3118024.0,False,False
9105,2023-11-28,2023-12-08,2023,最近十個營業日已有六次,10,9,0.04210526315789487,0.03768026315789487,-0.010526315789473717,1.7938938503786823,True,True,True,True,2068994.0,False,False
9105,2024-01-31,2024-02-21,2024,連續五次,10,9,0.11232876712328754,0.10790376712328754,0.0,16.225337980765744,True,True,True,True,7648393.0,False,False
9105,2024-06-20,2024-07-02,2024,最近十個營業日已有六次,10,9,0.12323943661971826,0.11881443661971826,0.0,21.614688054190985,True,False,True,False,24900446.0,False,True
9105,2024-08-30,2024-09-11,2024,最近十個營業日已有六次,10,9,-0.10278745644599296,-0.10721245644599296,-0.11672473867595812,-0.9571557757229722,True,True,True,True,3148276.0,False,False
9110,2020-09-01,2020-09-11,2020,連續三次,10,9,-0.16485900216919747,-0.16928400216919748,-0.28416485900216926,-0.994211427143236,True,True,True,True,747206.0,False,False
9110,2020-09-25,2020-10-12,2020,連續五次,10,9,-0.3536184210526315,-0.35804342105263154,-0.4605263157894737,-0.9999955028763072,True,True,True,True,724010.0,False,False
9110,2020-09-29,2020-10-14,2020,監視業務督導會報決議,10,9,-0.03846153846153855,-0.042886538461538545,-0.3360323886639677,-0.7040582509139648,True,True,True,True,108005.0,False,False
9110,2021-04-22,2021-05-05,2021,連續五次,10,9,-0.0030864197530865445,-0.007511419753086545,-0.08950617283950613,-0.1889601798288394,True,True,True,True,788306.0,False,False
9110,2021-07-05,2021-07-15,2021,最近十個營業日已有六次,10,9,0.02941176470588225,0.02498676470588225,-0.019607843137254943,0.9848576980209449,True,True,True,True,176454.0,False,False
9110,2024-07-04,2024-07-16,2024,最近三十個營業日已有十二次,10,9,-0.09811320754716979,-0.10253820754716979,-0.10943396226415092,-0.9504677549238919,True,True,True,True,27000.0,False,False
9136,2020-09-23,2020-10-07,2020,連續三次,10,9,-0.35757575757575755,-0.36200075757575756,-0.3606060606060606,-0.999996212628891,True,True,True,True,9412778.0,False,False
9136,2020-09-29,2020-10-14,2020,監視業務督導會報決議,10,9,0.14410480349344978,0.13967980349344977,-0.0873362445414847,36.78343581766793,True,True,True,True,890200.0,False,False
9136,2024-02-01,2024-02-22,2024,最近十個營業日已有六次,10,9,0.00911854103343468,0.004693541033434679,-0.010638297872340496,0.138909392145232,True,True,True,True,267300.0,False,False
9136,2024-06-03,2024-06-14,2024,最近十個營業日已有六次,10,9,-0.01692307692307693,-0.021348076923076928,-0.021538461538461506,-0.4508718370997076,True,True,True,True,185000.0,False,False
9136,2025-01-02,2025-01-14,2024,連續五次,10,9,-0.039999999999999925,-0.04442499999999992,-0.06666666666666665,-0.716991539104141,True,True,True,True,282337.0,False,False
9157,2018-06-14,2018-06-27,2018,連續五次,10,9,0.06000000000000005,0.055575000000000055,0.0,3.4923634706221005,True,True,True,True,17341.0,False,False
9157,2018-06-26,2018-07-06,2018,最近十個營業日已有六次,10,9,0.027272727272727115,0.022847727272727117,-0.09090909090909094,0.8729550199221305,True,True,True,True,86332.0,False,False
9157,2018-07-10,2018-07-20,2018,連續五次,10,9,0.058252427184465994,0.053827427184465995,-0.03883495145631066,3.290283984025737,True,True,True,True,28000.0,False,False
9157,2018-07-17,2018-07-27,2018,連續五次,10,9,0.01869158878504673,0.014266588785046731,-0.05607476635514019,0.4821501720524617,True,True,True,True,5000.0,False,False
9157,2018-07-24,2018-08-03,2018,連續五次,10,9,0.05882352941176472,0.05439852941176472,-0.009803921568627416,3.3553392288152324,True,True,True,True,60000.0,False,False
9157,2018-07-31,2018-08-10,2018,連續五次,10,9,0.07843137254901977,0.07400637254901977,-0.02941176470588236,6.266104131485777,True,True,True,True,5600.0,False,False
9157,2018-08-07,2018-08-17,2018,連續五次,10,9,-0.1071428571428572,-0.1115678571428572,-0.1071428571428572,-0.9625978830154438,True,True,True,True,9000.0,False,False
9157,2018-08-14,2018-08-24,2018,連續五次,10,9,-0.018867924528301883,-0.02329292452830188,-0.0660377358490567,-0.48039186677081946,True,True,True,True,36000.0,False,False
9157,2018-08-21,2018-08-31,2018,連續五次,10,9,0.040000000000000036,0.03557500000000004,-0.010000000000000009,1.640644458012126,True,True,True,True,34000.0,False,False
9157,2018-09-04,2018-09-14,2018,連續五次,10,9,0.0,-0.004425,-0.08247422680412364,-0.11590382297714663,True,True,True,True,91000.0,False,False
9157,2018-09-11,2018-09-21,2018,連續五次,10,9,0.01098901098901095,0.00656401098901095,-0.05494505494505497,0.19929972558850162,True,True,True,True,18000.0,False,False
9157,2018-09-18,2018-10-01,2018,連續五次,10,9,-0.010752688172043001,-0.015177688172043001,-0.07526881720430112,-0.3461221190171565,True,True,True,True,1000.0,False,False
9157,2018-10-03,2018-10-16,2018,連續五次,10,9,-0.08791208791208793,-0.09233708791208793,-0.20879120879120883,-0.932198607217242,True,True,True,True,12800.0,False,False
9157,2018-10-11,2018-10-23,2018,連續五次,10,9,-0.08750000000000002,-0.09192500000000002,-0.15000000000000002,-0.9313383197142345,True,True,True,True,89033.0,False,False
9157,2018-10-18,2018-10-30,2018,連續五次,10,9,-0.29268292682926833,-0.29710792682926834,-0.31707317073170727,-0.9999441649611682,True,True,True,True,16133.0,False,False
9157,2018-10-25,2018-11-06,2018,連續五次,10,9,0.08823529411764697,0.08381029411764697,-0.17647058823529405,8.352424539930228,True,True,True,True,165600.0,False,False
9157,2018-11-14,2018-11-26,2018,最近十個營業日已有六次,10,9,-0.021739130434782594,-0.026164130434782593,-0.08695652173913049,-0.5211933271916721,True,True,True,True,16000.0,False,False
9157,2018-11-21,2018-12-03,2018,連續五次,10,9,-0.010526315789473717,-0.014951315789473717,-0.11578947368421055,-0.3419342135520641,True,True,True,True,5000.0,False,False
9157,2018-11-28,2018-12-10,2018,連續五次,10,9,-0.010526315789473717,-0.014951315789473717,-0.09473684210526312,-0.3419342135520641,True,True,True,True,11000.0,False,False
9157,2018-12-10,2018-12-20,2018,最近十個營業日已有六次,10,9,-0.15909090909090906,-0.16351590909090907,-0.15909090909090906,-0.9929846907522994,True,True,True,True,39000.0,False,False
9157,2019-10-16,2019-10-28,2019,連續五次,10,9,-0.01388888888888895,-0.01831388888888895,-0.09722222222222221,-0.40156365430207264,True,True,True,True,4831752.0,False,False
9188,2020-08-26,2020-09-07,2020,連續五次,10,9,0.05122494432071267,0.046799944320712675,-0.21380846325167047,2.562617449886331,True,True,True,True,3153000.0,False,False
9188,2020-09-09,2020-09-21,2020,連續五次,10,9,0.5070422535211268,0.5026172535211267,-0.05399061032863839,81742.78754528926,True,True,True,True,1325000.0,False,False
9188,2020-09-23,2020-10-07,2020,最近十個營業日已有六次,10,9,-0.43556701030927836,-0.43999201030927837,-0.43556701030927836,-0.9999998987499868,False,False,True,False,901000.0,True,True
9188,2020-09-28,2020-10-13,2020,連續三次,10,9,-0.22240259740259738,-0.2268275974025974,-0.3571428571428572,-0.9992119294245109,True,True,True,True,64300.0,False,False
9188,2020-09-29,2020-10-14,2020,監視業務督導會報決議,10,9,-0.052252252252252274,-0.05667725225225227,-0.28648648648648645,-0.802248562685737,True,True,True,True,102000.0,False,False
9188,2021-07-09,2021-07-21,2021,最近十個營業日已有六次,10,9,-0.06686930091185417,-0.07129430091185417,-0.07294832826747721,-0.8718480273539084,True,True,True,True,834122.0,False,False
9902,2025-06-04,2025-06-16,2025,連續五次,10,9,-0.04336734693877553,-0.04779234693877553,-0.04336734693877553,-0.7434257958975704,True,True,True,True,1184539.0,False,False
9906,2020-07-14,2020-07-24,2020,連續三次,10,9,-0.010033444816053616,-0.014458444816053616,-0.11928651059085849,-0.3327264422042173,True,True,True,True,482240.0,False,False
9912,2022-08-10,2022-08-22,2022,連續五次,10,9,-0.04137931034482756,-0.045804310344827556,-0.17586206896551726,-0.7281222779699017,True,True,True,True,856519.0,False,False
9919,2020-02-07,2020-02-19,2020,連續三次,10,9,0.06645569620253178,0.06203069620253178,0.0,4.32144659037961,True,True,True,True,16766013.0,False,False
9919,2020-05-07,2020-05-19,2020,連續三次,10,9,-0.3314732142857143,-0.3358982142857143,-0.4319196428571428,-0.9999884635136602,False,True,True,False,47425810.0,True,False
9919,2020-05-12,2020-05-22,2020,連續三次,10,9,0.2905844155844155,0.2861594155844155,-0.1737012987012987,1085.342339026631,True,True,True,True,17792246.0,False,False
9919,2020-05-29,2020-06-10,2020,連續三次,10,9,0.0844907407407407,0.0800657407407407,-0.11226851851851849,7.495167814563924,True,True,True,True,4290746.0,False,False
9919,2023-12-07,2023-12-21,2023,連續三次及當日沖銷標準,12,11,0.02313167259786475,0.01870667259786475,-0.11387900355871894,0.5238255322007075,True,True,True,True,4510944.0,False,False
9928,2022-08-30,2022-09-12,2022,連續三次,10,9,-0.0714285714285714,-0.0758535714285714,-0.12662337662337664,-0.8882222756652659,True,True,True,True,665185.0,False,False
9928,2022-11-09,2022-11-21,2022,連續三次,10,9,0.1428571428571428,0.13843214285714278,-0.007792207792207684,35.651139315416415,True,True,True,True,988498.0,False,False
9935,2020-03-24,2020-04-07,2020,連續三次,10,9,0.32162162162162167,0.31719662162162165,-0.005405405405405461,2105.8227737396833,True,True,True,True,668659.0,False,False
9944,2020-02-07,2020-02-19,2020,連續三次,10,9,0.009661835748792313,0.005236835748792313,-0.048309178743961345,0.15614140930506903,True,True,True,True,6128749.0,False,False
9944,2020-05-07,2020-05-19,2020,連續三次,10,9,-0.14919354838709675,-0.15361854838709676,-0.25604838709677424,-0.990273686642741,True,True,True,True,3670301.0,False,False
9946,2020-03-27,2020-04-10,2020,連續三次,10,9,0.10121457489878538,0.09678957489878538,-0.09716599190283393,12.017767001470576,True,True,True,True,1064688.0,False,False
9949,2026-05-07,2026-05-19,2026,因連續3個營業日達本中心作業要點第四條第一項第一款,10,9,-0.03483606557377039,-0.03926106557377039,-0.07786885245901631,-0.6712873494217757,True,True,True,True,8340.0,False,False
9950,2023-07-03,2023-07-13,2023,因連續3個營業日達本中心作業要點第四條第一項第一款,10,9,-0.14832535885167453,-0.15275035885167454,-0.14832535885167453,-0.9899927099407759,True,True,True,True,238693.0,False,False
9955,2022-03-02,2022-03-16,2022,連續五次及當日沖銷標準,12,11,-0.055984555984555984,-0.06040955598455598,-0.1293436293436293,-0.7573568800233245,True,True,True,True,2868131.0,False,False
9955,2024-04-24,2024-05-07,2024,連續五次,10,9,-0.0493827160493826,-0.0538077160493826,-0.10802469135802473,-0.7848401810804597,True,True,True,True,1543060.0,False,False
9958,2018-01-11,2018-01-23,2018,連續三次,10,9,-0.05668934240362811,-0.061114342403628105,-0.326530612244898,-0.8265230408168164,True,True,True,True,4089941.0,False,False
9958,2018-01-16,2018-01-26,2018,連續三次,10,9,0.21212121212121215,0.20769621212121214,-0.09999999999999998,188.06141036244145,True,True,True,True,3257009.0,False,False
9958,2018-04-16,2018-04-26,2018,最近十個營業日已有六次,10,9,-0.15287356321839074,-0.15729856321839075,-0.15287356321839074,-0.9913824956641092,True,False,True,False,2444585.0,False,True
9958,2018-05-03,2018-05-15,2018,最近十個營業日已有六次,10,9,-0.1399662731871838,-0.1443912731871838,-0.25295109612141653,-0.9868551477475527,True,True,True,True,437140.0,False,False
9958,2018-05-11,2018-05-23,2018,連續三次,10,9,0.18637274549098204,0.18194774549098203,-0.038076152304609145,102.90077672012224,True,True,True,True,1731486.0,False,False
9962,2021-07-07,2021-07-19,2021,因連續3個營業日達本中心作業要點第四條第一項第一款,10,9,0.29268292682926833,0.2882579268292683,-0.07317073170731703,1135.6689161810953,True,True,True,True,1450307.0,False,False
9962,2021-07-28,2021-08-09,2021,因連續3個營業日達本中心作業要點第四條第一項第一款,10,9,-0.06222222222222218,-0.06664722222222218,-0.14666666666666672,-0.8527892366446108,True,True,True,True,1780401.0,False,False
