symbol,entry_date,exit_date,entry_sig_date,exit_sig_date,position,period,entry_index,exit_index,return,industry,stock_id,trade_price@entry_date,trade_price@exit_date,adj_close@entry_date,pct_change@entry_date,pct_change@exit_date,turnover@entry_date,turnover@exit_date,volume@entry_date,volume@exit_date,類別@entry_sig_date,類別@exit_sig_date,mae,gmfe,bmfe,mdd,pdays
9958 世紀鋼,2018-01-11,2018-01-23,2018-01-10,2018-01-22,0.2,8,2659,2667,-0.08751730872449015,鋼鐵工業,9958 世紀鋼,44.1,40.4,64.24956908289778,0.07299270072992714,0.024081115335867986,180366398.1,101791395.6,4089941.0,2519589.0,3,2,-0.2520561224489797,0.024456462585033867,0.024456462585033867,-0.26991150442477874,1.0
3508 位速,2018-01-12,2018-01-24,2018-01-11,2018-01-23,0.2,8,2660,2668,0.04556855868666343,其他電子業,3508 位速,52.3,54.9,88.30136481826173,0.0077071290944121795,0.007339449541284404,93526521.0,165574611.9,1788270.0,3015931.0,2,0,-0.0004750000000001142,0.06259254302103257,0.06259254302103257,-0.0593525179856117,8.0
2033 佳大,2018-01-18,2018-01-30,2018-01-17,2018-01-29,0.2,8,2664,2672,-0.10204434526988615,鋼鐵工業,2033 佳大,13.2,11.9,20.070507413059886,0.007633587786259444,-0.024590163934426035,14256000.0,9270111.9,1080000.0,779001.0,2,0,-0.1178434659090909,0.0,0.0,-0.1178434659090909,0.0
6150 撼訊,2018-01-23,2018-02-02,2018-01-22,2018-02-01,0.2,8,2667,2675,0.2768932814403191,電腦及週邊設備業,6150 撼訊,133.0,170.5,79.68624240887296,0.023076923076923217,-0.02011494252873569,659871520.0,2019408308.5,4961440.0,11844037.0,2,0,0.0,0.43540808270676656,0.07467725563909777,-0.03399433427762044,9.0
2033 佳大,2018-03-01,2018-03-08,2018-02-27,2018-03-07,0.2,5,2687,2692,-0.009559907970070447,鋼鐵工業,2033 佳大,17.75,17.65,29.565401304622828,-0.0273972602739726,0.008571428571428452,12531500.0,99557207.74999999,706000.0,5640635.0,2,0,-0.10746640845070421,0.07836077464788715,0.07836077464788715,-0.17232375979112258,3.0
2388 威盛,2018-03-01,2018-03-13,2018-02-27,2018-03-12,0.2,8,2687,2695,0.3349145833118552,半導體業,2388 威盛,19.4,26.0,4.624736842105263,-0.020202020202020443,0.07216494845360821,108669332.8,121331522.0,5601512.0,4666597.0,2,0,0.0,0.37305882731958717,0.12060148195876308,-0.09999999999999987,9.0
5386 青雲,2018-03-02,2018-03-14,2018-03-01,2018-03-13,0.16666666666666666,8,2688,2696,0.05072115219879514,電腦及週邊設備業,5386 青雲,74.7,78.8,11.158133237803261,-0.004000000000000115,-0.09942857142857142,53683229.7,177443573.6,718651.0,2251822.0,2,2,0.0,0.6056626506024094,0.10389307228915667,-0.3433333333333334,9.0
6237 驊訊,2018-03-02,2018-03-14,2018-03-01,2018-03-13,0.16666666666666666,8,2688,2696,0.1119044667260638,半導體業,6237 驊訊,35.25,39.35,48.600147081658555,0.004273504273504258,-0.024783147459727428,154592541.0,374361891.40000004,4385604.0,9513644.0,2,0,-0.05293234042553163,0.14413712765957465,0.006613829787234238,-0.0991325898389096,5.0
2425 承啟,2018-03-06,2018-03-16,2018-03-05,2018-03-15,0.1,8,2690,2698,-0.16789046061203317,電腦及週邊設備業,2425 承啟,36.15,30.2,14.464946359743958,-0.004132231404958664,0.0,131763641.1,133041570.0,3644914.0,4405350.0,3,0,-0.20093298755186728,0.0050548755186721195,0.0050548755186721195,-0.20495185694635487,1.0
2434 統懋,2018-03-06,2018-03-16,2018-03-05,2018-03-15,0.1,8,2690,2698,-0.07897561656493535,半導體業,2434 統懋,19.25,17.8,9.420760568835622,0.0185185185185186,-0.013850415512465464,7778617.0,38679916.2,404084.0,2173029.0,2,0,-0.16922597402597417,0.0,0.0,-0.16922597402597417,0.0
6535 順藥,2018-03-06,2018-03-16,2018-03-05,2018-03-15,0.1,8,2690,2698,0.054642924191176556,生技醫療業,6535 順藥,42.5,45.0,40.7,-0.01392111368909521,-0.01207464324917662,17595000.0,25220475.0,414000.0,560455.0,3,0,-0.06397423529411772,0.07125561764705868,0.0,-0.06397423529411772,3.0
5281 大峽谷-KY,2018-03-02,2018-03-19,2018-03-01,2018-03-16,0.16666666666666666,11,2688,2699,0.17018655458041954,其他,5281 大峽谷-KY,71.5,84.0,76.16782234549464,-0.03247631935047379,0.024390243902439046,177184221.5,280853580.0,2478101.0,3343495.0,3,0,-0.0032708741258742347,0.26093923076923087,0.11834965034965039,-0.10875000000000012,11.0
6150 撼訊,2018-03-02,2018-03-19,2018-03-01,2018-03-16,0.16666666666666666,11,2688,2699,0.03871308072625679,電腦及週邊設備業,6150 撼訊,268.5,280.0,169.96016737556818,-0.032432432432432434,0.03703703703703698,450996496.5,450065000.0,1679689.0,1607375.0,3,0,-0.07865013966480461,0.15773659217877078,0.15773659217877078,-0.20418006430868163,11.0
2399 映泰,2018-03-08,2018-03-20,2018-03-07,2018-03-19,0.1,8,2692,2700,-0.18965289440677968,電腦及週邊設備業,2399 映泰,29.5,24.0,48.11878195985362,0.04424778761061954,0.023454157782516027,998624501.0,1107151056.0,33851678.0,46131294.0,3,0,-0.27661495762711863,0.0,0.0,-0.27661495762711863,0.0
2465 麗臺,2018-03-05,2018-03-20,2018-03-02,2018-03-19,0.14285714285714285,11,2689,2700,-0.37180833398082413,電腦及週邊設備業,2465 麗臺,35.2,22.2,10.195586293015184,0.06990881458966558,0.0,304830873.6,25837181.4,8659968.0,1163837.0,3,2,-0.3852353338068184,0.04495795454545437,0.04495795454545437,-0.4116847826086958,3.0
8093 保銳,2018-03-09,2018-03-21,2018-03-08,2018-03-20,0.09090909090909091,8,2693,2701,0.38760298914655156,電子零組件業,8093 保銳,14.5,20.2,19.162857340744203,-0.06451612903225801,0.09782608695652173,45493025.0,160586404.4,3137450.0,7949822.0,3,0,-0.0004750000000001142,0.39244172413793077,0.033991379310344794,-0.04049844236760125,8.0
3228 金麗科,2018-03-12,2018-03-22,2018-03-09,2018-03-21,0.08333333333333333,8,2694,2702,0.3528462717444034,半導體業,3228 金麗科,33.5,45.5,37.46107784431138,0.01823708206686936,0.03409090909090917,45823980.0,221773188.0,1367880.0,4874136.0,3,1,-0.04522985074626884,0.31280895522388064,0.0,-0.07632600258732203,8.0
6240 松崗,2018-03-13,2018-03-23,2018-03-12,2018-03-22,0.08333333333333333,8,2695,2703,0.2134639398477156,資訊服務業,6240 松崗,59.1,72.0,1.4663276231263382,0.0,0.08925869894099869,7568582.4,41869512.0,128064.0,581521.0,2,0,0.0,0.22953413705583747,0.07732220812182744,-0.10000000000000009,9.0
6472 保瑞,2018-03-15,2018-03-27,2018-03-14,2018-03-26,0.08333333333333334,8,2697,2705,0.3472431140672496,生技醫療業,6472 保瑞,65.8,89.0,66.87586726998492,-0.004538577912254094,-0.006696428571428492,39414200.0,83585240.0,599000.0,939160.0,3,1,-0.012627279635258226,0.3671314589665655,0.0,-0.012627279635258226,7.0
6499 益安,2018-03-14,2018-03-29,2018-03-13,2018-03-28,0.0909090909090909,11,2696,2707,0.19800026707474316,生技醫療業,6499 益安,145.5,175.0,153.0,0.0,0.01744186046511631,135124104.0,251418125.0,928688.0,1436675.0,3,0,0.0,0.18156907216494944,0.05104690721649496,-0.04575163398692794,12.0
2465 麗臺,2018-03-21,2018-03-31,2018-03-20,2018-03-30,0.16666666666666669,8,2701,2709,0.07468730725328987,電腦及週邊設備業,2465 麗臺,22.8,24.6,6.261189922681524,0.027027027027027195,0.016528925619834878,18826461.6,88618941.60000001,825722.0,3602396.0,2,0,-0.07280904605263183,0.16611250000000033,0.0,-0.07280904605263183,5.0
4807 日成-KY,2018-03-21,2018-03-31,2018-03-20,2018-03-30,0.16666666666666669,8,2701,2709,-0.03646756892382086,貿易百貨,4807 日成-KY,82.7,80.0,89.28598130841121,0.03117206982543652,-0.04761904761904756,60798228.2,26176000.0,735166.0,327200.0,2,0,-0.04881961910519961,0.04545238814993957,0.030949002418379612,-0.07737397420867531,3.0
5386 青雲,2018-03-22,2018-04-02,2018-03-21,2018-03-31,0.14285714285714285,8,2702,2710,0.325680254428957,電腦及週邊設備業,5386 青雲,69.5,92.5,9.264631839873012,0.013119533527696792,0.09988109393579081,18587775.0,24653100.0,267450.0,266520.0,2,0,-0.014856654676258851,0.33030305755395695,0.0,-0.0426908150064681,8.0
8201 無敵,2018-03-22,2018-04-02,2018-03-21,2018-03-31,0.14285714285714285,8,2702,2710,-0.04896763301906759,其他電子業,8201 無敵,17.7,16.9,27.225744158666735,0.01724137931034475,0.024242424242424176,26742558.3,26668470.4,1510879.0,1578016.0,2,0,-0.09647457627118616,0.0,0.0,-0.09647457627118616,0.0
6118 建達,2018-03-23,2018-04-03,2018-03-22,2018-04-02,0.14285714285714288,8,2703,2711,0.11024865515525484,電子通路業,6118 建達,15.7,17.5,20.378184155636333,-0.048484848484848464,-0.03581267217630857,107472717.19999999,30316125.0,6845396.0,1732350.0,3,2,0.0,0.20643304140127405,0.056822611464968364,-0.04985337243401766,9.0
4303 信立,2018-03-26,2018-04-09,2018-03-23,2018-04-03,0.11111111111111112,8,2704,2712,0.015069343238365063,塑膠工業,4303 信立,209.5,213.5,40.10948709955583,0.0,0.0314009661835748,15074991.5,27513745.0,71957.0,128870.0,2,0,-0.13167756563245803,0.013838007159904464,0.0,-0.13167756563245803,1.0
5410 國眾,2018-03-26,2018-04-09,2018-03-23,2018-04-03,0.11111111111111112,8,2704,2712,0.019457564086162282,資訊服務業,5410 國眾,19.15,19.6,34.12701104175063,0.005249343832020914,0.03157894736842115,31073364.499999996,95422208.0,1622630.0,4868480.0,2,0,-0.029181984334203603,0.025622258485639593,0.007354177545692009,-0.04071246819338381,3.0
3073 天方能源,2018-03-28,2018-04-11,2018-03-27,2018-04-10,0.11111111111111112,8,2706,2714,-0.05375093190624958,綠能環保,3073 天方能源,15.0,14.25,7.315200785587586,-0.032258064516129115,0.0,11133945.0,5272642.5,742263.0,370010.0,3,0,-0.14374024999999968,0.05283300000000035,0.05283300000000035,-0.18670886075949367,3.0
6150 撼訊,2018-03-29,2018-04-12,2018-03-28,2018-04-11,0.1,8,2707,2715,-0.025601646127717537,電腦及週邊設備業,6150 撼訊,368.0,360.0,200.60872214821163,0.0514285714285716,-0.04255319148936165,137406784.0,1962983160.0,373388.0,5452731.0,2,0,-0.11726732336956536,0.12718172554347817,0.0,-0.1771084337349399,5.0
8409 商之器,2018-03-29,2018-04-12,2018-03-28,2018-04-11,0.1,8,2707,2715,-0.07606068607183247,生技醫療業,8409 商之器,22.1,20.5,21.8,0.02314814814814814,-0.021479713603818618,8335191.800000001,6498500.0,377158.0,317000.0,2,0,-0.09545248868778289,0.09450248868778277,0.0,-0.13429752066115697,1.0
4144 康聯-KY,2018-03-30,2018-04-13,2018-03-29,2018-04-12,0.08333333333333333,8,2708,2716,-0.05582603951171872,化學生技醫療,4144 康聯-KY,48.0,45.5,59.77334145805214,0.010526315789473717,-0.010869565217391242,56011296.0,156586885.0,1166902.0,3441470.0,2,0,-0.13582734375000005,0.07032468749999987,0.07032468749999987,-0.19260700389105057,4.0
5281 大峽谷-KY,2018-03-30,2018-04-13,2018-03-29,2018-04-12,0.08333333333333333,8,2708,2716,0.00027220846663156273,其他,5281 大峽谷-KY,118.0,118.5,118.52908754711613,0.01724137931034475,0.03947368421052633,39894266.0,315933916.5,338087.0,2666109.0,2,0,-0.12753326271186427,0.10540688559322042,0.10540688559322042,-0.2107279693486589,3.0
1781 合世,2018-03-31,2018-04-16,2018-03-30,2018-04-13,0.08333333333333333,8,2709,2717,-0.0007660757308305399,生技醫療業,1781 合世,15.65,15.7,16.374900937269203,0.0032051282051281937,0.01948051948051943,8474975.8,3391576.8,541532.0,216024.0,2,0,-0.02282859424920103,0.044232188498402714,0.044232188498402714,-0.06422018348623848,3.0
6533 晶心科,2018-03-31,2018-04-16,2018-03-30,2018-04-13,0.08333333333333333,8,2709,2717,0.06076687086334687,半導體業,6533 晶心科,177.0,188.5,192.5,0.011428571428571344,-0.00527704485488123,413310753.0,579414504.5,2335089.0,3073817.0,2,0,-0.03435720338983095,0.08705402542372864,0.08705402542372864,-0.11168831168831195,7.0
6240 松崗,2018-04-02,2018-04-17,2018-03-31,2018-04-16,0.09090909090909091,8,2710,2718,-0.015743697869243234,資訊服務業,6240 松崗,76.0,75.1,1.7955032119914345,0.016042780748663166,-0.05176767676767691,13855788.0,72551857.0,182313.0,966070.0,2,0,-0.06228773026315759,0.049501250000000496,0.049501250000000496,-0.10651629072681723,8.0
4984 科納-KY,2018-04-10,2018-04-20,2018-04-09,2018-04-19,0.09090909090909091,8,2713,2721,0.002118970324237912,通信網路業,4984 科納-KY,49.25,49.55,74.60612680720715,0.0,0.0,40515020.0,15584317.35,822640.0,314517.0,2,0,-0.0025044923857868717,0.005613477157359714,0.0,-0.0025044923857868717,6.0
5398 慕康生醫,2018-04-10,2018-04-20,2018-04-09,2018-04-19,0.09090909090909091,8,2713,2721,-0.09449849943181854,其他,5398 慕康生醫,35.75,32.5,22.820777766420917,0.007042253521126973,0.006191950464396356,11961378.0,7503307.5,334584.0,230871.0,2,0,-0.12069758741258751,0.0,0.0,-0.12069758741258751,0.0
6101 寬魚國際,2018-04-10,2018-04-20,2018-04-09,2018-04-19,0.09090909090909091,8,2713,2721,0.1394421196095761,文化創意業,6101 寬魚國際,77.8,89.0,19.381088825214903,-0.002564102564102666,0.011363636363636465,41397380.0,307738593.0,532100.0,3457737.0,2,0,-0.023600257069408603,0.13056812339331647,0.0,-0.046650717703349165,8.0
3115 富榮綱,2018-04-11,2018-04-23,2018-04-10,2018-04-20,0.07692307692307691,8,2714,2722,0.15484249347826107,電子零組件業,3115 富榮綱,27.6,32.0,26.1,0.022222222222222365,-0.06432748538011701,14476200.0,16745600.0,524500.0,523300.0,2,0,-0.05479701086956523,0.23854184782608723,0.0,-0.06725146198830423,8.0
6523 達爾膚,2018-04-11,2018-04-23,2018-04-10,2018-04-20,0.07692307692307691,8,2714,2722,-0.11249243950721133,生技醫療業,6523 達爾膚,156.0,139.0,169.04024767801857,-0.028037383177570097,0.037313432835821114,100014408.0,100968210.0,641118.0,726390.0,2,0,-0.15424807692307674,0.04117187500000008,0.04117187500000008,-0.1876923076923076,1.0
6472 保瑞,2018-04-12,2018-04-24,2018-04-11,2018-04-23,0.08333333333333333,8,2715,2723,0.01231371839030615,生技醫療業,6472 保瑞,122.5,124.5,120.84766214177981,-0.004065040650406471,0.01632653061224487,28688152.5,250814089.5,234189.0,2014571.0,2,0,-0.06982979591836735,0.09743765306122443,0.0,-0.06982979591836735,3.0
1514 亞力,2018-04-13,2018-04-25,2018-04-12,2018-04-24,0.09090909090909091,8,2716,2724,-0.08145092737752135,電機機械,1514 亞力,17.35,16.0,23.898116617040223,0.008720930232558155,-0.01840490797546024,147360958.45000002,123097680.0,8493427.0,7693605.0,2,0,-0.0782478386167147,0.031210230547550566,0.0,-0.0782478386167147,2.0
1413 宏洲,2018-04-16,2018-04-26,2018-04-13,2018-04-25,0.09090909090909091,8,2717,2725,0.11734207302582944,紡織纖維,1413 宏洲,13.55,15.2,5.262190812720847,0.018796992481203034,0.0,20993136.95,18565386.4,1549309.0,1221407.0,2,0,0.0,0.18025092250922436,0.07697896678966765,-0.11875000000000024,9.0
2013 中鋼構,2018-04-11,2018-04-26,2018-04-10,2018-04-25,0.07692307692307691,11,2714,2725,0.02514356253477046,鋼鐵工業,2013 中鋼構,35.95,37.0,67.0897503110115,0.001392757660167332,0.010928961748633892,442852915.05,497264090.0,12318579.0,13439570.0,3,0,-0.08388459666203085,0.09683619610570249,0.09683619610570249,-0.16476552598225636,8.0
9958 世紀鋼,2018-04-16,2018-04-26,2018-04-13,2018-04-25,0.09090909090909091,8,2717,2725,-0.03829495801724103,鋼鐵工業,9958 世紀鋼,87.0,84.0,117.4118231470654,0.025943396226415283,0.02689486552567244,212678895.0,1409176608.0,2444585.0,16775912.0,2,1,-0.15327594827586188,0.0,0.0,-0.15327594827586188,0.0
2208 台船,2018-04-18,2018-04-30,2018-04-17,2018-04-27,0.07692307692307691,8,2719,2727,-0.07406378647903733,航運業,2208 台船,24.15,22.45,37.724259969270655,0.004158004158004047,0.020454545454545503,182125003.2,344298969.65,7541408.0,15336257.0,2,0,-0.11222313664596273,0.0719543478260869,0.0719543478260869,-0.1718146718146718,5.0
6284 佳邦,2018-04-18,2018-04-30,2018-04-17,2018-04-27,0.07692307692307691,8,2719,2727,-0.00510520378919832,電子零組件業,6284 佳邦,43.05,43.0,69.67170750688459,0.0,-0.058050383351588186,91879893.0,133286068.0,2134260.0,3099676.0,3,0,-0.029497212543553863,0.05989120209059262,0.037834320557491585,-0.07338444687842283,5.0
6492 生華科,2018-04-18,2018-04-30,2018-04-17,2018-04-27,0.07692307692307691,8,2719,2727,0.014845077995282896,生技醫療業,6492 生華科,106.0,108.0,108.0,0.024154589371980784,-0.027027027027026973,50487800.0,48939768.0,476300.0,453146.0,2,0,-0.009904481132075538,0.08439033018867925,0.018383962264150844,-0.07826086956521738,6.0
2323 中環,2018-04-20,2018-05-03,2018-04-19,2018-05-02,0.08333333333333333,8,2721,2729,-0.07732519511069758,光電業,2323 中環,6.38,5.91,5.49370663420572,0.011093502377178988,-0.01170568561872909,71742781.0,341585458.98,11244950.0,57797878.0,2,0,-0.10074083072100326,0.029291418495297705,0.0,-0.10074083072100326,1.0
6118 建達,2018-04-20,2018-05-03,2018-04-19,2018-05-02,0.08333333333333333,8,2721,2729,-0.08247524299273845,電子通路業,6118 建達,12.05,11.1,14.362937025358137,-0.012295081967213073,0.009090909090909038,5446600.0,25514349.0,452000.0,2298590.0,2,0,-0.19623259336099574,0.0036724066390043664,0.0,-0.19623259336099574,1.0
3628 盈正,2018-04-23,2018-05-04,2018-04-20,2018-05-03,0.09090909090909091,8,2722,2730,0.04791071322486551,其他電子業,3628 盈正,55.7,58.6,89.1195932371784,0.020146520146520075,0.0,29262663.400000002,126414322.60000001,525362.0,2157241.0,2,0,-0.057898339317773884,0.05156490125673274,0.0,-0.0887372013651877,3.0
4545 銘鈺,2018-04-24,2018-05-07,2018-04-23,2018-05-04,0.09090909090909091,8,2723,2731,-0.05599855439578405,電子零組件業,4545 銘鈺,42.1,39.9,46.90923076503432,-0.020930232558139417,0.04313725490196085,32050730.0,33620498.1,761300.0,842619.0,2,0,-0.12037051662707865,0.0,0.0,-0.12037051662707865,0.0
6150 撼訊,2018-04-26,2018-05-09,2018-04-25,2018-05-08,0.125,8,2725,2733,-0.06086558655357133,電腦及週邊設備業,6150 撼訊,175.0,165.0,97.51812882204732,-0.019607843137254943,0.031249999999999778,277815300.0,253061325.0,1587516.0,1533705.0,3,0,-0.13184114285714277,0.09947750000000011,0.09947750000000011,-0.21038961038961035,2.0
3105 穩懋,2018-05-02,2018-05-14,2018-04-30,2018-05-11,0.16666666666666666,8,2728,2736,0.18997321092367225,半導體業,3105 穩懋,226.0,270.0,172.80219714097248,0.006681514476614803,0.026615969581748944,668634560.0,3312469890.0,2958560.0,12268407.0,3,0,0.0,0.2670969579646014,0.02606106194690261,-0.02748414376321362,9.0
5481 新華,2018-05-03,2018-05-18,2018-05-02,2018-05-17,0.16666666666666666,11,2729,2740,0.028331102265624297,其他,5481 新華,21.6,22.3,21.396774193548385,-0.015945330296127436,0.0,43371072.0,37799392.0,2007920.0,1695040.0,3,0,-0.08376875000000017,0.031917013888888235,0.0,-0.08376875000000017,4.0
2492 華新科,2018-05-10,2018-05-22,2018-05-09,2018-05-21,0.2,8,2734,2742,0.2713025043762429,電子零組件業,2492 華新科,251.5,321.0,322.0505257930707,0.022357723577235866,0.03715670436187413,1799865534.5,7541355399.0,7156523.0,23493319.0,3,0,0.0,0.35124652087475194,0.03728041749502964,-0.09919999999999995,9.0
9958 世紀鋼,2018-05-03,2018-05-23,2018-05-02,2018-05-22,0.16666666666666666,14,2729,2743,-0.008987396511382695,鋼鐵工業,9958 世紀鋼,59.3,59.0,84.29202315521766,-0.09878419452887532,0.01724137931034475,25922402.0,415961033.0,437140.0,7050187.0,2,0,-0.2111674536256325,0.0,0.0,-0.2111674536256325,0.0
6173 信昌電,2018-05-16,2018-05-28,2018-05-15,2018-05-25,0.2,8,2738,2746,0.031668787330456194,電子零組件業,6173 信昌電,81.1,84.0,101.52572574480482,-0.02289156626506028,0.009615384615384581,409048854.9,1868940780.0,5043759.0,22249295.0,2,0,-0.11755869297164012,0.08826211467324296,0.0,-0.11755869297164012,2.0
2327 國巨*,2018-05-17,2018-05-29,2018-05-16,2018-05-28,0.16666666666666669,8,2739,2747,0.10672405624999959,電子零組件業,2327 國巨*,900.0,1000.0,283.3751479165833,-0.028077753779697567,-0.06103286384976525,5512608900.0,3572214000.0,6125121.0,3572214.0,3,1,-0.0626676666666669,0.2105358333333327,0.0,-0.09342915811088315,5.0
3026 禾伸堂,2018-05-17,2018-05-29,2018-05-16,2018-05-28,0.16666666666666669,8,2739,2747,0.07538319801991156,電子零組件業,3026 禾伸堂,226.0,244.0,334.5554163810568,-0.05833333333333335,0.018789144050104456,942251178.0,3676253572.0,4169253.0,15066613.0,3,0,-0.055758462389380425,0.06586515486725664,0.06586515486725664,-0.11410788381742731,4.0
2478 大毅,2018-05-18,2018-05-30,2018-05-17,2018-05-29,0.14285714285714285,8,2740,2748,0.4802617000701783,電子零組件業,2478 大毅,75.7,112.5,133.05431733278988,0.0572625698324023,-0.038461538461538436,572018798.7,2054132437.5,7556391.0,18258955.0,2,1,-0.009717635402906155,0.5448404887714664,0.0,-0.012820512820512886,8.0
8043 蜜望實,2018-05-18,2018-05-30,2018-05-17,2018-05-29,0.14285714285714285,8,2740,2748,0.18734633849337756,電子零組件業,8043 蜜望實,45.3,54.0,66.64391355107723,0.05964912280701751,-0.04761904761904756,116447092.8,551738142.0,2570576.0,10217373.0,2,0,-0.11631399006622523,0.37020976821192053,0.0,-0.11631399006622523,4.0
2388 威盛,2018-05-24,2018-06-05,2018-05-23,2018-06-04,0.16666666666666669,8,2744,2752,0.1508054381514834,半導體業,2388 威盛,35.4,40.9,7.420842105263158,-0.0028169014084508115,-0.03309692671394793,94590570.0,563096639.6,2672050.0,13767644.0,2,1,-0.017416101694915365,0.19434766949152538,0.0,-0.09692671394799024,6.0
8277 商丞,2018-05-28,2018-06-07,2018-05-25,2018-06-06,0.16666666666666666,8,2746,2754,0.023719752031249985,半導體業,8277 商丞,12.6,12.95,2.929826989619377,-0.09999999999999998,0.011718749999999778,32298562.8,106858738.0,2563378.0,8251640.0,2,0,-0.0520377976190477,0.11454970238095252,0.0,-0.0520377976190477,3.0
6496 科懋,2018-05-30,2018-06-11,2018-05-29,2018-06-08,0.2,8,2748,2756,0.0072318222136478205,生技醫療業,6496 科懋,49.0,49.55,54.23153301033421,0.003070624360286489,0.005070993914807254,13083000.0,9371341.95,267000.0,189129.0,2,0,0.0,0.026043010204081396,0.007684387755101829,-0.02385685884691835,9.0
2444 兆勁,2018-05-31,2018-06-12,2018-05-30,2018-06-11,0.2,8,2749,2757,0.04123426357564175,通信網路業,2444 兆勁,18.0,18.7,10.556597468471418,-0.04509283819628651,0.016304347826086918,23454018.0,27339418.7,1303001.0,1462001.0,2,0,-0.10879147261163069,0.02810262720664536,0.01618374999999994,-0.12298486628194027,3.0
3624 光頡,2018-06-01,2018-06-13,2018-05-31,2018-06-12,0.19999999999999998,8,2750,2758,0.4232045700276448,電子零組件業,3624 光頡,52.0,74.3,75.58828010946625,-0.007633587786259555,-0.04865556978233032,204514596.0,134091439.0,3932973.0,1804730.0,2,3,0.0,0.5012096634615388,0.024513124999999913,-0.0998719590268885,9.0
3090 日電貿,2018-06-04,2018-06-14,2018-06-01,2018-06-13,0.14285714285714285,8,2751,2759,-0.02564656997990178,電子零組件業,3090 日電貿,96.4,94.3,374.4943708836633,0.020105820105820182,0.004259850905218077,310822327.20000005,1230797093.3,3224298.0,13051931.0,2,0,-0.05335443464730305,0.016114626556016365,0.016114626556016365,-0.06836734693877544,2.0
6111 光聚晶電,2018-06-04,2018-06-14,2018-06-01,2018-06-13,0.14285714285714285,8,2751,2759,0.08142750639285712,文化創意業,6111 光聚晶電,140.0,152.0,64.4723779,0.01449275362318847,0.020134228187919545,260414700.0,467266696.0,1860105.0,3074123.0,3,0,-0.08971830357142874,0.06378017857142848,0.0,-0.09731543624161076,3.0
5299 杰力,2018-06-05,2018-06-15,2018-06-04,2018-06-14,0.125,8,2752,2760,0.18050566000000012,半導體業,5299 杰力,135.0,160.0,128.5,0.00746268656716409,-0.006211180124223614,186888195.0,408584320.0,1384357.0,2553652.0,3,0,-0.048600277777777756,0.1957280555555556,0.0,-0.05882352941176461,8.0
6432 今展科,2018-06-05,2018-06-15,2018-06-04,2018-06-14,0.125,8,2752,2760,0.2558164161593264,電子零組件業,6432 今展科,28.95,36.5,34.28943995402179,-0.006861063464836947,0.053391053391053545,17440956.45,39824420.0,602451.0,1091080.0,3,0,-0.067800518134715,0.20322784974093255,0.0,-0.067800518134715,5.0
3707 漢磊,2018-06-06,2018-06-19,2018-06-05,2018-06-15,0.0909090909090909,8,2753,2761,0.12411543427678562,半導體業,3707 漢磊,35.0,39.5,35.9,0.01156069364161838,-0.010025062656641603,296082150.0,967245624.5,8459490.0,24487231.0,2,0,0.0,0.2122810357142857,0.02522707142857139,-0.08127208480565373,9.0
8043 蜜望實,2018-06-06,2018-06-19,2018-06-05,2018-06-15,0.0909090909090909,8,2753,2761,0.15218947693919005,電子零組件業,8043 蜜望實,55.5,64.2,89.32622798775967,0.016483516483516425,0.03548387096774186,27722250.0,161686608.6,499500.0,2518483.0,2,0,0.0,0.228245135135136,0.0319420270270272,-0.03927986906710301,9.0
2349 錸德,2018-06-08,2018-06-21,2018-06-07,2018-06-20,0.08333333333333333,8,2755,2763,0.07038386335820879,光電業,2349 錸德,16.75,18.0,12.129112104758862,0.01823708206686936,0.011235955056179803,811055703.0,1536844158.0,48421236.0,85380231.0,2,0,-0.06611544776119416,0.10096932835820893,0.059198134328358076,-0.11830985915492964,7.0
6497 亞獅康-KY,2018-06-08,2018-06-21,2018-06-07,2018-06-20,0.08333333333333333,8,2755,2763,-0.018265313552361495,化學生技醫療,6497 亞獅康-KY,48.7,48.0,49.85,0.011422637590861928,0.016949152542372836,49496245.0,17667792.0,1016350.0,368079.0,2,0,-0.037418429158111,0.023127746406570893,0.023127746406570893,-0.05917753259779357,2.0
2302 麗正,2018-06-11,2018-06-22,2018-06-08,2018-06-21,0.07692307692307693,8,2756,2764,0.11021529932965213,半導體業,2302 麗正,9.51,10.6,4.267557529859518,0.001052631578947416,-0.02752293577981657,20941390.89,20301925.599999998,2202039.0,1915276.0,2,0,0.0,0.14561750788643524,0.01423935331230286,-0.05504587155963314,9.0
6127 九豪,2018-06-06,2018-06-22,2018-06-05,2018-06-21,0.0909090909090909,11,2753,2764,0.014845077995283118,電子零組件業,6127 九豪,39.75,40.5,46.14812530758406,0.019230769230769162,0.033163265306122236,599245679.25,1311481449.0,15075363.0,32382258.0,3,0,-0.06208094339622661,0.05107283018867914,0.00581132075471702,-0.09952038369304572,3.0
6155 鈞寶,2018-06-11,2018-06-22,2018-06-08,2018-06-21,0.07692307692307693,8,2756,2764,0.08812365194327665,電子零組件業,6155 鈞寶,35.7,39.0,87.58974419890667,0.011331444759206999,0.024967148488830526,74812563.0,387604854.0,2095590.0,9938586.0,2,0,-0.09986754201680703,0.17171207983193204,0.016323739495798018,-0.1143250688705234,3.0
2413 環科,2018-06-15,2018-06-28,2018-06-14,2018-06-27,0.09090909090909091,8,2760,2768,0.17641776033277035,電子零組件業,2413 環科,37.0,43.7,44.57150788160306,0.0,0.0045977011494251485,54812170.0,378717747.0,1481410.0,8666310.0,2,0,0.0,0.17511722972972987,0.0022264189189191708,-0.1000000000000002,9.0
3504 揚明光,2018-06-15,2018-06-28,2018-06-14,2018-06-27,0.09090909090909091,8,2760,2768,-0.281635476215909,光電業,3504 揚明光,165.0,119.0,241.51869848196347,0.028037383177570208,0.0,548329815.0,1662648246.0,3323211.0,13971834.0,2,0,-0.34879431818181816,0.0,0.0,-0.34879431818181816,0.0
3624 光頡,2018-06-15,2018-06-28,2018-06-14,2018-06-27,0.09090909090909091,8,2760,2768,0.07417334871323544,電子零組件業,3624 光頡,66.3,71.5,96.43532922033219,0.004545454545454408,0.030259365994236287,164382496.2,1195617065.5,2479374.0,16721917.0,2,0,-0.0472099547511311,0.10053280542986465,0.025153846153846082,-0.07058823529411751,6.0
6173 信昌電,2018-06-15,2018-06-28,2018-06-14,2018-06-27,0.09090909090909091,8,2760,2768,0.03227171064772749,電子零組件業,6173 信昌電,110.0,114.0,141.75290009651994,-0.013452914798206317,0.004405286343612369,154563310.0,1702767840.0,1405121.0,14936560.0,2,0,-0.10951409090909092,0.031328068181818436,0.008611590909090916,-0.11711711711711714,3.0
5328 華容,2018-06-19,2018-06-29,2018-06-15,2018-06-28,0.1,8,2761,2769,0.12055810695312519,電子零組件業,5328 華容,20.0,22.5,15.274264861170597,-0.04306220095693769,0.008968609865470878,74492200.0,148540162.5,3724610.0,6601785.0,3,0,-0.07044174999999997,0.11447037500000024,0.0,-0.07044174999999997,4.0
3025 星通,2018-06-20,2018-07-02,2018-06-19,2018-06-29,0.07692307692307691,8,2762,2770,0.03240390064781029,通信網路業,3025 星通,34.25,35.5,47.42968057759386,-0.01862464183381085,0.03498542274052485,62693392.0,92869917.0,1830464.0,2616054.0,3,0,-0.009229963503649685,0.1439818978102192,0.0,-0.125,8.0
3693 營邦,2018-06-20,2018-07-02,2018-06-19,2018-06-29,0.07692307692307691,8,2762,2770,-0.051379380357142845,電腦及週邊設備業,3693 營邦,52.5,50.0,62.4124524962187,0.01941747572815533,-0.009900990099009799,11760000.0,10050000.0,224000.0,201000.0,2,0,-0.14326428571428562,0.0,0.0,-0.14326428571428562,0.0
8261 富鼎,2018-06-20,2018-07-02,2018-06-19,2018-06-29,0.07692307692307691,8,2762,2770,-0.007500824143484408,半導體業,8261 富鼎,53.2,52.5,50.02388763516177,0.0,-0.022346368715083886,165316074.0,372182842.5,3107445.0,7089197.0,2,0,-0.12165801221804495,0.029585902255639063,0.029585902255639063,-0.14689781021897796,2.0
4976 佳凌,2018-06-21,2018-07-03,2018-06-20,2018-07-02,0.08333333333333334,8,2763,2771,-0.003948349374999882,光電業,4976 佳凌,60.0,60.0,68.5448465352462,0.020408163265306145,0.015228426395939021,258460620.0,970860000.0,4307677.0,16181000.0,2,0,-0.11375449999999976,0.00952025000000023,0.00952025000000023,-0.12211221122112204,1.0
4513 福裕,2018-06-25,2018-07-10,2018-06-22,2018-07-09,0.1,11,2765,2776,0.02116219643907513,電機機械,4513 福裕,17.85,18.3,21.174990840732956,0.014204545454545414,-0.051813471502590636,59602470.900000006,42584100.0,3339074.0,2327000.0,3,0,-0.03687226890756312,0.0807189075630248,0.0,-0.0984455958549223,6.0
6155 鈞寶,2018-07-03,2018-07-13,2018-07-02,2018-07-12,0.2,8,2771,2779,0.0933412636983677,電子零組件業,6155 鈞寶,45.1,49.0,106.41068096891969,0.0,0.042553191489361764,68407499.60000001,330582714.0,1516796.0,6746586.0,2,0,-0.022637416851441272,0.15760929092280596,0.0,-0.051063829787234005,5.0
6432 今展科,2018-07-04,2018-07-16,2018-07-03,2018-07-13,0.2,8,2772,2780,0.07956518370398791,電子零組件業,6432 今展科,48.9,53.0,61.3399981399723,0.024083769633507668,0.017274472168905763,24853425.0,158290595.0,508250.0,2986615.0,2,0,-0.049531441717791225,0.0649335889570557,0.0,-0.0998080614203456,1.0
6118 建達,2018-07-05,2018-07-17,2018-07-04,2018-07-16,0.2,8,2773,2781,-0.1604707516160715,電子通路業,6118 建達,21.0,17.7,24.122368593870718,0.004784688995215447,-0.01666666666666672,54847821.0,89704626.6,2611801.0,5068058.0,2,0,-0.17896160714285714,0.0,0.0,-0.17896160714285714,0.0
6542 隆中,2018-07-12,2018-07-24,2018-07-11,2018-07-23,0.2,8,2778,2786,-0.002735131773750843,文化創意業,6542 隆中,82.1,82.2,91.79568527918782,0.0,-0.026066350710900354,34430112.8,30266040.0,419368.0,368200.0,3,0,-0.06256485992691807,0.08352892813641932,0.08352892813641932,-0.1348314606741573,8.0
2413 環科,2018-07-11,2018-07-26,2018-07-10,2018-07-25,0.2,11,2777,2788,0.10053259299825101,電子零組件業,2413 環科,21.45,23.7,25.829849580982906,-0.0023255813953489968,0.0,24928267.65,120558131.7,1162157.0,5086841.0,3,0,0.0,0.20222587412587334,0.0018548951048951157,-0.004405286343612369,12.0
6472 保瑞,2018-07-18,2018-07-30,2018-07-17,2018-07-27,0.2,8,2782,2790,0.11070507803507201,生技醫療業,6472 保瑞,139.0,155.0,139.28778336822677,0.0036101083032491488,-0.015873015873015928,70560709.0,169325100.0,507631.0,1092420.0,3,0,-0.12271906474820149,0.13255530575539587,0.0,-0.12271906474820149,3.0
8913 全銓,2018-07-18,2018-07-30,2018-07-17,2018-07-27,0.2,8,2782,2790,0.005338845502622203,其他,8913 全銓,21.45,21.65,105.08825950182398,0.019002375296911955,0.00932400932400923,18829646.55,80663764.85,877839.0,3725809.0,3,0,-0.11230996503496504,0.0018548951048951157,0.0018548951048951157,-0.11395348837209307,1.0
2702 華園,2018-07-19,2018-07-31,2018-07-18,2018-07-30,0.2,8,2783,2791,0.3661797931724222,觀光餐旅,2702 華園,25.7,35.25,45.07353777356617,0.0,0.002844950213371389,27705422.4,116115438.75,1078032.0,3294055.0,3,0,0.0,0.367054620622568,0.007303404669260605,-0.09957325746799439,9.0
3105 穩懋,2018-07-31,2018-08-10,2018-07-30,2018-08-09,0.2,8,2791,2799,0.11422727019067813,半導體業,3105 穩懋,147.5,165.0,113.91041386246864,0.010273972602739656,0.0,1019386070.0,926749560.0,6911092.0,5616664.0,3,0,0.0,0.1553831355932207,0.0029132203389830025,-0.032258064516129115,9.0
2478 大毅,2018-08-03,2018-08-15,2018-08-02,2018-08-14,0.2,8,2794,2802,-0.15391567654775296,電子零組件業,2478 大毅,89.0,75.6,160.45907155943348,0.011363636363636243,0.0013245033112583293,404893752.0,1428359788.8,4549368.0,18893648.0,2,0,-0.22171817415730344,0.0489397191011236,0.0489397191011236,-0.25802997858672383,2.0
2349 錸德,2018-08-06,2018-08-16,2018-08-03,2018-08-15,0.2,8,2795,2803,-0.3093072495666056,光電業,2349 錸德,13.7,9.5,9.540149579474075,-0.014388489208633226,-0.01041666666666663,158716870.1,233169320.5,11585173.0,24544139.0,2,0,-0.2996029197080291,0.0,0.0,-0.2996029197080291,0.0
5310 天剛,2018-08-10,2018-08-22,2018-08-09,2018-08-21,0.2,8,2799,2807,0.12852316644886375,資訊服務業,5310 天剛,59.4,67.3,25.868483907726194,0.0,-0.02604920405209843,58149333.0,136754340.29999998,978945.0,2032011.0,2,0,-0.010571212121212037,0.1778914141414143,0.0,-0.0844250363901019,8.0
6414 樺漢,2018-08-23,2018-09-04,2018-08-22,2018-09-03,0.2,8,2808,2816,0.01880854246704744,電腦及週邊設備業,6414 樺漢,284.5,291.0,323.3442972436699,0.0,0.01041666666666674,70634806.5,89155998.0,248277.0,306378.0,2,0,-0.0004750000000000032,0.06627710896309313,0.01182144112478034,-0.05107084019769359,8.0
2368 金像電,2018-08-24,2018-09-05,2018-08-23,2018-09-04,0.2,8,2809,2817,-0.0008356879667971162,電子零組件業,2368 金像電,16.0,16.05,19.02481205045716,0.0,0.0,242737872.0,1401003039.45,15171117.0,87289909.0,2,0,-0.05982179687500011,0.04325421875000002,0.0,-0.09580838323353313,3.0
2702 華園,2018-08-22,2018-09-06,2018-08-21,2018-09-05,0.2,11,2807,2818,0.08893106499196146,觀光餐旅,2702 華園,15.55,17.0,27.670627436281936,0.0,-0.05555555555555547,10771718.25,14161918.0,692715.0,833054.0,3,0,0.0,0.1698620578778136,0.022022347266881015,-0.07417582417582413,12.0
3018 隆銘綠能,2018-09-03,2018-09-13,2018-08-31,2018-09-12,0.2,8,2815,2823,0.11582041835616375,其他電子業,3018 隆銘綠能,32.85,36.8,5.5006768724507396,0.09866220735785958,-0.016042780748663166,9796592.700000001,91667475.19999999,298222.0,2490964.0,2,0,-0.0004750000000000032,0.13796757990867548,0.0,-0.09893048128342241,8.0
4303 信立,2018-09-06,2018-09-18,2018-09-05,2018-09-17,0.2,8,2818,2826,-0.25524578416571075,塑膠工業,4303 信立,43.6,32.6,35.0131911213493,-0.00909090909090915,0.0,6938722.0,3857036.4000000004,159145.0,118314.0,2,0,-0.29047479931192643,0.0,0.0,-0.29047479931192643,0.0
3630 新鉅科,2018-09-19,2018-10-02,2018-09-18,2018-10-01,0.2,8,2827,2835,0.10742120526181087,光電業,3630 新鉅科,63.5,70.6,72.13024710699702,0.019261637239165408,0.0,121543064.0,469973962.99999994,1914064.0,6656855.0,2,0,-0.0004750000000000032,0.11757913385826768,0.0,-0.0004750000000000032,8.0
3176 基亞,2018-09-17,2018-10-03,2018-09-14,2018-10-02,0.2,11,2825,2836,-0.04848724432164675,生技醫療業,3176 基亞,49.2,47.0,50.6,0.0684039087947883,-0.03192584963954681,239636767.20000002,158136529.0,4870666.0,3364607.0,3,0,-0.07462675304878075,0.027966768292682742,0.027966768292682742,-0.09980237154150207,2.0
2348 海悅,2018-09-25,2018-10-05,2018-09-21,2018-10-04,0.2,8,2830,2838,0.10484825276483045,其他,2348 海悅,53.1,58.9,1.8834673703339866,0.01335877862595436,0.0424778761061948,23540823.0,182722642.79999998,443330.0,3102252.0,2,0,-0.08329816384180788,0.06352471751412425,0.0,-0.08329816384180788,2.0
5274 信驊,2018-10-09,2018-10-12,2018-10-08,2018-10-11,0.2,2,2840,2842,-0.09449849943181832,半導體業,5274 信驊,407.0,370.0,590.3167804471574,-0.04347826086956519,0.0724637681159419,217485334.0,75497020.0,534362.0,204046.0,3,3,-0.1527367936117936,0.0,0.0,-0.1527367936117936,0.0
8367 建新國際,2018-10-05,2018-10-12,2018-10-04,2018-10-11,0.2,4,2838,2842,-0.15892841389532364,航運業,8367 建新國際,28.6,24.15,28.0,-0.0017452006980801515,0.0,35390812.6,12491080.35,1237441.0,517229.0,2,2,-0.1559954982517484,0.0,0.0,-0.1559954982517484,0.0
3712 永崴投控,2018-10-25,2018-10-29,2018-10-24,2018-10-26,0.2,2,2851,2853,-0.05222636305325268,電腦及週邊設備業,3712 永崴投控,19.6,18.65,19.3,-0.03685503685503688,0.0026881720430105283,13545285.600000001,20571005.95,691086.0,1103003.0,2,0,-0.1152163903061223,0.0,0.0,-0.1152163903061223,0.0
4943 康控-KY,2018-10-25,2018-10-29,2018-10-24,2018-10-26,0.2,2,2851,2853,-0.12009571499558314,電子零組件業,4943 康控-KY,141.5,125.0,167.25646488969824,-0.0987261146496815,-0.019607843137254943,209805870.5,534240250.0,1482727.0,4273922.0,2,0,-0.1523462897526503,0.0,0.0,-0.1523462897526503,0.0
8489 三貝德,2018-11-07,2018-11-19,2018-11-06,2018-11-16,0.2,8,2860,2868,-0.01688408509740269,其他,8489 三貝德,154.0,152.0,225.80299994991734,0.0032573289902280145,-0.006535947712418277,90971958.0,145668896.0,590727.0,958348.0,2,0,-0.081605275974026,0.02548668831168821,0.02548668831168821,-0.10443037974683533,2.0
8431 匯鑽科,2018-11-19,2018-11-29,2018-11-16,2018-11-28,0.2,8,2868,2876,0.06585580942890812,其他電子業,8431 匯鑽科,37.1,39.7,37.34735413839892,0.008152173913043681,0.0,16732100.0,27948800.000000004,451000.0,704000.0,3,0,-0.054357749326145455,0.0695725741239892,0.0,-0.054357749326145455,3.0
1526 日馳,2018-11-21,2018-12-03,2018-11-20,2018-11-30,0.2,8,2870,2878,0.15919804167564644,電機機械,1526 日馳,34.8,40.5,24.594547431468417,-0.005714285714285783,-0.009779951100244544,57058462.8,194929213.5,1639611.0,4813067.0,3,0,-0.02058038793103445,0.19339838362068962,0.005269396551724093,-0.06859205776173283,7.0
8932 智通*,2018-11-28,2018-12-10,2018-11-27,2018-12-07,0.2,8,2875,2883,0.26770210079545453,數位雲端,8932 智通*,15.4,19.6,16.15,0.0,0.050938337801608835,8954484.0,22108878.400000002,581460.0,1128004.0,2,0,0.0,0.2104637175324673,0.04820316558441551,-0.016901408450704314,9.0
3356 奇偶,2018-12-03,2018-12-13,2018-11-30,2018-12-12,0.2,8,2878,2886,0.011143342301135784,光電業,3356 奇偶,33.0,33.5,119.30366357901771,0.026438569206842955,0.03235747303543901,52147953.0,106112221.5,1580241.0,3167529.0,2,0,-0.03227806818181833,0.03587136363636345,0.0,-0.051169590643274976,4.0
3152 璟德,2018-12-06,2018-12-18,2018-12-05,2018-12-17,0.2,8,2881,2889,0.037828651423841286,通信網路業,3152 璟德,226.5,236.0,391.88702394023244,0.0022123893805310324,0.0,41959125.0,226872700.0,185250.0,961325.0,2,0,-0.024746026490066186,0.0723380794701991,0.0,-0.024746026490066186,8.0
2702 華園,2018-12-05,2018-12-20,2018-12-04,2018-12-19,0.2,11,2880,2891,-0.14318137580645174,觀光餐旅,2702 華園,27.9,24.0,50.46843997812429,-0.021052631578947434,-0.043824701195219196,84202534.8,162212232.0,3018012.0,6758843.0,3,0,-0.10078575268817191,0.038932795698924716,0.038932795698924716,-0.13448275862068948,1.0
3438 類比科,2018-12-13,2018-12-27,2018-12-12,2018-12-26,0.2,11,2886,2897,-0.0017688052817286248,半導體業,3438 類比科,22.85,22.9,38.28100063651387,0.0,0.002188183807439792,24434441.85,7286207.5,1069341.0,318175.0,3,0,-0.0004750000000000032,0.0017121444201313452,0.0,-0.0021834061135370675,3.0
5450 南良,2019-01-10,2019-01-22,2019-01-09,2019-01-21,0.2,8,2905,2913,0.2009133376329788,其他,5450 南良,14.1,17.0,13.7,0.018050541516245522,-0.01449275362318836,5347227.6,16391434.0,379236.0,964202.0,3,0,-0.02883031914893619,0.22282313829787248,0.0,-0.08459214501510581,8.0
4903 聯光通,2019-01-11,2019-01-23,2019-01-10,2019-01-22,0.2,8,2906,2914,-0.016677443951677473,通信網路業,4903 聯光通,15.65,15.45,19.814671985109708,0.02287581699346397,0.0,18097879.1,9379293.299999999,1156414.0,607074.0,2,0,-0.016441853035143783,0.044232188498402714,0.044232188498402714,-0.05810397553516833,4.0
3630 新鉅科,2019-01-18,2019-01-30,2019-01-17,2019-01-29,0.2,8,2911,2919,0.09023418492478519,光電業,3630 新鉅科,69.8,76.4,78.71852164590383,0.01013024602026058,0.0,116589871.6,252617669.60000002,1670342.0,3306514.0,2,0,-0.0076349212034384495,0.10978778653295129,0.0,-0.02364394993045904,8.0
3324 雙鴻,2019-01-22,2019-02-12,2019-01-21,2019-02-11,0.2,8,2913,2921,0.18364882249159176,其他電子業,3324 雙鴻,111.5,132.5,132.1188131175398,0.0,-0.0074906367041198685,144128579.5,1005356337.5,1292633.0,7587595.0,2,1,-0.018403699551569508,0.2550089686098651,0.0,-0.04858299595141702,8.0
5475 德宏,2019-02-13,2019-02-25,2019-02-12,2019-02-22,0.2,8,2922,2930,0.08559986264522834,電子零組件業,5475 德宏,7.23,7.88,5.898629942537571,0.002773925104022412,-0.0025316455696202667,11438192.58,28628891.04,1582046.0,3633108.0,2,0,0.0,0.19998298755186728,0.002289937759335947,-0.025893958076448786,9.0
6188 廣明,2019-02-19,2019-03-05,2019-02-18,2019-03-04,0.2,8,2926,2934,0.20769609166085679,電腦及週邊設備業,6188 廣明,37.65,45.65,81.9550317813773,-0.0013262599469497927,-0.028723404255319163,211423575.0,720939904.85,5615500.0,15792769.0,2,0,0.0,0.2477470119521914,0.01147151394422341,-0.08297872340425527,9.0
3324 雙鴻,2019-02-20,2019-03-06,2019-02-19,2019-03-05,0.2,8,2927,2935,-0.04866903572959169,其他電子業,3324 雙鴻,122.5,117.0,145.3910226544616,0.02083333333333326,0.012987012987013102,105298795.0,1865696976.0,859582.0,15946128.0,2,0,-0.06982979591836735,0.019923469387755022,0.01176408163265319,-0.08064516129032273,5.0
5450 南良,2019-03-04,2019-03-14,2019-02-27,2019-03-13,0.2,8,2933,2941,0.07970953204232267,其他,5450 南良,19.05,20.65,18.7,0.00793650793650813,0.01724137931034475,2838507.15,18717056.75,149003.0,906395.0,2,0,-0.026709251968503933,0.06511062992125982,0.0,-0.03448275862068961,5.0
3147 大綜,2019-03-05,2019-03-15,2019-03-04,2019-03-14,0.2,8,2934,2942,0.20854266942500055,資訊服務業,3147 大綜,37.5,45.5,40.351485148514854,-0.031007751937984662,-0.010869565217391242,46418400.0,160183796.5,1237824.0,3520523.0,3,0,0.0,0.3726810000000005,0.012852000000000086,-0.10679611650485443,9.0
5340 建榮,2019-03-06,2019-03-18,2019-03-05,2019-03-15,0.2,8,2935,2943,-0.01887845976980751,電子零組件業,5340 建榮,23.35,23.0,24.25,-0.002136752136752018,-0.021276595744680882,28821161.85,71544168.0,1234311.0,3110616.0,2,0,-0.07538586723768748,0.05945369379014975,0.05945369379014975,-0.12727272727272732,8.0
3630 新鉅科,2019-03-20,2019-04-01,2019-03-19,2019-03-29,0.2,8,2945,2953,0.05166874786802045,光電業,3630 新鉅科,98.5,104.0,113.59094032597956,0.023908523908523938,-0.023474178403755874,500843935.0,1245596456.0,5084710.0,11976889.0,3,0,-0.02076992385786769,0.11622081218274127,0.11622081218274127,-0.12272727272727257,8.0
5278 尚凡*,2019-03-21,2019-04-02,2019-03-20,2019-04-01,0.20000000000000004,8,2946,2954,-0.0687321965701223,數位雲端,5278 尚凡*,246.0,230.0,277.2373177081004,0.0,0.004366812227074135,26863200.0,25792430.0,109200.0,112141.0,2,0,-0.0695478658536588,0.00765121951219494,0.00765121951219494,-0.0766129032258065,1.0
3535 晶彩科,2019-03-29,2019-04-17,2019-03-28,2019-04-16,0.2,11,2952,2963,-0.09288153246651798,光電業,3535 晶彩科,39.2,35.7,64.7467576298378,0.0,0.05465288035450522,291086420.8,417098379.6,7425674.0,11683428.0,3,0,-0.1662125637755103,0.0,0.0,-0.1662125637755103,0.0
3483 力致,2019-04-09,2019-04-19,2019-04-08,2019-04-18,0.2,8,2957,2965,0.11270634844594629,電腦及週邊設備業,3483 力致,55.5,62.0,99.37375103236059,-0.0017985611510792365,0.029900332225913484,123667708.5,712138262.0,2228247.0,11486101.0,2,0,-0.03649391891891862,0.0913732432432437,0.0,-0.10561056105610567,4.0
6538 倉和,2019-04-11,2019-04-23,2019-04-10,2019-04-22,0.2,8,2959,2967,-0.07865222317187504,電子零組件業,6538 倉和,80.0,74.0,87.56364159086905,0.0139416983523446,-0.0040376850605651216,30640000.0,61945030.0,383000.0,837095.0,3,0,-0.09917809374999997,0.0,0.0,-0.09917809374999997,0.0
4523 永彰,2019-04-12,2019-04-24,2019-04-11,2019-04-23,0.2,8,2960,2968,-0.1251609841071426,電機機械,4523 永彰,18.9,16.6,21.318527583820693,-0.0026385224274406704,-0.06214689265536699,10268388.899999999,19669024.6,543301.0,1184881.0,3,0,-0.06393690476190483,0.055054166666666626,0.055054166666666626,-0.1127819548872181,7.0
4433 興采,2019-04-15,2019-04-25,2019-04-12,2019-04-24,0.19999999999999998,8,2961,2969,-0.13310669528021968,紡織纖維,4433 興采,45.5,39.6,51.064268422065254,0.0,-0.012468827930174564,17402157.5,64049079.6,382465.0,1617401.0,2,0,-0.1410675274725275,0.010508791208791113,0.010508791208791113,-0.1499999999999999,1.0
3338 泰碩,2019-04-22,2019-05-03,2019-04-19,2019-05-02,0.2,8,2966,2974,-0.005575884751838234,電子零組件業,3338 泰碩,61.2,61.1,79.91381411154076,0.008237232289950658,-0.03930817610062887,256191890.4,1065838359.3000001,4186142.0,17444163.0,2,0,-0.04457169117647064,0.038722058823529304,0.0,-0.04457169117647064,4.0
5258 虹堡,2019-04-24,2019-05-07,2019-04-23,2019-05-06,0.2,8,2968,2976,-0.04292428352989097,電腦及週邊設備業,5258 虹堡,23.0,22.1,25.936100178890875,0.022222222222222365,0.020785219399538146,26392178.0,22904440.0,1147486.0,1036400.0,2,0,-0.08304445652173897,0.03429108695652183,0.03429108695652183,-0.11344537815126043,1.0
5450 南良,2019-04-26,2019-05-09,2019-04-25,2019-05-08,0.2,8,2970,2978,0.0825847884796671,其他,5450 南良,27.05,29.4,26.5,-0.0036832412523019054,0.0,12597185.0,38520174.0,465700.0,1310210.0,2,0,-0.02079805914972277,0.10853049907578538,0.0,-0.08166666666666667,7.0
3483 力致,2019-05-03,2019-05-15,2019-05-02,2019-05-14,0.2,8,2974,2982,-0.0012231738602942466,電腦及週邊設備業,3483 力致,36.55,36.65,68.6414983982787,0.0,0.032394366197183055,12065228.1,147166718.95,330102.0,4015463.0,2,0,-0.11122948016415879,0.03644316005471948,0.03644316005471948,-0.1424802110817942,4.0
6158 禾昌,2019-05-06,2019-05-16,2019-05-03,2019-05-15,0.2,8,2975,2983,-0.02993230547826098,電子零組件業,6158 禾昌,46.0,44.8,82.28846874205728,-0.0043290043290045155,0.0,107254750.0,154287033.6,2331625.0,3443907.0,2,0,-0.11889698369565216,0.02125380434782609,0.02125380434782609,-0.1372340425531915,2.0
5340 建榮,2019-05-09,2019-05-21,2019-05-08,2019-05-20,0.2,8,2978,2986,0.11912699825969808,電子零組件業,5340 建榮,34.8,39.1,33.7,-0.008547008547008628,0.02088772845953013,30472863.599999998,54848111.5,875657.0,1402765.0,2,0,-0.03206918103448264,0.100051939655172,0.0,-0.037859007832898084,4.0
3630 新鉅科,2019-05-16,2019-05-28,2019-05-15,2019-05-27,0.2,8,2983,2991,-0.0561431956959606,光電業,3630 新鉅科,114.5,108.5,124.38207965694762,0.008810572687224738,0.0,759221333.0,1159008826.5,6630754.0,10682109.0,2,0,-0.09213449781659377,0.0,0.0,-0.09213449781659377,0.0
6150 撼訊,2019-05-23,2019-06-04,2019-05-22,2019-06-03,0.2,8,2988,2996,0.048084199538246164,電腦及週邊設備業,6150 撼訊,67.0,70.5,43.24232455194784,-0.024745269286754135,-0.02219140083217741,39228567.0,110515870.5,585501.0,1567601.0,2,0,0.0,0.11887126865671638,0.012951455223880748,-0.07866666666666688,9.0
2406 國碩,2019-05-24,2019-06-05,2019-05-23,2019-06-04,0.2,8,2989,2997,-0.015139940955055997,光電業,2406 國碩,8.9,8.8,6.839105817544635,0.0,0.08641975308641991,27794094.8,84221324.0,3122932.0,9570605.0,2,0,-0.09031994382022479,0.0006480617977528969,0.0,-0.09031994382022479,1.0
6150 撼訊,2019-06-26,2019-07-08,2019-06-25,2019-07-05,0.2,8,3011,3019,-0.014138136082161079,電腦及週邊設備業,6150 撼訊,78.2,77.4,51.648785289587174,0.027595269382391763,-0.006418485237484006,52896669.6,385681336.20000005,676428.0,4982963.0,2,0,-0.0170911445012788,0.04426077365728909,0.036591783887467866,-0.05178791615289757,5.0
3630 新鉅科,2019-07-08,2019-07-18,2019-07-05,2019-07-17,0.2,8,3019,3027,-0.01253500153556053,光電業,3630 新鉅科,116.0,115.0,130.6295813748765,0.008695652173912993,0.017699115044247593,247475676.0,442447780.0,2133411.0,3847372.0,2,0,-0.09525754310344825,0.0,0.0,-0.09525754310344825,0.0
6150 撼訊,2019-07-17,2019-07-29,2019-07-16,2019-07-26,0.2,8,3026,3034,0.10911697312837876,電腦及週邊設備業,6150 撼訊,74.0,82.4,48.96257572895049,-0.026315789473684292,0.01228501228501222,30436274.0,195612408.8,411301.0,2373937.0,2,0,0.0,0.10488033783783846,0.013032094594594756,-0.025672371638141844,9.0
4433 興采,2019-07-25,2019-08-06,2019-07-24,2019-08-05,0.2,8,3032,3040,-0.038750223802395234,紡織纖維,4433 興采,51.5,41.5,56.25533217325863,0.009803921568627638,-0.04597701149425282,51563345.0,57049635.0,1001230.0,1374690.0,2,0,-0.032498616504854416,0.0866297017615254,0.0,-0.06951871657754016,4.0
6510 精測,2019-08-15,2019-08-27,2019-08-14,2019-08-26,0.2,8,3046,3054,0.19388574358160637,半導體業,6510 精測,579.0,694.0,599.6089582636836,-0.01697792869269965,0.04518072289156616,466401291.0,1643094968.0,805529.0,2367572.0,2,0,-0.017737953367875536,0.26019559585492247,0.0,-0.05157593123209181,7.0
3293 鈊象,2019-08-19,2019-08-29,2019-08-16,2019-08-28,0.2,8,3048,3056,0.00919232908390799,文化創意業,3293 鈊象,397.5,391.5,878.2644938805207,0.008883248730964466,-0.012610340479193072,306251092.5,702468450.0,770443.0,1794300.0,2,0,-0.036935660377358515,0.025645237203803184,0.0,-0.036935660377358515,2.0
4968 立積,2019-08-26,2019-09-05,2019-08-23,2019-09-04,0.2,8,3053,3061,0.1312300889241076,半導體業,4968 立積,140.0,159.0,180.07097410595696,-0.020979020979021046,0.0,166256720.0,738287721.0,1187548.0,4643319.0,2,1,0.0,0.13517482142857196,0.013803928571428647,-0.04402515723270439,9.0
6426 統新,2019-08-26,2019-09-05,2019-08-23,2019-09-04,0.2,8,3053,3061,0.029626425365168796,通信網路業,6426 統新,133.5,138.0,151.4305829763457,-0.025547445255474477,0.01098901098901095,96700057.5,194191806.0,724345.0,1407187.0,2,0,-0.011705617977527893,0.05567808988764056,0.05567808988764056,-0.06382978723404242,5.0
6683 雍智科技,2019-08-27,2019-09-11,2019-08-26,2019-09-10,0.2,11,3054,3065,-0.11513551037500025,半導體業,6683 雍智科技,215.0,191.0,225.84971098265893,0.0,0.0052631578947368585,328579770.0,394699017.0,1528278.0,2066487.0,3,0,-0.13529465116279082,0.032067674418604364,0.032067674418604364,-0.16216216216216206,1.0
4529 淳紳,2019-09-02,2019-09-12,2019-08-30,2019-09-11,0.16666666666666666,8,3058,3066,-0.12257922012359557,其他,4529 淳紳,22.25,19.6,23.27906976744186,0.0,-0.005076142131979489,6415520.5,11466000.0,288338.0,585000.0,2,0,-0.16219589887640462,0.02198623595505622,0.02198623595505622,-0.18021978021978036,2.0
5498 凱崴,2019-09-02,2019-09-12,2019-08-30,2019-09-11,0.16666666666666666,8,3058,3066,0.12457444425403263,電子零組件業,5498 凱崴,12.4,14.0,12.938497652582157,0.004048582995951566,0.02941176470588247,44529702.0,137004784.0,3591105.0,9786056.0,2,0,-0.004505342741935481,0.10834425403225834,0.023707056451612862,-0.032727272727272716,7.0
6231 系微,2019-09-02,2019-09-18,2019-08-30,2019-09-17,0.16666666666666666,11,3058,3069,-0.15478645834693194,資訊服務業,6231 系微,76.6,65.0,119.0549369285847,0.007894736842105177,0.015625,140373176.79999998,303933175.0,1832548.0,4675895.0,3,0,-0.24187464099216704,0.0,0.0,-0.24187464099216704,0.0
5487 通泰,2019-09-23,2019-10-03,2019-09-20,2019-10-02,0.2,7,3072,3079,-0.011869237252733589,半導體業,5487 通泰,50.3,49.9,91.2004285891008,0.022357723577235644,0.004024144869215318,18984276.3,13423100.0,377421.0,269000.0,2,0,-0.01438489065606352,0.049203180914513034,0.049203180914513034,-0.06060606060606066,3.0
4429 聚紡,2019-10-09,2019-10-23,2019-10-08,2019-10-22,0.2,8,3083,3091,0.06977515862401562,紡織纖維,4429 聚紡,31.75,34.1,41.7324755958566,-0.018547140649149862,0.007385524372230279,2444750.0,5558300.0,77000.0,163000.0,2,0,-0.0051971653543306795,0.07350559055118122,0.02470988188976353,-0.029185867895545003,8.0
4968 立積,2019-10-09,2019-10-23,2019-10-08,2019-10-22,0.2,8,3083,3091,0.23248815355113628,半導體業,4968 立積,198.0,245.0,268.83835570748505,0.02590673575129543,-0.020000000000000018,863426124.0,1692192705.0,4360738.0,6906909.0,3,0,0.0,0.2620265151515151,0.0701984848484849,-0.03177966101694907,9.0
6426 統新,2019-10-17,2019-10-29,2019-10-16,2019-10-28,0.20000000000000004,8,3087,3095,0.0440096930624998,通信網路業,6426 統新,135.0,141.5,154.32282728001633,0.0,0.0,28355805.0,172362282.0,210043.0,1218108.0,2,0,-0.05230222222222214,0.04765027777777764,0.0,-0.05230222222222214,4.0
2504 國產,2019-10-23,2019-11-04,2019-10-22,2019-11-01,0.2,8,3091,3099,0.07468730725328943,建材營造,2504 國產,13.3,14.35,19.37741727527329,-0.0037453183520598232,0.028673835125448077,216824540.10000002,779303311.85,16302597.0,54306851.0,2,0,-0.023020676691729247,0.14982951127819533,0.0,-0.023020676691729247,5.0
8463 潤泰材,2019-10-23,2019-11-04,2019-10-22,2019-11-01,0.2,8,3091,3099,0.038527200758262214,其他,8463 潤泰材,46.9,48.9,55.616495161831836,0.005359056806002016,0.03821656050955413,164862926.9,276897961.5,3515201.0,5662535.0,2,0,-0.09637825159914704,0.00591855010660991,0.00591855010660991,-0.10169491525423724,2.0
4502 健信,2019-10-24,2019-11-05,2019-10-23,2019-11-04,0.2,8,3092,3100,0.0963367144251277,電機機械,4502 健信,58.6,64.5,7.860007516754326,0.012089810017271052,0.0078125,19141514.2,28225587.0,326647.0,437606.0,2,0,-0.03629415529010238,0.09504274744027286,0.0,-0.03629415529010238,3.0
8086 宏捷科,2019-10-25,2019-11-06,2019-10-24,2019-11-05,0.2,8,3093,3101,0.055900247658261515,半導體業,8086 宏捷科,116.5,123.5,154.14696981720877,0.008658008658008587,-0.0040322580645161255,340581692.0,2670319593.5,2923448.0,21622021.0,2,1,-0.06911190987124483,0.06387210300429147,0.0,-0.07258064516129026,1.0
4908 前鼎,2019-10-28,2019-11-07,2019-10-25,2019-11-06,0.16666666666666666,8,3094,3102,0.15791004385156193,通信網路業,4908 前鼎,40.0,46.5,106.77528004756867,0.01137800252844512,-0.01795142555438234,126639560.0,208011054.0,3165989.0,4473356.0,2,0,0.0,0.2031782187499993,0.08698343749999982,-0.0367816091954023,9.0
4903 聯光通,2019-10-29,2019-11-08,2019-10-28,2019-11-07,0.16666666666666669,8,3095,3103,0.1259714311413047,通信網路業,4903 聯光通,14.95,16.9,18.360384132991562,0.003355704697986406,0.011976047904191711,6503384.55,19932992.299999997,435009.0,1179467.0,2,0,0.0,0.1432693979933115,0.012896571906354515,-0.052631578947368585,9.0
3374 精材,2019-11-04,2019-11-14,2019-11-01,2019-11-13,0.2,8,3099,3107,-0.0573877821954174,半導體業,3374 精材,67.1,63.5,70.28545721271394,0.02130898021308969,-0.0015723270440252124,472481898.9,770704580.0,7041459.0,12137080.0,2,0,-0.09283051415797339,0.0,0.0,-0.09283051415797339,0.0
8086 宏捷科,2019-11-14,2019-11-26,2019-11-13,2019-11-25,0.2,8,3107,3115,-0.008879298140470282,半導體業,8086 宏捷科,101.0,100.5,137.17043129108444,-0.009803921568627416,0.01617795753286133,87774050.0,2000191602.0,869050.0,19902404.0,2,0,-0.06776975247524741,0.07374715346534666,0.0,-0.06776975247524741,1.0
8040 九暘,2019-11-19,2019-11-29,2019-11-18,2019-11-28,0.2,8,3110,3118,0.16477060369005114,半導體業,8040 九暘,24.5,28.65,22.144786754544388,0.008230452674897082,0.0,51366724.5,215209517.39999998,2096601.0,7511676.0,3,0,0.0,0.19127061224489816,0.007684387755102051,-0.10616438356164393,9.0
3374 精材,2019-12-02,2019-12-12,2019-11-29,2019-12-11,0.2,8,3119,3127,0.16820872604166603,半導體業,3374 精材,64.8,76.0,67.97757652811737,-0.018181818181818188,0.04827586206896539,90616320.0,1799700444.0,1398400.0,23680269.0,2,0,-0.0004750000000000032,0.2293540509259253,0.0,-0.002797202797202969,8.0
6169 昱泉,2019-12-06,2019-12-18,2019-12-05,2019-12-17,0.2,8,3123,3131,0.005946203445778009,文化創意業,6169 昱泉,30.2,30.5,23.379633557453275,0.01342281879194629,-0.006514657980456029,6865426.399999999,14154501.0,227332.0,464082.0,2,0,-0.03026216887417199,0.016073427152317743,0.0,-0.04071661237785018,3.0
3680 家登,2019-12-10,2019-12-20,2019-12-09,2019-12-19,0.2,8,3125,3133,-0.003948349374999882,半導體業,3680 家登,178.0,178.0,254.3758511379774,0.014245014245014342,-0.09873417721518996,205423392.0,143355682.0,1154064.0,805369.0,3,3,-0.0004750000000000032,0.10902352528089909,0.0,-0.09873417721518996,7.0
6531 愛普*,2019-12-10,2019-12-20,2019-12-09,2019-12-19,0.2,8,3125,3133,0.07429510946461959,半導體業,6531 愛普*,80.2,86.5,93.80608652087247,0.0,-0.024802705749718212,94427239.4,370853872.0,1177397.0,4287328.0,3,0,-0.010445324189526262,0.14035582917705747,0.0,-0.08524590163934442,8.0
8182 加高,2019-12-10,2019-12-20,2019-12-09,2019-12-19,0.2,8,3125,3133,0.059861209493163425,電子零組件業,8182 加高,32.0,34.05,57.807512632226945,-0.018404907975460127,0.002945508100147043,73834944.0,299529780.15,2307342.0,8796763.0,3,0,-0.044204218750000246,0.08542167968749981,0.08542167968749981,-0.11942446043165478,7.0
3631 晟楠,2019-12-13,2019-12-25,2019-12-12,2019-12-24,0.16666666666666666,8,3128,3136,0.19937412059202964,電子零組件業,3631 晟楠,43.6,52.5,56.383647992844146,-0.005701254275940704,0.009615384615384581,10356090.0,69400905.0,237525.0,1321922.0,2,0,0.0,0.31130344036697233,0.006402465596330176,-0.007648183556405286,9.0
5309 系統電,2019-12-12,2019-12-27,2019-12-11,2019-12-26,0.2,11,3127,3138,0.1418153068140242,電子零組件業,5309 系統電,12.3,14.1,8.493092454835281,0.004081632653061273,0.040590405904058935,36268407.300000004,104830073.7,2948651.0,7434757.0,3,0,-0.12236829268292682,0.21080670731707318,0.0,-0.12236829268292682,3.0
3131 弘塑,2019-12-19,2019-12-31,2019-12-18,2019-12-30,0.16666666666666666,8,3132,3140,-0.017928021664473492,半導體業,3131 弘塑,285.0,281.0,496.9151638676507,0.0017574692442883233,-0.022608695652173827,107863095.0,469565612.0,378467.0,1671052.0,2,0,-0.06886355263157906,0.008292763157894845,0.0,-0.06886355263157906,2.0
3374 精材,2019-12-30,2020-01-10,2019-12-27,2020-01-09,0.2,8,3139,3147,0.02064551854166652,半導體業,3374 精材,81.0,83.0,83.92293398533008,0.0,0.027227722772277252,150288615.0,1029951565.0,1855415.0,12409055.0,2,0,-0.05847212962962989,0.0,0.0,-0.05847212962962989,0.0
5906 台南-KY,2019-12-30,2020-01-10,2019-12-27,2020-01-09,0.2,8,3139,3147,-0.08944634513680261,貿易百貨,5906 台南-KY,23.3,21.3,3.815555287665044,0.004310344827586299,-0.018433179723502224,10417383.4,7357020.0,447098.0,345400.0,3,0,-0.10986507510729626,0.09175584763948486,0.09175584763948486,-0.18467583497053053,4.0
5328 華容,2020-01-02,2020-01-14,2019-12-31,2020-01-13,0.2,8,3141,3149,-0.19397847995506945,電子零組件業,5328 華容,10.85,8.78,8.018989052114563,0.028436018957346043,-0.011261261261261257,18341252.3,16777166.419999998,1690438.0,1910839.0,2,0,-0.18195557603686652,0.0,0.0,-0.18195557603686652,0.0
8034 榮群,2020-01-02,2020-01-14,2019-12-31,2020-01-13,0.2,8,3141,3149,-0.04180996182565777,通信網路業,8034 榮群,17.1,16.45,17.104072398190045,-0.008695652173912993,0.0,27893708.1,27736427.25,1631211.0,1686105.0,2,0,-0.13199144736842106,0.0,0.0,-0.13199144736842106,0.0
8101 華冠,2020-01-03,2020-01-15,2020-01-02,2020-01-14,0.2,8,3142,3150,-0.08451135052849279,通信網路業,8101 華冠,6.8,6.25,4.224703037090195,0.0,0.024590163934426368,6480400.0,9624875.0,953000.0,1539980.0,2,0,-0.14893386029411781,0.0,0.0,-0.14893386029411781,0.0
5309 系統電,2020-01-07,2020-01-17,2020-01-06,2020-01-16,0.14285714285714285,8,3144,3152,0.1304880697277604,電子零組件業,5309 系統電,16.3,18.5,11.571838469713073,0.015576323987539054,0.016483516483516647,40289525.0,123340462.0,2471750.0,6667052.0,2,0,-0.006607055214724045,0.12829815950920231,0.002591027607361962,-0.013586956521739357,7.0
6523 達爾膚,2020-01-07,2020-01-17,2020-01-06,2020-01-16,0.14285714285714285,8,3144,3152,-0.003948349374999771,生技醫療業,6523 達爾膚,95.6,95.6,102.49277097166372,0.0063157894736840525,0.014861995753715496,29941920.0,123552292.8,313200.0,1292388.0,2,0,-0.04438718619246851,0.0,0.0,-0.04438718619246851,0.0
6538 倉和,2020-01-14,2020-01-31,2020-01-13,2020-01-30,0.2,6,3149,3155,-0.019546473657718,電子零組件業,6538 倉和,223.5,220.0,254.46931951462304,0.013605442176870763,0.0185185185185186,163507012.5,178939420.0,731575.0,813361.0,2,2,-0.036252181208053624,0.07331543624161085,0.07331543624161085,-0.10208333333333341,3.0
9919 康那香,2020-02-13,2020-02-19,2020-02-12,2020-02-18,0.20000000000000004,4,3164,3168,-0.006860781101973412,其他,9919 康那香,17.1,17.05,25.79486057552936,0.005882352941176672,-0.005830903790087438,129721660.20000002,75409456.10000001,7586062.0,4422842.0,2,0,-0.029700877192982422,0.005370175438596636,0.0,-0.029700877192982422,2.0
3682 亞太,2020-02-13,2020-02-20,2020-02-12,2020-02-19,0.20000000000000004,5,3164,3169,0.015206490060096112,通信網路業,3682 亞太,7.8,7.95,5.110425600343054,0.01298701298701288,0.015325670498084198,113272762.2,42651432.0,14522149.0,5364960.0,2,0,-0.032511057692307666,0.0033693269230770095,0.0,-0.032511057692307666,3.0
1325 恆大,2020-02-13,2020-02-24,2020-02-12,2020-02-21,0.20000000000000004,7,3164,3171,0.17093094806297726,塑膠工業,1325 恆大,26.2,30.8,40.453191158978406,0.023437499999999778,0.06206896551724128,32235510.599999998,193278870.4,1230363.0,6275288.0,2,0,-0.0004750000000000032,0.21697891221374066,0.0,-0.011029411764705843,6.0
2928 紅馬-KY,2020-02-20,2020-03-04,2020-02-19,2020-03-03,0.2,8,3169,3177,-0.00971698827823353,觀光餐旅,2928 紅馬-KY,51.8,51.5,56.18974965758728,0.02371541501976293,0.017786561264822254,15179316.6,29205650.0,293037.0,567100.0,3,0,-0.09309507722007715,0.11915926640926644,0.11915926640926644,-0.18965517241379304,5.0
3374 精材,2020-02-20,2020-03-04,2020-02-19,2020-03-03,0.2,8,3169,3177,0.024699153850939792,半導體業,3374 精材,90.4,93.0,94.93781907090465,0.008928571428571619,-0.003215434083601254,264537248.8,1739701152.0,2926297.0,18706464.0,2,0,-0.02701106194690306,0.03158940818584011,0.026061061946902164,-0.051724137931034475,7.0
4944 兆遠,2020-02-24,2020-03-06,2020-02-21,2020-03-05,0.2,8,3171,3179,0.13531723095554704,其他,4944 兆遠,16.45,18.75,14.390428953733723,-0.014970059880239472,0.0,17690708.349999998,62827800.0,1075423.0,3350816.0,3,0,-0.006551139817629115,0.18484726443768995,0.0,-0.05113636363636376,8.0
1781 合世,2020-03-06,2020-03-13,2020-03-05,2020-03-12,0.2,5,3179,3184,-0.33596556624999996,生技醫療業,1781 合世,13.5,9.0,14.54416667099066,-0.018181818181818188,-0.08814589665653483,9922500.0,1784853.0,735000.0,198317.0,2,3,-0.3417942777777778,0.05875611111111123,0.05875611111111123,-0.3783216783216784,1.0
4121 優盛,2020-03-10,2020-03-13,2020-03-09,2020-03-12,0.14285714285714285,3,3181,3184,-0.22409992714117255,生技醫療業,4121 優盛,18.55,14.45,23.983433386262746,-0.06075949367088607,-0.09968847352024934,36799638.4,5030391.8,1983808.0,348124.0,2,2,-0.22139427223719677,0.0,0.0,-0.22139427223719677,0.0
4171 瑞基,2020-03-06,2020-03-13,2020-03-05,2020-03-12,0.2,5,3179,3184,-0.23611980900135865,農業科技,4171 瑞基,82.8,63.5,84.7,0.004854368932038833,-0.099290780141844,70656717.6,30133607.5,853342.0,474545.0,2,2,-0.23345606884057968,0.02246096014492771,0.02246096014492771,-0.2502951593860686,1.0
5351 鈺創,2020-03-09,2020-03-13,2020-03-06,2020-03-12,0.16666666666666666,4,3180,3184,-0.18432308738882197,半導體業,5351 鈺創,6.24,5.11,7.3373258688122105,-0.017322834645669194,-0.07927927927927925,11267730.24,6817419.630000001,1805726.0,1334133.0,2,2,-0.1862841346153845,0.0011268028846154188,0.0011268028846154188,-0.18719999999999992,1.0
6457 紘康,2020-03-09,2020-03-13,2020-03-06,2020-03-12,0.16666666666666666,4,3180,3184,-0.2117513785987014,其他,6457 紘康,56.8,44.95,73.0900436069966,0.0819047619047617,-0.0991983967935871,151074311.2,40353862.5,2659759.0,897750.0,3,2,-0.20900266285211255,0.0,0.0,-0.20900266285211255,0.0
6538 倉和,2020-03-09,2020-03-13,2020-03-06,2020-03-12,0.16666666666666666,4,3180,3184,-0.19882802014945633,電子零組件業,6538 倉和,322.0,259.0,370.45193453149204,-0.03736920777279529,-0.09913043478260875,155865710.0,192866940.0,484055.0,744660.0,2,2,-0.11222313664596262,0.005733229813664753,0.005733229813664753,-0.11728395061728403,1.0
6547 高端疫苗,2020-03-03,2020-03-13,2020-03-02,2020-03-12,0.20000000000000004,8,3176,3184,-0.2944634141406248,生技醫療業,6547 高端疫苗,54.0,38.25,51.8,-0.00917431192660545,-0.09893992932862195,230070078.0,76824589.5,4260557.0,2008486.0,3,0,-0.2920031249999998,0.0,0.0,-0.2920031249999998,0.0
1795 美時,2020-04-06,2020-04-07,2020-04-01,2020-04-06,0.08333333333333334,1,3198,3199,0.03492195894207284,生技醫療業,1795 美時,61.5,63.9,66.91974717134117,0.009852216748768461,0.025682182985553803,99207126.0,175832607.6,1613124.0,2751684.0,2,0,0.0,0.03690560975609736,0.012526951219512084,0.0,2.0
3202 樺晟,2020-04-06,2020-04-07,2020-04-01,2020-04-06,0.08333333333333334,1,3198,3199,-0.017363186420454646,電子零組件業,3202 樺晟,14.85,14.65,19.471608437897746,0.020618556701030855,0.0,6056780.399999999,4131417.2,407864.0,282008.0,3,2,-0.013936616161616122,0.0,0.0,-0.013936616161616122,0.0
3504 揚明光,2020-04-06,2020-04-07,2020-04-01,2020-04-06,0.08333333333333334,1,3198,3199,0.1542229427843349,光電業,3504 揚明光,46.6,54.0,84.34313974661572,0.01969365426695835,0.07569721115537842,22471545.2,49116294.0,482222.0,909561.0,2,0,0.0,0.11105997854077265,0.0767415236051503,0.0,2.0
5349 先豐,2020-04-06,2020-04-07,2020-04-01,2020-04-06,0.08333333333333334,1,3198,3199,0.00831074786346142,電子工業,5349 先豐,16.25,16.45,27.976710855105686,0.009316770186335255,0.018575851393188847,5397161.25,42889723.1,332133.0,2607278.0,2,0,-0.006625923076923224,0.03950599999999982,0.0,-0.006625923076923224,1.0
8936 國統,2020-04-06,2020-04-07,2020-04-01,2020-04-06,0.08333333333333334,1,3198,3199,-0.01513994095505622,其他,8936 國統,13.35,13.2,28.97072110789263,0.0,0.0,5986700.7,7112820.0,448442.0,538850.0,2,0,-0.011705617977528116,0.018242696629213517,0.0,-0.011705617977528116,1.0
9935 慶豐富,2020-04-06,2020-04-07,2020-04-01,2020-04-06,0.08333333333333334,1,3198,3199,-0.03742907712710086,居家生活,9935 慶豐富,23.8,23.0,18.190890415531758,0.09677419354838701,0.015452538631346657,9429583.8,35657590.0,396201.0,1550330.0,2,0,-0.048771376050420256,0.02682295168067217,0.0,-0.048771376050420256,1.0
3552 同致,2020-04-06,2020-04-08,2020-04-01,2020-04-07,0.08333333333333334,2,3198,3200,0.1043884373001216,其他電子業,3552 同致,30.8,34.15,61.649777415237025,0.006535947712418277,0.028614457831325213,3203200.0,19134108.4,104000.0,560296.0,2,0,-0.019946266233766274,0.18450202922077907,0.0,-0.019946266233766274,2.0
4174 浩鼎,2020-04-06,2020-04-08,2020-04-01,2020-04-07,0.08333333333333334,2,3198,3200,0.11670739180895628,生技醫療業,4174 浩鼎,77.6,87.0,83.9,0.017038007863695803,0.0023041474654377225,80765924.8,50007078.0,1040798.0,574794.0,2,0,0.0,0.11802538659793815,0.08067200386597961,-0.009216589861751001,3.0
4157 太景*-KY,2020-04-06,2020-04-09,2020-04-01,2020-04-08,0.08333333333333334,3,3198,3201,-0.012318531313025294,生技醫療業,4157 太景*-KY,11.9,11.8,11.9,0.02586206896551735,0.012875536480686733,4035290.0,7516600.0,339100.0,637000.0,2,2,-0.021473424369747973,0.05832058823529396,0.0,-0.021473424369747973,1.0
6446 藥華藥,2020-04-06,2020-04-09,2020-04-01,2020-04-08,0.08333333333333334,3,3198,3201,0.06709869143881098,生技醫療業,6446 藥華藥,71.5,76.6,71.8,0.011315417256011262,0.01726427622841964,22093786.0,33723686.199999996,309004.0,440257.0,2,0,0.0,0.0694218531468529,0.003718811188811122,0.0,4.0
4130 健亞,2020-04-06,2020-04-15,2020-04-01,2020-04-14,0.08333333333333334,7,3198,3205,-0.06541356199268211,化學生技醫療,4130 健亞,31.6,29.65,33.788263788281064,0.06576728499156848,-0.04815409309791341,82698811.60000001,173537180.4,2617051.0,5852856.0,3,0,-0.10485577531645573,0.0,0.0,-0.10485577531645573,0.0
6415 矽力*-KY,2020-04-06,2020-04-15,2020-04-01,2020-04-14,0.08333333333333334,7,3198,3205,0.09565681568749951,半導體業,6415 矽力*-KY,1050.0,1155.0,1343.1210534271522,0.014492753623188248,0.004347826086956497,424165350.0,956671485.0,403967.0,828287.0,2,0,0.0,0.09471785714285663,0.009044285714285616,-0.061403508771930015,8.0
4747 強生*,2020-04-07,2020-04-17,2020-04-06,2020-04-16,0.125,8,3199,3207,0.009753948464286122,生技醫療業,4747 強生*,47.25,47.9,67.5300509947768,-0.0277777777777779,0.021321961620469176,12149156.25,14813218.7,257125.0,309253.0,2,0,-0.03432134920634888,0.08942936507936516,0.08942936507936516,-0.11359223300970855,4.0
5443 均豪,2020-04-07,2020-04-17,2020-04-06,2020-04-16,0.125,8,3199,3207,0.05430028516447383,半導體業,5443 均豪,17.1,18.1,27.02012796799098,0.0,0.016853932584269593,7855295.4,14022070.000000002,459374.0,774700.0,2,0,-0.0063201754385966424,0.060899342105263043,0.0,-0.01928374655647358,8.0
1460 宏遠,2020-04-15,2020-04-27,2020-04-14,2020-04-24,0.2,8,3205,3213,0.02054472400102436,紡織纖維,1460 宏遠,7.32,7.5,9.782706836870625,0.004115226337448652,0.00536193029490617,3294219.6,9202335.0,450030.0,1226978.0,2,0,-0.06465215163934457,0.018641598360655598,0.0,-0.06465215163934457,2.0
3373 熱映,2020-04-17,2020-04-29,2020-04-16,2020-04-28,0.2,8,3207,3215,0.22419755942737485,其他電子業,3373 熱映,71.6,88.0,144.82985249324355,-0.015130674002751254,0.10000000000000009,135372831.2,139739776.0,1890682.0,1587952.0,2,0,-0.05073044692737427,0.22846648044692786,0.0,-0.05073044692737427,6.0
4760 勤凱科技,2020-04-17,2020-04-29,2020-04-16,2020-04-28,0.2,8,3207,3215,0.05013021246448868,其他電子業,4760 勤凱科技,79.2,83.5,77.57071290944123,0.016688061617458283,0.004813477737665606,60178536.0,95459788.5,759830.0,1143231.0,2,0,-0.1165814393939395,0.15349223484848484,0.0,-0.1165814393939395,4.0
1472 三洋實業,2020-04-20,2020-04-30,2020-04-17,2020-04-29,0.2,8,3208,3216,0.1969719406652366,建材營造,1472 三洋實業,11.65,14.0,4.575543598636694,-0.004273504273504147,0.007194244604316502,5999750.0,16410618.0,515000.0,1172187.0,2,0,0.0,0.1925663090128762,0.029553648068669558,-0.03956834532374098,9.0
3552 同致,2020-04-21,2020-05-04,2020-04-20,2020-04-30,0.16666666666666666,8,3209,3217,-0.028291770571537866,其他電子業,3552 同致,49.1,47.9,98.70088536512286,-0.0040567951318457585,-0.020449897750511203,19787987.400000002,48680913.699999996,403014.0,1016303.0,2,0,-0.11345593177189417,0.0,0.0,-0.11345593177189417,0.0
4171 瑞基,2020-04-21,2020-05-04,2020-04-20,2020-04-30,0.16666666666666666,8,3209,3217,0.2673642271012129,農業科技,4171 瑞基,134.0,170.5,134.5,0.09387755102040818,-0.011594202898550732,160306880.0,91345375.0,1196320.0,535750.0,2,2,0.0,0.43961436567164225,0.0032545708955225017,-0.18652849740932653,9.0
4128 中天,2020-04-24,2020-05-07,2020-04-23,2020-05-06,0.14285714285714285,8,3212,3220,0.17089050419215468,生技醫療業,4128 中天,18.8,22.1,29.564688129618794,-0.03589743589743588,0.00454545454545463,84547961.60000001,93032204.2,4497232.0,4209602.0,2,0,-0.011108244680851143,0.18294847074468112,0.026108111702127568,-0.03626943005181349,8.0
4743 合一,2020-04-27,2020-05-13,2020-04-24,2020-05-12,0.14285714285714285,11,3213,3224,0.306326147102876,生技醫療業,4743 合一,56.5,74.1,83.53677369266953,0.025408348457350183,0.029166666666666563,282689388.0,352743194.7,5003352.0,4760367.0,3,0,-0.0871594690265487,0.40110407079645993,0.0,-0.0871594690265487,8.0
1325 恆大,2020-05-05,2020-05-15,2020-05-04,2020-05-14,0.20000000000000004,8,3218,3226,0.019654770308056957,塑膠工業,1325 恆大,105.5,108.0,162.89357508672603,0.09667359667359654,0.04854368932038833,93401893.0,245730240.0,885326.0,2275280.0,3,2,-0.17574715639810423,0.07058127962085314,0.0,-0.17574715639810423,1.0
8084 巨虹,2020-05-05,2020-05-15,2020-05-04,2020-05-14,0.20000000000000004,8,3218,3226,0.05890927906249965,電子通路業,8084 巨虹,41.2,43.8,44.35,0.02106567534076831,-0.00454545454545463,26917937.6,10175616.0,653348.0,232320.0,3,0,0.0,0.16449514563106793,0.0759449939320389,-0.10416666666666663,9.0
6531 愛普*,2020-05-07,2020-05-19,2020-05-06,2020-05-18,0.14285714285714285,8,3220,3228,0.11266257557622006,半導體業,6531 愛普*,205.0,229.0,258.1439534610911,0.03015075376884435,0.026905829596412634,692938130.0,983671561.0,3380186.0,4295509.0,2,0,-0.039480853658536486,0.16042414634146374,0.06534737804878055,-0.09839816933638434,8.0
8403 盛弘,2020-05-07,2020-05-19,2020-05-06,2020-05-18,0.14285714285714285,8,3220,3228,-0.1604987070370827,生技醫療業,8403 盛弘,50.9,42.9,82.04557852017251,0.028282828282828243,0.02508960573476715,567608092.4,499937037.59999996,11151436.0,11653544.0,2,0,-0.2528108791748527,0.0,0.0,-0.2528108791748527,0.0
9944 新麗,2020-05-07,2020-05-19,2020-05-06,2020-05-18,0.14285714285714285,8,3220,3228,-0.09431593864541332,其他,9944 新麗,24.8,22.55,38.87391941499419,0.01224489795918382,0.0367816091954023,91023464.8,113565024.65,3670301.0,5036143.0,2,0,-0.25035624999999995,0.0,0.0,-0.25035624999999995,0.0
4148 全宇生技-KY,2020-05-08,2020-05-20,2020-05-07,2020-05-19,0.11111111111111112,8,3221,3229,-0.09105552794676808,生技醫療業,4148 全宇生技-KY,39.45,36.0,38.155673963133644,0.0,0.0,16118047.05,6589800.0,408569.0,183050.0,2,0,-0.1157560836501903,0.0,0.0,-0.1157560836501903,0.0
6589 台康生技,2020-05-08,2020-05-20,2020-05-07,2020-05-19,0.11111111111111112,8,3221,3229,-0.03118413669677733,生技醫療業,6589 台康生技,51.2,49.8,46.8,-0.01538461538461533,0.0,346221824.0,676805754.5999999,6762145.0,13590477.0,2,0,-0.17714885253906265,0.06589970703125014,0.0,-0.17714885253906265,1.0
1307 三芳,2020-05-11,2020-05-21,2020-05-08,2020-05-20,0.07692307692307693,8,3222,3230,-0.027384858801470346,塑膠工業,1307 三芳,25.5,24.9,73.82276042961492,-0.032258064516129004,0.0060606060606061,69255858.0,67627827.3,2715916.0,2715977.0,2,0,-0.11414647058823502,0.0,0.0,-0.11414647058823502,0.0
3040 遠見,2020-05-11,2020-05-21,2020-05-08,2020-05-20,0.07692307692307693,8,3222,3230,0.18754295156482836,其他,3040 遠見,33.55,40.0,56.88898239215014,-0.05492957746478877,0.019108280254777288,48305189.349999994,270073760.0,1439797.0,6751844.0,2,0,-0.031756706408345714,0.19764247391952305,0.0,-0.036337209302325646,5.0
3373 熱映,2020-05-11,2020-05-21,2020-05-08,2020-05-20,0.07692307692307693,8,3222,3230,0.17128295953124972,其他電子業,3373 熱映,108.0,127.0,219.37462951182482,-0.05263157894736836,0.024193548387096753,237330540.0,2346623196.0,2197505.0,18477348.0,2,0,-0.046749305555555565,0.2586611111111108,0.0,-0.08502024291497967,5.0
4956 光鋐,2020-05-06,2020-05-21,2020-05-05,2020-05-20,0.2,11,3219,3230,-0.10206050339801909,光電業,4956 光鋐,23.35,21.05,24.1697008680343,0.02188183807439814,0.0992167101827679,213253121.60000002,290604343.6,9132896.0,13805432.0,3,0,-0.31938126338329764,0.0,0.0,-0.31938126338329764,0.0
6662 樂斯科,2020-05-11,2020-05-21,2020-05-08,2020-05-20,0.07692307692307693,8,3222,3230,0.0964464376075882,生技醫療業,6662 樂斯科,44.15,48.6,46.166728395061725,-0.09989806320081551,0.004132231404958775,7050975.75,13717981.8,159705.0,282263.0,2,0,-0.00839875424688552,0.09574201585503994,0.0640469988674972,-0.06808510638297871,7.0
8034 榮群,2020-05-12,2020-05-22,2020-05-11,2020-05-21,0.06666666666666667,8,3223,3231,0.3730295322851558,通信網路業,8034 榮群,28.8,39.7,29.524886877828052,0.010526315789473717,0.04611330698287208,29564928.0,227247643.4,1026560.0,5724122.0,2,1,0.0,0.44722890624999967,0.00646614583333327,-0.005172413793103403,9.0
8929 富堡,2020-05-12,2020-05-22,2020-05-11,2020-05-21,0.06666666666666667,8,3223,3231,0.05787554618103452,其他,8929 富堡,29.0,30.8,68.24224988705471,0.0,0.009836065573770592,14454093.0,32504810.8,498417.0,1055351.0,2,0,-0.04183465517241358,0.059841163793103336,0.04260797413793127,-0.08099173553719008,6.0
1732 毛寶,2020-05-15,2020-05-27,2020-05-14,2020-05-26,0.07692307692307693,8,3226,3234,0.13927476378676484,化學工業,1732 毛寶,30.6,35.0,36.147565748788246,0.020000000000000018,0.030927835051546282,47126876.4,190401050.0,1540094.0,5440030.0,2,0,0.0,0.14488075980392146,0.0011582107843137734,-0.08273894436519247,9.0
6532 瑞耘,2020-05-18,2020-05-28,2020-05-15,2020-05-27,0.07142857142857142,8,3227,3235,0.3913102421428567,半導體業,6532 瑞耘,63.0,88.0,72.53358705652956,-0.014084507042253502,0.029239766081871288,125445159.0,604978440.0,1991193.0,6874755.0,2,1,-0.0004750000000000032,0.3866426190476189,0.0,-0.09610983981693377,8.0
6150 撼訊,2020-05-19,2020-05-29,2020-05-18,2020-05-28,0.08333333333333334,8,3228,3236,-0.017893072483750383,電腦及週邊設備業,6150 撼訊,50.0,49.3,31.956241092428353,-0.011857707509881354,0.020703933747411973,36473150.0,256796748.7,729463.0,5208859.0,2,0,-0.053449825000000284,0.01351834999999979,0.003523099999999779,-0.056772908366533925,2.0
3693 營邦,2020-05-21,2020-06-02,2020-05-20,2020-06-01,0.14285714285714285,8,3230,3238,0.24722989295652198,電腦及週邊設備業,3693 營邦,57.5,72.0,67.45961334897011,0.026785714285714413,0.0419681620839365,60268855.0,185986440.0,1048154.0,2583145.0,3,0,-0.04740921739130444,0.20116830434782607,0.0,-0.11248073959938376,7.0
4736 泰博,2020-05-21,2020-06-02,2020-05-20,2020-06-01,0.14285714285714285,8,3230,3238,0.1032907881922902,生技醫療業,4736 泰博,274.0,303.5,474.652900417642,0.009208103130755152,-0.01461038961038963,383431490.0,2122667163.5,1399385.0,6993961.0,2,0,-0.04424981751824819,0.12355364963503646,0.02141240875912409,-0.0714285714285714,6.0
4142 國光生,2020-05-25,2020-06-04,2020-05-22,2020-06-03,0.1111111111111111,8,3232,3240,-0.15680776110457917,生技醫療業,4142 國光生,60.6,51.3,63.8,0.04482758620689653,0.026000000000000023,1921607941.2,366776532.0,31709702.0,7149640.0,3,2,-0.21736862623762365,0.11992982673267338,0.11992982673267338,-0.30117820324005884,3.0
4743 合一,2020-05-25,2020-06-04,2020-05-22,2020-06-03,0.1111111111111111,8,3232,3240,0.19837464215820266,生技醫療業,4743 合一,128.0,154.0,198.36241065015614,0.02400000000000002,0.009836065573770592,403696640.0,271520172.0,3153880.0,1763118.0,3,2,-0.035614550781249976,0.19084033203124973,0.03466455078124997,-0.06792452830188678,7.0
4171 瑞基,2020-05-22,2020-06-08,2020-05-21,2020-06-05,0.16666666666666666,11,3231,3242,0.1485571665101677,農業科技,4171 瑞基,313.5,361.5,316.0,0.008038585209003246,0.0069637883008355494,165958435.5,806915356.5,529373.0,2232131.0,3,0,-0.04670502392344511,0.22429856459330155,0.007495693779904222,-0.053797468354430444,5.0
6492 生華科,2020-05-27,2020-06-08,2020-05-26,2020-06-05,0.11111111111111112,8,3234,3242,-0.12252592683035712,生技醫療業,6492 生華科,126.0,111.0,121.5,0.020242914979757165,-0.02631578947368418,213580332.0,145926261.0,1695082.0,1314651.0,2,0,-0.1313651785714285,0.05902053571428567,0.05902053571428567,-0.1797752808988763,2.0
1325 恆大,2020-05-28,2020-06-09,2020-05-27,2020-06-08,0.11111111111111112,8,3235,3243,0.12743269656633438,塑膠工業,1325 恆大,163.0,184.5,262.48253805444006,-0.012121212121212088,0.02216066481994461,344386563.0,3247654239.0,2112801.0,17602462.0,2,0,-0.006607055214724045,0.2172129601226993,0.10376993865030659,-0.09999999999999998,8.0
4726 永昕,2020-05-25,2020-06-09,2020-05-22,2020-06-08,0.1111111111111111,11,3232,3243,-0.0631648347017908,生技醫療業,4726 永昕,32.8,30.85,35.3,0.02180685358255441,-0.0016181229773462036,97820850.39999999,153328202.0,2982343.0,4970120.0,3,0,-0.14522328506097537,0.07570830792682925,0.07570830792682925,-0.20538243626062302,2.0
1526 日馳,2020-05-29,2020-06-10,2020-05-28,2020-06-09,0.1111111111111111,8,3236,3244,0.054549922169642606,電機機械,1526 日馳,31.5,33.35,24.244592447413947,-0.015625,-0.027696793002915387,78350706.0,210572200.15,2487324.0,6314009.0,2,0,-0.0004750000000000032,0.14548738095238067,0.05822726190476191,-0.11357340720221609,8.0
3680 家登,2020-06-01,2020-06-11,2020-05-29,2020-06-10,0.1,8,3237,3245,0.11462922808035714,半導體業,3680 家登,210.0,235.0,305.5889668112229,-0.03225806451612889,0.008583690987124415,432380760.0,1570250495.0,2058956.0,6681917.0,2,1,0.0,0.14231428571428562,0.011424107142857132,-0.05833333333333335,9.0
2722 夏都,2020-06-04,2020-06-16,2020-06-03,2020-06-15,0.125,8,3240,3248,-0.12622578986093358,觀光餐旅,2722 夏都,39.1,34.3,60.57650725888904,0.028947368421052833,-0.02556818181818199,24654231.3,8676733.799999999,630543.0,252966.0,2,0,-0.12317883631713566,0.0,0.0,-0.12317883631713566,0.0
6237 驊訊,2020-06-04,2020-06-16,2020-06-03,2020-06-15,0.125,8,3240,3248,0.0589601759276317,半導體業,6237 驊訊,28.5,30.3,40.51321073403068,0.03825136612021862,0.03236797274275993,46145490.0,328137940.5,1619140.0,10829635.0,2,0,-0.05483513157894726,0.13104144736842116,0.05037802631578958,-0.10016694490818034,7.0
6531 愛普*,2020-06-10,2020-06-22,2020-06-09,2020-06-19,0.19999999999999998,8,3244,3252,0.3951787304853718,半導體業,6531 愛普*,282.0,395.0,343.7981256621396,-0.007042253521126751,0.05333333333333323,241317834.0,2665170465.0,855737.0,6747267.0,2,1,-0.007563829787234133,0.46207114361702084,0.03142473404255308,-0.037800687285223344,8.0
1785 光洋科,2020-06-11,2020-06-23,2020-06-10,2020-06-22,0.14285714285714285,8,3245,3253,0.18024327876333568,其他電子業,1785 光洋科,35.15,41.65,101.79312292434358,-0.02766251728907332,0.007255139056831839,1060963100.8,1404819472.35,30183872.0,33729159.0,3,0,-0.04881618065433846,0.17582812944523463,0.0,-0.04881618065433846,8.0
8034 榮群,2020-06-08,2020-06-23,2020-06-05,2020-06-22,0.14285714285714288,11,3242,3253,0.15882106670274387,通信網路業,8034 榮群,20.5,23.85,20.61651583710407,-0.0888888888888889,0.006329113924050667,16019520.0,60304534.2,781440.0,2528492.0,3,0,-0.05654591463414638,0.17017560975609758,0.0,-0.05654591463414638,10.0
4123 晟德,2020-06-12,2020-06-24,2020-06-11,2020-06-23,0.125,8,3246,3254,0.11473014516755309,生技醫療業,4123 晟德,70.5,78.9,372.0275730951479,-0.04211956521739124,0.01806451612903226,463697041.5,1341927728.4,6577263.0,17007956.0,2,0,0.0,0.14697265957446803,0.06332446808510617,-0.09023485784919683,9.0
2417 圓剛,2020-06-17,2020-07-01,2020-06-16,2020-06-30,0.125,8,3249,3257,0.21601305680468763,電腦及週邊設備業,2417 圓剛,24.0,29.3,54.62031891179296,0.019108280254777066,0.010344827586207028,186820104.0,380344296.2,7784171.0,12981034.0,3,0,-0.033792500000000114,0.20775937499999997,0.12030093749999993,-0.137546468401487,8.0
4192 杏國,2020-06-17,2020-07-01,2020-06-16,2020-06-30,0.125,8,3249,3257,0.18623626999999932,生技醫療業,4192 杏國,61.8,73.6,65.8,0.02148760330578514,0.008219178082191636,65200483.199999996,102538636.8,1055024.0,1393188.0,3,0,0.0,0.2987355582524265,0.06421917475728134,-0.08176943699731887,9.0
1799 易威,2020-06-22,2020-07-06,2020-06-19,2020-07-03,0.09090909090909091,8,3252,3260,0.08180444173841073,生技醫療業,1799 易威,22.65,24.6,22.25067863901843,0.020270270270270174,0.016528925619834656,20169825.0,68204065.8,890500.0,2772523.0,2,0,-0.06004933774834442,0.08998973509933794,0.0017314569536424074,-0.06275303643724706,6.0
3228 金麗科,2020-06-22,2020-07-06,2020-06-19,2020-07-03,0.09090909090909091,8,3252,3260,0.5293706446604332,半導體業,3228 金麗科,50.8,78.0,57.94760479041917,0.0039525691699604515,-0.018867924528301883,103126946.39999999,156016380.0,2030058.0,2000210.0,2,3,-0.026053395669291324,0.564217273622047,0.0,-0.04402515723270439,8.0
3680 家登,2020-06-22,2020-07-06,2020-06-19,2020-07-03,0.09090909090909091,8,3252,3260,0.19206181480421725,半導體業,3680 家登,249.0,298.0,340.102544239314,0.014256619144602745,0.01016949152542379,228727167.0,2345272516.0,918583.0,7870042.0,2,0,-0.05265903614457823,0.296572590361446,0.0,-0.05265903614457823,4.0
4102 永日,2020-06-22,2020-07-06,2020-06-19,2020-07-03,0.09090909090909091,8,3252,3260,-0.026082830500000043,生技醫療業,4102 永日,33.75,33.0,44.06739649904087,0.021180030257186067,0.016949152542372836,81320625.0,71946666.0,2409500.0,2180202.0,2,0,-0.0789562222222222,0.012852000000000086,0.0,-0.0789562222222222,1.0
1466 聚隆,2020-06-11,2020-07-07,2020-06-10,2020-07-06,0.14285714285714285,16,3245,3261,0.2416060506054687,紡織纖維,1466 聚隆,14.4,17.95,19.18001635759992,0.032258064516129004,-0.050264550264550234,31215888.0,74544985.8,2167770.0,4152924.0,2,0,0.0,0.45764062500000025,0.058524739583333485,-0.21904761904761905,17.0
1467 南緯,2020-06-11,2020-07-07,2020-06-10,2020-07-06,0.14285714285714285,16,3245,3261,0.3608029593045774,紡織纖維,1467 南緯,21.3,29.1,31.41994346337534,0.0,0.01926444833625207,133736970.3,255719247.3,6278731.0,8787603.0,3,0,0.0,0.6822991197183099,0.0605288732394369,-0.25801952580195264,17.0
5474 聰泰,2020-06-23,2020-07-07,2020-06-22,2020-07-06,0.1,8,3253,3261,0.19474722537500044,電腦及週邊設備業,5474 聰泰,180.0,211.0,312.0459440964097,0.0,-0.007058823529411784,163774260.0,335392518.0,909857.0,1589538.0,3,0,-0.0004750000000000032,0.2074365310077524,0.0,-0.09882352941176464,8.0
1474 弘裕,2020-06-24,2020-07-08,2020-06-23,2020-07-07,0.07142857142857142,8,3254,3262,-0.12441477319690253,紡織纖維,1474 弘裕,16.95,14.9,28.304471476747544,-0.011661807580174766,-0.022950819672131084,109984414.19999999,152944670.70000002,6488756.0,10264743.0,2,0,-0.1803305309734512,0.0,0.0,-0.1803305309734512,0.0
1781 合世,2020-06-24,2020-07-08,2020-06-23,2020-07-07,0.07142857142857142,8,3254,3262,0.47293885856430395,生技醫療業,1781 合世,29.45,43.55,29.698578097407495,0.0,0.09974747474747447,23118250.0,19248882.25,785000.0,441995.0,2,0,-0.00895993208828516,0.4780751697792869,0.0,-0.012861736334405238,8.0
3176 基亞,2020-06-24,2020-07-08,2020-06-23,2020-07-07,0.07142857142857142,8,3254,3262,0.045313553731906264,生技醫療業,3176 基亞,82.9,87.0,79.5,0.008515815085158085,-0.022471910112359605,255148542.3,908196045.0,3077787.0,10439035.0,2,0,-0.04146878769601936,0.16952864897466857,0.0,-0.04347826086956508,8.0
4130 健亞,2020-06-24,2020-07-08,2020-06-23,2020-07-07,0.07142857142857142,8,3254,3262,0.05053413922861161,化學生技醫療,4130 健亞,35.65,37.6,38.79393249765604,0.001404494382022392,0.02732240437158473,72914303.3,220751668.0,2045282.0,5871055.0,2,0,-0.04393260869565219,0.1284959677419355,0.0,-0.057333333333333125,7.0
4414 如興,2020-06-24,2020-07-08,2020-06-23,2020-07-07,0.07142857142857142,8,3254,3262,0.05329599836206844,紡織纖維,4414 如興,13.05,13.8,4.325070004120493,0.0,0.0,157198668.75,210516226.20000002,12045875.0,15254799.0,2,0,-0.0655781609195405,0.07994655172413756,0.0,-0.0655781609195405,7.0
2390 云辰,2020-06-29,2020-07-09,2020-06-24,2020-07-08,0.05882352941176471,8,3255,3263,0.2994643072769232,其他電子業,2390 云辰,16.25,21.2,18.432707747146406,0.03503184713375784,0.07888040712468203,106521106.25,365646830.4,6555145.0,17247492.0,2,0,0.0,0.32859938461538496,0.06103423076923087,-0.029810298102981192,9.0
3498 陽程,2020-06-29,2020-07-09,2020-06-24,2020-07-08,0.05882352941176471,8,3255,3263,0.343323712599662,其他電子業,3498 陽程,37.0,49.9,45.8580120905946,-0.014647137150465839,0.02992776057791513,17423744.0,191120393.2,470912.0,3830068.0,2,0,0.0,0.3088374662162163,0.015733513513513486,-0.0990712074303407,9.0
4127 天良,2020-06-29,2020-07-09,2020-06-24,2020-07-08,0.05882352941176471,8,3255,3263,0.2406959156907893,生技醫療業,4127 天良,14.25,17.75,17.525330414134633,0.036363636363636376,0.09907120743034059,10474020.75,20880549.75,735019.0,1176369.0,2,0,0.0,0.2450223684210524,0.05914578947368421,-0.06666666666666665,9.0
1423 利華,2020-06-30,2020-07-10,2020-06-29,2020-07-09,0.045454545454545456,8,3256,3264,-0.12541806286585355,紡織纖維,1423 利華,16.4,14.4,18.075560707230885,0.01863354037267073,0.021276595744680993,14200973.2,5425200.0,865913.0,376750.0,2,0,-0.1528416158536583,0.0,0.0,-0.1528416158536583,0.0
3712 永崴投控,2020-06-30,2020-07-10,2020-06-29,2020-07-09,0.045454545454545456,8,3256,3264,0.5013420341673414,電腦及週邊設備業,3712 永崴投控,30.85,46.5,35.9793427230047,0.04576271186440706,0.0379464285714286,217213862.8,165301641.0,7040968.0,3554874.0,3,3,0.0,0.522777147487844,0.04326434359805509,-0.12446808510638308,9.0
4157 太景*-KY,2020-06-30,2020-07-10,2020-06-29,2020-07-09,0.045454545454545456,8,3256,3264,0.3561626320048077,生技醫療業,4157 太景*-KY,26.0,35.4,24.95,0.015625,0.0993788819875776,137862270.0,2414295823.7999997,5302395.0,68200447.0,2,0,-0.04084043269230775,0.36089173076923076,0.0,-0.04084043269230775,8.0
6209 今國光,2020-06-30,2020-07-10,2020-06-29,2020-07-09,0.045454545454545456,8,3256,3264,0.05810598668630185,光電業,6209 今國光,31.3,33.25,51.85428924116101,0.014586709886547755,-0.032023289665211174,52586910.9,215858202.0,1680093.0,6491976.0,2,0,0.0,0.14003330670926517,0.0011216853035143082,-0.11484593837535007,9.0
6531 愛普*,2020-06-30,2020-07-10,2020-06-29,2020-07-09,0.045454545454545456,8,3256,3264,0.2435255465157602,半導體業,6531 愛普*,404.5,505.0,477.89120903895355,-0.09910913140311806,0.030612244897959107,611005744.5,1376812305.0,1510521.0,2726361.0,3,0,-0.0004750000000000032,0.359057478368356,0.0,-0.19818181818181824,8.0
4152 台微體,2020-07-01,2020-07-13,2020-06-30,2020-07-10,0.047619047619047616,8,3257,3265,0.050400743838536544,化學生技醫療,4152 台微體,95.3,100.5,93.4,-0.003138075313807498,0.0,132169473.39999999,241996060.5,1386878.0,2407921.0,2,0,-0.055013614900314756,0.16943376180482717,0.0,-0.09865470852017932,4.0
3325 旭品,2020-07-02,2020-07-14,2020-07-01,2020-07-13,0.04,8,3258,3266,0.03237599105086364,電腦及週邊設備業,3325 旭品,26.05,27.0,39.4788406038041,0.0019230769230769162,-0.07375643224699824,63024275.9,128607561.0,2419358.0,4763243.0,2,0,0.0,0.13573666026871378,0.035976007677543054,-0.10472972972972971,9.0
3661 世芯-KY,2020-07-02,2020-07-14,2020-07-01,2020-07-13,0.04,8,3258,3266,0.02506286375000011,半導體業,3661 世芯-KY,515.0,530.0,579.2182457602612,0.009803921568627194,-0.04504504504504492,993123425.0,2945363700.0,1928395.0,5557290.0,3,0,0.0,0.11597451456310681,0.057749757281553515,-0.0921739130434781,9.0
4128 中天,2020-07-02,2020-07-14,2020-07-01,2020-07-13,0.04,8,3258,3266,0.34260418344614085,生技醫療業,4128 中天,86.8,117.0,138.93871571794946,0.05212121212121201,-0.09999999999999998,284135546.8,74695842.0,3273451.0,638426.0,3,2,0.0,0.6697134216589864,0.044434533410138366,-0.193103448275862,9.0
4133 亞諾法,2020-07-02,2020-07-14,2020-07-01,2020-07-13,0.04,8,3258,3266,0.1456932131602111,生技醫療業,4133 亞諾法,106.5,122.5,149.2325433629265,0.009478672985782088,-0.09926470588235292,1151243806.5,79505072.5,10809801.0,649021.0,2,2,0.0,0.4359373239436617,0.041758450704225236,-0.19934640522875813,9.0
8933 愛地雅,2020-07-03,2020-07-15,2020-07-02,2020-07-14,0.038461538461538464,8,3259,3267,-0.11562686777840914,運動休閒,8933 愛地雅,16.5,14.65,17.175071646707526,0.050955414012739064,0.0068728522336769515,55338360.0,48659682.0,3353840.0,3321480.0,2,0,-0.11860068181818184,0.0,0.0,-0.11860068181818184,0.0
6683 雍智科技,2020-07-07,2020-07-17,2020-07-06,2020-07-16,0.049999999999999996,8,3261,3269,0.01894938971982718,半導體業,6683 雍智科技,348.0,356.0,332.67052023121386,0.0014388489208632116,-0.0028011204481792618,497993220.0,802534716.0,1431015.0,2254311.0,2,0,-0.06079116379310345,0.03686357758620673,0.0,-0.0650969529085873,3.0
3228 金麗科,2020-07-08,2020-07-20,2020-07-07,2020-07-17,0.0625,8,3262,3270,-0.3218371740425532,半導體業,3228 金麗科,70.5,48.0,84.52155688622756,-0.013986013986014068,-0.018404907975460016,79739025.0,165772464.0,1131050.0,3453593.0,2,0,-0.30671244680851073,0.023627021276595883,0.023627021276595883,-0.32271468144044335,1.0
5223 安力-KY,2020-07-10,2020-07-22,2020-07-09,2020-07-21,0.09999999999999999,8,3264,3272,0.051202161481753716,電腦及週邊設備業,5223 安力-KY,59.6,62.9,65.84265695511046,0.010169491525423568,0.037953795379537913,72723979.60000001,345267786.59999996,1220201.0,5489154.0,3,0,-0.06084899328859028,0.036420218120805536,0.036420218120805536,-0.09385113268608403,5.0
3041 揚智,2020-07-13,2020-07-23,2020-07-10,2020-07-22,0.08333333333333334,8,3265,3273,0.021900741904195664,半導體業,3041 揚智,28.9,29.65,35.07325169545357,-0.0017271157167531026,0.0016891891891890332,281633101.0,175726477.1,9745090.0,5926694.0,2,0,-0.052353460207612446,0.023734948096886033,0.023734948096886033,-0.07432432432432456,4.0
3680 家登,2020-07-13,2020-07-23,2020-07-10,2020-07-22,0.08333333333333334,8,3265,3273,0.023856048097291138,半導體業,3680 家登,304.5,313.0,423.5103563572007,0.01331114808652245,0.03300330033003318,106431276.0,1573625341.0,349528.0,5027557.0,2,0,-0.13013423645320188,0.0,0.0,-0.13013423645320188,0.0
5351 鈺創,2020-07-13,2020-07-23,2020-07-10,2020-07-22,0.08333333333333334,8,3265,3273,0.08525030590485061,半導體業,5351 鈺創,10.05,10.95,14.636303344581847,-0.05633802816901412,-0.004545454545454519,125114359.50000001,107060975.1,12449190.0,9777258.0,2,0,-0.010420522388059794,0.13876231343283574,0.13876231343283574,-0.13100436681222705,8.0
2464 盟立,2020-07-14,2020-07-24,2020-07-13,2020-07-23,0.07142857142857144,8,3266,3274,-0.026972658886934453,其他電子業,2464 盟立,49.75,48.6,159.64996229518744,-0.00698602794411185,-0.002053388090349051,230157977.25,246334008.6,4626291.0,5068601.0,2,0,-0.057734221105527506,0.018611407035176164,0.0,-0.07001972386587796,1.0
3259 鑫創,2020-07-14,2020-07-24,2020-07-13,2020-07-23,0.07142857142857144,8,3266,3274,-0.04948213911785704,半導體業,3259 鑫創,17.5,16.7,16.91543942992874,0.0,0.0030030030030030463,3377500.0,2960075.0,193000.0,177250.0,2,0,-0.07472542857142861,0.0,0.0,-0.07472542857142861,0.0
3321 同泰,2020-07-09,2020-07-24,2020-07-08,2020-07-23,0.07142857142857142,11,3263,3274,-0.4762142182058189,電子零組件業,3321 同泰,29.0,15.25,24.848670829616413,0.08208955223880587,-0.022435897435897356,106586049.0,9171716.0,3675381.0,601424.0,3,2,-0.5347038793103448,0.0,0.0,-0.5347038793103448,0.0
4968 立積,2020-07-14,2020-07-24,2020-07-13,2020-07-23,0.07142857142857144,8,3266,3274,0.1014901522716316,半導體業,4968 立積,241.0,264.5,295.46857018794344,-0.01632653061224487,0.005703422053231932,876061269.0,4898155152.5,3635109.0,18518545.0,2,0,-0.07512831950207466,0.13040485323351714,0.0,-0.07512831950207466,5.0
6674 鋐寶科技,2020-07-14,2020-07-24,2020-07-13,2020-07-23,0.07142857142857144,8,3266,3274,0.021958415986538027,通信網路業,6674 鋐寶科技,32.5,31.9,32.794701986754966,0.0,0.0,5395487.5,2497642.4,166015.0,78296.0,2,0,-0.04814465384615396,0.025522105302464126,0.0,-0.056426332288401104,4.0
8390 金益鼎,2020-07-14,2020-07-24,2020-07-13,2020-07-23,0.07142857142857144,8,3266,3274,-0.04025660928032426,綠能環保,8390 金益鼎,31.0,28.6,62.49852916460935,0.013071895424836555,0.0017513134851139256,96870102.0,72348247.4,3124842.0,2529659.0,3,0,-0.11654887096774202,0.0,0.0,-0.11654887096774202,0.0
9906 欣巴巴,2020-07-14,2020-07-24,2020-07-13,2020-07-23,0.07142857142857144,8,3266,3274,-0.025046433390468414,建材營造,9906 欣巴巴,44.85,43.9,25.147168974494573,-0.013201320132013139,0.0,21628464.0,9650493.1,482240.0,219829.0,3,0,-0.08181872909698995,0.05746847826086965,0.05746847826086965,-0.13171759747102219,4.0
4726 永昕,2020-07-15,2020-07-27,2020-07-14,2020-07-24,0.07142857142857142,8,3267,3275,-0.07209925178618426,生技醫療業,4726 永昕,57.0,53.1,58.9,-0.01041666666666674,-0.016666666666666607,279161775.0,176096857.5,4897575.0,3316325.0,2,0,-0.14777342105263158,0.032842499999999886,0.032842499999999886,-0.17487266553480463,2.0
6443 元晶,2020-07-21,2020-07-31,2020-07-20,2020-07-30,0.06666666666666667,8,3271,3279,0.03162492386160709,光電業,6443 元晶,14.0,14.5,9.552206673842843,0.0181818181818183,-0.016949152542372947,217873908.0,527239923.0,15562422.0,36361374.0,2,0,-0.11470642857142865,0.14945375000000016,0.0352223214285714,-0.14482758620689662,4.0
6477 安集,2020-07-21,2020-07-31,2020-07-20,2020-07-30,0.06666666666666667,8,3271,3279,0.13794727683135477,光電業,6477 安集,35.8,40.9,39.36547755392813,0.0,0.0,112837661.99999999,618271066.8,3151890.0,15116652.0,2,0,-0.061898324022346185,0.14191543296089404,0.013484846368715164,-0.07438016528925606,4.0
3609 三一東林,2020-07-22,2020-08-03,2020-07-21,2020-07-31,0.06666666666666667,8,3272,3280,-0.16723550521516395,電子零組件業,3609 三一東林,36.6,30.6,41.21535366805961,0.045714285714285596,0.020000000000000018,2053113.6,2358036.0,56096.0,77060.0,2,0,-0.2626454918032787,0.006352356557377092,0.006352356557377092,-0.2672998643147897,1.0
4133 亞諾法,2020-07-23,2020-08-04,2020-07-22,2020-08-03,0.07692307692307693,8,3273,3281,-0.03688506302166461,生技醫療業,4133 亞諾法,87.7,84.8,108.89942353510851,0.09899749373433586,0.09987029831387817,352275815.6,1322024537.6,4016828.0,15589912.0,3,0,-0.3389686431014822,0.0,0.0,-0.3389686431014822,0.0
3540 曜越,2020-07-24,2020-08-05,2020-07-23,2020-08-04,0.14285714285714285,8,3274,3282,0.07219288444812766,電腦及週邊設備業,3540 曜越,64.1,69.0,144.7743888760578,-0.004658385093167738,-0.032258064516129004,376919602.09999996,888072297.0,5880181.0,12870613.0,3,0,-0.12678003120124803,0.11179613884555373,0.008880928237129604,-0.13446676970633697,4.0
6535 順藥,2020-07-16,2020-08-05,2020-07-15,2020-08-04,0.06666666666666667,14,3268,3282,-0.14884701269074274,生技醫療業,6535 順藥,49.15,42.0,45.0,0.01970954356846466,0.024390243902439046,54082448.25,87916668.0,1100355.0,2093254.0,2,0,-0.327888072227874,0.0,0.0,-0.327888072227874,0.0
4743 合一,2020-07-27,2020-08-06,2020-07-24,2020-08-05,0.14285714285714288,8,3275,3283,0.09565681568750017,生技醫療業,4743 合一,210.0,231.0,282.9471367009774,0.0,0.019867549668874274,450979620.0,1877655549.0,2147522.0,8128379.0,2,1,-0.2693948214285714,0.07805910714285735,0.0,-0.2693948214285714,3.0
1325 恆大,2020-07-28,2020-08-07,2020-07-27,2020-08-06,0.125,8,3276,3284,0.20509952791666652,塑膠工業,1325 恆大,162.0,196.0,243.2025346344859,0.0,0.0,580939290.0,5482405964.0,3586045.0,27971459.0,2,1,-0.03132453703703708,0.20930185185185168,0.0,-0.03132453703703708,7.0
3228 金麗科,2020-08-04,2020-08-14,2020-08-03,2020-08-13,0.19999999999999998,8,3281,3289,0.08345353387520715,半導體業,3228 金麗科,60.4,65.7,70.12245508982036,0.010033444816053505,0.003053435114503733,15480520.0,301992612.3,256300.0,4596539.0,2,0,-0.043500910596026454,0.13522210264900658,0.0,-0.043500910596026454,4.0
5215 科嘉-KY,2020-08-05,2020-08-17,2020-08-04,2020-08-14,0.19999999999999998,8,3282,3290,0.1587400868937503,電腦及週邊設備業,5215 科嘉-KY,150.0,174.5,291.40247785780605,0.006711409395973034,-0.005698005698005604,398287350.0,1069706289.0,2655249.0,6130122.0,2,0,-0.03379249999999989,0.1794395000000002,0.012852000000000086,-0.046052631578947345,5.0
6229 研通,2020-08-05,2020-08-17,2020-08-04,2020-08-14,0.19999999999999998,8,3282,3290,-0.08732823868071271,半導體業,6229 研通,22.1,20.25,40.94171610759689,0.009132420091324311,-0.06896551724137945,18925511.8,82426916.25,856358.0,4070465.0,2,0,-0.08640701357466074,0.0,0.0,-0.08640701357466074,0.0
3529 力旺,2020-08-10,2020-08-20,2020-08-07,2020-08-19,0.19999999999999998,8,3285,3293,-0.05375093190625024,半導體業,3529 力旺,600.0,570.0,736.2264627073129,0.006711409395973034,-0.005235602094240788,291633600.0,1326200760.0,486056.0,2326668.0,2,0,-0.07044174999999997,0.01618374999999972,0.0,-0.08196721311475408,2.0
2371 大同,2020-08-11,2020-08-21,2020-08-10,2020-08-20,0.14285714285714285,8,3286,3294,0.15242836027943696,電機機械,2371 大同,14.65,16.95,6.18046875,0.0,0.018018018018018056,254498012.70000002,124922415.3,17371878.0,7370054.0,6,4,-0.0004750000000000032,0.19738319112628,0.0,-0.0431034482758621,8.0
6237 驊訊,2020-08-11,2020-08-21,2020-08-10,2020-08-20,0.14285714285714285,8,3286,3294,-0.017739833768269375,半導體業,6237 驊訊,32.5,32.05,45.116984681079614,0.009316770186335255,-0.037537537537537524,29963570.0,214504336.14999998,921956.0,6692803.0,2,0,-0.020465499999999914,0.17328857692307698,0.0,-0.14809960681520318,7.0
6589 台康生技,2020-08-11,2020-08-21,2020-08-10,2020-08-20,0.14285714285714285,8,3286,3294,-0.04877067365312493,生技醫療業,6589 台康生技,60.0,57.3,57.1,0.016949152542372836,0.041818181818181754,127153380.0,326683458.59999996,2119223.0,5701282.0,2,0,-0.09376400000000007,0.0,0.0,-0.09376400000000007,0.0
3552 同致,2020-08-12,2020-08-24,2020-08-11,2020-08-21,0.1,8,3287,3295,-0.048103216361469414,其他電子業,3552 同致,97.0,92.7,193.31900401400483,0.014644351464435212,-0.00855614973262031,231581971.0,625157027.1,2387443.0,6743873.0,2,0,-0.1241275773195879,0.1077210051546389,0.1077210051546389,-0.2093023255813954,3.0
4128 中天,2020-08-12,2020-08-24,2020-08-11,2020-08-21,0.1,8,3287,3295,0.04480942373251762,生技醫療業,4128 中天,85.8,90.0,137.7132364172399,0.033734939759036076,0.02156640181611791,424866241.8,630221580.0,4951821.0,7002462.0,2,0,-0.02144405594405574,0.10670017482517502,0.047287849650349933,-0.09999999999999998,7.0
4133 亞諾法,2020-08-12,2020-08-24,2020-08-11,2020-08-21,0.1,8,3287,3295,0.19526198075000023,生技醫療業,4133 亞諾法,72.5,87.0,104.86611155232671,0.00694444444444442,0.03571428571428581,144351125.0,1413543984.0,1991050.0,16247632.0,2,0,0.0,0.18150748275862116,0.0753510344827586,-0.07951807228915664,9.0
1444 力麗,2020-08-13,2020-08-25,2020-08-12,2020-08-24,0.07692307692307693,8,3288,3296,-0.0088071379146345,紡織纖維,1444 力麗,10.25,10.2,19.6653202338303,-0.009661835748792202,0.025125628140703515,102549876.5,128825122.8,10004866.0,12629914.0,2,0,-0.07361097560975616,0.028779390243902414,0.028779390243902414,-0.09952606635071093,2.0
2417 圓剛,2020-08-13,2020-08-25,2020-08-12,2020-08-24,0.07692307692307693,8,3288,3296,0.29827245060096197,電腦及週邊設備業,2417 圓剛,46.8,61.0,107.71772913338089,0.02183406113537134,0.06457242582897038,630657518.4,369682570.0,13475588.0,6060370.0,2,3,0.0,0.28784951923076973,0.028357451923077148,-0.1033898305084745,9.0
3669 圓展,2020-08-13,2020-08-25,2020-08-12,2020-08-24,0.07692307692307693,8,3288,3296,0.4632717547841494,通信網路業,3669 圓展,77.6,114.0,106.42698869336463,0.007792207792207906,0.022421524663676973,410286409.59999996,1711398210.0,5287196.0,15012265.0,2,0,0.0,0.5778584085051548,0.08968833762886597,-0.13027522935779823,9.0
4171 瑞基,2020-08-14,2020-08-26,2020-08-13,2020-08-25,0.07692307692307691,8,3289,3297,0.15574471417629088,農業科技,4171 瑞基,184.0,213.5,190.0,0.0,0.011848341232227444,72383944.0,182351631.0,393391.0,854106.0,2,0,0.0,0.2113808423913046,0.032118206521739134,-0.07399103139013463,9.0
6140 訊達電腦,2020-08-19,2020-08-31,2020-08-18,2020-08-28,0.07692307692307691,8,3292,3300,0.3059343863749997,資訊服務業,6140 訊達電腦,22.5,29.5,27.476267297643336,0.011235955056179803,-0.03594771241830075,35791042.5,122662003.0,1590713.0,4158034.0,2,1,-0.11153333333333337,0.3593540000000002,0.0,-0.11153333333333337,6.0
6244 茂迪,2020-08-18,2020-09-02,2020-08-17,2020-09-01,0.08333333333333333,11,3291,3302,0.14301009088114713,光電業,6244 茂迪,18.3,21.0,34.81634988651083,0.0,0.0,562714733.7,814454172.0,30749439.0,38783532.0,3,0,-0.09878893442622949,0.26169549180327834,0.0,-0.09878893442622949,7.0
3218 大學光,2020-08-20,2020-09-04,2020-08-19,2020-09-03,0.07692307692307691,11,3293,3304,-0.022531402558302105,生技醫療業,3218 大學光,268.0,263.0,328.5338881154256,0.0,-0.025925925925925908,869556552.0,1029808060.0,3244614.0,3915620.0,3,0,-0.14219869402985075,0.10768255597014953,0.0,-0.14219869402985075,3.0
3272 東碩,2020-08-26,2020-09-07,2020-08-25,2020-09-04,0.2,8,3297,3305,0.3813013799576448,電腦及週邊設備業,3272 東碩,60.5,83.9,110.42781838382682,0.004983388704318914,0.023170731707317094,248133187.5,541893068.3000001,4101375.0,6458797.0,3,0,0.0,0.35472809917355397,0.05734876033057845,-0.09999999999999998,9.0
1598 岱宇,2020-08-27,2020-09-08,2020-08-26,2020-09-07,0.2,8,3298,3306,0.12364504388688058,運動休閒,1598 岱宇,121.0,136.5,133.91631031303316,0.025423728813559254,0.0073800738007381295,386618353.0,1074336763.5,3195193.0,7870599.0,3,0,-0.025256611570247944,0.1812568181818186,0.0,-0.0524475524475525,8.0
3325 旭品,2020-08-28,2020-09-09,2020-08-27,2020-09-08,0.16666666666666669,8,3299,3307,0.04415641784268454,電腦及週邊設備業,3325 旭品,35.2,36.9,50.298967287809674,0.005714285714285783,-0.025099075297225992,240066112.00000003,414254381.4,6820060.0,11226406.0,3,0,-0.023191477272727412,0.09465024857954529,0.0,-0.03178807947019879,6.0
5474 聰泰,2020-09-04,2020-09-16,2020-09-03,2020-09-15,0.2,8,3304,3312,-0.09527686748388287,電腦及週邊設備業,5474 聰泰,349.0,317.0,651.9099374727319,-0.025139664804469164,0.009554140127388422,482871514.0,886118025.0,1383586.0,2795325.0,2,0,-0.1622892191977079,0.052508416905443944,0.052508416905443944,-0.20408163265306123,1.0
6560 欣普羅,2020-08-31,2020-09-16,2020-08-28,2020-09-15,0.16666666666666669,12,3300,3312,-0.08097634369000017,光電業,6560 欣普羅,75.0,69.2,91.59610187257492,0.05189340813464227,-0.023977433004231385,99203775.0,106404549.60000001,1322717.0,1537638.0,3,0,-0.09109860000000014,0.09281399999999995,0.09281399999999995,-0.1682926829268293,3.0
6237 驊訊,2020-09-07,2020-09-17,2020-09-04,2020-09-16,0.2,8,3305,3313,-0.005026327351866811,半導體業,6237 驊訊,46.2,46.15,63.31081381445597,0.0,0.003260869565217428,106405576.2,571484726.15,2303151.0,12383201.0,2,0,-0.04807142857142854,0.09471785714285708,0.0,-0.04807142857142854,3.0
3712 永崴投控,2020-09-08,2020-09-18,2020-09-07,2020-09-17,0.2,8,3306,3314,0.03695232226902201,電腦及週邊設備業,3712 永崴投控,41.4,43.1,43.85680751173709,0.020961775585696785,0.00936768149882905,125590667.39999999,599317007.7,3033591.0,13905267.0,2,0,-0.05358985507246372,0.03815398550724658,0.0,-0.055813953488371926,3.0
3287 廣寰科,2020-09-09,2020-09-21,2020-09-08,2020-09-18,0.14285714285714288,8,3307,3315,0.1615247474223791,電腦及週邊設備業,3287 廣寰科,31.0,36.15,42.36793621917512,-0.02208201892744477,-0.004132231404958664,37703192.0,73115399.39999999,1216232.0,2022556.0,2,0,-0.06173620967741922,0.1704115322580646,0.046276975806451626,-0.10323574730354379,8.0
4934 太極,2020-09-09,2020-09-21,2020-09-08,2020-09-18,0.14285714285714288,8,3307,3315,0.31314674539325904,光電業,4934 太極,26.7,35.2,19.478404708672475,-0.011111111111111183,0.011494252873563315,199503040.79999998,588808739.2,7472024.0,16727521.0,2,0,0.0,0.31211053370786557,0.06878047752809002,-0.022767075306479923,9.0
4976 佳凌,2020-09-09,2020-09-21,2020-09-08,2020-09-18,0.14285714285714288,8,3307,3315,0.1543983232884616,光電業,4976 佳凌,39.0,45.2,46.058932772014344,0.0012836970474967568,0.0,120931278.0,925916033.6,3100802.0,20484868.0,2,0,0.0,0.1943042307692311,0.03156105769230755,-0.029629629629629672,9.0
2007 燁興,2020-09-10,2020-09-22,2020-09-09,2020-09-21,0.125,8,3308,3316,-0.008139310036815894,鋼鐵工業,2007 燁興,7.13,7.1,3.237863186171773,-0.019257221458046758,-0.02472527472527475,14214560.51,12195407.299999999,1993627.0,1717663.0,3,0,-0.12804410939691446,0.08223464235624167,0.0,-0.12804410939691446,2.0
3228 金麗科,2020-09-11,2020-09-23,2020-09-10,2020-09-22,0.1111111111111111,8,3309,3317,0.10548054607443857,半導體業,3228 金麗科,80.1,88.9,88.61886227544912,-0.018382352941176516,0.0,70923103.19999999,492056877.20000005,885432.0,5534948.0,2,0,-0.05538024344569281,0.21914597378277167,0.0,-0.05538024344569281,6.0
6492 生華科,2020-09-14,2020-09-24,2020-09-11,2020-09-23,0.1,8,3310,3318,-0.09596608695299824,生技醫療業,6492 生華科,308.5,280.0,295.0,0.0,-0.024390243902439046,496102552.0,273678160.0,1608112.0,977422.0,3,2,-0.23213152350081045,0.0,0.0,-0.23213152350081045,0.0
2406 國碩,2020-09-15,2020-09-25,2020-09-14,2020-09-24,0.08333333333333333,8,3311,3319,0.12499037562500037,光電業,2406 國碩,15.45,17.45,7.7612342493660424,-0.015923566878980888,-0.01412429378531066,106456015.64999999,416910077.75,6890357.0,23891695.0,2,0,0.0,0.16449514563106837,0.035106796116505024,-0.04573170731707288,9.0
3285 微端,2020-09-15,2020-09-25,2020-09-14,2020-09-24,0.08333333333333333,8,3311,3319,0.061635298402777705,其他電子業,3285 微端,24.3,25.9,32.989720881937615,0.0,0.031872509960159334,10963188.0,218023247.39999998,451160.0,8417886.0,2,0,-0.07040061728395053,0.04271435185185202,0.04271435185185202,-0.10848126232741628,6.0
3682 亞太,2020-09-17,2020-09-29,2020-09-16,2020-09-28,0.09090909090909091,8,3313,3321,-0.03649261122710379,通信網路業,3682 亞太,10.1,9.77,6.791486653087479,0.010000000000000009,-0.011133603238866474,80044116.0,136401490.66,7925160.0,13961258.0,2,0,-0.0796452970297028,0.0,0.0,-0.0796452970297028,0.0
8101 華冠,2020-09-17,2020-09-29,2020-09-16,2020-09-28,0.09090909090909091,8,3313,3321,0.16046708623680406,通信網路業,8101 華冠,5.21,6.07,3.633879905587355,0.0019230769230769162,-0.051562499999999956,6771280.7,8294952.430000001,1299670.0,1366549.0,6,4,0.0,0.5539640115163145,0.0973671785028789,-0.28888888888888886,9.0
6148 驊宏資,2020-09-22,2020-10-06,2020-09-21,2020-10-05,0.1111111111111111,8,3316,3324,-0.09560954421779144,資訊服務業,6148 驊宏資,16.3,14.8,8.902912368942324,-0.09192200557103047,0.0,30113646.900000002,22000969.6,1847463.0,1486552.0,3,0,-0.11085199386503086,0.06084555214723908,0.06084555214723908,-0.161849710982659,3.0
6233 旺玖,2020-09-22,2020-10-06,2020-09-21,2020-10-05,0.1111111111111111,8,3316,3324,-0.024030035879536227,半導體業,6233 旺玖,24.8,24.3,25.003534303534302,-0.009980039920159611,-0.008163265306122436,108233945.60000001,211020373.8,4364272.0,8683966.0,3,0,-0.08511219758064514,0.05191945564516143,0.0,-0.09578544061302685,2.0
8027 鈦昇,2020-09-22,2020-10-06,2020-09-21,2020-10-05,0.1111111111111111,8,3316,3324,-0.09449849943181843,電機機械,8027 鈦昇,75.9,69.0,82.33196233845062,0.0,-0.014285714285714346,103409120.10000001,312614229.0,1362439.0,4530641.0,2,0,-0.08475642292490138,0.016644664031620682,0.016644664031620682,-0.0997409326424874,1.0
3713 新晶投控,2020-09-25,2020-10-12,2020-09-24,2020-10-08,0.14285714285714285,8,3319,3327,-0.09351745771939335,綠能環保,3713 新晶投控,46.15,42.0,41.85,0.02101769911504414,0.0035842293906809264,54102937.199999996,37120776.0,1172328.0,883828.0,3,0,-0.12067789815817986,0.0,0.0,-0.12067789815817986,0.0
1337 再生-KY,2020-09-29,2020-10-14,2020-09-28,2020-10-13,0.16666666666666666,8,3321,3329,-0.07925957173932918,塑膠工業,1337 再生-KY,8.2,7.58,15.131690512513298,0.02499999999999991,0.027100271002709952,29746524.999999996,33160923.36,3627625.0,4374792.0,2,0,-0.10042749999999989,0.008057530487804998,0.008057530487804998,-0.10761789600967353,1.0
1471 首利,2020-09-24,2020-10-14,2020-09-23,2020-10-13,0.125,11,3318,3329,-0.3810250456830361,電子零組件業,1471 首利,8.4,5.22,7.227641112973465,0.05263157894736836,-0.07773851590106029,58080615.6,15930782.28,6914359.0,3051874.0,7,4,-0.3312701785714287,0.043551696428571374,0.043551696428571374,-0.35917901938426466,1.0
4128 中天,2020-10-07,2020-10-20,2020-10-06,2020-10-19,0.2,8,3325,3333,-0.019605751379987657,生技醫療業,4128 中天,82.7,81.4,125.7648132353214,0.001210653753026758,0.011180124223602483,124410654.7,322226458.40000004,1504361.0,3958556.0,2,0,-0.05123685006045953,0.012819770253929885,0.012819770253929885,-0.06324582338902152,1.0
1466 聚隆,2020-10-08,2020-10-21,2020-10-07,2020-10-20,0.19999999999999998,8,3326,3334,0.13834474357142845,紡織纖維,1466 聚隆,24.15,27.6,30.184943775894958,0.012578616352201033,0.0,67806921.0,565470566.4,2807740.0,20488064.0,2,0,-0.06669611801242237,0.18991071428571416,0.0,-0.06669611801242237,4.0
6283 淳安,2020-10-12,2020-10-22,2020-10-08,2020-10-21,0.19999999999999998,8,3327,3335,-0.09094526569541139,其他電子業,6283 淳安,39.5,36.05,27.65175774276037,0.007653061224489832,-0.015027322404371768,102121957.0,342745987.84999996,2585366.0,9507517.0,2,0,-0.07385784810126561,0.04760341772151899,0.04760341772151899,-0.1159420289855071,4.0
3043 科風,2020-10-13,2020-10-23,2020-10-12,2020-10-22,0.14285714285714285,8,3328,3336,-0.2782234415760869,其他電子業,3043 科風,8.28,6.0,12.81182922750278,0.09960159362549792,-0.0016638935108153063,21024294.479999997,10586298.0,2539166.0,1764383.0,6,5,-0.27449936594202895,0.08040443840579714,0.08040443840579714,-0.32849162011173183,3.0
3228 金麗科,2020-10-13,2020-10-23,2020-10-12,2020-10-22,0.14285714285714285,8,3328,3336,0.12055810695312497,半導體業,3228 金麗科,92.0,103.5,106.5299401197605,0.0,0.014705882352941124,26845600.0,207367735.5,291800.0,2003553.0,2,0,-0.011339402173912938,0.12446562500000002,0.0,-0.01449275362318836,8.0
5603 陸海,2020-10-16,2020-10-28,2020-10-15,2020-10-27,0.16666666666666669,8,3331,3339,0.38010918362460777,航運業,5603 陸海,15.95,22.1,25.210491006287565,0.012698412698412653,0.0,32653095.2,68803576.4,2047216.0,3113284.0,2,3,-0.01614153605015678,0.49772084639498404,0.0,-0.07949790794979084,8.0
3686 達能,2020-10-19,2020-10-29,2020-10-16,2020-10-28,0.11111111111111112,8,3332,3340,-0.028065822755750425,半導體業,3686 達能,20.65,20.15,7.086307883510985,0.01975308641975304,-0.0024752475247525885,50529166.449999996,231780936.39999998,2446933.0,11502776.0,2,0,-0.02225641646489085,0.07454987893462484,0.01404594430992745,-0.047169811320754595,6.0
6443 元晶,2020-10-19,2020-10-29,2020-10-16,2020-10-28,0.11111111111111112,8,3332,3340,0.09986548463380296,光電業,6443 元晶,35.5,39.2,24.012271259418736,0.012838801711840375,-0.011349306431273631,629195326.0,1133629896.0,17723812.0,28919130.0,2,0,-0.008921690140844873,0.13467204225352103,0.02627285211267627,-0.03429355281207136,8.0
6477 安集,2020-10-19,2020-10-29,2020-10-16,2020-10-28,0.11111111111111112,8,3332,3340,0.11008976447115382,光電業,6477 安集,55.9,62.3,67.36981178501792,0.014519056261343088,0.0,709348695.9,2403907862.2999997,12689601.0,38586001.0,3,1,-0.005839177101967796,0.16045031305903423,0.06389512522361351,-0.06554621848739484,8.0
2406 國碩,2020-10-21,2020-11-02,2020-10-20,2020-10-30,0.11111111111111112,8,3334,3342,0.015582075147058783,光電業,2406 國碩,25.5,26.0,11.932897658400291,0.011904761904762085,0.007751937984496138,116689147.5,436215156.0,4576045.0,16777506.0,2,0,-0.05339102941176499,0.05636073529411756,0.0,-0.0871985157699442,5.0
3465 進泰電子,2020-10-21,2020-11-02,2020-10-20,2020-10-30,0.11111111111111112,8,3334,3342,-0.06620157753906264,其他電子業,3465 進泰電子,144.0,135.0,47.679913737712425,0.02491103202846978,0.0,21327984.0,3928500.0,148111.0,29100.0,2,0,-0.06988645833333362,0.03770130208333322,0.03770130208333322,-0.10367892976588644,3.0
3691 碩禾,2020-10-22,2020-11-03,2020-10-21,2020-11-02,0.11111111111111112,8,3335,3343,0.021303664302817493,光電業,3691 碩禾,177.5,182.0,427.46877971680624,-0.024725274725274637,0.022471910112359605,351657497.5,864562790.0,1981169.0,4750345.0,2,0,-0.0032905633802816636,0.05865183098591564,0.0,-0.055851063829786995,7.0
6441 廣錠,2020-10-23,2020-11-04,2020-10-22,2020-11-03,0.125,8,3336,3344,0.05641841732954522,電腦及週邊設備業,6441 廣錠,148.5,157.5,180.96000868489372,0.017123287671232834,-0.009433962264151052,77886616.5,876269362.5,524489.0,5563615.0,2,0,-0.0038404040404039774,0.17452601010100977,0.0,-0.0414012738853502,8.0
5603 陸海,2020-10-30,2020-11-11,2020-10-29,2020-11-10,0.19999999999999998,8,3341,3349,-0.03004577253548002,航運業,5603 陸海,22.9,22.3,36.450837314823424,0.00659340659340657,-0.026200873362445143,26960971.5,264664071.20000002,1177335.0,11868344.0,2,0,-0.0986816048034933,0.10864344978165952,0.10864344978165952,-0.18700787401574803,3.0
5309 系統電,2020-11-11,2020-11-23,2020-11-10,2020-11-20,0.2,8,3349,3357,0.025283601241168352,電子零組件業,5309 系統電,46.0,47.35,33.3,0.024498886414253906,-0.020682523267838704,270398074.0,460439923.0,5878219.0,9724180.0,2,0,-0.005907201086956637,0.09513173913043471,0.022340244565217215,-0.04067460317460325,7.0
1414 東和,2020-11-13,2020-11-25,2020-11-12,2020-11-24,0.2,8,3351,3359,0.0375538027343747,紡織纖維,1414 東和,15.6,16.25,21.586070894198215,0.016286644951140072,0.04166666666666652,73290859.2,126922087.5,4698132.0,7810590.0,2,0,-0.00688221153846158,0.09242956730769225,0.0,-0.08504398826979487,5.0
6441 廣錠,2020-11-13,2020-11-25,2020-11-12,2020-11-24,0.2,8,3351,3359,0.06614417418749996,電腦及週邊設備業,6441 廣錠,135.0,144.5,174.23514349727944,0.0,0.017605633802816767,173243745.0,719767071.5,1283287.0,4981087.0,2,0,0.0,0.14019888888888876,0.055054166666666626,-0.030716723549487956,9.0
3669 圓展,2020-11-16,2020-11-26,2020-11-13,2020-11-25,0.2,8,3352,3360,0.00921532882709264,通信網路業,3669 圓展,90.8,92.0,112.71699984545475,0.0,0.006564551422319376,142652611.2,165388216.0,1571064.0,1797698.0,2,0,-0.021390170704845723,0.03475055066079302,0.0,-0.029787234042553123,7.0
2497 怡利電,2020-11-19,2020-12-01,2020-11-18,2020-11-30,0.16666666666666666,8,3355,3363,0.040650978264925364,汽車工業,2497 怡利電,26.8,28.0,35.493718761360746,0.0,-0.007092198581560294,52897009.2,175839804.0,1973769.0,6279993.0,3,0,-0.07506641791044777,0.15616697761194054,0.0,-0.07506641791044777,5.0
2028 威致,2020-11-23,2020-12-03,2020-11-20,2020-12-02,0.16666666666666666,8,3357,3365,0.03423893435503245,鋼鐵工業,2028 威致,15.65,16.25,9.719999999999999,-0.03987730061349681,-0.012158054711246091,95877080.15,45021583.75,6126331.0,2770559.0,3,0,0.0,0.17835375399361042,0.03465207667731618,-0.10840108401083992,9.0
6150 撼訊,2020-11-17,2020-12-04,2020-11-16,2020-12-03,0.19999999999999998,13,3353,3366,0.1638647004585605,電腦及週邊設備業,6150 撼訊,92.0,107.5,57.90640622877211,0.023359288097886344,0.05911330049261099,694197040.0,1287780017.5,7545620.0,11979349.0,3,0,-0.036327527173912966,0.21138084239130484,0.0,-0.09615384615384592,13.0
3622 洋華,2020-11-26,2020-12-08,2020-11-25,2020-12-07,0.16666666666666666,8,3360,3368,-0.0993316314599687,光電業,3622 洋華,31.85,28.8,46.19530273519125,0.02083333333333348,0.0017391304347826875,202499815.70000002,105314054.4,6357922.0,3656738.0,2,0,-0.0977600078492935,0.027769034536891724,0.027769034536891724,-0.12213740458015265,4.0
3530 晶相光,2020-11-30,2020-12-10,2020-11-27,2020-12-09,0.125,8,3362,3370,0.047698773249999826,半導體業,3530 晶相光,135.0,142.0,137.4636622728892,0.0,-0.030716723549488067,298523475.0,1218233052.0,2211285.0,8579106.0,2,0,-0.05970611111111124,0.08466972222222213,0.018034722222222133,-0.07636363636363641,4.0
5386 青雲,2020-11-25,2020-12-10,2020-11-24,2020-12-09,0.19999999999999998,11,3359,3370,0.04364456225895941,電腦及週邊設備業,5386 青雲,58.6,61.4,10.804155996928849,0.06545454545454543,0.0678260869565217,239018031.6,1079764129.0,4078806.0,17585735.0,3,0,-0.1599555247440272,0.08822005119453968,0.0,-0.1599555247440272,2.0
6533 晶心科,2020-11-30,2020-12-10,2020-11-27,2020-12-09,0.125,8,3362,3370,0.09704989491914251,半導體業,6533 晶心科,286.0,315.0,329.7224976922728,0.007042253521126973,0.02941176470588225,321017268.0,1923064290.0,1122438.0,6104966.0,2,0,-0.042413111888112254,0.10087543706293656,0.10087543706293656,-0.13015873015873014,7.0
4946 辣椒,2020-12-01,2020-12-11,2020-11-30,2020-12-10,0.125,8,3363,3371,-0.027477128523622274,文化創意業,4946 辣椒,31.75,31.0,18.13577084270628,0.04785478547854782,-0.011164274322169043,2487707.75,8356360.0,78353.0,269560.0,2,0,-0.11695507874015765,0.0,0.0,-0.11695507874015765,0.0
6244 茂迪,2020-12-03,2020-12-15,2020-12-02,2020-12-14,0.1111111111111111,8,3365,3373,-0.03216511001593514,光電業,6244 茂迪,35.3,34.3,43.86281674930044,-0.0014144271570015743,0.008823529411764675,135464950.2,326030795.29999995,3837534.0,9505271.0,2,0,-0.07551016288951862,0.0,0.0,-0.07551016288951862,0.0
2009 第一銅,2020-12-04,2020-12-16,2020-12-03,2020-12-15,0.11111111111111112,8,3366,3374,0.09205662899849387,鋼鐵工業,2009 第一銅,16.6,18.2,26.127543638060192,0.012195121951219745,0.040000000000000036,185057729.60000002,353158569.4,11148056.0,19404317.0,2,0,-0.006496234939759038,0.10489661144578322,0.038663027108433834,-0.0434782608695653,6.0
3025 星通,2020-12-07,2020-12-17,2020-12-04,2020-12-16,0.09999999999999999,8,3367,3375,0.3018304248290278,通信網路業,3025 星通,32.9,43.0,52.21507871503956,0.006116207951070374,-0.014891179839633395,97336821.39999999,147226625.0,2958566.0,3423875.0,2,0,0.0,0.339788829787234,0.09218613221884486,-0.09297052154195007,9.0
5531 鄉林,2020-12-02,2020-12-17,2020-12-01,2020-12-16,0.11111111111111112,11,3364,3375,-0.06718972401785706,建材營造,5531 鄉林,18.9,17.7,156.61439932382495,-0.030769230769230882,0.026086956521739202,261792726.29999998,277864883.7,13851467.0,15698581.0,3,0,-0.17763948412698416,0.0021692460317459528,0.0,-0.17763948412698416,1.0
3666 光耀,2020-11-26,2020-12-18,2020-11-25,2020-12-17,0.16666666666666666,16,3360,3376,0.3339690119032708,光電業,3666 光耀,61.9,82.9,79.18989248124562,0.018092105263157965,-0.05795454545454537,103080832.0,182884363.60000002,1665280.0,2206084.0,3,0,-0.00531922455573508,0.4274315024232629,0.0,-0.08246225319396061,16.0
6488 環球晶,2020-12-08,2020-12-18,2020-12-07,2020-12-17,0.1,8,3368,3376,-0.037712812108050886,半導體業,6488 環球晶,649.0,627.0,825.3586237556667,-0.0015384615384614886,0.0031999999999998696,851610661.0,2493943914.0,1312189.0,3977582.0,3,0,-0.05745870570107847,0.013385901386749,0.013385901386749,-0.06990881458966569,2.0
2939 永邑-KY,2020-12-10,2020-12-22,2020-12-09,2020-12-21,0.11111111111111112,8,3370,3378,0.011029870935149955,貿易百貨,2939 永邑-KY,39.9,40.5,46.086156680247555,0.062583222370173,0.012499999999999956,13174221.9,9164137.5,330181.0,226275.0,6,4,-0.1733251879699248,0.0020300751879696044,0.0,-0.1733251879699248,1.0
6443 元晶,2020-12-10,2020-12-22,2020-12-09,2020-12-21,0.11111111111111112,8,3370,3378,-0.003948349374999771,光電業,6443 元晶,40.05,40.05,25.85683530678149,0.0,0.00375939849624074,470916190.34999996,689708539.3499999,11758207.0,17221187.0,2,0,-0.06037162921348316,0.010755617977528331,0.0,-0.061728395061728336,1.0
2363 矽統,2020-12-11,2020-12-23,2020-12-10,2020-12-22,0.1111111111111111,8,3371,3379,-0.012413377567280559,半導體業,2363 矽統,17.65,17.5,10.746071087674428,0.0028409090909089496,0.023391812865497075,355215445.65,491123412.5,20125521.0,28064195.0,2,0,-0.03162167138810201,0.03633470254957527,0.03633470254957527,-0.06557377049180346,5.0
2929 淘帝-KY,2020-12-17,2020-12-29,2020-12-16,2020-12-28,0.16666666666666669,8,3375,3383,0.15801126861280457,貿易百貨,2929 淘帝-KY,12.3,14.3,34.0887423479615,0.004081632653061273,0.032490974729241895,9728771.100000001,37764727.0,790957.0,2640890.0,3,0,0.0,0.23518536585365823,0.09297652439024362,-0.04964539007092206,9.0
4961 天鈺,2020-12-21,2020-12-31,2020-12-18,2020-12-30,0.19999999999999998,8,3377,3385,0.2706388624189189,半導體業,4961 天鈺,92.5,118.0,98.0815436678381,0.005434782608695787,0.0535714285714286,289273400.0,519243896.0,3127280.0,4400372.0,3,1,-0.10529005405405412,0.32909810810810836,0.0,-0.10529005405405412,6.0
6204 艾華,2020-12-23,2021-01-05,2020-12-22,2021-01-04,0.2,8,3379,3387,-0.05511538622217482,電子零組件業,6204 艾華,146.0,138.5,214.4214452759458,0.04285714285714293,0.0,10401916.0,13525633.0,71246.0,97658.0,2,0,-0.08947380136986294,0.0,0.0,-0.08947380136986294,0.0
5386 青雲,2020-12-24,2021-01-06,2020-12-23,2021-01-05,0.2,8,3380,3388,0.030146328152506063,電腦及週邊設備業,5386 青雲,81.8,84.6,16.225877915387688,-0.013268998793727671,0.029197080291970545,35133018.199999996,403382782.79999995,429499.0,4768118.0,2,0,-0.09578422982885082,0.11194101466992668,0.11194101466992668,-0.18681318681318682,6.0
2009 第一銅,2020-12-29,2021-01-11,2020-12-28,2021-01-08,0.2,8,3383,3391,0.12365291370697906,鋼鐵工業,2009 第一銅,26.15,29.5,39.07771744127263,0.013565891472868241,0.0535714285714286,95164034.0,363018415.5,3639160.0,12305709.0,2,0,-0.013852963671128093,0.1772608030592735,0.0,-0.04332755632582319,7.0
4119 旭富,2020-12-31,2021-01-13,2020-12-30,2021-01-12,0.19999999999999998,8,3385,3393,0.08979768833088242,生技醫療業,4119 旭富,85.0,93.0,251.22143850735847,0.024096385542168752,0.0219780219780219,232252555.0,429198348.0,2732383.0,4615036.0,2,0,-0.026345058823529444,0.15239352941176465,0.0,-0.026345058823529444,3.0
5608 四維航,2020-12-31,2021-01-13,2020-12-30,2021-01-12,0.19999999999999998,8,3385,3393,-0.03172668226095621,航運業,5608 四維航,12.55,12.2,20.970336441359684,-0.011811023622047112,0.012448132780082943,45470482.300000004,143050990.2,3623146.0,11725491.0,2,0,-0.10401145418326685,0.04332888446215133,0.04332888446215133,-0.14122137404580137,4.0
2038 海光,2021-01-04,2021-01-14,2020-12-31,2021-01-13,0.125,8,3386,3394,-0.03521454468609886,鋼鐵工業,2038 海光,22.3,21.6,30.21845284155576,0.0420560747663552,0.03349282296650724,222661775.9,260413207.20000002,9984833.0,12056167.0,2,0,-0.09684176008968626,0.051070011210762045,0.051070011210762045,-0.14072494669509583,2.0
6164 華興,2021-01-04,2021-01-14,2020-12-31,2021-01-13,0.125,8,3386,3394,0.12524663459728091,光電業,6164 華興,11.95,13.5,22.1560825664913,0.00843881856540074,-0.0036900369003690647,34808868.199999996,86629378.5,2912876.0,6416991.0,2,0,-0.03811401673640136,0.13335261506276197,0.020435564853556576,-0.059040590405903925,5.0
6237 驊訊,2021-01-05,2021-01-15,2021-01-04,2021-01-14,0.125,8,3387,3395,0.328929015730246,半導體業,6237 驊訊,77.2,103.0,114.20214442291945,-0.0025839793281653423,0.045685279187817285,109643840.4,1751101455.0,1420257.0,17000985.0,2,0,-0.03284303756476681,0.3076687176165802,0.07332412564766844,-0.09891435464414955,8.0
3149 正達,2021-01-06,2021-01-18,2021-01-05,2021-01-15,0.1,8,3388,3396,0.15893979649788537,光電業,3149 正達,26.6,30.95,16.945262598107377,0.005671077504725952,-0.026729559748427723,251569633.0,470843588.0,9457505.0,15213040.0,2,0,-0.058717998120300874,0.23813341165413537,0.0,-0.058717998120300874,5.0
3297 杭特,2021-01-06,2021-01-18,2021-01-05,2021-01-15,0.1,8,3388,3396,-0.4117006544170061,光電業,3297 杭特,24.55,14.5,42.95885075568945,0.0020408163265306367,-0.09937888198757772,25120198.3,3171121.0,1023226.0,218698.0,3,2,-0.40761349287169046,0.0,0.0,-0.40761349287169046,0.0
6150 撼訊,2021-01-06,2021-01-18,2021-01-05,2021-01-15,0.1,8,3388,3396,0.008149443952429225,電腦及週邊設備業,6150 撼訊,123.5,125.0,72.79102925037306,0.0,0.0,245247658.5,582810375.0,1985811.0,4662483.0,2,0,-0.1259214574898786,0.011664979757084915,0.0,-0.1259214574898786,1.0
2609 陽明,2021-01-04,2021-01-19,2020-12-31,2021-01-18,0.125,11,3386,3397,-0.15157163961420994,航運業,2609 陽明,30.7,26.15,23.895385933345352,0.04957264957264962,0.0987394957983192,3132760040.7,10171960731.1,102044301.0,388985114.0,3,0,-0.2886116856677521,0.04673383550488608,0.04673383550488608,-0.32037325038880216,2.0
6129 普誠,2021-01-07,2021-01-19,2021-01-06,2021-01-18,0.09090909090909091,8,3389,3397,-0.027384858801470346,半導體業,6129 普誠,17.0,16.6,20.222613842942355,-0.005847953216374435,-0.0059880239520956335,104120478.0,212866846.4,6124734.0,12823304.0,2,0,-0.07396948529411784,0.07889904411764714,0.05832058823529396,-0.125,2.0
2415 錩新,2021-01-08,2021-01-20,2021-01-07,2021-01-19,0.07692307692307691,8,3390,3398,0.05436480105715957,電子零組件業,2415 錩新,31.6,33.45,62.650138857616156,0.02100161550888524,-0.010355029585798592,79514195.2,398373878.85,2516272.0,11909533.0,2,0,-0.024197903481012695,0.10706882911392368,0.0,-0.08428571428571441,5.0
3228 金麗科,2021-01-08,2021-01-20,2021-01-07,2021-01-19,0.07692307692307691,8,3390,3398,0.2948671458124996,半導體業,3228 金麗科,200.0,260.0,229.44910179640723,0.010101010101010166,0.040000000000000036,94941200.0,1538941820.0,474706.0,5919007.0,2,0,-0.020465500000000025,0.2494062499999996,0.0,-0.07000000000000006,7.0
3339 泰谷,2021-01-12,2021-01-22,2021-01-11,2021-01-21,0.07692307692307691,8,3392,3400,-0.048786687345257485,光電業,3339 泰谷,15.55,14.85,2.6165557795698926,-0.06325301204819278,-0.041935483870967794,10141352.35,4882323.6,652177.0,328776.0,2,0,-0.10653392282958207,0.03166406752411555,0.0,-0.10653392282958207,1.0
4961 天鈺,2021-01-13,2021-01-25,2021-01-12,2021-01-22,0.07692307692307693,8,3393,3401,0.10277147033482104,半導體業,4961 天鈺,140.0,155.0,152.45283417935704,0.02941176470588225,0.0,292874680.0,1941789780.0,2091962.0,12527676.0,2,0,-0.004044732142857499,0.1280353571428572,0.1280353571428572,-0.11708860759493711,8.0
3552 同致,2021-01-14,2021-01-26,2021-01-13,2021-01-25,0.07692307692307693,8,3394,3402,0.11724424689876423,其他電子業,3552 同致,263.0,295.0,529.7389814322519,-0.014981273408239515,0.042402826855123754,728786150.0,6159985565.0,2771050.0,20881307.0,2,0,-0.049881178707224416,0.18194781368821267,0.0,-0.049881178707224416,4.0
3661 世芯-KY,2021-01-14,2021-01-26,2021-01-13,2021-01-25,0.07692307692307693,8,3394,3402,0.14385286329838687,半導體業,3661 世芯-KY,775.0,890.0,802.9612204183877,0.0,-0.005586592178770999,855711600.0,4028345590.0,1104144.0,4526231.0,2,0,-0.030138322580645194,0.18008435483870966,0.0,-0.09726775956284162,8.0
3138 耀登,2021-01-13,2021-01-28,2021-01-12,2021-01-27,0.07692307692307693,11,3393,3404,-0.04143416418346768,通信網路業,3138 耀登,279.0,268.5,284.0,0.0072202166064982976,-0.04107142857142854,322706466.0,583719537.0,1156654.0,2174002.0,3,0,-0.2440868279569891,0.10341827956989258,0.017437634408602243,-0.25704225352112664,3.0
1533 車王電,2021-01-19,2021-01-29,2021-01-18,2021-01-28,0.125,8,3397,3405,0.18103267145535717,汽車工業,1533 車王電,63.0,74.7,83.75090955004026,0.0,0.021887824897401043,239654646.0,1644787104.3,3804042.0,22018569.0,3,1,-0.09884095238095236,0.15976630952380955,0.0,-0.09884095238095236,3.0
4760 勤凱科技,2021-01-20,2021-02-01,2021-01-19,2021-01-29,0.14285714285714288,8,3398,3406,-0.07425787765441172,其他電子業,4760 勤凱科技,127.5,118.5,130.18080371213932,0.007905138339920903,0.012820512820512775,305364922.5,416916417.0,2395019.0,3518282.0,2,0,-0.16510264705882338,0.0,0.0,-0.16510264705882338,0.0
2354 鴻準,2021-01-21,2021-02-02,2021-01-20,2021-02-01,0.125,8,3399,3407,0.012425102416095957,其他電子業,2354 鴻準,73.0,74.2,238.36542583251884,0.012482662968099856,-0.009345794392523477,1013679168.0,3353259756.0,13886016.0,45192180.0,2,0,-0.0073210616438356135,0.07072404109589048,0.0,-0.05882352941176483,8.0
3685 元創精密,2021-01-25,2021-02-04,2021-01-22,2021-02-03,0.14285714285714285,8,3401,3409,0.16233740198142788,電機機械,3685 元創精密,29.95,34.95,43.30165958993811,0.0,0.05429864253393668,5450929.95,22432342.950000003,182001.0,641841.0,2,0,0.0,0.2164502921535898,0.027892153589315738,-0.05629629629629651,9.0
3228 金麗科,2021-01-29,2021-02-19,2021-01-28,2021-02-18,0.2,8,3405,3413,0.23560837672468304,半導體業,3228 金麗科,237.0,294.0,257.54491017964074,0.02155172413793105,0.01379310344827589,182407998.0,2444017590.0,769654.0,8312985.0,2,1,-0.07217088607594946,0.3390261075949361,0.0,-0.07217088607594946,6.0
8024 佑華,2021-02-01,2021-02-22,2021-01-29,2021-02-19,0.20000000000000004,8,3406,3414,0.3008778023248926,半導體業,8024 佑華,23.2,30.3,38.07626811798013,-0.0021505376344086446,0.09782608695652173,60059951.199999996,43924879.800000004,2588791.0,1449666.0,2,1,-0.10387413793103428,0.30756826508620727,0.0,-0.10387413793103428,3.0
4576 大銀微系統,2021-02-02,2021-02-23,2021-02-01,2021-02-22,0.19999999999999998,8,3407,3415,0.37977646684938504,電機機械,4576 大銀微系統,122.0,169.0,127.290625,0.008264462809917328,-0.050561797752809,160544802.0,780538499.0,1315941.0,4618571.0,2,1,0.0,0.45832336065573775,0.03639272540983596,-0.061797752808988804,9.0
3552 同致,2021-02-04,2021-02-25,2021-02-03,2021-02-24,0.2,8,3409,3417,0.15712931029702903,其他電子業,3552 同致,303.0,352.0,612.4150074361294,0.0,0.04296296296296287,245451513.0,5676359392.0,810071.0,16126021.0,2,0,-0.010371287128712936,0.23703589108910839,0.0,-0.10000000000000009,8.0
3169 亞信,2021-02-24,2021-03-09,2021-02-23,2021-03-08,0.2,8,3416,3424,0.044639536021341186,半導體業,3169 亞信,102.5,107.5,168.60201400164814,-0.004854368932038944,0.018957345971563955,302898570.0,644477120.0,2955108.0,5995136.0,3,0,-0.04435658536585374,0.19942999999999955,0.0,-0.15853658536585358,8.0
4961 天鈺,2021-02-24,2021-03-09,2021-02-23,2021-03-08,0.2,8,3416,3424,-0.0671126003902438,半導體業,4961 天鈺,205.0,192.0,218.5512657815958,-0.004854368932038722,0.02127659574468077,350441965.0,8818822272.0,1709473.0,45931366.0,3,0,-0.08336243902439033,0.07753670731707318,0.07753670731707318,-0.14932126696832593,5.0
2009 第一銅,2021-02-25,2021-03-10,2021-02-24,2021-03-09,0.16666666666666666,8,3417,3425,-0.17229510722711272,鋼鐵工業,2009 第一銅,35.5,29.5,50.74044706521834,0.050295857988165826,-0.04838709677419373,508894204.0,392259907.0,14335048.0,13296946.0,3,0,-0.17222436619718318,0.0,0.0,-0.17222436619718318,0.0
3483 力致,2021-02-25,2021-03-10,2021-02-24,2021-03-09,0.16666666666666666,8,3417,3425,0.01921564249999963,電腦及週邊設備業,3483 力致,107.5,110.0,233.3948429777977,0.023809523809523725,0.01382488479262678,226153017.5,2174214130.0,2103749.0,19765583.0,2,0,-0.01907081395348853,0.04136558139534885,0.04136558139534885,-0.05803571428571441,6.0
6589 台康生技,2021-02-25,2021-03-10,2021-02-24,2021-03-09,0.16666666666666666,8,3417,3425,0.13614546856452825,生技醫療業,6589 台康生技,64.7,73.8,66.7,0.010937500000000044,0.0,462139871.70000005,121998927.6,7142811.0,1653102.0,3,2,-0.0035647217928903574,0.17254942040185473,0.03042221792890265,-0.05138339920948609,8.0
6485 點序,2021-02-23,2021-03-11,2021-02-22,2021-03-10,0.2,11,3415,3426,0.12476146810972044,半導體業,6485 點序,85.9,97.0,136.7803244832614,-0.03483146067415732,0.021052631578947212,368822731.1,996140530.0,4293629.0,10269490.0,3,0,-0.05632738649592561,0.21595299767171117,0.0879579452852155,-0.13262032085561515,8.0
6547 高端疫苗,2021-02-26,2021-03-11,2021-02-25,2021-03-10,0.125,8,3418,3426,0.18371355581521698,生技醫療業,6547 高端疫苗,172.5,205.0,175.5,-0.06756756756756754,0.0,528345420.0,1214417540.0,3062872.0,5923988.0,2,0,-0.00047500000000022524,0.2399904347826083,0.016908043478260693,-0.07616707616707619,8.0
6642 富致,2021-02-26,2021-03-11,2021-02-25,2021-03-10,0.125,8,3418,3426,0.14838896189705886,電子零組件業,6642 富致,68.0,78.4,80.03947368421052,-0.02857142857142858,0.014230271668822736,34478788.0,76591625.60000001,507041.0,976934.0,2,0,0.0,0.24940624999999983,0.13181507352941146,-0.15909090909090906,9.0
2465 麗臺,2021-03-02,2021-03-12,2021-02-26,2021-03-11,0.09999999999999999,8,3419,3427,0.1411077162500003,電腦及週邊設備業,2465 麗臺,25.75,29.5,6.839362865992205,0.03413654618473916,-0.013377926421404451,44003093.5,242952943.5,1708858.0,8235693.0,2,0,-0.05869975728155341,0.273181359223301,0.0,-0.05869975728155341,7.0
7556 意德士科技,2021-03-02,2021-03-12,2021-02-26,2021-03-11,0.09999999999999999,8,3419,3427,-0.02347877389705888,半導體業,7556 意德士科技,178.5,175.0,158.0,0.017094017094017033,0.023391812865497075,58816999.5,24989300.0,329507.0,142796.0,2,0,-0.16846239495798332,0.0,0.0,-0.16846239495798332,0.0
3122 笙泉,2021-03-03,2021-03-15,2021-03-02,2021-03-12,0.07692307692307693,8,3420,3428,0.06200027589469159,半導體業,3122 笙泉,21.9,23.35,25.014763777193988,0.0,0.028634361233480288,8524377.9,78855752.0,389241.0,3377120.0,2,0,-0.11457602739726025,0.13872825342465744,0.0018070205479452373,-0.11617312072892938,4.0
4743 合一,2021-03-03,2021-03-15,2021-03-02,2021-03-12,0.07692307692307693,8,3420,3428,0.1457588125425855,生技醫療業,4743 合一,249.5,287.0,382.5026107253954,0.01836734693877551,0.09961685823754785,500471800.5,2245836418.0,2005899.0,7825214.0,2,0,0.0,0.061619739478957936,0.023561673346693457,-0.05660377358490576,9.0
6134 萬旭,2021-03-03,2021-03-15,2021-03-02,2021-03-12,0.07692307692307693,8,3420,3428,0.11129729615185946,電子零組件業,6134 萬旭,24.2,27.0,29.346320964174094,-0.010224948875255602,0.0,9329608.2,72567117.0,385521.0,2687671.0,2,0,-0.019061208677686237,0.22462463842975167,0.024306611570247938,-0.042338709677419595,8.0
2743 山富,2021-03-04,2021-03-16,2021-03-03,2021-03-15,0.0625,8,3421,3429,0.09924619100506793,觀光餐旅,2743 山富,22.2,24.5,22.958333333333332,-0.00448430493273555,0.012396694214876103,2248882.1999999997,38744300.0,101301.0,1581400.0,2,0,-0.02073564189189192,0.1255912162162165,0.0,-0.04646464646464643,7.0
6651 全宇昕,2021-03-04,2021-03-16,2021-03-03,2021-03-15,0.0625,8,3421,3429,0.2963878353554392,半導體業,6651 全宇昕,131.0,170.5,129.5,-0.029629629629629672,-0.01729106628242072,97523736.0,468826407.5,744456.0,2749715.0,2,1,-0.011919942748091605,0.3237983778625957,0.0,-0.09798270893371763,6.0
6716 應廣,2021-03-04,2021-03-16,2021-03-03,2021-03-15,0.0625,8,3421,3429,0.2754869553252266,半導體業,6716 應廣,110.5,141.5,116.33237822349571,-0.03913043478260869,0.05597014925373145,20795437.0,127738983.5,188194.0,902749.0,2,0,-0.08640701357466041,0.32516210407239843,0.01309321266968344,-0.0982142857142857,5.0
4944 兆遠,2021-03-05,2021-03-17,2021-03-04,2021-03-16,0.05555555555555555,8,3422,3430,0.029684563503246997,其他,4944 兆遠,38.5,39.8,14.047171015387779,-0.012820512820512886,-0.02450980392156865,9035796.0,11074947.0,234696.0,278265.0,6,4,-0.054994545454545296,0.08519857142857146,0.0,-0.054994545454545296,4.0
3219 倚強科,2021-03-08,2021-03-18,2021-03-05,2021-03-17,0.05,8,3423,3431,-0.19821374222739374,其他電子業,3219 倚強科,141.0,113.5,37.656929808727696,0.0,-0.02991452991453003,5854461.0,1628157.5,41521.0,14345.0,7,4,-0.24149521276595742,0.0,0.0,-0.24149521276595742,0.0
6541 泰福-KY,2021-03-08,2021-03-18,2021-03-05,2021-03-17,0.05,8,3423,3431,0.09980703089843779,生技醫療業,6541 泰福-KY,67.2,74.2,65.9,0.0181818181818183,0.0,75804556.8,387627997.40000004,1128044.0,5224097.0,2,0,-0.08079397321428583,0.10364218749999998,0.0,-0.08079397321428583,3.0
3552 同致,2021-03-09,2021-03-19,2021-03-08,2021-03-18,0.05263157894736842,8,3424,3432,0.2500249798680283,其他電子業,3552 同致,251.0,315.0,548.1114316553358,-0.01953124999999989,-0.021739130434782705,314772825.0,2296707840.0,1254075.0,7291136.0,3,0,0.0,0.28225916334661405,0.0692129980079681,-0.07142857142857162,9.0
4571 鈞興-KY,2021-03-05,2021-03-22,2021-03-04,2021-03-19,0.05555555555555555,11,3422,3433,0.05415466357812471,電機機械,4571 鈞興-KY,180.0,190.5,178.72472783825816,-0.042553191489361764,-0.023076923076923106,261605880.0,359464356.0,1453366.0,1886952.0,3,0,-0.08099229166666677,0.11058333333333326,0.0,-0.12249999999999994,6.0
8099 大世科,2021-03-17,2021-03-29,2021-03-16,2021-03-26,0.2,8,3430,3438,0.055264912233280006,資訊服務業,8099 大世科,47.1,49.9,107.087621855282,0.0010626992561104665,-0.04588910133843216,247319274.0,176208377.0,5250940.0,3531230.0,3,0,-0.08429928343949056,0.18627277070063664,0.0,-0.08429928343949056,7.0
6533 晶心科,2021-03-19,2021-03-31,2021-03-18,2021-03-30,0.19999999999999998,8,3432,3440,0.14762472789402192,半導體業,6533 晶心科,506.0,583.0,535.7990587499432,-0.01747572815533971,-0.008503401360544172,603073064.0,1475383525.0,1191844.0,2530675.0,3,1,-0.025166823122529602,0.1615033596837947,0.0015003458498024091,-0.026627218934911268,7.0
8085 福華,2021-03-19,2021-03-31,2021-03-18,2021-03-30,0.19999999999999998,8,3432,3440,0.27897682765077847,其他電子業,8085 福華,12.85,16.5,14.281578947368423,-0.03383458646616555,0.0,45658260.199999996,158903184.0,3553172.0,9630496.0,2,0,0.0,0.4117804474708171,0.042306225680933895,-0.014925373134328623,9.0
3228 金麗科,2021-03-22,2021-04-01,2021-03-19,2021-03-31,0.14285714285714288,8,3433,3441,0.10695224677706139,半導體業,3228 金麗科,485.0,539.0,564.8428143712575,0.015706806282722363,0.046601941747572706,279595225.0,1459519292.0,576485.0,2707828.0,2,0,-0.02932726804123731,0.16645597938144285,0.06135128865979356,-0.08543689320388348,6.0
3545 敦泰,2021-03-22,2021-04-01,2021-03-19,2021-03-31,0.14285714285714288,8,3433,3441,0.1526635453773586,半導體業,3545 敦泰,159.0,184.0,139.4062899846719,0.0,0.016574585635359185,1605734004.0,11241399776.0,10098956.0,61094564.0,3,0,-0.09162665094339617,0.2509778301886796,0.0,-0.09162665094339617,4.0
6150 撼訊,2021-03-22,2021-04-01,2021-03-19,2021-03-31,0.14285714285714288,8,3433,3441,0.28119584864705893,電腦及週邊設備業,6150 撼訊,127.5,164.0,86.5005504544792,-0.003906249999999889,0.07540983606557372,134942302.5,1374905644.0,1058371.0,8383571.0,2,1,-0.01223411764705895,0.31310147058823556,0.038722058823529304,-0.049056603773584895,8.0
6129 普誠,2021-03-23,2021-04-06,2021-03-22,2021-04-01,0.1111111111111111,8,3434,3442,-0.04715859895717489,半導體業,6129 普誠,44.95,43.0,50.40097603933325,-0.0011111111111110628,0.03614457831325302,400126920.0,170579022.0,8901600.0,3966954.0,3,2,-0.17503053392658507,0.015090461624026386,0.0,-0.17503053392658507,1.0
6516 勤崴國際,2021-03-24,2021-04-07,2021-03-23,2021-04-06,0.09999999999999999,8,3435,3443,0.17121935470043081,資訊服務業,6516 勤崴國際,145.0,170.5,190.29061413673233,0.0,-0.03399433427762044,20732825.0,144570360.0,142985.0,847920.0,2,0,-0.0004749999999998922,0.21666318965517228,0.020204827586207008,-0.09915014164305946,8.0
6594 展匯科,2021-03-19,2021-04-07,2021-03-18,2021-04-06,0.19999999999999998,11,3432,3443,-0.0074555734969188325,電子工業,6594 展匯科,56.8,56.6,74.72508667092082,-0.01899827288428324,-0.06446280991735542,47632593.599999994,66051294.4,838602.0,1166984.0,3,0,-0.05326681338028172,0.11918644366197184,0.11918644366197184,-0.15408805031446549,6.0
2457 飛宏,2021-03-25,2021-04-08,2021-03-24,2021-04-07,0.05555555555555556,8,3436,3444,0.5801440748750006,電子零組件業,2457 飛宏,25.75,40.85,43.03767771723178,0.01778656126482203,0.05012853470437051,390513092.75,2920220992.3,15165557.0,71486438.0,2,1,-0.0004750000000000032,0.6283523786407772,0.0,-0.0004750000000000032,8.0
2609 陽明,2021-03-25,2021-04-08,2021-03-24,2021-04-07,0.05555555555555556,8,3436,3444,0.3595957248887238,航運業,2609 陽明,33.7,46.0,24.155522327643045,-0.002958579881656709,-0.007551240560949357,1561851134.7,12657366302.0,46345731.0,275160137.0,3,1,-0.03606639465875383,0.37471761869436193,0.0,-0.03606639465875383,8.0
3094 聯傑,2021-03-25,2021-04-08,2021-03-24,2021-04-07,0.05555555555555556,8,3436,3444,0.07522498695673052,半導體業,3094 聯傑,39.0,42.1,68.85656646609002,0.0,-0.009411764705882342,77843298.0,467318588.40000004,1995982.0,11100204.0,2,0,-0.019696634615384623,0.13920221153846124,0.0,-0.0438695163104611,8.0
3268 海德威,2021-03-25,2021-04-08,2021-03-24,2021-04-07,0.05555555555555556,8,3436,3444,0.3532309855995841,半導體業,3268 海德威,27.05,36.75,32.72539454806312,0.0,0.02083333333333348,11904542.700000001,86907208.5,440094.0,2364822.0,2,0,-0.002322550831793002,0.46326025878003696,0.0,-0.009900990099009799,8.0
4961 天鈺,2021-03-25,2021-04-08,2021-03-24,2021-04-07,0.05555555555555556,8,3436,3444,0.28268521915017963,半導體業,4961 天鈺,278.0,358.0,287.84800859039444,0.0,0.06074074074074076,277303332.0,2947940260.0,997494.0,8234470.0,2,0,-0.029238309352518033,0.3338984712230215,0.0,-0.029238309352518033,8.0
6716 應廣,2021-03-25,2021-04-08,2021-03-24,2021-04-07,0.05555555555555556,8,3436,3444,0.028390989931006638,半導體業,6716 應廣,154.0,159.0,154.76361031518624,0.013157894736842035,-0.04216867469879515,21365498.0,191161407.0,138737.0,1202273.0,2,0,-0.0329271103896106,0.1845020292207793,0.0,-0.0329271103896106,8.0
8054 安國,2021-03-25,2021-04-08,2021-03-24,2021-04-07,0.05555555555555556,8,3436,3444,0.2824699364270391,半導體業,8054 安國,46.6,60.0,95.29665240779225,0.02417582417582409,0.03270223752151469,61053083.2,275015880.0,1310152.0,4583598.0,2,0,-0.022996486051502174,0.37059329399141694,0.0,-0.022996486051502174,7.0
2489 瑞軒,2021-03-26,2021-04-09,2021-03-25,2021-04-08,0.04347826086956522,8,3437,3445,0.12809307981448104,光電業,2489 瑞軒,17.35,19.65,65.18424984549453,0.042042042042042205,0.039682539682539764,326772571.90000004,889415022.15,18834154.0,45262851.0,2,0,-0.043682132564841436,0.09458069164265126,0.0,-0.043682132564841436,7.0
3122 笙泉,2021-03-26,2021-04-09,2021-03-25,2021-04-08,0.04347826086956522,8,3437,3445,0.2586470857897727,半導體業,3122 笙泉,44.0,55.6,47.6031532388172,0.07055961070559613,0.0,118207848.0,97981266.8,2686542.0,1762253.0,3,2,-0.06408113636363644,0.26303613636363643,0.0,-0.09172661870503596,7.0
3276 宇環,2021-03-26,2021-04-09,2021-03-25,2021-04-08,0.04347826086956522,8,3437,3445,0.17182547132352943,電子零組件業,3276 宇環,17.0,20.0,14.1350035846293,-0.005847953216374324,-0.02912621359223322,8384689.0,41799200.0,493217.0,2089960.0,2,0,0.0,0.21118911764705928,0.005404558823529415,-0.08252427184466049,9.0
5608 四維航,2021-03-26,2021-04-09,2021-03-25,2021-04-08,0.04347826086956522,8,3437,3445,0.1857757745535713,航運業,5608 四維航,16.8,20.0,28.63257475647188,0.021276595744680993,0.01781170483460559,110614929.60000001,489155400.0,6584222.0,24457770.0,2,0,0.0,0.1690872767857141,0.05604575892857144,-0.043256997455470625,9.0
6283 淳安,2021-03-26,2021-04-09,2021-03-25,2021-04-08,0.04347826086956522,8,3437,3445,0.2015598114860644,其他電子業,6283 淳安,60.1,72.5,43.303014086048265,0.010084033613445564,0.0,161628252.20000002,1290004317.5,2689322.0,17793163.0,2,0,-0.0038012063227954584,0.2440011647254572,0.0,-0.12700534759358306,8.0
8040 九暘,2021-03-23,2021-04-09,2021-03-22,2021-04-08,0.1111111111111111,11,3434,3445,0.1933677462321708,半導體業,8040 九暘,63.1,75.6,51.29831811201475,0.006379585326953707,0.05439330543933041,417195682.90000004,1452113762.3999999,6611659.0,19207854.0,3,0,-0.19372706022187025,0.13575186212361334,0.0,-0.19372706022187025,5.0
2399 映泰,2021-03-29,2021-04-12,2021-03-26,2021-04-09,0.04,8,3438,3446,0.28962476870394704,電腦及週邊設備業,2399 映泰,28.5,36.9,55.22248089639109,0.017857142857142794,-0.023809523809523836,189467658.0,168919011.9,6647988.0,4577751.0,2,3,-0.03379249999999989,0.42037763157894736,0.0,-0.09876543209876554,7.0
2415 錩新,2021-03-29,2021-04-12,2021-03-26,2021-04-09,0.04,8,3438,3446,0.14617426782446175,電子零組件業,2415 錩新,41.8,48.1,81.01824612965892,0.01333333333333342,0.01906779661016933,39601361.8,470662492.3,947401.0,9785083.0,2,1,-0.0243870813397129,0.12865023923445018,0.0,-0.04661016949152563,5.0
3294 英濟,2021-03-29,2021-04-12,2021-03-26,2021-04-09,0.04,8,3438,3446,-0.07654194425105898,電子零組件業,3294 英濟,29.5,27.35,44.758710582905714,0.01724137931034475,-0.009057971014492794,85811753.5,67052436.050000004,2908873.0,2451643.0,2,0,-0.09365105932203366,0.06051296610169543,0.06051296610169543,-0.14536741214057525,6.0
2491 吉祥全,2021-03-25,2021-04-13,2021-03-24,2021-04-12,0.05555555555555556,11,3436,3447,0.013449932731987246,光電業,2491 吉祥全,22.9,23.3,2.8773067491636684,0.02690582959641241,-0.037190082644628086,68073868.2,62176026.7,2972658.0,2668499.0,3,0,-0.04412237991266377,0.20903242358078633,0.04317237991266376,-0.12635379061371832,8.0
3021 鴻名,2021-03-31,2021-04-14,2021-03-30,2021-04-13,0.04166666666666667,8,3440,3448,0.2490809005821577,電子零組件業,3021 鴻名,24.8,31.1,35.37354174969291,0.024793388429751984,0.006472491909385258,45547432.0,81758510.10000001,1836590.0,2628891.0,2,0,0.0,0.28970967741935505,0.07207116935483882,-0.07968750000000002,9.0
3552 同致,2021-04-06,2021-04-16,2021-04-01,2021-04-15,0.045454545454545456,8,3442,3450,-0.25296126203125,其他電子業,3552 同致,312.0,234.0,640.9943744498154,0.012987012987013102,-0.018867924528301883,233248080.0,1623050676.0,747590.0,6936114.0,2,1,-0.27598509615384637,0.012339423076922929,0.012339423076922929,-0.28481012658227856,3.0
6589 台康生技,2021-04-06,2021-04-16,2021-04-01,2021-04-15,0.045454545454545456,8,3442,3450,0.2440313146810169,生技醫療業,6589 台康生技,120.5,150.5,117.5,0.021186440677966045,-0.016339869281045805,203597643.5,983616378.5,1689607.0,6535657.0,2,0,-0.02535943983402489,0.39352863070539446,0.0,-0.09375,8.0
6590 普鴻,2021-04-08,2021-04-20,2021-04-07,2021-04-19,0.07142857142857144,8,3444,3452,-0.19367247330357107,資訊服務業,6590 普鴻,84.0,68.0,95.36022507925307,-0.007092198581560294,-0.001468428781204012,11773860.0,6256680.0,140165.0,92010.0,3,0,-0.1896708035714283,0.0,0.0,-0.1896708035714283,0.0
2597 潤弘,2021-04-09,2021-04-21,2021-04-08,2021-04-20,0.09090909090909091,8,3445,3453,-0.06001748202607615,建材營造,2597 潤弘,151.0,142.5,342.1448420189299,-0.009836065573770592,-0.017241379310344973,111504138.0,85991767.5,738438.0,603451.0,3,0,-0.05673965231788081,0.0028346854304637237,0.0,-0.05673965231788081,1.0
3362 先進光,2021-04-09,2021-04-21,2021-04-08,2021-04-20,0.09090909090909091,8,3445,3453,-0.04854767701492568,光電業,3362 先進光,134.0,128.0,140.58091472063575,-0.02898550724637694,0.0,484584334.0,1397068672.0,3616301.0,10914599.0,3,0,-0.18322397388059708,0.0,0.0,-0.18322397388059708,0.0
5272 笙科,2021-04-09,2021-04-21,2021-04-08,2021-04-20,0.09090909090909091,8,3445,3453,-0.06878672842803057,半導體業,5272 笙科,44.55,41.65,54.94281239758106,-0.01655629139072856,-0.008333333333333415,133673433.3,133558971.69999999,3000526.0,3206698.0,2,0,-0.12499494949494971,0.0,0.0,-0.12499494949494971,0.0
6494 九齊,2021-04-12,2021-04-22,2021-04-09,2021-04-21,0.11111111111111112,8,3446,3454,-0.00798094715080977,半導體業,6494 九齊,123.5,123.0,165.51972372397645,0.037815126050420034,0.02499999999999991,255129140.5,308815239.0,2065823.0,2510693.0,3,0,-0.09759483805668034,0.0,0.0,-0.09759483805668034,0.0
1438 三地開發,2021-04-13,2021-04-23,2021-04-12,2021-04-22,0.0625,8,3447,3455,0.016379235331632547,建材營造,1438 三地開發,34.3,35.0,17.4,0.0,0.0,5937261.399999999,2694860.0,173098.0,76996.0,2,0,0.0,0.03157973760932942,0.014095335276967935,-0.026912181303116123,9.0
2457 飛宏,2021-04-13,2021-04-23,2021-04-12,2021-04-22,0.0625,8,3447,3455,-0.12019840939489423,電子零組件業,2457 飛宏,37.7,33.3,61.840546622818486,-0.007894736842105177,0.009090909090909038,274263390.70000005,368922441.59999996,7274891.0,11078752.0,3,0,-0.12508421750663146,0.0,0.0,-0.12508421750663146,0.0
2465 麗臺,2021-04-13,2021-04-23,2021-04-12,2021-04-22,0.0625,8,3447,3455,-0.31626962965572036,電腦及週邊設備業,2465 麗臺,59.0,40.5,15.229921433549652,0.03873239436619724,-0.021739130434782594,97790258.0,131630346.0,1657462.0,3250132.0,3,0,-0.2986383898305084,0.0,0.0,-0.2986383898305084,0.0
3149 正達,2021-04-13,2021-04-23,2021-04-12,2021-04-22,0.0625,8,3447,3455,-0.023062346934968225,光電業,3149 正達,46.9,46.0,30.830506901799247,0.006437768240343367,0.0,182636104.0,296621616.0,3894160.0,6448296.0,2,0,-0.0537545842217485,0.057066950959488105,0.0,-0.07258064516129048,4.0
5302 太欣,2021-04-13,2021-04-23,2021-04-12,2021-04-22,0.0625,8,3447,3455,-0.11921842170252217,半導體業,5302 太欣,16.85,14.9,16.5,-0.008823529411764675,0.02758620689655178,54896912.45,45967334.4,3257977.0,3085056.0,2,0,-0.1398746290801186,0.0,0.0,-0.1398746290801186,0.0
5529 鉅陞,2021-04-13,2021-04-23,2021-04-12,2021-04-22,0.0625,8,3447,3455,0.19190450327598318,建材營造,5529 鉅陞,17.8,21.3,34.820629023846415,0.0,-0.009302325581395321,33948355.800000004,25836026.7,1907211.0,1212959.0,2,0,0.0,0.22975266853932563,0.06690870786516845,-0.022831050228310334,9.0
6237 驊訊,2021-04-13,2021-04-23,2021-04-12,2021-04-22,0.0625,8,3447,3455,-0.02038484525990114,半導體業,6237 驊訊,151.5,149.0,217.6978378061902,-0.016233766233766267,-0.009966777408637828,772951030.5,1229741849.0,5101987.0,8253301.0,3,0,-0.05655396039603966,0.05560396039603943,0.006122524752475211,-0.06229508196721312,7.0
2399 映泰,2021-04-14,2021-04-26,2021-04-13,2021-04-23,0.05263157894736842,8,3448,3456,-0.11525498082020047,電腦及週邊設備業,2399 映泰,34.9,31.0,63.94181998529494,0.05120481927710818,0.011419249592169667,192136296.2,957609561.0,5505338.0,30890631.0,2,0,-0.20095279369627495,0.039620558739255074,0.039620558739255074,-0.23140495867768585,1.0
3230 錦明,2021-04-14,2021-04-26,2021-04-13,2021-04-23,0.05263157894736842,8,3448,3456,-0.020238913754380583,光電業,3230 錦明,21.4,21.05,12.30606314854617,0.0,0.00959232613908867,24216561.0,4801378.7,1131615.0,228094.0,2,0,-0.12191261682242971,0.04623177570093473,0.0,-0.12191261682242971,1.0
5245 智晶,2021-04-14,2021-04-26,2021-04-13,2021-04-23,0.05263157894736842,8,3448,3456,-0.009481969656250033,光電業,5245 智晶,54.0,53.7,70.37938644682929,0.016949152542372836,0.011299435028248483,58036878.0,87980576.4,1074757.0,1638372.0,2,0,-0.05600416666666663,0.08096777777777775,0.0,-0.06939501779359436,3.0
8277 商丞,2021-04-14,2021-04-26,2021-04-13,2021-04-23,0.05263157894736842,8,3448,3456,0.1765658656250002,半導體業,8277 商丞,15.45,18.25,3.453010380622837,0.006514657980456029,0.05797101449275366,47281511.4,66323383.5,3060292.0,3634158.0,2,0,-0.03929150485436883,0.2259546116504858,0.0,-0.03929150485436883,7.0
1471 首利,2021-04-15,2021-04-27,2021-04-14,2021-04-26,0.038461538461538464,8,3449,3457,0.04955855747675608,電子零組件業,1471 首利,12.1,12.75,10.2604483302759,0.025423728813559254,-0.026717557251908386,60773605.199999996,102714051.0,5022612.0,8056004.0,3,0,0.0,0.23082004132231426,0.028436880165289224,-0.14765100671140952,9.0
1517 利奇,2021-04-15,2021-04-27,2021-04-14,2021-04-26,0.038461538461538464,8,3449,3457,0.19318687314453098,電機機械,1517 利奇,28.8,34.5,55.363532450551645,0.006993006993006867,0.05504587155963292,123016464.0,757656570.0,4271405.0,21961060.0,2,0,-0.010886718749999913,0.13487734375000016,0.12793619791666666,-0.12307692307692297,8.0
2014 中鴻,2021-04-15,2021-04-27,2021-04-14,2021-04-26,0.038461538461538464,8,3449,3457,0.3700078843684209,鋼鐵工業,2014 中鴻,28.5,39.2,31.178657240948528,0.02517985611510798,-0.00127388535031836,1475463696.0,4985962464.0,51770656.0,127192920.0,2,0,0.0,0.40284210526315745,0.006539210526315786,-0.015172413793103523,9.0
3046 建碁,2021-04-15,2021-04-27,2021-04-14,2021-04-26,0.038461538461538464,8,3449,3457,0.04170401794531253,電腦及週邊設備業,3046 建碁,24.0,25.1,5.810845817692813,-0.004149377593361092,0.02448979591836742,6953304.0,29384544.900000002,289721.0,1170699.0,2,0,-0.00047500000000022524,0.12238328124999986,0.032842499999999886,-0.040000000000000036,7.0
3058 立德,2021-04-15,2021-04-27,2021-04-14,2021-04-26,0.038461538461538464,8,3449,3457,0.15484249347826062,電子零組件業,3058 立德,20.7,24.0,52.74963955173921,0.004854368932038833,0.048034934497816595,72757084.5,396452016.0,3514835.0,16518834.0,2,0,-0.036689673913043785,0.10575471014492721,0.08644021739130436,-0.11333333333333362,8.0
5344 立衛,2021-04-15,2021-04-27,2021-04-14,2021-04-26,0.038461538461538464,8,3449,3457,0.16392552432584306,半導體業,5344 立衛,17.8,20.8,12.837702816042803,0.0,0.019607843137255054,4046260.4000000004,12274870.4,227318.0,590138.0,2,0,0.0,0.14552303370786523,0.04163981741573042,-0.04166666666666652,9.0
6582 申豐,2021-04-15,2021-04-27,2021-04-14,2021-04-26,0.038461538461538464,8,3449,3457,0.22564999720974543,橡膠工業,6582 申豐,295.0,363.0,375.61310262192336,-0.010067114093959662,-0.0027472527472527375,664360945.0,1240947081.0,2252071.0,3418587.0,2,0,0.0,0.23331220338983027,0.021548432203389867,-0.08791208791208804,9.0
2108 南帝,2021-04-13,2021-04-28,2021-04-12,2021-04-27,0.0625,11,3447,3458,-0.1599564392319277,橡膠工業,2108 南帝,166.0,140.0,562.2480667084644,0.0,-0.020979020979021046,674975588.0,2939389600.0,4066118.0,20995640.0,3,0,-0.2082076054216867,0.0,0.0,-0.2082076054216867,0.0
3006 晶豪科,2021-04-16,2021-04-28,2021-04-15,2021-04-27,0.037037037037037035,8,3450,3458,0.18732243860733688,半導體業,3006 晶豪科,138.0,164.5,287.5726196458265,0.007299270072992803,0.0,1106994738.0,5467106011.5,8021701.0,33234687.0,2,0,0.0,0.19508423913043482,0.010389402173913043,-0.05228758169934644,9.0
6643 M31,2021-04-16,2021-04-28,2021-04-15,2021-04-27,0.037037037037037035,8,3450,3458,-0.05535746682661302,半導體業,6643 M31,465.0,441.0,470.9195589525122,0.003236245954692629,0.01379310344827589,370252995.0,437285016.0,796243.0,991576.0,2,0,-0.17673532258064506,0.0,0.0,-0.17673532258064506,0.0
7402 邑錡,2021-04-16,2021-04-28,2021-04-15,2021-04-27,0.037037037037037035,8,3450,3458,-0.003948349374999993,光電業,7402 邑錡,46.0,46.0,65.29679828867599,0.01098901098901095,0.0,2007118.0,15162290.0,43633.0,329615.0,2,0,-0.07543937500000009,0.0038707608695651707,0.0038707608695651707,-0.07900432900432908,1.0
4726 永昕,2021-04-19,2021-04-29,2021-04-16,2021-04-28,0.03571428571428571,8,3451,3459,-0.10265617060810828,生技醫療業,4726 永昕,49.95,45.0,46.05,0.01731160896130346,-0.0011098779134294245,148837463.55,134467200.0,2979729.0,2988160.0,2,0,-0.13054331831831834,0.0,0.0,-0.13054331831831834,0.0
3379 彬台,2021-04-22,2021-05-05,2021-04-21,2021-05-04,0.03846153846153846,8,3454,3462,-0.11334130522398822,電機機械,3379 彬台,17.3,15.4,23.74830650992679,-0.00288184438040362,0.013157894736842257,20956856.7,10621056.6,1211379.0,689679.0,2,0,-0.12180462427745664,0.03996820809248547,0.03996820809248547,-0.15555555555555545,2.0
3687 歐買尬,2021-04-22,2021-05-05,2021-04-21,2021-05-04,0.03846153846153846,8,3454,3462,-0.02481535322887618,數位雲端,3687 歐買尬,71.6,70.1,85.8841413303543,0.022857142857142687,0.0,99266383.19999999,230851287.1,1386402.0,3293171.0,2,0,-0.09958990921787714,0.03721658519553017,0.0,-0.09958990921787714,3.0
1608 華榮,2021-04-26,2021-05-07,2021-04-23,2021-05-06,0.05,8,3456,3464,0.24316370135257626,電器電纜,1608 華榮,26.2,32.7,47.18670504443488,0.01945525291828787,0.05144694533762073,619835198.4,1438208653.2,23657832.0,43981916.0,3,0,0.0,0.27992609732824425,0.0662871660305342,-0.20566318926974658,9.0
1905 華紙,2021-04-26,2021-05-07,2021-04-23,2021-05-06,0.05,8,3456,3464,-0.07649541841658458,造紙工業,1905 華紙,25.4,23.55,40.57795000439578,0.007936507936507908,0.01948051948051943,390272447.79999995,504217015.95,15365057.0,21410489.0,2,0,-0.14804266732283455,0.08019532480314973,0.08019532480314973,-0.21129326047358832,4.0
2007 燁興,2021-04-26,2021-05-07,2021-04-23,2021-05-06,0.05,8,3456,3464,0.11085082391737333,鋼鐵工業,2007 燁興,14.75,16.45,6.980924883661128,0.003401360544217802,0.018575851393188847,75095200.0,252812186.89999998,5091200.0,15368522.0,2,0,-0.01741610169491503,0.09439516949152571,0.0910069491525427,-0.09937888198757772,8.0
2022 聚亨,2021-04-26,2021-05-07,2021-04-23,2021-05-06,0.05,8,3456,3464,0.13834474357142867,鋼鐵工業,2022 聚亨,14.0,16.0,6.9488970833333354,0.014492753623188248,0.03896103896103886,375573072.0,1000632608.0,26826648.0,62539538.0,3,0,-0.0897183035714284,0.19943,0.06021044642857154,-0.14141414141414133,5.0
2017 官田鋼,2021-04-27,2021-05-10,2021-04-26,2021-05-07,0.0625,8,3457,3465,-0.003948349374999882,鋼鐵工業,2017 官田鋼,23.6,23.6,18.71950479210897,0.01505376344086029,0.026086956521739202,146356650.8,648161374.0,6201553.0,27464465.0,2,0,-0.14235672669491528,0.07152468220338992,0.0,-0.14235672669491528,1.0
2641 正德,2021-04-27,2021-05-10,2021-04-26,2021-05-07,0.0625,8,3457,3465,-0.003948349375000104,航運業,2641 正德,22.0,22.0,18.13089083336772,0.0,0.04018912529550822,205528466.0,688029144.0,9342203.0,31274052.0,3,0,-0.132230568181818,0.05631619318181813,0.0,-0.132230568181818,1.0
2033 佳大,2021-04-28,2021-05-11,2021-04-27,2021-05-10,0.0625,8,3458,3466,-0.018110221184834074,鋼鐵工業,2033 佳大,21.1,20.8,33.30383576082294,0.011990407673860837,-0.014218009478673022,22660345.0,100596017.60000001,1073950.0,4836347.0,2,0,-0.17811569905213265,0.0,0.0,-0.17811569905213265,0.0
2605 新興,2021-04-28,2021-05-11,2021-04-27,2021-05-10,0.0625,8,3458,3466,-0.020132349606721056,航運業,2605 新興,33.85,33.3,94.04374614997222,0.01957831325301207,-0.04857142857142871,592376150.9,2373388102.7999997,17500034.0,71272916.0,2,0,-0.11563445347119661,0.03348227474150667,0.0,-0.11563445347119661,1.0
2637 慧洋-KY,2021-04-28,2021-05-11,2021-04-27,2021-05-10,0.0625,8,3458,3466,0.07358860546407242,航運業,2637 慧洋-KY,66.8,72.0,150.30768175621967,0.010590015128593144,-0.04127829560585883,1230941235.2,5404200192.0,18427264.0,75058336.0,3,0,-0.0109490643712572,0.12371747754491058,0.11324341317365283,-0.11155913978494614,7.0
3228 金麗科,2021-04-23,2021-05-11,2021-04-22,2021-05-10,0.049999999999999996,11,3455,3466,-0.13860344329647112,半導體業,3228 金麗科,251.5,217.5,294.4206586826348,-0.09856630824372759,0.0,125350366.5,1277755732.5,498411.0,5874739.0,3,0,-0.2846341948310138,0.08497147117296233,0.08497147117296233,-0.34065934065934067,3.0
3661 世芯-KY,2021-04-20,2021-05-11,2021-04-19,2021-05-10,0.03571428571428571,14,3452,3466,-0.1362208019730885,半導體業,3661 世芯-KY,497.0,431.0,534.9515577521439,0.02053388090349073,-0.004618937644341847,1835865318.0,2110883702.0,3693894.0,4897642.0,3,0,-0.26895907947686115,0.01762505030181072,0.01762505030181072,-0.2816205533596837,2.0
8261 富鼎,2021-04-28,2021-05-11,2021-04-27,2021-05-10,0.0625,8,3458,3466,-0.18954803582686341,半導體業,8261 富鼎,80.5,65.5,83.1841902234512,0.012578616352201255,-0.07092198581560283,261035015.5,412797637.0,3242671.0,6302254.0,2,0,-0.2115548136645964,0.01814968944099382,0.01814968944099382,-0.22560975609756106,2.0
1441 大東,2021-05-10,2021-05-12,2021-05-07,2021-05-11,0.07142857142857144,2,3465,3467,-0.000245555134758324,紡織纖維,1441 大東,13.45,13.5,7.862584901271742,0.0074906367041198685,-0.04593639575971731,32948034.599999998,22370526.0,2449668.0,1657076.0,2,2,-0.05249488847583639,0.06640771375464682,0.06640771375464682,-0.11149825783972123,2.0
1616 億泰,2021-04-27,2021-05-12,2021-04-26,2021-05-11,0.0625,10,3457,3467,-0.10005859636513148,電器電纜,1616 億泰,11.4,10.3,13.865130584583492,0.07547169811320753,0.0,64204993.800000004,19604123.900000002,5632017.0,1903313.0,3,2,-0.18722835526315795,0.03897993421052637,0.03897993421052637,-0.21772151898734182,2.0
2543 皇昌,2021-04-29,2021-05-12,2021-04-28,2021-05-11,0.05555555555555556,8,3459,3467,-0.07731822542550193,建材營造,2543 皇昌,8.96,8.3,12.170158292358472,-0.0011148272017836858,-0.042675893886966465,3249792.0000000005,4775363.5,362700.0,575345.0,2,0,-0.1287622488839285,0.02406690848214299,0.02406690848214299,-0.1492374727668846,3.0
2601 益航,2021-04-29,2021-05-12,2021-04-28,2021-05-11,0.05555555555555556,8,3459,3467,-0.03240696796428544,航運業,2601 益航,15.75,15.3,22.648447565531225,0.016129032258064502,0.02684563758389258,297418779.0,778770979.2,18883732.0,50900064.0,2,0,-0.1464373809523808,0.024909761904762018,0.024909761904762018,-0.16718266253869962,1.0
3057 喬鼎,2021-05-04,2021-05-12,2021-05-03,2021-05-11,0.052631578947368425,6,3461,3467,-0.0836324814249999,電腦及週邊設備業,3057 喬鼎,17.5,16.1,13.695836393721628,-0.016853932584269815,-0.07736389684813738,46185142.5,23922329.900000002,2639151.0,1485859.0,2,2,-0.1004275,0.1051890714285717,0.1051890714285717,-0.1860465116279072,2.0
3060 銘異,2021-04-29,2021-05-12,2021-04-28,2021-05-11,0.05555555555555556,8,3459,3467,-0.23741954071428584,電腦及週邊設備業,3060 銘異,36.05,27.6,78.18316021835435,0.04796511627906974,-0.08910891089108908,610134353.5,77147878.8,16924670.0,2795213.0,3,2,-0.24307815533980592,0.0,0.0,-0.24307815533980592,0.0
3362 先進光,2021-05-06,2021-05-12,2021-05-05,2021-05-11,0.05263157894736842,4,3463,3467,-0.13658839330244976,光電業,3362 先進光,79.6,69.0,83.21938485872174,-0.0050000000000001155,-0.0028901734104046506,62467055.199999996,108310542.0,784762.0,1569718.0,2,2,-0.18757201633165832,0.0,0.0,-0.18757201633165832,0.0
6116 彩晶,2021-05-05,2021-05-12,2021-05-04,2021-05-11,0.05555555555555555,5,3462,3467,-0.1650120205398935,光電業,6116 彩晶,23.5,19.7,15.368404869963454,-0.006342494714587699,-0.04600484261501203,2165687150.0,1783715913.5,92156900.0,90543955.0,2,2,-0.20888659574468071,0.0,0.0,-0.20888659574468071,0.0
6547 高端疫苗,2021-05-31,2021-06-01,2021-05-28,2021-05-31,0.16666666666666669,1,3480,3481,-0.19214833991725588,生技醫療業,6547 高端疫苗,389.0,315.5,350.5,0.0,-0.09985734664764623,2452892793.0,522499865.5,6305637.0,1656101.0,2,0,-0.18933126606683814,0.0,0.0,-0.18933126606683814,0.0
1732 毛寶,2021-05-31,2021-06-02,2021-05-28,2021-06-01,0.16666666666666669,2,3480,3482,-0.05744472958759561,化學工業,1732 毛寶,39.1,37.0,42.69304665925398,0.0,0.010928961748633892,105913337.10000001,173045559.0,2708781.0,4676907.0,2,0,-0.07460856777493607,0.0,0.0,-0.07460856777493607,0.0
2617 台航,2021-05-31,2021-06-02,2021-05-28,2021-06-01,0.16666666666666669,2,3480,3482,0.10387167466172698,航運業,2617 台航,38.8,43.0,81.67498405386534,0.010416666666666519,0.023809523809523947,301784149.59999996,1886643060.0,7777942.0,43875420.0,2,0,-0.015931572164948338,0.1901560567010312,0.0,-0.015931572164948338,2.0
6589 台康生技,2021-05-31,2021-06-02,2021-05-28,2021-06-01,0.16666666666666669,2,3480,3482,-0.08669725573461518,生技醫療業,6589 台康生技,162.5,149.0,145.0,0.012461059190031154,-0.0658307210031348,1097038312.5,1258253595.0,6751005.0,8444655.0,2,0,-0.1081161538461538,0.0,0.0,-0.1081161538461538,0.0
4171 瑞基,2021-05-31,2021-06-03,2021-05-28,2021-06-02,0.16666666666666669,3,3480,3483,-0.08871870261968096,農業科技,4171 瑞基,164.5,150.5,147.0,0.012307692307692353,0.0,193975603.5,198118802.0,1179183.0,1316404.0,2,0,-0.11895972644376906,0.0,0.0,-0.11895972644376906,0.0
6242 立康,2021-05-31,2021-06-09,2021-05-28,2021-06-08,0.16666666666666669,7,3480,3487,-0.037541996950885115,生技醫療業,6242 立康,59.3,57.3,2.589240578088087,0.0033840947546530664,-0.022184300341297036,24367318.799999997,9286038.0,410916.0,162060.0,2,0,-0.08980860033726812,0.02649363406408134,0.0,-0.08980860033726812,1.0
2491 吉祥全,2021-06-02,2021-06-15,2021-06-01,2021-06-11,0.16666666666666666,8,3482,3490,-0.0596715186407345,光電業,2491 吉祥全,28.6,27.0,3.3889617150191325,0.0,0.009345794392523255,25781784.6,45097803.0,901461.0,1670289.0,2,0,-0.0913409090909092,0.09039090909090897,0.09039090909090897,-0.16666666666666663,5.0
2615 萬海,2021-06-02,2021-06-15,2021-06-01,2021-06-11,0.16666666666666666,8,3482,3490,0.13656050416144194,航運業,2615 萬海,159.5,182.0,345.5486392537251,0.0,0.042979942693409656,4181045434.5,6653440430.0,26213451.0,36557365.0,2,0,-0.04120799373040751,0.2000566614420063,0.008924921630093952,-0.04968944099378869,6.0
4746 台耀,2021-06-02,2021-06-15,2021-06-01,2021-06-11,0.16666666666666666,8,3482,3490,-0.009082636233891939,生技醫療業,4746 台耀,97.0,96.5,116.09047454941395,-0.002057613168724326,-0.010256410256410331,482392058.0,1145020460.5,4973114.0,11865497.0,2,0,-0.07775786082474223,0.030438144329896888,0.030438144329896888,-0.10499999999999998,2.0
5603 陸海,2021-06-03,2021-06-16,2021-06-02,2021-06-15,0.14285714285714285,8,3483,3491,0.18330306677725083,航運業,5603 陸海,31.65,37.6,52.90991583803665,0.0015822784810126667,0.017591339648173276,115260532.94999999,716677883.2,3641723.0,19060582.0,2,0,-0.02416042654028472,0.1669020142180091,0.04057973933649284,-0.06221547799696536,5.0
6485 點序,2021-06-03,2021-06-16,2021-06-02,2021-06-15,0.14285714285714285,8,3483,3491,0.14085211084801785,半導體業,6485 點序,113.5,130.0,192.03149003807636,0.008888888888888946,-0.06810035842293904,79819556.0,243510800.0,703256.0,1873160.0,2,3,-0.013684581497797277,0.22849107929515422,0.003928193832599236,-0.09318996415770608,7.0
2014 中鴻,2021-06-04,2021-06-17,2021-06-03,2021-06-16,0.0909090909090909,8,3484,3492,-0.035197028610293946,鋼鐵工業,2014 中鴻,51.0,49.4,54.263899971616,-0.011627906976744096,-0.01984126984126977,1567924518.0,9454563742.0,30743618.0,191387930.0,2,0,-0.08278882352941175,0.0,0.0,-0.08278882352941175,0.0
3228 金麗科,2021-06-04,2021-06-17,2021-06-03,2021-06-16,0.0909090909090909,8,3484,3492,0.297885484147727,半導體業,3228 金麗科,313.5,408.5,378.12275449101804,-0.026397515527950333,0.02638190954773867,130192161.0,1481019201.0,415286.0,3625506.0,2,0,0.0,0.3326999999999998,0.02981363636363632,-0.02091020910209107,9.0
4152 台微體,2021-06-04,2021-06-17,2021-06-03,2021-06-16,0.0909090909090909,8,3484,3492,0.007909408370535997,化學生技醫療,4152 台微體,84.0,85.0,80.0,0.0,0.0,14388528.0,11062495.0,171292.0,130147.0,6,4,-0.048071428571428654,0.011424107142857354,0.0,-0.048071428571428654,3.0
6472 保瑞,2021-06-04,2021-06-17,2021-06-03,2021-06-16,0.0909090909090909,8,3484,3492,0.0037135863990382934,生技醫療業,6472 保瑞,260.0,262.0,454.5909713134389,0.023622047244094446,0.007692307692307665,39530660.0,386616370.0,152041.0,1475635.0,2,0,-0.02161879807692313,0.061034230769230424,0.0,-0.022727272727272707,5.0
2636 台驊控股,2021-06-07,2021-06-18,2021-06-04,2021-06-17,0.07142857142857142,8,3485,3493,0.34083876045673067,航運業,2636 台驊控股,130.0,175.0,310.9070624040038,-0.022556390977443663,0.01449275362318847,1383816980.0,6764156350.0,10644746.0,38652322.0,3,1,-0.05813990384615386,0.45699990384615385,0.0,-0.05813990384615386,5.0
2642 宅配通,2021-06-07,2021-06-18,2021-06-04,2021-06-17,0.07142857142857142,8,3485,3493,0.14570473113762294,航運業,2642 宅配通,81.2,93.4,101.48216424786168,0.026548672566371945,0.04826038159371504,175081653.6,2392659462.6000004,2156178.0,25617339.0,2,0,-0.03986514778325123,0.20632327586206878,0.019220073891625722,-0.05797101449275377,5.0
4121 優盛,2021-06-07,2021-06-18,2021-06-04,2021-06-17,0.07142857142857142,8,3485,3493,-0.036277691976429605,生技醫療業,4121 優盛,32.35,31.3,45.990261231365075,-0.004615384615384577,0.022875816993464193,183657969.95000002,189366001.6,5677217.0,6050032.0,3,0,-0.08389748840803712,0.044325965996908634,0.044325965996908634,-0.1227810650887573,1.0
1455 集盛,2021-06-08,2021-06-21,2021-06-07,2021-06-18,0.0625,8,3486,3494,-8.768406250025951e-05,紡織纖維,1455 集盛,25.8,25.9,38.32360842333819,0.001941747572815622,-0.01893939393939381,337876258.2,2061442305.3,13095979.0,79592367.0,2,1,-0.07020930232558131,0.0227697674418601,0.0,-0.07020930232558131,2.0
2465 麗臺,2021-06-08,2021-06-21,2021-06-07,2021-06-18,0.0625,8,3486,3494,0.41519018520799955,電腦及週邊設備業,2465 麗臺,62.5,88.8,18.191295045628753,0.0,-0.03583061889250805,143385937.5,709381908.0,2294175.0,7988535.0,2,1,0.0,0.5320719199999995,0.03150980000000003,-0.006711409395973145,9.0
2028 威致,2021-06-09,2021-06-22,2021-06-08,2021-06-21,0.058823529411764705,8,3487,3495,0.2847790790366702,鋼鐵工業,2028 威致,42.95,55.4,24.720000000000002,0.004678362573099504,0.06743737957610785,160189240.60000002,1097922629.2,3729668.0,19818098.0,2,0,-0.04120069848661223,0.3264941792782301,0.0,-0.04120069848661223,6.0
2038 海光,2021-06-09,2021-06-22,2021-06-08,2021-06-21,0.058823529411764705,8,3487,3495,0.2852279362903225,鋼鐵工業,2038 海光,43.4,56.0,52.89840039001552,0.005793742757821629,0.05860113421550106,304593221.8,2034055072.0,7018277.0,36322412.0,2,0,-0.054596745391705115,0.33807379032258056,0.0,-0.054596745391705115,6.0
5475 德宏,2021-06-02,2021-06-22,2021-06-01,2021-06-21,0.16666666666666666,13,3482,3495,0.4376003204896912,電子零組件業,5475 德宏,24.25,35.0,14.60295198988309,0.02754237288135597,0.03550295857988184,86350903.5,547865605.0,3560862.0,15653303.0,2,0,-0.0004749999999998922,0.3931523711340208,0.17882123711340192,-0.15209790209790186,13.0
8905 裕國,2021-06-10,2021-06-23,2021-06-09,2021-06-22,0.05555555555555555,8,3488,3496,0.23894845665460518,其他,8905 裕國,28.5,35.45,52.726504534672515,-0.023972602739726012,0.009971509971509862,97301080.5,632064850.2,3414073.0,17829756.0,3,1,-0.130237894736842,0.23099394736842127,0.0,-0.130237894736842,4.0
3530 晶相光,2021-06-11,2021-06-24,2021-06-10,2021-06-23,0.05263157894736842,8,3489,3497,0.08393856097426466,半導體業,3530 晶相光,170.0,185.0,177.33861774136085,0.021021021021021102,0.03064066852367686,496337610.0,3565541815.0,2919633.0,19273199.0,2,0,-0.03869213235294122,0.08183882352941185,0.08183882352941185,-0.11141304347826098,3.0
6485 點序,2021-06-18,2021-06-30,2021-06-17,2021-06-29,0.1111111111111111,8,3493,3501,0.018434833785112126,半導體業,6485 點序,133.5,136.5,214.77206122679593,0.011363636363636243,0.0073800738007381295,153251992.5,785941338.0,1147955.0,5757812.0,3,0,-0.04539747191011223,0.09311348314606738,0.0,-0.10616438356164393,4.0
2603 長榮,2021-06-22,2021-07-02,2021-06-21,2021-07-01,0.125,8,3495,3503,0.33854259673895903,航運業,2603 長榮,158.5,213.0,236.90736344335417,0.04276315789473695,0.0,23279149392.5,116451485883.0,146871605.0,546720591.0,2,1,-0.1265980283911673,0.3432102523659306,0.0,-0.1265980283911673,6.0
3169 亞信,2021-06-22,2021-07-02,2021-06-21,2021-07-01,0.125,8,3495,3503,0.09091371258928582,半導體業,3169 亞信,168.0,184.0,282.15030914561527,0.02752293577981657,-0.0027100271002710175,278385240.0,1161868184.0,1657055.0,6314501.0,2,0,-0.024273214285714162,0.1304151785714287,0.0,-0.05263157894736836,8.0
5608 四維航,2021-06-22,2021-07-02,2021-06-21,2021-07-01,0.125,8,3495,3503,0.030153276324001332,航運業,5608 四維航,70.1,72.5,111.14278313920634,0.09874608150470232,0.050724637681159424,2174751836.3999996,667158412.5,31023564.0,9202185.0,3,2,-0.1587450071326676,0.0,0.0,-0.1587450071326676,0.0
3339 泰谷,2021-06-18,2021-07-05,2021-06-17,2021-07-02,0.1111111111111111,11,3493,3504,0.06392257341160246,光電業,3339 泰谷,27.15,29.0,5.215725806451613,-0.005494505494505586,-0.013605442176870763,49226778.15,70822698.0,1813141.0,2442162.0,3,0,-0.004156491712707044,0.18544033149171302,0.10444751381215478,-0.13819875776397517,11.0
8040 九暘,2021-06-23,2021-07-05,2021-06-22,2021-07-02,0.125,8,3496,3504,0.1222084134434831,半導體業,8040 九暘,67.9,76.5,61.285601284265404,0.01646706586826352,-0.00649350649350644,176864086.70000002,511481983.5,2604773.0,6686039.0,2,0,-0.006363217967599533,0.17322743004418273,0.0,-0.03387703889585958,7.0
2609 陽明,2021-06-24,2021-07-06,2021-06-23,2021-07-05,0.11111111111111112,8,3497,3505,0.5053111411701132,航運業,2609 陽明,133.0,201.0,110.74377928673273,-0.04659498207885304,0.02030456852791862,10825910592.0,85037565666.0,81397824.0,423072466.0,2,1,0.0,0.6270463345864665,0.11976860902255648,-0.025510204081632626,9.0
2614 東森,2021-06-21,2021-07-06,2021-06-18,2021-07-05,0.125,11,3494,3505,0.4261995303742341,其他,2614 東森,32.65,46.75,30.616345176514102,0.038155802861685295,0.03888888888888897,914548375.5,3198255016.0,28010670.0,68411872.0,3,0,0.0,0.4969915007656964,0.05769031393568125,-0.09933774834437081,12.0
8406 金可-KY,2021-06-25,2021-07-07,2021-06-24,2021-07-06,0.09999999999999999,8,3498,3506,-0.002093504587988626,化學生技醫療,8406 金可-KY,268.5,269.0,328.065568847306,0.013207547169811207,-0.014652014652014711,186248515.5,865864732.0,693663.0,3218828.0,2,0,-0.03583994413407798,0.11120377094972089,0.00883156424581033,-0.0454545454545453,4.0
1905 華紙,2021-06-28,2021-07-08,2021-06-25,2021-07-07,0.06666666666666667,8,3499,3507,0.17297023865786,造紙工業,1905 華紙,28.15,33.15,43.6038392016643,0.0035650623885916666,0.015313935681470214,266967478.04999998,2536527245.85,9483747.0,76516659.0,2,1,-0.02177926287744214,0.15930697158081752,0.0,-0.06584992343032159,7.0
2641 正德,2021-06-28,2021-07-08,2021-06-25,2021-07-07,0.06666666666666667,8,3499,3507,0.1898940377226792,航運業,2641 正德,33.4,39.9,30.469969317187413,0.012121212121211977,0.061170212765957466,243584229.39999998,2794846173.0,7292941.0,70046270.0,2,0,-0.0034675898203596622,0.2374358907185623,0.1326952470059879,-0.12021136063408211,8.0
3687 歐買尬,2021-06-28,2021-07-08,2021-06-25,2021-07-07,0.06666666666666667,8,3499,3507,0.14032927108300774,數位雲端,3687 歐買尬,128.0,146.0,167.77367143604096,0.011857707509881577,0.03180212014134276,266356224.0,674770390.0,2080908.0,4621715.0,2,0,-0.01609257812499998,0.1791271484375001,0.0,-0.13588422859946026,7.0
6640 均華,2021-06-28,2021-07-08,2021-06-25,2021-07-07,0.06666666666666667,8,3499,3507,0.15229504680147032,半導體業,6640 均華,153.0,177.0,159.60106557170565,0.05154639175257736,-0.013927576601671321,18759636.0,100010133.0,122612.0,565029.0,2,1,-0.10500049019607838,0.19877671568627453,0.0,-0.10500049019607838,4.0
8429 金麗-KY,2021-06-28,2021-07-08,2021-06-25,2021-07-07,0.06666666666666667,8,3499,3507,-0.003948349374999993,貿易百貨,8429 金麗-KY,18.0,18.0,30.785074366284146,0.011235955056179803,-0.039999999999999925,47190096.0,195323022.0,2621672.0,10851279.0,2,0,-0.06710999999999989,0.10225395833333328,0.0,-0.14861460957178851,3.0
1455 集盛,2021-06-29,2021-07-09,2021-06-28,2021-07-08,0.05882352941176471,8,3500,3508,0.03403667119968201,紡織纖維,1455 集盛,23.6,24.5,34.15799881210578,0.010706638115631772,-0.031620553359683834,118739081.2,632313174.5,5031317.0,25808701.0,2,0,-0.0449453919491527,0.07152468220338992,0.0,-0.059288537549407216,5.0
6465 威潤,2021-06-29,2021-07-09,2021-06-28,2021-07-08,0.05882352941176471,8,3500,3508,0.11700077962946454,通信網路業,6465 威潤,21.0,23.55,33.97801572908874,0.007194244604316502,0.037444933920705026,4017300.0,42316453.35,191300.0,1796877.0,2,0,-0.024273214285714162,0.18753089285714286,0.0,-0.054166666666666696,8.0
6756 威鋒電子,2021-06-24,2021-07-09,2021-06-23,2021-07-08,0.11111111111111112,11,3497,3508,0.08660180068181811,半導體業,6756 威鋒電子,396.0,432.0,397.6089030206677,0.01538461538461533,-0.03139013452914807,338084208.0,1592843184.0,853748.0,3687137.0,3,0,-0.03454971590909073,0.21154545454545448,0.0,-0.07333333333333347,9.0
2605 新興,2021-06-30,2021-07-12,2021-06-29,2021-07-09,0.05882352941176471,8,3501,3509,0.03390161334874975,航運業,2605 新興,50.0,51.9,159.1509550230299,-0.036608863198458574,0.05918367346938758,2024120000.0,3602080211.7,40482400.0,69404243.0,3,0,-0.07344032499999997,0.12946325000000014,0.12946325000000014,-0.17964601769911515,4.0
2601 益航,2021-07-01,2021-07-13,2021-06-30,2021-07-12,0.05,8,3502,3510,-0.14788644917630056,航運業,2601 益航,25.95,22.2,36.3529222070947,0.0,0.011389521640090994,1376841631.95,1812698309.3999999,53057481.0,81653077.0,3,0,-0.23735664739884388,0.0,0.0,-0.23735664739884388,0.0
2613 中櫃,2021-07-01,2021-07-13,2021-06-30,2021-07-12,0.05,8,3502,3510,-0.13169846087800596,航運業,2613 中櫃,49.9,43.5,62.197147865335694,0.0,-0.009111617312072995,224815468.0,217629847.5,4505320.0,5002985.0,2,0,-0.20779130761523046,0.0,0.0,-0.20779130761523046,0.0
6741 91APP*-KY,2021-07-01,2021-07-13,2021-06-30,2021-07-12,0.05,8,3502,3510,0.16362637801002355,數位雲端,6741 91APP*-KY,318.0,371.5,304.0,0.03583061889250816,-0.01719576719576721,390134166.0,1633746293.0,1226837.0,4397702.0,2,1,-0.05548030660377368,0.18811462264150935,0.0,-0.0992063492063493,6.0
2612 中航,2021-07-02,2021-07-14,2021-07-01,2021-07-13,0.05555555555555556,8,3503,3511,-0.2622991023310707,航運業,2612 中航,89.0,64.5,153.51672810728013,0.011363636363636465,0.014150943396226356,341626767.0,1306346299.5,3838503.0,20253431.0,2,0,-0.27005604799556115,0.0,0.0,-0.27005604799556115,0.0
2022 聚亨,2021-07-05,2021-07-15,2021-07-02,2021-07-14,0.05263157894736842,8,3504,3512,-0.09833227594632032,鋼鐵工業,2022 聚亨,24.8,22.45,11.967544976851855,0.02268041237113394,0.020454545454545503,516736371.2,894732716.8,20836144.0,39854464.0,2,0,-0.11332459677419338,0.055949798387096905,0.055949798387096905,-0.16030534351145032,3.0
2607 榮運,2021-07-05,2021-07-15,2021-07-02,2021-07-14,0.05263157894736842,8,3504,3512,-0.18534488771128665,航運業,2607 榮運,45.85,37.5,64.20471692219206,-0.0010893246187363426,0.03305785123966953,1144342869.25,848720100.0,24958405.0,22632536.0,2,0,-0.20866395856052344,0.0,0.0,-0.20866395856052344,0.0
2611 志信,2021-07-05,2021-07-15,2021-07-02,2021-07-14,0.05263157894736842,8,3504,3512,-0.23846177597784812,航運業,2611 志信,39.5,30.2,71.17892482999876,-0.03304773561811525,0.006666666666666599,347555918.0,352632716.0,8798884.0,11676580.0,3,0,-0.24086708860759487,0.0,0.0,-0.24086708860759487,0.0
2007 燁興,2021-07-06,2021-07-16,2021-07-05,2021-07-15,0.04347826086956522,8,3505,3513,0.042328386605364976,鋼鐵工業,2007 燁興,22.6,23.65,10.058043088959124,-0.00877192982456132,0.0,178113538.0,713420886.1999999,7881130.0,30165788.0,3,0,-0.04912444690265494,0.12999397123893797,0.12999397123893797,-0.15851272015655582,6.0
2030 彰源,2021-07-06,2021-07-16,2021-07-05,2021-07-15,0.04347826086956522,8,3505,3513,0.034259981138393236,鋼鐵工業,2030 彰源,37.8,39.25,90.9501077782898,0.013404825737265202,0.0,342432732.59999996,2282993559.25,9059067.0,58165441.0,2,0,-0.05600416666666619,0.16479037698412746,0.16479037698412746,-0.18955732122587965,7.0
2033 佳大,2021-07-06,2021-07-16,2021-07-05,2021-07-15,0.04347826086956522,8,3505,3513,-0.07303863727962434,鋼鐵工業,2033 佳大,25.95,24.15,40.68645945164576,0.021653543307086576,0.045454545454545414,27213090.3,80908682.39999999,1048674.0,3350256.0,2,0,-0.19113583815028934,0.0,0.0,-0.19113583815028934,0.0
2064 晉椿,2021-07-06,2021-07-16,2021-07-05,2021-07-15,0.04347826086956522,8,3505,3513,-0.0852586882015306,鋼鐵工業,2064 晉椿,22.05,20.25,32.38633440749235,0.027972027972027913,-0.02877697841726612,5375569.5,5696325.0,243790.0,281300.0,2,0,-0.11606632653061222,0.0,0.0,-0.11606632653061222,0.0
3609 三一東林,2021-07-06,2021-07-16,2021-07-05,2021-07-15,0.04347826086956522,8,3505,3513,0.03912415443581119,電子零組件業,3609 三一東林,55.5,57.9,60.06145161397018,0.03738317757009346,-0.0017241379310344307,18929607.0,35106275.4,341074.0,606326.0,3,0,-0.03289202702702698,0.04634959459459487,0.0,-0.03289202702702698,5.0
6170 統振,2021-07-06,2021-07-16,2021-07-05,2021-07-15,0.04347826086956522,8,3505,3513,0.2342964373285472,通信網路業,6170 統振,37.0,45.85,57.77205187387676,-0.03394255874673624,-0.0275715800636267,194948264.0,440084255.8,5268872.0,9598348.0,3,0,-0.051801959459459535,0.2737190202702702,0.0,-0.07423117709437954,7.0
2024 志聯,2021-07-07,2021-07-19,2021-07-06,2021-07-16,0.04166666666666667,8,3506,3514,-0.04225802824519265,鋼鐵工業,2024 志聯,28.6,27.5,40.9209247976601,-0.020547945205479312,0.029962546816479474,41108524.6,57594322.5,1437361.0,2094339.0,2,0,-0.1420161276223778,0.02573631993006975,0.004767263986013681,-0.1460869565217391,2.0
3141 晶宏,2021-07-07,2021-07-19,2021-07-06,2021-07-16,0.04166666666666667,8,3506,3514,0.05044354963523889,半導體業,3141 晶宏,146.5,154.5,98.12343331367988,0.010344827586206806,-0.00961538461538447,369649679.0,1365407500.5,2523206.0,8837589.0,2,0,-0.05846791808873697,0.09504274744027308,0.09504274744027308,-0.14018691588785026,5.0
2023 燁輝,2021-07-08,2021-07-20,2021-07-07,2021-07-19,0.045454545454545456,8,3507,3515,0.1292363663557965,鋼鐵工業,2023 燁輝,35.15,39.85,75.21168929308975,0.027777777777777457,-0.020884520884520863,1156814092.75,5773129952.45,32910785.0,144871517.0,2,0,-0.0417071834992887,0.15734473684210526,0.09478556187766718,-0.1246753246753246,8.0
2032 新鋼,2021-07-08,2021-07-20,2021-07-07,2021-07-19,0.045454545454545456,8,3507,3515,0.19633158053678357,鋼鐵工業,2032 新鋼,34.85,41.3,67.56179980516427,0.0,0.013496932515337567,183122635.75,1447447831.8999999,5254595.0,35047163.0,2,0,-0.029155774748923946,0.22957120683736632,0.18308195839311314,-0.17939393939393922,8.0
2069 運錩,2021-07-08,2021-07-20,2021-07-07,2021-07-19,0.045454545454545456,8,3507,3515,0.10713094009420976,鋼鐵工業,2069 運錩,40.8,45.35,57.27041559535992,0.035532994923857864,0.007777777777777883,350902195.2,2159331633.5,8600544.0,47614810.0,2,0,-0.13031525735294136,0.10486709558823537,0.04117187500000008,-0.16470588235294137,6.0
2603 長榮,2021-07-09,2021-07-21,2021-07-08,2021-07-20,0.047619047619047616,8,3508,3516,-0.04123370528074877,航運業,2603 長榮,187.0,180.0,288.61027338050314,-0.0987951807228914,0.06194690265486713,19984157237.0,115090554060.0,106867151.0,639391967.0,2,0,-0.20625955882352953,0.0,0.0,-0.20625955882352953,0.0
6509 聚和,2021-07-09,2021-07-21,2021-07-08,2021-07-20,0.047619047619047616,8,3508,3516,0.35463024485000005,化學工業,6509 聚和,50.0,68.0,75.99775182770327,0.0,0.02874432677760974,427209850.0,3434682584.0,8544197.0,50510038.0,2,0,0.0,0.35135779999999994,0.02951075000000003,-0.04593639575971731,9.0
4406 新昕纖,2021-07-12,2021-07-22,2021-07-09,2021-07-21,0.047619047619047616,8,3509,3517,-0.003948349374999882,紡織纖維,4406 新昕纖,12.7,12.7,13.170894784543131,0.0,0.028340080971659853,8942971.7,15624276.6,704171.0,1230258.0,2,0,-0.13426968503936987,0.02313582677165371,0.0,-0.1384615384615384,1.0
2486 一詮,2021-07-14,2021-07-26,2021-07-13,2021-07-23,0.05,8,3511,3519,0.1682570440532909,光電業,2486 一詮,50.9,59.7,88.49680096567445,0.018000000000000016,-0.04632587859424908,489857731.59999996,812586431.1,9623924.0,13611163.0,2,0,-0.004402406679764104,0.2665886542239686,0.0,-0.06976744186046524,8.0
5227 立凱-KY,2021-07-14,2021-07-26,2021-07-13,2021-07-23,0.05,8,3511,3519,0.09005652528237973,電子零組件業,5227 立凱-KY,24.9,27.25,7.48468030986241,-0.0216110019646365,-0.018018018018017945,43843222.8,73122922.5,1760772.0,2683410.0,2,0,-0.028574096385542203,0.1841762048192772,0.0,-0.13559322033898313,7.0
6573 虹揚-KY,2021-07-14,2021-07-26,2021-07-13,2021-07-23,0.05,8,3511,3519,0.025540021860608775,半導體業,6573 虹揚-KY,30.4,31.3,29.74281347170653,0.0,-0.02187500000000009,50615331.199999996,127905446.8,1664978.0,4086436.0,2,0,-0.07609695723684196,0.10802606907894785,0.0,-0.08011869436201802,7.0
3372 典範,2021-07-16,2021-07-28,2021-07-15,2021-07-27,0.07692307692307693,8,3513,3521,0.04271352975337894,半導體業,3372 典範,27.75,29.05,12.801038961038962,-0.008928571428571397,-0.03166666666666673,75147194.25,269771372.5,2708007.0,9286450.0,2,0,-0.0004750000000000032,0.1490035135135137,0.0,-0.12695924764890265,8.0
3675 德微,2021-07-16,2021-07-28,2021-07-15,2021-07-27,0.07692307692307693,8,3513,3521,-0.010333295853365843,半導體業,3675 德微,156.0,155.0,198.39371531467538,-0.04878048780487798,-0.0064102564102564985,121455828.0,454632515.0,778563.0,2933113.0,3,0,-0.010085817307692868,0.14048365384615358,0.14048365384615358,-0.13202247191011263,7.0
3035 智原,2021-07-19,2021-07-29,2021-07-16,2021-07-28,0.07692307692307693,8,3514,3522,-0.0002893222218794955,半導體業,3035 智原,109.0,108.5,203.0229864613815,0.0,0.03333333333333344,734654005.0,2189701538.5,6739945.0,20181581.0,2,0,-0.02916440005329446,0.11414942660550476,0.11414942660550476,-0.12863070539419075,7.0
6716 應廣,2021-07-19,2021-07-29,2021-07-16,2021-07-28,0.07692307692307693,8,3514,3522,-0.0427852256608372,半導體業,6716 應廣,218.0,209.5,231.62607449856733,0.01631701631701632,0.0,73166904.0,122513714.5,335628.0,584791.0,3,0,-0.03944730504587157,0.16229168577981645,0.16229168577981645,-0.17357001972386588,7.0
3228 金麗科,2021-07-20,2021-07-30,2021-07-19,2021-07-29,0.09090909090909091,8,3515,3523,-0.006189185484392623,半導體業,3228 金麗科,444.5,443.5,502.21257485029946,-0.004479283314669624,-0.03165938864628837,417334382.5,1121411481.5,938885.0,2528549.0,2,1,-0.05781557930258707,0.04899530371203609,0.04899530371203609,-0.10182207931404075,4.0
1742 台蠟,2021-07-23,2021-08-04,2021-07-22,2021-08-03,0.08333333333333333,8,3518,3526,-0.12630814266298507,化學工業,1742 台蠟,23.2,20.35,34.63755985147026,-0.021097046413502074,-0.009732360097323589,14199258.4,4472380.550000001,612037.0,219773.0,2,0,-0.11464488146551732,0.0,0.0,-0.11464488146551732,0.0
5340 建榮,2021-07-23,2021-08-04,2021-07-22,2021-08-03,0.08333333333333333,8,3518,3526,-0.09171923740037125,電子零組件業,5340 建榮,50.5,46.05,48.35,0.02020202020202011,0.0010869565217390686,60420725.0,140572782.6,1196450.0,3052612.0,2,0,-0.13605413366336627,0.0,0.0,-0.13605413366336627,0.0
6104 創惟,2021-07-23,2021-08-04,2021-07-22,2021-08-03,0.08333333333333333,8,3518,3526,0.12776095979855384,半導體業,6104 創惟,121.0,137.0,213.28754348290803,-0.016260162601626105,-0.007246376811594235,786123811.0,2411993230.0,6496891.0,17605790.0,3,0,-0.062429028925619745,0.1729962809917358,0.09452117768595047,-0.1433962264150943,7.0
6229 研通,2021-07-23,2021-08-04,2021-07-22,2021-08-03,0.08333333333333333,8,3518,3526,-0.03790465564630685,半導體業,6229 研通,52.8,51.0,95.34112593574645,0.0,0.00990099009900991,195103392.0,373259412.0,3695140.0,7318812.0,3,0,-0.11216434659090901,0.0,0.0,-0.11216434659090901,0.0
6727 亞泰金屬,2021-07-27,2021-08-06,2021-07-26,2021-08-05,0.1,8,3520,3528,-0.08313237180962363,電子零組件業,6727 亞泰金屬,119.5,110.0,110.5,0.0,-0.051724137931034475,160117452.5,188835900.0,1339895.0,1716690.0,2,0,-0.12593838912133903,0.06225669456066929,0.06225669456066929,-0.17716535433070868,3.0
4945 陞達科技,2021-07-28,2021-08-09,2021-07-27,2021-08-06,0.1,8,3521,3529,-0.08123896556867971,電子工業,4945 陞達科技,79.9,73.7,73.5,-0.013580246913580174,-0.02384105960264893,73414676.80000001,60688412.400000006,918832.0,823452.0,2,0,-0.11181132665832294,0.05206573842302853,0.05206573842302853,-0.1557669441141496,4.0
9962 有益,2021-07-28,2021-08-09,2021-07-27,2021-08-06,0.1,8,3521,3529,-0.12126109933749996,鋼鐵工業,9962 有益,22.5,19.85,45.32301989543013,0.0,-0.0614657210401891,40059022.5,267153031.35000002,1780401.0,13458591.0,2,0,-0.06266766666666657,0.07948700000000009,0.07948700000000009,-0.13168724279835387,5.0
6226 光鼎,2021-07-29,2021-08-10,2021-07-28,2021-08-09,0.11111111111111112,8,3522,3530,0.051731556560558944,光電業,6226 光鼎,16.1,17.0,18.436673561210934,0.006250000000000089,-0.03133903133903149,124317921.00000001,309740306.0,7721610.0,18220018.0,2,0,0.0,0.22922950310558998,0.0926484472049689,-0.17171717171717182,9.0
6568 宏觀,2021-08-02,2021-08-12,2021-07-30,2021-08-11,0.1111111111111111,8,3524,3532,0.09091371258928538,半導體業,6568 宏觀,210.0,230.0,260.4670594680249,0.01941747572815533,0.01098901098901095,166510050.0,188764680.0,792905.0,820716.0,2,0,0.0,0.2970026785714288,0.07805910714285713,-0.1651376146788993,9.0
3663 鑫科,2021-08-04,2021-08-16,2021-08-03,2021-08-13,0.14285714285714285,8,3526,3534,-0.15809920006696443,其他電子業,3663 鑫科,42.0,35.5,51.15582244619315,-0.015240328253223967,-0.053333333333333344,81823434.0,180135981.5,1948177.0,5074253.0,3,0,-0.10756696428571444,0.20894928571428562,0.20894928571428562,-0.26181102362204733,5.0
5475 德宏,2021-08-04,2021-08-16,2021-08-03,2021-08-13,0.14285714285714285,8,3526,3534,-0.14306170840083798,電子零組件業,5475 德宏,35.8,30.8,21.60553715462235,0.015602836879432536,-0.006451612903225823,106808655.6,210242494.0,2983482.0,6826055.0,2,0,-0.2112686801675976,0.059552339385474884,0.059552339385474884,-0.25559947299077723,3.0
1783 和康生,2021-08-06,2021-08-18,2021-08-05,2021-08-17,0.125,8,3528,3536,-0.026082830500000154,生技醫療業,1783 和康生,67.5,66.0,77.95900101269899,0.010479041916167775,-0.051724137931034364,159861262.5,279598572.0,2368315.0,4236342.0,2,0,-0.03453288888888906,0.10466022222222193,0.10466022222222193,-0.12600536193029488,6.0
3114 好德,2021-08-06,2021-08-23,2021-08-05,2021-08-20,0.125,11,3528,3539,-0.14864239326990514,電子零組件業,3114 好德,42.0,34.75,96.77883291125437,0.0,0.019061583577712593,129977442.0,340285830.5,3094701.0,9792398.0,3,0,-0.2452425841204252,0.0007149107142854216,0.0007149107142854216,-0.24578178280480734,1.0
1734 杏輝,2021-08-12,2021-08-24,2021-08-11,2021-08-23,0.14285714285714288,8,3532,3540,0.05931439059712851,生技醫療業,1734 杏輝,37.0,39.35,57.813448290352326,0.019283746556473913,-0.012547051442910906,223887555.0,275402268.45,6051015.0,6998787.0,2,0,-0.027489189189188967,0.07651543918918957,0.06435905405405418,-0.08629441624365475,6.0
4192 杏國,2021-08-12,2021-08-24,2021-08-11,2021-08-23,0.14285714285714288,8,3532,3540,0.09830790373098863,生技醫療業,4192 杏國,78.9,87.0,86.1,0.00766283524904221,-0.033333333333333326,173307006.0,96536505.0,2196540.0,1109615.0,3,0,-0.008075950570342272,0.17814733840304164,0.17814733840304164,-0.15806451612903216,8.0
8476 台境*,2021-08-12,2021-08-24,2021-08-11,2021-08-23,0.14285714285714288,8,3532,3540,0.20844501730238973,綠能環保,8476 台境*,40.8,49.5,46.24545867393278,0.0,0.010204081632652962,15106322.399999999,18019336.5,370253.0,364027.0,2,0,0.0,0.20040992647058853,0.004424632352941105,-0.032258064516129004,9.0
6727 亞泰金屬,2021-08-17,2021-08-27,2021-08-16,2021-08-26,0.16666666666666666,8,3535,3543,0.025124224183851185,電子零組件業,6727 亞泰金屬,78.8,81.1,75.0,0.016774193548387162,0.0,40219520.0,170916790.2,510400.0,2107482.0,2,0,-0.12478140862944165,0.028698953045684927,0.0,-0.12478140862944165,2.0
3527 聚積,2021-08-26,2021-09-10,2021-08-25,2021-09-09,0.2,11,3542,3553,0.05302140975758918,半導體業,3527 聚積,247.0,259.0,650.9101806421567,-0.06792452830188689,0.013698630136986356,426823657.0,1411137413.0,1728031.0,5448407.0,3,0,-0.0631982287449393,0.12401172603064281,0.01571163967611322,-0.16515426497277685,8.0
3675 德微,2021-08-31,2021-09-10,2021-08-30,2021-09-09,0.2,8,3545,3553,0.08116491244970336,半導體業,3675 德微,178.5,191.5,225.0528708100849,0.014204545454545414,0.005249343832020914,177094848.0,1027068120.0,992128.0,5363280.0,2,0,-0.0368722689075629,0.07926960454770149,0.05832058823529418,-0.08994708994708989,4.0
2013 中鋼構,2021-09-01,2021-09-13,2021-08-31,2021-09-10,0.2,8,3546,3554,-0.02054921021874967,鋼鐵工業,2013 中鋼構,72.0,70.8,141.19583704483884,-0.009628610729023435,0.005681818181818121,292074552.0,1477592035.2,4056591.0,20869944.0,3,0,-0.03379249999999989,0.07448937500000041,0.046724791666666876,-0.07692307692307698,6.0
6419 京晨科,2021-09-01,2021-09-13,2021-08-31,2021-09-10,0.2,8,3546,3554,-0.08963021179435515,光電業,6419 京晨科,41.85,38.25,22.553754266211605,0.008433734939758963,-0.10000000000000009,8524552.05,15160158.0,203693.0,396344.0,2,0,-0.08645564516129067,0.14163189964157685,0.14163189964157685,-0.1997907949790797,8.0
3207 耀勝,2021-09-03,2021-09-15,2021-09-02,2021-09-14,0.16666666666666666,8,3548,3556,-0.17412802837625652,電子零組件業,3207 耀勝,19.9,16.5,19.865337215437048,-0.0050000000000001155,0.0,23694074.299999997,28800717.0,1190657.0,1745498.0,3,0,-0.21645276381909573,0.0045477386934673625,0.0045477386934673625,-0.2200000000000003,1.0
5227 立凱-KY,2021-09-03,2021-09-15,2021-09-02,2021-09-14,0.16666666666666666,8,3548,3556,0.2765282887071301,電子零組件業,5227 立凱-KY,27.7,35.5,8.752745982194472,0.025925925925925908,0.030478955007256836,25146863.3,194252805.0,907829.0,5471910.0,2,0,0.0,0.2430915613718414,0.021175361010830507,-0.0420899854862119,9.0
4175 杏一,2021-09-06,2021-09-16,2021-09-03,2021-09-15,0.14285714285714285,8,3549,3557,-0.07571626306632095,生技醫療業,4175 杏一,91.6,85.0,124.93615706022871,-0.005428881650380024,-0.012775842044134622,71926060.39999999,34505580.0,785219.0,405948.0,2,0,-0.10522871179039306,0.0,0.0,-0.10522871179039306,0.0
6568 宏觀,2021-09-08,2021-09-22,2021-09-07,2021-09-17,0.125,8,3551,3559,0.017840280482422255,半導體業,6568 宏觀,320.0,327.0,430.8574233667242,0.0,-0.07627118644067798,93148480.0,437562624.0,291089.0,1338112.0,3,0,-0.055136523437500085,0.15570078125000042,0.0,-0.12432432432432439,6.0
3701 大眾控,2021-09-10,2021-09-24,2021-09-09,2021-09-23,0.125,8,3553,3561,0.13779746244471136,電腦及週邊設備業,3701 大眾控,26.0,29.7,2.3838387096774185,0.009708737864077444,0.04393673110720564,27563458.0,194907497.4,1060133.0,6562542.0,2,0,-0.004319326923077127,0.20135216346153828,0.0898666826923078,-0.08641975308642003,6.0
1727 中華化,2021-09-23,2021-10-05,2021-09-22,2021-10-04,0.2,8,3560,3568,-0.2142946606871119,化學工業,1727 中華化,32.2,25.4,79.89840189389531,-0.006172839506172645,-0.026819923371647625,137752115.20000002,588438167.8,4278016.0,23166857.0,2,0,-0.1898260093167703,0.002629114906832042,0.002629114906832042,-0.19195046439628471,1.0
3232 昱捷,2021-09-17,2021-10-05,2021-09-16,2021-10-04,0.2,10,3558,3568,0.06386152093986408,電子通路業,3232 昱捷,33.05,35.3,39.06639792223458,-0.0015105740181269312,-0.02216066481994483,44006471.599999994,268879641.09999996,1331512.0,7616987.0,3,0,0.0,0.20063971255673274,0.02523139183055978,-0.09999999999999987,11.0
3141 晶宏,2021-09-28,2021-10-08,2021-09-27,2021-10-07,0.20000000000000004,8,3563,3571,-0.0506279976881191,半導體業,3141 晶宏,170.0,161.5,109.88480374511411,0.002949852507374562,0.022151898734177333,348055620.0,3569614151.0,2047386.0,22102874.0,2,0,-0.19184202679091467,0.0,0.0,-0.19184202679091467,0.0
8121 越峰,2021-09-09,2021-10-08,2021-09-08,2021-10-07,0.1111111111111111,19,3552,3571,0.34204853978947325,電子零組件業,8121 越峰,28.5,38.4,53.783154855902104,-0.012131715771230511,0.011857707509881354,222039567.0,821947084.8,7790862.0,21404872.0,3,0,0.0,0.8868226315789471,0.11175236842105263,-0.29460966542750944,20.0
4141 龍燈-KY,2021-10-06,2021-10-21,2021-10-05,2021-10-20,0.2,10,3569,3579,0.3037209382624999,化學生技醫療,4141 龍燈-KY,22.5,29.45,28.777356209172783,0.015801354401806078,0.012027491408934665,122395095.0,309644014.59999996,5439782.0,10514228.0,2,0,0.0,0.31937300000000013,0.0817081666666668,-0.11784511784511809,11.0
5321 美而快,2021-10-01,2021-10-21,2021-09-30,2021-10-20,0.19999999999999998,13,3566,3579,-0.031837795592499774,數位雲端,5321 美而快,125.0,121.5,2.1619825092828058,-0.038461538461538436,0.03846153846153855,101585000.0,571556290.5,812680.0,4704167.0,3,0,-0.15640089999999995,0.0,0.0,-0.15640089999999995,0.0
4192 杏國,2021-10-13,2021-10-25,2021-10-12,2021-10-22,0.20000000000000004,8,3573,3581,-0.14347309420963084,生技醫療業,4192 杏國,128.5,110.5,130.0,0.00390625,-0.09795918367346934,56469453.5,1535397.5,439451.0,13895.0,2,0,-0.14048628404669306,0.05786303501945467,0.05786303501945467,-0.1875,6.0
2243 宏旭-KY,2021-10-21,2021-11-02,2021-10-20,2021-11-01,0.2,8,3579,3587,-0.05538763649647882,汽車工業,2243 宏旭-KY,21.3,20.2,20.35523978685613,-0.013888888888889062,0.010000000000000009,33541536.0,38420945.4,1574720.0,1902027.0,3,0,-0.15063838028168997,0.0,0.0,-0.15063838028168997,0.0
4743 合一,2021-10-22,2021-11-03,2021-10-21,2021-11-02,0.2,8,3580,3588,0.10896438834767208,生技醫療業,4743 合一,247.0,275.0,381.0055359280357,-0.03137254901960773,-0.009009009009009028,462724613.0,2508268400.0,1873379.0,9120976.0,3,0,-0.008568319838056504,0.12294812753036433,0.0764115384615387,-0.0990990990990992,8.0
1721 國慶科技,2021-10-20,2021-11-04,2021-10-19,2021-11-03,0.20000000000000004,11,3578,3589,-0.047005337154179094,化學工業,1721 國慶科技,17.35,16.6,11.451294972243591,-0.008571428571428452,0.024691358024691468,187410050.20000002,621971256.8000001,10801732.0,37468148.0,3,0,-0.089769740634006,0.025449279538904523,0.01392737752161377,-0.1022727272727274,2.0
8121 越峰,2021-10-25,2021-11-04,2021-10-22,2021-11-03,0.2,8,3581,3589,0.43799044269335186,電子零組件業,8121 越峰,36.85,53.2,68.7134943742598,-0.07874999999999999,0.0980392156862746,54767428.1,2066343594.0,1486226.0,38841045.0,2,0,0.0,0.4430048846675716,0.09852815468113985,-0.07263157894736838,9.0
3685 元創精密,2021-10-28,2021-11-09,2021-10-27,2021-11-08,0.14285714285714285,8,3584,3592,-0.024515787588495375,電機機械,3685 元創精密,33.9,33.2,46.651075904298324,0.027272727272727337,-0.024963289280469758,7440202.5,17209286.400000002,219475.0,518352.0,2,0,-0.06534092920353973,0.003947676991150395,0.0,-0.06534092920353973,1.0
3675 德微,2021-10-28,2021-11-11,2021-10-27,2021-11-10,0.14285714285714285,10,3584,3594,-0.02115461589251455,半導體業,3675 德微,260.5,256.0,326.18260841442213,-0.02616822429906529,0.013861386138613874,319367790.0,1312046592.0,1225980.0,5125182.0,3,0,-0.07529548944337827,0.14341055662188107,0.14341055662188107,-0.19127516778523512,5.0
5321 美而快,2021-11-01,2021-11-11,2021-10-29,2021-11-10,0.11111111111111112,8,3586,3594,0.11858181399553591,數位雲端,5321 美而快,126.0,141.5,2.2543749242094213,0.0,0.017985611510791477,77220738.0,643182873.0,612863.0,4545462.0,2,0,-0.0956678571428572,0.10265059523809517,0.0,-0.0956678571428572,5.0
2498 宏達電,2021-10-28,2021-11-12,2021-10-27,2021-11-11,0.14285714285714285,11,3584,3595,0.4698852666677138,通信網路業,2498 宏達電,59.7,88.1,223.21014662608448,-0.0050000000000000044,0.06529625151148721,1756876017.3000002,15792884585.199999,29428409.0,179260892.0,3,0,-0.0004750000000000032,0.5218898241206034,0.0,-0.07700892857142838,11.0
4968 立積,2021-11-02,2021-11-12,2021-11-01,2021-11-11,0.11111111111111112,8,3587,3595,-0.023542808075819655,半導體業,4968 立積,305.0,299.0,525.5214913231938,0.014975041597337757,0.015280135823429575,497994240.0,997275630.0,1632768.0,3335370.0,2,0,-0.06274049180327856,0.0,0.0,-0.06274049180327856,0.0
5227 立凱-KY,2021-11-04,2021-11-16,2021-11-03,2021-11-15,0.14285714285714285,8,3589,3597,0.09554747961169019,電子零組件業,5227 立凱-KY,45.55,50.1,13.763151809457739,0.0,-0.009881422924901129,141113808.9,352352949.3,3097998.0,7032993.0,2,1,-0.06849975301866085,0.11033951701426958,0.0,-0.06849975301866085,3.0
3491 昇達科,2021-11-05,2021-11-17,2021-11-04,2021-11-16,0.125,8,3590,3598,0.2715552986702128,通信網路業,3491 昇達科,141.0,180.0,477.0806241119383,0.003558718861210064,0.005586592178770999,549955977.0,1858762080.0,3900397.0,10326456.0,3,0,0.0,0.2759893617021276,0.024335904255319285,-0.050000000000000044,9.0
6441 廣錠,2021-11-08,2021-11-18,2021-11-05,2021-11-17,0.1111111111111111,8,3591,3599,0.15664693487432002,電腦及週邊設備業,6441 廣錠,55.2,64.1,71.54600174284519,0.01845018450184499,-0.021374045801526798,22998804.0,93661381.6,416645.0,1461176.0,2,0,-0.03668967391304356,0.18603057065217343,0.0,-0.05038167938931304,7.0
1611 中電,2021-11-09,2021-11-19,2021-11-08,2021-11-18,0.1,8,3592,3600,0.16566914185461923,電器電纜,1611 中電,13.8,16.15,24.324499282155923,0.0,0.018927444794952564,73875816.0,379419718.15,5353320.0,23493481.0,2,0,-0.03668967391304356,0.148005163043478,0.0,-0.050473186119873725,6.0
4192 杏國,2021-11-11,2021-11-23,2021-11-10,2021-11-22,0.1111111111111111,8,3594,3602,-0.18810208478125034,生技醫療業,4192 杏國,43.0,35.05,40.5,-0.021615472127417545,-0.026388888888889017,55617404.0,72728469.6,1293428.0,2074992.0,2,4,-0.2387338662790699,0.04601453488372087,0.04601453488372087,-0.27222222222222225,1.0
5351 鈺創,2021-11-09,2021-11-23,2021-11-08,2021-11-22,0.1,10,3592,3602,0.13578551528102523,半導體業,5351 鈺創,83.4,95.1,51.50549551722323,0.01090909090909098,-0.05841584158415847,2011035125.4,5570643409.2,24113131.0,58576692.0,3,0,-0.08676492805755398,0.2104559352517985,0.0,-0.09999999999999987,6.0
8476 台境*,2021-11-01,2021-11-23,2021-10-29,2021-11-22,0.11111111111111112,16,3586,3602,-0.06361200897982544,綠能環保,8476 台境*,60.1,56.5,71.62406404377394,-0.004966887417218513,-0.017391304347826098,49410253.4,46259657.5,822134.0,818755.0,3,0,-0.057020507487520966,0.1525304908485856,0.1525304908485856,-0.18181818181818188,10.0
8121 越峰,2021-11-15,2021-11-29,2021-11-12,2021-11-26,0.125,10,3596,3606,0.1423400139997304,電子零組件業,8121 越峰,46.3,53.1,83.3893394690091,0.026607538802660757,-0.014842300556586308,93938347.8,1488772771.2,2028906.0,28037152.0,2,0,0.0,0.2283579373650111,0.06105083693304536,-0.0527240773286467,11.0
1721 國慶科技,2021-11-16,2021-11-30,2021-11-15,2021-11-29,0.125,10,3597,3607,0.11793138846519002,化學工業,1721 國慶科技,23.7,26.6,15.114389329358975,-0.004201680672269004,0.05555555555555558,125785451.1,1132664415.4,5307403.0,42581369.0,2,0,-0.03421424050632915,0.16822120253164585,0.0,-0.04016064257028129,7.0
5344 立衛,2021-11-18,2021-11-30,2021-11-17,2021-11-29,0.11111111111111112,8,3599,3607,-0.16630841696771992,半導體業,5344 立衛,27.3,22.85,17.95894275343993,-0.00907441016333932,0.0,24055395.0,21411386.85,881150.0,937041.0,2,0,-0.16340123626373637,0.0,0.0,-0.16340123626373637,0.0
6118 建達,2021-11-18,2021-11-30,2021-11-17,2021-11-29,0.11111111111111112,8,3599,3607,-0.09132130118421056,電子通路業,6118 建達,28.5,26.0,34.86388132651035,-0.01041666666666663,0.02766798418972316,119055985.5,82293484.0,4177403.0,3165134.0,3,0,-0.11270236842105263,0.10999881578947379,0.10999881578947379,-0.20063191153238558,2.0
3228 金麗科,2021-11-19,2021-12-01,2021-11-18,2021-11-30,0.09999999999999999,8,3600,3608,-0.03670053131044493,半導體業,3228 金麗科,517.0,500.0,582.9880239520959,-0.009578544061302763,0.0,787423571.0,682071500.0,1523063.0,1364143.0,3,0,-0.09520754352030947,0.0,0.0,-0.09520754352030947,0.0
3419 譁裕,2021-11-19,2021-12-01,2021-11-18,2021-11-30,0.09999999999999999,8,3600,3608,0.05853459549815554,通信網路業,3419 譁裕,27.1,28.8,35.26244533562805,0.001848428835489857,-0.047933884297520546,178425316.0,814275763.2,6583960.0,28273464.0,3,0,0.0,0.1728743542435427,0.014278136531365115,-0.13207547169811318,9.0
3508 位速,2021-11-18,2021-12-02,2021-11-17,2021-12-01,0.11111111111111112,10,3599,3609,0.0178630006386864,其他電子業,3508 位速,54.8,56.0,89.64180299387101,-0.0036363636363636598,-0.008849557522123797,274965192.4,1321153456.0,5017613.0,23592026.0,3,0,-0.10991204379562036,0.030532162408759334,0.0031729014598540495,-0.11272727272727268,2.0
5468 凱鈺,2021-11-22,2021-12-02,2021-11-19,2021-12-01,0.08333333333333333,8,3601,3609,-0.06195135714231925,半導體業,5468 凱鈺,24.9,23.45,1.8011462654115267,0.03534303534303507,-0.022916666666666807,33048176.4,7880630.45,1327236.0,336061.0,2,0,-0.09681475903614445,0.06174442771084343,0.06174442771084343,-0.14933837429111518,4.0
8427 基勝-KY,2021-11-23,2021-12-03,2021-11-22,2021-12-02,0.1,8,3602,3610,-0.022641007697720927,其他,8427 基勝-KY,74.6,73.2,122.77399493503943,-0.0013386880856762762,0.0,4435343.0,1734840.0,59455.0,23700.0,2,0,-0.019232841823056068,0.0008648458445041918,0.0008648458445041918,-0.02008032128514048,1.0
1236 宏亞,2021-11-24,2021-12-06,2021-11-23,2021-12-03,0.07692307692307693,8,3603,3611,-0.008830955505514604,食品工業,1236 宏亞,20.4,20.3,51.762948281801634,0.0174563591022443,-0.033333333333333326,23806657.2,17546609.5,1166993.0,864365.0,2,0,-0.0396720588235292,0.06567003676470606,0.04607150735294119,-0.08196721311475386,6.0
6465 威潤,2021-11-24,2021-12-06,2021-11-23,2021-12-03,0.07692307692307693,8,3603,3611,0.03355429994573167,通信網路業,6465 威潤,22.5,30.55,38.95040827480904,0.0,,13753620.0,15132728.65,611272.0,495343.0,2,0,-0.01546336043360419,0.04394833333333348,0.04394833333333348,-0.05691056910569103,1.0
5236 凌陽創新,2021-11-25,2021-12-07,2021-11-24,2021-12-06,0.07142857142857144,8,3604,3612,-0.04379041540000006,半導體業,5236 凌陽創新,175.0,168.0,174.0,0.020408163265306145,0.012048192771084265,111161925.0,126763056.0,635211.0,754542.0,2,0,-0.08614857142857146,0.0,0.0,-0.08614857142857146,0.0
6523 達爾膚,2021-11-22,2021-12-07,2021-11-19,2021-12-06,0.08333333333333333,11,3601,3612,0.008551197155498569,生技醫療業,6523 達爾膚,143.0,140.0,200.1521480949434,0.010600706713780772,-0.04436860068259374,162963658.0,138987380.0,1139606.0,992767.0,3,0,-0.049402797202797166,0.0590570115672,0.0,-0.09897610921501698,7.0
3444 利機,2021-11-26,2021-12-08,2021-11-25,2021-12-07,0.058823529411764705,8,3605,3613,-0.015348082143240682,電子通路業,3444 利機,69.9,69.1,171.86026970943772,-0.011315417256011151,0.05335365853658547,162238389.3,343558773.7,2321007.0,4971907.0,3,0,-0.06625203862660956,0.1325090128755364,0.1325090128755364,-0.1755050505050505,6.0
8450 霹靂,2021-11-26,2021-12-08,2021-11-25,2021-12-07,0.058823529411764705,8,3605,3613,-0.08258400600328952,文化創意業,8450 霹靂,38.0,35.0,48.13783118662742,0.051175656984785656,0.04011887072808329,70143592.0,87265220.0,1845884.0,2493292.0,2,0,-0.11489430921052635,0.04555575657894728,0.04555575657894728,-0.1534591194968553,2.0
3046 建碁,2021-11-29,2021-12-09,2021-11-26,2021-12-08,0.05555555555555556,8,3606,3614,0.08544090132211579,電腦及週邊設備業,3046 建碁,39.0,42.5,9.053828234620957,-0.025000000000000133,-0.019607843137254832,60208044.0,105057620.0,1543796.0,2471944.0,3,0,-0.037636826923077016,0.11101048076923092,0.0,-0.08304498269896188,7.0
5321 美而快,2021-11-29,2021-12-09,2021-11-26,2021-12-08,0.05555555555555556,8,3606,3614,0.11024865515525484,數位雲端,5321 美而快,94.2,105.0,1.8478482985323126,-0.02786377708978327,0.02941176470588247,17770641.6,150172995.0,188648.0,1430219.0,2,0,0.0,0.18839490445859863,0.06106687898089169,-0.04554455445544536,9.0
6446 藥華藥,2021-11-24,2021-12-09,2021-11-23,2021-12-08,0.07692307692307693,11,3603,3614,0.6410359161936479,生技醫療業,6446 藥華藥,183.0,301.5,190.0,0.005494505494505475,0.011744966442952975,535642098.0,573490386.0,2927006.0,1902124.0,7,7,0.0,0.7887674180327873,0.03775819672131142,0.0,12.0
3016 嘉晶,2021-11-26,2021-12-10,2021-11-25,2021-12-09,0.058823529411764705,10,3605,3615,-0.003948349375000104,半導體業,3016 嘉晶,141.5,141.5,186.73513184151778,-0.0308219178082193,-0.007017543859649145,785794921.5,2646433040.5,5553321.0,18702707.0,2,0,-0.03226201413427565,0.08075848056537116,0.08075848056537116,-0.104575163398693,9.0
3672 康聯訊,2021-12-01,2021-12-13,2021-11-30,2021-12-10,0.07142857142857144,8,3608,3616,0.10746982717739284,通信網路業,3672 康聯訊,37.1,41.25,55.24996964804263,-0.0026881720430107503,-0.017857142857142905,46123833.0,134215166.25,1243230.0,3253701.0,3,0,-0.05974602425876008,0.24469150943396278,0.023772237196765467,-0.08157894736842097,6.0
8121 越峰,2021-12-03,2021-12-15,2021-12-02,2021-12-14,0.07692307692307693,8,3610,3618,-0.022058379386363236,電子零組件業,8121 越峰,55.0,54.0,93.14495904066327,0.01851851851851838,-0.0357142857142857,42974085.0,76509792.0,781347.0,1416848.0,2,2,-0.004109636363636038,0.10129481818181851,0.10129481818181851,-0.09570957095709565,7.0
2497 怡利電,2021-12-03,2021-12-17,2021-12-02,2021-12-16,0.07692307692307693,10,3610,3620,0.17528218362831827,汽車工業,2497 怡利電,67.8,80.0,95.82625409376936,0.030395136778115672,-0.012345679012345623,296876944.8,1866922320.0,4378716.0,23336529.0,2,0,0.0,0.34154535398230035,0.0408033185840706,-0.12087912087912067,11.0
8406 金可-KY,2021-12-07,2021-12-17,2021-12-06,2021-12-16,0.09999999999999999,8,3612,3620,-0.0058171141979361796,化學生技醫療,8406 金可-KY,266.5,266.0,346.20614032667055,0.001879699248120259,0.0037735849056603765,227505720.0,251771926.0,853680.0,946511.0,3,0,-0.006100844277673434,0.003275562851782432,0.003275562851782432,-0.009345794392523366,5.0
3294 英濟,2021-12-08,2021-12-20,2021-12-07,2021-12-17,0.1111111111111111,8,3613,3621,-0.08314922186405027,電子零組件業,3294 英濟,37.1,34.15,57.94248977213756,0.02063273727647874,0.014858841010401136,284306723.40000004,241749352.6,7663254.0,7079044.0,3,0,-0.1526937668463615,0.03589585579514809,0.03589585579514809,-0.1820546163849156,1.0
3066 李洲,2021-12-09,2021-12-21,2021-12-08,2021-12-20,0.14285714285714288,8,3614,3622,-0.030246742790841274,光電業,3066 李洲,30.3,29.5,16.97194029850746,0.009999999999999787,-0.048387096774193505,13694448.6,34035153.0,451962.0,1153734.0,2,0,-0.0054231435643561365,0.12982611386138632,0.12982611386138632,-0.11970802919708012,8.0
5344 立衛,2021-12-13,2021-12-23,2021-12-10,2021-12-22,0.09999999999999999,8,3616,3624,-0.011681669643827997,半導體業,5344 立衛,32.2,31.95,22.353520267287465,0.006250000000000089,0.019138755980861122,14865677.400000002,58436134.65,461667.0,1828987.0,2,0,-0.05324495341614943,0.06936758540372634,0.002629114906832042,-0.05572755417956665,2.0
6235 華孚,2021-12-13,2021-12-23,2021-12-10,2021-12-22,0.09999999999999999,8,3616,3624,0.15364507614631373,電腦及週邊設備業,6235 華孚,32.55,37.7,22.864580732943587,0.0030816640986131016,0.04432132963988922,444151780.79999995,959426998.4000001,13645216.0,25448992.0,2,0,-0.04653605990783394,0.10853617511520786,0.057869009216590106,-0.09869375907111766,5.0
4944 兆遠,2021-12-15,2021-12-27,2021-12-14,2021-12-24,0.09999999999999999,8,3618,3626,-0.007418912617595863,其他,4944 兆遠,28.7,28.6,9.999367788585248,-0.013745704467354125,-0.07741935483870954,12649898.1,12405822.0,440763.0,433770.0,6,4,-0.09450696864111496,0.07962630662020898,0.0,-0.09450696864111496,3.0
5245 智晶,2021-12-10,2021-12-27,2021-12-09,2021-12-24,0.14285714285714285,11,3615,3626,0.09587382040441139,光電業,5245 智晶,91.8,101.0,131.68908913349404,0.011013215859030812,-0.014634146341463317,220128964.2,331179404.0,2397919.0,3279004.0,3,0,0.0,0.1704677287581693,0.01585710784313732,-0.1413953488372095,12.0
6134 萬旭,2021-12-13,2021-12-28,2021-12-10,2021-12-27,0.09999999999999999,11,3616,3627,-0.04365804973214282,電子零組件業,6134 萬旭,30.1,28.9,38.29843099566962,0.01861252115059231,0.01760563380281699,262483287.5,275863765.09999996,8720375.0,9545459.0,3,0,-0.11005747508305641,0.0725799833887042,0.0725799833887042,-0.1702786377708977,2.0
6446 藥華藥,2021-12-13,2021-12-28,2021-12-10,2021-12-27,0.09999999999999999,11,3616,3627,-0.26990309049181616,生技醫療業,6446 藥華藥,389.5,285.5,396.0,0.08194444444444438,0.019642857142857073,1147403511.5,580945392.5,2945837.0,2034835.0,7,6,-0.2814711168164312,0.016205134788189968,0.016205134788189968,-0.2929292929292928,1.0
8068 全達,2021-12-16,2021-12-28,2021-12-15,2021-12-27,0.08333333333333333,8,3619,3627,0.18214194556703633,電子通路業,8068 全達,37.2,44.15,38.5,-0.0013422818791946067,-0.04021739130434787,22880827.200000003,41406739.75,615076.0,937865.0,2,0,0.0,0.28702278225806466,0.03445463709677421,-0.13152400835073064,9.0
8121 越峰,2021-12-16,2021-12-28,2021-12-15,2021-12-27,0.08333333333333333,8,3619,3627,0.005025088918918952,電子零組件業,8121 越峰,55.5,56.0,88.22473351756813,0.01277372262773735,0.03703703703703698,90228292.5,1008514360.0,1625735.0,18009185.0,2,0,-0.0887213513513514,0.008529729729729763,0.0,-0.0887213513513514,1.0
6514 芮特-KY,2021-12-17,2021-12-29,2021-12-16,2021-12-28,0.08333333333333334,8,3620,3628,-0.09870036254350367,其他,6514 芮特-KY,86.2,78.0,158.54288424367516,-0.018223234624145768,-0.031055900621118182,127569017.8,132483858.0,1479919.0,1698511.0,3,0,-0.06656888051044074,0.04822575406032481,0.04822575406032481,-0.1095132743362831,2.0
1236 宏亞,2021-12-20,2021-12-30,2021-12-17,2021-12-29,0.07692307692307691,8,3621,3629,-0.03212285529950076,食品工業,1236 宏亞,30.05,29.2,65.70378915394961,-0.0016611295681062677,0.0017152658662091813,18254413.400000002,40522533.6,607468.0,1387758.0,2,0,-0.0985980865224626,0.06604912645590688,0.0,-0.0985980865224626,1.0
2405 輔信,2021-12-20,2021-12-30,2021-12-17,2021-12-29,0.07692307692307691,8,3621,3629,0.1191591580056175,電腦及週邊設備業,2405 輔信,17.8,20.0,23.168162042644024,-0.02732240437158473,-0.019607843137254832,197902464.8,596907080.0,11118116.0,29845354.0,2,0,-0.00609030898876417,0.14552303370786457,0.0,-0.020304568527918843,8.0
3508 位速,2021-12-21,2022-01-03,2021-12-20,2021-12-30,0.07142857142857142,8,3622,3630,0.11521120392062878,其他電子業,3508 位速,65.2,73.0,108.91060176825451,0.009287925696594534,0.03546099290780136,113381561.2,1838596834.0,1738981.0,25186258.0,2,0,-0.0035410276073619684,0.08384075920245393,0.0,-0.031117397454031193,8.0
6118 建達,2021-12-17,2022-01-03,2021-12-16,2021-12-30,0.08333333333333334,10,3620,3630,0.14263167337050953,電子通路業,6118 建達,43.15,49.5,49.90199915220584,-0.023755656108597423,0.05543710021321968,142658775.95,678293748.0,3306113.0,13702904.0,2,0,-0.05838490730011592,0.11187022016222481,0.0,-0.05838490730011592,7.0
8450 霹靂,2021-12-21,2022-01-03,2021-12-20,2021-12-30,0.07142857142857142,8,3622,3630,0.1819383124999996,文化創意業,8450 霹靂,46.35,55.0,57.76539742395291,0.030000000000000027,0.061776061776061875,19111495.5,221635040.0,412330.0,4029728.0,2,0,-0.01664854368932034,0.22703284789643985,0.028637378640776756,-0.04402515723270439,8.0
2406 國碩,2021-12-22,2022-01-06,2021-12-21,2022-01-05,0.0625,10,3623,3633,-0.05682340112984219,光電業,2406 國碩,34.85,33.0,17.171730776722367,0.013081395348837122,-0.0420899854862119,398090051.45,1307234610.0,11422957.0,39613170.0,2,0,-0.10946194404591114,0.03537596843615476,0.03537596843615476,-0.13988919667590016,5.0
4946 辣椒,2021-12-24,2022-01-06,2021-12-23,2022-01-05,0.06666666666666667,8,3625,3633,0.14218401758010146,文化創意業,4946 辣椒,59.3,68.0,33.55262229272613,0.0,-0.04225352112676062,31603401.299999997,97299364.0,532941.0,1430873.0,3,1,-0.07969536256323762,0.31640645025295133,0.0,-0.07969536256323762,5.0
3687 歐買尬,2021-12-22,2022-01-07,2021-12-21,2022-01-06,0.0625,11,3623,3634,0.0718666056594488,數位雲端,3687 歐買尬,190.5,205.0,253.929051800169,-0.005221932114882533,0.05128205128205132,378490924.5,281716740.0,1986829.0,1374228.0,3,0,-0.013592125984251857,0.12544940944881877,0.0,-0.039800995024875885,8.0
2939 永邑-KY,2021-12-29,2022-01-11,2021-12-28,2022-01-10,0.09090909090909091,8,3628,3636,-0.04148461615494581,貿易百貨,2939 永邑-KY,37.15,35.75,49.05337794533228,0.0026990553306343035,-0.006944444444444531,3120600.0,10206589.25,84000.0,285499.0,2,0,-0.12961954912516827,0.0,0.0,-0.12961954912516827,0.0
3491 昇達科,2021-12-27,2022-01-11,2021-12-24,2022-01-10,0.07142857142857144,10,3626,3636,-0.08965511931250025,通信網路業,3491 昇達科,215.0,196.5,709.8431431423303,0.018957345971563955,-0.029629629629629783,391997245.0,1101398809.5,1823243.0,5605083.0,2,1,-0.15156598837209312,0.0,0.0,-0.15156598837209312,0.0
6111 光聚晶電,2021-12-29,2022-01-11,2021-12-28,2022-01-10,0.09090909090909091,8,3628,3636,0.04261504079649381,文化創意業,6111 光聚晶電,98.4,103.0,65.9808663141641,0.007164790174002178,-0.023696682464455,124217601.60000001,950796502.0,1262374.0,9231034.0,2,1,-0.0350114329268294,0.11227629573170717,0.11227629573170717,-0.13242009132420096,7.0
5227 立凱-KY,2022-01-04,2022-01-14,2022-01-03,2022-01-13,0.1111111111111111,8,3631,3639,-0.0856756642980766,電子零組件業,5227 立凱-KY,97.5,89.5,19.939115006199877,0.03613177470775786,-0.025054466230936767,186722347.5,304679748.5,1915101.0,3404243.0,2,0,-0.14809715384615363,0.014902307692307604,0.014902307692307604,-0.1606060606060603,3.0
6158 禾昌,2022-01-04,2022-01-14,2022-01-03,2022-01-13,0.1111111111111111,8,3631,3639,-0.14318137580645152,電子零組件業,6158 禾昌,55.8,48.0,81.83340768697533,0.025735294117646967,-0.04761904761904767,112956107.39999999,202281216.0,2024303.0,4214192.0,2,0,-0.15810618279569877,0.0,0.0,-0.15810618279569877,0.0
8440 綠電,2022-01-04,2022-01-14,2022-01-03,2022-01-13,0.1111111111111111,8,3631,3639,-0.07384671082236827,綠能環保,8440 綠電,28.5,26.5,31.432439957395054,0.008849557522123908,-0.046762589928057596,22295407.5,61007505.0,782295.0,2302170.0,3,0,-0.12147013157894726,0.15383763157894736,0.15383763157894736,-0.2386018237082066,4.0
4755 三福化,2022-01-05,2022-01-19,2022-01-04,2022-01-18,0.1,10,3632,3642,-0.12485635320809263,化學工業,4755 三福化,173.0,152.0,243.8947741381368,0.011695906432748648,-0.0065359477124183885,223057896.0,598520976.0,1289352.0,3937638.0,2,0,-0.1478038294797689,0.0024138005780345306,0.0024138005780345306,-0.1498559077809798,1.0
2323 中環,2022-01-10,2022-01-20,2022-01-07,2022-01-19,0.11111111111111112,8,3635,3643,-0.03882953558365754,光電業,2323 中環,12.85,12.4,8.588011870793917,-0.01532567049808442,0.024793388429752206,245219120.0,2340941774.8,19083200.0,188785627.0,2,0,-0.08214824902723739,0.022860214007782265,0.022860214007782265,-0.10266159695817512,1.0
2359 所羅門,2022-01-10,2022-01-20,2022-01-07,2022-01-19,0.11111111111111112,8,3635,3643,-0.09397609471995194,其他電子業,2359 所羅門,26.0,23.65,29.544507994970846,0.013645224171540127,0.0021186440677964935,98968142.0,326914328.4,3806467.0,13823016.0,2,0,-0.09273884615384609,0.0072136538461538,0.0072136538461538,-0.09923664122137399,1.0
4946 辣椒,2022-01-13,2022-01-25,2022-01-12,2022-01-24,0.14285714285714285,8,3638,3646,-0.1997866296411135,文化創意業,4946 辣椒,76.8,61.7,45.4117387927414,-0.037593984962405846,-0.09927007299270074,44708505.6,37683953.7,582142.0,610761.0,2,0,-0.19699619140625024,0.02164990234374997,0.02164990234374997,-0.21401273885350336,2.0
8450 霹靂,2022-01-20,2022-02-10,2022-01-19,2022-02-09,0.2,8,3643,3651,0.08366730507812492,文化創意業,8450 霹靂,43.2,47.0,51.64977358766439,0.0,0.017316017316017174,8735990.4,303246773.0,202222.0,6452059.0,2,0,-0.11616076388888885,0.0689364583333334,0.0,-0.11616076388888885,2.0
8454 富邦媒,2022-02-10,2022-02-22,2022-02-09,2022-02-21,0.2,8,3651,3659,-0.02618164514787935,數位雲端,8454 富邦媒,1120.0,1095.0,1845.960116680187,0.022831050228310446,-0.017937219730941756,604784320.0,1274786955.0,539986.0,1164189.0,3,0,-0.10310479910714276,0.053070982142857215,0.053070982142857215,-0.14830508474576265,5.0
3219 倚強科,2022-02-11,2022-02-23,2022-02-10,2022-02-22,0.2,8,3652,3660,-0.012535001535560308,其他電子業,3219 倚強科,116.0,115.0,33.138098231680374,0.0043290043290042934,-0.021276595744680882,51176416.0,47436120.0,441176.0,412488.0,2,0,0.0,0.1761651939655171,0.042607974137930826,-0.13919413919413903,9.0
1529 樂事綠能,2022-02-10,2022-02-24,2022-02-09,2022-02-23,0.2,10,3651,3661,-0.007080587270047123,電機機械,1529 樂事綠能,31.8,31.7,3.8295917900548884,-0.01242236024844734,-0.04804804804804785,111412826.4,132705995.3,3503548.0,4186309.0,3,0,-0.057051886792452766,0.1001061320754717,0.1001061320754717,-0.1428571428571428,8.0
2497 怡利電,2022-02-16,2022-03-03,2022-02-15,2022-03-02,0.2,10,3655,3665,0.1630850035590281,汽車工業,2497 怡利電,97.2,113.5,139.80317523595247,0.03624733475479758,-0.02155172413793105,779927356.8000001,232908696.5,8023944.0,2052059.0,2,3,0.0,0.20827353395061698,0.059167438271604755,-0.08936170212765926,11.0
3066 李洲,2022-02-21,2022-03-04,2022-02-18,2022-03-03,0.16666666666666669,8,3658,3666,-0.12188772673641002,光電業,3066 李洲,46.45,40.95,24.524179104477607,0.0,-0.09999999999999998,45210528.2,16872464.700000003,973316.0,412026.0,3,0,-0.11882564585575872,0.0,0.0,-0.11882564585575872,0.0
8440 綠電,2022-02-18,2022-03-07,2022-02-17,2022-03-04,0.19999999999999998,10,3657,3667,-0.11139046904901706,綠能環保,8440 綠電,39.4,35.15,45.91381408062349,-0.015000000000000013,-0.05128205128205121,36145757.0,261233534.6,917405.0,7431964.0,2,0,-0.06009133883248785,0.041383280456852356,0.041383280456852356,-0.09744214372716209,7.0
2745 五福,2022-02-25,2022-03-10,2022-02-24,2022-03-09,0.2,8,3662,3670,-0.17165092320471942,觀光餐旅,2745 五福,39.2,32.6,41.52961811904398,-0.019999999999999796,0.03821656050955413,34402743.2,15332138.600000001,877621.0,470311.0,3,0,-0.19936007653061227,0.0020748086734692084,0.0020748086734692084,-0.20101781170483446,1.0
5321 美而快,2022-02-23,2022-03-10,2022-02-22,2022-03-09,0.2,10,3660,3670,-0.0005604185905614401,數位雲端,5321 美而快,147.0,147.5,2.66090154988653,0.006849315068492956,0.01724137931034475,179564910.0,250419452.5,1221530.0,1697759.0,2,0,-0.08206887755102044,0.0063244897959184865,0.0,-0.08206887755102044,1.0
2743 山富,2022-03-01,2022-03-15,2022-02-25,2022-03-14,0.16666666666666666,10,3663,3673,-0.03441269507230715,觀光餐旅,2743 山富,37.6,36.45,39.16111111111111,0.014844804318488558,0.021008403361344463,43449845.6,73747134.45,1155581.0,2023241.0,2,0,-0.13737802526595744,0.08193264627659569,0.08193264627659569,-0.20270270270270263,2.0
9955 佳龍,2022-03-02,2022-03-16,2022-03-01,2022-03-15,0.14285714285714288,10,3664,3674,-0.05778897913851333,綠能環保,9955 佳龍,25.9,24.5,31.937977555721645,0.042253521126760285,0.08167770419426068,74284592.89999999,151701011.0,2868131.0,6191878.0,2,0,-0.12589802123552118,0.0033841698841701184,0.0033841698841701184,-0.12884615384615394,1.0
2497 怡利電,2022-03-07,2022-03-17,2022-03-04,2022-03-16,0.2,8,3667,3675,-0.03213849043042449,汽車工業,2497 怡利電,106.0,103.0,139.80317523595247,-0.004694835680751019,0.06735751295336789,234204774.0,244998272.0,2209479.0,2378624.0,2,0,-0.09005507075471697,0.0,0.0,-0.09005507075471697,0.0
2024 志聯,2022-03-11,2022-03-23,2022-03-10,2022-03-22,0.2,8,3671,3679,0.0591412945225529,鋼鐵工業,2024 志聯,26.05,27.7,39.1979384903902,0.015594541910331605,0.022140221402213944,22323547.5,44273574.8,856950.0,1598324.0,2,0,-0.06570311900191939,0.06667159309021109,0.0014434740882915964,-0.06704980842911867,4.0
4804 大略-KY,2022-03-23,2022-04-06,2022-03-22,2022-04-01,0.2,8,3679,3687,0.20171413719129583,觀光餐旅,4804 大略-KY,12.35,14.9,17.591461165733318,0.0,-0.0033444816053510573,26516203.349999998,72732621.60000001,2147061.0,4881384.0,2,0,0.0,0.27065121457489894,0.007618319838056609,-0.06493506493506496,9.0
6446 藥華藥,2022-03-29,2022-04-12,2022-03-28,2022-04-11,0.2,8,3683,3691,0.08031997978109118,生技醫療業,6446 藥華藥,295.5,320.5,305.0,-0.0016891891891891442,-0.010802469135802517,235954977.0,206829226.5,798494.0,645333.0,6,4,0.0,0.09930837563451744,0.03165862944162434,-0.04307692307692301,9.0
5321 美而快,2022-03-30,2022-04-13,2022-03-29,2022-04-12,0.2,8,3684,3692,0.009885701328125052,數位雲端,5321 美而快,144.0,146.0,2.642423066901207,0.02857142857142847,0.013888888888889062,17769744.0,139117122.0,123401.0,952857.0,2,0,-0.021298437500000156,0.03770130208333322,0.03770130208333322,-0.05685618729096997,3.0
6241 鑫永洋,2022-03-30,2022-04-13,2022-03-29,2022-04-12,0.2,8,3684,3692,0.034668626384525725,通信網路業,6241 鑫永洋,37.4,38.85,9.038583960516222,-0.002666666666666706,0.002580645161290418,79435505.6,114421408.5,2123944.0,2945210.0,2,0,-0.10470354278074845,0.06901069518716607,0.0,-0.10470354278074845,2.0
3011 今皓,2022-03-31,2022-04-14,2022-03-30,2022-04-13,0.19999999999999998,8,3685,3693,0.16114308443024838,電子零組件業,3011 今皓,18.1,21.1,21.43446817443848,0.0,0.007159904534606243,35013726.0,140812685.70000002,1934460.0,6673587.0,2,0,-0.005997237569060898,0.2535479281767956,0.0,-0.09251101321585908,8.0
5603 陸海,2022-04-06,2022-04-18,2022-04-01,2022-04-15,0.19999999999999998,8,3687,3695,0.13214583655197987,航運業,5603 陸海,50.5,57.4,94.07183958702358,-0.0039447731755424265,0.028673835125448077,214609698.5,307463788.8,4249697.0,5356512.0,2,0,0.0,0.13609376237623727,0.0905708415841584,-0.07839721254355414,9.0
1453 大將,2022-04-14,2022-04-26,2022-04-13,2022-04-25,0.2,8,3693,3701,0.40855788977272733,建材營造,1453 大將,14.85,21.0,10.00633285039266,-0.003355704697986628,0.07692307692307687,26395073.099999998,204463896.0,1777446.0,9736376.0,2,1,-0.013936616161616122,0.44375833333333325,0.09375631313131305,-0.09846153846153838,8.0
5309 系統電,2022-04-18,2022-04-28,2022-04-15,2022-04-27,0.2,8,3695,3703,-0.029241075690749962,電子零組件業,5309 系統電,41.35,40.3,28.558023379383638,-0.010765550239234312,0.02284263959390853,110958217.85000001,147330029.6,2683391.0,3655832.0,2,0,-0.05002823458282968,0.017654232164449724,0.017654232164449724,-0.06650831353919251,2.0
4736 泰博,2022-04-18,2022-05-04,2022-04-15,2022-05-03,0.2,11,3695,3706,-0.017454134468219973,生技醫療業,4736 泰博,295.0,291.0,565.3671567564957,0.001697792869269854,0.03928571428571437,1834099370.0,4562797065.0,6217286.0,15679715.0,3,0,-0.1461684745762708,0.019854322033898475,0.019854322033898475,-0.16279069767441834,3.0
6598 ABC-KY,2022-04-21,2022-05-04,2022-04-20,2022-05-03,0.16666666666666669,8,3698,3706,-0.12270835387259582,生技醫療業,6598 ABC-KY,52.0,45.8,50.6,-0.03703703703703709,0.040909090909090784,113908496.0,450478357.59999996,2190548.0,9835772.0,2,0,-0.23594002403846126,0.0,0.0,-0.23594002403846126,0.0
4133 亞諾法,2022-04-15,2022-05-05,2022-04-14,2022-05-04,0.2,13,3694,3707,-0.22385585665584407,生技醫療業,4133 亞諾法,77.0,60.0,110.08311292135967,-0.014084507042253502,-0.019607843137255054,1090875324.0,1224514560.0,14167212.0,20408576.0,3,0,-0.22634168831168822,0.051448376623376646,0.051448376623376646,-0.2641975308641975,1.0
4148 全宇生技-KY,2022-04-20,2022-05-05,2022-04-19,2022-05-04,0.2,10,3697,3707,-0.07596543201195749,生技醫療業,4148 全宇生技-KY,89.9,83.4,101.50409986374663,0.007847533632286963,0.009685230024213398,74765784.5,134092938.60000001,831655.0,1607829.0,2,0,-0.16835962180200215,0.010643186874304877,0.010643186874304877,-0.17711771177117708,1.0
6578 達邦蛋白,2022-04-22,2022-05-05,2022-04-21,2022-05-04,0.14285714285714288,8,3699,3707,-0.20702684125000015,農業科技,6578 達邦蛋白,25.75,20.5,27.797933988410175,0.009803921568627416,0.01990049751243772,46700586.25,55613589.0,1813615.0,2712858.0,2,0,-0.21978825242718458,0.0,0.0,-0.21978825242718458,0.0
3434 哲固,2022-04-25,2022-05-06,2022-04-22,2022-05-05,0.0909090909090909,8,3700,3708,0.31660418459685813,光電業,3434 哲固,36.2,47.85,29.424411746848477,-0.012278308321964304,-0.020470829068577334,38504926.400000006,156465145.65,1063672.0,3269909.0,2,1,-0.08330856353591154,0.3488065262430944,0.0,-0.08330856353591154,8.0
6492 生華科,2022-04-25,2022-05-06,2022-04-22,2022-05-05,0.0909090909090909,8,3700,3708,-0.1936724733035713,生技醫療業,6492 生華科,105.0,85.0,96.5,-0.01869158878504673,-0.027459954233409634,209393835.0,98730135.0,1994227.0,1161531.0,2,0,-0.2079954285714285,0.0,0.0,-0.2079954285714285,0.0
8409 商之器,2022-04-25,2022-05-06,2022-04-22,2022-05-05,0.0909090909090909,8,3700,3708,-0.15907114742315576,生技醫療業,8409 商之器,30.5,25.75,29.4,0.0,-0.09965034965034969,12418288.5,46402298.25,407157.0,1802031.0,2,0,-0.15122303278688531,0.0,0.0,-0.15122303278688531,0.0
1760 寶齡富錦,2022-04-25,2022-05-10,2022-04-22,2022-05-09,0.0909090909090909,10,3700,3710,-0.16331661347499993,生技醫療業,1760 寶齡富錦,150.0,126.0,149.81690390241874,0.013513513513513598,-0.02325581395348819,776362800.0,1220729454.0,5175752.0,9688329.0,2,0,-0.22370225,0.00618849999999993,0.00618849999999993,-0.22847682119205293,1.0
4106 雃博,2022-04-27,2022-05-10,2022-04-26,2022-05-09,0.09090909090909091,8,3702,3710,-0.12335805018092105,生技醫療業,4106 雃博,34.2,30.1,75.99994706632116,-0.002915451895043497,-0.008237232289950547,112459586.4,125090994.7,3288292.0,4155847.0,2,0,-0.15829473684210527,0.060899342105263043,0.060899342105263043,-0.20661157024793375,4.0
8087 麗升能源,2022-04-29,2022-05-12,2022-04-28,2022-05-11,0.09090909090909091,8,3704,3712,0.13264101199762623,綠能環保,8087 麗升能源,47.4,53.9,52.27586371473392,0.006369426751592355,0.038535645472061786,71065398.0,99225480.2,1499270.0,1840918.0,3,0,-0.013127215189873476,0.14713417721518973,0.0,-0.12500000000000022,6.0
1453 大將,2022-05-05,2022-05-17,2022-05-04,2022-05-16,0.14285714285714285,8,3707,3715,0.17866111990624955,建材營造,1453 大將,21.0,24.85,14.423844342873702,0.021897810218978186,0.09713024282560712,32642085.0,47300111.25,1554385.0,1903425.0,2,0,-0.019513571428571685,0.1851510714285709,0.051881071428571124,-0.0678733031674208,8.0
6241 鑫永洋,2022-05-10,2022-05-20,2022-05-09,2022-05-19,0.2,8,3710,3718,-0.13282081203143892,通信網路業,6241 鑫永洋,41.35,36.0,10.215352509392295,0.001210653753026758,0.014084507042253502,14321117.65,77421852.0,346339.0,2150607.0,2,0,-0.26274455864570756,0.0,0.0,-0.26274455864570756,0.0
4116 明基醫,2022-05-12,2022-05-26,2022-05-11,2022-05-25,0.2,10,3712,3722,0.1318768757102271,生技醫療業,4116 明基醫,50.6,57.5,44.41979178059073,-0.015564202334630184,0.028622540250447193,172980097.4,537461585.0,3418579.0,9347158.0,2,0,-0.10220531126482213,0.21286235177865587,0.0,-0.10220531126482213,6.0
4804 大略-KY,2022-05-17,2022-05-27,2022-05-16,2022-05-26,0.2,8,3715,3723,0.05787554618103474,觀光餐旅,4804 大略-KY,14.5,15.4,21.194531524979904,-0.003436426116838587,0.030100334448160515,16925995.0,41977027.4,1167310.0,2725781.0,2,0,-0.03149474137931019,0.0856909482758621,0.033991379310344794,-0.06333333333333313,7.0
6113 亞矽,2022-05-17,2022-05-27,2022-05-16,2022-05-26,0.2,8,3715,3723,0.35780175259328373,電子通路業,6113 亞矽,20.1,27.4,20.2,0.020304568527918843,0.06201550387596888,58719496.800000004,91286607.19999999,2921368.0,3331628.0,3,0,0.0,0.4097777985074631,0.004497761194029781,-0.06048387096774188,9.0
2743 山富,2022-05-23,2022-06-02,2022-05-20,2022-06-01,0.2,8,3719,3727,0.2446042806330866,觀光餐旅,2743 山富,54.1,67.6,60.90555555555556,0.0018518518518519933,0.008955223880596996,64742876.6,708044630.8,1196726.0,10474033.0,2,1,0.0,0.36164496303142313,0.06603682994454707,-0.02772963604852674,9.0
2482 連宇,2022-05-23,2022-06-08,2022-05-20,2022-06-07,0.2,11,3719,3730,0.27995043027173905,其他電子業,2482 連宇,20.7,26.6,26.72648520713846,0.02985074626865658,0.019157088122605304,100272683.7,621758587.8000001,4844091.0,23374383.0,3,0,-0.118776268115942,0.2602706521739129,0.0,-0.118776268115942,7.0
2929 淘帝-KY,2022-05-26,2022-06-08,2022-05-25,2022-06-07,0.14285714285714288,8,3722,3730,0.06474486790948286,貿易百貨,2929 淘帝-KY,14.5,15.5,35.989601586695414,0.013986013986014179,0.04026845637583887,32277348.0,74416321.5,2226024.0,4801053.0,3,0,-0.021154827586207126,0.058117844827586085,0.037438017241379296,-0.07491856677524411,5.0
3535 晶彩科,2022-05-24,2022-06-08,2022-05-23,2022-06-07,0.16666666666666669,10,3720,3730,0.06485785017475387,光電業,3535 晶彩科,30.4,32.5,53.7145974086278,0.01672240802675584,-0.016641452344931862,199816312.0,656891625.0,6572905.0,20212050.0,2,0,-0.002118955592105176,0.20666340460526378,0.0,-0.16621253405994552,10.0
3466 德晉,2022-05-27,2022-06-09,2022-05-26,2022-06-08,0.14285714285714288,8,3723,3731,-0.08550658557600166,通信網路業,3466 德晉,28.7,26.35,53.74772724489436,0.007017543859649145,-0.005660377358490565,72748673.89999999,63480628.2,2534797.0,2409132.0,3,0,-0.0770936411149824,0.043058318815331065,0.043058318815331065,-0.11519198664440722,6.0
1453 大將,2022-05-26,2022-06-10,2022-05-25,2022-06-09,0.14285714285714288,10,3722,3732,0.34651426843750066,建材營造,1453 大將,27.0,36.5,18.740957846889263,-0.032258064516129004,0.011080332409972193,39965616.0,431214285.0,1480208.0,11814090.0,2,0,0.0,0.33640194444444527,0.03654444444444449,-0.09972299168975085,11.0
1524 耿鼎,2022-05-27,2022-06-13,2022-05-26,2022-06-10,0.14285714285714288,10,3723,3733,0.10258123892713922,汽車工業,1524 耿鼎,18.7,20.7,28.508357838448347,0.002680965147453085,-0.030444964871194524,160684331.5,1251994229.1,8592745.0,60482813.0,2,0,0.0,0.2534150401069519,0.010215106951871666,-0.04739336492891,11.0
1568 倉佑,2022-05-31,2022-06-13,2022-05-30,2022-06-10,0.125,8,3725,3733,0.067775882731971,汽車工業,1568 倉佑,26.0,27.55,31.343705363424487,0.0038610038610040753,-0.005415162454873612,31507840.0,496179715.15000004,1211840.0,18010153.0,2,0,-0.03507394230769245,0.18428874746963553,0.0,-0.03507394230769245,3.0
8068 全達,2022-06-06,2022-06-16,2022-06-02,2022-06-15,0.1111111111111111,8,3728,3736,0.02479592661543273,電子通路業,8068 全達,39.85,41.0,40.0,0.02706185567010322,0.014851485148514865,22382788.6,24871830.0,561676.0,606630.0,2,0,-0.04186060225846944,0.0409106022584691,0.0409106022584691,-0.07951807228915664,3.0
1539 巨庭,2022-06-02,2022-06-17,2022-06-01,2022-06-16,0.125,10,3727,3737,0.05641841732954567,電機機械,1539 巨庭,29.7,31.5,45.19120718636571,-0.08049535603715163,-0.009433962264150941,67601209.5,351816664.5,2276135.0,11168783.0,2,0,-0.03581174242424234,0.18798762626262655,0.18798762626262655,-0.1883852691218132,10.0
2364 倫飛,2022-06-09,2022-06-21,2022-06-08,2022-06-20,0.125,8,3731,3739,-0.18860961044592706,電腦及週邊設備業,2364 倫飛,35.6,29.0,1.6297148266477346,0.014245014245014342,0.030195381882770933,5691585.600000001,15204178.0,159876.0,524282.0,2,0,-0.20964525983146087,0.0,0.0,-0.20964525983146087,0.0
8097 常珵,2022-06-09,2022-06-21,2022-06-08,2022-06-20,0.125,8,3731,3739,-0.0417885468864887,通信網路業,8097 常珵,81.6,78.5,9.463068564775696,0.0012269938650306678,0.015523932729624823,112850759.99999999,566940188.0,1382975.0,7222168.0,2,0,-0.07151966911764684,0.10486709558823559,0.10486709558823559,-0.15964523281596454,7.0
2745 五福,2022-06-10,2022-06-22,2022-06-09,2022-06-21,0.125,8,3732,3740,-0.05402915862430191,觀光餐旅,2745 五福,53.7,51.0,59.17002847853138,-0.0037105751391465214,-0.019230769230769162,17130138.900000002,27017556.0,318997.0,529756.0,2,0,-0.09167932960893888,0.0,0.0,-0.09167932960893888,0.0
5258 虹堡,2022-06-09,2022-06-23,2022-06-08,2022-06-22,0.125,10,3731,3741,-0.0463335259973402,電腦及週邊設備業,5258 虹堡,61.1,58.5,67.09347318891777,0.013266998341625147,0.010362694300518172,244298451.8,1529142439.5,3998338.0,26139187.0,3,0,-0.14116100654664465,0.09767802782324075,0.09767802782324075,-0.217585692995529,5.0
4402 郡都開發,2022-06-15,2022-06-27,2022-06-14,2022-06-24,0.14285714285714285,8,3735,3743,-0.030973006562500127,紡織纖維,4402 郡都開發,12.9,12.55,3.247469726027397,-0.007692307692307665,-0.027131782945736482,9960554.4,27361171.150000002,772136.0,2180173.0,2,0,-0.1786848837209305,0.0033991279069764957,0.0033991279069764957,-0.18146718146718155,1.0
3494 誠研,2022-06-17,2022-06-29,2022-06-16,2022-06-28,0.14285714285714285,8,3737,3745,0.13124979710872564,電腦及週邊設備業,3494 誠研,7.22,8.2,7.642737735243488,-0.03087248322147651,0.0,12341521.44,13103501.6,1709352.0,1597988.0,2,0,-0.017087603878116364,0.1351945983379501,0.031365824099722994,-0.046979865771812124,8.0
3252 海灣,2022-06-17,2022-07-01,2022-06-16,2022-06-30,0.14285714285714285,10,3737,3747,0.10112039014240515,觀光餐旅,3252 海灣,23.7,26.2,1.7214051464997298,-0.012500000000000067,0.043824701195219085,23995112.4,74162375.0,1012452.0,2830625.0,2,0,-0.05108386075949345,0.11339493670886092,0.04169905063291157,-0.1439393939393938,6.0
4911 德英,2022-06-22,2022-07-04,2022-06-21,2022-07-01,0.19999999999999998,8,3740,3748,-0.1088895054229908,生技醫療業,4911 德英,56.0,50.1,61.093421052631584,0.02003642987249532,-0.02529182879377423,45287760.0,20584236.3,808710.0,410863.0,3,2,-0.17360700892857117,0.07627424107142855,0.07627424107142855,-0.23217247097844085,5.0
8467 波力-KY,2022-06-27,2022-07-07,2022-06-24,2022-07-06,0.2,8,3743,3751,-0.12553211893485883,運動休閒,8467 波力-KY,63.9,56.1,81.26853841084025,0.022399999999999975,-0.03275862068965507,21992399.099999998,24185663.7,344169.0,431117.0,3,0,-0.1834866197183097,0.06365727699530521,0.06365727699530521,-0.23235294117647043,4.0
8222 寶一,2022-06-28,2022-07-12,2022-06-27,2022-07-11,0.19999999999999998,10,3744,3754,-0.02292076176785718,電機機械,8222 寶一,21.0,20.6,23.443017530474634,0.004784688995215447,-0.032863849765258246,61802391.0,104790510.80000001,2942971.0,5086918.0,2,0,-0.14088446428571433,0.013803928571428425,0.0,-0.14088446428571433,1.0
3205 佰研,2022-07-01,2022-07-15,2022-06-30,2022-07-14,0.2,10,3747,3757,0.2732248545473315,生技醫療業,3205 佰研,39.35,50.3,14.261471440062216,-0.016249999999999987,0.005999999999999783,71290788.5,217104055.2,1811710.0,4316184.0,3,1,-0.1084287801778906,0.27004447268106757,0.0,-0.1084287801778906,7.0
3508 位速,2022-07-04,2022-07-18,2022-07-01,2022-07-15,0.2,10,3748,3758,0.17335927429646603,其他電子業,3508 位速,38.2,45.0,65.84902537680618,0.011920529801324742,0.039260969976905535,187228361.20000002,358946505.0,4901266.0,7976589.0,2,0,-0.017482624345549702,0.2454814136125656,0.11465353403141343,-0.1185446009389669,10.0
8097 常珵,2022-07-06,2022-07-18,2022-07-05,2022-07-15,0.16666666666666666,8,3750,3758,-0.018655152270133812,通信網路業,8097 常珵,74.5,73.4,7.724504805200627,0.020547945205479312,0.016620498614958512,16921557.5,422316809.00000006,227135.0,5753635.0,2,0,-0.08634023489932885,0.03306610738255067,0.0,-0.08634023489932885,1.0
3228 金麗科,2022-07-07,2022-07-19,2022-07-06,2022-07-18,0.16666666666666669,8,3751,3759,0.40381693190431767,半導體業,3228 金麗科,234.5,330.5,299.68862275449106,-0.020876826722338038,-0.027941176470588247,301468041.0,762934132.0,1285578.0,2308424.0,3,0,0.0,0.44920469083155656,0.0911658848614072,-0.09411764705882353,9.0
3675 德微,2022-07-06,2022-07-21,2022-07-05,2022-07-20,0.16666666666666666,11,3750,3761,0.12055810695312541,半導體業,3675 德微,196.0,220.5,221.42780917363658,0.0,0.006849315068492956,209858964.0,1472071230.0,1070709.0,6676060.0,3,0,-0.1075669642857141,0.1703621811224496,0.0,-0.1075669642857141,5.0
6143 振曜,2022-07-13,2022-07-25,2022-07-12,2022-07-22,0.16666666666666666,8,3755,3763,0.12082701938579898,通信網路業,6143 振曜,46.3,52.1,139.1847604491716,0.02094818081587624,-0.007619047619047747,52601059.599999994,119484160.2,1136092.0,2293362.0,2,0,0.0,0.13337068034557253,0.021113012958963395,-0.043809523809523854,9.0
6796 晉弘,2022-07-18,2022-07-28,2022-07-15,2022-07-27,0.2,8,3758,3766,0.37241773762409736,生技醫療業,6796 晉弘,83.1,114.5,93.51329479768786,0.0,-0.004347826086956608,109871163.6,141421927.0,1322156.0,1235126.0,2,0,0.0,0.44335740072202157,0.09935722021660642,-0.06666666666666665,9.0
3362 先進光,2022-07-26,2022-08-09,2022-07-25,2022-08-08,0.2,10,3764,3774,0.03397239874524116,光電業,3362 先進光,78.8,81.8,85.8164619981391,-0.0037926675094817064,-0.009685230024212954,194604795.2,619547719.4,2469604.0,7573933.0,2,0,-0.044870145939086226,0.047725444162436625,0.003330298223350292,-0.04804045512010113,4.0
6133 金橋,2022-07-26,2022-08-09,2022-07-25,2022-08-08,0.2,10,3764,3774,0.1718254713235301,電子零組件業,6133 金橋,19.55,23.0,34.58207952675233,0.015584415584415368,0.017699115044247593,107335169.5,492779232.0,5490290.0,21425184.0,3,0,-0.02348196930946278,0.32417890025575513,0.0,-0.18146718146718144,10.0
2305 全友,2022-07-27,2022-08-11,2022-07-26,2022-08-10,0.2,11,3765,3776,0.14514877920088365,電腦及週邊設備業,2305 全友,24.05,27.65,23.45,0.010504201680672232,-0.03993055555555558,78200499.0,92616412.35,3251580.0,3349599.0,3,0,-0.025411174636174705,0.2821349792099792,0.0,-0.15883306320907598,11.0
2380 虹光,2022-08-02,2022-08-12,2022-08-01,2022-08-11,0.19999999999999998,8,3769,3777,0.02318146212062211,電腦及週邊設備業,2380 虹光,12.85,13.2,13.601875603382009,-0.011538461538461608,0.0,16767194.0,38611702.8,1304840.0,2925129.0,2,0,-0.035477821011673294,0.03063861867704243,0.022860214007782043,-0.057034220532319435,4.0
2388 威盛,2022-08-01,2022-08-15,2022-07-29,2022-08-12,0.2,10,3768,3778,0.12294590200599331,半導體業,2388 威盛,73.0,82.3,16.425600990573336,0.0,0.013546798029556495,445362780.0,3166816103.6,6100860.0,38478932.0,2,0,-0.041551369863013665,0.14876914383561668,0.03238609589041119,-0.0716180371352787,8.0
9912 偉聯,2022-08-10,2022-08-22,2022-08-09,2022-08-19,0.20000000000000004,8,3775,3783,-0.11729215789439673,電腦及週邊設備業,9912 偉聯,14.5,12.85,22.688983390618134,-0.02684563758389269,-0.02651515151515149,12419525.5,33919888.0,856519.0,2639680.0,2,0,-0.09008758620689672,0.0,0.0,-0.09008758620689672,0.0
6512 啟發電,2022-08-11,2022-08-23,2022-08-10,2022-08-22,0.20000000000000004,8,3776,3784,-0.0919387778754418,其他電子業,6512 啟發電,28.3,25.8,34.25155368862149,-0.0035211267605631535,-0.058394160583941424,9861729.3,9519606.6,348471.0,368977.0,3,0,-0.07464469964664322,0.0489714664310954,0.0489714664310954,-0.11784511784511797,2.0
3432 台端,2022-08-15,2022-08-25,2022-08-12,2022-08-24,0.20000000000000004,8,3778,3786,-0.08867473459413888,電子零組件業,3432 台端,24.1,22.05,32.5387606935261,0.016877637130801926,0.016129032258064502,76626215.10000001,161584274.25,3179511.0,7328085.0,2,0,-0.10001275933609954,0.03892536307053951,0.03892536307053951,-0.1337325349301397,1.0
8097 常珵,2022-08-16,2022-08-26,2022-08-15,2022-08-25,0.2,8,3779,3787,0.12714490012661273,通信網路業,8097 常珵,77.5,87.7,8.725829502171077,0.0,0.019767441860465196,30869955.0,475609816.5,398322.0,5423145.0,2,0,0.0,0.10915032258064494,0.022739774193548445,-0.046511627906976494,9.0
6643 M31,2022-08-19,2022-08-31,2022-08-18,2022-08-30,0.2,8,3782,3790,-0.042477567952184714,半導體業,6643 M31,349.0,335.5,369.9853784274151,0.00721500721500723,0.013595166163141936,149005201.0,748267998.5,426949.0,2230307.0,2,0,-0.07207421203438402,0.04248452722063045,0.0,-0.07207421203438402,1.0
1449 佳和,2022-08-24,2022-09-05,2022-08-23,2022-09-02,0.2,8,3785,3793,0.07619373745689595,紡織纖維,1449 佳和,13.05,14.1,0.92026224852071,-0.011363636363636243,-0.02083333333333348,10203168.6,39277411.199999996,781852.0,2785632.0,2,0,-0.057918965517241516,0.2101528735632181,0.0,-0.057918965517241516,5.0
1539 巨庭,2022-08-25,2022-09-06,2022-08-24,2022-09-05,0.16666666666666669,8,3786,3794,-0.07984020062023733,電機機械,1539 巨庭,47.65,43.3,69.3073287052244,0.007399577167019,0.03218116805721083,128209615.45,869717608.0999999,2690653.0,20085857.0,2,0,-0.1896535060621809,0.031059288997198564,0.031059288997198564,-0.21406411582213014,6.0
2468 華經,2022-08-25,2022-09-06,2022-08-24,2022-09-05,0.16666666666666669,8,3786,3794,-0.060789646049970725,資訊服務業,2468 華經,21.65,20.0,46.07055640292412,0.026066350710900466,0.03626943005181338,44730047.449999996,132723300.0,2066053.0,6636165.0,2,0,-0.1682565541648221,0.052617551963048514,0.052617551963048514,-0.2098331969820928,5.0
6472 保瑞,2022-08-23,2022-09-06,2022-08-22,2022-09-05,0.2,10,3784,3794,0.029201736664463462,生技醫療業,6472 保瑞,321.5,302.0,738.8652437078889,0.004687499999999956,0.021996615905245376,263791393.0,1637415008.0,820502.0,5421904.0,2,0,0.0,0.17984366251944017,0.01040629860031106,-0.14782608695652177,11.0
6461 益得,2022-08-26,2022-09-07,2022-08-25,2022-09-06,0.125,8,3787,3795,-0.04047836101161373,生技醫療業,6461 益得,40.9,39.4,40.2,0.01741293532338295,0.0025445292620864812,133650197.89999999,359294707.0,3267731.0,9119155.0,2,0,-0.09578422982885082,0.04595770171149138,0.04595770171149138,-0.13551401869158874,2.0
3520 華盈,2022-08-29,2022-09-08,2022-08-26,2022-09-07,0.09999999999999999,8,3788,3796,0.05737967157643298,電子零組件業,3520 華盈,23.55,25.0,15.157925359073314,-0.06175298804780882,0.04384133611691032,43945642.35,231137425.0,1866057.0,9245497.0,2,0,-0.04928407643312116,0.08228821656050944,0.08228821656050944,-0.1215686274509804,6.0
6649 台生材,2022-08-29,2022-09-08,2022-08-26,2022-09-07,0.09999999999999999,8,3788,3796,-0.0482788818089358,生技醫療業,6649 台生材,35.95,34.35,38.1,-0.09445843828715361,0.001457725947521915,14211682.100000001,12460909.05,395318.0,362763.0,2,0,-0.04635027816411674,0.0884952364394993,0.0884952364394993,-0.12388250319284799,8.0
4768 晶呈科技,2022-08-30,2022-09-12,2022-08-29,2022-09-08,0.06666666666666667,8,3789,3797,0.2290461887828945,化學工業,4768 晶呈科技,171.0,211.0,178.77575757575755,-0.00291545189504383,0.00956937799043045,68612553.0,832935160.0,401243.0,3947560.0,2,0,0.0,0.30347412280701724,0.005370175438596414,-0.0430379746835442,9.0
6767 台微醫,2022-08-30,2022-09-12,2022-08-29,2022-09-08,0.06666666666666667,8,3789,3797,-0.06670227374413529,生技醫療業,6767 台微醫,37.3,34.95,37.8,0.004037685060565233,-0.007102272727272707,16280219.1,6508528.800000001,436467.0,186224.0,2,0,-0.08890482573726544,0.022302379356568425,0.022302379356568425,-0.10878112712975108,3.0
8478 東哥遊艇,2022-08-26,2022-09-12,2022-08-25,2022-09-08,0.125,10,3787,3797,-0.10034044459677438,運動休閒,8478 東哥遊艇,310.0,280.0,347.3044593358571,0.016393442622950838,0.0181818181818183,250123500.0,1958978840.0,806850.0,6996353.0,2,0,-0.18425862903225831,0.010809959677419378,0.010809959677419378,-0.19298245614035114,1.0
9928 中視,2022-08-30,2022-09-12,2022-08-29,2022-09-08,0.06666666666666667,8,3789,3797,-0.013650151166801794,其他,9928 中視,30.8,30.5,3.2442944151928774,-0.015974440894568787,0.030405405405405483,20487698.0,7239846.0,665185.0,237372.0,3,0,-0.07186964285714281,0.028731899350649348,0.028731899350649348,-0.09779179810725547,3.0
2230 泰茂,2022-08-26,2022-09-13,2022-08-25,2022-09-12,0.125,11,3787,3798,0.02685737177835046,居家生活,2230 泰茂,33.95,35.0,40.26382711858302,-0.004398826979472026,0.054216867469879526,48341065.50000001,106282855.0,1423890.0,3036653.0,3,0,-0.0652453976435935,0.05693512518409416,0.05693512518409416,-0.11559888579387179,4.0
4770 上品,2022-08-31,2022-09-13,2022-08-30,2022-09-12,0.06666666666666667,8,3790,3798,-0.0319123663043116,化學工業,4770 上品,374.0,363.5,408.3097165991903,0.0,0.00692520775623251,269134140.0,298754107.0,719610.0,821882.0,2,0,-0.03521784759358293,0.05698432486631,0.05698432486631,-0.08723135271807825,4.0
3043 科風,2022-08-30,2022-09-15,2022-08-29,2022-09-14,0.06666666666666667,11,3789,3800,-0.003948349374999993,其他電子業,3043 科風,8.6,8.6,13.362706405589508,0.039903264812575445,0.04242424242424225,32495985.799999997,11528291.4,3778603.0,1340499.0,7,4,-0.1945688081395348,0.0,0.0,-0.1945688081395348,0.0
4743 合一,2022-08-30,2022-09-15,2022-08-29,2022-09-14,0.06666666666666667,11,3789,3800,0.01849302230285943,生技醫療業,4743 合一,288.5,295.0,424.42070505146614,0.015845070422535246,0.005110732538330609,1527643274.0,7712595640.0,5295124.0,26144392.0,3,0,-0.06976616117850964,0.03243830155979199,0.03243830155979199,-0.09899328859060408,5.0
6666 羅麗芬-KY,2022-09-06,2022-09-19,2022-09-05,2022-09-16,0.07692307692307693,8,3794,3802,-0.05637212046052653,生技醫療業,6666 羅麗芬-KY,76.0,72.0,88.72212465188238,0.0013175230566535578,-0.02571041948579167,16010692.0,7015176.0,210667.0,97433.0,2,0,-0.10437299342105277,0.0,0.0,-0.10437299342105277,0.0
6683 雍智科技,2022-09-06,2022-09-19,2022-09-05,2022-09-16,0.07692307692307693,8,3794,3802,-0.01927222092307712,半導體業,6683 雍智科技,227.5,224.0,235.84320175961935,0.0022026431718060735,-0.008849557522124019,94685272.5,111543264.0,416199.0,497961.0,2,0,-0.08175505494505497,0.028082857142857076,0.028082857142857076,-0.10683760683760679,2.0
4168 醣聯,2022-09-12,2022-09-22,2022-09-08,2022-09-21,0.14285714285714285,8,3797,3805,-0.056188820561625774,生技醫療業,4168 醣聯,42.9,40.65,50.83486899377377,0.014184397163120588,0.029113924050632844,127348607.1,924911563.8,2968499.0,22753052.0,2,0,-0.1181347027972025,0.012339423076923373,0.0,-0.1181347027972025,1.0
3373 熱映,2022-09-13,2022-09-23,2022-09-12,2022-09-22,0.16666666666666666,8,3798,3806,0.027505913276315574,其他電子業,3373 熱映,28.5,29.4,76.41915761297946,-0.0017513134851137035,0.027972027972027913,8683693.5,85323121.8,304691.0,2902147.0,2,0,-0.08815263157894748,0.0030321052631578915,0.0,-0.08815263157894748,1.0
2364 倫飛,2022-09-15,2022-09-27,2022-09-14,2022-09-26,0.16666666666666666,8,3800,3808,-0.04703455309160309,電腦及週邊設備業,2364 倫飛,78.6,75.2,4.0786287168745785,-0.032019704433497664,-0.02083333333333326,43642178.4,140309739.20000002,555244.0,1865821.0,3,0,-0.08821956106870243,0.09998616412213734,0.09998616412213734,-0.1710982658959539,3.0
3205 佰研,2022-09-15,2022-09-27,2022-09-14,2022-09-26,0.16666666666666666,8,3800,3808,-0.23981338024299992,生技醫療業,3205 佰研,62.5,47.7,23.315757122717518,0.008064516129032251,0.0010493179433368471,36864687.5,123609970.80000001,589835.0,2591404.0,2,0,-0.23796213999999982,0.0,0.0,-0.23796213999999982,0.0
2364 倫飛,2022-10-13,2022-10-14,2022-10-12,2022-10-13,0.20000000000000004,1,3819,3820,-0.05675108748042179,電腦及週邊設備業,2364 倫飛,83.0,78.6,3.493946681160766,0.013431013431013383,0.06072874493927127,35782960.0,60439155.599999994,431120.0,768946.0,2,3,-0.19676725903614456,0.0,0.0,-0.19676725903614456,0.0
6550 北極星藥業-KY,2022-10-13,2022-10-14,2022-10-12,2022-10-13,0.20000000000000004,1,3819,3820,-0.07865222317187504,生技醫療業,6550 北極星藥業-KY,104.0,96.2,93.6,0.0,0.0277777777777779,649291864.0,465973271.40000004,6243191.0,4843797.0,2,2,-0.10042750000000011,0.0,0.0,-0.10042750000000011,0.0
3228 金麗科,2022-10-27,2022-11-02,2022-10-26,2022-11-01,0.2,4,3829,3833,0.24183062935064958,半導體業,3228 金麗科,115.5,144.0,146.33233532934133,-0.09765625,0.0,137908386.0,855130176.0,1194012.0,5938404.0,2,0,0.0,0.36731558441558465,0.08173701298701297,0.0,5.0
3272 東碩,2022-11-09,2022-11-23,2022-11-08,2022-11-22,0.2,10,3838,3848,-0.00394834937499966,電腦及週邊設備業,3272 東碩,51.0,51.0,98.42865433173145,-0.005847953216374213,-0.02298850574712652,90114603.0,445982556.0,1766953.0,8744756.0,2,0,-0.07886911764705862,0.13671470588235324,0.13671470588235324,-0.18965517241379315,10.0
8033 雷虎,2022-11-11,2022-11-23,2022-11-10,2022-11-22,0.2,8,3840,3848,0.25078899805495736,其他,8033 雷虎,34.8,43.7,35.93318423527401,0.014577259475218707,-0.03956043956043953,204883364.39999998,667682642.3000001,5887453.0,15278779.0,3,1,-0.05217456896551709,0.321211206896552,0.0,-0.05217456896551709,7.0
3228 金麗科,2022-11-10,2022-11-24,2022-11-09,2022-11-23,0.2,10,3839,3849,0.16298768145600495,半導體業,3228 金麗科,179.0,209.0,203.69461077844315,0.017045454545454586,0.04499999999999993,101776178.0,567055456.0,568582.0,2713184.0,2,0,-0.028394692737430116,0.17262709497206674,0.0,-0.06428571428571428,10.0
6556 勝品,2022-11-14,2022-11-24,2022-11-11,2022-11-23,0.20000000000000004,8,3841,3849,-0.003948349374999549,光電業,6556 勝品,106.0,106.0,144.6909242026632,0.00952380952380949,-0.0185185185185186,22546518.0,15210788.0,212703.0,143498.0,2,0,0.0,0.1881146226415098,0.08910507075471696,-0.1428571428571428,9.0
6472 保瑞,2022-11-22,2022-12-06,2022-11-21,2022-12-05,0.2,10,3847,3857,0.06876457529403246,生技醫療業,6472 保瑞,431.5,463.0,1100.3408552449794,0.008177570093457875,-0.0021551724137930384,648176862.0,2556183645.0,1502148.0,5520915.0,2,0,-0.036379142526071884,0.08291526651216663,0.08291526651216663,-0.11016042780748647,7.0
1795 美時,2022-12-01,2022-12-15,2022-11-30,2022-12-14,0.20000000000000004,10,3854,3864,0.04059054557164643,生技醫療業,1795 美時,246.0,257.0,270.0678277295268,0.00819672131147553,0.007843137254901711,879388008.0,4207213874.0,3574748.0,16370482.0,2,0,-0.02282210365853654,0.0950080792682928,0.0950080792682928,-0.10760667903525056,7.0
1810 和成,2022-12-01,2022-12-15,2022-11-30,2022-12-14,0.20000000000000004,10,3854,3864,-0.04715058964307228,玻璃陶瓷,1810 和成,20.75,19.85,23.88665261678158,0.007281553398058138,-0.01243781094527363,148249163.5,465004353.20000005,7144538.0,23425912.0,3,0,-0.07032132530120483,0.06455433734939753,0.02601843373493984,-0.09389671361502361,2.0
8222 寶一,2022-12-05,2022-12-19,2022-12-02,2022-12-16,0.20000000000000004,10,3856,3866,0.006912026877919919,電機機械,8222 寶一,32.1,32.45,37.50882804875941,0.00784929356357944,-0.006125574272587975,154609682.1,358050833.8,4816501.0,11033924.0,2,0,-0.09544544392523391,0.01665081775700883,0.0,-0.09954058192955584,2.0
4979 華星光,2022-12-08,2022-12-22,2022-12-07,2022-12-21,0.2,10,3859,3869,-0.05022953718181811,通信網路業,4979 華星光,49.5,47.2,82.99119867020416,0.0060975609756095395,-0.013584117032392817,208737589.5,836078616.0,4216921.0,17713530.0,2,0,-0.1297065151515152,0.1045256060606059,0.1045256060606059,-0.2120658135283363,7.0
1342 八貫,2022-12-13,2022-12-27,2022-12-12,2022-12-26,0.2,10,3862,3872,-0.043646060088315286,其他,1342 八貫,138.0,132.5,140.92651222895802,0.022222222222222143,-0.02573529411764719,186682536.0,500776330.0,1352772.0,3779444.0,2,0,-0.11274048913043488,0.02125380434782609,0.02125380434782609,-0.13120567375886538,1.0
3228 金麗科,2022-12-20,2022-12-30,2022-12-19,2022-12-29,0.2,8,3867,3875,-0.04725494288043486,半導體業,3228 金麗科,195.5,187.0,215.98652694610783,0.002564102564102555,0.03314917127071815,60828652.0,430893067.0,311144.0,2304241.0,2,0,-0.08994654731457807,0.0,0.0,-0.08994654731457807,0.0
1701 中化,2022-12-21,2023-01-03,2022-12-20,2022-12-30,0.19999999999999998,8,3868,3876,0.08288692273076914,化學生技醫療,1701 中化,29.25,31.8,55.14534536239445,0.024518388791593626,-0.043609022556390986,248888279.25,744534513.0,8509001.0,23413035.0,2,0,0.0,0.25923064102564086,0.049074102564102606,-0.14654002713704217,9.0
3693 營邦,2022-12-20,2023-01-04,2022-12-19,2023-01-03,0.2,10,3867,3877,-0.10857562360031514,電腦及週邊設備業,3693 營邦,119.0,106.5,146.6028027008516,0.017094017094017033,-0.049107142857143016,116192314.0,363562458.0,976406.0,3413732.0,2,0,-0.10546712184873941,0.0,0.0,-0.10546712184873941,0.0
4747 強生*,2022-12-29,2023-01-11,2022-12-28,2023-01-10,0.2,8,3874,3882,-0.14677839738915122,生技醫療業,4747 強生*,53.0,45.4,88.76824393185755,-0.0056285178236397115,0.030646992054483624,40611674.0,195705371.4,766258.0,4310691.0,2,0,-0.16926271226415124,0.018383962264150622,0.018383962264150622,-0.18425925925925934,1.0
5340 建榮,2023-01-12,2023-02-03,2023-01-11,2023-02-02,0.2,8,3883,3891,0.10369946876708047,電子零組件業,5340 建榮,40.25,44.6,40.35,0.006250000000000089,0.0022471910112360494,31123312.5,107045218.2,773250.0,2400117.0,3,0,-0.0004750000000001142,0.21557139751552779,0.0020082919254658105,-0.028384279475982432,8.0
6612 奈米醫材,2023-02-07,2023-02-17,2023-02-06,2023-02-16,0.2,8,3893,3901,0.042023265269230725,生技醫療業,6612 奈米醫材,130.0,136.0,132.2203084476252,0.015625,-0.007299270072992692,27139840.0,115226000.0,208768.0,847250.0,2,0,-0.019696634615384623,0.08794451923076907,0.08794451923076907,-0.09893992932862183,5.0
2482 連宇,2023-02-09,2023-02-23,2023-02-08,2023-02-22,0.20000000000000004,10,3895,3905,0.15847733945593534,其他電子業,2482 連宇,41.7,48.5,55.919005208950544,-0.0071428571428571175,0.01041666666666674,125067849.30000001,904760370.5,2999229.0,18654853.0,2,0,-0.024444424460431824,0.2224406474820142,0.005517356115107841,-0.05882352941176461,9.0
8227 巨有科技,2023-02-15,2023-03-01,2023-02-14,2023-02-24,0.2,8,3899,3907,0.28767133540874545,半導體業,8227 巨有科技,131.5,170.0,133.0,-0.03663003663003661,0.00591715976331364,159958967.0,893362750.0,1216418.0,5255075.0,3,0,0.0,0.3377673003802284,0.010926425855513289,-0.07386363636363635,9.0
6865 偉康科技,2023-02-17,2023-03-03,2023-02-16,2023-03-02,0.2,8,3901,3909,0.05972618536815055,數位雲端,6865 偉康科技,109.5,116.5,119.5,0.004587155963302836,-0.016877637130801704,74004151.5,133749805.5,675837.0,1148067.0,2,0,-0.014167123287671335,0.17752260273972587,0.09993390410958902,-0.10373443983402497,7.0
6472 保瑞,2023-02-16,2023-03-06,2023-02-15,2023-03-03,0.2,10,3900,3910,0.12821384374999956,生技醫療業,6472 保瑞,463.5,525.0,1175.3640953753188,-0.011727078891258014,0.007677543186180413,700623355.5,2320650150.0,1511593.0,4420286.0,2,0,0.0,0.12567864077669877,0.01354207119741102,-0.014014014014014031,11.0
2453 凌群,2023-02-20,2023-03-08,2023-02-17,2023-03-07,0.19999999999999998,10,3902,3912,0.17182547132352988,資訊服務業,2453 凌群,44.2,52.0,83.40761847980568,0.027906976744186185,0.0,267033681.20000002,914434560.0,6041486.0,17585280.0,2,0,-0.02308868778280526,0.2935029411764709,0.017615950226244292,-0.039999999999999813,8.0
2754 亞洲藏壽司,2023-02-22,2023-03-10,2023-02-21,2023-03-09,0.16666666666666666,10,3904,3914,-0.08131158437500008,觀光餐旅,2754 亞洲藏壽司,206.0,190.0,221.44731301741365,-0.02137767220902609,-0.06633906633906628,118040678.0,174960170.0,573013.0,920843.0,3,0,-0.10964641990291268,0.06260182038834938,0.06260182038834938,-0.16210045662100447,7.0
2719 燦星旅,2023-03-01,2023-03-13,2023-02-24,2023-03-10,0.16666666666666669,8,3907,3915,-0.16188086334797303,觀光餐旅,2719 燦星旅,55.5,46.7,8.062646260098456,0.005434782608695565,-0.00638297872340432,7569589.5,7425486.800000001,136389.0,159004.0,3,0,-0.1661620270270271,0.0,0.0,-0.1661620270270271,0.0
8940 新天地,2023-03-01,2023-03-13,2023-02-24,2023-03-10,0.16666666666666669,8,3907,3915,-0.10766296132612951,觀光餐旅,8940 新天地,25.45,22.8,39.15451289926002,0.005928853754940677,-0.04201680672268915,16658322.95,37985050.800000004,654551.0,1666011.0,2,0,-0.06724091355599204,0.10752868369351698,0.10752868369351698,-0.1578014184397164,7.0
3058 立德,2023-03-02,2023-03-14,2023-03-01,2023-03-13,0.125,8,3908,3916,0.05444088531681013,電子零組件業,3058 立德,14.5,15.35,37.368826381857005,0.0,-0.025396825396825307,17132257.5,32193401.5,1181535.0,2097290.0,2,0,-0.00047500000000022524,0.08569094827586188,0.016758189655172284,-0.02857142857142858,8.0
5701 劍湖山,2023-03-03,2023-03-15,2023-03-02,2023-03-14,0.1,8,3909,3917,-0.003948349375000104,觀光餐旅,5701 劍湖山,4.19,4.19,2.2214393939393937,0.021951219512195363,0.06075949367088618,4737138.58,2040944.8100000003,1130582.0,487099.0,6,4,-0.09350954653937993,0.001910501193317371,0.001910501193317371,-0.09523809523809568,1.0
6791 虎門科技,2023-03-03,2023-03-15,2023-03-02,2023-03-14,0.1,8,3909,3917,-0.15278365349137946,資訊服務業,6791 虎門科技,87.0,74.0,87.2,-0.004576659038901698,0.0,69844731.0,34056206.0,802813.0,460219.0,3,0,-0.1739557758620689,0.05122456896551708,0.05122456896551708,-0.21420765027322386,4.0
6874 倍力,2023-03-02,2023-03-17,2023-03-01,2023-03-16,0.125,11,3908,3919,-0.013003364380681726,資訊服務業,6874 倍力,110.0,109.0,120.0,-0.009009009009009028,0.028301886792452935,38619130.0,92040690.0,351083.0,844410.0,3,0,-0.03682136363636368,0.1858001136363634,0.1858001136363634,-0.18773946360153249,10.0
2739 寒舍,2023-03-03,2023-03-20,2023-03-02,2023-03-17,0.1,11,3909,3920,-0.14492796761730797,觀光餐旅,2739 寒舍,65.0,55.8,63.6484938084414,0.08514190317195336,0.03525046382189245,92987570.0,60219639.0,1430578.0,1079205.0,3,0,-0.20960638461538483,0.0,0.0,-0.20960638461538483,0.0
6751 智聯服務,2023-03-08,2023-03-20,2023-03-07,2023-03-17,0.09999999999999999,8,3912,3920,-0.02855820810305576,資訊服務業,6751 智聯服務,76.9,75.0,88.1069823434992,-0.041147132169575995,0.013513513513513598,40069052.6,58953000.0,521054.0,786040.0,3,0,-0.12525315344603394,0.05801475942782841,0.05151589726918071,-0.16810877626699638,2.0
6752 叡揚,2023-03-09,2023-03-21,2023-03-08,2023-03-20,0.08333333333333333,8,3913,3921,-0.013464766419188035,資訊服務業,6752 叡揚,157.0,155.5,184.49458391837936,-0.009463722397476393,0.006472491909385036,46212950.0,161896803.5,294350.0,1041137.0,2,0,-0.1851006369426752,0.0,0.0,-0.1851006369426752,0.0
8033 雷虎,2023-03-09,2023-03-21,2023-03-08,2023-03-20,0.08333333333333333,8,3913,3921,-0.011916762580000295,其他,8033 雷虎,62.5,62.0,64.89110329546543,0.006441223832528209,0.018062397372742067,254932000.0,469748890.0,4078912.0,7576595.0,3,1,-0.12841420000000026,0.0,0.0,-0.12841420000000026,0.0
8996 高力,2023-03-07,2023-03-21,2023-03-06,2023-03-20,0.1,10,3911,3921,0.032079050753989646,電機機械,8996 高力,235.0,243.5,511.28441305422814,0.0,0.01670146137787043,112430580.0,1628013241.0,478428.0,6685886.0,2,0,-0.09404755319148939,0.022918138297872703,0.0016516489361702025,-0.09554140127388533,3.0
6811 宏碁資訊,2023-03-10,2023-03-22,2023-03-09,2023-03-21,0.08333333333333333,8,3914,3922,0.03978074748170779,數位雲端,6811 宏碁資訊,205.0,214.0,200.0,-0.026128266033254133,0.026378896882494063,80811410.0,265597112.0,394202.0,1241108.0,2,0,-0.10530323170731692,0.11654256097561033,0.0,-0.10530323170731692,3.0
7402 邑錡,2023-03-15,2023-03-27,2023-03-14,2023-03-24,0.1111111111111111,8,3917,3925,0.17769335671804942,光電業,7402 邑錡,66.9,79.1,105.1703835323913,-0.005943536404160343,-0.011249999999999871,50371083.900000006,293954979.5,752931.0,3716245.0,3,1,-0.10505908071748882,0.24006838565022415,0.0,-0.10843373493975905,5.0
3362 先進光,2023-03-14,2023-03-28,2023-03-13,2023-03-27,0.09999999999999999,10,3916,3926,0.06490314721198187,光電業,3362 先進光,108.5,116.0,124.20803710256975,-0.018099547511312264,0.0,205620194.5,1628019052.0,1895117.0,14034647.0,2,0,-0.03732384792626697,0.1469203917050692,0.1469203917050692,-0.16064257028112428,9.0
2754 亞洲藏壽司,2023-03-21,2023-03-31,2023-03-20,2023-03-30,0.16666666666666669,8,3921,3929,-0.00394834937499966,觀光餐旅,2754 亞洲藏壽司,154.5,154.5,152.68741673803407,0.0,0.016447368421052433,26901694.5,234970398.0,174121.0,1520844.0,2,0,-0.04252621359223285,0.018933252427184577,0.018933252427184577,-0.060317460317460214,3.0
6291 沛亨,2023-03-21,2023-03-31,2023-03-20,2023-03-30,0.16666666666666669,8,3921,3929,-0.08005860839285717,半導體業,6291 沛亨,150.5,139.0,11.222982402912622,-0.0033112582781456013,0.0,11133388.0,22682298.0,73976.0,163182.0,3,0,-0.07685066445182731,0.0,0.0,-0.07685066445182731,0.0
8227 巨有科技,2023-03-17,2023-03-31,2023-03-16,2023-03-30,0.1111111111111111,10,3919,3929,0.035304917644704226,半導體業,8227 巨有科技,203.0,211.0,205.0,0.025252525252525304,0.024271844660194164,125186852.0,1591608659.0,616684.0,7543169.0,2,0,-0.03986514778325134,0.09800036945812796,0.09800036945812796,-0.12556053811659196,8.0
6751 智聯服務,2023-03-28,2023-04-12,2023-03-27,2023-04-11,0.2,8,3926,3934,0.13528467705645197,資訊服務業,6751 智聯服務,93.0,106.0,101.28491171749599,0.008676789587852562,0.014354066985645897,42479889.0,95152490.0,456773.0,897665.0,2,0,-0.0004750000000000032,0.12312217741935494,0.0,-0.04020618556701039,8.0
6874 倍力,2023-03-29,2023-04-13,2023-03-28,2023-04-12,0.2,8,3927,3935,-0.040567895353860406,資訊服務業,6874 倍力,136.0,131.0,137.0,0.0,-0.09965635738831613,18145800.0,124267124.0,133425.0,948604.0,2,0,-0.03722224264705898,0.1024172794117646,0.1024172794117646,-0.1266666666666667,8.0
4763 材料*-KY,2023-03-30,2023-04-14,2023-03-29,2023-04-13,0.1,8,3928,3936,0.3057358708492144,化學工業,4763 材料*-KY,334.5,438.5,564.2811494549042,0.015174506828528056,0.0,413079067.5,327247726.5,1234915.0,746289.0,2,2,0.0,0.40740291479820545,0.0010190582959639372,-0.0011441647597255633,9.0
6160 欣技,2023-03-30,2023-04-14,2023-03-29,2023-04-13,0.1,8,3928,3936,0.09884701670373652,電腦及週邊設備業,6160 欣技,28.1,31.0,50.44259890399106,0.018115942028985366,0.033333333333333215,34120818.4,210322290.0,1214264.0,6784590.0,2,0,-0.00225351423487552,0.07600111209964422,0.0013035142348751805,-0.05123966942148772,8.0
8033 雷虎,2023-03-30,2023-04-14,2023-03-29,2023-04-13,0.1,8,3928,3936,0.2099923220620592,其他,8033 雷虎,56.8,69.0,60.76935569200752,-0.01559792027729634,0.05504587155963292,90472460.0,595602618.0,1592825.0,8631922.0,2,0,0.0,0.26524379401408393,0.011843089788732275,-0.008417508417508324,9.0
8996 高力,2023-03-30,2023-04-14,2023-03-29,2023-04-13,0.1,8,3928,3936,0.0615559332253699,電機機械,8996 高力,219.5,232.5,497.0516563739177,0.0022831050228311334,0.013071895424836777,177942723.5,1832048385.0,810673.0,7879778.0,2,0,0.0,0.15460189825360615,0.033677334851936136,-0.05555555555555558,9.0
8478 東哥遊艇,2023-03-30,2023-04-18,2023-03-29,2023-04-17,0.1,10,3928,3938,0.08349129934398891,運動休閒,8478 東哥遊艇,524.0,570.0,603.9079193740853,0.0234375,0.021505376344086002,223301552.0,1423731180.0,426148.0,2497774.0,3,0,-0.04053229961832039,0.06437967557251945,0.06437967557251945,-0.0985663082437277,7.0
5381 光譜,2023-03-31,2023-04-20,2023-03-30,2023-04-19,0.125,11,3929,3940,0.29323427425409876,電機機械,5381 光譜,15.25,19.8,6.148437974683545,0.04095563139931735,-0.014925373134328401,28204570.0,22711352.400000002,1849480.0,1147038.0,7,4,-0.04963196721311458,0.31740672131147596,0.029019180327868987,-0.07643312101910826,10.0
6472 保瑞,2023-04-07,2023-04-21,2023-04-06,2023-04-20,0.1111111111111111,10,3931,3941,-0.042163202307394454,生技醫療業,6472 保瑞,808.0,777.0,2035.6305822032116,0.0,-0.01520912547528519,1041389184.0,4780068258.0,1288848.0,6151954.0,3,0,-0.12046748143564323,0.046532363861386594,0.046532363861386594,-0.15957446808510645,2.0
6517 保勝光學,2023-04-11,2023-04-21,2023-04-10,2023-04-20,0.1,8,3933,3941,0.10126837428257063,光電業,6517 保勝光學,142.0,157.0,148.0,0.0,-0.030864197530864224,57813312.0,817975966.0,407136.0,5210038.0,2,0,-0.035669542253521036,0.20013389084507072,0.041758450704225236,-0.12023460410557185,8.0
2482 連宇,2023-04-12,2023-04-24,2023-04-11,2023-04-21,0.09090909090909091,8,3934,3942,-0.06563734888500761,其他電子業,2482 連宇,66.2,62.1,89.04385096443136,0.007610350076103556,-0.007987220447284393,189773289.20000002,475322963.40000004,2866666.0,7654154.0,2,0,-0.05482983383685791,0.1293726586102717,0.1293726586102717,-0.16310160427807463,7.0
8227 巨有科技,2023-04-14,2023-04-26,2023-04-13,2023-04-25,0.14285714285714285,8,3936,3944,-0.047254942880434636,半導體業,8227 巨有科技,172.5,165.0,174.5,0.014705882352941124,0.0,55948995.0,878713605.0,324342.0,5325537.0,2,0,-0.04393260869565219,0.05167413043478275,0.04587978260869585,-0.0858725761772855,6.0
3664 安瑞-KY,2023-04-12,2023-04-27,2023-04-11,2023-04-26,0.09090909090909091,11,3934,3945,0.0341519869877045,通信網路業,3664 安瑞-KY,27.45,28.5,25.727615674801754,0.011049723756906049,0.02333931777378817,42125071.949999996,51574312.5,1534611.0,1809625.0,3,0,-0.016860655737705232,0.11422459016393405,0.09783893442622937,-0.1044776119402987,9.0
4763 材料*-KY,2023-04-17,2023-04-27,2023-04-14,2023-04-26,0.125,8,3937,3945,-0.06685687467763168,化學工業,4763 材料*-KY,475.0,445.0,805.995611982602,0.00849256900212314,0.02298850574712641,234738825.0,4472529460.0,494187.0,10050628.0,3,0,-0.10042750000000022,0.010046315789473681,0.010046315789473681,-0.10937500000000022,2.0
2358 廷鑫,2023-04-18,2023-04-28,2023-04-17,2023-04-27,0.125,8,3938,3946,0.06719819709821451,其他,2358 廷鑫,9.8,10.5,5.829563721174739,0.008230452674897082,-0.023255813953488413,8144897.600000001,6798508.5,831112.0,647477.0,6,4,-0.05045125000000006,0.09641772959183692,0.0,-0.05045125000000006,4.0
6465 威潤,2023-04-20,2023-05-03,2023-04-19,2023-05-02,0.1,8,3940,3948,-0.08876066814108918,通信網路業,6465 威潤,25.25,23.1,31.41366260862648,-0.013671875000000111,-0.05327868852459006,5547601.75,5262203.100000001,219707.0,227801.0,2,0,-0.1271474752475248,0.0,0.0,-0.1271474752475248,0.0
1529 樂事綠能,2023-04-24,2023-05-05,2023-04-21,2023-05-04,0.1,8,3942,3950,0.15184434469711494,電機機械,1529 樂事綠能,39.0,45.1,5.095875987301577,0.010362694300518172,0.01348314606741563,113446515.0,993834333.8000001,2908885.0,22036238.0,2,0,0.0,0.14048365384615358,0.025153846153846082,-0.07752808988764048,9.0
2630 亞航,2023-04-24,2023-05-05,2023-04-21,2023-05-04,0.1,8,3942,3950,0.31987091152777825,航運業,2630 亞航,24.3,32.2,34.89127421275257,-0.004098360655737654,0.02384737678855342,27412635.6,364749364.00000006,1128092.0,11327620.0,2,0,0.0,0.3779459876543212,0.024204629629629437,-0.03533026113671256,9.0
3308 聯德,2023-04-19,2023-05-05,2023-04-18,2023-05-04,0.1111111111111111,11,3939,3950,0.033876396851265644,電子零組件業,3308 聯德,31.6,32.8,31.594051954513645,0.01935483870967758,-0.020895522388059806,22588817.6,52738398.4,714836.0,1607878.0,3,0,-0.09536661392405066,0.1655853243670884,0.04222622626582284,-0.1320182094081943,4.0
3693 營邦,2023-04-20,2023-05-05,2023-04-19,2023-05-04,0.1,10,3940,3950,-0.05956544661801999,電腦及週邊設備業,3693 營邦,197.0,186.0,247.75233469532566,0.007672634271099765,-0.010638297872340496,149553338.0,960990762.0,759154.0,5166617.0,2,0,-0.11970767766497448,0.09592588832487325,0.09592588832487325,-0.1967592592592592,1.0
1810 和成,2023-04-25,2023-05-08,2023-04-24,2023-05-05,0.08333333333333334,8,3943,3951,0.014704303258426865,玻璃陶瓷,1810 和成,26.7,27.2,31.02386930227776,-0.005586592178770999,0.00927643784786647,152315009.4,269472820.8,5704682.0,9907089.0,2,0,-0.02667977528089882,0.05942162921348326,0.05942162921348326,-0.08127208480565373,8.0
8033 雷虎,2023-04-25,2023-05-08,2023-04-24,2023-05-05,0.08333333333333334,8,3943,3951,0.10183920524310275,其他,8033 雷虎,72.5,80.2,73.98008519027003,-0.006849315068493178,0.028205128205128327,133332067.5,1641687022.6000001,1839063.0,20469913.0,2,0,-0.03494137931034491,0.07810834482758588,0.0,-0.03494137931034491,7.0
1584 精剛,2023-04-24,2023-05-09,2023-04-21,2023-05-08,0.1,10,3942,3952,0.012442373989715483,其他,1584 精剛,39.5,40.15,45.401161577163485,-0.008782936010037767,-0.00864197530864208,121356719.0,587071613.6999999,3072322.0,14621958.0,2,0,-0.06500129746835404,0.07543829113924061,0.07543829113924061,-0.13058823529411734,10.0
3058 立德,2023-04-26,2023-05-09,2023-04-25,2023-05-08,0.08333333333333333,8,3944,3952,0.27871495688344594,電子零組件業,3058 立德,22.2,28.5,55.609880615712626,0.0,0.0035211267605634866,103236304.8,376484031.0,4650284.0,13209966.0,2,0,-0.011730912162162155,0.2786716216216216,0.0,-0.05457746478873238,8.0
4728 雙美,2023-04-27,2023-05-10,2023-04-26,2023-05-09,0.07692307692307693,8,3945,3953,0.032727971093749586,生技醫療業,4728 雙美,258.0,267.5,330.9625916388822,-0.005780346820809079,-0.009259259259259411,48919638.0,401996592.5,189611.0,1502791.0,2,0,0.0,0.15061598837209256,0.06538517441860447,-0.07849829351535809,9.0
6235 華孚,2023-04-27,2023-05-10,2023-04-26,2023-05-09,0.07692307692307693,8,3945,3953,0.08315033756306023,電腦及週邊設備業,6235 華孚,89.2,97.0,61.610349305804974,-0.01436464088397782,-0.005128205128205221,234647736.0,2121892751.0,2630580.0,21875183.0,2,0,0.0,0.10149447869955108,0.021935874439461767,-0.07324516785350965,9.0
6791 虎門科技,2023-04-27,2023-05-10,2023-04-26,2023-05-09,0.07692307692307693,8,3945,3953,0.08118427033653863,資訊服務業,6791 虎門科技,117.0,127.0,124.0,-0.01680672268907568,0.0,33078240.0,116990495.0,282720.0,921185.0,2,0,0.0,0.19174134615384641,0.059325641025641085,-0.0656370656370655,9.0
3629 地心引力,2023-04-28,2023-05-11,2023-04-27,2023-05-10,0.07692307692307693,8,3946,3954,-0.0357130944974372,文化創意業,3629 地心引力,87.8,85.0,15.942388282627086,0.020930232558139528,-0.05345211581291753,4842170.0,6301560.0,55150.0,74136.0,2,0,0.0,0.14979527334851972,0.0018018223234623765,-0.1108910891089111,9.0
4147 中裕,2023-05-02,2023-05-12,2023-04-28,2023-05-11,0.06666666666666667,8,3947,3955,-0.09602035069327741,生技醫療業,4147 中裕,119.0,108.0,123.0,0.00421940928270037,-0.048458149779735726,420917161.0,2343191760.0,3537119.0,21696220.0,2,0,-0.11806617647058826,0.10871680672268913,0.10871680672268913,-0.20454545454545459,7.0
4741 泓瀚,2023-05-03,2023-05-15,2023-05-02,2023-05-12,0.06666666666666667,8,3948,3956,-0.18203403290228126,化學工業,4741 泓瀚,40.55,33.3,50.42837270833153,-0.014580801944107047,0.0,8342919.199999999,48682335.599999994,205744.0,1461932.0,2,0,-0.1989010480887793,0.0,0.0,-0.1989010480887793,0.0
1727 中華化,2023-05-04,2023-05-16,2023-05-03,2023-05-15,0.0625,8,3949,3957,-0.12666763168884543,化學工業,1727 中華化,41.8,36.65,106.91589983947723,0.0011976047904191933,0.015235457063711877,114172687.19999999,364205856.59999996,2731404.0,9937404.0,3,0,-0.13677386363636346,0.0,0.0,-0.13677386363636346,0.0
6874 倍力,2023-05-02,2023-05-16,2023-04-28,2023-05-15,0.06666666666666667,10,3947,3957,0.002125136299542918,資訊服務業,6874 倍力,164.0,165.0,170.5,0.0,0.0060975609756097615,50891988.0,238155720.0,310317.0,1443368.0,2,0,-0.0004750000000001142,0.09703963414634176,0.03914032012195112,-0.040935672514619714,8.0
6752 叡揚,2023-05-10,2023-05-22,2023-05-09,2023-05-19,0.125,8,3953,3961,0.027809819195651952,資訊服務業,6752 叡揚,172.5,178.0,218.2368946685544,0.0,0.02298850574712641,34862250.0,287011650.0,202100.0,1612425.0,2,0,-0.03234391304347839,0.06615999999999977,0.025599565217391262,-0.05649717514124297,7.0
8227 巨有科技,2023-05-08,2023-05-22,2023-05-05,2023-05-19,0.09090909090909091,10,3951,3961,0.13637936935946104,半導體業,8227 巨有科技,181.0,206.5,175.0,0.011173184357541999,0.05897435897435899,29924006.0,1059896561.5,165326.0,5132671.0,2,0,-0.05845849447513818,0.10168639502762389,0.0,-0.05845849447513818,4.0
3664 安瑞-KY,2023-05-11,2023-05-23,2023-05-10,2023-05-22,0.11111111111111112,8,3954,3962,0.021657091515102422,通信網路業,3664 安瑞-KY,38.9,39.9,32.573777811994766,-0.002564102564102777,-0.022058823529411797,23051945.5,55855371.6,592595.0,1399884.0,2,0,-0.07884392673521834,0.04834498714652935,0.0,-0.07884392673521834,2.0
6148 驊宏資,2023-05-10,2023-05-24,2023-05-09,2023-05-23,0.125,10,3953,3963,0.05854400770646606,資訊服務業,6148 驊宏資,39.05,41.5,23.21236267432977,-0.02375000000000005,0.007281553398058138,64110962.3,360528594.0,1641766.0,8687436.0,2,0,-0.07726309218950078,0.05455646606914222,0.0,-0.07726309218950078,5.0
4160 訊聯基因,2023-05-15,2023-05-25,2023-05-12,2023-05-24,0.125,8,3956,3964,-0.08346507778623957,生技醫療業,4160 訊聯基因,47.6,43.8,51.498130139766936,-0.01039501039501034,-0.020134228187919656,14955539.200000001,34610935.199999996,314192.0,790204.0,2,0,-0.14326428571428573,0.00582452731092431,0.00582452731092431,-0.14822546972860118,1.0
6111 光聚晶電,2023-05-11,2023-05-25,2023-05-10,2023-05-24,0.11111111111111112,10,3954,3964,-0.024138585536317203,文化創意業,6111 光聚晶電,88.8,87.0,77.01520914486049,0.01834862385321112,-0.004576659038901587,160952930.4,544416681.0,1812533.0,6257663.0,2,0,-0.07701520270270235,0.022036824324324522,0.022036824324324522,-0.09691629955947123,2.0
2230 泰茂,2023-05-17,2023-05-29,2023-05-16,2023-05-26,0.1111111111111111,8,3958,3966,0.03760472562039907,居家生活,2230 泰茂,81.5,84.9,98.58318209303287,0.006172839506172867,0.005924170616113722,8772089.5,121872167.10000001,107633.0,1435479.0,2,0,-0.011512699386503122,0.04735503067484692,0.004430644171779186,-0.015873015873015928,5.0
8033 雷虎,2023-05-17,2023-05-29,2023-05-16,2023-05-26,0.1111111111111111,8,3958,3966,0.02155057288099904,其他,8033 雷虎,62.5,64.1,68.69579339096502,-0.006359300476947327,0.012638230647709303,89571625.0,301710943.9,1433146.0,4706879.0,2,0,0.0,0.11307103999999923,0.03950599999999982,-0.07048458149779746,9.0
6276 安鈦克,2023-05-16,2023-06-02,2023-05-15,2023-06-01,0.14285714285714285,13,3957,3970,0.19385909110123234,電腦及週邊設備業,6276 安鈦克,35.5,42.55,12.081086280013398,0.01139601139601143,0.030266343825665842,49318091.0,185413965.25,1389242.0,4357555.0,3,0,-0.0032905633802817746,0.16282767605633786,0.01641838028169018,-0.0556900726392251,13.0
8426 紅木-KY,2023-05-24,2023-06-05,2023-05-23,2023-06-02,0.125,8,3963,3971,0.036678229905062976,其他,8426 紅木-KY,71.1,74.0,128.83007322105286,-0.006983240223463638,0.033519553072625774,45593941.5,258515818.0,641265.0,3493457.0,2,0,-0.05389546413502111,0.10636592827004199,0.0,-0.05389546413502111,2.0
2427 三商電,2023-05-25,2023-06-06,2023-05-24,2023-06-05,0.14285714285714288,8,3964,3972,0.20106020241683953,資訊服務業,2427 三商電,24.05,29.0,33.938240160726224,0.010504201680672232,0.0,129381568.55,885394621.0,5379691.0,30530849.0,3,0,0.0,0.22602858627858602,0.018227130977130912,-0.11525423728813566,9.0
2745 五福,2023-05-23,2023-06-07,2023-05-22,2023-06-06,0.125,11,3962,3973,0.3748318557922541,觀光餐旅,2745 五福,71.0,98.0,85.38179810360042,0.007092198581560183,0.09375,140137102.0,85406118.0,1973762.0,871491.0,3,0,-0.03989288732394347,0.386664964788733,0.08680746478873247,-0.11658031088082887,8.0
2719 燦星旅,2023-05-29,2023-06-08,2023-05-26,2023-06-07,0.16666666666666666,8,3966,3974,0.25793819982920985,觀光餐旅,2719 燦星旅,67.7,85.5,10.225041808783866,0.01957831325301207,0.00588235294117645,19062289.0,59735772.0,281570.0,698664.0,2,0,-0.025573855243722465,0.38043703840472687,0.0,-0.029005524861878462,7.0
2743 山富,2023-05-22,2023-06-08,2023-05-19,2023-06-07,0.125,13,3961,3974,0.4683175194558187,觀光餐旅,2743 山富,116.0,171.0,127.72222222222223,0.05454545454545445,0.06542056074766367,211847436.0,1693373670.0,1826271.0,9902770.0,3,0,-0.0004750000000000032,0.5208289870689655,0.09430754310344835,-0.08661417322834652,13.0
6697 東捷資訊,2023-05-31,2023-06-12,2023-05-30,2023-06-09,0.14285714285714285,8,3968,3976,0.07021024067153236,資訊服務業,6697 東捷資訊,68.5,73.6,82.20181122978325,0.005873715124816492,-0.06242038216560519,10959178.0,59066796.8,159988.0,802538.0,2,0,-0.0019341605839415799,0.14544105839416033,0.0,-0.09936305732484096,8.0
5301 寶得利,2023-06-02,2023-06-14,2023-06-01,2023-06-13,0.11111111111111112,8,3970,3978,0.14808058677302638,觀光餐旅,5301 寶得利,19.0,21.9,1.3013097829085434,0.007957559681697424,-0.01573033707865168,13843457.0,28440106.5,728603.0,1298635.0,2,0,-0.005735657894736734,0.2914915131578948,0.004785657894737172,-0.17107942973523416,8.0
6643 M31,2023-06-02,2023-06-14,2023-06-01,2023-06-13,0.11111111111111112,8,3970,3978,0.04051824217075928,半導體業,6643 M31,896.0,936.0,944.4797624640403,0.015873015873015817,-0.0031948881789137795,413818496.0,2070786744.0,461851.0,2212379.0,3,1,-0.08190951450892836,0.04749327566964334,0.0,-0.08190951450892836,1.0
2736 富野,2023-06-01,2023-06-15,2023-05-31,2023-06-14,0.125,10,3969,3979,0.05166247479140873,觀光餐旅,2736 富野,40.3,42.55,45.43772676927099,-0.02184466019417486,0.013095238095238049,110576026.6,204842550.54999998,2743822.0,4814161.0,3,0,-0.015356265508684741,0.19050124069478946,0.0,-0.15937500000000004,8.0
8227 巨有科技,2023-06-05,2023-06-15,2023-06-02,2023-06-14,0.11111111111111112,8,3971,3979,0.12348384613576968,半導體業,8227 巨有科技,191.5,216.0,188.0,0.013227513227513255,0.04347826086956519,39015444.0,1049054544.0,203736.0,4856734.0,2,0,-0.01874308093994781,0.08042650130548257,0.0,-0.04347826086956519,7.0
6291 沛亨,2023-06-06,2023-06-16,2023-06-05,2023-06-15,0.11111111111111112,8,3972,3980,0.12516945718749972,半導體業,6291 沛亨,243.0,274.5,18.630150788834953,0.014613778705636848,-0.03514938488576447,15952221.0,59514345.0,65647.0,216810.0,2,0,0.0,0.2134151234567898,0.024204629629629437,-0.08813559322033904,9.0
4543 萬在,2023-06-07,2023-06-19,2023-06-06,2023-06-16,0.1111111111111111,8,3973,3981,0.18633052345394785,電機機械,4543 萬在,51.3,61.1,63.90397560250852,-0.013461538461538525,-0.02861685214626397,216257407.2,566575534.2,4215544.0,9272922.0,3,0,0.0,0.22553845029239805,0.03849283625731004,-0.09856915739268668,9.0
2734 易飛網,2023-06-13,2023-06-27,2023-06-12,2023-06-26,0.14285714285714285,8,3977,3985,0.1620602590625,觀光餐旅,2734 易飛網,60.0,70.0,86.53276880327248,0.015228426395939021,0.01744186046511631,122970060.0,256686500.0,2049501.0,3666950.0,2,0,0.0,0.25940149999999984,0.08281874999999994,-0.03076923076923066,9.0
5703 亞都麗緻,2023-06-16,2023-06-30,2023-06-15,2023-06-29,0.16666666666666666,8,3980,3988,-0.05057204365957413,觀光餐旅,5703 亞都麗緻,35.25,33.6,41.1179676204126,0.004273504273504036,-0.057503506311360364,13585103.25,9480172.8,385393.0,282148.0,2,0,-0.06143893617021223,0.09451531914893652,0.09451531914893652,-0.14248704663212408,7.0
6577 勁豐,2023-06-16,2023-06-30,2023-06-15,2023-06-29,0.16666666666666666,8,3980,3988,-0.10241733384743357,電腦及週邊設備業,6577 勁豐,131.5,118.5,196.5637712675863,0.00766283524904221,-0.012500000000000067,74319592.0,111043861.5,565168.0,937079.0,3,0,-0.12589068441064644,0.04893117870722441,0.04893117870722441,-0.16666666666666674,1.0
8034 榮群,2023-06-16,2023-06-30,2023-06-15,2023-06-29,0.16666666666666666,8,3980,3988,-0.0839882141573659,通信網路業,8034 榮群,22.4,20.6,23.783245383558516,0.0,0.0024330900243310083,56017337.599999994,77479257.4,2500774.0,3761129.0,2,0,-0.08302505580357122,0.09992371651785725,0.09992371651785725,-0.16632860040567943,2.0
6625 必應,2023-06-15,2023-07-03,2023-06-14,2023-06-30,0.2,10,3979,3989,0.010280959919642951,其他,6625 必應,140.0,142.0,158.91168347894734,0.040892193308550207,0.021582733812949728,204681120.0,875250654.0,1462008.0,6163737.0,2,0,-0.10042749999999989,0.0,0.0,-0.10042749999999989,0.0
2743 山富,2023-06-19,2023-07-05,2023-06-16,2023-07-04,0.14285714285714285,10,3981,3991,0.0726710083653852,觀光餐旅,2743 山富,162.5,175.0,172.05555555555557,0.01880877742946696,0.011560693641618602,54836275.0,1279790750.0,337454.0,7313090.0,2,0,-0.015852307692307832,0.11946800000000035,0.03643053846153843,-0.05219780219780201,10.0
4533 協易機,2023-06-19,2023-07-06,2023-06-16,2023-07-05,0.14285714285714285,11,3981,3992,0.2760661708810237,電機機械,4533 協易機,24.9,31.9,46.70956413195012,-0.009940357852882609,0.07226890756302518,274927946.7,270802704.7,11041283.0,8489113.0,3,0,-0.028574096385542203,0.3126292168674698,0.0,-0.07523510971786829,11.0
2468 華經,2023-06-27,2023-07-07,2023-06-26,2023-07-06,0.125,8,3985,3993,-0.06199331736013969,資訊服務業,2468 華經,42.9,40.4,85.11382187772068,0.009411764705882453,0.02020202020202011,136134012.29999998,483482232.8,3173287.0,11967382.0,2,0,-0.14143365384615358,0.0065146853146855754,0.0065146853146855754,-0.1469907407407407,1.0
6235 華孚,2023-06-26,2023-07-10,2023-06-21,2023-07-07,0.125,10,3984,3994,0.061581364481908096,電腦及週邊設備業,6235 華孚,152.0,162.0,104.37279569897882,-0.022508038585209,0.009345794392523255,230553752.0,1740654036.0,1516801.0,10744778.0,3,0,-0.03335411184210535,0.09158651315789479,0.015964555921052614,-0.04854368932038844,8.0
6120 達運,2023-06-29,2023-07-11,2023-06-28,2023-07-10,0.0909090909090909,8,3987,3995,0.21965508239795906,光電業,6120 達運,14.7,18.0,22.87323145758059,0.010309278350515427,0.02857142857142847,24865211.7,775272942.0,1691511.0,43070719.0,2,0,-0.0004750000000000032,0.2035096938775509,0.0,-0.022950819672131084,8.0
6125 廣運,2023-06-29,2023-07-11,2023-06-28,2023-07-10,0.0909090909090909,8,3987,3995,0.2600275196424353,電機機械,6125 廣運,63.3,78.5,156.08714223027292,0.019323671497584405,0.02614379084967311,404959281.29999995,218779578.5,6397461.0,2787001.0,3,2,-0.011528199052132537,0.4093868929397564,0.0,-0.12571428571428567,8.0
6643 M31,2023-06-30,2023-07-12,2023-06-29,2023-07-11,0.11111111111111112,8,3988,3996,0.03605784462538586,半導體業,6643 M31,971.0,1010.0,1065.425948577014,0.0030991735537191367,0.03271983640081788,127050495.0,1540507550.0,130845.0,1525255.0,2,0,-0.027238800205973246,0.10658020082389275,0.02834755406797096,-0.054054054054053835,4.0
1471 首利,2023-07-03,2023-07-13,2023-06-30,2023-07-12,0.1,8,3989,3997,0.2955889223709234,電子零組件業,1471 首利,13.8,17.95,12.23836608069053,0.01098901098901095,0.011267605633802802,116950901.4,195926996.35,8474703.0,10915153.0,2,0,0.0,0.33269999999999933,0.0755758152173911,-0.09782608695652151,9.0
2722 夏都,2023-06-29,2023-07-13,2023-06-28,2023-07-12,0.0909090909090909,10,3987,3997,-0.19791630239144775,觀光餐旅,2722 夏都,95.0,76.5,167.26190623309415,-0.02162718846549949,-0.021739130434782705,34969785.0,83532186.0,368103.0,1091924.0,2,0,-0.1951193421052635,0.020567631578947143,0.020567631578947143,-0.21134020618556715,1.0
1519 華城,2023-07-04,2023-07-14,2023-07-03,2023-07-13,0.0909090909090909,8,3990,3998,0.2583452519562499,電機機械,1519 華城,150.0,189.5,333.8220069170097,0.006711409395973034,0.041208791208791284,228507750.0,1738615883.0,1523385.0,9174754.0,3,1,-0.02712900000000007,0.3327,0.0,-0.02712900000000007,5.0
2059 川湖,2023-07-03,2023-07-18,2023-06-30,2023-07-17,0.1,11,3989,4000,0.2876150609862558,電子零組件業,2059 川湖,673.0,870.0,1233.6305494844946,0.015082956259427016,0.09848484848484862,697990509.0,4025027160.0,1037133.0,4626468.0,3,0,-0.00938606983655288,0.2935903046062409,0.052991419019316366,-0.05923836389280679,10.0
8996 高力,2023-07-07,2023-07-19,2023-07-06,2023-07-18,0.11111111111111112,8,3993,4001,0.0455790807665748,電機機械,8996 高力,362.0,380.0,786.5321405355589,0.016853932584269593,0.03825136612021862,130310950.0,5487614960.0,359975.0,14441092.0,2,0,-0.08330856353591154,0.07959744475138142,0.0,-0.08330856353591154,2.0
6451 訊芯-KY,2023-07-10,2023-07-20,2023-07-07,2023-07-19,0.1,8,3994,4002,0.08512944051829252,半導體業,6451 訊芯-KY,123.0,134.0,160.81359583034356,0.004081632653061051,0.022900763358778553,171711444.0,887196848.0,1396028.0,6620872.0,2,0,-0.037042987804878136,0.06859786585365857,0.06859786585365857,-0.09885931558935368,6.0
3013 晟銘電,2023-07-11,2023-07-21,2023-07-10,2023-07-20,0.1111111111111111,8,3995,4003,0.22381943677505012,電腦及週邊設備業,3013 晟銘電,40.3,49.15,65.70496764760344,0.010025062656641825,-0.06380952380952387,249829452.6,2450173504.4,6199242.0,49850936.0,2,0,0.0,0.4192338520575245,0.02432710918114145,-0.01573849878934619,9.0
2230 泰茂,2023-07-10,2023-07-24,2023-07-07,2023-07-21,0.1,10,3994,4004,0.09437434575107351,居家生活,2230 泰茂,116.5,128.0,139.02756449017457,0.008658008658008587,0.01587301587301604,40000974.0,417824000.0,343356.0,3264250.0,2,0,-0.0605322961373389,0.08103133047210331,0.0,-0.09920634920634919,1.0
3564 其陽,2023-07-12,2023-07-24,2023-07-11,2023-07-21,0.08333333333333333,8,3996,4004,0.13955061724046613,通信網路業,3564 其陽,59.0,67.5,80.40372737610137,0.0,0.010479041916167775,44123740.0,247093335.0,747860.0,3660642.0,2,0,-0.064851186440678,0.2383945338983049,0.011383771186440628,-0.07537688442211055,4.0
6117 迎廣,2023-07-12,2023-07-24,2023-07-11,2023-07-21,0.08333333333333333,8,3996,4004,-0.11678232542236333,電腦及週邊設備業,6117 迎廣,25.6,22.7,35.38296842556765,0.013861386138613874,0.022522522522522515,39301145.6,53828532.699999996,1535201.0,2371301.0,2,0,-0.13322441406250007,0.015142578124999861,0.015142578124999861,-0.14615384615384608,1.0
6125 廣運,2023-07-12,2023-07-24,2023-07-11,2023-07-21,0.08333333333333333,8,3996,4004,0.27619117736328125,電機機械,6125 廣運,80.0,102.5,194.32039242160872,0.020408163265306145,0.06327800829875518,289832720.0,5006927482.5,3622909.0,48848073.0,2,0,-0.04545362499999994,0.29313546875000007,0.0,-0.04545362499999994,6.0
8048 德勝,2023-07-12,2023-07-24,2023-07-11,2023-07-21,0.08333333333333333,8,3996,4004,0.129696195490969,通信網路業,8048 德勝,87.2,98.9,217.0250098524502,0.01631701631701632,-0.010010010010010006,212080079.20000002,601898773.7,2432111.0,6085933.0,2,0,0.0,0.14509802178899078,0.038497305045871455,-0.09999999999999998,9.0
8093 保銳,2023-07-13,2023-07-25,2023-07-12,2023-07-24,0.08333333333333334,8,3997,4005,0.030679213121165727,電子零組件業,8093 保銳,24.45,25.3,22.846477341353634,0.023012552301255207,-0.015564202334630184,41012038.8,89018707.8,1677384.0,3518526.0,2,0,-0.043399386503067294,0.15487039877300623,0.06697760736196345,-0.10344827586206906,6.0
6538 倉和,2023-07-14,2023-07-26,2023-07-13,2023-07-25,0.07692307692307693,8,3998,4006,-0.004023308108491053,電子零組件業,6538 倉和,154.0,150.5,252.69560364207396,0.0,0.05244755244755228,101659866.0,999900930.0,660129.0,6643860.0,2,0,-0.07692013685817511,0.0352223214285714,0.0352223214285714,-0.1083269322593371,4.0
4979 華星光,2023-07-13,2023-07-27,2023-07-12,2023-07-26,0.08333333333333334,10,3997,4007,0.20302342218344105,通信網路業,4979 華星光,154.0,186.0,255.5471563013217,0.033557046979865834,0.03910614525139655,877384508.0,6980017536.0,5697302.0,37526976.0,2,0,-0.016701055194805248,0.2137089285714282,0.10986217532467535,-0.11403508771929827,10.0
2743 山富,2023-07-14,2023-07-28,2023-07-13,2023-07-27,0.07692307692307693,10,3998,4008,0.17534094773749942,觀光餐旅,2743 山富,125.0,147.5,135.11111111111111,-0.011857707509881243,0.03873239436619724,122690375.0,456102302.5,981523.0,3092219.0,2,0,-0.02446360000000014,0.24740719999999938,0.023513600000000023,-0.06415094339622662,8.0
3231 緯創,2023-07-18,2023-07-28,2023-07-17,2023-07-27,0.07692307692307693,8,4000,4008,0.08022502955105648,電腦及週邊設備業,3231 緯創,142.0,154.0,653.689248723921,0.017921146953405076,0.0,7563852230.0,32255926626.0,53266565.0,209454069.0,2,0,-0.09901971830985912,0.11214753521126775,0.0,-0.09901971830985912,6.0
2745 五福,2023-07-19,2023-07-31,2023-07-18,2023-07-28,0.07142857142857142,8,4001,4009,0.22317680407961804,觀光餐旅,2745 五福,78.5,96.4,86.26658357617659,0.0,-0.02626262626262621,17186790.0,182431698.0,218940.0,1892445.0,2,0,-0.006841401273885328,0.26054745222929965,0.0,-0.10000000000000009,8.0
6703 軒郁,2023-07-19,2023-07-31,2023-07-18,2023-07-28,0.07142857142857142,8,4001,4009,0.025833925892856824,生技醫療業,6703 軒郁,301.0,310.0,405.1692664523842,-0.013114754098360715,0.006493506493506551,127280559.0,160544660.0,422859.0,517886.0,2,0,-0.033681810631229436,0.052655897009966646,0.052655897009966646,-0.082018927444795,8.0
1519 華城,2023-07-20,2023-08-01,2023-07-19,2023-07-31,0.06666666666666667,8,4002,4010,0.29517384305736605,電機機械,1519 華城,193.0,248.0,463.7661438377248,-0.007712082262210762,0.03765690376569042,302247457.0,4896516216.0,1566049.0,19744017.0,2,0,0.0,0.25252408769955603,0.07202940414507775,-0.09832635983263593,9.0
2388 威盛,2023-07-20,2023-08-01,2023-07-19,2023-07-31,0.06666666666666667,8,4002,4010,0.015582075147059227,半導體業,2388 威盛,127.5,130.0,29.681376474555478,0.0,-0.022556390977443663,847868115.0,3769280840.0,6649946.0,28994468.0,2,0,-0.047511470588234905,0.18767088235294138,0.18767088235294138,-0.19801980198019786,8.0
2356 英業達,2023-07-24,2023-08-04,2023-07-21,2023-08-02,0.07692307692307691,8,4004,4012,-0.2088100363829788,電腦及週邊設備業,2356 英業達,70.5,56.0,274.00588425747645,0.05223880597014907,-0.04923599320882854,4005080536.5,6690098240.0,56809653.0,119466040.0,2,0,-0.17769574468085125,0.020791489361702054,0.020791489361702054,-0.19444444444444453,1.0
3706 神達,2023-07-24,2023-08-04,2023-07-21,2023-08-02,0.07692307692307691,8,4004,4012,-0.12772384803387937,電腦及週邊設備業,3706 神達,51.1,44.75,117.75706169960802,0.036511156186612714,-0.004449388209121219,1373810929.4,1657764197.5,26884754.0,37045010.0,2,0,-0.12077008317025428,0.0,0.0,-0.12077008317025428,0.0
6442 光聖,2023-07-25,2023-08-04,2023-07-24,2023-08-02,0.07142857142857142,7,4005,4012,-0.12331539139397463,通信網路業,6442 光聖,75.1,66.1,108.00529036578818,0.0013333333333331865,-0.010479041916167553,33508868.999999996,24730521.799999997,446190.0,374138.0,2,2,-0.1428840213049265,0.01682703062583224,0.01682703062583224,-0.15706806282722485,1.0
6579 研揚,2023-07-25,2023-08-04,2023-07-24,2023-08-02,0.07142857142857142,7,4005,4012,0.0014357136013511962,電腦及週邊設備業,6579 研揚,185.0,186.0,275.68789296948137,0.005434782608695565,-0.023622047244094446,240762330.0,220678212.0,1301418.0,1186442.0,2,2,0.0,0.2642640540540542,0.09137324324324325,-0.18589743589743601,8.0
2316 楠梓電,2023-07-26,2023-08-07,2023-07-25,2023-08-04,0.05555555555555555,7,4006,4013,-0.011601874681668067,電子零組件業,2316 楠梓電,45.55,45.2,58.28658927974013,-0.008705114254624724,0.0,315453928.65,178893690.0,6925443.0,3957825.0,3,0,-0.03777889681668467,0.05218932491767325,0.05218932491767325,-0.08550573514077164,4.0
3362 先進光,2023-07-26,2023-08-07,2023-07-25,2023-08-04,0.05555555555555555,7,4006,4013,-0.003948349375000326,光電業,3362 先進光,151.0,151.0,161.98215966621993,0.0033222591362127574,-0.013071895424836555,605625666.0,335137101.0,4010766.0,2219451.0,2,0,-0.05673965231788081,0.0392412251655625,0.0,-0.05673965231788081,2.0
3363 上詮,2023-07-24,2023-08-07,2023-07-21,2023-08-04,0.07692307692307691,9,4004,4013,-0.07226464914351849,通信網路業,3363 上詮,72.9,67.9,110.00800996281427,0.03111739745403108,-0.002936857562408135,260947080.9,209506061.10000002,3579521.0,3085509.0,2,0,-0.0662873456790124,0.0488842592592591,0.0488842592592591,-0.1098039215686274,4.0
6150 撼訊,2023-07-26,2023-08-07,2023-07-25,2023-08-04,0.05555555555555555,7,4006,4013,-0.2177350451189023,電腦及週邊設備業,6150 撼訊,102.5,80.5,77.0078718454145,0.009852216748768239,-0.011056511056511176,119386260.0,58327160.5,1164744.0,724561.0,2,0,-0.22183321951219515,0.0,0.0,-0.22183321951219515,0.0
6527 明達醫,2023-07-26,2023-08-07,2023-07-25,2023-08-04,0.05555555555555555,7,4006,4013,-0.20911796287980755,生技醫療業,6527 明達醫,117.0,92.9,128.05268067640793,0.0,-0.007478632478632341,154683828.0,32544542.200000003,1322084.0,350318.0,2,0,-0.22430025641025642,0.0,0.0,-0.22430025641025642,0.0
6530 創威,2023-07-26,2023-08-07,2023-07-25,2023-08-04,0.05555555555555555,7,4006,4013,-0.20046664801182457,通信網路業,6530 創威,37.0,29.7,48.36092417018972,0.0,-0.02782324058919794,20511579.0,9042966.9,554367.0,304477.0,2,0,-0.2125363851351353,0.0,0.0,-0.2125363851351353,0.0
6569 醫揚,2023-07-21,2023-08-07,2023-07-20,2023-08-04,0.06666666666666667,10,4003,4013,-0.1386076926998392,生技醫療業,6569 醫揚,233.0,201.5,524.5074540683695,0.004310344827586299,0.025445292620865034,118291071.0,33314801.0,507687.0,165334.0,3,0,-0.1570529506437769,0.04242306866952794,0.04242306866952794,-0.1913580246913581,2.0
3483 力致,2023-07-27,2023-08-08,2023-07-26,2023-08-07,0.05,7,4007,4014,0.02343451387242257,電腦及週邊設備業,3483 力致,145.5,149.5,374.65019363363433,0.03191489361702149,0.006734006734006703,381310540.5,425990532.5,2620691.0,2849435.0,2,0,-0.09664922680412369,0.1266123711340208,0.1266123711340208,-0.19817073170731714,5.0
8210 勤誠,2023-07-27,2023-08-08,2023-07-26,2023-08-07,0.05,7,4007,4014,-0.0860283294933184,電腦及週邊設備業,8210 勤誠,224.5,206.0,638.8866471597842,0.02511415525114158,0.009803921568627416,752647924.0,552650826.0,3352552.0,2682771.0,2,0,-0.198599109131403,0.0,0.0,-0.198599109131403,0.0
8996 高力,2023-07-28,2023-08-09,2023-07-27,2023-08-08,0.05,7,4008,4015,-0.14758382999073472,電機機械,8996 高力,371.0,317.5,799.7511681075852,-0.005361930294906059,-0.01244167962674958,302803893.0,291993637.5,816183.0,919665.0,2,0,-0.14730549191374676,0.0,0.0,-0.14730549191374676,0.0
3035 智原,2023-07-27,2023-08-10,2023-07-26,2023-08-09,0.05,9,4007,4016,-0.08282821611704216,半導體業,3035 智原,322.0,296.5,604.527951385581,-0.05294117647058838,-0.014950166112956853,4464720302.0,1595081643.0,13865591.0,5379702.0,2,0,-0.13084782608695678,0.027462034161490623,0.027462034161490623,-0.15407854984894276,2.0
4188 安克,2023-07-31,2023-08-10,2023-07-28,2023-08-09,0.052631578947368425,7,4009,4016,-0.12845480570312495,生技醫療業,4188 安克,24.8,21.7,23.15,-0.008000000000000007,-0.026905829596412634,21619276.0,6799130.8,871745.0,313324.0,2,0,-0.17377973790322576,0.0,0.0,-0.17377973790322576,0.0
2421 建準,2023-08-01,2023-08-11,2023-07-31,2023-08-10,0.05555555555555555,7,4010,4017,-0.04545050148437502,電子零組件業,2421 建準,132.0,126.5,357.32428863429647,0.0,0.02429149797570851,1127194728.0,581610315.0,8539354.0,4597710.0,2,0,-0.11405738636363627,0.05253011363636362,0.0,-0.11405738636363627,3.0
6811 宏碁資訊,2023-07-28,2023-08-14,2023-07-27,2023-08-11,0.05,10,4008,4018,-0.19037512890374342,數位雲端,6811 宏碁資訊,374.0,304.0,384.06832298136646,-0.015789473684210575,-0.006535947712418277,257171376.0,35338480.0,687624.0,116245.0,3,0,-0.2075958221925135,0.0,0.0,-0.2075958221925135,0.0
2329 華泰,2023-08-04,2023-08-15,2023-08-02,2023-08-14,0.06666666666666667,7,4012,4019,0.0721389294921877,半導體業,2329 華泰,43.2,46.5,20.773717766445273,0.0,0.027624309392265234,909843321.6,564624483.0,21061188.0,12142462.0,2,0,0.0,0.17073993055555547,0.08744618055555553,-0.13438735177865613,8.0
4979 華星光,2023-08-08,2023-08-21,2023-08-07,2023-08-18,0.14285714285714285,9,4014,4023,0.04456065958400979,通信網路業,4979 華星光,154.0,161.5,243.2217307562419,0.019867549668874274,0.01572327044025168,492555294.0,452128940.0,3198411.0,2799560.0,2,0,-0.13352865259740265,0.12608823051948037,0.0,-0.13352865259740265,5.0
5511 德昌,2023-08-10,2023-08-22,2023-08-09,2023-08-21,0.2,8,4016,4024,-0.10955382558584326,建材營造,5511 德昌,83.0,74.2,322.74381638165374,0.0036275695284160303,-0.008021390374331472,19879911.0,63324357.6,239517.0,853428.0,2,0,-0.12932942771084333,0.0,0.0,-0.12932942771084333,0.0
2743 山富,2023-08-15,2023-08-25,2023-08-14,2023-08-24,0.20000000000000004,8,4019,4027,0.15308682076858138,觀光餐旅,2743 山富,111.0,128.5,111.88888888888889,-0.017699115044247815,0.06198347107438007,107985129.0,712012589.0,972839.0,5540954.0,2,0,-0.04549864864864872,0.12559121621621672,0.0,-0.04549864864864872,7.0
3043 科風,2023-08-23,2023-09-04,2023-08-22,2023-09-01,0.2,8,4025,4033,0.053717798819079565,其他電子業,3043 科風,57.0,60.3,18.69834535905811,0.036363636363636376,-0.02741935483870972,111616146.0,228476217.6,1958178.0,3788992.0,2,0,0.0,0.15208407894736897,0.041610263157894956,-0.106544901065449,9.0
3362 先進光,2023-08-25,2023-09-06,2023-08-24,2023-09-05,0.2,8,4027,4035,0.09700283143158783,光電業,3362 先進光,148.0,163.0,172.7809703106346,-0.010033444816053505,0.0,106538392.0,1469497975.0,719854.0,9015325.0,2,0,0.0,0.10082820945945947,0.026539189189189072,-0.030674846625766694,9.0
3306 鼎天,2023-08-25,2023-09-08,2023-08-24,2023-09-07,0.2,10,4027,4037,-0.054143078225393104,通信網路業,3306 鼎天,63.5,60.3,99.05490662341894,-0.023076923076923106,-0.02741935483870972,109792008.0,328810171.5,1729008.0,5452905.0,2,0,-0.12167724409448777,0.04989476377952795,0.04989476377952795,-0.1634182908545726,6.0
6117 迎廣,2023-08-29,2023-09-12,2023-08-28,2023-09-11,0.2,10,4029,4039,0.027718032581286023,電腦及週邊設備業,6117 迎廣,34.6,35.7,52.23200100917129,0.0028985507246377384,0.020000000000000018,69672601.4,281605991.1,2013659.0,7888123.0,2,0,-0.08136141618497117,0.11074382225433532,0.11074382225433532,-0.17295188556566976,10.0
4979 華星光,2023-09-04,2023-09-14,2023-09-01,2023-09-13,0.2,8,4033,4041,0.09284663861677167,通信網路業,4979 華星光,159.5,175.0,276.0895322097881,0.0,0.0,302258880.0,6581517075.0,1895040.0,37608669.0,3,1,0.0,0.09665752351097234,0.05279122257053315,-0.032738095238095455,9.0
2816 旺旺保,2023-09-12,2023-09-22,2023-09-11,2023-09-21,0.2,8,4039,4047,-0.055260101073863366,金融保險業,2816 旺旺保,33.0,31.3,2.8530645380168034,-0.0060240963855421326,-0.033950617283950546,52201050.0,183737040.9,1581850.0,5870193.0,2,0,-0.08225431818181783,0.11613625000000027,0.11613625000000027,-0.1777476255088194,7.0
3548 兆利,2023-09-12,2023-09-22,2023-09-11,2023-09-21,0.2,8,4039,4047,0.024982611431535684,電子零組件業,3548 兆利,120.5,124.0,254.74341612424269,-0.008230452674897082,-0.027450980392156876,223326265.0,1432818636.0,1853330.0,11554989.0,2,0,-0.004622406639004151,0.1695686721991707,0.0,-0.11347517730496459,8.0
2358 廷鑫,2023-09-13,2023-09-25,2023-09-12,2023-09-22,0.16666666666666666,8,4040,4048,-0.08439867500240406,其他,2358 廷鑫,13.0,11.95,7.635395310478349,0.0,-0.016460905349794386,34244379.0,84151302.5,2634183.0,7041950.0,2,0,-0.06582855769230778,0.0072136538461538,0.0072136538461538,-0.07251908396946571,2.0
4542 科嶠,2023-09-08,2023-09-25,2023-09-07,2023-09-22,0.2,11,4037,4048,-0.05637212046052653,電子零組件業,4542 科嶠,68.4,64.8,112.36163958093522,-0.09999999999999998,-0.018181818181818188,35352813.6,219217104.0,516854.0,3382980.0,3,0,-0.07938486842105275,0.012676644736842269,0.012676644736842269,-0.09090909090909116,1.0
6122 擎邦,2023-09-11,2023-09-25,2023-09-08,2023-09-22,0.2,10,4038,4048,-0.17842678477359686,電機機械,6122 擎邦,58.8,48.5,111.59992167543045,0.03703703703703698,0.0,144081285.6,278579926.0,2450362.0,5743916.0,2,0,-0.18236135204081638,0.0,0.0,-0.18236135204081638,0.0
5321 美而快,2023-09-21,2023-10-04,2023-09-20,2023-10-03,0.16666666666666666,8,4046,4054,-0.021195997004870182,數位雲端,5321 美而快,115.5,113.5,3.1828817652745536,-0.021186440677966045,-0.017316017316017396,67529731.5,279427125.5,584673.0,2461913.0,2,0,-0.009128896103896111,0.1250064935064934,0.1250064935064934,-0.11923076923076914,6.0
8420 明揚,2023-10-05,2023-10-19,2023-10-04,2023-10-18,0.2,8,4055,4063,-0.045853435000000164,其他,8420 明揚,61.8,59.2,92.43426589895518,0.00815660685154973,-0.011686143572620988,31286311.799999997,6861812.800000001,506251.0,115909.0,6,4,-0.04576092233009721,0.07230594660194156,0.07230594660194156,-0.11010558069381593,5.0
5432 新門,2023-10-06,2023-10-24,2023-10-05,2023-10-23,0.2,10,4056,4066,-0.1530173038903062,綠能環保,5432 新門,73.5,62.5,5.009702748923589,0.005471956224350372,0.006441223832528209,28919457.0,27663687.5,393462.0,442619.0,2,0,-0.15550336734693881,0.05936051020408173,0.05936051020408173,-0.20282413350449302,3.0
6117 迎廣,2023-10-11,2023-10-25,2023-10-06,2023-10-24,0.20000000000000004,10,4057,4067,-0.08985013443916845,電腦及週邊設備業,6117 迎廣,48.7,44.5,68.37899056845812,-0.09981515711645095,0.0348837209302324,24839532.400000002,677631137.0,510052.0,15227666.0,3,0,-0.15953698665297722,0.0,0.0,-0.15953698665297722,0.0
2417 圓剛,2023-10-13,2023-10-27,2023-10-12,2023-10-26,0.2,10,4059,4069,-0.052759456296899265,電腦及週邊設備業,2417 圓剛,32.65,31.05,67.23332137086524,-0.010606060606060508,0.045454545454545636,63446590.099999994,84121001.55,1943234.0,2709211.0,2,0,-0.11986696018376741,0.0,0.0,-0.11986696018376741,0.0
8227 巨有科技,2023-10-18,2023-10-30,2023-10-17,2023-10-27,0.2,8,4062,4070,-0.013128548919930982,半導體業,8227 巨有科技,217.0,215.0,219.83193277310923,-0.013636363636363669,-0.022727272727272818,417814838.0,964054195.0,1925414.0,4483973.0,3,0,-0.07647574884792607,0.02716163594470067,0.02716163594470067,-0.10089686098654704,3.0
2364 倫飛,2023-10-23,2023-11-02,2023-10-20,2023-11-01,0.16666666666666666,8,4065,4073,0.016947839099650475,電腦及週邊設備業,2364 倫飛,143.0,146.0,8.186040847866433,-0.03050847457627104,0.03546099290780136,63404341.0,622919366.0,443387.0,4266571.0,2,0,-0.10182543706293701,0.006514685314685353,0.006514685314685353,-0.10763888888888884,2.0
2363 矽統,2023-10-20,2023-11-03,2023-10-19,2023-11-02,0.2,10,4064,4074,0.12457444425403241,半導體業,2363 矽統,52.7,59.5,44.5431685658005,-0.013108614232209659,0.02409638554216853,1469681948.1000001,13112581618.5,27887703.0,220379523.0,3,0,-0.055477324478178325,0.10194312144212536,0.024181214421252317,-0.09982788296041312,5.0
6530 創威,2023-10-25,2023-11-08,2023-10-24,2023-11-07,0.16666666666666666,10,4067,4077,-0.06620157753906253,通信網路業,6530 創威,56.0,52.5,76.57146326946706,-0.01754385964912275,-0.03669724770642202,115667664.0,315679087.5,2065494.0,6012935.0,2,0,-0.13969455357142846,0.0,0.0,-0.13969455357142846,0.0
6643 M31,2023-10-25,2023-11-08,2023-10-24,2023-11-07,0.16666666666666666,10,4067,4077,0.05651836230753271,半導體業,6643 M31,906.0,961.0,1129.577301932813,0.00890868596881944,0.022340425531914843,509377662.0,3194200630.0,562227.0,3323830.0,2,0,-0.03798476821192098,0.0944026490066221,0.022692798013244975,-0.05933117583603065,6.0
3041 揚智,2023-10-30,2023-11-09,2023-10-27,2023-11-08,0.2,8,4070,4078,-0.04821731162500009,半導體業,3041 揚智,27.0,25.8,31.281548809458585,0.005586592178770777,-0.03007518796992481,113678937.0,422400902.40000004,4210331.0,16372128.0,2,0,-0.11893722222222225,0.02728958333333309,0.0,-0.11893722222222225,1.0
6593 台灣銘板,2023-11-01,2023-11-13,2023-10-31,2023-11-10,0.16666666666666666,8,4072,4080,0.1248514330334054,資訊服務業,6593 台灣銘板,116.0,131.0,137.99656445686486,0.022026431718061845,-0.03676470588235292,123401496.0,512608502.0,1063806.0,3913042.0,3,0,-0.0004750000000000032,0.2881809267241382,0.0,-0.04693140794223816,8.0
4979 華星光,2023-11-03,2023-11-15,2023-11-02,2023-11-14,0.2,8,4074,4082,0.03706554212132307,通信網路業,4979 華星光,170.0,177.0,276.91122724612677,0.011904761904761862,0.0028328611898016387,811523220.0,1076949774.0,4773666.0,6084462.0,2,0,-0.00929433823529413,0.08771838235294105,0.0,-0.07567567567567579,8.0
3715 定穎投控,2023-11-07,2023-11-17,2023-11-06,2023-11-16,0.14285714285714285,8,4076,4084,0.07408334675691242,電子零組件業,3715 定穎投控,86.8,93.6,89.64362416107382,0.008130081300812941,0.0,499621407.59999996,4912304155.2,5756007.0,52481882.0,2,0,-0.07071811635944691,0.07782880184331797,0.005282632488479155,-0.07560137457044658,5.0
8227 巨有科技,2023-11-08,2023-11-20,2023-11-07,2023-11-17,0.16666666666666666,8,4077,4085,0.15570586256728491,半導體業,8227 巨有科技,209.0,242.5,209.74789915966386,0.017031630170316392,0.03191489361702127,93469607.0,2173515375.0,447223.0,8962950.0,2,0,-0.02199587320574159,0.236254605263158,0.0,-0.02199587320574159,5.0
8054 安國,2023-11-07,2023-11-21,2023-11-06,2023-11-20,0.14285714285714285,10,4076,4086,0.27111908759005177,半導體業,8054 安國,58.3,74.4,134.07071223151928,-0.011864406779660941,-0.005347593582887722,185768694.1,1820871031.2,3186427.0,24474073.0,2,0,-0.009047255574614055,0.31155510291595223,0.02867066895368775,-0.036666666666666625,10.0
1449 佳和,2023-11-13,2023-11-23,2023-11-10,2023-11-22,0.2,8,4080,4088,0.2057467349671056,紡織纖維,1449 佳和,19.95,24.15,1.0467010697910386,0.015267175572518887,-0.0020661157024793875,52705625.699999996,346780427.7,2641886.0,14359438.0,2,0,0.0,0.21245639097744395,0.012050375939849811,-0.025423728813559254,9.0
6643 M31,2023-11-17,2023-11-29,2023-11-16,2023-11-28,0.2,8,4084,4092,0.04902207208680909,半導體業,6643 M31,959.0,1010.0,1152.729371767466,-0.0010416666666667185,0.010000000000000009,149289448.0,2673683110.0,155672.0,2647211.0,2,0,-0.014024348279457755,0.057891423357664396,0.0,-0.02566735112936347,4.0
6122 擎邦,2023-11-20,2023-12-04,2023-11-17,2023-12-01,0.2,10,4085,4095,-0.014893971909340942,電機機械,6122 擎邦,72.8,72.0,145.65069142825138,0.0027548209366392573,-0.006896551724137834,167946833.6,757674864.0,2306962.0,10523262.0,3,0,-0.09932912087912116,0.04071421703296685,0.04071421703296685,-0.13456464379947242,4.0
2543 皇昌,2023-11-23,2023-12-05,2023-11-22,2023-12-04,0.2,8,4088,4096,-0.0636531997779608,建材營造,2543 皇昌,34.2,32.15,45.726946521930074,-0.0014598540145983607,-0.03308270676691727,89352322.2,261181230.95,2612641.0,8123833.0,3,0,-0.12468497807017564,0.0784348684210523,0.0784348684210523,-0.18834688346883466,3.0
1515 力山,2023-11-22,2023-12-06,2023-11-21,2023-12-05,0.2,10,4087,4097,-0.10524173757415256,電機機械,1515 力山,59.0,53.0,68.14651467255115,-0.008403361344537674,-0.020332717190388205,107161287.0,588648581.0,1816293.0,11106577.0,2,0,-0.09195694915254238,0.021548432203389645,0.021548432203389645,-0.11111111111111094,3.0
3228 金麗科,2023-11-27,2023-12-07,2023-11-24,2023-12-06,0.16666666666666666,8,4090,4098,0.09001878747641534,半導體業,3228 金麗科,238.5,261.0,280.51839982007823,-0.016494845360824795,-0.015094339622641506,302348596.5,679861152.0,1267709.0,2604832.0,3,0,-0.02771572327044014,0.16506477987421397,0.0,-0.10251798561151071,8.0
8467 波力-KY,2023-11-27,2023-12-07,2023-11-24,2023-12-06,0.16666666666666666,8,4090,4098,-0.003948349374999882,運動休閒,8467 波力-KY,140.0,140.0,202.3966973563397,0.010830324909747446,-0.014084507042253502,88012120.0,359087820.0,628658.0,2564913.0,3,0,0.0,0.15659321428571427,0.053070982142857215,-0.12345679012345667,9.0
8227 巨有科技,2023-11-29,2023-12-11,2023-11-28,2023-12-08,0.16666666666666666,8,4092,4100,0.10881221484669856,半導體業,8227 巨有科技,265.0,295.0,262.1848739495798,0.011450381679389388,0.042402826855123754,80102080.0,2828603665.0,302272.0,9588487.0,2,0,-0.01933396226415096,0.08816212264150991,0.0,-0.03505535055350528,6.0
8089 康全電訊,2023-11-30,2023-12-12,2023-11-29,2023-12-11,0.14285714285714285,8,4093,4101,0.14237882610341512,通信網路業,8089 康全電訊,38.8,44.5,48.16397698568621,0.0038809831824060392,-0.015486725663716783,82335928.0,152237659.5,2122060.0,3421071.0,2,0,0.0,0.2906237757731962,0.06263933634020624,-0.0978043912175649,9.0
3362 先進光,2023-12-01,2023-12-13,2023-11-30,2023-12-12,0.09090909090909091,8,4094,4102,0.006937461014344448,光電業,3362 先進光,183.0,185.0,219.38636361810836,-0.008130081300812941,-0.015957446808510634,525141741.0,1583380590.0,2869627.0,8558814.0,2,0,-0.019591598360655826,0.05414385245901632,0.05414385245901632,-0.06994818652849744,4.0
3437 榮創,2023-12-01,2023-12-13,2023-11-30,2023-12-12,0.09090909090909091,8,4094,4102,-0.00876795413608844,光電業,3437 榮創,31.0,30.85,40.572031991258946,0.006493506493506551,-0.02063492063492056,187173784.0,342011121.0,6037864.0,11086260.0,2,0,0.0,0.06078620967741921,0.05917407258064511,-0.05623100303951323,9.0
3623 富晶通,2023-12-01,2023-12-13,2023-11-30,2023-12-12,0.09090909090909091,8,4094,4102,-1.915154216003412e-05,光電業,3623 富晶通,50.7,50.9,47.568286182730766,0.003960396039603964,0.028282828282828243,25481262.3,295633715.2,502589.0,5808128.0,3,0,-0.121719156804734,0.0350110946745561,0.0350110946745561,-0.15142857142857158,7.0
6716 應廣,2023-12-01,2023-12-13,2023-11-30,2023-12-12,0.09090909090909091,8,4094,4102,-0.03853347613281233,半導體業,6716 應廣,144.0,139.0,226.7029533484913,-0.023728813559321993,-0.047945205479452024,19867968.0,17961163.0,137972.0,129217.0,3,0,-0.042121874999999975,0.06546588541666676,0.00646614583333327,-0.05211726384364812,6.0
6204 艾華,2023-12-04,2023-12-14,2023-12-01,2023-12-13,0.09090909090909091,8,4095,4103,0.07234496854521288,電子零組件業,6204 艾華,117.5,126.5,370.7980535861236,0.0,0.06302521008403361,33669977.5,398640715.0,286553.0,3151310.0,2,0,-0.05576787234042557,0.11011074468085136,0.0,-0.05576787234042557,2.0
1325 恆大,2023-12-06,2023-12-18,2023-12-05,2023-12-15,0.07692307692307693,8,4097,4105,-0.028176632768580956,塑膠工業,1325 恆大,37.0,36.1,76.17651049357548,-0.043927648578811374,0.06804733727810652,188603023.0,167386783.3,5097379.0,4636753.0,3,0,-0.11663601351351338,0.04274770270270278,0.04274770270270278,-0.15284974093264247,4.0
3548 兆利,2023-12-06,2023-12-18,2023-12-05,2023-12-15,0.07692307692307693,8,4097,4105,-0.18911179724759608,電子零組件業,3548 兆利,234.0,190.5,493.5653687407202,-0.004255319148936176,-0.012953367875647714,282605778.0,1364627509.5,1207717.0,7163399.0,2,0,-0.1756054487179487,0.0,0.0,-0.1756054487179487,0.0
4420 光明,2023-12-07,2023-12-19,2023-12-06,2023-12-18,0.07142857142857142,8,4098,4106,-0.001881852174533294,紡織纖維,4420 光明,48.2,48.3,123.49722233341159,0.004166666666666652,-0.016293279022403295,8193277.000000001,51600194.099999994,169985.0,1068327.0,2,0,-0.0803125778008299,0.01818832987551855,0.01818832987551855,-0.09674134419551927,4.0
6482 弘煜科,2023-12-07,2023-12-19,2023-12-06,2023-12-18,0.07142857142857142,8,4098,4106,-0.05367323676969571,文化創意業,6482 弘煜科,64.1,60.9,121.51957993906326,-0.013846153846153952,-0.06451612903225801,13070118.2,11336595.9,203902.0,186151.0,2,0,-0.0020343213728549747,0.06813514040561608,0.06813514040561608,-0.06569343065693423,8.0
3373 熱映,2023-12-06,2023-12-20,2023-12-05,2023-12-19,0.07692307692307693,10,4097,4107,0.05505122574912913,其他電子業,3373 熱映,28.7,30.4,80.4425619697899,0.005253940455341333,0.008291873963515828,21943675.599999998,261669428.79999998,764588.0,8607547.0,2,0,-0.11888562717770024,0.050023649825784,0.0,-0.11888562717770024,2.0
5478 智冠,2023-12-06,2023-12-21,2023-12-05,2023-12-20,0.07692307692307693,11,4097,4108,,文化創意業,5478 智冠,185.5,,394.72734571194695,-0.005361930294906281,,175247971.5,,944733.0,0.0,3,0,-0.05166361185983803,0.10190222371967672,0.10190222371967672,-0.13936430317848403,6.0
9919 康那香,2023-12-07,2023-12-21,2023-12-06,2023-12-20,0.07142857142857142,10,4098,4108,0.07048967433718856,其他,9919 康那香,28.1,30.2,48.31112897685918,-0.03103448275862053,0.023728813559322104,126757526.4,2182298779.7999997,4510944.0,72261549.0,2,0,-0.1089643683274022,0.06355151245551593,0.0,-0.1089643683274022,3.0
5210 寶碩,2023-12-12,2023-12-22,2023-12-11,2023-12-21,0.07142857142857142,8,4101,4109,0.26153623454644936,資訊服務業,5210 寶碩,51.4,65.1,68.47075306169548,0.0,-0.028358208955223785,43441172.6,75223701.0,845159.0,1155510.0,2,0,0.0,0.39038983463035026,0.024804815175097472,-0.08391608391608407,9.0
6117 迎廣,2023-12-12,2023-12-22,2023-12-11,2023-12-21,0.07142857142857142,8,4101,4109,-0.020100538304054116,電腦及週邊設備業,6117 迎廣,74.0,72.8,109.09748597883359,0.034965034965035,0.02390998593530247,234057116.0,983474273.5999999,3162934.0,13509262.0,2,0,-0.03964557432432425,0.05625479729729732,0.04950125000000005,-0.08494208494208488,4.0
6222 立軒,2023-12-14,2023-12-26,2023-12-13,2023-12-25,0.09999999999999999,8,4103,4111,-0.03715007106250001,光電業,6222 立軒,36.0,34.8,6.1245737086092715,0.02564102564102555,-0.09961190168175948,9656856.0,17468277.599999998,268246.0,501962.0,2,0,-0.0337925,0.317429479166667,0.317429479166667,-0.266596417281349,8.0
5426 振發,2023-12-19,2023-12-29,2023-12-18,2023-12-28,0.11111111111111112,8,4106,4114,0.023719752031249985,電腦及週邊設備業,5426 振發,27.0,27.75,62.815406275425346,0.016949152542372836,-0.04965753424657526,91793223.0,317484336.75,3399749.0,11440877.0,3,0,0.0,0.14760277777777775,0.010630833333333367,-0.08709677419354833,9.0
6593 台灣銘板,2023-12-19,2023-12-29,2023-12-18,2023-12-28,0.11111111111111112,8,4106,4114,-0.12226387693542806,資訊服務業,6593 台灣銘板,181.0,159.5,220.08072779758618,-0.010928961748633892,0.0,73639126.0,432759387.5,406846.0,2713225.0,2,0,-0.20479779005524845,0.021613950276243132,0.021613950276243132,-0.22162162162162147,2.0
3287 廣寰科,2023-12-18,2024-01-02,2023-12-15,2023-12-29,0.1111111111111111,10,4105,4115,-0.19429329831642705,電腦及週邊設備業,3287 廣寰科,38.2,30.9,48.76555987014456,0.024128686327077986,-0.06363636363636371,43382288.400000006,56006095.5,1135662.0,1812495.0,2,0,-0.16793468586387472,0.03223196989528776,0.03223196989528776,-0.19391634980988615,2.0
6643 M31,2023-12-20,2024-01-02,2023-12-19,2023-12-29,0.1111111111111111,8,4107,4115,0.0916323645738637,半導體業,6643 M31,990.0,1085.0,1202.689101410665,0.010204081632652962,0.02358490566037741,99719730.0,1436683220.0,100727.0,1324132.0,3,1,-0.01864818181818184,0.0954390151515152,0.0,-0.01864818181818184,5.0
3623 富晶通,2023-12-22,2024-01-04,2023-12-21,2024-01-03,0.14285714285714285,8,4109,4117,-0.020325880252242245,光電業,3623 富晶通,33.45,32.9,29.272791497065086,0.0045045045045046805,-0.014970059880239583,13366185.15,83142609.89999999,399587.0,2527131.0,2,0,-0.10057690582959644,0.0,0.0,-0.10057690582959644,0.0
5432 新門,2023-12-21,2024-01-05,2023-12-20,2024-01-04,0.125,10,4108,4118,-0.06395146085843384,綠能環保,5432 新門,124.5,117.0,8.509632066664727,-0.019685039370078705,0.0,24911703.0,265019976.0,200094.0,2265128.0,2,0,-0.06068734939759046,0.0,0.0,-0.06068734939759046,0.0
8227 巨有科技,2023-12-26,2024-01-08,2023-12-25,2024-01-05,0.14285714285714285,8,4111,4119,0.09644420829669009,半導體業,8227 巨有科技,253.0,278.5,265.21008403361344,-0.005893909626719096,0.020146520146520075,62225856.0,1733259789.0,245952.0,6223554.0,2,0,0.0,0.07853883399209516,0.039031916996047356,-0.018416206261510082,9.0
5314 世紀*,2023-12-27,2024-01-09,2023-12-26,2024-01-08,0.1111111111111111,8,4112,4120,-0.025112793478585416,其他,5314 世紀*,75.3,73.7,14.211547944806973,-0.018252933507170832,0.0365682137834038,4457609.399999999,28086701.5,59198.0,381095.0,2,0,-0.056225398406374416,0.04200149402390441,0.04200149402390441,-0.09426751592356686,5.0
6231 系微,2024-01-03,2024-01-17,2024-01-02,2024-01-16,0.14285714285714285,10,4116,4126,0.034644057752537094,資訊服務業,6231 系微,271.0,281.5,520.4487270491302,-0.007326007326007411,0.001779359430605032,266414409.0,1222084958.0,983079.0,4341332.0,2,0,-0.03920198339483394,0.05484926199261997,0.05484926199261997,-0.08916083916083917,6.0
8059 凱碩,2024-01-02,2024-01-19,2023-12-29,2024-01-18,0.16666666666666669,13,4115,4128,0.12614819274744882,通信網路業,8059 凱碩,24.5,27.7,30.294931983061282,-0.0080971659919028,0.0072727272727273196,113918532.0,152280251.4,4649736.0,5497482.0,3,0,0.0,0.23410739795918345,0.026043010204081396,-0.04991087344028533,14.0
8054 安國,2023-12-27,2024-01-22,2023-12-26,2024-01-19,0.1111111111111111,17,4112,4129,0.19697194066523527,半導體業,8054 安國,116.5,140.0,256.96886511041197,-0.004273504273504369,0.02941176470588225,372403900.0,3935195320.0,3196600.0,28108538.0,3,0,-0.05624248927038611,0.2483337982832612,0.0,-0.0992366412213741,15.0
6113 亞矽,2024-01-10,2024-01-24,2024-01-09,2024-01-23,0.2,10,4121,4131,0.1620602590625,電子通路業,6113 亞矽,28.8,33.6,29.35,-0.006896551724137945,0.021276595744680993,119078035.2,428840160.0,4134654.0,12763100.0,3,0,-0.03691601562500002,0.254612109375,0.06199531250000012,-0.0931372549019609,5.0
3086 華義*,2024-01-15,2024-01-25,2024-01-12,2024-01-24,0.19999999999999998,8,4124,4132,0.16149751801694934,文化創意業,3086 華義*,147.5,172.0,17.896096255753484,0.0068259385665527805,0.04878048780487809,23365327.5,489001676.0,158409.0,2843033.0,2,0,-0.024192542372881154,0.11133627118644074,0.016466101694915247,-0.039999999999999813,7.0
8227 巨有科技,2024-01-17,2024-01-29,2024-01-16,2024-01-26,0.16666666666666666,8,4126,4134,0.16056468601351392,半導體業,8227 巨有科技,333.0,388.0,324.70588235294116,0.021472392638036908,0.03604806408544725,182833983.0,3259974448.0,549051.0,8401996.0,2,0,-0.04549864864864839,0.23514876126126172,0.0,-0.04549864864864839,6.0
8467 波力-KY,2024-01-16,2024-01-30,2024-01-15,2024-01-29,0.16666666666666666,10,4125,4135,-0.006886554834070857,運動休閒,8467 波力-KY,169.5,169.0,226.40986483929527,0.0,-0.011695906432748537,50980345.5,261782859.0,300769.0,1549011.0,2,0,-0.06828938053097344,0.029009513274336207,0.0,-0.06828938053097344,3.0
5314 世紀*,2024-01-19,2024-01-31,2024-01-18,2024-01-30,0.16666666666666666,8,4128,4136,0.3471190356813525,其他,5314 世紀*,122.0,165.0,21.987321853519422,0.033898305084745894,0.08552631578947367,14579488.0,194052705.0,119504.0,1176077.0,3,0,-0.06192120901639342,0.3682022540983607,0.0,-0.06192120901639342,7.0
3228 金麗科,2024-01-22,2024-02-01,2024-01-19,2024-01-31,0.125,8,4129,4137,0.1735016846115085,半導體業,3228 金麗科,384.5,453.0,477.00219279750365,0.00654450261780104,-0.0033003300330033403,381492441.0,929706849.0,992178.0,2052333.0,2,0,0.0,0.18149314044213272,0.025520448634590354,-0.03630363036303641,9.0
4529 淳紳,2024-01-22,2024-02-01,2024-01-19,2024-01-31,0.125,8,4129,4137,0.28158645713749975,其他,4529 淳紳,15.0,19.3,15.246511627906978,0.0,0.015789473684210575,17444730.0,41726812.300000004,1162982.0,2162011.0,3,0,-0.013801999999999981,0.2660649999999998,0.01618374999999994,-0.02950819672131144,5.0
6425 易發,2024-01-22,2024-02-01,2024-01-19,2024-01-31,0.125,8,4129,4137,0.39899981837784115,電機機械,6425 易發,33.0,46.35,38.148784616013685,0.042654028436019065,0.030000000000000027,19255533.0,413304896.7,583501.0,8917042.0,2,0,-0.033792500000000114,0.36298863636363654,0.0,-0.053050397877984046,8.0
6187 萬潤,2024-01-26,2024-02-16,2024-01-25,2024-02-15,0.125,8,4133,4141,0.16720418777464818,半導體業,6187 萬潤,177.5,208.0,318.267095992941,0.0028248587570620654,0.0,140319962.5,2542922512.0,790535.0,12225589.0,2,0,0.0,0.2838969014084509,0.0023405633802817682,-0.0026041666666665186,9.0
6535 順藥,2024-01-24,2024-02-20,2024-01-23,2024-02-19,0.125,12,4131,4143,0.17135674113499966,生技醫療業,6535 順藥,125.0,147.0,125.5,0.09170305676855905,-0.020000000000000018,122894625.0,593206593.0,983157.0,4035419.0,3,0,-0.020465500000000136,0.28738819999999987,0.08748319999999987,-0.09937888198757772,12.0
6465 威潤,2024-02-15,2024-02-27,2024-02-05,2024-02-26,0.16666666666666669,8,4140,4148,-0.011437459530075023,通信網路業,6465 威潤,26.6,26.4,34.89703245434111,-0.02564102564102566,-0.001890359168241984,17743663.0,15872445.6,667055.0,601229.0,2,0,-0.03805112781954856,0.0352223214285714,0.0352223214285714,-0.07078039927404689,5.0
1418 東華,2024-02-16,2024-02-29,2024-02-15,2024-02-27,0.125,8,4141,4149,0.0391241544358103,紡織纖維,1418 東華,27.75,28.95,4.972972972972973,-0.02631578947368418,-0.0017241379310344307,1207902.0,3570027.15,43528.0,123317.0,2,0,0.0,0.04454864864864794,0.00852972972972954,-0.022413793103448265,9.0
3360 尚立,2024-02-05,2024-02-29,2024-02-02,2024-02-27,0.19999999999999998,10,4139,4149,-0.04643396480450235,電子通路業,3360 尚立,21.1,20.2,43.137335855563435,-0.0023640661938532093,0.007481296758104605,145830877.60000002,191159124.6,6911416.0,9463323.0,3,0,-0.09521670616113742,0.044527310426540456,0.0,-0.09521670616113742,3.0
5314 世紀*,2024-02-16,2024-02-29,2024-02-15,2024-02-27,0.125,8,4141,4149,0.09850267754642883,其他,5314 世紀*,175.0,193.0,34.16056013293576,-0.025069637883008533,0.08426966292134841,24761975.0,34765669.0,141497.0,180133.0,2,0,-0.040455999999999936,0.13660271428571447,0.13660271428571447,-0.15577889447236193,6.0
6462 神盾,2024-02-05,2024-02-29,2024-02-02,2024-02-27,0.19999999999999998,10,4139,4149,0.15313506506048435,半導體業,6462 神盾,279.0,323.0,358.69165651650445,0.0,0.023771790808240878,1817526249.0,4347162361.0,6514431.0,13458707.0,3,0,-0.0989944892473118,0.20372903225806493,0.0,-0.0989944892473118,8.0
6229 研通,2024-02-15,2024-03-01,2024-02-05,2024-02-29,0.16666666666666669,10,4140,4150,0.134742386787974,半導體業,6229 研通,39.5,45.0,89.0565075224891,0.016731016731016624,0.033295063145809545,35054472.5,339256350.0,887455.0,7539030.0,2,0,-0.013127215189873476,0.10327316455696156,0.019768544303797375,-0.032258064516129004,9.0
6643 M31,2024-02-19,2024-03-01,2024-02-16,2024-02-29,0.11111111111111112,8,4142,4150,0.04456992587034425,半導體業,6643 M31,1745.0,1830.0,2059.3156852928305,-0.01412429378531066,0.013850415512465242,829117555.0,2908010910.0,475139.0,1589077.0,2,1,-0.08066611747850994,0.1369954871060175,0.0,-0.08066611747850994,4.0
3268 海德威,2024-02-20,2024-03-04,2024-02-19,2024-03-01,0.09999999999999999,8,4143,4151,0.1099695813416417,半導體業,3268 海德威,34.1,38.0,43.25497966719293,0.0,-0.018087855297157618,28284108.6,169039048.0,829446.0,4448396.0,2,0,-0.041511217008797674,0.13435828445747777,0.0,-0.09948320413436695,5.0
3294 英濟,2024-02-20,2024-03-04,2024-02-19,2024-03-01,0.09999999999999999,8,4143,4151,0.09491270026013865,電子零組件業,3294 英濟,46.85,51.5,69.13145293079249,0.029670329670329787,-0.022770398481973486,159749083.15,186624309.5,3409799.0,3623773.0,3,2,-0.0335435965848454,0.2480728388473854,0.0,-0.09914529914529913,8.0
8227 巨有科技,2024-02-16,2024-03-04,2024-02-15,2024-03-01,0.125,10,4141,4151,0.10019646128016091,半導體業,8227 巨有科技,373.0,412.0,374.62184873949576,0.0026881720430107503,0.04303797468354431,196314376.0,1847321068.0,526312.0,4483789.0,2,0,-0.09962359249329766,0.058478217158177026,0.0,-0.09962359249329766,2.0
6805 富世達,2024-02-21,2024-03-05,2024-02-20,2024-03-04,0.07692307692307693,8,4144,4152,0.16400757411748468,電子零組件業,6805 富世達,682.0,797.0,714.0,0.0,0.0,495104038.0,1337978893.0,725959.0,1678769.0,2,0,-0.018061950146627592,0.21203398093841597,0.04642353372434016,-0.06162464985994398,8.0
8054 安國,2024-02-21,2024-03-05,2024-02-20,2024-03-04,0.07692307692307693,8,4144,4152,0.09867515402272686,半導體業,8054 安國,165.0,182.0,344.1148280608995,-0.02941176470588236,0.019607843137254832,587466000.0,3512721030.0,3560400.0,19300665.0,2,0,-0.06711,0.08130431818181783,0.0,-0.0980392156862745,3.0
6584 南俊國際,2024-02-23,2024-03-07,2024-02-22,2024-03-06,0.0588235294117647,8,4146,4154,0.33951773704741384,電子零組件業,6584 南俊國際,174.0,234.0,170.67052023121386,0.03571428571428581,0.09859154929577474,59388114.0,1312027938.0,341311.0,5606957.0,2,0,-0.03494137931034491,0.31259461206896555,0.0,-0.03494137931034491,7.0
6785 昱展新藥,2024-02-23,2024-03-07,2024-02-22,2024-03-06,0.0588235294117647,8,4146,4154,-0.005199670544127066,生技醫療業,6785 昱展新藥,398.0,397.5,414.5,-0.03864734299516903,-0.014869888475836479,261493562.0,590145195.0,657019.0,1484642.0,2,0,-0.08711724246231167,0.09495703517587928,0.09495703517587928,-0.16628440366972475,7.0
8089 康全電訊,2024-02-23,2024-03-07,2024-02-22,2024-03-06,0.0588235294117647,8,4146,4154,0.05464292419117611,通信網路業,8089 康全電訊,85.0,90.0,98.07937131630646,-0.005847953216374213,0.013513513513513598,148398440.0,742149900.0,1745864.0,8246110.0,3,0,-0.05927058823529441,0.10535705882352908,0.10535705882352908,-0.14893617021276595,5.0
2365 昆盈,2024-02-22,2024-03-08,2024-02-21,2024-03-07,0.07142857142857142,10,4145,4155,-0.028694974235248694,電腦及週邊設備業,2365 昆盈,24.15,23.55,62.76235928629551,0.010460251046025215,0.021691973969631073,144076871.4,506263275.45,5965916.0,21497379.0,2,0,-0.14119487577639767,0.05332965838509307,0.05332965838509307,-0.18467583497053053,4.0
2465 麗臺,2024-02-21,2024-03-08,2024-02-20,2024-03-07,0.07692307692307693,11,4144,4155,0.20184744620867767,電腦及週邊設備業,2465 麗臺,121.0,146.0,38.230566976051655,-0.004115226337448652,-0.013513513513513487,387492094.0,1102343946.0,3202414.0,7550301.0,3,0,-0.012865805785123974,0.321685950413223,0.0,-0.16562500000000013,10.0
3321 同泰,2024-02-27,2024-03-11,2024-02-26,2024-03-08,0.04347826086956522,8,4148,4156,0.05730616389872978,電子零組件業,3321 同泰,18.7,19.85,6.9807725421962346,0.0,-0.05476190476190468,14718807.399999999,43870127.7,787102.0,2210082.0,2,0,0.0,0.12246122994652375,0.004870053475935832,-0.07857142857142851,9.0
3362 先進光,2024-02-27,2024-03-11,2024-02-26,2024-03-08,0.04347826086956522,8,4148,4156,-0.09693701334717253,光電業,3362 先進光,278.5,252.5,316.0073009628711,0.010889292196007316,-0.028846153846153855,514862114.5,1279367000.0,1848697.0,5066800.0,2,0,-0.14941678635547584,0.022853231597845802,0.022853231597845802,-0.16842105263157914,5.0
4945 陞達科技,2024-02-27,2024-03-11,2024-02-26,2024-03-08,0.04347826086956522,8,4148,4156,-0.12937707575000013,電子工業,4945 陞達科技,135.0,118.0,143.08684724606633,0.003717472118959231,-0.024793388429751873,146727045.0,236557668.0,1086867.0,2004726.0,3,0,-0.10412944444444472,0.05875611111111101,0.05875611111111101,-0.15384615384615408,4.0
5284 jpp-KY,2024-02-27,2024-03-11,2024-02-26,2024-03-08,0.04347826086956522,8,4148,4156,0.11924751267598688,其他,5284 jpp-KY,190.0,213.5,275.53282741248995,0.005291005291005346,0.016666666666666607,160974840.0,884561457.5,847236.0,4143145.0,2,0,-0.02940861842105269,0.22047263157894736,0.0,-0.10560344827586199,7.0
5443 均豪,2024-02-27,2024-03-11,2024-02-26,2024-03-08,0.04347826086956522,8,4148,4156,0.014421455657018356,半導體業,5443 均豪,48.8,49.7,96.48083291761012,0.0,-0.06578947368421051,168626594.39999998,493078222.70000005,3455463.0,9921091.0,2,0,0.0,0.21049031762295067,0.010790138319672238,-0.12859560067681908,9.0
6187 萬潤,2024-02-27,2024-03-11,2024-02-26,2024-03-08,0.04347826086956522,8,4148,4156,0.04707888682505157,半導體業,6187 萬潤,244.0,256.5,418.3960700131921,0.0,0.030120481927710774,422770260.0,2767764532.5,1732665.0,10790505.0,2,0,-0.041439139344262244,0.20844211065573814,0.0,-0.1559322033898305,7.0
6425 易發,2024-02-27,2024-03-11,2024-02-26,2024-03-08,0.04347826086956522,8,4148,4156,-0.008475856877841359,電機機械,6425 易發,66.0,65.7,75.69962589948797,0.03125,0.03301886792452846,32110122.0,220113067.5,486517.0,3350275.0,2,0,-0.13223056818181866,0.07827545454545404,0.07827545454545404,-0.1952247191011237,5.0
1519 華城,2024-02-29,2024-03-12,2024-02-27,2024-03-11,0.043478260869565216,8,4149,4157,0.0055378568214285995,電機機械,1519 華城,525.0,530.0,1219.7274693958593,-0.00568181818181801,0.031128404669260812,800659650.0,9493771810.0,1525066.0,17912777.0,2,0,-0.044263714285714184,0.05664071428571438,0.05664071428571438,-0.09549549549549552,6.0
1809 中釉,2024-02-29,2024-03-12,2024-02-27,2024-03-11,0.043478260869565216,8,4149,4157,-0.005521890687203657,玻璃陶瓷,1809 中釉,31.65,31.6,45.123047854923705,-0.010937499999999933,-0.026194144838212585,146400936.29999998,31921719.6,4625622.0,1010181.0,3,2,-0.028897511848341217,0.1274263033175358,0.0,-0.09103641456582634,8.0
4714 永捷,2024-02-29,2024-03-12,2024-02-27,2024-03-11,0.043478260869565216,8,4149,4157,0.022971965506757064,化學工業,4714 永捷,22.2,22.8,48.004059842869054,0.006802721088435382,-0.008695652173912993,175570076.4,603356514.0,7908562.0,26463005.0,2,0,-0.029740371621621464,0.23139679054054052,0.23139679054054052,-0.2120658135283362,7.0
3313 斐成,2024-03-01,2024-03-13,2024-02-29,2024-03-12,0.038461538461538464,8,4150,4158,-0.1741071730234376,建材營造,3313 斐成,24.0,19.9,23.1,0.010526315789473717,-0.009950248756219082,39192840.0,37375443.699999996,1633035.0,1878163.0,3,0,-0.22953281250000002,0.16611249999999989,0.16611249999999989,-0.3392857142857142,3.0
4588 玖鼎電力,2024-03-01,2024-03-13,2024-02-29,2024-03-12,0.038461538461538464,8,4150,4158,-0.013434555571428475,其他電子業,4588 玖鼎電力,105.0,104.0,102.0,-0.009433962264150941,-0.004784688995215336,80703525.0,233227488.0,768605.0,2242572.0,3,0,-0.058542642857142835,0.11851607142857135,0.11851607142857135,-0.15829787234042547,4.0
5381 光譜,2024-03-01,2024-03-13,2024-02-29,2024-03-12,0.038461538461538464,8,4150,4158,0.06749839349683562,電機機械,5381 光譜,35.55,38.1,13.804613924050635,-0.009749303621169991,0.006605019815059343,49377208.05,258231627.3,1388951.0,6777733.0,2,0,-0.008909810126582207,0.0641918776371313,0.0,-0.03743315508021383,8.0
8147 正淩,2024-03-01,2024-03-13,2024-02-29,2024-03-12,0.038461538461538464,8,4150,4158,0.026581969418103757,電子零組件業,8147 正淩,130.5,134.5,201.8286298264962,-0.003816793893129833,0.0,112508226.0,516257537.0,862132.0,3838346.0,2,0,-0.05791896551724118,0.1105833333333337,0.1105833333333337,-0.15172413793103456,5.0
6442 光聖,2024-02-29,2024-03-14,2024-02-27,2024-03-13,0.043478260869565216,10,4149,4159,-0.10424521697265643,通信網路業,6442 光聖,144.0,129.5,217.34581096961497,0.010526315789473717,-0.02631578947368418,86984640.0,375326483.0,604060.0,2898274.0,2,0,-0.1670625000000001,0.07587760416666667,0.07587760416666667,-0.22580645161290336,6.0
8047 星雲,2024-03-05,2024-03-15,2024-03-04,2024-03-14,0.04545454545454545,8,4152,4160,-0.24189402146875005,其他電子業,8047 星雲,18.0,13.7,23.07855671159086,0.019830028328611915,-0.024911032028469893,10017378.0,12519539.5,556521.0,913835.0,2,0,-0.24757979166666655,0.0,0.0,-0.24757979166666655,0.0
1725 元禎,2024-03-08,2024-03-20,2024-03-07,2024-03-19,0.045454545454545456,8,4155,4163,-0.2338064225961538,化學工業,1725 元禎,36.4,28.0,121.93519850069899,-0.028037383177570097,-0.022687609075043524,52584750.4,29337028.0,1444636.0,1047751.0,3,0,-0.22152379807692302,0.0,0.0,-0.22152379807692302,0.0
6227 茂綸,2024-03-08,2024-03-20,2024-03-07,2024-03-19,0.045454545454545456,8,4155,4163,-0.21249210638726201,電子通路業,6227 茂綸,68.3,54.0,166.14991037904292,0.01636904761904745,0.016949152542373058,187050682.9,124390836.0,2738663.0,2303534.0,3,0,-0.24925867496339682,0.0,0.0,-0.24925867496339682,0.0
6535 順藥,2024-03-08,2024-03-20,2024-03-07,2024-03-19,0.045454545454545456,8,4155,4163,0.010321731579512772,生技醫療業,6535 順藥,174.5,177.0,159.0,-0.0028571428571428914,0.023121387283236983,227606108.5,451536735.0,1304333.0,2551055.0,2,0,-0.08925802292263618,0.0596683381088825,0.0,-0.08925802292263618,1.0
6640 均華,2024-03-01,2024-03-20,2024-02-29,2024-03-19,0.038461538461538464,13,4150,4163,0.1604792246964284,半導體業,6640 均華,315.0,367.0,424.9631661882128,0.04477611940298498,0.059163059163059195,45672165.0,143590585.0,144991.0,391255.0,2,0,-0.10360059523809517,0.14707392857142865,0.14707392857142865,-0.21853388658367912,9.0
3363 上詮,2024-03-07,2024-03-21,2024-03-06,2024-03-20,0.047619047619047616,10,4154,4164,-0.03509937648768391,通信網路業,3363 上詮,127.5,123.0,190.51666529872864,0.015936254980079667,0.03361344537815114,448029390.0,1209313368.0,3513956.0,9831816.0,2,0,-0.10651937622549024,0.050922143382353235,0.050922143382353235,-0.14981273408239726,1.0
3372 典範,2024-03-11,2024-03-21,2024-03-08,2024-03-20,0.05555555555555555,8,4156,4164,-0.0778182086318776,半導體業,3372 典範,20.9,19.35,10.572762011638908,0.009661835748792313,0.0,47293000.699999996,82774946.25,2262823.0,4277775.0,2,0,-0.11525299043062176,0.023437081339713117,0.023437081339713117,-0.13551401869158874,1.0
4303 信立,2024-03-06,2024-03-21,2024-03-05,2024-03-20,0.04347826086956522,11,4153,4164,-0.2521113886092151,塑膠工業,4303 信立,58.6,44.0,62.31698636987247,0.05395683453237399,-0.016759776536312887,225033551.8,764519404.0,3840163.0,17375441.0,3,0,-0.32967009385665536,0.042166851535836214,0.042166851535836214,-0.35679214402618664,1.0
5314 世紀*,2024-03-11,2024-03-21,2024-03-08,2024-03-20,0.05555555555555555,8,4156,4164,0.2769892956730766,其他,5314 世紀*,234.0,300.0,42.65351707206343,-0.01680672268907568,0.034482758620689724,27594216.0,301863300.0,117924.0,1006211.0,2,0,-0.034646794871794784,0.3626003205128201,0.0,-0.0507364975450082,8.0
8092 建暐,2024-03-11,2024-03-21,2024-03-08,2024-03-20,0.05555555555555555,8,4156,4164,0.05428854148815554,其他電子業,8092 建暐,24.8,26.25,25.4,-0.04980842911877392,-0.0019011406844107182,54606227.2,78353100.0,2201864.0,2984880.0,2,0,-0.004505342741935481,0.059980141129032605,0.02773739919354834,-0.03137254901960784,7.0
2417 圓剛,2024-03-14,2024-03-26,2024-03-13,2024-03-25,0.06666666666666667,8,4159,4167,0.12210797985347499,電腦及週邊設備業,2417 圓剛,48.2,54.3,102.56458762448838,-0.01632653061224487,0.06262230919765166,82877152.60000001,1520526519.0,1719443.0,28002330.0,2,0,-0.0657966545643155,0.059662396265560025,0.02337258817427368,-0.09589041095890394,3.0
3376 新日興,2024-03-12,2024-03-26,2024-03-11,2024-03-25,0.0625,10,4157,4167,0.06261945895884913,電子零組件業,3376 新日興,202.0,215.5,505.212062184599,-0.0073710073710073765,-0.013729977116704872,346236686.0,2626129979.0,1714043.0,12186218.0,2,0,-0.04253422029702969,0.0811693688118813,0.0,-0.09839816933638446,5.0
5310 天剛,2024-03-14,2024-03-26,2024-03-13,2024-03-25,0.06666666666666667,8,4159,4167,0.19294558156250008,資訊服務業,5310 天剛,43.0,51.5,8.76880527466913,0.021377672209025977,0.0,36825372.0,41797091.0,856404.0,811594.0,3,0,0.0,0.24127058139534885,0.0181208139534883,-0.08239700374531833,9.0
2404 漢唐,2024-03-15,2024-03-27,2024-03-14,2024-03-26,0.06666666666666667,8,4160,4168,0.05745209484160996,其他電子業,2404 漢唐,365.0,387.5,1233.5286782082205,-0.03439153439153453,0.026490066225165476,1239736370.0,3923030625.0,3396538.0,10123950.0,2,0,-0.06208955479452061,0.13370780821917827,0.0,-0.0881642512077293,8.0
3013 晟銘電,2024-03-13,2024-03-27,2024-03-12,2024-03-26,0.07142857142857142,10,4158,4168,-0.07287925945285478,電腦及週邊設備業,3013 晟銘電,57.8,53.8,85.1059033948512,-0.02033898305084747,0.0074906367041198685,912370283.4,1773468526.1999998,15784953.0,32964099.0,2,0,-0.16648607266435989,0.0,0.0,-0.16648607266435989,0.0
4909 新復興,2024-03-18,2024-03-28,2024-03-15,2024-03-27,0.0625,8,4161,4169,0.08430939181962005,通信網路業,4909 新復興,79.0,86.0,191.85843122345165,0.015424164524421746,-0.02824858757062154,298113057.0,878597500.0,3773583.0,10216250.0,3,1,0.0,0.11972104430379749,0.06278607594936703,-0.06327683615819224,9.0
8227 巨有科技,2024-03-13,2024-03-28,2024-03-12,2024-03-27,0.07142857142857142,11,4158,4169,-0.04379041539999984,半導體業,8227 巨有科技,300.0,288.0,272.2689075630252,0.0,-0.010309278350515538,192133200.0,652082400.0,640444.0,2264175.0,3,0,-0.12374974999999999,0.0,0.0,-0.12374974999999999,0.0
4994 傳奇,2024-03-19,2024-03-29,2024-03-18,2024-03-28,0.049999999999999996,8,4162,4170,-0.0979154862264151,資訊服務業,4994 傳奇,132.5,120.0,475.50059839327133,0.0,-0.008264462809917328,74789095.0,52182840.0,564446.0,434857.0,3,0,-0.1324877358490566,0.0032967924528302106,0.0032967924528302106,-0.13533834586466165,1.0
5386 青雲,2024-03-19,2024-03-29,2024-03-18,2024-03-28,0.049999999999999996,8,4162,4170,-0.04247594450725278,電腦及週邊設備業,5386 青雲,87.9,84.5,21.00833602494424,-0.006779661016948935,-0.015151515151515138,93532456.2,554777229.5,1064078.0,6565411.0,2,0,-0.058467918088737414,0.021130204778156747,0.0,-0.06570155902004449,1.0
6643 M31,2024-03-19,2024-03-29,2024-03-18,2024-03-28,0.049999999999999996,8,4162,4170,-0.04393582440009125,半導體業,6643 M31,1370.0,1315.0,1669.3860880776201,-0.0036363636363635488,0.023346303501945442,197404670.0,1533088805.0,144091.0,1165847.0,2,1,-0.06248932481751823,0.07248302919708038,0.07248302919708038,-0.12585034013605445,5.0
8040 九暘,2024-03-19,2024-03-29,2024-03-18,2024-03-28,0.049999999999999996,8,4162,4170,-0.06253962294117621,半導體業,8040 九暘,85.0,80.0,84.55975646545517,-0.009324009324009341,-0.014778325123152691,282470980.0,638489520.0,3323188.0,7981119.0,2,0,-0.04515964705882336,0.0512651176470591,0.0512651176470591,-0.09172259507829983,5.0
6187 萬潤,2024-03-20,2024-04-01,2024-03-19,2024-03-29,0.058823529411764705,8,4163,4171,0.040410226158907214,半導體業,6187 萬潤,247.0,258.0,451.47439178773936,0.008163265306122325,0.03614457831325302,317524675.0,2045273586.0,1285525.0,7927417.0,2,0,-0.05308157894736831,0.08450485829959553,0.037968269230769236,-0.08771929824561397,6.0
6230 尼得科超眾,2024-03-22,2024-04-03,2024-03-21,2024-04-02,0.07142857142857142,8,4165,4173,-0.016184856139434656,電腦及週邊設備業,6230 尼得科超眾,203.5,201.0,410.2881598036592,0.004938271604938205,0.0050000000000001155,45398001.0,258198369.0,223086.0,1284569.0,2,0,-0.09625257985257973,0.004436670761670758,0.0,-0.09625257985257973,1.0
1519 華城,2024-03-21,2024-04-08,2024-03-20,2024-04-03,0.07692307692307693,10,4164,4174,0.2170690287222634,電機機械,1519 華城,676.0,826.0,1587.0060010726795,0.0,0.01225490196078427,568009676.0,5570562998.0,840251.0,6744023.0,3,1,-0.009346523668639084,0.20652721893491144,0.16512677514792884,-0.14974619289340096,10.0
5493 三聯,2024-03-28,2024-04-11,2024-03-27,2024-04-10,0.09999999999999999,8,4169,4177,0.008488163856413378,其他電子業,5493 三聯,88.1,89.2,246.50111887779153,0.0,-0.028322440087145906,28018531.099999998,76119801.2,318031.0,853361.0,2,0,-0.009551276958002175,0.06532800794551652,0.0017940692395006508,-0.03940362087326932,6.0
6640 均華,2024-03-28,2024-04-11,2024-03-27,2024-04-10,0.09999999999999999,8,4169,4177,0.05901319617651679,半導體業,6640 均華,395.5,420.5,514.4994307624589,0.014102564102564275,-0.046485260770975256,36228591.0,205643422.5,91602.0,489045.0,2,0,-0.02827468394437438,0.11451460176991168,0.0,-0.06896551724137923,7.0
6753 龍德造船,2024-03-28,2024-04-11,2024-03-27,2024-04-10,0.09999999999999999,8,4169,4177,0.05273751692073181,航運業,6753 龍德造船,123.0,130.0,121.6871921182266,0.020746887966804906,-0.04761904761904756,278505456.0,1025540880.0,2264272.0,7888776.0,2,0,-0.04110609756097561,0.12141829268292681,0.0,-0.09782608695652162,5.0
3228 金麗科,2024-04-01,2024-04-15,2024-03-29,2024-04-12,0.125,8,4171,4179,-0.08268037322954969,半導體業,3228 金麗科,544.0,501.0,677.1133788760508,-0.003663003663003761,0.0,391743648.0,688233219.0,720117.0,1373719.0,2,0,-0.1107167279411766,0.028922794117646866,0.028922794117646866,-0.13571428571428568,1.0
4127 天良,2024-04-01,2024-04-15,2024-03-29,2024-04-12,0.125,8,4171,4179,0.09402394412909865,生技醫療業,4127 天良,30.5,33.5,35.39884620073551,0.03389830508474567,0.03235747303543923,30019045.5,182166534.5,984231.0,5437807.0,2,0,-0.0004750000000000032,0.16829725409836072,0.0,-0.06886657101865146,8.0
1616 億泰,2024-04-02,2024-04-16,2024-04-01,2024-04-15,0.1,8,4172,4180,0.009885701328125052,電器電纜,1616 億泰,21.6,21.9,25.588009233351507,0.0,-0.06609808102345427,41677545.6,219061517.1,1929516.0,10002809.0,2,0,-0.046749305555555454,0.08513246527777807,0.0,-0.09168443496801715,4.0
5314 世紀*,2024-04-02,2024-04-16,2024-04-01,2024-04-15,0.1,8,4172,4180,0.05557181023551827,其他,5314 世紀*,410.0,434.5,76.5309786403616,0.026282853566958808,0.07019704433497553,38479320.0,399522315.5,93852.0,919499.0,3,0,-0.1089600304878049,0.016590060975609555,0.016590060975609555,-0.12350119904076717,2.0
8089 康全電訊,2024-04-03,2024-04-17,2024-04-02,2024-04-16,0.1,8,4173,4181,-0.09759423105769216,通信網路業,8089 康全電訊,70.2,63.6,83.48422677518943,0.0028571428571428914,-0.006249999999999867,54539433.0,107483236.8,776915.0,1689988.0,3,0,-0.08875213675213667,0.018034722222222133,0.018034722222222133,-0.10489510489510478,3.0
6197 佳必琪,2024-04-09,2024-04-19,2024-04-08,2024-04-18,0.1,8,4175,4183,-0.10657185277272752,電子零組件業,6197 佳必琪,165.0,148.0,465.1015209039216,0.0122699386503069,-0.019867549668874274,514746045.0,1734997784.0,3119673.0,11722958.0,3,0,-0.17614909090909103,0.06010227272727264,0.06010227272727264,-0.22285714285714286,5.0
4909 新復興,2024-04-10,2024-04-22,2024-04-09,2024-04-19,0.08333333333333333,8,4176,4184,-0.042220284719211576,通信網路業,4909 新復興,101.5,97.6,217.66795828089218,0.03255340793489325,0.0010256410256410664,246000373.5,637348203.1999999,2423649.0,6530207.0,3,0,-0.13538625615763522,0.0,0.0,-0.13538625615763522,0.0
2359 所羅門,2024-03-29,2024-04-23,2024-03-28,2024-04-22,0.14285714285714285,15,4170,4185,0.18075903089199863,其他電子業,2359 所羅門,72.8,86.3,88.44254811881274,-0.004103967168262557,0.05115712545676021,297658816.0,721433307.4,4088720.0,8359598.0,3,0,-0.004593921703296755,0.4484874656593407,0.0,-0.22180094786729854,15.0
1587 吉茂,2024-04-12,2024-04-24,2024-04-11,2024-04-23,0.08333333333333333,8,4178,4186,0.19763353229910696,汽車工業,1587 吉茂,42.0,50.5,59.04832914614215,0.030674846625766694,0.07561235356762519,220304280.0,110961024.0,5245340.0,2197248.0,2,0,0.0,0.22798785714285685,0.06616,-0.16274509803921566,9.0
6187 萬潤,2024-04-12,2024-04-24,2024-04-11,2024-04-23,0.08333333333333333,8,4178,4186,-0.12090895986505679,半導體業,6187 萬潤,264.0,233.0,484.5527135622866,0.0,0.04719101123595526,204298776.0,1230578782.0,773859.0,5281454.0,2,0,-0.23331889204545475,0.026027556818181585,0.026027556818181585,-0.25276752767527677,1.0
7402 邑錡,2024-04-10,2024-04-24,2024-04-09,2024-04-23,0.08333333333333333,10,4176,4186,-0.08829143269405249,光電業,7402 邑錡,124.0,113.5,217.10494294336172,-0.023622047244094446,0.022522522522522515,75737712.0,96222235.5,610788.0,847773.0,2,0,-0.10526391129032275,0.015646370967741685,0.015646370967741685,-0.11904761904761896,2.0
6139 亞翔,2024-04-11,2024-04-25,2024-04-10,2024-04-24,0.1,10,4177,4187,0.028816507553453885,其他電子業,6139 亞翔,304.0,314.0,1081.1569525168022,0.0033003300330032292,-0.018750000000000044,1098544128.0,3120166504.0,3613632.0,9936836.0,2,0,-0.07609695723684218,0.20337549342105277,0.20337549342105277,-0.2322404371584701,8.0
3466 德晉,2024-04-16,2024-04-26,2024-04-15,2024-04-25,0.11111111111111112,8,4180,4188,0.04180205452509833,通信網路業,3466 德晉,38.1,39.85,66.2618546938731,-0.025575447570332366,-0.033939393939393936,42277817.4,166255873.70000002,1109654.0,4172042.0,2,0,-0.034579527559055245,0.13725482283464552,0.0,-0.09342560553633239,8.0
2363 矽統,2024-04-17,2024-04-29,2024-04-16,2024-04-26,0.09999999999999999,8,4181,4189,0.06041191112692279,半導體業,2363 矽統,65.0,69.2,57.151290766920944,0.03174603174603163,0.008746355685131268,2374767590.0,8348124618.8,36534886.0,120637639.0,3,0,-0.04814465384615407,0.1163925384615383,0.1163925384615383,-0.14738292011019294,6.0
6949 沛爾生醫*-創,2024-04-17,2024-04-29,2024-04-16,2024-04-26,0.09999999999999999,8,4181,4189,0.4709623532436713,生技醫療業,6949 沛爾生醫*-創,118.5,175.0,129.5,0.004237288135593209,0.011560693641618602,18497850.0,32025000.0,156100.0,183000.0,2,0,0.0,0.4592221518987345,0.09230791139240502,-0.09731543624161076,9.0
1453 大將,2024-04-18,2024-04-30,2024-04-17,2024-04-29,0.07692307692307691,8,4182,4190,0.19338263801297084,建材營造,1453 大將,21.2,25.4,17.00815591892335,-0.02752293577981657,0.03462321792260692,54343719.6,95220637.6,2563383.0,3748844.0,2,0,-0.009904481132075538,0.15746880896226356,0.12918036556603774,-0.12317327766179542,8.0
4533 協易機,2024-04-18,2024-04-30,2024-04-17,2024-04-29,0.07692307692307691,8,4182,4190,0.04474132628404326,電機機械,4533 協易機,35.8,37.55,73.77821030591535,-0.025850340136054473,0.00805369127516764,229407008.6,335722196.04999995,6408017.0,8940671.0,2,0,-0.09260998603351955,0.06374029329608977,0.05676037011173185,-0.14134742404227219,5.0
3060 銘異,2024-04-19,2024-05-02,2024-04-18,2024-04-30,0.07692307692307693,8,4183,4191,-0.005752790771059946,電腦及週邊設備業,3060 銘異,27.6,27.55,65.00332563591424,-0.007194244604316502,-0.019572953736654797,111551113.2,149950600.15,4041707.0,5442853.0,2,0,-0.09825461956521753,0.037550407608695435,0.0,-0.09825461956521753,5.0
1514 亞力,2024-04-18,2024-05-03,2024-04-17,2024-05-02,0.07692307692307691,10,4182,4192,-0.16151584212923709,電機機械,1514 亞力,177.0,149.0,377.85004343599644,-0.024793388429752206,-0.00666666666666671,1277867784.0,4705384538.0,7219592.0,31579762.0,3,0,-0.2376504237288133,0.0,0.0,-0.2376504237288133,0.0
1570 力肯,2024-04-23,2024-05-06,2024-04-22,2024-05-03,0.07692307692307693,8,4185,4193,0.08512944051829319,電機機械,1570 力肯,24.6,26.8,41.18501320126651,0.004081632653061273,0.0,13934965.200000001,81695485.2,566462.0,3048339.0,2,0,0.0,0.19658582317073225,0.017808993902439285,-0.01348747591522148,9.0
6283 淳安,2024-04-23,2024-05-06,2024-04-22,2024-05-03,0.07692307692307693,8,4185,4193,0.14273048958690082,其他電子業,6283 淳安,29.2,33.5,22.229844459866182,0.006896551724137723,-0.014705882352941124,23198348.8,179541273.5,794464.0,5359441.0,2,0,0.0,0.23057958047945237,0.05258197773972628,-0.05292479108635084,9.0
4588 玖鼎電力,2024-04-24,2024-05-07,2024-04-23,2024-05-06,0.07692307692307693,8,4186,4194,-0.09412586506944443,其他電子業,4588 玖鼎電力,121.5,110.5,123.0,0.0,0.0,92843982.0,95104698.0,764148.0,860676.0,2,0,-0.09096697530864184,0.011864814814814828,0.011864814814814828,-0.10162601626016243,2.0
4768 晶呈科技,2024-04-24,2024-05-07,2024-04-23,2024-05-06,0.07692307692307693,8,4186,4194,0.08098628750000003,化學工業,4768 晶呈科技,258.0,280.0,298.3602470199626,0.025844930417495027,-0.0017825311942957223,241797600.0,501427080.0,937200.0,1790811.0,2,0,-0.008223255813953556,0.08669287790697666,0.038266279069767206,-0.04477611940298487,8.0
9955 佳龍,2024-04-24,2024-05-07,2024-04-23,2024-05-06,0.07692307692307693,8,4186,4194,-0.07158148614583348,綠能環保,9955 佳龍,32.4,30.2,41.79930528706996,0.012499999999999956,0.004991680532445919,49995144.0,77479519.39999999,1543060.0,2565547.0,2,0,-0.07297141203703705,0.018034722222222355,0.018034722222222355,-0.08939393939393958,4.0
1617 榮星,2024-04-25,2024-05-08,2024-04-24,2024-05-07,0.07142857142857142,8,4187,4195,0.018366453388492632,電器電纜,1617 榮星,24.55,25.1,40.23727170872861,0.0,-0.030888030888030715,48135479.6,176024969.70000002,1960712.0,7012947.0,2,0,-0.03915315682281051,0.05448869653767785,0.0,-0.050200803212851586,4.0
3228 金麗科,2024-04-29,2024-05-10,2024-04-26,2024-05-09,0.08333333333333333,8,4189,4197,0.055377611007053185,半導體業,3228 金麗科,319.0,338.0,417.1502066289956,0.0031446540880502027,0.02114803625377637,135245154.0,612396512.0,423966.0,1811824.0,3,0,-0.04434130094043898,0.09039090909090897,0.09039090909090897,-0.12356321839080464,8.0
5314 世紀*,2024-04-25,2024-05-13,2024-04-24,2024-05-10,0.07142857142857142,11,4187,4198,-0.09323584793700157,其他,5314 世紀*,251.0,228.5,45.1070379655892,-0.007905138339920903,-0.0986193293885601,47635282.0,151710290.0,189782.0,663940.0,3,0,-0.09007385458167283,0.19066922310756995,0.19066922310756995,-0.23578595317725726,10.0
6199 天品,2024-05-02,2024-05-14,2024-04-30,2024-05-13,0.09999999999999999,8,4191,4199,-0.10581726818892034,其他,6199 天品,30.8,27.65,18.447819619559496,-0.003236245954692518,-0.03321678321678345,498005.2,608382.95,16169.0,22003.0,2,0,-0.10107654220779216,0.0,0.0,-0.10107654220779216,0.0
6264 富裔,2024-05-06,2024-05-16,2024-05-03,2024-05-15,0.11111111111111112,8,4193,4201,-0.21782447067484656,建材營造,6264 富裔,16.3,12.8,9.57344064386318,0.0030769230769231992,-0.007751937984496249,30435050.3,17710617.6,1867181.0,1383642.0,3,0,-0.23349309815950903,0.0,0.0,-0.23349309815950903,0.0
6425 易發,2024-05-06,2024-05-16,2024-05-03,2024-05-15,0.11111111111111112,8,4193,4201,-0.005048958933701497,電機機械,6425 易發,90.5,90.4,108.2277431896313,0.005555555555555536,0.010055865921787754,92179499.0,573994709.6,1018558.0,6349499.0,2,0,-0.021459502762431026,0.03707621546961337,0.0,-0.04685835995740151,4.0
3234 光環,2024-05-07,2024-05-17,2024-05-06,2024-05-16,0.1111111111111111,8,4194,4202,0.07102328024193527,通信網路業,3234 光環,46.5,50.0,49.617372589778654,0.010869565217391353,0.0,115566031.5,266187600.0,2485291.0,5323752.0,2,0,-0.006923548387096634,0.08550564516129011,0.03176774193548404,-0.04752475247524768,8.0
6230 尼得科超眾,2024-05-07,2024-05-17,2024-05-06,2024-05-16,0.1111111111111111,8,4194,4202,-0.06253962294117643,電腦及週邊設備業,6230 尼得科超眾,314.5,296.0,690.1257252082063,0.0,0.018932874354561147,126519576.0,1235525904.0,402288.0,4174074.0,2,0,-0.10058640699523025,0.04242988871224185,0.04242988871224185,-0.1371951219512194,4.0
6552 易華電,2024-05-07,2024-05-21,2024-05-06,2024-05-20,0.1111111111111111,10,4194,4204,-0.0546455890774703,半導體業,6552 易華電,50.1,47.55,51.500003527900596,-0.01764705882352935,-0.0052301255230124966,44763398.1,78847410.0,893481.0,1658200.0,2,0,-0.04636137724550915,0.009500299401197454,0.009500299401197454,-0.055335968379446654,1.0
8906 花王,2024-05-10,2024-05-22,2024-05-09,2024-05-21,0.11111111111111112,8,4197,4205,-0.008260261282467707,其他,8906 花王,34.65,34.5,23.90566005689131,0.032786885245901676,-0.028169014084507116,41070714.3,39530479.5,1185302.0,1145811.0,2,0,-0.004801948051947891,0.05433300865800872,0.009621212121212253,-0.028727770177838563,8.0
3466 德晉,2024-05-13,2024-05-23,2024-05-10,2024-05-22,0.09999999999999999,8,4198,4206,0.1669009903548455,通信網路業,3466 德晉,58.3,68.3,100.83325714285039,0.006908462867012188,0.09807073954983925,34884504.6,205056816.79999998,598362.0,3002296.0,2,0,-0.04333627787307037,0.17268456260720422,0.0,-0.04333627787307037,7.0
8996 高力,2024-05-10,2024-05-24,2024-05-09,2024-05-23,0.11111111111111112,10,4197,4207,0.09334041650000002,電機機械,8996 高力,430.0,472.0,942.0886782354775,0.0117647058823529,-0.012552301255230214,642750240.0,5070027648.0,1494768.0,10741584.0,2,0,-0.01790857558139536,0.15061598837209322,0.0,-0.03502824858757059,6.0
4303 信立,2024-05-16,2024-05-28,2024-05-15,2024-05-27,0.11111111111111112,8,4201,4209,0.03082142077002059,塑膠工業,4303 信立,48.7,50.4,49.10904899687985,0.006198347107438051,0.010020040080160442,71365369.60000001,491659207.2,1465408.0,9755143.0,2,0,-0.013815682751540215,0.056992556468172584,0.0,-0.026209677419354982,3.0
4562 穎漢,2024-05-16,2024-05-28,2024-05-15,2024-05-27,0.11111111111111112,8,4201,4209,0.19744767402723373,電機機械,4562 穎漢,31.9,38.35,33.09475806451613,0.027375201288244666,0.09885386819484254,111727580.8,72534192.9,3502432.0,1891374.0,3,0,-0.09604086990595606,0.20162331504702213,0.0,-0.09604086990595606,3.0
2609 陽明,2024-05-21,2024-05-31,2024-05-20,2024-05-30,0.09999999999999999,8,4204,4212,0.10933353044642913,航運業,2609 陽明,72.1,80.3,93.65033921896212,-0.0055172413793104225,0.025542784163473886,1758042635.3,25430393536.899998,24383393.0,316692323.0,2,0,-0.01156542995839105,0.10211147711511814,0.0,-0.10062893081760993,5.0
6863 永道-KY,2024-05-21,2024-05-31,2024-05-20,2024-05-30,0.09999999999999999,8,4204,4212,0.024890562558463225,通信網路業,6863 永道-KY,224.5,231.0,217.78317152103563,0.018140589569161092,-0.021186440677966156,130020073.0,371332962.0,579154.0,1607502.0,2,0,-0.07171063474387518,0.05072561247216045,0.0,-0.09957627118644075,2.0
2615 萬海,2024-05-20,2024-06-03,2024-05-17,2024-05-31,0.125,10,4203,4213,0.17868453437852594,航運業,2615 萬海,70.9,83.9,230.2564468048154,0.0128571428571429,0.05269761606022594,675592274.5,9837949723.800001,9528805.0,117258042.0,2,0,-0.030080112834979023,0.23354636812411833,0.0,-0.08914285714285719,9.0
6535 順藥,2024-05-22,2024-06-03,2024-05-21,2024-05-31,0.1,8,4205,4213,-0.01744498420731677,生技醫療業,6535 順藥,184.5,182.0,182.0,0.0027173913043478937,0.011111111111111072,41833161.0,129861732.0,226738.0,713526.0,2,0,-0.024853658536585277,0.050991056910569155,0.050991056910569155,-0.07216494845360821,4.0
2362 藍天,2024-05-23,2024-06-04,2024-05-22,2024-06-03,0.09090909090909091,8,4206,4214,-0.035074963457031316,電腦及週邊設備業,2362 藍天,64.0,62.0,130.52648512952274,0.020733652312599826,0.016393442622950838,262776192.0,880717378.0,4105878.0,14205119.0,2,0,-0.06763058593749993,0.03232191406250018,0.03232191406250018,-0.09682299546142215,1.0
8089 康全電訊,2024-05-23,2024-06-04,2024-05-22,2024-06-03,0.09090909090909091,8,4206,4214,0.1335466624604853,通信網路業,8089 康全電訊,94.9,108.0,113.60860510805499,0.008501594048884176,-0.00917431192660556,110884291.7,484069176.0,1168433.0,4482122.0,2,0,0.0,0.15329807692307673,0.0248027660695469,-0.07305936073059316,9.0
6419 京晨科,2024-05-21,2024-06-05,2024-05-20,2024-06-04,0.09999999999999999,11,4204,4215,0.07468730725328987,光電業,6419 京晨科,133.0,143.5,77.87044263461819,-0.014814814814814836,0.09961685823754785,13332984.0,22285550.0,100248.0,155300.0,3,0,-0.04556635338345838,0.08970770676691764,0.029585902255639285,-0.10000000000000009,7.0
6442 光聖,2024-05-13,2024-06-05,2024-05-10,2024-06-04,0.09999999999999999,17,4198,4215,0.19409700805921015,通信網路業,6442 光聖,171.0,205.0,255.17733438070834,0.008849557522123908,0.07611548556430447,217214460.0,346920065.0,1270260.0,1692293.0,3,0,-0.01216535087719317,0.2245642543859645,0.05797675438596461,-0.0662983425414364,14.0
6446 藥華藥,2024-05-24,2024-06-05,2024-05-23,2024-06-04,0.09090909090909091,8,4207,4215,0.033996475410714044,生技醫療業,6446 藥華藥,420.0,436.0,424.0,0.007194244604316502,0.013953488372093092,462154560.0,2813942692.0,1100368.0,6453997.0,2,0,-0.0076144642857143285,0.11256651785714267,0.018563571428571457,-0.02570093457943934,7.0
5392 能率,2024-05-27,2024-06-06,2024-05-24,2024-06-05,0.07692307692307691,8,4208,4216,0.09441175112421885,光電業,5392 能率,40.0,43.95,93.13048507774411,0.010101010101009944,0.035335689045936425,137275720.0,822666428.25,3431893.0,18718235.0,2,0,-0.03545837499999993,0.06074590624999998,0.0,-0.03545837499999993,2.0
8033 雷虎,2024-05-28,2024-06-07,2024-05-27,2024-06-06,0.07692307692307691,8,4209,4217,-9.848414791457927e-07,其他,8033 雷虎,75.7,76.0,78.94731948161673,0.005312084993359889,-0.003931847968545177,114043791.10000001,413161916.0,1506523.0,5436341.0,2,0,-0.04140667107001306,0.007447258916776889,0.007447258916776889,-0.04849279161205766,2.0
8071 能率網通,2024-05-28,2024-06-07,2024-05-27,2024-06-06,0.07692307692307691,8,4209,4217,-0.07746644739732134,電子零組件業,8071 能率網通,21.0,19.45,10.226137934660958,0.009615384615384581,-0.02749999999999997,28250649.0,50490546.75,1345269.0,2595915.0,2,0,-0.09566785714285708,0.0,0.0,-0.09566785714285708,0.0
2374 佳能,2024-05-27,2024-06-11,2024-05-24,2024-06-07,0.07692307692307691,10,4208,4218,0.040357078247528655,光電業,2374 佳能,60.7,63.4,144.65199018765847,0.01845637583892623,0.027552674230145735,407515944.90000004,2083390506.6,6713607.0,32861049.0,2,0,-0.08445485996705104,0.01599163920922564,0.01599163920922564,-0.09886547811993507,4.0
2392 正崴,2024-05-30,2024-06-12,2024-05-29,2024-06-11,0.05555555555555555,8,4211,4219,-0.07124913657939169,電子零組件業,2392 正崴,74.0,69.0,219.643700411202,-0.013333333333333308,-0.0028901734104047616,386989808.0,1059578559.0,5229592.0,15356211.0,2,0,-0.1004275,0.0,0.0,-0.1004275,0.0
3363 上詮,2024-05-30,2024-06-12,2024-05-29,2024-06-11,0.05555555555555555,8,4211,4219,0.046698344724576346,通信網路業,3363 上詮,147.5,155.0,219.08136155420334,-0.016666666666666607,0.013071895424836555,436824052.5,3067907715.0,2961519.0,19792953.0,2,0,-0.03774542372881362,0.06051296610169499,0.0,-0.03774542372881362,5.0
3491 昇達科,2024-05-30,2024-06-12,2024-05-29,2024-06-11,0.05555555555555555,8,4211,4219,-0.009303465776209774,通信網路業,3491 昇達科,279.0,277.5,933.8759542259262,-0.007117437722419906,-0.014209591474245165,594117945.0,664254525.0,2129455.0,2393710.0,2,0,-0.04167405913978506,0.06938427419354842,0.0,-0.06700167504187604,7.0
4127 天良,2024-05-30,2024-06-12,2024-05-29,2024-06-11,0.05555555555555555,8,4211,4219,-0.05756356980337962,生技醫療業,4127 天良,41.8,39.55,49.6744464718518,-0.034642032332563466,-0.00877192982456132,22644648.4,81584451.89999999,541738.0,2062818.0,2,0,-0.04590795454545493,0.04376235047846855,0.04376235047846855,-0.08591065292096223,7.0
2359 所羅門,2024-05-29,2024-06-13,2024-05-28,2024-06-12,0.07142857142857142,10,4210,4220,0.015803383073654365,其他電子業,2359 所羅門,176.5,180.0,215.31185852373034,0.008571428571428674,0.04956268221574334,989050932.0,9644611680.0,5603688.0,53581176.0,2,0,-0.11656713881019831,0.01934560906515581,0.01934560906515581,-0.1333333333333333,1.0
2365 昆盈,2024-05-31,2024-06-13,2024-05-30,2024-06-12,0.05555555555555556,8,4212,4220,-0.07985068104027404,電腦及週邊設備業,2365 昆盈,37.4,34.55,94.34173585350526,0.002680965147453085,0.016176470588235237,592362854.6,1079064909.0,15838579.0,31231980.0,3,0,-0.15548155080213877,0.0,0.0,-0.15548155080213877,0.0
5474 聰泰,2024-05-31,2024-06-13,2024-05-30,2024-06-12,0.05555555555555556,8,4212,4220,-0.13098102365760877,電腦及週邊設備業,5474 聰泰,172.5,150.5,409.35819481715964,0.020710059171597628,0.0033333333333334103,66897397.5,179923803.5,387811.0,1195507.0,2,0,-0.14533369565217402,0.05167413043478253,0.05167413043478253,-0.18732782369146006,1.0
3466 德晉,2024-06-03,2024-06-14,2024-05-31,2024-06-13,0.05555555555555555,8,4213,4221,0.12733294435912956,通信網路業,3466 德晉,82.7,93.6,146.9284604081534,0.03764115432873272,-0.009523809523809601,53830257.0,1215900784.8,650910.0,12990393.0,2,0,-0.03189900241837962,0.2146585550181379,0.015237001209189804,-0.046428571428571375,7.0
3537 堡達,2024-06-03,2024-06-14,2024-05-31,2024-06-13,0.05555555555555555,8,4213,4221,-0.08210009427019271,電子零組件業,3537 堡達,65.0,59.9,198.96131511957117,0.023622047244094446,-0.019639934533551506,97161740.0,141777729.29999998,1494796.0,2366907.0,2,0,-0.10196523076923081,0.0,0.0,-0.10196523076923081,0.0
6231 系微,2024-06-04,2024-06-17,2024-06-03,2024-06-14,0.05555555555555555,8,4214,4222,0.14566157379059552,資訊服務業,6231 系微,369.5,425.0,688.5498669901814,0.0,0.0,232434714.0,1007995875.0,629052.0,2371755.0,2,0,-0.019410520974289525,0.1740023004059541,0.0,-0.026497695852534475,8.0
8996 高力,2024-06-04,2024-06-17,2024-06-03,2024-06-14,0.05555555555555555,8,4214,4222,0.03629616176136352,電機機械,8996 高力,495.0,515.0,1123.817026818179,0.008146639511201537,0.01980198019801982,132035310.0,2981158355.0,266738.0,5788657.0,2,0,-0.05499454545454541,0.019717424242424286,0.017698181818181835,-0.0714285714285714,3.0
6160 欣技,2024-06-05,2024-06-18,2024-06-04,2024-06-17,0.0625,8,4215,4223,0.00683921362815898,電腦及週邊設備業,6160 欣技,27.7,28.0,51.43975826998355,0.001808318264014508,-0.03114186851211065,21209613.0,217755048.0,765690.0,7776966.0,2,0,0.0,0.08793064079422397,0.013958574007220337,-0.036666666666666625,9.0
6695 芯鼎,2024-06-06,2024-06-19,2024-06-05,2024-06-18,0.05555555555555555,8,4216,4224,0.04038629382789316,半導體業,6695 芯鼎,67.4,70.4,66.6,0.024316109422492627,-0.012622720897615625,167779628.8,368327238.40000004,2489312.0,5231921.0,2,0,-0.056828041543026675,0.08257158753709204,0.0,-0.06575342465753431,6.0
8374 羅昇,2024-06-06,2024-06-19,2024-06-05,2024-06-18,0.05555555555555555,8,4216,4224,0.2758249819034919,電機機械,8374 羅昇,68.0,87.1,178.1431284766655,0.030303030303030276,0.0,76958116.0,586930840.5999999,1131737.0,6738586.0,3,1,-0.11365650735294142,0.2802739338235287,0.0,-0.11365650735294142,5.0
3379 彬台,2024-06-07,2024-06-20,2024-06-06,2024-06-19,0.05555555555555555,8,4217,4225,0.1943605765412897,電機機械,3379 彬台,22.1,26.5,33.34657480123435,-0.03282275711159721,-0.03985507246376818,33757330.1,225623093.5,1527481.0,8514079.0,2,1,-0.07283880090497741,0.37265084841629004,0.0,-0.07283880090497741,7.0
6117 迎廣,2024-06-07,2024-06-20,2024-06-06,2024-06-19,0.05555555555555555,8,4217,4225,-0.09677036699596786,電腦及週邊設備業,6117 迎廣,139.5,126.5,187.44548749259053,-0.017605633802816878,0.003968253968253732,427683703.5,1237747219.5,3065833.0,9784563.0,2,0,-0.09720322580645169,0.0,0.0,-0.09720322580645169,0.0
3312 弘憶股,2024-06-06,2024-06-21,2024-06-05,2024-06-20,0.05555555555555555,10,4216,4226,0.016029763961318277,電子通路業,3312 弘憶股,69.8,71.2,142.5896314354107,0.03560830860534092,-0.03392130257801895,218827257.79999998,974712692.0,3135061.0,13689785.0,2,0,-0.04200254297994266,0.11408373925501425,0.0,-0.08611825192802047,7.0
6895 宏碩系統,2024-06-12,2024-06-24,2024-06-11,2024-06-21,0.07142857142857142,8,4219,4227,0.3208511019157607,半導體業,6895 宏碩系統,138.0,183.0,144.28817733990147,0.022222222222222143,0.03977272727272729,31092642.0,260156094.0,225309.0,1421618.0,2,0,0.0,0.40150788043478247,0.02487527173913029,-0.005649717514124242,9.0
8089 康全電訊,2024-06-14,2024-06-26,2024-06-13,2024-06-25,0.0909090909090909,8,4221,4229,0.014497051562499808,通信網路業,8089 康全電訊,108.0,110.0,123.76682570867244,0.02857142857142847,0.02325581395348819,35357580.0,755733550.0,327385.0,6870305.0,2,0,-0.028239583333333318,0.0689364583333334,0.018034722222222133,-0.0454545454545453,5.0
3229 晟鈦,2024-06-17,2024-06-27,2024-06-14,2024-06-26,0.0909090909090909,8,4222,4230,-0.07061322362942912,電子零組件業,3229 晟鈦,25.4,23.7,10.539353964647917,0.04312114989733029,-0.07961165048543684,10207142.399999999,14004306.299999999,401856.0,590899.0,2,0,-0.043761515748031554,0.14512509842519683,0.14512509842519683,-0.1649484536082475,7.0
6442 光聖,2024-06-14,2024-06-28,2024-06-13,2024-06-27,0.0909090909090909,10,4221,4231,0.263054089290637,通信網路業,6442 光聖,263.0,333.5,419.1139358287797,0.021359223300970953,-0.01911764705882346,239175619.0,1662107638.5,909413.0,4983831.0,3,0,0.0,0.292161596958175,0.0736342680608364,-0.1326860841423947,11.0
3122 笙泉,2024-06-17,2024-07-01,2024-06-14,2024-06-28,0.0909090909090909,10,4222,4232,-0.05170425043236293,半導體業,3122 笙泉,58.4,55.6,73.47169662424105,0.0017152658662091813,-0.015929203539822967,160952736.0,319875807.2,2756040.0,5753162.0,2,0,-0.05866652397260286,0.04402440068493152,0.04402440068493152,-0.09836065573770503,5.0
5484 慧友,2024-06-19,2024-07-01,2024-06-18,2024-06-28,0.11111111111111112,8,4224,4232,0.10288368886238208,光電業,5484 慧友,63.4,70.2,52.65520995810205,-0.0015748031496062298,-0.05135135135135127,76166541.0,341274211.2,1201365.0,4861456.0,3,0,-0.030429219242902206,0.28330181388012643,0.0,-0.030429219242902206,8.0
3219 倚強科,2024-06-21,2024-07-03,2024-06-20,2024-07-02,0.09090909090909091,8,4226,4234,0.05367447338842979,其他電子業,3219 倚強科,60.5,64.0,19.46296705167577,-0.01944894651539708,0.011058451816745585,35785024.0,72993152.0,591488.0,1140518.0,2,0,0.0,0.1498667768595041,0.12012884297520654,-0.07994186046511598,9.0
4924 欣厚-KY,2024-06-21,2024-07-03,2024-06-20,2024-07-02,0.09090909090909091,8,4226,4234,-0.13472491501461337,綠能環保,4924 欣厚-KY,27.8,24.15,29.508078994614003,0.03731343283582089,-0.08522727272727282,10654628.0,8330228.55,383260.0,344937.0,2,0,-0.09395575539568357,0.09120804856115106,0.09120804856115106,-0.16968698517298197,5.0
6640 均華,2024-06-21,2024-07-03,2024-06-20,2024-07-02,0.09090909090909091,8,4226,4234,0.1838893250699909,半導體業,6640 均華,577.0,680.0,848.589970218601,-0.0017301038062284002,0.0,300239065.0,846025400.0,520345.0,1244155.0,3,0,0.0,0.22295938319335207,0.09999718370883892,-0.07086614173228345,9.0
6643 M31,2024-06-21,2024-07-03,2024-06-20,2024-07-02,0.09090909090909091,8,4226,4234,0.1163203579094827,半導體業,6643 M31,1305.0,1210.0,1608.4595885127435,-0.018796992481203034,0.012552301255230214,547553205.0,1628384120.0,419581.0,1345772.0,2,0,-0.04643017241379299,0.12021309842651484,0.01101379310344841,-0.05681818181818188,8.0
2486 一詮,2024-06-24,2024-07-04,2024-06-21,2024-07-03,0.09090909090909091,8,4227,4235,0.15310543786047726,光電業,2486 一詮,120.5,139.5,211.0200450799068,0.0,0.0219780219780219,303111002.0,3411328117.5,2515444.0,24453965.0,2,1,-0.02535943983402489,0.14468423236514538,0.0,-0.05434782608695654,7.0
1519 華城,2024-06-21,2024-07-05,2024-06-20,2024-07-04,0.09090909090909091,10,4226,4236,0.07210225385405633,電機機械,1519 華城,943.0,1015.0,2146.992404308325,-0.002116402116402183,0.0,746908808.0,7246803620.0,792056.0,7139708.0,2,0,-0.0460524920466594,0.07584080063626741,0.0037647667020150877,-0.07783251231527089,5.0
3379 彬台,2024-06-25,2024-07-05,2024-06-24,2024-07-04,0.06666666666666667,8,4228,4236,0.34385030742458866,電機機械,3379 彬台,27.35,36.9,43.172595682340514,-0.01795332136445249,0.08849557522123908,13670159.05,79372674.89999999,499823.0,2151021.0,2,0,0.0,0.3613274680073124,0.019625137111517255,-0.007005253940455369,9.0
6187 萬潤,2024-06-25,2024-07-05,2024-06-24,2024-07-04,0.06666666666666667,8,4228,4236,0.19680624687500048,半導體業,6187 萬潤,258.0,310.0,458.6264613606144,0.0038910505836575737,0.03333333333333344,218536836.0,3524740610.0,847042.0,11370131.0,2,0,-0.006286191860465085,0.2784622093023261,0.0,-0.006286191860465085,8.0
6451 訊芯-KY,2024-06-25,2024-07-05,2024-06-24,2024-07-04,0.06666666666666667,8,4228,4236,0.07026726380882353,半導體業,6451 訊芯-KY,255.0,274.0,353.0384454256794,-0.00390625,-0.0036363636363636598,376586550.0,2635057452.0,1476810.0,9616998.0,2,0,-0.002434852941176402,0.08183882352941185,0.08183882352941185,-0.0778985507246377,7.0
6535 順藥,2024-06-25,2024-07-05,2024-06-24,2024-07-04,0.06666666666666667,8,4228,4236,0.06381026631377562,生技醫療業,6535 順藥,220.5,235.5,227.0,-0.002262443438914019,-0.018750000000000044,40286893.5,732471411.0,182707.0,3110282.0,2,0,-0.016340476190476183,0.10151734693877557,0.10151734693877557,-0.10699588477366262,8.0
3363 上詮,2024-06-26,2024-07-08,2024-06-25,2024-07-05,0.0625,8,4229,4237,0.14026114886363694,通信網路業,3363 上詮,148.5,170.0,225.2526675134767,0.017123287671232834,0.027190332326284095,130309938.0,1596375140.0,877508.0,9390442.0,2,0,-0.017302020202020207,0.11394873737373801,0.0,-0.051359516616314216,7.0
6598 ABC-KY,2024-06-27,2024-07-09,2024-06-26,2024-07-08,0.0625,8,4230,4238,-0.06412317087539732,生技醫療業,6598 ABC-KY,31.45,29.55,30.8,0.014516129032257963,-0.04677419354838708,41349516.5,21520526.25,1314770.0,728275.0,2,0,-0.08469570747217803,0.0,0.0,-0.08469570747217803,0.0
2438 翔耀,2024-06-26,2024-07-11,2024-06-25,2024-07-10,0.0625,11,4229,4240,0.2476317067106959,光電業,2438 翔耀,58.2,72.9,3.922282466542081,0.006920415224913601,0.01109570041608876,60528000.0,185594360.4,1040000.0,2545876.0,3,0,-0.05543170103092776,0.36189574742268027,0.0,-0.07539118065433859,9.0
3297 杭特,2024-07-02,2024-07-12,2024-07-01,2024-07-11,0.0625,8,4233,4241,-0.1113072099214073,光電業,3297 杭特,33.4,29.8,63.902508153587924,0.019847328244274598,-0.04180064308681686,19626374.4,84077749.8,587616.0,2821401.0,2,0,-0.08426751497005991,0.18506556886227554,0.18506556886227554,-0.2272727272727274,4.0
3652 精聯,2024-07-03,2024-07-15,2024-07-02,2024-07-12,0.07142857142857142,8,4234,4242,-0.059399715981073964,電腦及週邊設備業,3652 精聯,48.0,45.0,70.48667949063626,0.015873015873015817,-0.04458598726114649,38728320.0,283297725.0,806840.0,6295505.0,2,0,-0.07960406249999974,0.05158359374999999,0.05158359374999999,-0.12475247524752453,5.0
4526 東台,2024-07-01,2024-07-15,2024-06-28,2024-07-12,0.07142857142857144,10,4232,4242,0.05278876996439874,電機機械,4526 東台,31.6,33.4,86.3599035231996,0.0031746031746031633,0.018292682926829285,118391454.0,367515530.59999996,3746565.0,11003459.0,2,0,-0.01629026898734187,0.1276286787974681,0.0011065268987340282,-0.09957924263674589,9.0
3581 博磊,2024-07-03,2024-07-17,2024-07-02,2024-07-16,0.07142857142857142,10,4234,4244,0.0747647590045768,半導體業,3581 博磊,43.7,46.7,72.45230218625741,0.019836639439906545,-0.005324813631522929,109326475.0,158621873.8,2501750.0,3396614.0,2,0,0.0,0.27628135011441635,0.07729124713958813,-0.1504332393778055,11.0
3686 達能,2024-07-05,2024-07-17,2024-07-04,2024-07-16,0.08333333333333333,8,4236,4244,-0.06945596214797634,半導體業,3686 達能,29.65,27.7,6.844693615534988,-0.01983471074380172,-0.04482758620689653,71891080.05,98938361.39999999,2424657.0,3571782.0,3,0,-0.029129173693085875,0.09560075885328834,0.09560075885328834,-0.11384615384615371,6.0
6895 宏碩系統,2024-07-05,2024-07-17,2024-07-04,2024-07-16,0.08333333333333333,8,4236,4244,-0.007735618008555156,半導體業,6895 宏碩系統,263.0,262.0,263.5935960591133,0.00766283524904221,0.003831417624521105,42077896.0,332606904.0,159992.0,1269492.0,3,0,-0.05368165399239555,0.09073640684410633,0.045130703422053164,-0.0945454545454546,4.0
8089 康全電訊,2024-07-05,2024-07-17,2024-07-04,2024-07-16,0.08333333333333333,8,4236,4244,0.028443574222561274,通信網路業,8089 康全電訊,123.0,127.0,143.6162222845916,0.02499999999999991,0.015999999999999792,66205488.0,1100131785.0,538256.0,8662455.0,2,0,-0.08173719512195088,0.0401560975609756,0.0401560975609756,-0.11718749999999967,7.0
1784 訊聯,2024-07-08,2024-07-18,2024-07-05,2024-07-17,0.07142857142857142,8,4237,4245,0.1308556334163531,生技醫療業,1784 訊聯,133.0,151.0,190.38012678324404,0.0,0.027210884353741305,388694628.0,995367085.0,2922516.0,6591835.0,2,0,0.0,0.21370892857142842,0.09722293233082713,-0.057627118644068,9.0
2429 銘旺科,2024-07-08,2024-07-18,2024-07-05,2024-07-17,0.07142857142857142,8,4237,4245,-0.07445393597007699,光電業,2429 銘旺科,38.85,36.1,0.45162153443737546,-0.025094102885821812,-0.024324324324324187,34441884.75,24233749.5,886535.0,671295.0,2,0,-0.129113996138996,0.0,0.0,-0.129113996138996,0.0
6661 威健生技,2024-07-08,2024-07-18,2024-07-05,2024-07-17,0.07142857142857142,8,4237,4245,-0.08708094463581884,生技醫療業,6661 威健生技,32.35,29.65,39.06337907042208,-0.019696969696969657,0.0,17844518.8,12530771.95,551608.0,422623.0,2,0,-0.10243581916537847,0.12156901081916538,0.12156901081916538,-0.19972451790633594,3.0
1587 吉茂,2024-07-09,2024-07-19,2024-07-08,2024-07-18,0.06666666666666667,8,4238,4246,-0.0563721204605262,汽車工業,1587 吉茂,57.0,54.0,72.35998428091229,-0.01724137931034475,-0.025270758122743597,102832104.0,68244606.0,1804072.0,1263789.0,2,0,-0.063602894736842,0.0,0.0,-0.063602894736842,0.0
6658 聯策,2024-07-09,2024-07-19,2024-07-08,2024-07-18,0.06666666666666667,8,4238,4246,-0.06339440279426423,其他電子業,6658 聯策,75.4,70.9,73.50467289719627,0.025850340136054584,-0.015277777777777724,78657355.4,105104216.10000001,1043201.0,1482429.0,3,0,-0.11978169761273227,0.020735079575596727,0.020735079575596727,-0.1376623376623377,2.0
6869 雲豹能源,2024-07-02,2024-07-19,2024-07-01,2024-07-18,0.0625,13,4233,4246,0.1019311567937995,綠能環保,6869 雲豹能源,254.0,281.0,277.0967379077615,0.0,0.0293040293040292,2137432352.0,1640569325.0,8415088.0,5838325.0,3,0,-0.03982637795275601,0.1805413385826775,0.06642234251968482,-0.09963099630996297,12.0
8440 綠電,2024-07-04,2024-07-19,2024-07-03,2024-07-18,0.07142857142857142,11,4235,4246,-0.1699569578125002,綠能環保,8440 綠電,60.0,50.0,77.16168884787051,-0.018003273322422242,-0.011857707509881465,183040260.0,141865350.0,3050671.0,2837307.0,3,0,-0.1570672500000001,0.0,0.0,-0.1570672500000001,0.0
3492 長盛,2024-07-10,2024-07-22,2024-07-09,2024-07-19,0.04761904761904762,8,4239,4247,0.1068975239704153,電子零組件業,3492 長盛,31.9,35.45,40.2937897823303,0.015923566878980777,0.03202328966521106,18678119.9,38649291.6,585521.0,1090248.0,3,0,-0.08037433385579928,0.07629102664576792,0.0073582680250783294,-0.0989810771470161,3.0
4534 慶騰,2024-07-10,2024-07-22,2024-07-09,2024-07-19,0.04761904761904762,8,4239,4247,-0.022741776745283326,電機機械,4534 慶騰,26.5,26.0,22.802761584894263,-0.03460837887067392,-0.08931698774080565,70824854.0,78313820.0,2672636.0,3012070.0,2,0,-0.030649339622641825,0.08627622641509447,0.08627622641509447,-0.10763888888888928,8.0
6541 泰福-KY,2024-07-10,2024-07-22,2024-07-09,2024-07-19,0.04761904761904762,8,4239,4247,0.0033755598207716453,生技醫療業,6541 泰福-KY,68.0,68.5,24.321793721973098,0.0,-0.008683068017365958,61671240.0,42663581.0,906930.0,622826.0,6,4,-0.08572860294117679,0.07154959558823526,0.07154959558823526,-0.14677640603566555,8.0
8104 錸寶,2024-07-10,2024-07-22,2024-07-09,2024-07-19,0.04761904761904762,8,4239,4247,0.07981283299772035,光電業,8104 錸寶,49.35,53.5,62.751442227545546,0.0,0.011342155009451904,175298257.05,415047703.5,3552143.0,7757901.0,2,0,-0.03490645896656541,0.0734513677811548,0.0734513677811548,-0.10094339622641502,8.0
2486 一詮,2024-07-11,2024-07-23,2024-07-10,2024-07-22,0.043478260869565216,8,4240,4248,-0.06760578569313902,光電業,2486 一詮,133.0,124.5,247.83630826406073,0.0037735849056603765,0.02892561983471076,213282790.0,2412231199.5,1603630.0,19375351.0,2,0,-0.09065770676691731,0.08219248120300748,0.08219248120300748,-0.1597222222222222,5.0
4562 穎漢,2024-07-11,2024-07-23,2024-07-10,2024-07-22,0.043478260869565216,8,4240,4248,-0.06752611430851052,電機機械,4562 穎漢,70.5,66.0,73.36004704301074,-0.005641748942172176,0.049284578696343395,255302566.5,1115759634.0,3621313.0,16905449.0,3,0,-0.14083382978723402,0.0,0.0,-0.14083382978723402,0.0
8374 羅昇,2024-07-11,2024-07-23,2024-07-10,2024-07-22,0.043478260869565216,8,4240,4248,0.24506456328125026,電機機械,8374 羅昇,110.0,137.5,290.4684633628504,-0.0434782608695653,0.10000000000000009,109116040.0,2041242637.5,991964.0,14845401.0,2,0,-0.059537840909090756,0.19943000000000022,0.0,-0.059537840909090756,5.0
2467 志聖,2024-07-10,2024-07-26,2024-07-09,2024-07-23,0.04761904761904762,10,4239,4249,-0.018280027801259147,電子零組件業,2467 志聖,208.5,205.5,751.6623241880601,0.009685230024213176,-0.09670329670329658,195984579.0,1483139943.0,939974.0,7217226.0,2,0,-0.03163525179856119,0.09060881294964007,0.0,-0.09890109890109888,4.0
6133 金橋,2024-07-15,2024-07-26,2024-07-12,2024-07-23,0.04347826086956522,7,4242,4249,-0.11462075499999957,電子零組件業,6133 金橋,22.5,20.0,41.679365490607,0.011235955056179803,-0.07834101382488468,28593315.0,22380180.0,1270814.0,1119009.0,2,2,-0.10042749999999967,0.0,0.0,-0.10042749999999967,0.0
6187 萬潤,2024-07-16,2024-07-26,2024-07-15,2024-07-23,0.037037037037037035,6,4243,4249,-0.08465759838477394,半導體業,6187 萬潤,278.0,254.0,464.8845222368801,0.00907441016333932,-0.046904315196998114,622477028.0,207636618.0,2239126.0,817467.0,2,2,-0.11943659811029328,0.0,0.0,-0.11943659811029328,0.0
6218 豪勉,2024-07-16,2024-07-26,2024-07-15,2024-07-23,0.037037037037037035,6,4243,4249,-0.10246961869944782,通信網路業,6218 豪勉,32.9,29.2,103.79257527766897,0.0030487804878049918,-0.05348460291734192,23157290.099999998,9027559.6,703869.0,309163.0,2,2,-0.09471314560662658,0.036376092252720316,0.036376092252720316,-0.12648809523809512,3.0
6231 系微,2024-07-15,2024-07-26,2024-07-12,2024-07-23,0.04347826086956522,7,4242,4249,-0.06855710509121615,資訊服務業,6231 系微,462.5,432.5,996.8486655664078,0.02777777777777768,-0.07585470085470081,195111637.5,158063180.0,421863.0,365464.0,3,2,-0.05990621621621617,0.10434005405405444,0.0,-0.11839530332681025,6.0
6698 旭暉應材,2024-07-10,2024-07-26,2024-07-09,2024-07-23,0.04761904761904762,10,4239,4249,-0.24612561344852923,其他電子業,6698 旭暉應材,51.0,38.6,54.14690075100413,-0.026717557251908386,-0.04337050805452303,52528623.0,57104685.6,1029973.0,1479396.0,2,0,-0.22193838235294094,0.01520382352941163,0.01520382352941163,-0.23359073359073323,1.0
6937 天虹,2024-07-16,2024-07-26,2024-07-15,2024-07-23,0.037037037037037035,6,4243,4249,-0.1324711430040323,半導體業,6937 天虹,310.0,270.0,318.0127388535032,-0.01273885350318471,-0.0625,140022040.0,90752400.0,451684.0,336120.0,2,2,-0.11977314516129056,0.018870645161290334,0.018870645161290334,-0.1360759493670889,1.0
8906 花王,2024-07-15,2024-07-26,2024-07-12,2024-07-23,0.04347826086956522,7,4242,4249,0.004788945805921152,其他,8906 花王,57.0,57.5,39.13698060742492,0.0,-0.013722126929674117,7809570.0,32156817.5,137010.0,559249.0,2,2,-0.005735657894736734,0.08895618421052642,0.03810315789473706,-0.042229729729729826,7.0
8937 合騏*,2024-07-16,2024-07-26,2024-07-15,2024-07-23,0.037037037037037035,6,4243,4249,-0.06669176043799196,其他,8937 合騏*,38.1,35.7,40.52602871700224,0.020080321285140368,-0.024590163934426257,42040721.1,29469457.500000004,1103431.0,825475.0,3,2,-0.08573631889763755,0.044123228346456767,0.0,-0.08573631889763755,1.0
3593 力銘,2024-07-17,2024-07-29,2024-07-16,2024-07-26,0.04,6,4244,4250,-0.027601290946570045,電子零組件業,3593 力銘,18.95,18.5,13.72331132052845,0.010666666666666602,0.0,11814377.5,3850886.0,623450.0,208156.0,2,0,-0.040034036939314066,0.05490765171503953,0.05490765171503953,-0.09000000000000008,4.0
4510 高鋒,2024-07-17,2024-07-29,2024-07-16,2024-07-26,0.04,6,4244,4250,-0.0481471547910064,電機機械,4510 高鋒,31.55,30.15,53.57375093856333,0.032733224222585955,0.004999999999999893,54442112.1,59925446.55,1725582.0,1987577.0,2,0,-0.14462202852614892,0.0,0.0,-0.14462202852614892,0.0
3363 上詮,2024-07-18,2024-07-30,2024-07-17,2024-07-29,0.04166666666666667,6,4245,4251,-0.04698761822916642,通信網路業,3363 上詮,162.0,155.0,255.3377840649342,-0.04705882352941182,-0.01273885350318471,117485802.0,102096175.0,725221.0,658685.0,2,0,-0.03132453703703686,0.061224074074074375,0.061224074074074375,-0.08720930232558144,5.0
3535 晶彩科,2024-07-18,2024-07-30,2024-07-17,2024-07-29,0.04166666666666667,6,4245,4251,-0.020783025160211244,光電業,3535 晶彩科,71.0,69.8,136.7948637593741,-0.09898477157360408,-0.00711237553342825,446742863.0,244021009.39999998,6292153.0,3496003.0,3,0,-0.0624173943661972,0.045981795774648004,0.01360281690140841,-0.07499999999999996,3.0
4927 泰鼎-KY,2024-07-19,2024-07-31,2024-07-18,2024-07-30,0.04347826086956522,6,4246,4252,0.019037457947115755,電子零組件業,4927 泰鼎-KY,52.0,53.2,92.77332677539661,0.007751937984496138,-0.01298701298701277,55464292.0,42489776.0,1066621.0,798680.0,2,0,-0.010085817307692424,0.037968269230769236,0.018746634615384616,-0.028301886792452935,5.0
5484 慧友,2024-07-19,2024-07-31,2024-07-18,2024-07-30,0.04347826086956522,6,4246,4252,-0.037827657219387745,光電業,5484 慧友,73.5,71.0,64.21367068061225,-0.006756756756756688,-0.01388888888888884,54110773.5,56836849.0,736201.0,800519.0,2,0,-0.06439020408163254,0.02400316326530616,0.019923469387755022,-0.08266666666666644,2.0
3379 彬台,2024-07-22,2024-08-01,2024-07-19,2024-07-31,0.047619047619047616,6,4247,4253,0.024330288701466918,電機機械,3379 彬台,42.3,43.3,64.99100425298573,0.0,0.00464037122969807,23233063.5,30609895.799999997,549245.0,706926.0,2,0,-0.007563829787233911,0.09437167851442263,0.0,-0.05420353982300896,6.0
6442 光聖,2024-07-22,2024-08-01,2024-07-19,2024-07-31,0.047619047619047616,6,4247,4253,-0.06437509812178088,通信網路業,6442 光聖,500.0,467.5,714.3481773506458,-0.06542056074766356,0.021857923497267784,89073500.0,102037017.5,178147.0,218261.0,2,0,-0.1745822944959441,0.0,0.0,-0.1745822944959441,0.0
2243 宏旭-KY,2024-07-19,2024-08-05,2024-07-18,2024-08-02,0.04347826086956522,9,4246,4255,-0.08395905573667983,汽車工業,2243 宏旭-KY,30.5,28.05,31.906838365896984,0.04810996563573888,-0.03442340791738374,157456677.0,30567010.650000002,5162514.0,1089733.0,3,0,-0.14303020491803253,0.027380614754098476,0.027380614754098476,-0.16586921850079728,1.0
6492 生華科,2024-07-26,2024-08-05,2024-07-23,2024-08-02,0.1,6,4249,4255,-0.06886791692039096,生技醫療業,6492 生華科,53.7,50.2,54.5,-0.007393715341959317,-0.05283018867924527,25905417.0,31935432.8,482410.0,636164.0,2,0,-0.11215377094972045,0.05908701117318449,0.05908701117318449,-0.16168717047451664,5.0
3228 金麗科,2024-08-02,2024-08-06,2024-08-01,2024-08-05,0.16666666666666669,2,4254,4256,-0.2085117401943377,半導體業,3228 金麗科,260.5,207.0,301.6781929099548,-0.05956678700361007,-0.08000000000000007,251819619.0,255836682.0,966678.0,1235926.0,2,2,-0.22301799424184265,0.0,0.0,-0.22301799424184265,0.0
6692 進能服,2024-07-29,2024-08-06,2024-07-26,2024-08-05,0.1111111111111111,6,4250,4256,-0.18360384994288959,綠能環保,6692 進能服,52.4,38.2,51.1,-0.0019047619047619646,-0.09905660377358483,18614314.0,16203599.600000001,355235.0,424178.0,2,0,-0.17646774998110493,0.0744522324465271,0.0744522324465271,-0.23353293413173648,4.0
8085 福華,2024-08-01,2024-08-06,2024-07-31,2024-08-05,0.19999999999999998,3,4253,4256,-0.14388949037190069,其他電子業,8085 福華,48.4,41.6,46.52675326423476,0.025423728813559254,-0.005973715651135025,61187134.8,86935139.2,1264197.0,2089787.0,2,2,-0.20079302685950406,0.0,0.0,-0.20079302685950406,0.0
8089 康全電訊,2024-07-30,2024-08-06,2024-07-29,2024-08-05,0.125,5,4251,4256,-0.03984210255067533,通信網路業,8089 康全電訊,111.0,107.0,134.2753297782767,0.0,0.054187192118226646,36786288.0,76070687.0,331408.0,710941.0,2,2,-0.12023790540540502,0.07156283783783812,0.07156283783783812,-0.17899159663865527,4.0
2524 京城,2024-08-19,2024-08-21,2024-08-16,2024-08-20,0.2,2,4265,4267,-0.03264119527777776,建材營造,2524 京城,121.5,118.0,331.6320831053972,-0.02016129032258074,-0.04453441295546556,199841742.0,820505448.0,1644788.0,6953436.0,2,0,-0.07040061728395053,0.11880987654320996,0.11880987654320996,-0.16911764705882348,2.0
6640 均華,2024-08-19,2024-08-21,2024-08-16,2024-08-20,0.2,2,4265,4267,0.01564988912109344,半導體業,6640 均華,864.0,881.0,1179.3110495332196,0.006993006993006867,0.0022753128555175195,191096928.0,879244167.0,221177.0,998007.0,3,1,0.0,0.01687786458333318,0.01225043402777759,-0.0011376564277588708,3.0
6643 M31,2024-08-19,2024-08-26,2024-08-16,2024-08-23,0.2,5,4265,4270,0.020706394452351562,半導體業,6643 M31,1010.0,1035.0,1509.7054224704507,-0.03809523809523818,0.024752475247524774,448212750.0,1442024100.0,443775.0,1393260.0,2,0,-0.04104977722772263,0.014369430693069285,0.014369430693069285,-0.05463414634146324,1.0
1540 喬福,2024-08-19,2024-08-27,2024-08-16,2024-08-26,0.2,6,4265,4271,-0.026993246176092556,電機機械,1540 喬福,38.9,38.0,153.8891678142704,0.025032938076416267,-0.01041666666666674,97179980.0,803299442.0,2498200.0,21139459.0,2,0,-0.05186446015424162,0.08431760925449883,0.0033792095115681153,-0.055057618437900135,2.0
4510 高鋒,2024-08-19,2024-08-27,2024-08-16,2024-08-26,0.2,6,4265,4271,0.028728922273693724,電機機械,4510 高鋒,41.15,42.5,69.45059947344659,0.0,-0.03409090909090906,52223218.1,1844016562.5,1269094.0,43388625.0,2,0,-0.06484295261239381,0.1756260024301337,0.0,-0.06484295261239381,2.0
3303 岱稜,2024-08-20,2024-08-30,2024-08-19,2024-08-29,0.125,8,4266,4274,0.08099919942412215,其他電子業,3303 岱稜,59.8,64.9,149.67959669261225,0.010135135135135087,0.022047244094488327,114210704.39999999,599689888.6,1909878.0,9240214.0,2,0,-0.0054893394648829474,0.09981178929765888,0.09981178929765888,-0.0957446808510638,7.0
6754 匯僑設計,2024-08-20,2024-08-30,2024-08-19,2024-08-29,0.125,8,4266,4274,-0.007283343740931647,居家生活,6754 匯僑設計,89.6,89.3,113.23093361429954,0.006741573033707704,0.019406392694063967,33613977.6,95806933.8,375156.0,1072866.0,2,0,-0.0841405970982142,0.0,0.0,-0.0841405970982142,0.0
3219 倚強科,2024-08-21,2024-09-02,2024-08-20,2024-08-30,0.1111111111111111,8,4267,4275,0.04157503502285209,其他電子業,3219 倚強科,54.7,57.2,16.250137998190976,-0.01795332136445238,-0.01718213058419249,8662018.5,21772322.0,158355.0,380635.0,2,0,-0.002302285191956188,0.06347998171846436,0.026934277879341773,-0.04982817869415812,8.0
3284 太普高,2024-08-21,2024-09-02,2024-08-20,2024-08-30,0.1111111111111111,8,4267,4275,-0.002179163494671066,其他,3284 太普高,63.7,61.1,101.61914807984834,-0.015455950540958274,-0.02861685214626386,49915192.6,167135750.6,783598.0,2735446.0,2,0,-0.08391669626998222,0.038992512638338805,0.03247637362637357,-0.1127319451267903,4.0
6187 萬潤,2024-08-21,2024-09-02,2024-08-20,2024-08-30,0.1111111111111111,8,4267,4275,0.17866111990625,半導體業,6187 萬潤,330.0,390.5,597.0663883274437,-0.0060240963855421326,0.023591087811271283,367716690.0,6652655625.0,1114293.0,17036250.0,2,0,0.0,0.1555114772727273,0.00558272727272735,-0.050561797752809,9.0
3230 錦明,2024-08-20,2024-09-04,2024-08-19,2024-09-03,0.125,11,4266,4277,0.3140523095316625,光電業,3230 錦明,37.9,50.0,25.632318060702385,0.0369357045143639,-0.07918968692449346,90680070.6,269357450.0,2392614.0,5387149.0,3,0,0.0,0.4320371372031664,0.0601821899736148,-0.09944751381215455,12.0
2438 翔耀,2024-08-26,2024-09-05,2024-08-23,2024-09-04,0.0909090909090909,8,4270,4278,-0.11984115149174546,光電業,2438 翔耀,63.6,56.2,4.238263190641794,0.0,-0.04095563139931735,12206366.4,57882852.800000004,191924.0,1029944.0,2,0,-0.17020566037735874,0.0,0.0,-0.17020566037735874,0.0
6570 維田,2024-08-26,2024-09-05,2024-08-23,2024-09-04,0.0909090909090909,8,4270,4278,-0.09386967894531262,電腦及週邊設備業,6570 維田,72.0,65.5,103.6881873084812,0.005586592178770999,0.03968253968253954,106837272.0,191865678.5,1483851.0,2929247.0,2,0,-0.14207437499999997,0.0,0.0,-0.14207437499999997,0.0
5905 南仁湖,2024-08-27,2024-09-06,2024-08-26,2024-09-05,0.1,8,4271,4279,-0.03647248490561228,觀光餐旅,5905 南仁湖,24.5,23.7,32.66357768794648,0.002044989775051187,0.03267973856209139,148394540.0,539568538.5,6056920.0,22766605.0,2,0,-0.11062673469387752,0.013803928571428647,0.013803928571428647,-0.12273641851106643,2.0
2070 精湛,2024-08-26,2024-09-09,2024-08-23,2024-09-06,0.0909090909090909,10,4270,4280,-0.07460111489657106,電機機械,2070 精湛,83.0,76.2,102.03450769837359,-0.0165876777251186,0.043835616438356206,48783914.0,72990075.0,587758.0,957875.0,2,0,-0.11037155147536226,0.06146079269172522,0.06146079269172522,-0.16188289322617677,5.0
4729 熒茂,2024-08-28,2024-09-09,2024-08-27,2024-09-06,0.09090909090909091,8,4272,4280,0.1633572013159177,光電業,4729 熒茂,25.6,29.9,21.96619965480391,0.02605210420841675,-0.0016694490818031094,59972454.400000006,200307724.5,2342674.0,6699255.0,2,0,0.0,0.16936616210937494,0.050282128906249834,-0.046744574290484175,9.0
4741 泓瀚,2024-09-02,2024-09-12,2024-08-30,2024-09-11,0.125,8,4275,4283,-0.1494981504346391,化學工業,4741 泓瀚,56.8,48.5,78.52011027353768,0.010676156583629748,0.0,11779184.0,46556314.0,207380.0,959924.0,2,0,-0.19316511883802812,0.09982944542253547,0.09982944542253547,-0.2664000000000001,5.0
3073 天方能源,2024-08-30,2024-09-13,2024-08-29,2024-09-12,0.09999999999999999,10,4274,4284,-0.08456006832802065,綠能環保,3073 天方能源,90.2,82.9,22.820554650897428,0.0033370411568407476,-0.08901098901098903,8757878.8,85694310.30000001,97094.0,1033707.0,2,1,-0.09134090909090886,0.01947117516629726,0.01947117516629726,-0.10869565217391297,6.0
3550 聯穎,2024-09-03,2024-09-13,2024-09-02,2024-09-12,0.0909090909090909,8,4276,4284,-0.08395249801957827,電子零組件業,3550 聯穎,24.9,22.9,54.48913060711551,-0.002004008016032066,0.008810572687224516,124590461.69999999,347330712.0,5003633.0,15167280.0,3,0,-0.14498463855421684,0.005546234939759032,0.005546234939759032,-0.14970059880239517,2.0
5364 力麗店,2024-09-03,2024-09-13,2024-09-02,2024-09-12,0.0909090909090909,8,4276,4284,-0.029488135288461392,觀光餐旅,5364 力麗店,46.8,45.6,1.4122934169862214,0.015184381778741818,-0.029787234042553123,12588264.0,14169516.0,268980.0,310735.0,2,0,-0.06775072115384595,0.015543028846153994,0.0,-0.06775072115384595,4.0
8039 台虹,2024-09-03,2024-09-13,2024-09-02,2024-09-12,0.0909090909090909,8,4276,4284,-0.01819801533530041,電子零組件業,8039 台虹,69.9,68.9,200.11141802426866,0.01011560693641611,0.0,307627733.1,1731752236.5000002,4400969.0,25134285.0,2,0,-0.09914055793991405,0.0,0.0,-0.09914055793991405,0.0
5386 青雲,2024-09-04,2024-09-16,2024-09-03,2024-09-13,0.08333333333333333,8,4277,4285,-0.03959651371315809,電腦及週邊設備業,5386 青雲,95.0,91.6,23.885932491503834,-0.044265593561368166,0.00659340659340657,130573795.0,127440698.39999999,1374461.0,1391274.0,2,0,-0.10568815789473707,0.0,0.0,-0.10568815789473707,0.0
8080 泰霖,2024-09-04,2024-09-16,2024-09-03,2024-09-13,0.08333333333333333,8,4277,4285,-0.032523601647028944,建材營造,8080 泰霖,36.6,35.55,10.214152257599357,-0.02659574468085102,-0.024691358024691357,10026753.0,1595164.0499999998,273955.0,44871.0,3,2,-0.04417008196721317,0.05960573770491795,0.05960573770491795,-0.09793814432989689,2.0
2425 承啟,2024-09-05,2024-09-18,2024-09-04,2024-09-16,0.07142857142857142,8,4278,4286,0.033876396851265866,電腦及週邊設備業,2425 承啟,39.5,41.0,18.054842783726144,0.008939974457215838,0.01990049751243772,35786407.5,389891263.0,905985.0,9509543.0,2,0,-0.043492531645569654,0.02989031645569651,0.0,-0.043492531645569654,3.0
4583 台灣精銳,2024-09-05,2024-09-18,2024-09-04,2024-09-16,0.07142857142857142,8,4278,4286,0.25043300086753706,電機機械,4583 台灣精銳,603.0,757.0,647.1976619553257,0.01005025125628145,-0.009162303664921545,410704506.0,1178010092.0,681102.0,1556156.0,3,1,-0.058490547263681525,0.26639651741293524,0.0,-0.058490547263681525,5.0
8111 立碁,2024-09-05,2024-09-18,2024-09-04,2024-09-16,0.07142857142857142,8,4278,4286,0.12033295965415913,光電業,8111 立碁,27.65,31.1,34.344855343101784,0.014678899082568808,0.009740259740259827,33640925.5,402006219.5,1216670.0,12926245.0,2,0,-0.03481672694394211,0.1133949367088607,0.0,-0.04886561954624791,6.0
4526 東台,2024-09-05,2024-09-20,2024-09-04,2024-09-19,0.07142857142857142,10,4278,4288,0.09485570175938385,電機機械,4526 東台,37.3,41.0,97.19771280666046,0.0191256830601092,0.01990049751243772,156692973.2,1572887059.0,4200884.0,38363099.0,2,0,-0.08220559651474502,0.07723605898123376,0.0,-0.08220559651474502,4.0
1735 日勝化,2024-09-10,2024-09-23,2024-09-09,2024-09-20,0.07142857142857144,8,4281,4289,0.09993433811349672,化學工業,1735 日勝化,24.45,27.0,48.710102602216764,0.027310924369747802,-0.03571428571428581,17910407.4,70939179.0,732532.0,2627377.0,2,0,-0.06792760736196313,0.14465030674846635,0.0,-0.09821428571428581,5.0
3081 聯亞,2024-09-06,2024-09-23,2024-09-05,2024-09-20,0.06666666666666667,10,4279,4289,0.2398767942675779,通信網路業,3081 聯亞,192.0,239.0,347.98225189085065,0.02400000000000002,0.014861995753715496,313940928.0,1642459624.0,1635109.0,6872216.0,2,0,-0.0030779296875000917,0.34831757812499986,0.0,-0.09198113207547165,10.0
3450 聯鈞,2024-09-06,2024-09-23,2024-09-05,2024-09-20,0.06666666666666667,10,4279,4289,0.2003699379326922,半導體業,3450 聯鈞,156.0,188.0,690.7458167393751,0.006451612903225934,0.02452316076294281,308061312.0,7108126780.0,1974752.0,37809185.0,2,0,0.0,0.19494495192307704,0.005932211538461463,-0.030640668523676973,11.0
4569 六方科-KY,2024-09-16,2024-09-27,2024-09-13,2024-09-26,0.125,8,4285,4293,0.09565681568749973,汽車工業,4569 六方科-KY,240.0,264.0,240.24752475247524,0.012658227848101333,0.09999999999999987,55484640.0,78658008.0,231186.0,297947.0,3,0,-0.06086296875000008,0.09947749999999966,0.0,-0.06086296875000008,5.0
6231 系微,2024-09-19,2024-10-01,2024-09-18,2024-09-30,0.16666666666666669,8,4287,4295,0.013594634686888485,資訊服務業,6231 系微,511.0,520.0,1193.9267925519505,0.003929273084479323,0.0019267822736031004,176575539.0,1251891160.0,345549.0,2407483.0,2,0,-0.006343052837573415,0.04646942270058707,0.04646942270058707,-0.05046728971962622,7.0
5314 世紀*,2024-09-24,2024-10-04,2024-09-23,2024-10-01,0.1111111111111111,6,4290,4296,-0.08951225768860138,其他,5314 世紀*,227.0,207.5,42.79319057388259,0.013392857142857206,-0.009546539379474916,38682616.0,37647555.0,170408.0,181434.0,3,2,-0.09074047356828197,0.0,0.0,-0.09074047356828197,0.0
5438 東友,2024-09-23,2024-10-04,2024-09-20,2024-10-01,0.16666666666666669,7,4289,4296,-0.034833671875000305,電腦及週邊設備業,5438 東友,25.8,25.0,72.03225596525343,-0.0019342359767891004,-0.03100775193798455,51936586.800000004,28648300.0,2013046.0,1145932.0,3,2,-0.09926526162790739,0.034392151162790485,0.034392151162790485,-0.12921348314606762,4.0
5443 均豪,2024-09-24,2024-10-04,2024-09-23,2024-10-01,0.1111111111111111,6,4290,4296,-0.003948349375000437,半導體業,5443 均豪,147.5,147.5,278.9345126587635,0.0068259385665527805,0.0068259385665527805,549750347.5,218845750.0,3727121.0,1483700.0,2,2,-0.05129830508474564,0.0,0.0,-0.05129830508474564,0.0
8032 光菱,2024-09-23,2024-10-04,2024-09-20,2024-10-01,0.16666666666666669,7,4289,4296,-0.10694914506463071,電子通路業,8032 光菱,44.0,39.45,123.00340968688074,0.0011376564277587597,-0.03663003663003661,142318396.0,52389560.550000004,3234509.0,1327999.0,3,2,-0.13109474431818202,0.05631619318181791,0.05631619318181791,-0.17741935483870963,1.0
8249 菱光,2024-09-20,2024-10-04,2024-09-19,2024-10-01,0.16666666666666669,8,4288,4296,-0.012762965752212474,電子零組件業,8249 菱光,56.5,56.0,199.82119139929765,-0.003527336860670305,-0.007092198581560294,198593432.0,606640888.0,3514928.0,10832873.0,3,0,-0.1013120353982302,0.09682389380530965,0.09682389380530965,-0.1806451612903226,6.0
8996 高力,2024-09-24,2024-10-04,2024-09-23,2024-10-01,0.1111111111111111,6,4290,4296,-0.008916188031483752,電機機械,8996 高力,401.0,399.0,909.7566407575736,0.0025000000000001688,-0.014814814814814836,364323337.0,405508488.0,908537.0,1016312.0,2,2,-0.026647100997506112,0.07180985037406495,0.07180985037406495,-0.0918604651162791,6.0
2033 佳大,2024-09-25,2024-10-07,2024-09-24,2024-10-04,0.08333333333333334,6,4291,4297,-0.008279008725543768,鋼鐵工業,2033 佳大,23.0,22.9,37.18105479678726,0.03139013452914785,0.0,7315725.0,8426719.1,318075.0,367979.0,2,0,-0.04175972826086971,0.0038707608695651707,0.0,-0.04175972826086971,1.0
3354 律勝,2024-09-25,2024-10-07,2024-09-24,2024-10-04,0.08333333333333334,6,4291,4297,-0.031040954272000487,電子零組件業,3354 律勝,31.25,30.4,54.26673619786356,0.0212418300653594,0.0,18450906.25,20947667.2,590429.0,689068.0,2,0,-0.05964688000000018,0.0,0.0,-0.05964688000000018,0.0
6187 萬潤,2024-09-23,2024-10-07,2024-09-20,2024-10-04,0.16666666666666669,8,4289,4297,0.05000444836718754,半導體業,6187 萬潤,480.0,506.0,862.329316876534,0.016949152542372836,0.023255813953488413,395928960.0,570735616.0,824852.0,1127936.0,2,0,-0.021298437499999823,0.13071265625000006,0.012019062500000066,-0.03292181069958833,6.0
1721 國慶科技,2024-09-26,2024-10-08,2024-09-25,2024-10-07,0.07142857142857142,6,4292,4298,-0.022741776745282882,化學工業,1721 國慶科技,26.5,26.0,16.24756868940995,0.03718199608610573,-0.009523809523809601,177830635.0,290538872.0,6710590.0,11174572.0,3,0,-0.10797108490566032,0.0,0.0,-0.10797108490566032,0.0
3230 錦明,2024-09-26,2024-10-08,2024-09-25,2024-10-07,0.07142857142857142,6,4292,4298,-0.009255907015985665,光電業,3230 錦明,56.3,56.0,34.814043933192785,0.02925045703839113,-0.010600706713780883,25939324.2,22041712.0,460734.0,393602.0,2,0,-0.030656039076376596,0.020829262877442467,0.0,-0.0434782608695653,4.0
5210 寶碩,2024-09-27,2024-10-09,2024-09-26,2024-10-08,0.0625,6,4293,4299,0.03150433649470341,資訊服務業,5210 寶碩,29.5,30.55,39.49736039991541,0.0,-0.030158730158730163,10389811.5,7290452.0,352197.0,238640.0,2,0,0.0,0.1299714830508476,0.030018983050847492,-0.0734632683658174,7.0
5234 達興材料,2024-09-25,2024-10-09,2024-09-24,2024-10-08,0.08333333333333334,8,4291,4299,0.056028954318548596,光電業,5234 達興材料,232.5,246.5,527.2750909983173,0.026490066225165476,-0.010040160642570295,622575480.0,209521549.0,2677744.0,849986.0,2,0,0.0,0.10915032258064539,0.04896387096774202,-0.04844961240310086,9.0
6144 得利影,2024-09-27,2024-10-09,2024-09-26,2024-10-08,0.0625,6,4293,4299,-0.06000320417207794,文化創意業,6144 得利影,115.5,109.0,30.141758461538465,-0.004310344827586188,-0.04385964912280693,2636865.0,12245605.0,22830.0,112345.0,3,0,-0.030763636363636326,0.055775324675324534,0.0,-0.030763636363636326,1.0
6706 惠特,2024-09-30,2024-10-11,2024-09-27,2024-10-09,0.058823529411764705,6,4294,4300,0.07312707597098234,光電業,6706 惠特,168.0,181.0,204.0510578601446,0.012048192771084265,-0.010928961748633781,281052240.0,290120737.0,1672930.0,1602877.0,2,0,0.0,0.10661696428571421,0.011424107142857132,-0.06451612903225779,7.0
3167 大量,2024-09-27,2024-10-14,2024-09-26,2024-10-11,0.0625,8,4293,4301,0.1608396075298708,電機機械,3167 大量,136.0,158.5,287.946179558862,0.0625,0.0,607308272.0,344937685.5,4465502.0,2176263.0,2,0,0.0,0.23470735294117606,0.03259751838235281,-0.046666666666666856,9.0
6969 成信實業*-創,2024-10-01,2024-10-14,2024-09-30,2024-10-11,0.058823529411764705,6,4295,4301,-0.07940680775568187,綠能環保,6969 成信實業*-創,66.0,61.0,64.4,0.06109324758842449,-0.004893964110929794,24222132.0,3721000.0,367002.0,61000.0,2,0,-0.0913409090909092,0.0,0.0,-0.0913409090909092,0.0
1799 易威,2024-10-07,2024-10-16,2024-10-04,2024-10-15,0.09999999999999999,6,4297,4303,0.07408334675691242,生技醫療業,1799 易威,108.5,117.0,79.93580806220056,0.018779342723004744,0.0,207533375.0,17346888.0,1912750.0,148264.0,3,0,0.0,0.16073870967741932,0.07322269585253438,-0.09126984126984128,7.0
4402 郡都開發,2024-10-07,2024-10-16,2024-10-04,2024-10-15,0.09999999999999999,6,4297,4303,0.10808557969354116,紡織纖維,4402 郡都開發,28.45,31.65,7.498018904109589,0.03454545454545466,0.019323671497584405,6654284.3,4818174.45,233894.0,152233.0,3,0,0.0,0.19451142355008777,0.05046739894551844,-0.12205882352941155,7.0
6246 臺龍,2024-10-09,2024-10-22,2024-10-08,2024-10-21,0.16666666666666666,8,4299,4307,-0.06679673268403408,光電業,6246 臺龍,26.15,24.5,2.6467808812002795,0.021484375,-0.04296875000000011,13893024.299999999,61920295.5,531282.0,2527359.0,2,0,-0.06354254302103246,0.0,0.0,-0.06354254302103246,0.0
5907 大洋-KY,2024-10-11,2024-10-23,2024-10-09,2024-10-22,0.14285714285714285,8,4300,4308,-0.030973006562499794,貿易百貨,5907 大洋-KY,12.9,12.55,19.72698684044989,0.0078125,-0.015686274509803755,13896189.6,119285227.45,1077224.0,9504799.0,2,0,-0.10507645348837213,0.08475581395348852,0.0,-0.10507645348837213,2.0
2929 淘帝-KY,2024-10-14,2024-10-24,2024-10-11,2024-10-23,0.14285714285714285,8,4301,4309,-0.018759526335966226,貿易百貨,2929 淘帝-KY,13.45,13.25,33.201674703219005,0.026717557251908497,-0.0535714285714286,23007005.099999998,57014220.0,1710558.0,4302960.0,2,0,-0.07107342007434947,0.0403977695167288,0.0,-0.07500000000000007,1.0
8404 百和興業-KY,2024-10-14,2024-10-24,2024-10-11,2024-10-23,0.14285714285714285,8,4301,4309,0.13355373034090912,其他,8404 百和興業-KY,29.7,33.8,68.91785026377865,0.0223752151462997,-0.011695906432748648,58365044.1,471748729.4,1965153.0,13957063.0,2,0,-0.024032828282828378,0.1778914141414143,0.0,-0.05714285714285716,7.0
3081 聯亞,2024-10-11,2024-10-25,2024-10-09,2024-10-24,0.14285714285714285,10,4300,4310,-0.0025027011157476853,通信網路業,3081 聯亞,344.5,345.0,639.6331731884044,0.007309941520467822,0.0,463815163.5,5219794455.0,1346343.0,15129839.0,3,0,-0.023686030478955233,0.10252394775036255,0.10252394775036255,-0.11447368421052628,6.0
3234 光環,2024-10-16,2024-10-28,2024-10-15,2024-10-25,0.14285714285714285,8,4303,4311,-0.009924659278749748,通信網路業,3234 光環,50.0,49.7,54.889218427442636,-0.013806706114398493,-0.04789272030651337,102633600.0,268448337.5,2052672.0,5401375.0,2,0,-0.06044650000000007,0.1074736999999999,0.1074736999999999,-0.15162454873646203,8.0
3363 上詮,2024-10-16,2024-10-28,2024-10-15,2024-10-25,0.14285714285714285,8,4303,4311,-0.014544643530584933,通信網路業,3363 上詮,235.0,232.5,365.649878086945,-0.01673640167364021,-0.004282655246252598,804286090.0,3252757072.5,3422494.0,13990353.0,2,0,-0.10255414893616999,0.06332446808510661,0.06332446808510661,-0.15599999999999992,4.0
4991 環宇-KY,2024-10-21,2024-11-01,2024-10-18,2024-10-30,0.1,8,4306,4314,0.028888518228021853,半導體業,4991 環宇-KY,63.7,65.8,108.04266565200233,-0.003129890453833939,-0.017910447761194215,64479433.2,591421125.4,1012236.0,8988163.0,2,0,-0.0271499215070643,0.1564363029827318,0.008939678178963906,-0.035769828926905056,3.0
6187 萬潤,2024-10-21,2024-11-01,2024-10-18,2024-10-30,0.1,8,4306,4314,-0.02608283049999971,半導體業,6187 萬潤,450.0,440.0,805.6799456948638,0.0,-0.03190319031903188,866014200.0,3246003200.0,1924476.0,7377280.0,2,0,-0.028239583333333318,0.035063666666666826,0.0,-0.04148471615720517,4.0
4956 光鋐,2024-10-21,2024-11-04,2024-10-18,2024-11-01,0.1,9,4306,4315,-0.07574612281822102,光電業,4956 光鋐,43.7,40.55,50.67219873527192,0.02102803738317771,-0.015776699029126373,205243954.60000002,140427529.04999998,4696658.0,3463071.0,3,0,-0.11826799199084659,0.033833638443936165,0.033833638443936165,-0.14712389380530988,2.0
6546 正基,2024-10-23,2024-11-04,2024-10-22,2024-11-01,0.1,7,4308,4315,-0.2076138626018369,通信網路業,6546 正基,156.5,124.5,179.28232832907085,0.0,0.00809716599190291,67358539.0,157283215.5,430406.0,1263319.0,2,0,-0.24636453674121417,0.0,0.0,-0.24636453674121417,0.0
6854 錼創科技-KY創,2024-10-23,2024-11-04,2024-10-22,2024-11-01,0.1,7,4308,4315,-0.12044561845394752,半導體業,6854 錼創科技-KY創,171.0,151.0,156.0,0.017857142857142794,0.0,83291706.0,36726975.0,487086.0,243225.0,3,0,-0.12322368421052643,0.0,0.0,-0.12322368421052643,0.0
6151 晉倫,2024-10-28,2024-11-07,2024-10-25,2024-11-06,0.14285714285714285,7,4311,4318,-0.053352511246000045,其他電子業,6151 晉倫,62.5,59.4,202.39851067695224,0.008064516129032473,-0.01655629139072845,123084687.5,95489420.39999999,1969355.0,1607566.0,3,0,-0.03405904000000004,0.015517400000000015,0.015517400000000015,-0.048818897637795344,1.0
4576 大銀微系統,2024-10-25,2024-11-08,2024-10-24,2024-11-07,0.125,9,4310,4319,-0.007480447426862269,電機機械,4576 大銀微系統,141.0,140.5,151.79401811465627,0.010752688172043001,-0.02768166089965407,240906537.0,377054511.0,1708557.0,2683662.0,2,0,-0.07136329787234075,0.07041329787234041,0.07041329787234041,-0.13245033112582805,5.0
6763 綠界科技*,2024-10-29,2024-11-08,2024-10-28,2024-11-07,0.125,7,4312,4319,-0.018143859835213716,數位雲端,6763 綠界科技*,84.2,83.0,977.9915652146219,-0.04209328782707622,0.0,193943669.8,153791447.0,2303369.0,1852909.0,3,0,-0.07051297505938248,0.009021674584323014,0.009021674584323014,-0.07882352941176474,3.0
6791 虎門科技,2024-11-01,2024-11-12,2024-10-30,2024-11-11,0.125,7,4314,4321,0.10957224315946701,資訊服務業,6791 虎門科技,136.0,151.5,151.00273172360076,-0.04225352112676062,-0.016233766233766378,36296224.0,67610965.5,266884.0,446277.0,3,0,0.0,0.22735790441176507,0.03627224264705897,-0.16766467065868274,8.0
4558 寶緯,2024-11-04,2024-11-13,2024-11-01,2024-11-12,0.16666666666666666,7,4315,4322,-0.1403937809674657,電機機械,4558 寶緯,43.8,37.8,47.28411927526387,0.02336448598130847,-0.028277634961439646,13451155.2,6642782.999999999,307104.0,175735.0,2,0,-0.1122940068493149,0.04630642123287698,0.04630642123287698,-0.15158124318429667,2.0
3447 展達,2024-11-01,2024-11-14,2024-10-30,2024-11-13,0.125,9,4314,4323,0.23867961680288463,通信網路業,3447 展達,78.0,97.0,86.54149377593359,-0.015151515151515249,-0.029999999999999916,191885226.0,219492473.0,2460067.0,2262809.0,2,0,0.0,0.2814423076923078,0.05847134615384597,-0.09999999999999987,10.0
8044 網家,2024-11-05,2024-11-14,2024-11-04,2024-11-13,0.14285714285714285,7,4316,4323,0.07516776951374782,數位雲端,8044 網家,49.1,53.0,112.04605973706879,-0.003045685279187804,-0.023941068139963106,242068744.70000002,257037916.0,4930117.0,4849772.0,3,0,0.0,0.2071656313645618,0.04227454175152756,-0.14839797639123065,8.0
3363 上詮,2024-11-07,2024-11-19,2024-11-06,2024-11-18,0.125,8,4318,4326,-0.0775482250369458,通信網路業,3363 上詮,203.0,188.0,324.7649761067592,-0.007334963325183352,0.021739130434782705,116480791.0,1108859344.0,573797.0,5898188.0,2,0,-0.09402660098522175,0.04876268472906409,0.04876268472906409,-0.13615023474178412,7.0
3081 聯亞,2024-11-06,2024-11-20,2024-11-05,2024-11-19,0.125,10,4317,4327,-0.06873219657012175,通信網路業,3081 聯亞,369.0,345.0,666.8902686367738,0.01373626373626391,0.03139013452914785,188579664.0,6433161525.0,511056.0,18646845.0,2,0,-0.17518871951219495,0.029321138211382047,0.029321138211382047,-0.19868421052631557,4.0
6442 光聖,2024-11-08,2024-11-20,2024-11-07,2024-11-19,0.125,8,4319,4327,-0.02274177674528277,通信網路業,6442 光聖,530.0,520.0,779.5134986049394,0.013384321223709472,-0.0019193857965450478,471945920.0,3528865600.0,890464.0,6786280.0,2,0,-0.10419929245283,0.007068584905660424,0.007068584905660424,-0.11048689138576762,2.0
4991 環宇-KY,2024-11-13,2024-11-27,2024-11-12,2024-11-26,0.14285714285714285,10,4322,4332,0.03266327886418896,半導體業,4991 環宇-KY,92.5,95.9,151.05491169355776,0.014254385964912242,0.025668449197860932,192936407.5,3527727532.0,2085799.0,36785480.0,2,0,-0.1269014054054054,0.10758175675675652,0.0,-0.1269014054054054,4.0
8937 合騏*,2024-11-08,2024-11-27,2024-11-07,2024-11-26,0.125,13,4319,4332,0.1592701984164917,其他,8937 合騏*,119.0,138.5,130.55364955812803,0.05309734513274322,-0.02464788732394374,178805949.0,396973270.5,1502571.0,2866233.0,3,0,0.0,0.30610199579831954,0.007924369747899451,-0.09324758842443726,14.0
3211 順達,2024-11-19,2024-11-29,2024-11-18,2024-11-28,0.16666666666666669,8,4326,4334,0.15384201112004958,電腦及週邊設備業,3211 順達,151.5,175.5,616.4024029727802,0.016778523489932695,-0.025000000000000022,700709770.5,9594727506.0,4625147.0,54670812.0,2,0,0.0,0.30630990099009914,0.02261633663366336,-0.01949860724233987,9.0
6781 AES-KY,2024-11-15,2024-12-02,2024-11-14,2024-11-29,0.16666666666666666,11,4324,4335,0.1955261854318633,電子零組件業,6781 AES-KY,754.0,905.0,823.7474522288228,0.006675567423231055,0.02840909090909105,697082048.0,2499410900.0,924512.0,2761780.0,3,0,0.0,0.2832098143236075,0.023386339522546207,-0.05882352941176461,12.0
4931 新盛力,2024-11-20,2024-12-04,2024-11-19,2024-12-03,0.2,10,4327,4337,0.34145665850302387,電腦及週邊設備業,4931 新盛力,49.6,66.8,58.34789728713527,0.0020202020202022553,0.03245749613601223,219775715.20000002,2718616380.0,4430962.0,40697850.0,2,0,-0.023649470766129,0.43278684475806406,0.0,-0.023649470766129,10.0
3625 西勝,2024-11-26,2024-12-06,2024-11-25,2024-12-05,0.16666666666666666,8,4331,4339,0.25428726374999955,電腦及週邊設備業,3625 西勝,16.2,20.4,18.231929812119876,0.0,-0.04225352112676073,22898084.4,119440959.6,1413462.0,5854949.0,2,1,-0.08376874999999995,0.3234451388888888,0.0,-0.08376874999999995,5.0
3363 上詮,2024-12-02,2024-12-12,2024-11-29,2024-12-11,0.14285714285714285,8,4335,4343,0.11966665261187392,通信網路業,3363 上詮,209.5,235.5,317.82225690257667,0.01207729468599017,0.039735099337748325,101529356.5,4541498101.5,484627.0,19284493.0,2,0,-0.017173508353221956,0.116414558472554,0.0,-0.029279279279279313,8.0
3597 映興,2024-12-02,2024-12-12,2024-11-29,2024-12-11,0.14285714285714285,8,4335,4343,-0.1666301319921094,電子零組件業,3597 映興,49.9,41.75,64.15670384201592,0.014227642276422703,0.0,38429586.8,130900152.75,770132.0,3135333.0,2,0,-0.20578825150300617,0.041589178356713496,0.041589178356713496,-0.23750000000000016,4.0
1569 濱川,2024-11-29,2024-12-13,2024-11-28,2024-12-12,0.16666666666666669,10,4334,4344,0.07681259527026962,電腦及週邊設備業,1569 濱川,59.2,64.0,121.69529043311671,-0.014975041597337757,-0.039039039039038936,190197582.4,815448640.0,3212797.0,12741385.0,2,0,0.0,0.20550819256756725,0.09576304898648647,-0.1596638655462187,11.0
3081 聯亞,2024-11-29,2024-12-13,2024-11-28,2024-12-12,0.16666666666666669,10,4334,4344,0.1745892106426885,通信網路業,3081 聯亞,318.0,375.0,623.2789159193826,-0.012422360248447228,0.024590163934426368,166181712.0,6232425750.0,522584.0,16619802.0,2,1,0.0,0.16139775943396217,0.07810400943396223,-0.06359945872801087,11.0
5314 世紀*,2024-11-29,2024-12-17,2024-11-28,2024-12-16,0.16666666666666669,12,4334,4346,0.2290093691656132,其他,5314 世紀*,395.5,488.0,76.12985019505452,-0.0037783375314861534,0.04946236559139794,116782844.5,346654704.0,295279.0,710358.0,3,0,0.0,0.2914216814159294,0.007106731984829473,-0.08541666666666659,13.0
3625 西勝,2024-12-11,2024-12-23,2024-12-10,2024-12-20,0.11111111111111112,8,4342,4350,-0.03481192164788738,電腦及週邊設備業,3625 西勝,17.75,17.2,21.144378663896212,0.0,-0.04709141274238238,21280421.75,74956069.2,1198897.0,4357911.0,2,0,-0.08212633802816893,0.05020514084507033,0.05020514084507033,-0.12600536193029477,6.0
6781 AES-KY,2024-12-11,2024-12-23,2024-12-10,2024-12-20,0.11111111111111112,8,4342,4350,0.04758969801742374,電子零組件業,6781 AES-KY,947.0,996.0,1001.9415254441252,-0.006295907660021083,0.01736465781409602,416850460.0,3742579560.0,440180.0,3757610.0,2,0,-0.03741626187961988,0.03329986800422402,0.0,-0.03741626187961988,3.0
6104 創惟,2024-12-10,2024-12-24,2024-12-09,2024-12-23,0.16666666666666666,10,4341,4351,-0.026331532535112334,半導體業,6104 創惟,178.0,174.0,317.47666331079535,0.0,0.02052785923753664,534697760.0,2965486002.0,3003920.0,17043023.0,2,0,-0.11839648876404496,0.0,0.0,-0.11839648876404496,0.0
6426 統新,2024-12-12,2024-12-24,2024-12-11,2024-12-23,0.125,8,4343,4351,-0.16528065898327482,通信網路業,6426 統新,99.4,83.3,125.8607592983757,0.01635991820040905,-0.014201183431952757,151782010.8,309227426.2,1526982.0,3712214.0,2,0,-0.17845882796780688,0.0,0.0,-0.17845882796780688,0.0
6535 順藥,2024-12-11,2024-12-26,2024-12-10,2024-12-25,0.11111111111111112,11,4342,4353,0.019956890240000025,生技醫療業,6535 順藥,187.5,192.0,190.5,-0.09855769230769229,-0.020408163265306145,516928500.0,282353664.0,2756952.0,1470592.0,3,0,-0.09376400000000007,0.0741562,0.03150980000000003,-0.12144702842377275,9.0
5278 尚凡*,2024-12-18,2024-12-30,2024-12-17,2024-12-27,0.14285714285714285,8,4347,4355,0.049892280388513344,數位雲端,5278 尚凡*,37.0,38.8,1306.1987263027988,-0.006711409395973256,-2.220446049250313e-16,58667644.0,32700639.999999996,1585612.0,842800.0,2,0,-0.005877837837838018,0.07516472972972954,0.054904087837837734,-0.057618437900128106,6.0
3081 聯亞,2024-12-20,2025-01-02,2024-12-19,2024-12-31,0.125,8,4349,4357,0.08012467979077265,通信網路業,3081 聯亞,349.5,379.0,630.5474747056145,-0.01410437235543005,-0.02067183462532296,184279816.5,222791739.0,527267.0,587841.0,3,3,-0.007624678111587957,0.10677017167381986,0.0,-0.054263565891472965,8.0
6442 光聖,2024-12-18,2025-01-02,2024-12-17,2024-12-31,0.14285714285714285,10,4347,4357,0.1758443673443144,通信網路業,6442 光聖,554.0,654.0,871.9223645963472,0.0,0.006153846153846176,250724888.0,4052485494.0,452572.0,6196461.0,2,0,0.0,0.17994467509025291,0.05545509927797854,-0.08409785932721703,11.0
3363 上詮,2024-12-25,2025-01-07,2024-12-24,2025-01-06,0.14285714285714288,8,4352,4360,0.1832147037661993,通信網路業,3363 上詮,231.5,275.0,367.1927045767634,0.0021645021645020357,0.020408163265306145,94137623.0,5857277800.0,406642.0,21299192.0,2,0,0.0,0.2780103671706269,0.027589416846652393,-0.0020202020202021442,9.0
4540 全球傳動,2024-12-23,2025-01-07,2024-12-20,2025-01-06,0.14285714285714285,10,4350,4360,0.14509587571852212,電機機械,4540 全球傳動,54.8,63.0,64.43800276133747,0.02048417132215996,0.008000000000000007,235395592.0,2340262827.0,4295540.0,37147029.0,2,0,0.0,0.145441058394161,0.02141240875912409,-0.07165605095541427,11.0
2466 冠西電,2024-12-27,2025-01-09,2024-12-26,2025-01-08,0.125,8,4354,4362,0.2897392667999217,光電業,2466 冠西電,64.1,83.0,91.4643676934794,-0.021374045801526798,-0.03263403263403264,44510975.9,28912469.0,694399.0,348343.0,3,3,0.0,0.33789773790951605,0.08840631825273015,-0.0815850815850816,9.0
3019 亞光,2024-12-25,2025-01-09,2024-12-24,2025-01-08,0.14285714285714288,10,4352,4362,-0.003948349374999882,光電業,3019 亞光,171.0,171.0,324.8234792810755,0.014836795252225699,-0.008695652173912882,1571093622.0,6021012600.0,9187682.0,35210600.0,2,0,-0.09107521929824558,0.10181557017543841,0.10181557017543841,-0.17506631299734732,8.0
2250 IKKA-KY,2024-12-30,2025-01-10,2024-12-27,2025-01-09,0.125,8,4355,4363,-0.20808614349602483,汽車工業,2250 IKKA-KY,141.5,112.5,154.72103784470772,-0.03082191780821908,0.0,274789604.0,236958300.0,1941976.0,2106296.0,3,0,-0.20532464664310968,0.0,0.0,-0.20532464664310968,0.0
4571 鈞興-KY,2024-12-26,2025-01-10,2024-12-25,2025-01-09,0.14285714285714288,10,4353,4363,-0.21500762106877302,電機機械,4571 鈞興-KY,269.0,212.0,318.4257808767213,-0.018248175182481785,-0.01851851851851849,473699316.0,439027832.0,1760964.0,2070886.0,2,0,-0.21970167286245323,0.019961384758364398,0.019961384758364398,-0.23497267759562823,1.0
6922 宸曜,2024-12-31,2025-01-13,2024-12-30,2025-01-10,0.1111111111111111,8,4356,4364,-0.0976943870808823,電腦及週邊設備業,6922 宸曜,212.5,192.5,210.2662721893491,0.002358490566037874,0.007853403141361293,54170287.5,112365522.5,254919.0,583717.0,2,0,-0.1721581176470589,0.0,0.0,-0.1721581176470589,0.0
6104 創惟,2025-01-03,2025-01-15,2025-01-02,2025-01-14,0.125,8,4358,4366,-0.09723415351208453,半導體業,6104 創惟,165.5,150.0,297.8678105768933,0.006079027355623046,-0.00990099009900991,125908759.0,1430667150.0,760778.0,9537781.0,2,0,-0.12126351963746207,0.005564425981873233,0.005564425981873233,-0.12612612612612606,1.0
3081 聯亞,2025-01-06,2025-01-16,2025-01-03,2025-01-15,0.11111111111111112,8,4359,4367,0.2030583364498988,通信網路業,3081 聯亞,370.5,447.5,665.9816987884949,0.013679890560875707,0.06547619047619047,125736955.5,4217822197.5,339371.0,9425301.0,2,0,-0.011266093117408893,0.24637125506072866,0.0,-0.06708860759493684,7.0
5314 世紀*,2025-01-08,2025-01-20,2025-01-07,2025-01-17,0.1111111111111111,8,4361,4369,0.20574673496710494,其他,5314 世紀*,760.0,920.0,149.0120028911983,0.020134228187919545,0.013215859030836885,48646080.0,1044495320.0,64008.0,1135321.0,2,1,-0.0031053289473684798,0.19416934210526304,0.02582828947368432,-0.09911894273127753,8.0
8033 雷虎,2025-01-08,2025-01-20,2025-01-07,2025-01-17,0.1111111111111111,8,4361,4369,-0.0024460090271490875,其他,8033 雷虎,66.3,66.4,69.32990840688161,0.004545454545454408,0.007587253414264028,99981261.89999999,309801218.40000004,1508013.0,4665681.0,2,0,-0.057763009049773606,0.017615950226244514,0.0,-0.057763009049773606,1.0
8937 合騏*,2025-01-09,2025-01-21,2025-01-08,2025-01-20,0.125,8,4362,4370,0.007874222145771492,其他,8937 合騏*,168.5,170.5,181.14318876190262,0.0029761904761904656,-0.028490028490028574,66690109.5,391766716.0,395787.0,2297752.0,2,1,-0.09538538575667654,0.04104829376854613,0.0,-0.09538538575667654,1.0
8045 達運光電,2025-01-15,2025-02-05,2025-01-14,2025-02-04,0.16666666666666666,8,4366,4374,0.05886571868243262,通信網路業,8045 達運光電,111.0,118.0,110.0,-0.004484304932735439,-0.04065040650406504,35357829.0,214447418.0,318539.0,1817351.0,2,0,-0.009479729729729769,0.21113614864864894,0.0,-0.08943089430894302,8.0
6477 安集,2025-01-14,2025-02-06,2025-01-13,2025-02-05,0.16666666666666666,10,4365,4375,0.009279428189741035,光電業,6477 安集,37.65,38.15,47.17650397407504,0.009383378016085908,-0.011658031088082943,36578142.15,224430918.25,971531.0,5882855.0,2,0,0.0,0.056602788844621665,0.008816733067729121,-0.042713567839196,11.0
6547 高端疫苗,2025-01-20,2025-02-10,2025-01-17,2025-02-07,0.2,8,4369,4377,0.02561715509595741,生技醫療業,6547 高端疫苗,48.85,50.3,74.01574803149606,0.0187695516162667,-0.019493177387914118,140940603.35,208526698.0,2885171.0,4145660.0,2,0,-0.004567221084953665,0.06397748208802456,0.06397748208802456,-0.0644230769230767,8.0
4772 台特化,2025-01-22,2025-02-12,2025-01-21,2025-02-11,0.2,8,4371,4379,-0.07701777548262578,化學工業,4772 台特化,259.0,240.0,264.0,-0.0038461538461538325,-0.028340080971659964,391101655.0,1152499920.0,1510045.0,4802083.0,2,0,-0.141334700772201,0.018820849420849273,0.018820849420849273,-0.15719696969696983,1.0
3379 彬台,2025-02-03,2025-02-17,2025-01-22,2025-02-14,0.19999999999999998,10,4372,4382,-0.020188321939538012,電機機械,3379 彬台,55.2,54.3,83.79215285378177,-0.03664921465968585,0.032319391634980876,147399511.20000002,231881905.5,2670281.0,4270385.0,3,0,-0.07109361413043491,0.0466040760869566,0.0,-0.07719298245614037,5.0
6104 創惟,2025-02-06,2025-02-18,2025-02-05,2025-02-17,0.2,8,4375,4383,0.04966349584277596,半導體業,6104 創惟,176.5,186.0,328.68172201588226,0.026162790697674465,0.00540540540540535,168929562.0,2370319086.0,957108.0,12743651.0,2,0,-0.008969546742209955,0.04766076487252091,0.013682577903682436,-0.022346368715083886,6.0
6558 興能高,2025-02-07,2025-02-19,2025-02-06,2025-02-18,0.2,8,4376,4384,0.10117128849372836,其他電子業,6558 興能高,57.8,63.9,61.61228154206985,0.006968641114982521,0.024038461538461453,185516267.2,3746189003.4,3209624.0,58625806.0,3,1,-0.04024848615916965,0.08253053633218,0.011629974048442904,-0.05128205128205143,4.0
6113 亞矽,2025-02-17,2025-02-27,2025-02-14,2025-02-26,0.16666666666666669,8,4382,4390,-0.11555667386363644,電子通路業,6113 亞矽,23.65,21.0,24.005281690140844,0.04415011037527594,-0.01639344262295095,5837245.699999999,8244915.0,246818.0,392615.0,2,0,-0.10401987315010564,0.0,0.0,-0.10401987315010564,0.0
6148 驊宏資,2025-02-13,2025-02-27,2025-02-12,2025-02-26,0.19999999999999998,10,4380,4390,0.0891889478262986,資訊服務業,6148 驊宏資,38.5,42.1,24.02645672699597,0.021220159151193574,0.00959232613908867,72830334.5,461126983.5,1891697.0,10953135.0,2,0,-0.010859675324675244,0.11635259740259718,0.008611590909090916,-0.09999999999999998,9.0
6215 和椿,2025-02-14,2025-03-03,2025-02-13,2025-02-27,0.16666666666666666,10,4381,4391,-0.057376407262930806,其他電子業,6215 和椿,130.5,123.5,257.946993220278,0.0,-0.02371541501976282,174385975.5,1267554353.0,1336291.0,10263598.0,2,0,-0.126851724137931,0.04165057471264366,0.04165057471264366,-0.16176470588235292,6.0
8096 擎亞,2025-02-12,2025-03-03,2025-02-11,2025-02-27,0.2,12,4379,4391,0.11811680388786794,電子通路業,8096 擎亞,61.2,68.7,152.16052565253608,0.025125628140703515,-0.01151079136690647,736577557.2,4376721188.400001,12035581.0,63707732.0,3,0,0.0,0.2886033088235298,0.05342095588235307,-0.1913814955640052,13.0
6854 錼創科技-KY創,2025-02-19,2025-03-04,2025-02-18,2025-03-03,0.14285714285714285,8,4384,4392,-0.16163989326152306,半導體業,6854 錼創科技-KY創,249.5,210.0,256.0,0.014227642276422703,-0.014084507042253502,100749098.0,177366000.0,403804.0,844600.0,2,0,-0.14669809619238483,0.07163502004008016,0.07163502004008016,-0.20373831775700935,4.0
6739 竹陞科技,2025-02-18,2025-03-06,2025-02-17,2025-03-05,0.14285714285714288,11,4383,4394,-0.09339591008561687,其他電子業,6739 竹陞科技,328.5,299.0,309.0,0.04120443740095081,-0.011570247933884281,183237957.0,356953077.0,557802.0,1193823.0,3,0,-0.17086586757990896,0.002567694063926762,0.002567694063926762,-0.17298937784522017,1.0
8234 新漢,2025-02-20,2025-03-07,2025-02-19,2025-03-06,0.125,10,4385,4395,-0.058354531972164114,電腦及週邊設備業,8234 新漢,95.2,90.0,357.3762548449154,0.009544008483563182,-0.0022172949002217113,346739629.6,1015017840.0,3642223.0,11277976.0,2,0,-0.052971060924369984,0.1024172794117646,0.1024172794117646,-0.14095238095238105,4.0
3363 上詮,2025-02-25,2025-03-10,2025-02-24,2025-03-07,0.11111111111111112,8,4388,4396,-0.06931423894726574,通信網路業,3363 上詮,320.0,299.0,498.3329562113217,-0.024390243902439157,-0.011570247933884281,231606720.0,3045280316.0,723771.0,10184884.0,2,0,-0.14884199218750027,0.008895546874999827,0.008895546874999827,-0.15634674922600633,1.0
4971 IET-KY,2025-02-18,2025-03-10,2025-02-17,2025-03-07,0.14285714285714288,13,4383,4396,-0.05375093190625002,半導體業,4971 IET-KY,170.0,161.5,219.53746610206193,0.00591715976331364,-0.012232415902140747,204736100.0,356949561.0,1204330.0,2210214.0,3,0,-0.1327650735294117,0.09065816176470598,0.09065816176470598,-0.20485175202156336,8.0
4534 慶騰,2025-03-04,2025-03-14,2025-03-03,2025-03-13,0.19999999999999998,8,4392,4400,0.0495070164903848,電機機械,4534 慶騰,27.95,29.45,23.285359713675092,0.0,0.005119453924914641,60897795.4,181116292.54999998,2178812.0,6149959.0,2,0,-0.0755734794275491,0.0817757155635066,0.051378711985688774,-0.12074829931972786,6.0
3081 聯亞,2025-03-11,2025-03-21,2025-03-10,2025-03-20,0.2,8,4397,4405,0.1559529189527591,通信網路業,3081 聯亞,299.0,347.0,543.3247692708321,-0.0993975903614458,0.028148148148148033,396959277.0,4552754857.0,1327623.0,13120331.0,2,0,-0.04226116220735798,0.18004122073578577,0.0,-0.06259541984732842,6.0
5314 世紀*,2025-03-12,2025-03-24,2025-03-11,2025-03-21,0.2,8,4398,4406,,其他,5314 世紀*,1150.0,,208.23472198898224,0.004366812227074135,,325484500.0,,283030.0,,3,2,-0.052624130434782534,0.20812152173913034,0.0,-0.052624130434782534,4.0
4946 辣椒,2025-03-18,2025-03-28,2025-03-17,2025-03-27,0.2,8,4402,4410,-0.17078949847668012,文化創意業,4946 辣椒,99.7,83.0,21.23506525452511,0.0363825363825363,-0.08891328210757399,16496162.6,18425751.0,165458.0,221997.0,2,0,-0.1678979438314946,0.012557923771313817,0.012557923771313817,-0.17821782178217827,3.0
3363 上詮,2025-03-19,2025-03-31,2025-03-18,2025-03-28,0.2,8,4403,4411,-0.15915502781142987,通信網路業,3363 上詮,292.0,246.5,405.7633668222217,0.0,-0.09872029250457037,352777464.0,1171538085.0,1208142.0,4752690.0,2,0,-0.15622290239726033,0.013217123287670995,0.013217123287670995,-0.1672297297297296,1.0
3528 安馳,2025-03-19,2025-04-01,2025-03-18,2025-03-31,0.2,9,4403,4412,-0.24228124997601574,電子通路業,3528 安馳,88.6,67.4,282.25781412047974,0.018390804597701038,0.0,141316202.6,73471055.0,1594991.0,1090075.0,2,2,-0.2396389954853272,0.0,0.0,-0.2396389954853272,0.0
6113 亞矽,2025-03-24,2025-04-01,2025-03-21,2025-03-31,0.19999999999999998,6,4406,4412,-0.11541983374097475,電子通路業,6113 亞矽,27.7,24.6,28.85968309859155,0.00910746812386165,0.004081632653061273,11600427.6,4501381.8,418788.0,182983.0,2,2,-0.11594359205776184,0.0,0.0,-0.11594359205776184,0.0
6130 上亞科技,2025-03-26,2025-04-01,2025-03-25,2025-03-31,0.125,4,4408,4412,-0.08258400600328941,生技醫療業,6130 上亞科技,38.0,35.0,3.4468240831927206,0.021505376344086002,0.0014306151645206988,21082248.0,4417385.0,554796.0,126211.0,3,2,-0.08070003289473682,0.011361480263158086,0.011361480263158086,-0.09102730819245786,2.0
6227 茂綸,2025-03-24,2025-04-01,2025-03-21,2025-03-31,0.19999999999999998,6,4406,4412,-0.2474276417500001,電子通路業,6227 茂綸,135.0,102.0,350.8682350370734,-0.014598540145985273,0.029263370332996974,133408080.0,111896856.0,988208.0,1097028.0,3,3,-0.26627461111111117,0.0,0.0,-0.26627461111111117,0.0
8033 雷虎,2025-03-28,2025-04-01,2025-03-27,2025-03-31,0.125,2,4410,4412,-0.06897249273924333,其他,8033 雷虎,67.4,63.0,72.28911181449243,-0.001481481481481417,0.01449275362318847,115815913.80000001,134740053.0,1718337.0,2138731.0,2,2,-0.0790726632047477,0.014354747774480758,0.014354747774480758,-0.09210526315789469,1.0
8088 品安,2025-03-25,2025-04-01,2025-03-24,2025-03-31,0.16666666666666669,5,4407,4412,-0.06499667634878992,半導體業,8088 品安,31.0,29.1,67.05645256736645,0.0,0.030088495575221197,52198110.0,23340935.400000002,1683810.0,802094.0,2,2,-0.08914254032258051,0.025319193548387187,0.025319193548387187,-0.11163522012578608,3.0
8111 立碁,2025-03-26,2025-04-01,2025-03-25,2025-03-31,0.125,4,4408,4412,-0.17539986300717236,光電業,8111 立碁,61.0,50.5,77.56534746026358,0.00328947368421062,0.001984126984126977,145947685.0,124239342.5,2392585.0,2460185.0,2,2,-0.17744008196721328,0.0,0.0,-0.17744008196721328,0.0
3363 上詮,2025-04-23,2025-04-28,2025-04-22,2025-04-25,0.11111111111111112,3,4426,4429,0.10424895452675731,通信網路業,3363 上詮,156.5,173.5,246.0808251260242,0.043333333333333224,0.029673590504450953,93830357.5,875124110.5,599555.0,5043943.0,2,0,0.0,0.18154712460063904,0.01868522364217262,-0.012539184952978233,4.0
3055 蔚華科,2025-04-23,2025-04-29,2025-04-22,2025-04-28,0.11111111111111112,4,4426,4430,0.052313982354864175,電子通路業,3055 蔚華科,47.8,50.5,118.04092888665072,0.027956989247311714,-0.009803921568627416,10086182.399999999,17405633.0,211008.0,344666.0,2,0,-0.005702641213389148,0.06643880753138087,0.0,-0.005702641213389148,4.0
6517 保勝光學,2025-04-23,2025-04-29,2025-04-22,2025-04-28,0.11111111111111112,4,4426,4430,0.10600540426542238,光電業,6517 保勝光學,61.6,68.4,63.56421778828157,0.04406779661016946,-0.014409221902017322,31289781.6,179672778.00000003,507951.0,2626795.0,2,0,-0.006965422077922057,0.12608823051948082,0.0,-0.01729106628242083,3.0
6668 中揚光,2025-04-23,2025-04-29,2025-04-22,2025-04-28,0.11111111111111112,4,4426,4430,0.07172069075000032,光電業,6668 中揚光,32.25,34.7,34.01690434570694,0.01735015772870674,0.005797101449275477,6014302.5,19899964.200000003,186490.0,573486.0,2,0,0.0,0.10025232558139541,0.0041739534883720175,0.0,5.0
3297 杭特,2025-04-23,2025-05-02,2025-04-22,2025-04-30,0.11111111111111112,6,4426,4432,0.22032818122930475,光電業,3297 杭特,30.2,37.0,61.07754971387139,0.020270270270270174,0.022099447513812098,17166193.4,326984022.0,568417.0,8837406.0,2,0,0.0,0.2245836092715232,0.03758638245033108,-0.04299583911234384,7.0
3434 哲固,2025-04-23,2025-05-05,2025-04-22,2025-05-02,0.11111111111111112,7,4426,4433,0.19526198075,光電業,3434 哲固,59.0,70.8,66.9720593211503,0.0,-0.03013698630136996,86578842.0,231274288.79999998,1467438.0,3266586.0,2,0,0.0,0.23670042372881372,0.011383771186440628,-0.09999999999999998,8.0
5314 世紀*,2025-04-23,2025-05-05,2025-04-22,2025-05-02,0.11111111111111112,7,4426,4433,0.32288109848632796,其他,5314 世紀*,51.2,68.0,193.33352169986242,0.0600414078674949,0.055900621118012195,101095936.0,1738464540.0,1974530.0,25565655.0,3,0,-0.012188183593749957,0.29235458984375007,0.0,-0.016778523489933028,7.0
6228 全譜,2025-04-23,2025-05-05,2025-04-22,2025-05-02,0.11111111111111112,7,4426,4433,0.3073177914453127,電腦及週邊設備業,6228 全譜,44.8,58.8,11.282636278662768,0.05785123966942152,0.09090909090909083,9853356.799999999,97710135.6,219941.0,1661737.0,2,0,-0.031710156250000066,0.20255351562500024,0.0,-0.0992578849721707,7.0
3128 昇銳,2025-04-23,2025-05-06,2025-04-22,2025-05-05,0.11111111111111112,8,4426,4434,0.025595555516419566,光電業,3128 昇銳,23.6,24.3,42.90370542159112,0.02164502164502169,-0.029940119760479056,10031746.4,54758859.300000004,425074.0,2253451.0,2,0,0.0,0.1202303495762711,0.0376424788135592,-0.052930056710774886,9.0
6916 華凌,2025-04-24,2025-05-07,2025-04-23,2025-05-06,0.1,8,4427,4435,0.15002146684756656,光電業,6916 華凌,26.2,30.25,26.95031847133758,0.0,0.0117056856187292,6760883.8,52163735.25,258049.0,1724421.0,3,0,-0.042439790076335915,0.1406792938931294,0.0414897900763358,-0.08058608058608052,6.0
3709 鑫聯大投控,2025-05-02,2025-05-14,2025-04-30,2025-05-13,0.14285714285714285,8,4432,4440,-0.032772995213023015,電腦及週邊設備業,3709 鑫聯大投控,46.65,45.3,63.790173456390036,0.017448200654307522,0.00890868596881944,104612158.5,421154960.7,2242490.0,9297019.0,2,0,-0.05832532154340864,0.03916318327974255,0.03916318327974255,-0.09381443298969083,4.0
3147 大綜,2025-05-02,2025-05-16,2025-04-30,2025-05-15,0.14285714285714285,10,4432,4442,-0.13043109866071478,資訊服務業,3147 大綜,283.5,247.5,432.49932433834783,0.010695187165775444,0.01642710472279263,390578233.5,1609750890.0,1377701.0,6504044.0,2,0,-0.17146957671957708,0.034781613756613705,0.034781613756613705,-0.19931856899488953,2.0
7714 創泓科技,2025-05-07,2025-05-19,2025-05-06,2025-05-16,0.2,8,4435,4443,-0.18281677959286968,數位雲端,7714 創泓科技,142.0,116.5,145.0148063781321,-0.0035087719298244613,-0.037190082644628086,31709026.0,32414377.5,223303.0,278235.0,2,0,-0.15885044014084504,0.03471954225352114,0.03471954225352114,-0.18707482993197277,1.0
4946 辣椒,2025-05-09,2025-05-21,2025-05-08,2025-05-20,0.2,8,4437,4445,0.017094995356514264,文化創意業,4946 辣椒,213.0,217.5,42.785502765305544,0.009478672985781866,0.021126760563380476,53854068.0,138895935.0,252836.0,638602.0,3,0,-0.12248274647887314,0.09806971830985933,0.0,-0.12248274647887314,1.0
3363 上詮,2025-05-15,2025-05-27,2025-05-14,2025-05-26,0.2,8,4441,4449,0.06474486790948286,通信網路業,3363 上詮,232.0,248.0,356.39291914803505,0.010893246187363648,0.01848049281314168,119826608.0,2255305056.0,516494.0,9093972.0,2,0,-0.026324784482758656,0.04907042025862074,0.0,-0.030800821355236097,3.0
6596 寬宏藝術,2025-05-19,2025-05-29,2025-05-16,2025-05-28,0.2,8,4443,4451,0.07202169177436457,文化創意業,6596 寬宏藝術,118.0,127.0,214.29503988747325,0.0,-0.026819923371647514,54689460.0,169025062.0,463470.0,1330906.0,2,0,-0.0004750000000000032,0.15623019067796617,0.0,-0.07692307692307676,8.0
6442 光聖,2025-05-20,2025-06-02,2025-05-19,2025-05-29,0.16666666666666666,8,4444,4452,0.0004884063070713651,通信網路業,6442 光聖,449.0,451.0,661.0214849546666,0.012401352874858995,-0.025917926565874883,135773110.0,1696186646.0,302390.0,3760946.0,2,0,-0.06837146436525587,0.030690590200445733,0.030690590200445733,-0.09611231101511886,7.0
3081 聯亞,2025-05-20,2025-06-04,2025-05-19,2025-06-03,0.16666666666666666,10,4444,4454,-0.012520222444061813,通信網路業,3081 聯亞,290.5,288.0,510.6162547327887,0.006932409012131657,0.0176678445229681,209139084.0,1813183776.0,719928.0,6295777.0,2,0,-0.0366024096385541,0.01844888123924271,0.01844888123924271,-0.054054054054053946,3.0
6591 動力-KY,2025-05-22,2025-06-04,2025-05-21,2025-06-03,0.125,8,4446,4454,-0.0013510830109192407,電腦及週邊設備業,6591 動力-KY,76.7,76.9,111.34156416026477,-0.0013020833333332593,0.014511873350923521,186936768.20000002,845127231.9000001,2437246.0,10989951.0,2,0,-0.05651095176010423,0.05686411342894382,0.05686411342894382,-0.10727496917385926,5.0
8038 長園科,2025-05-22,2025-06-04,2025-05-21,2025-06-03,0.125,8,4446,4454,-0.03841380441392772,電子零組件業,8038 長園科,28.9,27.9,28.7,-0.010273972602739767,-0.05423728813559325,9075149.1,17267923.8,314019.0,618922.0,2,0,-0.007392128027681633,0.06869628027681651,0.0,-0.0695792880258902,6.0
4554 橙的,2025-05-21,2025-06-06,2025-05-20,2025-06-05,0.16666666666666666,11,4445,4456,-0.15499794034890113,其他電子業,4554 橙的,45.5,38.6,61.8523836024183,0.011111111111111072,0.015789473684210575,23076781.0,32771593.0,507182.0,849005.0,3,0,-0.18719945054945042,0.08739532967032981,0.08739532967032981,-0.2525252525252525,2.0
1419 新紡,2025-05-28,2025-06-10,2025-05-27,2025-06-09,0.1111111111111111,8,4450,4458,-0.12580573216422863,紡織纖維,1419 新紡,75.2,66.0,113.15832871206922,0.002666666666666817,-0.017857142857142905,142685758.4,128685480.0,1897417.0,1949780.0,3,0,-0.1214281582446809,0.014145711436170272,0.014145711436170272,-0.13368283093053746,1.0
3205 佰研,2025-05-26,2025-06-11,2025-05-23,2025-06-10,0.1111111111111111,11,4448,4459,-0.0733898587867644,生技醫療業,3205 佰研,45.9,42.7,16.01015322426603,0.003278688524590123,-0.014994232987312728,63352511.1,61686256.1,1380229.0,1444643.0,3,0,-0.10282287581699345,0.03763325163398723,0.0,-0.10282287581699345,1.0
4946 辣椒,2025-05-29,2025-06-11,2025-05-28,2025-06-10,0.1,8,4451,4459,-0.07155366502828064,文化創意業,4946 辣椒,221.0,206.0,45.41360490076658,-0.0045045045045045695,-0.009615384615384692,16168139.0,106944694.0,73159.0,519149.0,2,0,-0.14067986425339363,0.0,0.0,-0.14067986425339363,0.0
6560 欣普羅,2025-05-29,2025-06-11,2025-05-28,2025-06-10,0.1,8,4451,4459,-0.08169921661787982,光電業,6560 欣普羅,47.4,43.7,88.1517620662106,0.016077170418006492,-0.045851528384279416,35077279.8,67428968.9,740027.0,1542997.0,2,0,-0.09325791139240502,0.0,0.0,-0.09325791139240502,0.0
5475 德宏,2025-06-03,2025-06-13,2025-06-02,2025-06-12,0.09090909090909091,8,4453,4461,0.1219263097699177,電子零組件業,5475 德宏,18.2,20.5,10.247685606935502,0.05507246376811592,-0.030732860520094385,74010172.6,73799528.5,4066493.0,3599977.0,2,0,-0.01145879120879112,0.18075755494505485,0.0,-0.06976744186046502,8.0
6499 益安,2025-05-19,2025-06-13,2025-05-16,2025-06-12,0.2,18,4443,4461,0.33631774245341606,生技醫療業,6499 益安,80.5,108.0,126.4409347936581,-0.0024783147459728205,0.0640394088669951,145741466.5,446035572.0,1810453.0,4129959.0,3,0,0.0,0.5272245341614905,0.005733229813664531,-0.26341463414634136,19.0
3297 杭特,2025-06-02,2025-06-16,2025-05-29,2025-06-13,0.09999999999999999,10,4452,4462,0.018891051531051417,光電業,3297 杭特,39.25,40.15,75.9816407923759,-0.018749999999999933,0.029487179487179382,29622877.75,666910852.3,754723.0,16610482.0,2,0,-0.04885964968152834,0.0924744585987265,0.018624203821656193,-0.06624999999999981,4.0
9902 台火,2025-06-04,2025-06-16,2025-06-03,2025-06-13,0.1,8,4454,4462,-0.04206257069993613,其他,9902 台火,19.6,18.85,23.620791389550217,0.0,-0.04556962025316447,23216964.400000002,51784776.550000004,1184539.0,2747203.0,2,0,-0.0438217474489796,0.05052117346938756,0.05052117346938756,-0.0898058252427183,8.0
3294 英濟,2025-06-04,2025-06-18,2025-06-03,2025-06-17,0.1,10,4454,4464,0.07962682351100447,電子零組件業,3294 英濟,36.35,39.4,57.99877174662894,0.0,0.02604166666666674,52660354.050000004,749293558.1999999,1448703.0,19017603.0,2,0,-0.03209683631361748,0.16038390646492462,0.031146836313617587,-0.06133333333333324,6.0
6593 台灣銘板,2025-06-05,2025-06-19,2025-06-04,2025-06-18,0.09090909090909091,10,4455,4465,0.09494023176618804,資訊服務業,6593 台灣銘板,69.5,76.4,77.72708649030182,0.007246376811594235,0.06853146853146863,37298704.0,426161797.6,536672.0,5578034.0,2,0,-0.12990989208633075,0.02828830935251858,0.0,-0.12990989208633075,1.0
4168 醣聯,2025-06-10,2025-06-20,2025-06-09,2025-06-19,0.09090909090909091,8,4458,4466,0.1312442898315873,生技醫療業,4168 醣聯,25.05,28.45,31.48087067807195,0.0,-0.06568144499178974,15319552.950000001,54871315.85,611559.0,1928693.0,2,0,0.0,0.21499146706586858,0.025460778443113785,-0.0788177339901478,9.0
3363 上詮,2025-06-10,2025-06-24,2025-06-09,2025-06-23,0.09090909090909091,10,4458,4468,0.14608453523797116,通信網路業,3363 上詮,239.0,275.0,374.13542378094587,0.002096436058700357,0.04562737642585546,97378399.0,3108014250.0,407441.0,11301870.0,2,0,0.0,0.20863064853556557,0.014162395397489647,-0.011406844106463865,11.0
6885 全福生技,2025-06-12,2025-06-24,2025-06-11,2025-06-23,0.1111111111111111,8,4460,4468,0.15270072327522266,生技醫療業,6885 全福生技,33.7,39.0,33.25,0.0,-0.038224414303329124,20431568.6,138570744.0,606278.0,3553096.0,2,0,-0.02420259643916922,0.20269254451038554,0.0,-0.06288532675708991,5.0
6276 安鈦克,2025-06-13,2025-06-27,2025-06-12,2025-06-26,0.125,10,4461,4471,0.1620602590625,電腦及週邊設備業,6276 安鈦克,58.2,67.9,14.365726540655075,-0.003424657534246367,0.04461538461538472,13940238.600000001,173832623.3,239523.0,2560127.0,2,0,-0.029670747422680388,0.1283297680412372,0.0,-0.08675799086757996,8.0
3081 聯亞,2025-06-18,2025-06-30,2025-06-17,2025-06-27,0.16666666666666669,8,4464,4472,0.12375058019230778,通信網路業,3081 聯亞,312.0,352.0,573.3075742640385,0.006451612903225712,0.01734104046242768,180488568.0,2777599616.0,578489.0,7890908.0,2,0,-0.003678605769230847,0.10844759615384625,0.02195024038461546,-0.053468208092485536,8.0
6499 益安,2025-06-24,2025-07-08,2025-06-23,2025-07-07,0.20000000000000004,10,4468,4478,0.16075310466535453,生技醫療業,6499 益安,127.0,148.0,200.5883965553712,0.024193548387096753,0.020689655172413834,77173836.0,2073612608.0,607668.0,14010896.0,2,0,-0.0004749999999998922,0.14118996062992162,0.011330413385826743,-0.03448275862068961,10.0
3040 遠見,2025-06-30,2025-07-10,2025-06-27,2025-07-09,0.19999999999999998,8,4472,4480,-0.06115897437408002,其他,3040 遠見,67.9,64.0,169.50029431792524,0.03822629969418956,-0.022900763358778664,138102489.0,252282368.0,2033910.0,3941912.0,2,0,-0.08732621502209181,0.030438144329896444,0.030438144329896444,-0.11428571428571432,4.0
6895 宏碩系統,2025-06-30,2025-07-10,2025-06-27,2025-07-09,0.19999999999999998,8,4472,4480,0.08529327250180607,半導體業,6895 宏碩系統,173.0,188.5,186.54592871631408,0.011695906432748426,0.024456521739130377,49428003.0,251766066.5,285711.0,1335629.0,2,0,0.0,0.16707543352601117,0.03996820809248547,-0.07387862796833777,9.0
2314 台揚,2025-07-01,2025-07-11,2025-06-30,2025-07-10,0.19999999999999998,8,4473,4481,0.03217787629533686,通信網路業,2314 台揚,9.65,10.0,3.919341947380341,-0.0585365853658536,-0.014778325123152691,16969081.1,5812760.0,1758454.0,581276.0,6,4,-0.02636943005181358,0.07202940414507752,0.07202940414507752,-0.09178743961352653,8.0
6739 竹陞科技,2025-06-30,2025-07-14,2025-06-27,2025-07-11,0.19999999999999998,10,4472,4482,0.05714281853000003,其他電子業,6739 竹陞科技,375.0,398.0,377.8959107806691,0.016260162601625883,-0.007481296758104716,127706625.0,441719106.0,340551.0,1109847.0,3,0,-0.029794399999999888,0.0914813000000001,0.0,-0.10256410256410253,6.0
3122 笙泉,2025-07-04,2025-07-16,2025-07-03,2025-07-15,0.16666666666666666,8,4476,4484,0.006129744897765743,半導體業,3122 笙泉,29.65,29.95,35.368354804731936,-0.006700167504187671,0.008417508417508435,20908468.4,74328801.85,705176.0,2481763.0,2,0,-0.04092795109612146,0.021437015177065755,0.0,-0.05115511551155094,2.0
3577 泓格,2025-07-09,2025-07-21,2025-07-08,2025-07-18,0.14285714285714285,8,4479,4487,0.1722713148763475,電腦及週邊設備業,3577 泓格,85.5,99.0,235.15710369267575,-0.01041666666666663,0.03125,85526419.5,512152047.0,1000309.0,5173253.0,2,0,0.0,0.25359486558674904,0.08486456140350862,-0.018143009605122606,9.0
8227 巨有科技,2025-07-09,2025-07-23,2025-07-08,2025-07-22,0.14285714285714285,10,4479,4489,0.028182349032257914,半導體業,8227 巨有科技,170.5,176.0,174.90926581835677,0.002941176470588225,0.01734104046242768,53959158.0,384235280.0,316476.0,2183155.0,2,0,-0.03858005865102632,0.1109090175953078,0.008318475073313847,-0.1108179419525066,6.0
3081 聯亞,2025-07-16,2025-07-28,2025-07-15,2025-07-25,0.2,8,4484,4492,0.10828282252640897,通信網路業,3081 聯亞,355.0,395.0,651.4801855497083,0.005665722379603277,0.024643320363164634,337262425.0,4447117770.0,950035.0,11258526.0,2,0,-0.025815070422534836,0.13185647887323992,0.007971690140845311,-0.03351955307262555,5.0
5245 智晶,2025-07-16,2025-07-28,2025-07-15,2025-07-25,0.2,8,4484,4492,-0.09824909736316567,光電業,5245 智晶,33.8,30.6,53.168344552949264,0.010463378176382543,-0.02857142857142858,7642957.399999999,14045400.0,226123.0,459000.0,2,0,-0.09214741124260362,0.0,0.0,-0.09214741124260362,0.0
5314 世紀*,2025-07-18,2025-08-01,2025-07-17,2025-07-31,0.16666666666666666,10,4486,4496,0.06749839349683562,其他,5314 世紀*,71.1,76.2,263.63662049981235,0.024495677233429047,-0.019305019305019266,439734018.59999996,4180212747.0,6184726.0,54858435.0,2,0,-0.029996835443037884,0.16259799578059098,0.0,-0.05997392438070426,10.0
3708 上緯投控,2025-07-21,2025-08-04,2025-07-18,2025-08-01,0.14285714285714285,10,4487,4497,0.25502507978749955,綠能環保,3708 上緯投控,100.0,126.0,136.83669324002398,0.010101010101010166,0.016129032258064502,98525200.0,1171246734.0,985252.0,9295609.0,2,0,-0.01546787500000002,0.23941099999999982,0.0,-0.024193548387096753,9.0
4991 環宇-KY,2025-07-21,2025-08-04,2025-07-18,2025-08-01,0.14285714285714285,10,4487,4497,0.06010641915393955,半導體業,4991 環宇-KY,155.5,165.5,260.2923619578255,0.009740259740259827,-0.017804154302670683,257873736.0,3181180923.5,1658352.0,19221637.0,2,0,-0.10010610932475872,0.08308657556270171,0.0,-0.10010610932475872,7.0
6499 益安,2025-07-23,2025-08-04,2025-07-22,2025-08-01,0.11111111111111112,8,4489,4497,-0.025140937686170095,生技醫療業,6499 益安,117.5,115.0,179.51490742309485,0.03524229074889873,-0.025423728813559365,33037475.0,258705840.0,281170.0,2249616.0,2,0,-0.030248085106382883,0.03355138297872351,0.03355138297872351,-0.06172839506172845,4.0
8210 勤誠,2025-07-23,2025-08-04,2025-07-22,2025-08-01,0.11111111111111112,8,4489,4497,-0.027883047079482304,電腦及週邊設備業,8210 勤誠,541.0,528.0,1640.9616502818908,0.016917293233082553,-0.001890359168241873,410515128.0,1935571968.0,758808.0,3665856.0,2,0,-0.11964202865064688,0.0,0.0,-0.11964202865064688,0.0
8499 鼎炫-KY,2025-07-18,2025-08-04,2025-07-17,2025-08-01,0.16666666666666666,11,4486,4497,-0.012747392225044396,其他電子業,8499 鼎炫-KY,283.0,280.5,342.9029684965222,0.001769911504424737,-0.05555555555555558,198053022.0,502496956.5,699834.0,1791433.0,3,0,-0.06934686395759737,0.04897146643109518,0.02778012367491156,-0.09932659932659926,3.0
1595 川寶,2025-07-22,2025-08-05,2025-07-21,2025-08-04,0.125,10,4488,4498,-0.001445707036746069,半導體業,1595 川寶,39.8,39.9,81.4277101747802,0.0025188916876572875,0.023076923076922995,10809640.2,34845667.5,271599.0,873325.0,2,0,-0.02558869346733672,0.04472964824120629,0.0,-0.0625,5.0
6933 AMAX-KY,2025-07-25,2025-08-06,2025-07-24,2025-08-05,0.1,8,4491,4499,-0.04451153876696812,電腦及週邊設備業,6933 AMAX-KY,221.0,212.0,219.15525704138935,0.013761467889908285,-0.036363636363636265,20351669.0,280565888.0,92089.0,1323424.0,2,0,-0.05022511312217193,0.01309321266968344,0.0,-0.05022511312217193,2.0
4989 榮科,2025-07-29,2025-08-08,2025-07-28,2025-08-07,0.09999999999999999,8,4493,4501,-0.1114062037992739,電子零組件業,4989 榮科,24.1,21.5,27.530415139093606,-0.01632653061224476,-0.02934537246049651,33102241.700000003,80141056.5,1373537.0,3727491.0,2,0,-0.0813494294605811,0.009893516597510477,0.0,-0.0813494294605811,1.0
6442 光聖,2025-07-29,2025-08-12,2025-07-28,2025-08-11,0.09999999999999999,10,4493,4503,0.05228037283770126,通信網路業,6442 光聖,620.0,655.0,903.8237051216204,-0.0016103059581319412,0.010802469135802406,663114800.0,5970573245.0,1069540.0,9115379.0,2,0,-0.048839112903225845,0.0736833064516127,0.0,-0.048839112903225845,2.0
3230 錦明,2025-08-05,2025-08-15,2025-08-04,2025-08-14,0.14285714285714285,8,4498,4506,0.11633219292834007,光電業,3230 錦明,50.9,56.6,32.837422391198324,0.024144869215291687,-0.01906412478336228,100219351.39999999,183012704.0,1968946.0,3233440.0,3,0,-0.0024387033398823865,0.15782970001511254,0.01130722003929252,-0.013592233009708798,7.0
8045 達運光電,2025-08-05,2025-08-15,2025-08-04,2025-08-14,0.14285714285714285,8,4498,4506,-0.017170273940818603,通信網路業,8045 達運光電,113.0,111.5,111.32819722650231,0.018018018018018056,0.013636363636363669,54501595.0,254660536.5,482315.0,2283951.0,3,0,-0.04912444690265483,0.07028783185840703,0.017215707964601812,-0.06521739130434778,3.0
3081 聯亞,2025-08-06,2025-08-18,2025-08-05,2025-08-15,0.14285714285714285,8,4499,4507,0.1785343957776715,通信網路業,3081 聯亞,393.0,465.0,704.2537201333438,-0.0012706480304954804,0.028761061946902755,121198449.0,4262283930.0,308393.0,9166202.0,2,0,-0.022093225190839894,0.26403034351145016,0.0,-0.022093225190839894,5.0
6928 攸泰科技,2025-08-05,2025-08-19,2025-08-04,2025-08-18,0.14285714285714285,10,4498,4508,0.05641841732954589,電腦及週邊設備業,6928 攸泰科技,72.6,77.0,73.37144215100489,0.01538461538461533,0.04761904761904767,38169667.8,286522852.0,525753.0,3721076.0,2,0,-0.08032685950413221,0.013292561983471396,0.0,-0.09239130434782616,2.0
2429 銘旺科,2025-08-07,2025-08-21,2025-08-06,2025-08-20,0.125,10,4500,4510,-0.012180181198346629,光電業,2429 銘旺科,84.7,84.0,1.0244250573683205,0.01194743130227005,0.025641025641025772,100521367.10000001,706935852.0,1186793.0,8415903.0,2,0,-0.11848267414403735,0.032567148760330955,0.032567148760330955,-0.14628571428571413,2.0
3623 富晶通,2025-08-11,2025-08-21,2025-08-08,2025-08-20,0.1,8,4502,4510,0.026235033977273226,光電業,3623 富晶通,24.75,25.5,22.2290260430838,-0.002016129032258007,0.0386965376782078,3244378.5,51697833.0,131086.0,2027366.0,2,0,-0.024705909090908862,0.10452560606060635,0.10452560606060635,-0.11700182815356497,3.0
8472 納維康,2025-08-11,2025-08-21,2025-08-08,2025-08-20,0.1,8,4502,4510,0.2856305766212408,數位雲端,8472 納維康,79.8,103.0,106.9690037253332,0.08423913043478248,0.06295149638802866,11677213.799999999,108660365.0,146331.0,1054955.0,3,0,-0.034293515037594036,0.33395253759398535,0.0,-0.034293515037594036,8.0
8033 雷虎,2025-08-05,2025-08-22,2025-08-04,2025-08-21,0.14285714285714285,13,4498,4511,0.305504590625,其他,8033 雷虎,103.0,135.0,107.79955270582204,0.009803921568627638,0.05058365758754868,846276634.0,5190567345.0,8216278.0,38448647.0,3,0,-0.01988325242718436,0.295500849514563,0.07715800970873787,-0.09009009009008995,12.0
6129 普誠,2025-08-13,2025-08-25,2025-08-12,2025-08-22,0.08333333333333333,8,4504,4512,0.1584513762703803,半導體業,6129 普誠,13.8,16.05,17.632146905805897,0.0,0.0,4790228.4,11329197.450000001,347118.0,705869.0,2,0,-0.004096467391304315,0.21681304347826091,0.0,-0.07440476190476197,7.0
8021 尖點,2025-08-13,2025-08-25,2025-08-12,2025-08-22,0.08333333333333333,8,4504,4512,0.058232909739162286,其他電子業,8021 尖點,86.5,91.9,232.53029649942687,0.029761904761904656,0.030269058295964157,913471745.5,5201264024.3,10560367.0,56596997.0,3,0,0.0,0.16707543352601184,0.01685780346820831,-0.11683168316831671,9.0
8038 長園科,2025-08-13,2025-08-25,2025-08-12,2025-08-22,0.08333333333333333,8,4504,4512,0.05605476210843374,電子零組件業,8038 長園科,49.8,52.8,52.5,0.017364657814095796,0.01538461538461533,207301862.39999998,296829931.2,4162688.0,5621779.0,2,0,-0.022552861445783057,0.148048795180723,0.05371611445783131,-0.07238095238095232,8.0
2406 國碩,2025-08-14,2025-08-26,2025-08-13,2025-08-25,0.07142857142857142,8,4505,4513,0.19713250028168994,光電業,2406 國碩,21.3,25.6,10.307889237439275,0.0023529411764706687,0.019920318725099584,183970783.8,636484019.2,8637126.0,24862657.0,3,0,-0.0028213028169014054,0.2388478873239437,0.0,-0.14015151515151536,8.0
2493 揚博,2025-08-14,2025-08-26,2025-08-13,2025-08-25,0.07142857142857142,8,4505,4513,0.15015775506132134,電子零組件業,2493 揚博,132.5,153.0,520.6683839045897,0.02316602316602312,-0.031645569620253,163408142.5,1056883914.0,1233269.0,6907738.0,2,0,-0.004246792452830217,0.19188641509434,0.0,-0.035211267605633645,8.0
6949 沛爾生醫*-創,2025-08-11,2025-08-26,2025-08-08,2025-08-25,0.1,11,4502,4513,0.14985374373621374,生技醫療業,6949 沛爾生醫*-創,340.0,392.5,360.0,0.002949852507374562,0.0064102564102563875,203645720.0,404182370.0,598958.0,1029764.0,3,0,0.0,0.161212867647059,0.05832058823529418,-0.13670886075949362,12.0
4991 環宇-KY,2025-08-18,2025-08-28,2025-08-15,2025-08-27,0.07692307692307691,8,4507,4515,0.1158300136748418,半導體業,4991 環宇-KY,158.0,177.0,276.5072959814278,-0.018633540372670843,0.011428571428571344,261337530.0,4641185499.0,1654035.0,26221387.0,2,0,-0.03843164556961998,0.10706882911392435,0.04064469936708881,-0.07598784194528863,6.0
8935 邦泰,2025-08-18,2025-08-28,2025-08-15,2025-08-27,0.07692307692307691,8,4507,4515,0.09306966854301923,其他,8935 邦泰,23.1,25.35,6.855841441088397,-0.010706638115631661,0.009960159362549792,50294798.400000006,90821546.4,2177264.0,3582704.0,3,0,-0.13028344155844152,0.08606396103896086,0.0,-0.13028344155844152,4.0
1815 富喬,2025-08-21,2025-09-02,2025-08-20,2025-09-01,0.045454545454545456,8,4510,4518,-0.009575759830508512,電子零組件業,1815 富喬,70.8,70.4,115.82910568163221,0.023121387283236983,0.014409221902017322,1607677902.0,16121920742.400002,22707315.0,229004556.0,2,0,-0.08376875000000006,0.0799952330508471,0.0799952330508471,-0.15163398692810437,2.0
3071 協禧,2025-08-21,2025-09-02,2025-08-20,2025-09-01,0.045454545454545456,8,4510,4518,0.12405828845632594,電腦及週邊設備業,3071 協禧,24.9,28.1,34.14849434118604,0.012195121951219301,0.02181818181818196,9558014.4,52104368.800000004,383856.0,1854248.0,2,0,0.0,0.10389307228915712,0.03565240963855443,-0.023255813953488413,9.0
3363 上詮,2025-08-21,2025-09-02,2025-08-20,2025-09-01,0.045454545454545456,8,4510,4518,0.07917748383967771,通信網路業,3363 上詮,341.5,370.0,531.5037257424159,0.0194029850746269,0.009549795361528002,401594096.5,3262724750.0,1175971.0,8818175.0,2,0,-0.03998770131771601,0.109282503660322,0.008305600292825677,-0.04789550072568938,8.0
4577 達航科技,2025-08-21,2025-09-02,2025-08-20,2025-09-01,0.045454545454545456,8,4510,4518,-0.11076725898241624,其他電子業,4577 達航科技,35.9,32.05,39.81000984874467,0.024251069900142808,-0.015360983102918557,14541689.899999999,28807725.849999998,405061.0,898837.0,2,0,-0.17587910863509726,0.0,0.0,-0.17587910863509726,0.0
6215 和椿,2025-08-19,2025-09-02,2025-08-18,2025-09-01,0.07142857142857142,10,4508,4518,-0.06779781415865382,其他電子業,6215 和椿,156.0,146.0,298.4145548651421,0.009708737864077666,0.01388888888888884,386223864.0,1986872536.0,2475794.0,13608716.0,2,0,-0.1670625,0.0,0.0,-0.1670625,0.0
6283 淳安,2025-08-21,2025-09-02,2025-08-20,2025-09-01,0.045454545454545456,8,4510,4518,0.026951063144388776,其他電子業,6283 淳安,27.4,28.25,19.446595641313827,0.03007518796992481,-0.012237762237762295,8559595.6,25363697.5,312394.0,897830.0,2,0,-0.03148216240875912,0.15273686131386865,0.0,-0.12500000000000022,6.0
6727 亞泰金屬,2025-08-21,2025-09-02,2025-08-20,2025-09-01,0.045454545454545456,8,4510,4518,0.16206025906249955,電子零組件業,6727 亞泰金屬,171.0,199.5,220.88172819397738,0.00588235294117645,0.002512562814070307,97776603.0,418629004.5,571793.0,2098391.0,2,0,0.0,0.18364802631578914,0.046286403508772,-0.022346368715083886,9.0
6895 宏碩系統,2025-08-21,2025-09-02,2025-08-20,2025-09-01,0.045454545454545456,8,4510,4518,0.03142544756308374,半導體業,6895 宏碩系統,267.5,277.0,285.0007244277021,0.0,0.01279707495429605,43927245.0,286260110.0,164214.0,1033430.0,2,0,0.0,0.08733373831775704,0.027549065420560792,-0.06013745704467355,9.0
8358 金居,2025-08-21,2025-09-02,2025-08-20,2025-09-01,0.045454545454545456,8,4510,4518,0.17475503500183764,電子零組件業,8358 金居,170.0,200.5,290.10639167687975,0.04938271604938271,0.022959183673469274,2968141350.0,18783239596.5,17459655.0,93681993.0,2,0,0.0,0.2788040441176465,0.04656147058823534,-0.09885057471264369,9.0
1717 長興,2025-08-22,2025-09-03,2025-08-21,2025-09-02,0.04166666666666667,8,4511,4519,0.09482379758064541,化學工業,1717 長興,41.85,46.0,166.34512252858812,-0.0023837902264599586,0.0,397869540.3,1315297964.0,9507038.0,28593434.0,2,0,-0.043465322580645394,0.09864157706093213,0.0,-0.043465322580645394,7.0
5475 德宏,2025-08-19,2025-09-03,2025-08-18,2025-09-02,0.07142857142857142,11,4508,4519,-0.24768183632122354,電子零組件業,5475 德宏,56.6,42.75,28.40886176589342,0.04235727440147352,0.009445100354191105,435013902.8,215786353.5,7685758.0,5047634.0,3,0,-0.2883240724381626,0.0,0.0,-0.2883240724381626,0.0
6418 詠昇,2025-08-22,2025-09-03,2025-08-21,2025-09-02,0.04166666666666667,8,4511,4519,0.07333152007004307,電子零組件業,6418 詠昇,34.8,37.5,41.10572144466922,0.05454545454545423,0.03305785123966931,26641035.599999998,104115525.0,765547.0,2776414.0,2,0,-0.07515215517241358,0.14600711206896544,0.0,-0.07515215517241358,2.0
2630 亞航,2025-08-21,2025-09-04,2025-08-20,2025-09-03,0.045454545454545456,10,4510,4520,0.30850459475519876,航運業,2630 亞航,57.7,75.8,82.08219276296987,0.02123893805309729,0.04264099037138913,167839317.9,2637307050.2,2908827.0,34792969.0,2,0,-0.029923743500866684,0.25936685441941054,0.0,-0.0453920220082531,9.0
3555 博士旺,2025-08-20,2025-09-04,2025-08-19,2025-09-03,0.06666666666666667,11,4509,4520,-0.14449551480061373,半導體業,3555 博士旺,65.2,56.0,4.074036197192413,0.03492063492063502,0.03512014787430684,36152878.4,19735184.0,554492.0,352414.0,3,0,-0.20743186349693266,0.0608455521472393,0.0608455521472393,-0.25289017341040476,1.0
3694 海華,2025-08-21,2025-09-04,2025-08-20,2025-09-03,0.045454545454545456,10,4510,4520,0.07992968436184178,通信網路業,3694 海華,95.0,103.0,103.64682218722061,0.014957264957265126,0.030000000000000027,224307065.0,2514657038.0,2361127.0,24414146.0,2,0,-0.053081578947368535,0.05739223684210493,0.05739223684210493,-0.10447761194029836,7.0
4768 晶呈科技,2025-08-25,2025-09-04,2025-08-22,2025-09-03,0.041666666666666664,8,4512,4520,0.07424000545221832,化學工業,4768 晶呈科技,146.5,158.0,188.52328181062146,0.03169014084507049,0.0,27119201.0,161233786.0,185114.0,1020467.0,2,0,-0.0038863481228669228,0.09163139931740605,0.0,-0.012500000000000067,8.0
6733 博晟生醫,2025-08-25,2025-09-04,2025-08-22,2025-09-03,0.041666666666666664,8,4512,4520,0.19281768222085915,生技醫療業,6733 博晟生醫,40.75,48.8,40.7,0.009913258983890838,0.00411522633744843,18478821.0,98012555.19999999,453468.0,2008454.0,2,0,-0.0017014110429446339,0.19207153374233155,0.0,-0.0493827160493826,8.0
1802 台玻,2025-08-22,2025-09-05,2025-08-21,2025-09-04,0.04166666666666667,10,4511,4521,-0.1377690291536262,玻璃陶瓷,1802 台玻,32.75,28.35,63.930669843608044,0.0015290519877673159,0.025316455696202667,1012646276.75,3791543798.7000003,30920497.0,133740522.0,2,0,-0.15612622137404608,0.07735061068702254,0.07735061068702254,-0.21671388101983002,5.0
6213 聯茂,2025-08-26,2025-09-05,2025-08-25,2025-09-04,0.045454545454545456,8,4513,4521,0.04911997627305298,電子零組件業,6213 聯茂,122.0,128.5,371.99229368260944,-0.008130081300812941,0.05327868852459017,679071642.0,4122532888.0,5566161.0,32081968.0,2,0,-0.004571413934426505,0.12241741803278683,0.12241741803278683,-0.11313868613138711,7.0
3081 聯亞,2025-08-27,2025-09-08,2025-08-26,2025-09-05,0.04347826086956522,8,4514,4522,0.074799323858173,通信網路業,3081 聯亞,468.0,505.0,848.0161074473856,0.016286644951140072,0.02851323828920571,314822664.0,4491340215.0,672698.0,8893743.0,2,0,-0.0261038461538462,0.07000432692307679,0.0,-0.043749999999999956,6.0
4722 國精化,2025-08-25,2025-09-09,2025-08-22,2025-09-08,0.041666666666666664,11,4512,4523,0.07836996885847136,化學工業,4722 國精化,121.0,131.0,335.4467769278385,0.03418803418803429,-0.0038022813688212143,546537277.0,2019664597.0,4516837.0,15417287.0,3,0,0.0,0.23908057851239706,0.06147902892561996,-0.14,12.0
8021 尖點,2025-08-28,2025-09-09,2025-08-27,2025-09-08,0.045454545454545456,8,4515,4523,0.06760382165051304,其他電子業,8021 尖點,87.7,94.0,228.5667119000048,0.0011415525114155667,0.042128603104212736,219956511.20000002,6121079968.0,2508056.0,65117872.0,2,0,-0.09962970353477785,0.1305915621436715,0.03143685860889378,-0.1270718232044199,3.0
3685 元創精密,2025-08-29,2025-09-10,2025-08-28,2025-09-09,0.041666666666666664,8,4516,4524,0.16937850398201837,電機機械,3685 元創精密,21.55,25.3,29.422791033865963,0.08564231738035266,-0.03250478011472269,33175987.95,12483753.700000001,1539489.0,493429.0,3,2,-0.037580336426914274,0.21288068445475616,0.0,-0.037580336426914274,7.0
8201 無敵,2025-08-29,2025-09-10,2025-08-28,2025-09-09,0.041666666666666664,8,4516,4524,-0.009481969656250033,其他電子業,8201 無敵,18.0,17.9,28.742721105923827,-0.013698630136986356,-0.05789473684210533,7489422.0,24242274.299999997,416079.0,1354317.0,2,0,-0.056004166666666744,0.055054166666666626,0.0,-0.056004166666666744,4.0
8033 雷虎,2025-09-02,2025-09-12,2025-09-01,2025-09-11,0.0625,8,4518,4526,0.13131792416666688,其他,8033 雷虎,162.0,184.0,167.51205003796858,0.01567398119122254,0.0308123249299721,570486564.0,6518043968.0,3521522.0,35424152.0,2,0,-0.02206967592592579,0.1599425925925928,0.0,-0.11968085106382964,8.0
4760 勤凱科技,2025-09-03,2025-09-15,2025-09-02,2025-09-12,0.058823529411764705,8,4519,4527,-0.02963449509312377,其他電子業,4760 勤凱科技,174.5,170.0,250.33004004373402,0.0,-0.039548022598870025,59997637.0,239375300.0,343826.0,1408090.0,2,0,-0.08639405444126125,0.08258008595988509,0.08258008595988509,-0.15608465608465627,5.0
4772 台特化,2025-09-03,2025-09-15,2025-09-02,2025-09-12,0.058823529411764705,8,4519,4527,0.1781256082661291,化學工業,4772 台特化,279.0,330.0,292.6067415730337,0.0017953321364452268,-0.0030211480362537513,464417541.0,2759521380.0,1664579.0,8362186.0,2,0,0.0,0.19298145161290337,0.038932795698924716,-0.013533834586466176,9.0
4931 新盛力,2025-09-03,2025-09-15,2025-09-02,2025-09-12,0.058823529411764705,8,4519,4527,0.12055810695312541,電腦及週邊設備業,4931 新盛力,148.0,166.5,185.62071456889092,-0.013333333333333308,-0.020588235294117685,204247844.0,1996344490.5,1380053.0,11990057.0,2,0,-0.0004750000000001142,0.15147981418918932,0.019785641891891803,-0.10263929618768308,8.0
3048 益登,2025-09-04,2025-09-16,2025-09-03,2025-09-15,0.07142857142857142,8,4520,4528,-0.013171049843749949,電子通路業,3048 益登,43.2,42.8,199.33571457976848,-0.0011560693641616826,-0.06448087431693994,278689766.40000004,686446601.5999999,6451152.0,16038472.0,3,0,-0.04559244791666661,0.08628932291666658,0.08628932291666658,-0.12140575079872196,6.0
6584 南俊國際,2025-09-04,2025-09-16,2025-09-03,2025-09-15,0.07142857142857142,8,4520,4528,-0.0197199659232572,電子零組件業,6584 南俊國際,253.0,247.5,255.34682080924853,-0.001972386587770991,-0.03883495145631066,55618255.0,574073527.5,219835.0,2319489.0,2,0,-0.07790696749668002,0.029405583699827043,0.029405583699827043,-0.10424710424710426,3.0
4991 環宇-KY,2025-09-08,2025-09-18,2025-09-05,2025-09-17,0.06666666666666667,8,4522,4530,0.08354267399070991,半導體業,4991 環宇-KY,148.0,161.0,257.7321092172568,0.013698630136986356,0.02547770700636942,107295412.0,2704973075.0,724969.0,16801075.0,2,0,0.0,0.07719079391891914,0.019785641891892025,-0.05956112852664586,9.0
6515 穎崴,2025-09-08,2025-09-18,2025-09-05,2025-09-17,0.06666666666666667,8,4522,4530,-0.012559746930835503,半導體業,6515 穎崴,1735.0,1720.0,1969.7952722087387,-0.005730659025787954,0.008797653958944274,823326900.0,2539825960.0,474540.0,1476643.0,3,0,-0.08112831412103727,0.08017831412103771,0.013927377521613993,-0.09375,3.0
6735 美達科技,2025-09-08,2025-09-18,2025-09-05,2025-09-17,0.06666666666666667,8,4522,4530,-0.04641566781250006,其他電子業,6735 美達科技,77.4,74.1,100.20513203670477,-0.001290322580644987,-0.03515625000000011,16748353.8,72375841.19999999,216387.0,976732.0,3,0,-0.014680135658914795,0.08992131782945756,0.0,-0.06112469437652812,6.0
7703 銳澤,2025-09-08,2025-09-18,2025-09-05,2025-09-17,0.06666666666666667,8,4522,4530,-0.1270765054485704,其他電子業,7703 銳澤,271.0,237.5,283.12267657992567,0.009310986964618406,0.002109704641350074,85489389.0,303232162.5,315459.0,1276767.0,2,0,-0.1258766605166055,0.03640784132841279,0.03640784132841279,-0.15658362989323837,3.0
8038 長園科,2025-09-09,2025-09-19,2025-09-08,2025-09-18,0.07142857142857142,8,4523,4531,-0.09985197114125854,電子零組件業,8038 長園科,59.2,53.5,60.3,0.006802721088435382,-0.003724394785847407,61362516.800000004,116173163.5,1036529.0,2171461.0,3,0,-0.11359691722972987,0.01809725506756732,0.01809725506756732,-0.12935323383084574,1.0
5438 東友,2025-09-10,2025-09-22,2025-09-09,2025-09-19,0.07692307692307693,8,4524,4532,-0.07548797069060764,電腦及週邊設備業,5438 東友,27.15,25.2,82.8777433884493,0.0,-0.059701492537313494,55693338.0,50205884.4,2051320.0,1992297.0,2,0,-0.03913066298342527,0.0989252762430941,0.0989252762430941,-0.12562814070351758,7.0
3363 上詮,2025-09-11,2025-09-23,2025-09-10,2025-09-22,0.07142857142857142,8,4525,4533,0.016856907034922042,通信網路業,3363 上詮,383.0,391.0,572.3886277226018,0.021333333333333426,0.03439153439153442,219477001.0,6524983758.0,573047.0,16687938.0,2,0,-0.08137650130548313,0.02823198433420382,0.0,-0.08137650130548313,1.0
3167 大量,2025-09-12,2025-09-24,2025-09-11,2025-09-23,0.0625,8,4526,4534,0.08127532126671078,電機機械,3167 大量,187.0,203.0,390.22247907857604,0.0108108108108107,-0.009756097560975618,180934468.0,1663493447.0,967564.0,8194549.0,2,0,-0.016510160427807508,0.09573596256684458,0.012887633689839584,-0.03902439024390225,4.0
5314 世紀*,2025-09-12,2025-09-24,2025-09-11,2025-09-23,0.0625,8,4526,4534,0.2717445182087046,其他,5314 世紀*,112.0,143.0,445.125598380118,0.022831050228310668,0.021428571428571352,894361328.0,5636327411.0,7985369.0,39414877.0,2,0,0.0,0.24940624999999939,0.039684486607142855,-0.08571428571428574,9.0
6418 詠昇,2025-09-12,2025-09-24,2025-09-11,2025-09-23,0.0625,8,4526,4534,0.3025290815865387,電子零組件業,6418 詠昇,50.7,66.3,62.13507816520323,0.01705115346038122,0.07281553398058271,16856786.7,434340648.29999995,332481.0,6551141.0,2,1,-0.06651856508875742,0.3386143491124265,0.0,-0.06651856508875742,6.0
3313 斐成,2025-09-15,2025-09-25,2025-09-12,2025-09-24,0.07142857142857142,8,4527,4535,-0.048714715695224786,建材營造,3313 斐成,17.8,17.0,17.8,0.014245014245014342,0.0,18483502.2,160386024.0,1038399.0,9434472.0,2,0,-0.04539747191011234,0.02198623595505622,0.02198623595505622,-0.06593406593406592,2.0
7402 邑錡,2025-09-03,2025-09-25,2025-09-02,2025-09-24,0.058823529411764705,16,4519,4535,0.3383072838794057,光電業,7402 邑錡,113.5,152.5,223.26944891238662,0.004424778761061843,-0.031746031746031744,183319298.0,839388212.5,1615148.0,5504185.0,2,0,0.0,0.4442475770925114,0.09199207048458158,-0.12195121951219534,17.0
2429 銘旺科,2025-09-16,2025-09-26,2025-09-15,2025-09-25,0.07142857142857142,8,4528,4536,-0.030973006562499905,光電業,2429 銘旺科,129.0,125.5,1.6490744825929062,0.015748031496062964,-0.034615384615384714,120452331.0,605763525.5,933739.0,4826801.0,2,0,-0.09345406976744175,0.0653851744186047,0.0653851744186047,-0.14909090909090905,5.0
7714 創泓科技,2025-09-16,2025-09-26,2025-09-15,2025-09-25,0.07142857142857142,8,4528,4536,-0.036930192110927296,數位雲端,7714 創泓科技,151.0,146.0,159.59387363625464,0.0,-0.026666666666666616,25104203.0,58651704.0,166253.0,401724.0,2,0,-0.07990745033112612,0.052479966887417184,0.052479966887417184,-0.12578616352201277,5.0
5475 德宏,2025-09-17,2025-09-30,2025-09-16,2025-09-26,0.0625,8,4529,4537,0.050736839286764646,電子零組件業,5475 德宏,51.0,53.8,30.344535713870126,0.030303030303030276,-0.0018552875695733162,151365807.0,388148223.79999995,2967957.0,7214651.0,2,0,0.0,0.1602329411764707,0.044601617647058944,-0.06260869565217375,9.0
3323 加百裕,2025-09-17,2025-10-02,2025-09-16,2025-10-01,0.0625,10,4529,4539,0.046054243527860805,電腦及週邊設備業,3323 加百裕,49.8,52.3,129.033171744091,0.0060606060606061,0.009652509652509744,150121253.4,1458829631.6,3014483.0,27893492.0,2,0,-0.04061656626506038,0.08783644578313243,0.0,-0.05904059040590437,7.0
8299 群聯,2025-09-19,2025-10-02,2025-09-18,2025-10-01,0.08333333333333334,8,4531,4539,0.08610563547602745,半導體業,8299 群聯,730.0,796.0,2374.225192983904,0.011080332409972415,0.09944751381215489,2170576890.0,10323275444.0,2973393.0,12968939.0,3,0,-0.12096568493150683,0.08989301369863023,0.009109486301369873,-0.12890094979647215,2.0
6895 宏碩系統,2025-09-22,2025-10-03,2025-09-19,2025-10-02,0.08333333333333333,8,4532,4540,0.1151016487076697,半導體業,6895 宏碩系統,251.0,281.0,265.3097652854245,-0.009861932938856177,-0.027681660899653848,15644328.0,494544545.0,62328.0,1759945.0,2,0,0.0,0.1508475099601594,0.019435856573705168,-0.0674740484429065,9.0
8033 雷虎,2025-09-23,2025-10-07,2025-09-22,2025-10-03,0.08333333333333334,8,4533,4541,0.029033493360926865,其他,8033 雷虎,151.0,156.0,156.94346643935856,-0.016286644951140183,0.0,216634566.0,2474883684.0,1434666.0,15864639.0,2,0,-0.07328807947019866,0.03262185430463549,0.0,-0.07328807947019866,2.0
3081 聯亞,2025-09-24,2025-10-08,2025-09-23,2025-10-07,0.09090909090909091,8,4534,4542,-0.023703027205767446,通信網路業,3081 聯亞,479.0,469.5,833.4578910105206,0.006302521008403561,-0.025933609958506354,282707716.0,2172984972.0,590204.0,4628296.0,2,0,-0.07350918580375787,0.02039191022964504,0.0,-0.07350918580375787,2.0
2408 南亞科,2025-09-25,2025-10-09,2025-09-24,2025-10-08,0.09090909090909091,8,4535,4543,0.2963417848645695,半導體業,2408 南亞科,74.3,96.7,4.860368654854834,-0.022368421052631593,0.06497797356828205,1961823366.8999999,21202406414.4,26404083.0,219259632.0,2,0,-0.044868438761776486,0.3250768842530283,0.030465881561238195,-0.07310704960835501,7.0
6488 環球晶,2025-09-25,2025-10-09,2025-09-24,2025-10-08,0.09090909090909091,8,4535,4543,0.045501023351063985,半導體業,6488 環球晶,493.5,518.0,718.38145268046,-0.005040322580645351,0.015686274509803866,994252969.5,3771333188.0,2014697.0,7280566.0,2,0,-0.07237598784194532,0.0329437689969605,0.0,-0.07237598784194532,3.0
2342 茂矽,2025-09-24,2025-10-13,2025-09-23,2025-10-09,0.09090909090909091,10,4534,4544,-0.039743955569335854,半導體業,2342 茂矽,32.0,30.85,2.51891807486649,0.0047095761381474865,-0.08456973293768555,126275904.0,173228241.3,3946122.0,5615178.0,2,0,-0.03639542968749987,0.05262476562500029,0.05262476562500029,-0.08456973293768555,4.0
6127 九豪,2025-10-02,2025-10-16,2025-10-01,2025-10-15,0.14285714285714285,8,4539,4547,-0.09189541503593446,電子零組件業,6127 九豪,24.35,22.2,28.227001554131764,0.008281573498964967,0.0,32751626.6,58239524.4,1345036.0,2623402.0,2,0,-0.09693839835728968,0.009787063655030792,0.009787063655030792,-0.10569105691056924,3.0
1795 美時,2025-10-07,2025-10-20,2025-10-03,2025-10-17,0.14285714285714285,8,4541,4549,0.08874988818316631,生技醫療業,1795 美時,274.0,299.5,322.37248487765635,0.03007518796992481,0.0,1332568312.0,3885539889.0,4863388.0,12973422.0,2,0,0.0,0.09254648722627756,0.014116605839415985,-0.06844741235392315,9.0
6418 詠昇,2025-10-03,2025-10-21,2025-10-02,2025-10-20,0.14285714285714288,10,4540,4550,-0.010724210943877432,電子零組件業,6418 詠昇,73.5,73.0,94.15560924420367,0.03375527426160341,-0.010840108401083848,30406509.0,294155544.0,413694.0,4029528.0,2,0,-0.05487091836734681,0.019923469387755244,0.019923469387755244,-0.07333333333333336,7.0
3628 盈正,2025-10-09,2025-10-22,2025-10-08,2025-10-21,0.14285714285714288,8,4543,4551,-0.058155241926020285,其他電子業,3628 盈正,73.5,69.5,168.57627687020087,0.0,-0.02524544179523136,46339765.5,97169409.5,630473.0,1398121.0,2,0,-0.03039275510204087,0.06616000000000022,0.06344020408163287,-0.0882352941176473,5.0
4722 國精化,2025-10-09,2025-10-22,2025-10-08,2025-10-21,0.14285714285714288,8,4543,4551,-0.036759462572058976,化學工業,4722 國精化,212.5,205.5,558.6428814206805,0.026570048309178862,-0.012019230769230838,259655875.0,2942396265.0,1221910.0,14318230.0,2,0,-0.09689976470588246,0.006580470588235299,0.006580470588235299,-0.10280373831775713,1.0
3581 博磊,2025-10-13,2025-10-23,2025-10-09,2025-10-22,0.125,8,4544,4552,-0.01053381483367788,半導體業,3581 博磊,60.5,60.1,100.79120246068057,-0.06779661016949157,-0.014754098360655776,59110375.5,127710396.5,977031.0,2124965.0,3,0,-0.025256611570247944,0.10360776859504117,0.10360776859504117,-0.11676646706586813,8.0
6785 昱展新藥,2025-10-13,2025-10-23,2025-10-09,2025-10-22,0.125,8,4544,4552,0.06409312960507574,生技醫療業,6785 昱展新藥,263.5,281.5,279.030330882353,-0.06890459363957602,-0.02595155709342556,56028795.5,176939077.0,212633.0,628558.0,2,0,0.0,0.11901280834914596,0.0526306925996205,-0.08135593220338988,9.0
3430 奇鈦科,2025-10-09,2025-10-27,2025-10-08,2025-10-23,0.14285714285714288,10,4543,4553,0.02037525625686798,化學工業,3430 奇鈦科,81.9,83.9,91.02168619568825,0.021197007481296604,0.03708281829419047,76340873.7,196848864.8,932123.0,2346232.0,2,0,-0.1139741758241758,0.0007454212454212072,0.0,-0.1139741758241758,1.0
8299 群聯,2025-10-15,2025-10-28,2025-10-14,2025-10-27,0.1111111111111111,8,4546,4554,0.2672412857824429,半導體業,8299 群聯,786.0,1000.0,2571.5292256418466,0.006402048655569814,0.03305785123966953,1878249180.0,11871616000.0,2389630.0,11871616.0,2,1,-0.005561641221373925,0.30345181297709933,0.0,-0.011627906976744429,8.0
3709 鑫聯大投控,2025-10-16,2025-10-29,2025-10-15,2025-10-28,0.07692307692307691,8,4547,4555,-0.09703728868574779,電腦及週邊設備業,3709 鑫聯大投控,53.5,48.5,74.03471909865735,0.005639097744360777,-0.018218623481781382,110755111.5,497538365.5,2070189.0,10258523.0,2,0,-0.16861939252336455,0.0,0.0,-0.16861939252336455,0.0
4768 晶呈科技,2025-10-16,2025-10-29,2025-10-15,2025-10-28,0.07692307692307691,8,4547,4555,0.011524297624999846,化學工業,4768 晶呈科技,257.5,261.5,328.6244878137203,0.021825396825396748,0.005769230769230749,128058612.5,422204302.0,497315.0,1614548.0,2,0,-0.012119951456310618,0.0364006796116505,0.0,-0.0337078651685393,7.0
4989 榮科,2025-10-16,2025-10-29,2025-10-15,2025-10-28,0.07692307692307691,8,4547,4555,0.07994370141293472,電子零組件業,4989 榮科,37.4,40.55,43.054173455410705,-0.002666666666666817,0.050518134715025864,205912918.2,339007367.04999995,5505693.0,8360231.0,2,0,-0.09802222593582877,0.13448760026738005,0.0,-0.09802222593582877,2.0
5475 德宏,2025-10-16,2025-10-29,2025-10-15,2025-10-28,0.07692307692307691,8,4547,4555,-0.0965665289600326,電子零組件業,5475 德宏,61.3,55.6,34.67133630346512,-0.003252032520325132,0.029629629629629672,61744241.099999994,591642880.4,1007247.0,10641059.0,2,0,-0.11950489396411079,0.002786092985318289,0.002786092985318289,-0.12195121951219512,2.0
7402 邑錡,2025-10-16,2025-10-29,2025-10-15,2025-10-28,0.07692307692307691,8,4547,4555,-0.036194625834082284,光電業,7402 邑錡,139.0,134.5,246.67672984674974,0.029629629629629672,-0.028880866425992857,28869466.0,362576492.0,207694.0,2695736.0,2,0,-0.1011465827338126,0.0067158273381298095,0.0067158273381298095,-0.1071428571428571,1.0
8033 雷虎,2025-10-17,2025-10-30,2025-10-16,2025-10-29,0.07142857142857144,8,4548,4556,-0.09881041133928592,其他,8033 雷虎,136.5,123.5,140.56216186151306,-0.014440433212996484,-0.015936254980079778,139733548.5,875520522.5,1023689.0,7089235.0,2,0,-0.11763543956043965,0.0,0.0,-0.11763543956043965,0.0
6499 益安,2025-10-21,2025-11-03,2025-10-20,2025-10-31,0.07142857142857142,8,4550,4558,-0.17735005373481771,生技醫療業,6499 益安,123.5,102.0,191.2224013854706,0.0,-0.02392344497607657,84196001.5,190374534.0,681749.0,1866417.0,2,0,-0.1906680161943317,0.0,0.0,-0.1906680161943317,0.0
4967 十銓,2025-10-20,2025-11-04,2025-10-17,2025-11-03,0.07142857142857142,10,4549,4559,0.0796895754866409,半導體業,4967 十銓,131.0,142.0,122.50130138803536,0.0234375,0.01067615658362997,398680422.0,2329152728.0,3043362.0,16402484.0,2,0,-0.03862480916030553,0.07200963740457977,0.045304770992366405,-0.09964412811387902,3.0
8271 宇瞻,2025-10-22,2025-11-04,2025-10-21,2025-11-03,0.07142857142857142,8,4551,4559,-0.022741776745282993,半導體業,8271 宇瞻,106.0,104.0,225.19801752711192,-0.03196347031963476,-0.018867924528301883,180332712.0,1250354560.0,1701252.0,12022640.0,2,0,-0.10042749999999989,0.08439033018867925,0.08439033018867925,-0.1704347826086956,3.0
8996 高力,2025-10-22,2025-11-04,2025-10-21,2025-11-03,0.07142857142857142,8,4551,4559,0.24698004722476008,電機機械,8996 高力,520.0,651.0,1177.0951810970205,0.0,0.012441679626749691,1462885320.0,5952891777.0,2813241.0,9144227.0,2,0,-0.029307451923076933,0.23787326923076968,0.0,-0.029307451923076933,7.0
2344 華邦電,2025-10-23,2025-11-05,2025-10-22,2025-11-04,0.07142857142857144,8,4552,4560,0.07693237420189125,半導體業,2344 華邦電,44.95,48.6,60.77623483667227,-0.011001100110010986,-0.0881801125703564,2033195750.7,2329466185.8,45232386.0,47931403.0,3,2,0.0,0.25857875417130183,0.02954410456062284,-0.058303886925795245,9.0
8358 金居,2025-10-23,2025-11-05,2025-10-22,2025-11-04,0.07142857142857144,8,4552,4560,0.02886276382205888,電子零組件業,8358 金居,212.5,219.5,340.6305385419543,-0.01620370370370361,-0.07966457023060802,832049062.5,9769284524.5,3915525.0,44506991.0,2,0,-0.016937764705882485,0.20883729411764707,0.0,-0.09727626459143945,8.0
8047 星雲,2025-10-27,2025-11-06,2025-10-23,2025-11-05,0.07142857142857144,8,4553,4561,-0.06620157753906264,其他電子業,8047 星雲,48.0,45.0,60.843467694194075,-0.01437371663244369,0.0,20562096.0,37579095.0,428377.0,835091.0,3,0,-0.10459218749999988,0.05158359374999999,0.0,-0.13069306930693092,1.0
6127 九豪,2025-10-29,2025-11-10,2025-10-28,2025-11-07,0.1,8,4555,4563,-0.08099101848411605,電子零組件業,6127 九豪,27.15,25.05,31.8806009202198,-0.005494505494505475,-0.0493358633776092,19279377.9,75182364.60000001,710106.0,3001292.0,2,0,-0.0869900552486188,0.023454696132596764,0.023454696132596764,-0.10791366906474831,3.0
6727 亞泰金屬,2025-10-31,2025-11-12,2025-10-30,2025-11-11,0.0909090909090909,8,4557,4565,-0.006722866507659853,電子零組件業,6727 亞泰金屬,179.5,179.0,222.11570432913925,0.019886363636363535,0.0,15816463.0,305020117.0,88114.0,1704023.0,2,0,-0.10070591922005556,0.027366922005571226,0.027366922005571226,-0.12466124661246614,5.0
4764 雙鍵,2025-10-29,2025-11-13,2025-10-28,2025-11-12,0.1,11,4555,4566,-0.23636040118750012,化學工業,4764 雙鍵,81.0,62.1,108.88029016381113,0.006211180124223725,-0.006400000000000072,52701597.0,48183079.5,650637.0,775895.0,3,0,-0.22876157407407416,0.0,0.0,-0.22876157407407416,0.0
8043 蜜望實,2025-10-30,2025-11-13,2025-10-29,2025-11-12,0.09999999999999999,10,4556,4566,0.08438650649082535,電子零組件業,8043 蜜望實,49.05,53.4,94.90265871154752,0.0030674846625764474,0.005649717514124353,64003137.75,521060966.4,1304855.0,9757696.0,2,0,-0.08504235474006128,0.19005626911314955,0.0,-0.08504235474006128,4.0
3081 聯亞,2025-11-05,2025-11-17,2025-11-04,2025-11-14,0.125,8,4560,4568,0.15201236960444064,通信網路業,3081 聯亞,380.0,439.5,707.8932742425601,-0.051186017478152324,0.010344827586206806,263249180.0,2081761191.0,692761.0,4736658.0,2,0,0.0,0.15471440789473667,0.02319796052631573,-0.02502979737783062,9.0
6535 順藥,2025-11-05,2025-11-17,2025-11-04,2025-11-14,0.125,8,4560,4568,-0.056241061032812456,生技醫療業,6535 順藥,200.0,189.5,202.0,0.0,0.002645502645502562,44005200.0,80267652.0,220026.0,423576.0,3,0,-0.09043224999999988,0.02951075000000003,0.02951075000000003,-0.11650485436893199,3.0
3693 營邦,2025-11-03,2025-11-18,2025-10-31,2025-11-17,0.09090909090909091,11,4558,4569,-0.11592278330147066,電腦及週邊設備業,3693 營邦,382.5,339.5,525.1740119884497,0.005256241787122251,0.002954209748892156,337625865.0,682673390.0,882682.0,2010820.0,3,0,-0.2029931372549022,0.0,0.0,-0.2029931372549022,0.0
2515 中工,2025-11-07,2025-11-19,2025-11-06,2025-11-18,0.1,8,4562,4570,-0.003660701797027266,建材營造,2515 中工,17.1,16.3,29.75053849492254,0.00588235294117645,-0.03264094955489616,387179089.20000005,775346778.1,22642052.0,47567287.0,2,0,-0.06459152317522199,0.0611519114143384,0.0611519114143384,-0.11849710982658967,6.0
5475 德宏,2025-11-07,2025-11-19,2025-11-06,2025-11-18,0.1,8,4562,4570,0.01548680478353659,電子零組件業,5475 德宏,61.5,62.7,34.614404716759914,-0.0032414910858995505,0.0032000000000000917,36301297.5,316163558.7,590265.0,5042481.0,2,0,-0.04923231707317077,0.09866487804878044,0.0,-0.13017751479289918,5.0
1519 華城,2025-11-10,2025-11-20,2025-11-07,2025-11-19,0.09090909090909091,8,4563,4571,0.027300329860293848,電機機械,1519 華城,765.0,789.0,2155.208797783259,0.025469168900804418,0.052000000000000046,875569275.0,5918069658.0,1144535.0,7500722.0,2,0,-0.07625598039215697,0.006057843137254659,0.006057843137254659,-0.08181818181818168,1.0
3163 波若威,2025-11-06,2025-11-20,2025-11-05,2025-11-19,0.125,10,4561,4571,0.07232587612331076,通信網路業,3163 波若威,222.0,239.0,324.6513940842129,0.0183486238532109,0.04366812227074224,172526856.0,1812793968.0,777148.0,7584912.0,2,0,0.0,0.07381402027027018,0.006278547297297266,-0.0340425531914893,11.0
8358 金居,2025-11-10,2025-11-20,2025-11-07,2025-11-19,0.09090909090909091,8,4563,4571,0.08474118116010243,電子零組件業,8358 金居,219.0,238.5,371.59695113667743,-0.004545454545454519,0.09907834101382496,622851987.0,7577254948.5,2844073.0,31770461.0,2,0,-0.009603082191780965,0.08852380136986282,0.0862417808219178,-0.08823529411764719,7.0
4991 環宇-KY,2025-11-11,2025-11-25,2025-11-10,2025-11-24,0.08333333333333333,10,4564,4574,-0.03665452297761218,半導體業,4991 環宇-KY,167.5,162.0,278.21413114180694,0.006006006006005871,0.025316455696202667,253677577.5,2340762138.0,1514493.0,14449149.0,2,0,-0.10490298507462714,0.0025086567164176454,0.0025086567164176454,-0.1071428571428572,1.0
8996 高力,2025-11-13,2025-11-25,2025-11-12,2025-11-24,0.09999999999999999,8,4566,4574,-0.007846790277641902,電機機械,8996 高力,511.0,509.0,1256.3227413631662,-0.021072796934865856,0.06485355648535562,971431951.0,3382427669.0,1901041.0,6645241.0,2,0,-0.09631986301369855,0.08558977495107634,0.08558977495107634,-0.16756756756756752,4.0
6488 環球晶,2025-11-14,2025-11-26,2025-11-13,2025-11-25,0.08333333333333334,8,4567,4575,0.04162264117647041,半導體業,6488 環球晶,382.5,400.0,565.5968492473969,-0.014175257731958824,0.0,488394360.0,1786506800.0,1276848.0,4466267.0,2,0,-0.10108078431372547,0.04525490196078419,0.006057843137254881,-0.10649350649350642,2.0
7402 邑錡,2025-11-14,2025-11-26,2025-11-13,2025-11-25,0.08333333333333334,8,4567,4575,0.1745892106426883,光電業,7402 邑錡,106.0,125.0,196.26104783427533,-0.049327354260089606,0.05485232067510548,17310860.0,425023000.0,163310.0,3400184.0,2,0,-0.04290766509433974,0.22583254716981105,0.027813443396226267,-0.06880733944954132,5.0
6265 方土昶,2025-11-19,2025-12-01,2025-11-18,2025-11-28,0.125,8,4570,4578,-0.044111722384072904,電子通路業,6265 方土昶,18.6,17.85,28.982259360244143,0.005405405405405572,-0.040322580645161366,56992408.800000004,121915196.55000001,3064108.0,6829983.0,2,0,-0.12675907258064534,0.015646370967741463,0.0,-0.12675907258064534,1.0
5340 建榮,2025-11-20,2025-12-02,2025-11-19,2025-12-01,0.16666666666666666,8,4571,4579,-0.03612847962596122,電子零組件業,5340 建榮,65.0,62.9,65.90654205607477,0.07615894039735083,0.031147540983606614,215015775.0,2157047689.4,3307935.0,34293286.0,2,0,-0.1265689230769229,0.03181734615384646,0.008751384615384827,-0.13414634146341464,2.0
6155 鈞寶,2025-11-21,2025-12-03,2025-11-20,2025-12-02,0.14285714285714288,8,4572,4580,0.18433847058441533,電子零組件業,6155 鈞寶,34.65,41.2,115.28672548130608,-0.02941176470588247,0.02871410736579283,26791380.0,183118179.20000002,773200.0,4444616.0,2,0,-0.03797521645021651,0.27068041125541065,0.03846753246753254,-0.07361111111111118,7.0
6584 南俊國際,2025-11-24,2025-12-04,2025-11-21,2025-12-03,0.125,8,4573,4581,0.09832481118024572,電子零組件業,6584 南俊國際,336.0,370.5,357.0745280934159,0.0029850746268655914,-0.06909547738693456,164434368.0,1189790355.0,489388.0,3211310.0,2,0,0.0,0.1839611607142857,0.033734933035714176,-0.09924623115577891,9.0
8043 蜜望實,2025-11-27,2025-12-09,2025-11-26,2025-12-08,0.19999999999999998,8,4576,4584,0.14713062582046987,電子零組件業,8043 蜜望實,74.5,85.8,148.54329189633526,-0.009308510638297851,-0.02941176470588247,101830325.0,3197877797.4,1366850.0,37271303.0,2,0,0.0,0.22492124161073823,0.014283087248322168,-0.028785982478097938,9.0
8358 金居,2025-11-28,2025-12-10,2025-11-27,2025-12-09,0.16666666666666666,8,4577,4585,0.1529788253405362,電子零組件業,8358 金居,228.5,264.5,374.85657351506933,0.002192982456140413,0.04133858267716528,339177402.5,21347953171.0,1484365.0,80710598.0,2,0,-0.007036433260393826,0.22042658643326063,0.00608643326039382,-0.01304347826086949,7.0
4577 達航科技,2025-12-02,2025-12-12,2025-12-01,2025-12-11,0.19999999999999998,8,4579,4587,0.15747438590124352,其他電子業,4577 達航科技,54.3,63.1,59.51959396740788,0.007421150278293265,0.03782894736842102,31604663.4,515233206.40000004,582038.0,8165344.0,2,0,-0.018882458563535875,0.11917348066298383,0.0,-0.07236842105263153,6.0
3081 聯亞,2025-12-04,2025-12-16,2025-12-03,2025-12-15,0.2,8,4581,4589,0.1273991210370875,通信網路業,3081 聯亞,546.0,618.0,986.3191635976029,0.007380073800737907,0.0016207455429497752,344348004.0,8240128338.0,630674.0,13333541.0,2,0,-0.007797527472527488,0.12949986263736224,0.0,-0.05676126878130194,8.0
6442 光聖,2025-12-03,2025-12-17,2025-12-02,2025-12-16,0.2,10,4580,4590,0.08005600670180724,通信網路業,6442 光聖,1245.0,1350.0,1898.7892964739924,0.012195121951219523,0.011235955056179803,1253615400.0,6789629250.0,1006920.0,5029355.0,2,0,-0.04864487951807217,0.13199216867469898,0.003539156626506168,-0.13829787234042556,6.0
6624 萬年清,2025-12-05,2025-12-17,2025-12-04,2025-12-16,0.14285714285714288,8,4582,4590,-0.07434598483270705,綠能環保,6624 萬年清,66.5,61.8,69.32306442647977,0.03100775193798455,0.0016207455429497752,45417172.5,20665981.8,682965.0,334401.0,3,0,-0.12071860902255649,0.0897077067669172,0.0,-0.15172413793103467,3.0
2491 吉祥全,2025-12-09,2025-12-19,2025-12-08,2025-12-18,0.06666666666666667,8,4584,4592,0.21301339630569327,光電業,2491 吉祥全,20.2,24.6,2.622955213743852,-0.0073710073710074875,-0.02766798418972327,14157594.2,30384936.0,700871.0,1235160.0,3,0,-0.022741646039603824,0.25188032178217834,0.06385086633663373,-0.09881422924901184,6.0
3363 上詮,2025-12-09,2025-12-19,2025-12-08,2025-12-18,0.06666666666666667,8,4584,4592,0.03750146710750313,通信網路業,3363 上詮,396.5,413.0,621.7590753967884,-0.017348203221808967,0.03508771929824572,518527633.0,2941748201.0,1307762.0,7122877.0,2,0,0.0,0.0726302332912987,0.01591065573770467,-0.06227967097532294,9.0
3685 元創精密,2025-12-09,2025-12-19,2025-12-08,2025-12-18,0.06666666666666667,8,4584,4592,0.040650978264925364,電機機械,3685 元創精密,40.2,42.0,57.14402306818305,-0.001242236024844634,0.004784688995215447,10548037.8,42427056.0,262389.0,1010168.0,3,0,-0.0029613805970148954,0.05298218283582101,0.002011380597015,-0.00496277915632759,7.0
4991 環宇-KY,2025-12-09,2025-12-19,2025-12-08,2025-12-18,0.06666666666666667,8,4584,4592,0.13616900820527533,半導體業,4991 環宇-KY,163.5,186.5,291.8688124248404,-0.0030487804878049918,0.04481792717086841,359255934.0,3828008547.5,2197284.0,20525515.0,2,0,0.0,0.17681077981651372,0.045374770642201856,-0.02459016393442648,9.0
7402 邑錡,2025-12-05,2025-12-19,2025-12-04,2025-12-18,0.14285714285714288,10,4582,4592,-0.02675869251908425,光電業,7402 邑錡,131.0,128.0,234.9730893795682,0.003831417624521105,0.0,14127957.0,228884608.0,107847.0,1788161.0,2,0,-0.07677461832061094,0.010969942748091599,0.010969942748091599,-0.08679245283018888,3.0
2408 南亞科,2025-12-10,2025-12-22,2025-12-09,2025-12-19,0.0625,8,4585,4593,0.13439215765625034,半導體業,2408 南亞科,162.0,184.5,9.898400915892351,0.0,0.057306590257879764,4341645846.0,28860755854.5,26800283.0,156426861.0,2,1,-0.0374944444444445,0.11058333333333348,0.0,-0.0374944444444445,5.0
8033 雷虎,2025-12-08,2025-12-22,2025-12-05,2025-12-19,0.125,10,4583,4593,0.058304878789062764,其他,8033 雷虎,136.0,144.5,138.97687432172157,0.0036900369003689537,0.0,320349904.0,1053556869.5,2355514.0,7291051.0,2,0,-0.033547518382352814,0.061995312500000344,0.0,-0.033547518382352814,9.0
8996 高力,2025-12-10,2025-12-22,2025-12-09,2025-12-19,0.0625,8,4585,4593,0.02528995739481399,電機機械,8996 高力,511.0,526.0,1154.4587353066931,0.0,0.02734375,301722505.0,2996580972.0,590455.0,5696922.0,2,0,-0.06502358121330731,0.08167773972602732,0.007349070450097583,-0.07184466019417457,3.0
4931 新盛力,2025-12-09,2025-12-23,2025-12-08,2025-12-22,0.06666666666666667,10,4584,4594,0.1060633254701484,電腦及週邊設備業,4931 新盛力,167.5,186.0,204.05985840023772,-0.00887573964497046,-0.01846965699208447,341594140.0,3269080572.0,2039368.0,17575702.0,2,1,-0.009425970149253615,0.13080589552238742,0.0,-0.06068601583113453,10.0
6163 華電網,2025-12-09,2025-12-23,2025-12-08,2025-12-22,0.06666666666666667,10,4584,4594,0.2074034681391086,資訊服務業,6163 華電網,44.3,53.7,77.52351442467372,0.0,0.03667953667953694,119606943.3,1376490113.1000001,2699931.0,25632963.0,2,0,-0.008371924379232287,0.28381427765237044,0.0,-0.08247422680412375,10.0
7728 光焱科技,2025-12-09,2025-12-24,2025-12-08,2025-12-23,0.06666666666666667,11,4584,4595,0.05823669343510396,其他電子業,7728 光焱科技,456.5,485.0,474.93738489871083,-0.005446623093681935,0.0801781737193763,50765539.0,187428735.0,111206.0,386451.0,3,0,-0.08805659912376795,0.04769487951807205,0.04769487951807205,-0.1295715778474399,5.0
7751 竑騰,2025-12-09,2025-12-24,2025-12-08,2025-12-23,0.06666666666666667,11,4584,4595,0.10238055524430956,半導體業,7751 竑騰,637.0,705.0,665.0,-0.025993883792048922,0.0,248439555.0,774317010.0,390015.0,1098322.0,3,0,-0.02714992150706419,0.10622468602825763,0.043460164835164905,-0.06766917293233077,6.0
8111 立碁,2025-12-15,2025-12-26,2025-12-12,2025-12-24,0.0625,8,4588,4596,0.14085211084801763,光電業,8111 立碁,68.1,78.0,91.74713387912817,-0.015895953757225634,0.007751937984496138,73434136.8,1088086896.0,1078328.0,13949832.0,2,0,0.0,0.13602400881057264,0.028879625550660704,-0.02067183462532296,9.0
5475 德宏,2025-12-16,2025-12-29,2025-12-15,2025-12-26,0.0625,8,4589,4597,0.21642807832578104,電子零組件業,5475 德宏,80.0,97.7,44.97595349710581,0.0062893081761006275,0.05280172413793105,106311440.0,1002982435.7,1328893.0,10265941.0,2,0,-0.012969062500000073,0.27439437499999975,0.0,-0.014760147601476148,8.0
4542 科嶠,2025-12-18,2025-12-31,2025-12-17,2025-12-30,0.058823529411764705,8,4591,4599,0.06015398457611343,電子零組件業,4542 科嶠,80.8,86.0,137.40636364295696,-0.0024691358024692134,-0.03370786516853941,20258903.2,86267460.0,250729.0,1003110.0,3,0,-0.0017120358910891476,0.16899891707920767,0.0,-0.06984126984126982,8.0
2349 錸德,2025-12-19,2026-01-02,2025-12-18,2025-12-31,0.05882352941176471,8,4592,4600,0.1269197507071167,光電業,2349 錸德,13.7,15.5,3.891427558187379,-0.021428571428571574,0.013071895424836555,99711901.69999999,249910127.0,7278241.0,16123234.0,2,0,0.0,0.11625784671532857,0.02141240875912409,-0.029411764705882693,9.0
6443 元晶,2025-12-19,2026-01-02,2025-12-18,2025-12-31,0.05882352941176471,8,4592,4600,0.26344806690016753,光電業,6443 元晶,22.35,28.35,15.180025499204312,0.03472222222222232,0.016129032258064502,503175473.40000004,1626356576.25,22513444.0,57367075.0,2,0,0.0,0.3013949664429527,0.01070536912751674,-0.048109965635738994,9.0
6465 威潤,2025-12-19,2026-01-02,2025-12-18,2025-12-31,0.05882352941176471,8,4592,4600,0.010999219733970111,通信網路業,6465 威潤,36.65,37.2,44.24384540267104,0.00136612021857907,-0.02617801047120416,8910677.85,48252231.6,243129.0,1297103.0,2,0,0.0,0.07725068212824016,0.04997851296043665,-0.032911392405063356,9.0
7717 萊德光電-KY,2025-12-19,2026-01-02,2025-12-18,2025-12-31,0.05882352941176471,8,4592,4600,0.17893326516598318,通信網路業,7717 萊德光電-KY,305.0,361.0,313.0,0.016666666666666607,0.001386962552011095,165119680.0,85838580.0,541376.0,237780.0,2,2,0.0,0.3272381147540979,0.025742049180327742,-0.10987654320987661,9.0
8358 金居,2025-12-19,2026-01-02,2025-12-18,2025-12-31,0.05882352941176471,8,4592,4600,0.1505412943954081,電子零組件業,8358 金居,245.0,283.0,399.30374135300866,0.008230452674897082,0.02166064981949467,247412025.0,15975703750.0,1009845.0,56451250.0,2,0,-0.0004750000000000032,0.1831112244897959,0.0,-0.0004750000000000032,8.0
3163 波若威,2025-12-18,2026-01-05,2025-12-17,2026-01-02,0.058823529411764705,10,4591,4601,0.2226894899701084,通信網路業,3163 波若威,345.0,423.5,494.60313058467335,-0.014285714285714235,0.01194743130227005,750808320.0,5632876095.0,2176256.0,13300770.0,2,0,-0.013512282608695636,0.21246728260869552,0.0,-0.05376344086021512,10.0
3229 晟鈦,2025-12-22,2026-01-05,2025-12-19,2026-01-02,0.0588235294117647,8,4593,4601,0.04237963437500025,電子零組件業,3229 晟鈦,25.8,27.0,11.428215142389307,0.0,-0.04593639575971742,8391192.0,21998304.0,325240.0,814752.0,2,0,0.0,0.09637819767441869,0.04601453488372087,-0.07950530035335679,9.0
3491 昇達科,2025-12-22,2026-01-05,2025-12-19,2026-01-02,0.0588235294117647,8,4593,4601,0.15074746958102225,通信網路業,3491 昇達科,631.0,729.0,2284.2770253436706,0.011217948717948678,0.0399429386590584,384939026.0,2569373622.0,610046.0,3524518.0,2,0,0.0,0.21336949286846285,0.005861133122028628,-0.02442528735632199,9.0
5521 工信,2025-12-22,2026-01-05,2025-12-19,2026-01-02,0.0588235294117647,8,4593,4601,0.1144633853146857,建材營造,5521 工信,21.45,24.0,34.01018669782553,0.02877697841726623,-0.014373716632443578,194832709.5,399878544.0,9083110.0,16661606.0,2,0,0.0,0.17892692307692326,0.0647620629370631,-0.13241106719367568,9.0
8110 華東,2025-12-18,2026-01-05,2025-12-17,2026-01-02,0.058823529411764705,10,4591,4601,0.33463047257658096,半導體業,8110 華東,50.6,67.8,79.5162882478908,-0.013645224171539794,0.08828250401284099,249457898.8,5829375725.4,4929998.0,85978993.0,2,0,0.0,0.3531119071146245,0.019278458498023676,-0.034111310592459754,11.0
4768 晶呈科技,2025-12-24,2026-01-07,2025-12-23,2026-01-06,0.06666666666666667,8,4595,4603,0.16104180134202473,化學工業,4768 晶呈科技,326.0,380.0,451.9393742035446,0.023547880690737877,-0.02688860435339313,506211496.0,773622240.0,1552796.0,2035848.0,2,0,0.0,0.3168588573619633,0.07310966257668716,-0.02741514360313313,9.0
4971 IET-KY,2025-12-24,2026-01-07,2025-12-23,2026-01-06,0.06666666666666667,8,4595,4603,0.01952761545454562,半導體業,4971 IET-KY,297.0,304.0,383.2162869828892,0.008488964346349714,0.018425460636515956,396089001.0,2254472512.0,1333633.0,7416028.0,2,0,-0.007205808080808174,0.046640656565656524,0.0,-0.048231511254019255,6.0
6788 華景電,2025-12-26,2026-01-08,2025-12-24,2026-01-07,0.0625,8,4596,4604,0.02986387073108232,半導體業,6788 華景電,353.5,365.5,420.37915947229806,0.01726618705035965,-0.008141112618724633,478961392.0,1711206306.5,1354912.0,4681823.0,2,0,-0.03299137199434199,0.12817673267326768,0.12817673267326768,-0.1428571428571429,7.0
4931 新盛力,2025-12-29,2026-01-09,2025-12-26,2026-01-08,0.0625,8,4597,4605,-0.05178133824682207,電腦及週邊設備業,4931 新盛力,177.0,168.5,217.58189720989202,0.0,0.008982035928143617,154445952.0,2425392201.5,872576.0,14394019.0,2,0,-0.056945338983050764,0.022113135593220257,0.022113135593220257,-0.07734806629834234,4.0
3081 聯亞,2025-12-26,2026-01-12,2025-12-24,2026-01-09,0.0625,10,4596,4606,0.03878653992574255,通信網路業,3081 聯亞,606.0,632.0,1104.604672147131,0.0033112582781458233,0.03267973856209161,288619014.0,4417399392.0,476269.0,6989556.0,2,0,-0.010371287128712936,0.11003353960396023,0.001174381188118634,-0.04843750000000013,9.0
4991 環宇-KY,2025-12-31,2026-01-13,2025-12-30,2026-01-12,0.0625,8,4599,4607,0.06882254747431493,半導體業,4991 環宇-KY,219.0,235.0,390.0118341466435,-0.017937219730941756,0.008583690987124415,201903984.0,3400077290.0,921936.0,14468414.0,2,0,-0.04383339041095902,0.06342157534246562,0.04288339041095868,-0.0831509846827132,4.0
3354 律勝,2026-01-05,2026-01-15,2026-01-02,2026-01-14,0.11111111111111112,8,4601,4609,0.024010995203947116,電子零組件業,3354 律勝,28.5,29.3,50.26922165819993,-0.008695652173913104,0.0,27203392.5,169774835.9,954505.0,5794363.0,2,0,-0.06711000000000023,0.1292878947368421,0.0,-0.06711000000000023,4.0
7717 萊德光電-KY,2026-01-05,2026-01-15,2026-01-02,2026-01-14,0.11111111111111112,8,4601,4609,0.21048824802070043,通信網路業,7717 萊德光電-KY,392.5,477.0,386.0,0.007702182284980763,0.09403669724770647,71957025.0,1131617151.0,183330.0,2372363.0,2,0,-0.04758636942675165,0.22107576433121,0.0,-0.04758636942675165,4.0
1528 恩德,2026-01-06,2026-01-16,2026-01-05,2026-01-15,0.06666666666666667,8,4602,4610,0.2524385219703873,電機機械,1528 恩德,21.95,27.6,48.032504807024054,0.006880733944954143,0.06976744186046524,85368861.89999999,344187566.40000004,3889242.0,12470564.0,2,0,-0.04373462414578588,0.29095825740318926,0.0,-0.04373462414578588,5.0
3092 鴻碩,2026-01-06,2026-01-16,2026-01-05,2026-01-15,0.06666666666666667,8,4602,4610,0.034361329495191884,電子零組件業,3092 鴻碩,26.0,27.0,61.68258415085308,0.007751937984496138,-0.023508137432187937,21752874.0,76839084.0,836649.0,2845892.0,3,0,-0.008163653846153807,0.13599860576923084,0.0,-0.09813874788494115,8.0
3444 利機,2026-01-06,2026-01-16,2026-01-05,2026-01-15,0.06666666666666667,8,4602,4610,0.1109268058306967,電子通路業,3444 利機,71.1,79.3,214.54867198272228,-0.0028050490883591017,-0.006265664160400974,17718120.0,80266825.6,249200.0,1012192.0,2,0,-0.004692405063291161,0.12182974683544345,0.0,-0.045112781954887216,8.0
3701 大眾控,2026-01-06,2026-01-16,2026-01-05,2026-01-15,0.06666666666666667,8,4602,4610,0.21293386487399135,電腦及週邊設備業,3701 大眾控,49.6,60.4,4.4426239705934565,-0.008000000000000007,0.04137931034482767,87023646.4,1074077737.6,1754509.0,17782744.0,2,0,-0.00551292842741935,0.16879939516129006,0.0,-0.06082289803220031,8.0
6205 詮欣,2026-01-06,2026-01-16,2026-01-05,2026-01-15,0.06666666666666667,8,4602,4610,0.02654302768494876,電子零組件業,6205 詮欣,58.8,60.6,150.4056056546614,-0.00843170320404718,-0.025723472668810254,43331425.199999996,204318838.8,736929.0,3371598.0,2,0,-0.017473724489796116,0.13041517857142826,0.13041517857142826,-0.13082706766917285,8.0
5498 凱崴,2026-01-05,2026-01-19,2026-01-02,2026-01-16,0.11111111111111112,10,4601,4611,0.30435335200892855,電子零組件業,5498 凱崴,54.6,71.5,59.801942343252854,0.030188679245283012,0.021428571428571574,269245594.8,1938587651.0,4931238.0,27113114.0,2,1,-0.08102280219780211,0.3180549450549448,0.0,-0.08102280219780211,5.0
6265 方土昶,2026-01-07,2026-01-19,2026-01-06,2026-01-16,0.06666666666666667,8,4603,4611,0.5201369667968754,電子通路業,6265 方土昶,34.4,52.5,54.536509548846496,0.010279001468428861,0.09603340292275564,189029857.6,190525650.0,5495054.0,3629060.0,3,0,0.0,0.528343459302326,0.016958575581395463,-0.07506702412868627,9.0
8068 全達,2026-01-07,2026-01-19,2026-01-06,2026-01-16,0.06666666666666667,8,4603,4611,0.06598317068785553,電子通路業,8068 全達,26.35,28.2,25.6,0.0,0.0,13258845.700000001,102960709.8,503182.0,3651089.0,2,0,-0.028924478178368074,0.06970037950664132,0.0,-0.028924478178368074,6.0
2413 環科,2026-01-06,2026-01-20,2026-01-05,2026-01-19,0.06666666666666667,10,4602,4612,0.13834474357142823,電子零組件業,2413 環科,44.1,50.4,54.22568334148952,-0.007874015748031482,-0.021359223300970953,70698959.10000001,434326586.4,1603151.0,8617591.0,2,0,-0.040138690476190564,0.16724574829931949,0.0,-0.05533980582524278,7.0
3264 欣銓,2026-01-08,2026-01-20,2026-01-07,2026-01-19,0.0625,8,4604,4612,0.11277645343261722,半導體業,3264 欣銓,128.0,143.0,368.8623754128364,0.007874015748031482,-0.0744336569579288,791410304.0,6136146731.0,6182893.0,42910117.0,2,0,-0.055136523437499974,0.28845019531250005,0.0,-0.055136523437499974,7.0
3308 聯德,2026-01-09,2026-01-21,2026-01-08,2026-01-20,0.05,8,4605,4613,0.17059341183265175,電子零組件業,3308 聯德,21.4,25.15,18.08278763726475,-0.002331002331002363,-0.03454894433781197,3098056.5999999996,22108384.15,144769.0,879061.0,2,0,-0.016822371495326838,0.22838820093457968,0.0,-0.06844106463878341,8.0
3481 群創,2026-01-09,2026-01-21,2026-01-08,2026-01-20,0.05,8,4605,4613,0.24269301173214264,光電業,3481 群創,21.0,26.2,33.55313542243997,0.012048192771084265,-0.034990791896869156,3606364356.0,19924111474.0,171731636.0,760462270.0,2,0,-0.048071428571428654,0.37077714285714247,0.0,-0.05729166666666663,8.0
5351 鈺創,2026-01-09,2026-01-21,2026-01-08,2026-01-20,0.05,8,4605,4613,0.12618097917439486,半導體業,5351 鈺創,62.0,70.1,41.68386884221175,0.003236245954692629,0.01594202898550723,476423500.0,2321999339.8999996,7684250.0,33124099.0,2,0,-0.03110560483870972,0.136556653225806,0.0,-0.11347517730496437,4.0
8299 群聯,2026-01-09,2026-01-21,2026-01-08,2026-01-20,0.05,8,4605,4613,0.23006378541039174,半導體業,8299 群聯,1660.0,2050.0,5384.021873311034,-0.02352941176470591,0.02244389027431426,7244060720.0,31383558650.0,4363892.0,15309053.0,3,0,-0.018538704819277108,0.20725760542168659,0.0,-0.049875311720698035,8.0
2408 南亞科,2026-01-13,2026-01-23,2026-01-12,2026-01-22,0.045454545454545456,8,4607,4615,0.11801715886479558,半導體業,2408 南亞科,245.0,275.0,14.59379622214898,0.025104602510460206,0.031894934333958735,2704908045.0,46034939225.0,11040441.0,167399779.0,3,1,-0.06167040816326541,0.12191581632653037,0.0,-0.08727272727272728,6.0
3260 威剛,2026-01-09,2026-01-23,2026-01-08,2026-01-22,0.05,10,4605,4615,0.08052246198542412,半導體業,3260 威剛,283.0,307.0,514.8369942547582,-0.010489510489510523,0.03541315345699836,1440005314.0,9852935978.0,5088358.0,32094254.0,2,0,-0.09053820671378088,0.1284390017667847,0.0,-0.1502347417840374,5.0
6770 力積電,2026-01-13,2026-01-23,2026-01-12,2026-01-22,0.045454545454545456,8,4607,4615,0.26557150902941196,半導體業,6770 力積電,51.0,64.8,53.385667862237895,0.024096385542168752,0.01886792452830166,3772002993.0,21730553251.2,73960843.0,335348044.0,3,0,-0.008314411764705931,0.33661970588235324,0.0,-0.14222873900293242,7.0
8358 金居,2026-01-13,2026-01-23,2026-01-12,2026-01-22,0.045454545454545456,8,4607,4615,0.15883051959873518,電子零組件業,8358 金居,257.0,299.0,412.3422308665763,0.00390625,0.015280135823429575,484844892.0,11619898563.0,1886556.0,38862537.0,2,0,-0.01603180933852133,0.1453700875486379,0.0,-0.06791171477079794,8.0
8438 昶昕,2026-01-08,2026-01-23,2026-01-07,2026-01-22,0.0625,11,4604,4615,0.3177337012159527,綠能環保,8438 昶昕,51.4,68.0,60.65632066968793,0.03733602421796167,0.0793650793650793,61720194.8,107767760.0,1200782.0,1584820.0,3,0,-0.012142607003891026,0.3476086089494157,0.009248005836576034,-0.04146730462519954,11.0
2337 旺宏,2026-01-14,2026-01-26,2026-01-13,2026-01-23,0.04,8,4608,4616,0.20356241117187546,半導體業,2337 旺宏,60.0,72.5,62.65506763921738,-0.014778325123152691,0.046176046176046315,1671620760.0,15054678142.5,27860346.0,207650733.0,2,0,0.0,0.2793920000000003,0.0011908750000000357,-0.09765625,9.0
3163 波若威,2026-01-14,2026-01-26,2026-01-13,2026-01-23,0.04,8,4608,4616,0.10287458127173954,通信網路業,3163 波若威,345.0,382.0,528.0124463069861,0.011730205278592365,0.0,263469255.0,4592664142.0,763679.0,12022681.0,2,0,0.0,0.11830913043478297,0.053122717391304475,-0.042465753424657526,9.0
6116 彩晶,2026-01-14,2026-01-26,2026-01-13,2026-01-23,0.04,8,4608,4616,-0.08562458472625001,光電業,6116 彩晶,10.0,9.18,7.095725557477169,0.0010010010010010895,0.01661129568106312,312121180.0,301990329.0,31212118.0,32896550.0,2,0,-0.097428925,0.07948700000000009,0.07948700000000009,-0.16388888888888897,2.0
2344 華邦電,2026-01-13,2026-01-27,2026-01-12,2026-01-26,0.045454545454545456,10,4607,4617,0.08183600331040686,半導體業,2344 華邦電,104.5,113.5,131.00363362202793,0.024509803921568762,0.004424778761061843,4491282405.5,31862461041.5,42978779.0,280726529.0,2,0,-0.05116861244019144,0.11430299043062209,0.0,-0.11587982832618027,6.0
4967 十銓,2026-01-15,2026-01-27,2026-01-14,2026-01-26,0.041666666666666664,8,4609,4617,0.15778168668009007,半導體業,4967 十銓,194.0,225.5,188.05863845897616,-0.0025706940874035134,0.0,302746894.0,7130601571.5,1560551.0,31621293.0,2,1,0.0,0.2777432989690718,0.012405476804123738,-0.08965517241379317,9.0
1789 神隆,2026-01-16,2026-01-28,2026-01-15,2026-01-27,0.05,8,4610,4618,-0.00017542645596591022,生技醫療業,1789 神隆,26.4,26.5,40.04512292448497,0.03326810176125239,-0.036363636363636376,66560577.599999994,168899817.0,2521234.0,6373578.0,2,0,-0.03454971590909106,0.06956747159090915,0.06956747159090915,-0.09734513274336298,5.0
3693 營邦,2026-01-19,2026-01-29,2026-01-16,2026-01-28,0.052631578947368425,8,4611,4619,0.08825278518495794,電腦及週邊設備業,3693 營邦,356.5,389.5,494.0781823312389,-0.002797202797202747,-0.005108556832694733,94209046.5,844335898.5,264261.0,2167743.0,2,0,-0.07196977559607298,0.09765508415147273,0.0023287166900420875,-0.07412587412587424,4.0
8033 雷虎,2026-01-19,2026-01-29,2026-01-16,2026-01-28,0.052631578947368425,8,4611,4619,0.029033493360926865,其他,8033 雷虎,151.0,156.0,153.24446217984507,0.0033222591362125353,0.006451612903225712,320685948.0,3415309404.0,2123748.0,21893009.0,2,0,-0.04019122516556284,0.03262185430463571,0.0,-0.04019122516556284,8.0
3138 耀登,2026-01-20,2026-01-30,2026-01-19,2026-01-29,0.05263157894736842,8,4612,4620,0.0860376252920565,通信網路業,3138 耀登,160.5,175.0,186.17358298811024,-0.030211480362537735,-0.030470914127423865,171987306.0,675240300.0,1071572.0,3858516.0,2,0,0.0,0.15832803738317813,0.04311799065420563,-0.043010752688172116,9.0
8996 高力,2026-01-20,2026-01-30,2026-01-19,2026-01-29,0.05263157894736842,8,4612,4620,0.06862112802767917,電機機械,8996 高力,700.0,751.0,1645.669608956796,-0.012693935119887256,-0.03346203346203347,416883600.0,3404954394.0,595548.0,4533894.0,2,0,-0.004758678571428421,0.10947275000000056,0.03807810714285731,-0.04126547455295737,8.0
2312 金寶,2026-01-22,2026-02-03,2026-01-21,2026-02-02,0.05,8,4614,4622,-0.1579431769387335,其他電子業,2312 金寶,30.4,25.7,51.98250752399032,-0.09925925925925938,0.00982318271119853,2833866324.7999997,1476180629.5,93219287.0,57438935.0,2,0,-0.163226603618421,0.0,0.0,-0.163226603618421,0.0
2485 兆赫,2026-01-22,2026-02-03,2026-01-21,2026-02-02,0.05,8,4614,4622,0.1198625401579958,通信網路業,2485 兆赫,35.8,40.25,89.11519478950216,0.039187227866472885,0.044098573281452724,230019116.99999997,3274191674.25,6425115.0,81346377.0,2,0,-0.03397863128491607,0.1488953561452513,0.0,-0.05975609756097544,8.0
3691 碩禾,2026-01-22,2026-02-03,2026-01-21,2026-02-02,0.05,8,4614,4622,-0.09090523950892848,光電業,3691 碩禾,126.0,115.0,294.8729797305718,0.0370370370370372,0.00877192982456143,64453662.0,212991270.0,511537.0,1852098.0,3,0,-0.0956678571428572,0.047121428571428536,0.047121428571428536,-0.13636363636363635,3.0
4991 環宇-KY,2026-01-22,2026-02-03,2026-01-21,2026-02-02,0.05,8,4614,4622,0.18906644416716545,半導體業,4991 環宇-KY,209.0,249.5,353.31487819849104,0.024509803921568762,0.0777537796976242,188865567.0,4603079392.0,903663.0,18449216.0,2,0,-0.029169497607655526,0.15495352870813428,0.0,-0.029169497607655526,6.0
8038 長園科,2026-01-22,2026-02-03,2026-01-21,2026-02-02,0.05,8,4614,4622,-0.1381680753457445,電子零組件業,8038 長園科,56.4,48.8,54.2,0.025454545454545396,0.016666666666666607,51136357.199999996,52861038.4,906673.0,1083218.0,2,0,-0.1555431515957444,0.0,0.0,-0.1555431515957444,0.0
1721 國慶科技,2026-01-23,2026-02-04,2026-01-22,2026-02-03,0.05882352941176471,8,4615,4623,-0.14178317309073107,化學工業,1721 國慶科技,19.15,16.5,12.293661380535136,0.005249343832020692,-0.0119760479041916,37691738.55,34904859.0,1968237.0,2115446.0,2,0,-0.12835156657963442,0.02823198433420382,0.02823198433420382,-0.152284263959391,2.0
5328 華容,2026-01-23,2026-02-04,2026-01-22,2026-02-03,0.05882352941176471,8,4615,4623,-0.18663724861244002,電子零組件業,5328 華容,31.35,25.6,23.976458259044957,0.0015974440894568342,-0.03396226415094317,185790759.0,249454412.8,5926340.0,9744313.0,3,0,-0.17583026315789474,0.0,0.0,-0.17583026315789474,0.0
1528 恩德,2026-01-26,2026-02-05,2026-01-23,2026-02-04,0.058823529411764705,8,4616,4624,-0.06144538863009341,電機機械,1528 恩德,29.45,27.75,63.42049261705464,0.01727115716753036,0.035447761194029814,60376328.5,380146362.0,2050130.0,13698968.0,2,0,-0.12774898132427848,0.0012219864176570283,0.0012219864176570283,-0.12881355932203398,1.0
5340 建榮,2026-01-26,2026-02-05,2026-01-23,2026-02-04,0.058823529411764705,8,4616,4624,0.20797753373670202,電子零組件業,5340 建榮,94.0,114.0,93.23364485981308,-0.005291005291005235,0.0,345444548.0,3899467242.0,3674942.0,34205853.0,2,0,-0.013234893617021348,0.21218989361702123,0.0,-0.0454545454545453,8.0
1802 台玻,2026-01-27,2026-02-06,2026-01-26,2026-02-05,0.05555555555555556,8,4617,4625,-0.07035179274999981,玻璃陶瓷,1802 台玻,52.5,49.0,102.52843775230744,0.013513513513513598,-0.07196969696969702,935001900.0,3951327121.0,17809560.0,80639329.0,2,0,-0.14421621428571407,0.010948142857142962,0.0,-0.14421621428571407,2.0
4561 健椿,2026-01-27,2026-02-06,2026-01-26,2026-02-05,0.05555555555555556,8,4617,4625,-0.11690266027061824,電機機械,4561 健椿,48.5,43.0,62.39381934561938,0.012526096033402823,0.0,22636696.0,25000845.0,466736.0,581415.0,2,0,-0.18698430412371103,0.0,0.0,-0.18698430412371103,0.0
5475 德宏,2026-01-27,2026-02-06,2026-01-26,2026-02-05,0.05555555555555556,8,4617,4625,0.24624471926540226,電子零組件業,5475 德宏,105.5,132.0,61.48611364161302,0.024271844660194386,0.0,72203567.0,1030365600.0,684394.0,7805800.0,2,0,0.0,0.29322428909952536,0.02321042654028438,-0.022222222222222254,9.0
7780 大研生醫*,2026-01-28,2026-02-09,2026-01-27,2026-02-06,0.05,8,4618,4626,0.030267165341125946,食品工業,7780 大研生醫*,26.2,27.1,276.52777777777777,0.005758157389635032,0.0,228716777.6,318315759.90000004,8729648.0,11745969.0,2,0,-0.032902337786259395,0.049119751908397014,0.049119751908397014,-0.07818181818181813,6.0
8021 尖點,2026-01-28,2026-02-09,2026-01-27,2026-02-06,0.05,8,4618,4626,-0.0993149967752659,其他電子業,8021 尖點,235.0,212.5,611.7132231774696,0.017316017316017396,0.057213930348258835,462697375.0,2201434337.5,1968925.0,10359691.0,2,0,-0.19187340425531918,0.0,0.0,-0.19187340425531918,0.0
8933 愛地雅,2026-01-28,2026-02-09,2026-01-27,2026-02-06,0.05,8,4618,4626,-0.04363168206922308,運動休閒,8933 愛地雅,7.53,7.23,7.932736216823038,-0.0013262599469495706,0.0013850415512466352,5159819.55,4040210.7600000002,685235.0,558812.0,2,0,-0.06020756972111552,0.006161952191235054,0.0,-0.06068601583113453,2.0
8046 南電,2026-01-26,2026-02-10,2026-01-23,2026-02-09,0.058823529411764705,11,4616,4627,0.11057095804979955,電子零組件業,8046 南電,374.0,417.0,749.874183682477,-0.020942408376963373,0.0012004801920768582,1939697518.0,14948219850.0,5186357.0,35847050.0,3,0,-0.016510160427807397,0.11310738636363626,0.05832058823529418,-0.07560975609756104,9.0
2489 瑞軒,2026-01-30,2026-02-11,2026-01-29,2026-02-10,0.058823529411764705,8,4620,4628,0.2260921508883933,光電業,2489 瑞軒,21.0,25.85,85.57857637487712,-0.007092198581560294,0.025793650793650924,211742685.0,2495475375.25,10082985.0,96536765.0,2,0,-0.0337925,0.28986321428571493,0.0,-0.0337925,7.0
1471 首利,2026-02-02,2026-02-23,2026-01-30,2026-02-11,0.047619047619047616,8,4621,4629,-0.10600282177510256,電子零組件業,1471 首利,12.2,10.95,9.765968892672241,-0.02400000000000002,0.013888888888888618,10957405.6,20103652.5,898148.0,1835950.0,2,0,-0.11517459016393439,0.10193534836065599,0.10193534836065599,-0.1970260223048329,4.0
7717 萊德光電-KY,2026-02-02,2026-02-23,2026-01-30,2026-02-11,0.047619047619047616,8,4621,4629,0.15212312405039619,通信網路業,7717 萊德光電-KY,568.0,657.0,589.0,0.005309734513274433,0.04120443740095081,98778040.0,600204978.0,173905.0,913554.0,2,0,0.0,0.21773116197183096,0.036479269366197276,-0.11719939117199396,9.0
7777 能率亞洲,2026-02-02,2026-02-23,2026-01-30,2026-02-11,0.047619047619047616,8,4621,4629,-0.10264447121007192,其他,7777 能率亞洲,38.35,34.55,35.35,-0.02292993630573248,-0.0057553956834532904,93400964.8,116553941.3,2435488.0,3373486.0,2,0,-0.09430264015645395,0.0,0.0,-0.09430264015645395,0.0
2486 一詮,2026-02-03,2026-02-24,2026-02-02,2026-02-23,0.05263157894736842,8,4622,4630,0.19526198074999956,光電業,2486 一詮,130.0,156.0,233.12465642502326,0.040000000000000036,-0.009523809523809601,517765820.0,4169470968.0,3982814.0,26727378.0,2,0,-0.008163653846153807,0.2109629807692306,0.0,-0.09206349206349207,7.0
8358 金居,2026-02-03,2026-02-24,2026-02-02,2026-02-23,0.05263157894736842,8,4622,4630,0.12753046850750005,電子零組件業,8358 金居,250.0,283.0,403.37826932599853,0.028806584362139898,0.034734917733089565,572178250.0,14999705236.0,2288713.0,53002492.0,2,0,-0.048452200000000056,0.20142905000000022,0.03950599999999982,-0.08461538461538454,5.0
6446 藥華藥,2026-02-05,2026-02-26,2026-02-04,2026-02-25,0.05555555555555555,8,4624,4632,-0.002627325965683047,生技醫療業,6446 藥華藥,754.0,755.0,815.809936605027,-0.010498687664041939,0.010709504685408211,1393016508.0,4256136585.0,1847502.0,5637267.0,2,0,-0.060128348806366194,0.0,0.0,-0.060128348806366194,0.0
6739 竹陞科技,2026-02-05,2026-02-26,2026-02-04,2026-02-25,0.05555555555555555,8,4624,4632,0.17485954187643782,其他電子業,6739 竹陞科技,869.0,1025.0,895.3382899628252,-0.01807909604519775,0.026026026026026106,94051001.0,1182403100.0,108229.0,1153564.0,2,0,-0.029230034522439774,0.2594705120828533,0.011027013808975639,-0.03981797497155859,5.0
6949 沛爾生醫*-創,2026-02-02,2026-02-26,2026-01-30,2026-02-25,0.047619047619047616,11,4621,4632,0.21118525543686228,生技醫療業,6949 沛爾生醫*-創,588.0,715.0,601.0,-0.020000000000000018,0.03623188405797095,235645704.0,460866120.0,400758.0,644568.0,3,0,0.0,0.1814113520408165,0.021623341836734866,-0.040697674418604834,12.0
8096 擎亞,2026-02-05,2026-02-26,2026-02-04,2026-02-25,0.05555555555555555,8,4624,4632,0.0454186420553937,電子通路業,8096 擎亞,68.6,72.0,158.7802412623199,-0.021398002853067144,-0.03355704697986572,373549706.59999996,930310056.0,5445331.0,12920973.0,2,0,-0.11120954810495609,0.09714624635568536,0.0,-0.11120954810495609,4.0
3081 聯亞,2026-02-03,2026-03-02,2026-02-02,2026-02-26,0.05263157894736842,11,4622,4633,0.20522249725624997,通信網路業,3081 聯亞,1000.0,1210.0,1992.6558747958952,0.0010010010010008674,-0.03199999999999992,903822000.0,2214338720.0,903822.0,1830032.0,3,0,-0.0004749999999998922,0.37434687499999986,0.13446087500000026,-0.11894273127753319,11.0
3555 博士旺,2026-02-06,2026-03-02,2026-02-05,2026-02-26,0.05263157894736842,8,4625,4633,0.17234397816924818,半導體業,3555 博士旺,113.0,133.0,6.270012355505664,-0.038297872340425476,-0.06007067137809197,28809689.0,107592212.0,254953.0,808964.0,2,0,-0.057969800884955736,0.2516175884955758,0.0,-0.09893992932862195,6.0
6442 光聖,2026-02-06,2026-03-02,2026-02-05,2026-02-26,0.05263157894736842,8,4625,4633,0.21806316311370466,通信網路業,6442 光聖,1660.0,2030.0,2574.758286018734,-0.054131054131054124,-0.053613053613053685,1925365940.0,8034271070.0,1159859.0,3957769.0,2,0,0.0,0.418000828313253,0.02059932228915673,-0.017632241813602123,9.0
3491 昇達科,2026-02-09,2026-03-03,2026-02-06,2026-03-02,0.052631578947368425,8,4626,4634,0.34803982791353394,通信網路業,3491 昇達科,1330.0,1800.0,4658.4862170394545,0.05976095617529875,0.04347826086956541,826047040.0,7236606600.0,621088.0,4020337.0,2,1,-0.026778289473684214,0.2963764097744359,0.0,-0.026778289473684214,7.0
7728 光焱科技,2026-02-10,2026-03-04,2026-02-09,2026-03-03,0.05263157894736842,8,4627,4635,0.04671929042106027,其他電子業,7728 光焱科技,806.0,847.0,808.3167587476979,0.0,-0.05363128491620106,51703288.0,334697132.0,64148.0,395156.0,2,0,-0.03519795285359806,0.1098943858560788,0.0,-0.09944134078212286,6.0
2230 泰茂,2026-02-26,2026-03-05,2026-02-25,2026-03-04,0.058823529411764705,4,4632,4636,-0.30276384456250005,居家生活,2230 泰茂,43.5,30.45,64.02957161174804,0.011627906976744207,-0.006525285481239762,191271718.5,28045698.45,4397051.0,921041.0,3,3,-0.3014813793103449,0.0,0.0,-0.3014813793103449,0.0
3163 波若威,2026-03-04,2026-03-05,2026-03-03,2026-03-04,0.043478260869565216,1,4635,4636,0.007909408370535775,通信網路業,3163 波若威,756.0,765.0,1047.309418947282,-0.05381727158948679,0.061026352288488184,1183637448.0,1371080430.0,1565658.0,1792262.0,3,2,-0.0507156746031745,0.0,0.0,-0.0507156746031745,0.0
3167 大量,2026-02-26,2026-03-05,2026-02-25,2026-03-04,0.058823529411764705,4,4632,4636,-0.05797148974788158,電機機械,3167 大量,295.0,279.0,611.5887930677419,0.0,0.048872180451127845,442225355.0,355358115.0,1499069.0,1273685.0,2,2,-0.0987333898305085,0.04696008474576274,0.04696008474576274,-0.13915857605177995,2.0
3230 錦明,2026-02-25,2026-03-05,2026-02-24,2026-03-04,0.05555555555555555,5,4631,4636,0.044758332807151247,光電業,3230 錦明,40.9,42.9,26.0594730564003,0.006150061500615145,0.05018359853121179,30633282.0,31282680.0,748980.0,729200.0,2,2,-0.009028392420537878,0.1107191014669926,0.0,-0.10121012101210136,4.0
3234 光環,2026-03-03,2026-03-05,2026-03-02,2026-03-04,0.047619047619047616,2,4634,4636,-0.13770385674464292,通信網路業,3234 光環,105.0,90.9,98.92463660087118,0.0,0.054524361948955935,405244035.0,333052964.1,3859467.0,3663949.0,3,2,-0.20038,0.0,0.0,-0.20038,0.0
3363 上詮,2026-03-04,2026-03-05,2026-03-03,2026-03-04,0.043478260869565216,1,4635,4636,-0.018765646657024848,通信網路業,3363 上詮,605.0,596.0,862.4400078084484,-0.025764895330112725,0.06618962432915931,1518176715.0,1415619796.0,2509383.0,2375201.0,3,2,-0.07647194214876041,0.012741859504132202,0.0,-0.07647194214876041,1.0
3508 位速,2026-02-23,2026-03-05,2026-02-11,2026-03-04,0.058823529411764705,7,4629,4636,0.015259258212809712,其他電子業,3508 位速,36.3,37.0,61.827710849978324,0.037142857142857144,0.05714285714285716,87622682.39999999,74662670.0,2413848.0,2017910.0,2,2,-0.03627066115702493,0.10140495867768595,0.10140495867768595,-0.1250000000000001,6.0
3529 力旺,2026-03-03,2026-03-05,2026-03-02,2026-03-04,0.047619047619047616,2,4634,4636,-0.08011700501102936,半導體業,3529 力旺,2550.0,2355.0,3053.762210120651,0.0019646365422396617,0.04434589800443467,2222128650.0,1035655995.0,871423.0,439769.0,3,2,-0.11610632352941175,0.0,0.0,-0.11610632352941175,0.0
4971 IET-KY,2026-02-09,2026-03-05,2026-02-06,2026-03-04,0.052631578947368425,10,4626,4636,0.21711413430963034,半導體業,4971 IET-KY,392.0,479.0,516.3677087311812,0.06666666666666665,0.06444444444444453,325779832.0,3418071671.0,831071.0,7135849.0,2,0,0.0,0.369247257653061,0.01354894770408177,-0.20763500931098677,11.0
4991 環宇-KY,2026-02-23,2026-03-05,2026-02-11,2026-03-04,0.058823529411764705,7,4629,4636,0.2905048758097628,半導體業,4991 環宇-KY,274.0,355.0,476.2070097457923,0.018587360594795488,0.0644677661169415,433564448.0,673645515.0,1582352.0,1897593.0,2,2,0.0,0.3570193430656934,0.017764507299270038,-0.10483870967741915,8.0
5340 建榮,2026-02-25,2026-03-05,2026-02-24,2026-03-04,0.05555555555555555,5,4631,4636,-0.04881554084459483,電子零組件業,5340 建榮,111.0,106.0,108.50467289719627,0.013698630136986356,0.05472636815920384,251844459.0,138784528.0,2268869.0,1309288.0,2,2,-0.09502466216216221,0.031041554054053844,0.031041554054053844,-0.12227074235807844,1.0
5386 青雲,2026-03-02,2026-03-05,2026-02-26,2026-03-04,0.0625,3,4633,4636,0.12711107833881585,電腦及週邊設備業,5386 青雲,209.0,236.5,61.99353891765869,-0.02336448598130836,0.10000000000000009,166098152.0,51617071.0,794728.0,218254.0,3,2,-0.04351674641148329,0.13104144736842116,0.0,-0.04351674641148329,2.0
5475 德宏,2026-03-03,2026-03-05,2026-03-02,2026-03-04,0.047619047619047616,2,4634,4636,-0.12671750631250012,電子零組件業,5475 德宏,215.0,188.5,109.30864647397868,0.014150943396226356,0.08959537572254339,316300260.0,254963026.5,1471164.0,1352589.0,3,2,-0.19573104651162798,0.0,0.0,-0.19573104651162798,0.0
6426 統新,2026-02-09,2026-03-05,2026-02-06,2026-03-04,0.052631578947368425,10,4626,4636,0.22171960271972657,通信網路業,6426 統新,128.0,157.0,170.6462241136928,0.06224066390041494,0.07167235494880542,214354176.0,164065157.0,1674642.0,1045001.0,2,2,0.0,0.4953831054687501,0.0034293945312500185,-0.2610966057441254,11.0
6584 南俊國際,2026-02-24,2026-03-05,2026-02-23,2026-03-04,0.0625,6,4630,4636,-0.10698817530172422,電子零組件業,6584 南俊國際,435.0,390.0,446.4716041916236,0.0,0.06122448979591821,410031435.0,172521570.0,942601.0,442363.0,3,2,-0.1555737068965516,0.0,0.0,-0.1555737068965516,0.0
6588 東典光電,2026-02-06,2026-03-05,2026-02-05,2026-03-04,0.05263157894736842,11,4625,4636,0.28364402862235893,通信網路業,6588 東典光電,71.0,91.5,74.83256175271474,0.0,-0.018240343347639465,41068246.0,144736896.0,578426.0,1581824.0,2,2,-0.014552816901408416,0.6189489436619715,0.0,-0.26086956521739124,11.0
6683 雍智科技,2026-02-06,2026-03-05,2026-02-05,2026-03-04,0.05263157894736842,11,4625,4636,0.2084450173023893,半導體業,6683 雍智科技,680.0,825.0,841.3259494641485,-0.02857142857142858,0.09999999999999987,1079683600.0,308356125.0,1587770.0,373765.0,3,1,0.0,0.344949080882353,0.040681911764705925,-0.1803278688524591,12.0
6716 應廣,2026-03-03,2026-03-05,2026-03-02,2026-03-04,0.047619047619047616,2,4634,4636,-0.13140519566350717,半導體業,6716 應廣,105.5,92.0,168.47898888473804,0.07433808553971488,0.023359288097886566,95440258.5,38628868.0,904647.0,419879.0,3,2,-0.21174900473933644,0.0,0.0,-0.21174900473933644,0.0
6907 雅特力-KY,2026-03-03,2026-03-05,2026-03-02,2026-03-04,0.047619047619047616,2,4634,4636,-0.03763125543478263,半導體業,6907 雅特力-KY,103.5,100.0,103.5,0.09989373007438895,0.07296137339055786,34014240.0,127505300.0,328640.0,1275053.0,3,3,-0.09994463768115935,0.0,0.0,-0.09994463768115935,0.0
7610 聯友金屬-創,2026-02-26,2026-03-05,2026-02-25,2026-03-04,0.058823529411764705,4,4632,4636,-0.04877067365312504,綠能環保,7610 聯友金屬-創,300.0,286.5,327.0,-0.00990099009900991,0.061111111111111116,224479200.0,127886437.5,748264.0,446375.0,3,2,-0.10042749999999989,0.0894822500000001,0.0894822500000001,-0.17431192660550454,2.0
7744 崴寶,2026-03-03,2026-03-05,2026-03-02,2026-03-04,0.047619047619047616,2,4634,4636,-0.14471588284539472,電子零組件業,7744 崴寶,513.0,440.5,476.5,-0.03024574669187141,0.02680652680652673,176400180.0,43981722.5,343860.0,99845.0,3,2,-0.1641399122807018,0.0,0.0,-0.1641399122807018,0.0
8046 南電,2026-03-04,2026-03-05,2026-03-03,2026-03-04,0.043478260869565216,1,4635,4636,0.04307554829399152,電子零組件業,8046 南電,466.0,488.0,912.0091423165261,-0.06800000000000006,0.08444444444444432,2116691296.0,2062380720.0,4542256.0,4226190.0,2,2,-0.03479345493562225,0.0,0.0,-0.03479345493562225,0.0
8996 高力,2026-03-02,2026-03-05,2026-02-26,2026-03-04,0.0625,3,4633,4636,-0.062128936444217464,電機機械,8996 高力,856.0,806.0,1989.7435849697713,-0.026166097838452806,0.07610146862483314,342775784.0,449565844.0,400439.0,557774.0,2,3,-0.12541562500000014,0.02638139602803724,0.02638139602803724,-0.1478953356086462,1.0
6830 汎銓,2026-03-23,2026-03-24,2026-03-20,2026-03-23,0.04761904761904762,1,4648,4649,0.10065981484589037,其他電子業,6830 汎銓,438.0,484.0,489.3962105420587,-0.026666666666666727,0.06140350877192979,229731876.0,3447942432.0,524502.0,7123848.0,3,1,-0.06323056506849312,0.04060136986301366,0.04060136986301366,-0.09978070175438591,1.0
3081 聯亞,2026-03-23,2026-03-26,2026-03-20,2026-03-25,0.04761904761904762,3,4648,4651,-0.020277064959016378,通信網路業,3081 聯亞,1525.0,1500.0,2693.270040820023,-0.07012195121951215,-0.025974025974026094,1212591550.0,6226102500.0,795142.0,4150735.0,2,0,-0.08240327868852448,0.10767032786885267,0.0,-0.08240327868852448,2.0
3491 昇達科,2026-03-23,2026-03-26,2026-03-20,2026-03-25,0.04761904761904762,3,4648,4651,0.16960610490056838,通信網路業,3491 昇達科,1320.0,1550.0,4748.418383391568,-0.08965517241379295,0.09929078014184411,826308120.0,3963615050.0,625991.0,2557171.0,2,0,-0.026977556818181925,0.17368465909090935,0.0,-0.026977556818181925,2.0
4971 IET-KY,2026-03-23,2026-03-26,2026-03-20,2026-03-25,0.04761904761904762,3,4648,4651,0.14822620835937506,半導體業,4971 IET-KY,432.0,498.0,570.2777965609774,-0.09338929695697795,0.039665970772442716,174280464.0,2841581526.0,403427.0,5705987.0,2,0,0.0,0.21701423611111115,0.01572100694444445,-0.007972665148063829,4.0
5386 青雲,2026-03-23,2026-03-26,2026-03-20,2026-03-25,0.04761904761904762,3,4648,4651,-0.10842929174825178,電腦及週邊設備業,5386 青雲,357.5,320.0,110.21073585361545,-0.09949622166246863,-0.0031152647975077885,265807685.0,211925120.0,743518.0,662266.0,3,2,-0.19199237762237764,0.006514685314685353,0.006514685314685353,-0.1972222222222223,1.0
7717 萊德光電-KY,2026-03-23,2026-03-26,2026-03-20,2026-03-25,0.04761904761904762,3,4648,4651,0.03903602245256721,通信網路業,7717 萊德光電-KY,672.0,701.0,643.0,-0.05882352941176472,0.0987460815047021,94625664.0,441617382.0,140812.0,629982.0,2,0,-0.13731473214285705,0.042659263392857305,0.0,-0.13731473214285705,1.0
4416 三圓,2026-03-23,2026-03-27,2026-03-20,2026-03-26,0.04761904761904762,4,4648,4652,-0.09324953184482743,建材營造,4416 三圓,14.5,13.2,30.365178688474593,-0.039735099337748325,-0.011235955056179692,1836135.0,14117532.0,126630.0,1069510.0,2,0,-0.1176606896551724,0.009864913793103725,0.0,-0.1176606896551724,1.0
5521 工信,2026-03-23,2026-03-27,2026-03-20,2026-03-26,0.04761904761904762,4,4648,4652,-0.019040041051136325,建材營造,5521 工信,13.2,13.0,18.456293875406413,-0.040000000000000036,-0.02621722846441954,121310890.8,52213005.0,9190219.0,4016385.0,2,0,-0.06105227272727265,0.04117187500000008,0.0,-0.06105227272727265,2.0
3093 港建*,2026-03-23,2026-03-31,2026-03-20,2026-03-30,0.04761904761904762,6,4648,4654,0.041326725653409335,其他電子業,3093 港建*,44.0,46.0,529.2311209044545,-0.09371781668383106,-0.03259726603575175,66646800.0,28524876.0,1514700.0,620106.0,2,2,-0.10497079545454557,0.08016849431818196,0.0,-0.10497079545454557,3.0
3167 大量,2026-03-23,2026-03-31,2026-03-20,2026-03-30,0.04761904761904762,6,4648,4654,0.3120293884239127,電機機械,3167 大量,310.5,409.0,669.246995781199,-0.09999999999999998,0.0,235373593.5,4874338891.0,758047.0,11917699.0,2,0,0.0,0.31660458937198044,0.046201690821255914,-0.09902200488997559,7.0
4960 誠美材,2026-03-23,2026-03-31,2026-03-20,2026-03-30,0.04761904761904762,6,4648,4654,0.035893716650000185,光電業,4960 誠美材,25.0,26.0,34.32653418067882,-0.00793650793650813,-0.03703703703703709,137255325.0,632919638.0,5490213.0,24343063.0,2,0,-0.028461699999999812,0.07948700000000031,0.07948700000000031,-0.10000000000000009,3.0
5340 建榮,2026-03-23,2026-03-31,2026-03-20,2026-03-30,0.04761904761904762,6,4648,4654,0.010918093171641718,電子零組件業,5340 建榮,100.5,102.0,103.48130841121495,-0.0821917808219178,-0.05116279069767449,118442466.0,963954468.0,1178532.0,9450534.0,2,0,-0.036278880597014895,0.06914365671641787,0.06914365671641787,-0.0986046511627906,5.0
3054 立萬利,2026-03-23,2026-04-01,2026-03-20,2026-03-31,0.04761904761904762,7,4648,4655,-0.03980620879750019,電子通路業,3054 立萬利,75.0,72.3,94.0160573873311,-0.05303030303030298,0.06952662721893499,25478025.0,32058615.299999997,339707.0,443411.0,2,0,-0.17239329999999997,0.0,0.0,-0.17239329999999997,0.0
3163 波若威,2026-03-23,2026-04-01,2026-03-20,2026-03-31,0.04761904761904762,7,4648,4655,0.013608377721797904,通信網路業,3163 波若威,851.0,866.0,1192.5673133921198,-0.06688596491228072,0.09898477157360386,920324162.0,2541945552.0,1081462.0,2935272.0,2,0,-0.07447038777908332,0.0547279083431258,0.0547279083431258,-0.12249443207126942,4.0
6715 嘉基,2026-03-23,2026-04-01,2026-03-20,2026-03-31,0.04761904761904762,7,4648,4655,0.09244374584677395,電子零組件業,6715 嘉基,310.0,340.0,354.4389657727117,-0.09224011713030744,0.09854604200323092,109361800.0,237930300.0,352780.0,699795.0,2,0,-0.10687604838709663,0.10915032258064516,0.0,-0.10687604838709663,4.0
6727 亞泰金屬,2026-03-23,2026-04-01,2026-03-20,2026-03-31,0.04761904761904762,7,4648,4655,0.11571863338560062,電子零組件業,6727 亞泰金屬,283.0,317.0,340.5774133046802,-0.03412969283276446,0.07094594594594583,176383429.0,439329032.0,623263.0,1385896.0,2,0,-0.10466576855123666,0.15846007067137813,0.0,-0.10466576855123666,4.0
2243 宏旭-KY,2026-03-23,2026-04-02,2026-03-20,2026-04-01,0.04761904761904762,8,4648,4656,0.18718588628547317,汽車工業,2243 宏旭-KY,18.5,22.05,19.337477797513323,-0.05128205128205143,0.0,14489662.5,43362625.95,783225.0,1966559.0,2,0,0.0,0.23724986486486488,0.026539189189189294,-0.13100436681222705,9.0
2426 鼎元,2026-03-23,2026-04-02,2026-03-20,2026-04-01,0.04761904761904762,8,4648,4656,0.0962292591648708,光電業,2426 鼎元,34.8,38.3,49.20056576237779,-0.005714285714285783,0.09899569583931123,91991050.8,458031385.2,2643421.0,11959044.0,2,0,-0.08951314655172404,0.10005193965517245,0.03973577586206911,-0.12430939226519344,5.0
3037 欣興,2026-03-23,2026-04-02,2026-03-20,2026-04-01,0.04761904761904762,8,4648,4656,0.06364797022829305,電子零組件業,3037 欣興,501.0,535.0,989.872634403912,-0.09566787003610111,0.09518935516888427,4477286199.0,26322269640.0,8936699.0,49200504.0,2,0,-0.11319588323353302,0.03543607784431102,0.009500299401197454,-0.12154150197628455,4.0
3260 威剛,2026-03-23,2026-04-02,2026-03-20,2026-04-01,0.04761904761904762,8,4648,4656,-0.08372918546874986,半導體業,3260 威剛,412.0,379.0,851.305266090545,-0.09945355191256833,0.02849389416553616,3710673468.0,11425625830.0,9006489.0,30146770.0,3,0,-0.18727942961165056,0.0,0.0,-0.18727942961165056,0.0
5351 鈺創,2026-03-23,2026-04-02,2026-03-20,2026-04-01,0.04761904761904762,8,4648,4656,-0.022894984033627552,半導體業,5351 鈺創,73.6,72.2,51.67135155981323,-0.0742138364779874,0.028490028490028463,677928937.5999999,1449198977.6000001,9210991.0,20072008.0,2,0,-0.1322058763586954,0.011747452445652451,0.011747452445652451,-0.14228187919463087,2.0
1711 永光,2026-03-24,2026-04-07,2026-03-23,2026-04-02,0.03333333333333334,8,4649,4657,-0.01977802108419957,化學工業,1711 永光,40.9,40.25,84.1164166108438,0.06371911573472033,0.07333333333333325,366426126.59999996,1468130060.25,8959074.0,36475281.0,2,0,-0.17520858801956007,0.0,0.0,-0.17520858801956007,0.0
1735 日勝化,2026-03-24,2026-04-07,2026-03-23,2026-04-02,0.03333333333333334,8,4649,4657,-0.19048805779593614,化學工業,1735 日勝化,28.3,23.0,59.54239664921091,0.04621072088724576,0.0,15998839.0,24148965.0,565330.0,1049955.0,2,0,-0.21415437279151928,0.0,0.0,-0.21415437279151928,0.0
1799 易威,2026-03-24,2026-04-07,2026-03-23,2026-04-02,0.03333333333333334,8,4649,4657,0.11584705184881727,生技醫療業,1799 易威,37.0,41.45,25.25010932780241,0.0277777777777779,0.09946949602122013,3361783.0,24168666.0,90859.0,583080.0,2,0,-0.009929966216216224,0.11973814189189169,0.048150540540540465,-0.05541237113402053,7.0
2485 兆赫,2026-03-24,2026-04-07,2026-03-23,2026-04-02,0.03333333333333334,8,4649,4657,-0.00023173873833970404,通信網路業,2485 兆赫,80.4,80.7,193.68389156562318,0.03076923076923066,0.028025477707006363,929367318.0000001,4299256265.7,11559295.0,53274551.0,2,0,-0.09122789179104485,0.01320009328358207,0.01320009328358207,-0.10306748466257676,1.0
3066 李洲,2026-03-24,2026-04-07,2026-03-23,2026-04-02,0.03333333333333334,8,4649,4657,-0.15394200970441163,光電業,3066 李洲,21.25,18.05,10.710447761194027,0.04422604422604404,0.00277777777777799,13179228.75,13300016.15,620199.0,736843.0,2,0,-0.18862088235294105,0.0,0.0,-0.18862088235294105,0.0
6167 久正,2026-03-24,2026-04-07,2026-03-23,2026-04-02,0.03333333333333334,8,4649,4657,-0.10180605540131582,光電業,6167 久正,14.25,12.85,16.136212563391883,0.028880866425992968,-0.011538461538461608,11126485.5,11732448.35,780806.0,913031.0,2,0,-0.10218105263157895,0.010046315789473681,0.010046315789473681,-0.11111111111111116,1.0
6226 光鼎,2026-03-24,2026-04-07,2026-03-23,2026-04-02,0.03333333333333334,8,4649,4657,-0.19302934068008482,光電業,6226 光鼎,14.75,11.95,14.248901247914185,0.09665427509293667,-0.004166666666666763,30375279.75,25439327.299999997,2059341.0,2128814.0,2,0,-0.24103864406779674,0.0,0.0,-0.24103864406779674,0.0
6451 訊芯-KY,2026-03-24,2026-04-07,2026-03-23,2026-04-02,0.03333333333333334,8,4649,4657,0.05621584428691251,半導體業,6451 訊芯-KY,298.0,316.0,397.94777680423533,0.062388591800356386,0.0693739424703892,1244879504.0,2821551992.0,4177448.0,8928962.0,2,0,-0.027307885906040275,0.224250419463087,0.0,-0.19041095890410964,6.0
7751 竑騰,2026-03-24,2026-04-07,2026-03-23,2026-04-02,0.03333333333333334,8,4649,4657,0.11822846431912715,半導體業,7751 竑騰,1625.0,1800.0,1515.0,0.045016077170418,0.08108108108108092,120035500.0,506592000.0,73868.0,281440.0,2,0,-0.1397019750519749,0.14082998960498982,0.002600461538461607,-0.14193334438733207,3.0
8240 華宏,2026-03-24,2026-04-07,2026-03-23,2026-04-02,0.03333333333333334,8,4649,4657,-0.08433146503947364,光電業,8240 華宏,57.0,52.4,117.72724291403219,0.0344827586206895,-0.04029304029304037,62540856.0,94195602.39999999,1097208.0,1797626.0,2,0,-0.11094881578947347,0.0,0.0,-0.11094881578947347,0.0
2451 創見,2026-03-25,2026-04-08,2026-03-24,2026-04-07,0.03125,8,4650,4658,-0.05657730156066554,半導體業,2451 創見,255.5,242.0,1055.743254746369,0.009881422924901129,0.03640256959314758,833232767.5,1958039182.0,3261185.0,8091071.0,2,0,-0.17456056751467708,0.0,0.0,-0.17456056751467708,0.0
3693 營邦,2026-03-25,2026-04-08,2026-03-24,2026-04-07,0.03125,8,4650,4658,0.02388542928517956,電腦及週邊設備業,3693 營邦,501.0,515.0,703.4567686897919,0.043749999999999956,0.034136546184738936,482638851.0,1759304375.0,963351.0,3416125.0,2,0,-0.05633667664670672,0.09129775449101785,0.015485479041916106,-0.07072691552062871,4.0
7711 永擎,2026-03-26,2026-04-09,2026-03-25,2026-04-08,0.034482758620689655,8,4651,4659,-0.029488135288461725,電腦及週邊設備業,7711 永擎,292.5,285.0,280.0,0.059782608695652106,-0.030612244897959218,148384665.0,311733000.0,507298.0,1093800.0,2,0,-0.13203641025641022,0.004650769230769125,0.0,-0.13203641025641022,1.0
8155 博智,2026-03-26,2026-04-09,2026-03-25,2026-04-08,0.034482758620689655,8,4651,4659,0.07655958479205816,電子零組件業,8155 博智,266.0,287.5,528.7902237647019,-0.007462686567164201,-0.02871621621621634,221517884.0,2028053750.0,832774.0,7054100.0,2,0,-0.10380935150375947,0.14607189849624036,0.029585902255639063,-0.12956204379562053,4.0
3363 上詮,2026-03-27,2026-04-10,2026-03-26,2026-04-09,0.03333333333333333,8,4652,4660,0.266055734430785,通信網路業,3363 上詮,605.0,769.0,990.4946064633701,-0.05320813771517996,0.007863695937090354,523343150.0,6228956137.0,865030.0,8100073.0,2,0,-0.0913409090909092,0.2952522314049586,0.06065297520661139,-0.14330218068535816,6.0
6547 高端疫苗,2026-03-27,2026-04-10,2026-03-26,2026-04-09,0.03333333333333333,8,4652,4660,0.10609164250357117,生技醫療業,6547 高端疫苗,52.5,58.3,81.56535433070867,0.009615384615384581,-0.04426229508196733,136234717.5,514607803.59999996,2594947.0,8826892.0,2,0,0.0,0.16135285714285708,0.04902528571428566,-0.09016393442622961,9.0
3587 閎康,2026-03-30,2026-04-13,2026-03-27,2026-04-10,0.03125,8,4653,4661,0.2953138057455158,其他電子業,3587 閎康,223.0,290.0,517.0301573455858,-0.026200873362445365,0.0034602076124568004,158439716.0,2010752120.0,710492.0,6933628.0,2,0,-0.036332399103139124,0.4230905269058296,0.057793273542600776,-0.08898305084745761,8.0
6515 穎崴,2026-03-30,2026-04-13,2026-03-27,2026-04-10,0.03125,8,4653,4661,0.06179105956624986,半導體業,6515 穎崴,7500.0,7995.0,8789.638787326785,-0.05243209096651935,0.00819672131147553,957075000.0,4202156010.0,127610.0,525598.0,2,0,-0.11975165000000021,0.14079119999999978,0.022847250000000097,-0.1394136807817592,5.0
4979 華星光,2026-03-31,2026-04-14,2026-03-30,2026-04-13,0.03333333333333333,8,4654,4662,0.29832935743231914,通信網路業,4979 華星光,374.0,487.5,573.9269279979401,-0.01319261213720313,0.048387096774193505,745387610.0,12438370912.5,1993015.0,25514607.0,2,0,-0.08733211898395732,0.29617546791443816,0.0,-0.08733211898395732,8.0
4991 環宇-KY,2026-03-31,2026-04-14,2026-03-30,2026-04-13,0.03333333333333333,8,4654,4662,0.49773047710116125,半導體業,4991 環宇-KY,409.0,615.0,665.6657125478816,-0.0488372093023256,0.054888507718696466,545053850.0,6952019040.0,1332650.0,11304096.0,2,1,-0.0469077017114915,0.5176161980440097,0.0,-0.0469077017114915,8.0
6187 萬潤,2026-04-01,2026-04-15,2026-03-31,2026-04-14,0.03703703703703704,8,4655,4663,0.2391916172280366,半導體業,6187 萬潤,848.0,1055.0,1642.1289184721347,0.04691358024691361,0.019323671497584405,878303280.0,9543663985.0,1035735.0,9046127.0,2,0,0.0,0.3378076356132076,0.05020846108490562,-0.09591836734693882,9.0
6584 南俊國際,2026-03-27,2026-04-15,2026-03-26,2026-04-14,0.03333333333333333,11,4652,4663,0.25428726375000044,電子零組件業,6584 南俊國際,540.0,680.0,625.7795326874541,-0.03225806451612889,-0.025787965616045794,212698980.0,1328746520.0,393887.0,1954039.0,3,1,0.0,0.29197861111111134,0.12724208333333342,-0.09938837920489296,12.0
6821 聯寶,2026-04-02,2026-04-16,2026-04-01,2026-04-15,0.043478260869565216,8,4656,4664,0.11405080087325836,電子零組件業,6821 聯寶,57.4,64.2,60.055636281926446,-0.027118644067796627,-0.03167420814479627,65380149.8,172932330.0,1139027.0,2693650.0,3,0,-0.09450696864111485,0.23634625435540113,0.0,-0.13521126760563373,5.0
3135 凌航,2026-04-07,2026-04-17,2026-04-02,2026-04-16,0.0625,8,4657,4665,0.15972210964788758,半導體業,3135 凌航,106.5,124.0,106.34315424610053,0.019138755980861344,0.016393442622950838,78820756.5,531348432.0,740101.0,4285068.0,2,0,-0.023938028169014136,0.1731514084507042,0.0,-0.04799999999999982,8.0
6907 雅特力-KY,2026-04-07,2026-04-17,2026-04-02,2026-04-16,0.0625,8,4657,4665,0.2686030973134328,半導體業,6907 雅特力-KY,100.5,128.0,108.0,0.023421588594704668,-0.09859154929577463,45501676.5,513377280.0,452753.0,4010760.0,2,0,0.0,0.41226417910447766,0.07411641791044765,-0.09154929577464788,9.0
1905 華紙,2026-04-08,2026-04-20,2026-04-07,2026-04-17,0.06666666666666667,8,4658,4666,-0.017928021664473937,造紙工業,1905 華紙,14.25,14.05,22.670440085221603,-0.027303754266211677,-0.0035460992907800915,146119899.0,175860955.70000002,10254028.0,12516794.0,2,0,-0.07412421052631601,0.024074736842105038,0.024074736842105038,-0.09589041095890416,3.0
4971 IET-KY,2026-04-07,2026-04-21,2026-04-02,2026-04-20,0.0625,10,4657,4667,0.5091691676136361,半導體業,4971 IET-KY,594.0,900.0,782.0210330972857,0.05319148936170204,0.06761565836298922,421423992.0,3177226800.0,709468.0,3530252.0,2,1,0.0,0.4673161616161614,0.012986616161616116,-0.037209302325581506,11.0
6727 亞泰金屬,2026-04-10,2026-04-22,2026-04-09,2026-04-21,0.07142857142857144,8,4660,4668,0.03281069963616057,電子零組件業,6727 亞泰金屬,420.0,435.5,493.5904540647539,0.059268600252206705,0.010440835266821269,108764460.0,921053321.5,258963.0,2114933.0,3,0,-0.10756696428571422,0.10304723214285683,0.0,-0.10756696428571422,3.0
7734 印能科技,2026-04-10,2026-04-22,2026-04-09,2026-04-21,0.07142857142857144,8,4660,4668,0.1714814912438849,半導體業,7734 印能科技,2555.0,3005.0,3441.50234741784,0.042857142857142705,0.048865619546247796,463860250.0,1515607810.0,181550.0,504362.0,3,1,-0.10805596868884537,0.23229109589041141,0.05429349315068488,-0.15398886827458247,5.0
3163 波若威,2026-04-14,2026-04-24,2026-04-13,2026-04-23,0.08333333333333333,8,4662,4670,0.02474449652777766,通信網路業,3163 波若威,1215.0,1250.0,1743.094733338056,0.012499999999999956,0.0775862068965516,942720930.0,14643801250.0,775902.0,11715041.0,3,0,-0.0662873456790124,0.0653373456790125,0.0,-0.10810810810810834,3.0
2455 全新,2026-04-15,2026-04-27,2026-04-14,2026-04-24,0.07692307692307691,8,4663,4671,0.23976641620345807,通信網路業,2455 全新,282.0,351.0,706.0495233560981,0.005347593582887722,0.014450867052023142,1006619868.0,6387532398.0,3569574.0,18198098.0,2,0,-0.02528590425531918,0.29193922872340483,0.0,-0.1454046639231824,8.0
5243 乙盛-KY,2026-04-15,2026-04-27,2026-04-14,2026-04-24,0.07692307692307691,8,4663,4671,-0.13135030468750009,光電業,5243 乙盛-KY,129.0,112.5,204.7939219360471,0.015748031496062964,-0.054621848739495715,368631303.0,544820625.0,2857607.0,4842850.0,2,0,-0.16706250000000022,0.0,0.0,-0.16706250000000022,0.0
6683 雍智科技,2026-04-15,2026-04-27,2026-04-14,2026-04-24,0.07692307692307691,8,4663,4671,0.09425392603873273,半導體業,6683 雍智科技,1775.0,1950.0,2269.678761972491,-0.011142061281336879,0.06849315068493156,421665450.0,4190351100.0,237558.0,2148898.0,2,0,-0.0370773239436617,0.08962302816901402,0.08962302816901402,-0.11627906976744151,8.0
3037 欣興,2026-04-16,2026-04-28,2026-04-15,2026-04-27,0.05555555555555555,8,4664,4672,0.3880461711935488,電子零組件業,3037 欣興,620.0,864.0,1279.4946877565596,0.003236245954692629,0.02979737783075076,4348654580.0,35159722272.0,7013959.0,40694123.0,2,1,0.0,0.3525830241935486,0.03982842741935477,-0.016686531585220488,9.0
3455 由田,2026-04-16,2026-04-28,2026-04-15,2026-04-27,0.05555555555555555,8,4664,4672,0.06642486507133127,光電業,3455 由田,184.0,197.0,429.630538979625,0.010989010989011172,-0.005050505050505083,266450952.0,433626550.0,1448103.0,2201150.0,2,0,0.0,0.22224524456521721,0.010389402173913043,-0.12,9.0
3583 辛耘,2026-04-16,2026-04-28,2026-04-15,2026-04-27,0.05555555555555555,8,4664,4672,0.03107456379746787,半導體業,3583 辛耘,711.0,736.0,1018.1077583251199,0.01571428571428557,0.0,800578179.0,3170418624.0,1125989.0,4307634.0,3,0,-0.010315611814346037,0.2553809071729951,0.0,-0.1758118701007838,8.0
6217 中探針,2026-04-16,2026-04-28,2026-04-15,2026-04-27,0.05555555555555555,8,4664,4672,0.22523167643252195,電子零組件業,6217 中探針,226.0,278.0,392.54136031155,0.03669724770642202,-0.0071428571428571175,493047928.0,528758502.0,2181628.0,1902009.0,2,2,0.0,0.31132372787610607,0.001736338495575307,-0.0910623946037099,9.0
6218 豪勉,2026-04-16,2026-04-28,2026-04-15,2026-04-27,0.05555555555555555,8,4664,4672,-0.13020841776408465,通信網路業,6218 豪勉,35.5,31.0,121.9820860411115,0.02011494252873569,-0.0461538461538461,51730245.0,97381385.0,1457190.0,3141335.0,2,0,-0.08494190140845082,0.07554521126760583,0.07554521126760583,-0.14921465968586411,3.0
6443 元晶,2026-04-16,2026-04-28,2026-04-15,2026-04-27,0.05555555555555555,8,4664,4672,-0.16040250552832735,光電業,6443 元晶,41.7,35.15,27.169558913398866,0.02457002457002444,-0.06141522029372504,475473199.50000006,160060973.25,11402235.0,4553655.0,3,3,-0.15268084532374104,0.0,0.0,-0.15268084532374104,0.0
6830 汎銓,2026-04-13,2026-04-28,2026-04-10,2026-04-27,0.07692307692307693,11,4661,4672,-0.07499340291458612,其他電子業,6830 汎銓,701.0,651.0,827.6429398628774,0.0014285714285713347,0.0,303196520.0,2775304791.0,432520.0,4263141.0,3,1,-0.07176779600570582,0.2690117689015694,0.2690117689015694,-0.26853932584269646,11.0
1591 駿吉-KY,2026-04-17,2026-04-29,2026-04-16,2026-04-28,0.03333333333333333,8,4665,4673,0.06474486790948242,電機機械,1591 駿吉-KY,58.0,62.0,115.34432405158917,0.0,0.006493506493506551,37202360.0,272688462.0,641420.0,4398201.0,2,0,-0.005644956896551645,0.15117706896551697,0.0,-0.11227544910179643,8.0
2426 鼎元,2026-04-17,2026-04-29,2026-04-16,2026-04-28,0.03333333333333333,8,4665,4673,-0.06297363237500031,光電業,2426 鼎元,54.0,50.8,79.89584410368215,0.015037593984962516,-0.06099815157116473,215568756.0,1850126551.1999998,3992014.0,36419814.0,3,0,-0.11708625000000006,0.10132847222222185,0.030991527777777694,-0.14362657091561937,4.0
2467 志聖,2026-04-17,2026-04-29,2026-04-16,2026-04-28,0.03333333333333333,8,4665,4673,0.03337903003698206,電子零組件業,2467 志聖,507.0,526.0,2092.98453335875,-0.01553398058252431,-0.034862385321100864,542051952.0,2824461148.0,1069136.0,5369698.0,2,0,-0.023146671597633173,0.17695547337278117,0.17695547337278117,-0.17001675041876052,8.0
2486 一詮,2026-04-17,2026-04-29,2026-04-16,2026-04-28,0.03333333333333333,8,4665,4673,0.20064604372635064,光電業,2486 一詮,185.0,223.0,334.32605766379305,-0.0026954177897573484,-0.03253796095444683,303579635.0,4911362704.0,1640971.0,22024048.0,2,0,-0.0004750000000000032,0.3696193918918913,0.0,-0.0004750000000000032,8.0
2489 瑞軒,2026-04-17,2026-04-29,2026-04-16,2026-04-28,0.03333333333333333,8,4665,4673,-0.12943517150098405,光電業,2489 瑞軒,44.45,38.85,188.23071109055485,0.010227272727272751,0.017015706806282838,228969595.4,3319772981.7000003,5151172.0,85451042.0,2,0,-0.20735081552305945,0.004022300337457985,0.004022300337457985,-0.21052631578947367,2.0
3026 禾伸堂,2026-04-17,2026-04-29,2026-04-16,2026-04-28,0.03333333333333333,8,4665,4673,-0.0336179730106384,電子零組件業,3026 禾伸堂,235.0,228.0,617.2001716478949,-0.022869022869022815,-0.02564102564102566,723597900.0,3565803948.0,3079140.0,15639491.0,3,0,-0.08128765957446815,0.08459095744680845,0.08459095744680845,-0.15294117647058825,3.0
3234 光環,2026-04-17,2026-04-29,2026-04-16,2026-04-28,0.03333333333333333,8,4665,4673,-0.03936351917499947,通信網路業,3234 光環,112.5,108.5,119.39180279415488,0.0,-0.022522522522522515,273240450.0,197992644.5,2428804.0,1824817.0,2,0,-0.09820633333333306,0.08392933333333352,0.08392933333333352,-0.1680327868852458,4.0
4991 環宇-KY,2026-04-17,2026-04-29,2026-04-16,2026-04-28,0.03333333333333333,8,4665,4673,0.000809859147094194,半導體業,4991 環宇-KY,628.0,631.0,1126.5112058502614,0.046666666666666856,0.006379585326953707,627897008.0,5490578983.0,999836.0,8701393.0,2,0,-0.09278781847133744,0.15231863057324846,0.15231863057324846,-0.21270718232044195,5.0
6147 頎邦,2026-04-17,2026-04-29,2026-04-16,2026-04-28,0.03333333333333333,8,4665,4673,0.20552174024141645,半導體業,6147 頎邦,116.5,141.0,312.88199301110467,0.021929824561403466,-0.02083333333333337,2734727524.0,8046546828.0,23474056.0,57067708.0,2,0,-0.013344420600858276,0.35557896995708194,0.0,-0.0965517241379309,8.0
6903 巨漢,2026-04-17,2026-04-29,2026-04-16,2026-04-28,0.03333333333333333,8,4665,4673,0.08237612701250008,其他電子業,6903 巨漢,375.0,407.5,444.8721612272522,-0.02088772845953002,-0.04117647058823526,276109125.0,675599140.0,736291.0,1657912.0,2,0,0.0,0.13279500000000022,0.05016759999999998,-0.0658823529411765,9.0
8996 高力,2026-04-17,2026-04-29,2026-04-16,2026-04-28,0.03333333333333333,8,4665,4673,0.09244374584677373,電機機械,8996 高力,1085.0,1190.0,2778.0847577676705,-0.026905829596412523,0.012765957446808418,1605224950.0,5075799820.0,1479470.0,4265378.0,2,0,-0.01429331797235045,0.12388986175115191,0.12388986175115191,-0.12295081967213117,8.0
1785 光洋科,2026-04-20,2026-04-30,2026-04-17,2026-04-29,0.027027027027027025,8,4666,4674,0.08197303901757214,其他電子業,1785 光洋科,156.5,170.0,561.0845440593473,0.0032051282051281937,-0.02298850574712641,2479974589.5,9082913000.0,15846483.0,53428900.0,3,0,-0.07711589456868984,0.11129297124600646,0.0,-0.07711589456868984,3.0
3167 大量,2026-04-10,2026-04-30,2026-04-09,2026-04-29,0.07142857142857144,14,4660,4674,0.4047762934676724,電機機械,3167 大量,580.0,818.0,1303.4872256292276,0.00694444444444442,0.004914004914004844,628144060.0,6571523246.0,1083007.0,8033647.0,3,1,0.0,0.48377762931034485,0.09086090517241363,-0.10699001426533528,15.0
3532 台勝科,2026-04-20,2026-04-30,2026-04-17,2026-04-29,0.027027027027027025,8,4666,4674,-0.001327160820723483,半導體業,3532 台勝科,190.0,190.5,171.70116034667075,0.007957559681697646,0.04958677685950419,533059440.0,1550817447.0,2805576.0,8140774.0,2,0,-0.09779717105263153,0.0,0.0,-0.09779717105263153,0.0
4569 六方科-KY,2026-04-20,2026-04-30,2026-04-17,2026-04-29,0.027027027027027025,8,4666,4674,-0.061799834133522746,汽車工業,4569 六方科-KY,198.0,186.5,221.85651679922088,0.01799485861182526,-0.010610079575596787,39806118.0,36484062.5,201041.0,195625.0,2,0,-0.10143712121212123,0.03486174242424234,0.03486174242424234,-0.13170731707317063,1.0
4576 大銀微系統,2026-04-20,2026-04-30,2026-04-17,2026-04-29,0.027027027027027025,8,4666,4674,-0.003948349375000104,電機機械,4576 大銀微系統,198.0,198.0,207.2773488738065,0.010204081632653184,-0.01980198019801971,335997684.0,2034659880.0,1696958.0,10276060.0,2,0,-0.09638901515151521,0.12067954545454529,0.0,-0.09638901515151521,3.0
4577 達航科技,2026-04-20,2026-04-30,2026-04-17,2026-04-29,0.027027027027027025,8,4666,4674,0.25353439024234725,其他電子業,4577 達航科技,147.0,185.0,162.47844131815847,0.010309278350515427,0.022099447513812098,106847979.0,619961640.0,726857.0,3351144.0,2,0,-0.010674234693877516,0.23070765306122465,0.0,-0.08839779005524862,7.0
4949 有成精密,2026-04-20,2026-04-30,2026-04-17,2026-04-29,0.027027027027027025,8,4666,4674,0.10914048432041468,光電業,4949 有成精密,91.6,102.0,93.92371673805268,0.01327433628318575,-0.004878048780487809,157179646.0,1156382568.0,1715935.0,11337084.0,2,0,-0.05939896288209601,0.15119964519650653,0.002798553493449818,-0.06202393906420023,4.0
6274 台燿,2026-04-21,2026-05-04,2026-04-20,2026-04-30,0.026315789473684213,8,4667,4675,0.12691975070711714,電子零組件業,6274 台燿,959.0,1085.0,2075.9837918836693,0.0094736842105263,0.0742574257425741,2948268085.0,8051785000.0,3074315.0,7421000.0,2,0,-0.009855318039624361,0.15690589155370205,0.014116605839416208,-0.07559808612440178,8.0
6949 沛爾生醫*-創,2026-04-21,2026-05-04,2026-04-20,2026-04-30,0.026315789473684213,8,4667,4675,-0.053503157863806106,生技醫療業,6949 沛爾生醫*-創,804.0,764.0,798.0,0.004999999999999893,-0.009079118028534339,66750492.0,281164988.0,83023.0,368017.0,2,0,-0.060148134328358305,0.07535960820895515,0.07535960820895515,-0.1260115606936416,3.0
3467 台灣精材,2026-04-22,2026-05-05,2026-04-21,2026-05-04,0.023255813953488372,8,4668,4676,0.11764324008256666,半導體業,3467 台灣精材,59.8,67.1,65.76968174204355,0.013559322033898313,-0.004451038575667865,25219573.599999998,66110073.699999996,421732.0,985247.0,2,0,-0.06398996655518396,0.12655493311036814,0.08476877090301005,-0.13713405238828968,6.0
3714 富采,2026-04-22,2026-05-05,2026-04-21,2026-05-04,0.023255813953488372,8,4668,4676,0.06768087380427423,光電業,3714 富采,73.7,79.0,79.54912011355334,0.0013586956521740579,0.007653061224489832,921228184.8000001,5387686003.0,12499704.0,68198557.0,2,0,-0.11982126865671627,0.06326675712347374,0.0,-0.11982126865671627,3.0
5228 鈺鎧,2026-04-22,2026-05-05,2026-04-21,2026-05-04,0.023255813953488372,8,4668,4676,-0.04268369134375005,電子零組件業,5228 鈺鎧,36.0,34.6,35.2408067867036,0.0,0.0014471780028946224,20965212.0,26046637.8,582367.0,752793.0,2,0,-0.16150958333333343,0.0,0.0,-0.16150958333333343,0.0
6224 聚鼎,2026-04-22,2026-05-05,2026-04-21,2026-05-04,0.023255813953488372,8,4668,4676,0.2975774904400508,電子零組件業,6224 聚鼎,58.8,76.6,170.54804891483758,0.00857632933104635,0.04931506849315048,32488881.599999998,137507187.79999998,552532.0,1795133.0,2,0,0.0,0.36499757653061193,0.019923469387755022,-0.02148760330578503,9.0
6278 台表科,2026-04-22,2026-05-05,2026-04-21,2026-05-04,0.023255813953488372,8,4668,4676,0.10533631448667724,光電業,6278 台表科,159.5,177.0,624.3066914700802,0.006309148264984188,-0.016666666666666607,932060101.5,3379557642.0,5843637.0,19093546.0,3,0,-0.10700744514106564,0.15932366771159878,0.0,-0.10700744514106564,4.0
6451 訊芯-KY,2026-04-17,2026-05-05,2026-04-16,2026-05-04,0.03333333333333333,11,4665,4676,0.03581419156811361,半導體業,6451 訊芯-KY,501.0,521.0,692.9780251246167,0.014170040485830038,0.09915611814346015,485322708.0,5596435599.0,968708.0,10741719.0,3,0,-0.24287477544910197,0.03942619760479027,0.011495359281437079,-0.2514792899408286,3.0
7610 聯友金屬-創,2026-04-17,2026-05-05,2026-04-16,2026-05-04,0.03333333333333333,11,4665,4676,0.057322966672909814,綠能環保,7610 聯友金屬-創,634.0,673.0,638.0,-0.020092735703245768,0.015082956259426794,496480328.0,792609598.0,783092.0,1177726.0,3,0,-0.09349073343848602,0.14929609621451068,0.056280362776025106,-0.14179104477611948,8.0
8043 蜜望實,2026-04-22,2026-05-05,2026-04-21,2026-05-04,0.023255813953488372,8,4668,4676,0.05851783167901958,電子零組件業,8043 蜜望實,87.7,93.2,177.81968143675056,0.0,0.03670745272525022,131515095.4,741510850.0,1499602.0,7956125.0,2,0,-0.04720307867730911,0.08272377423033084,0.031436858608894,-0.07624309392265205,3.0
3042 晶技,2026-04-20,2026-05-06,2026-04-17,2026-05-05,0.027027027027027025,11,4666,4677,0.02895425770270288,電子零組件業,3042 晶技,166.5,172.0,660.286434245353,0.0990099009900991,0.03927492447129932,1239757834.5,3471292992.0,7445993.0,20181936.0,3,0,-0.15955855855855872,0.0025265765765765114,0.0025265765765765114,-0.16167664670658688,1.0
3555 博士旺,2026-04-23,2026-05-06,2026-04-22,2026-05-05,0.018867924528301886,8,4669,4677,-0.00988901528330044,半導體業,3555 博士旺,251.5,250.0,13.423125042772691,0.016161616161616266,-0.09420289855072461,31665359.0,255807000.0,125906.0,1023228.0,2,0,-0.09386998011928427,0.09689423459244506,0.0,-0.09601449275362317,2.0
4764 雙鍵,2026-04-20,2026-05-06,2026-04-17,2026-05-05,0.027027027027027025,11,4666,4677,0.431205980031248,化學工業,4764 雙鍵,233.5,334.0,334.5203651743407,0.09882352941176475,0.07395498392282951,197598441.0,1238335060.0,846246.0,3707590.0,3,1,-0.14430192816378717,0.47059668627128026,0.046611830835117996,-0.18241123726508068,7.0
4908 前鼎,2026-04-23,2026-05-06,2026-04-22,2026-05-05,0.018867924528301886,8,4669,4677,0.26878007877232113,通信網路業,4908 前鼎,210.0,267.5,541.0557040426584,0.07416879795396425,0.07000000000000006,378694890.0,2456457582.5,1803309.0,9183019.0,3,1,-0.21941857142857146,0.18991071428571393,0.0,-0.21941857142857146,4.0
4979 華星光,2026-04-23,2026-05-06,2026-04-22,2026-05-05,0.018867924528301886,8,4669,4677,0.15405673361683525,通信網路業,4979 華星光,643.0,745.0,952.9035671298157,0.022257551669316422,0.03760445682451263,2922210593.0,14791735855.0,4544651.0,19854679.0,2,0,-0.1512587091757387,0.11611034214618976,0.0,-0.1512587091757387,3.0
5340 建榮,2026-04-23,2026-05-06,2026-04-22,2026-05-05,0.018867924528301886,8,4669,4677,0.08118427033653841,電子零組件業,5340 建榮,117.0,127.0,109.50934579439253,0.008620689655172376,0.0039525691699604515,186448743.0,1439663364.0,1593579.0,11335932.0,2,0,-0.09444743589743587,0.08068301282051293,0.0,-0.09444743589743587,3.0
6173 信昌電,2026-04-23,2026-05-06,2026-04-22,2026-05-05,0.018867924528301886,8,4669,4677,0.04032061287499977,電子零組件業,6173 信昌電,90.0,94.0,140.13735255440957,0.016949152542373058,0.019522776572667988,393261300.0,3416175166.0,4369570.0,36342289.0,2,0,-0.15373550000000002,0.12168916666666618,0.0,-0.15373550000000002,2.0
6208 日揚,2026-04-23,2026-05-06,2026-04-22,2026-05-05,0.018867924528301886,8,4669,4677,-0.06774042138132019,半導體業,6208 日揚,89.0,83.3,162.5615374143706,0.07878787878787863,0.0,226896066.0,169375222.79999998,2549394.0,2033316.0,2,0,-0.15545752808988766,0.0,0.0,-0.15545752808988766,0.0
6456 GIS-KY,2026-04-23,2026-05-06,2026-04-22,2026-05-05,0.018867924528301886,8,4669,4677,-0.0650778730595667,光電業,6456 GIS-KY,83.1,78.0,103.92302005282072,0.017135862913096656,-0.03345724907063197,629503025.6999999,1430806806.0,7575247.0,18343677.0,2,0,-0.1255659747292418,0.0,0.0,-0.1255659747292418,0.0
6791 虎門科技,2026-04-23,2026-05-06,2026-04-22,2026-05-05,0.018867924528301886,8,4669,4677,-0.1158237159307064,資訊服務業,6791 虎門科技,138.0,122.5,150.64328898963709,-0.010752688172043112,0.0,13830084.0,16783235.0,100218.0,137006.0,2,0,-0.15981956521739138,0.0,0.0,-0.15981956521739138,0.0
8438 昶昕,2026-04-23,2026-05-06,2026-04-22,2026-05-05,0.018867924528301886,8,4669,4677,0.034830079737207864,綠能環保,8438 昶昕,89.9,93.4,98.17207969660474,0.0011135857461026522,-0.007438894792773487,92092571.10000001,151965442.60000002,1024389.0,1627039.0,2,0,-0.06607230255839835,0.05178047830923216,0.0,-0.06607230255839835,2.0
2484 希華,2026-04-24,2026-05-07,2026-04-23,2026-05-06,0.015625,8,4670,4678,-0.06043738974609392,電子零組件業,2484 希華,43.2,40.75,96.50601331268503,0.0,-0.001225490196078316,307722326.40000004,834016598.75,7123202.0,20466665.0,2,0,-0.13929791666666658,0.03770130208333322,0.0,-0.13929791666666658,1.0
3388 崇越電,2026-04-24,2026-05-07,2026-04-23,2026-05-06,0.015625,8,4670,4678,-0.0126096680760871,電子零組件業,3388 崇越電,115.0,114.0,412.71849478304165,0.013215859030837107,-0.008695652173912993,166661565.0,235015218.0,1449231.0,2061537.0,3,0,-0.10477326086956518,0.038636847826086784,0.0,-0.10477326086956518,1.0
3529 力旺,2026-04-24,2026-05-07,2026-04-23,2026-05-06,0.015625,8,4670,4678,0.09869819477337738,半導體業,3529 力旺,3930.0,4335.0,5100.502192492737,-0.012562814070351758,-0.01477272727272716,3638539410.0,7425685935.0,925837.0,1712961.0,2,0,-0.009376622137404644,0.19663234732824386,0.02877318702290066,-0.037082818294190356,6.0
4919 新唐,2026-04-24,2026-05-07,2026-04-23,2026-05-06,0.015625,8,4670,4678,0.06861170464403976,半導體業,4919 新唐,151.0,162.0,276.4145943226216,0.027210884353741527,0.006211180124223503,1011348019.0,8067745800.0,6697669.0,49800900.0,3,0,-0.09976556291390737,0.17162864238410602,0.0,-0.09976556291390737,4.0
4939 亞電,2026-04-24,2026-05-07,2026-04-23,2026-05-06,0.015625,8,4670,4678,-0.05116524477708806,電子零組件業,4939 亞電,44.3,42.2,74.75295196419896,0.009111617312072884,-0.018604651162790642,95583850.69999999,244366907.00000003,2157649.0,5790685.0,2,0,-0.09636622460496613,0.0,0.0,-0.09636622460496613,0.0
4956 光鋐,2026-04-24,2026-05-07,2026-04-23,2026-05-06,0.015625,8,4670,4678,-0.057272326630681825,光電業,4956 光鋐,49.5,46.85,53.67717796259618,0.0,-0.023958333333333304,158330254.5,490763682.2,3198591.0,10475212.0,2,0,-0.08023507575757571,0.06615999999999977,0.0,-0.08023507575757571,2.0
5475 德宏,2026-04-24,2026-05-07,2026-04-23,2026-05-06,0.015625,8,4670,4678,0.0015094678886986568,電子零組件業,5475 德宏,365.0,367.0,191.00547339593672,0.005509641873278293,-0.0303830911492734,901460940.0,2092701895.0,2469756.0,5702185.0,2,0,-0.15519599315068489,0.06250876712328779,0.0,-0.15519599315068489,2.0
6141 柏承,2026-04-24,2026-05-07,2026-04-23,2026-05-06,0.015625,8,4670,4678,0.10336525790022755,電子零組件業,6141 柏承,32.95,36.5,81.3559390005193,0.08566721581548609,0.022408963585434094,21859062.950000003,135759633.0,663401.0,3719442.0,2,0,-0.06721111532625201,0.11327974203338398,0.0,-0.06721111532625201,4.0
6442 光聖,2026-04-24,2026-05-07,2026-04-23,2026-05-06,0.015625,8,4670,4678,0.023171868835086373,通信網路業,6442 光聖,2020.0,2075.0,2855.7791018968846,0.0,0.00728155339805836,4549157160.0,5542856200.0,2252058.0,2671256.0,2,0,-0.1217045173267326,0.04405829207920786,0.0,-0.1217045173267326,5.0
8182 加高,2026-04-24,2026-05-07,2026-04-23,2026-05-06,0.015625,8,4670,4678,0.01945756408616206,電子零組件業,8182 加高,38.3,39.2,88.13375619178424,0.02406417112299475,0.0,31197418.2,158835028.8,814554.0,4051914.0,2,0,-0.09442513054830282,0.12479184073107064,0.0,-0.09442513054830282,3.0
8289 泰藝,2026-04-24,2026-05-07,2026-04-23,2026-05-06,0.015625,8,4670,4678,-0.021660564919586456,電子零組件業,8289 泰藝,47.8,46.95,98.57610011698456,0.0,-0.0177824267782426,73084049.0,321997419.75,1528955.0,6858305.0,2,0,-0.119665219665272,0.09780465481171574,0.0,-0.119665219665272,2.0
8358 金居,2026-04-24,2026-05-07,2026-04-23,2026-05-06,0.015625,8,4670,4678,0.2129872026867532,電子零組件業,8358 金居,376.5,458.5,585.9171225159454,0.0175675675675675,0.0,3416141124.0,15993815152.0,9073416.0,34882912.0,3,1,-0.10932101593625498,0.24509223107569733,0.0,-0.10932101593625498,5.0
3221 台嘉碩,2026-04-27,2026-05-08,2026-04-24,2026-05-07,0.015384615384615385,8,4671,4679,0.17501128525265974,通信網路業,3221 台嘉碩,42.3,49.9,92.91920985645405,-0.02758620689655189,0.03526970954356834,111773393.1,957098367.1999999,2642397.0,19180328.0,2,0,-0.041826507092198484,0.13893865248226978,0.0,-0.06224066390041494,8.0
3339 泰谷,2026-04-22,2026-05-08,2026-04-21,2026-05-07,0.023255813953488372,11,4668,4679,-0.07683017746951248,光電業,3339 泰谷,69.7,64.6,12.01355510752688,-0.023809523809523725,0.023771790808240878,190664001.5,591319717.5999999,2735495.0,9153556.0,3,0,-0.27724447632711646,0.0,0.0,-0.27724447632711646,0.0
3518 柏騰,2026-04-27,2026-05-08,2026-04-24,2026-05-07,0.015384615384615385,8,4671,4679,0.2369268863970584,其他電子業,3518 柏騰,30.6,38.0,55.236610142111005,0.00990099009900991,0.003963011889035695,25350692.400000002,121955452.0,828454.0,3209354.0,2,0,-0.042938480392156975,0.27063799019607804,0.0,-0.07455012853470444,8.0
4960 誠美材,2026-04-27,2026-05-08,2026-04-24,2026-05-07,0.015384615384615385,8,4671,4679,0.08818642830781265,光電業,4960 誠美材,40.0,43.7,52.61526140808967,0.01137800252844512,0.0,166574680.0,1570061422.3000002,4164367.0,35928179.0,3,0,-0.06544412500000008,0.09198106250000015,0.0,-0.09954233409610991,3.0
1623 大東電,2026-04-28,2026-05-11,2026-04-27,2026-05-08,0.014285714285714285,8,4672,4680,0.07118485702990363,電器電纜,1623 大東電,232.0,249.5,247.39583333333334,0.002159827213823018,0.014227642276422925,33278312.0,87125649.5,143441.0,349201.0,2,0,0.0,0.07707435344827607,0.023220635775862197,-0.029999999999999694,9.0
1711 永光,2026-04-28,2026-05-11,2026-04-27,2026-05-08,0.014285714285714285,8,4672,4680,0.047508193461715864,化學工業,1711 永光,54.2,57.0,122.68793407229289,0.05859375,-0.008695652173912993,309644925.2,2324130996.0,5713006.0,40774228.0,2,0,-0.0004749999999998922,0.1433680811808118,0.1433680811808118,-0.12580645161290316,8.0
1721 國慶科技,2026-04-28,2026-05-11,2026-04-27,2026-05-08,0.014285714285714285,8,4672,4680,0.14913743325598805,化學工業,1721 國慶科技,25.05,28.9,17.34403038010633,0.016227180527383256,0.01403508771929829,58040148.6,356242208.0,2316972.0,12326720.0,2,0,-0.03439101796407207,0.2509025449101796,0.041421257485030116,-0.07279693486590078,7.0
3229 晟鈦,2026-04-23,2026-05-11,2026-04-22,2026-05-08,0.018867924528301886,11,4669,4680,-0.07067531744366684,電子零組件業,3229 晟鈦,41.05,38.3,16.316951619966954,0.03011292346298622,-0.060122699386503164,65896826.099999994,78621588.89999999,1605282.0,2052783.0,3,0,-0.0942185140073083,0.09083361753958519,0.0,-0.0942185140073083,5.0
3363 上詮,2026-04-28,2026-05-11,2026-04-27,2026-05-08,0.014285714285714285,8,4672,4680,0.1083781275297222,通信網路業,3363 上詮,736.0,819.0,1149.4057349146585,-0.004059539918809363,0.011111111111111072,842355680.0,3334977828.0,1144505.0,4072012.0,2,0,0.0,0.184219836956522,0.011747452445652451,-0.07110091743119251,9.0
3653 健策,2026-04-28,2026-05-11,2026-04-27,2026-05-08,0.014285714285714285,8,4672,4680,-0.24661536721330302,電子零組件業,3653 健策,4905.0,3710.0,10891.926618718036,-0.011088709677419373,0.016438356164383494,2448487710.0,15445286500.0,499182.0,4163150.0,2,1,-0.2562148318042815,0.10956444954128419,0.10956444954128419,-0.3296602387511478,4.0
4768 晶呈科技,2026-04-28,2026-05-11,2026-04-27,2026-05-08,0.014285714285714285,8,4672,4680,-0.002940199931047549,化學工業,4768 晶呈科技,494.0,494.5,635.297634594697,0.014373716632443578,-0.024654832347139832,233889734.0,655197170.5,473461.0,1324969.0,2,0,-0.011603314777328011,0.06224822874493907,0.06224822874493907,-0.06952380952380943,6.0
5498 凱崴,2026-04-28,2026-05-11,2026-04-27,2026-05-08,0.014285714285714285,8,4672,4680,0.04694480065693418,電子零組件業,5498 凱崴,68.5,72.0,78.63270663072751,0.036308623298033416,0.0,167149658.5,805857696.0,2440141.0,11192468.0,2,0,0.0,0.15273686131386843,0.0053616423357663034,-0.12531645569620253,9.0
6415 矽力*-KY,2026-04-28,2026-05-11,2026-04-27,2026-05-08,0.014285714285714285,8,4672,4680,0.04348268160714319,半導體業,6415 矽力*-KY,420.0,440.0,2178.3399256465655,0.0,0.034077555816686145,1696486260.0,3986506920.0,4039253.0,9060243.0,2,0,-0.06473017857142871,0.11375642857142898,0.0,-0.06473017857142871,7.0
6423 億而得,2026-04-28,2026-05-11,2026-04-27,2026-05-08,0.014285714285714285,8,4672,4680,0.18625246833228615,半導體業,6423 億而得,99.5,118.5,113.69946949975359,-0.029268292682926855,0.03947368421052633,15943681.0,56201943.0,160238.0,474278.0,2,0,0.0,0.19541180904522615,0.09495703517587928,-0.04201680672268937,9.0
6643 M31,2026-04-28,2026-05-11,2026-04-27,2026-05-08,0.014285714285714285,8,4672,4680,0.15993583445726656,半導體業,6643 M31,547.0,637.0,774.7422687527323,0.007366482504604033,0.025764895330112614,320284910.0,1022025732.0,585530.0,1604436.0,2,0,-0.042502559414990926,0.2480357861060325,0.0,-0.0446153846153845,7.0
8271 宇瞻,2026-04-28,2026-05-11,2026-04-27,2026-05-08,0.014285714285714285,8,4672,4680,0.19798467318906576,半導體業,8271 宇瞻,219.5,264.0,469.1625365148165,0.04028436018957349,0.013435700575815668,213452336.0,3021838776.0,972448.0,11446359.0,2,0,-0.007305466970387142,0.18622443052391802,0.024570045558086617,-0.03111111111111109,8.0
3228 金麗科,2026-04-29,2026-05-12,2026-04-28,2026-05-11,0.015625,8,4673,4681,0.08576530968822205,半導體業,3228 金麗科,216.5,236.0,239.40794467403225,0.0,-0.022774327122153215,336405710.5,436056256.0,1553837.0,1847696.0,3,0,-0.08588475750577373,0.18881148960739047,0.0,-0.12038834951456301,6.0
3631 晟楠,2026-04-29,2026-05-12,2026-04-28,2026-05-11,0.015625,8,4673,4681,0.0670138796203037,電子零組件業,3631 晟楠,38.6,41.35,49.22255492128603,-0.003870967741935516,0.008536585365853666,4261092.600000001,29550653.45,110391.0,714647.0,2,0,-0.018601101036269663,0.07332412564766777,0.0,-0.018601101036269663,6.0
4971 IET-KY,2026-04-29,2026-05-12,2026-04-28,2026-05-11,0.015625,8,4673,4681,0.05931439059712895,半導體業,4971 IET-KY,740.0,787.0,983.3719635459224,-0.019867549668874163,0.08852005532503449,184735820.0,2141370336.0,249643.0,2720928.0,2,0,-0.07071189189189142,0.1008282094594597,0.1008282094594597,-0.15582822085889547,7.0
6213 聯茂,2026-04-27,2026-05-12,2026-04-24,2026-05-11,0.015384615384615385,10,4671,4681,0.09460093054549401,電子零組件業,6213 聯茂,283.0,311.0,801.4468115926139,0.025362318840579823,0.03494176372712143,3214284568.0,9068626892.0,11357896.0,29159572.0,2,0,-0.10466576855123688,0.06133308303886875,0.0,-0.10466576855123688,7.0
6217 中探針,2026-04-29,2026-05-12,2026-04-28,2026-05-11,0.015625,8,4673,4681,0.12760564221698067,電子零組件業,6217 中探針,265.0,300.0,459.26472619232123,-0.016697588126159513,0.06382978723404253,342820695.0,1308448500.0,1293663.0,4361495.0,2,0,-0.0004750000000000032,0.16925566037735806,0.0,-0.10588235294117654,8.0
8021 尖點,2026-04-17,2026-05-12,2026-04-16,2026-05-11,0.03333333333333333,16,4665,4681,0.2861106477850277,其他電子業,8021 尖點,364.0,470.0,1031.8531907162067,0.025352112676056304,0.09557109557109555,1557028564.0,4107041420.0,4277551.0,8738386.0,2,0,0.0,0.29471438873626377,0.07229261675824161,-0.1876988335100741,17.0
2429 銘旺科,2026-04-30,2026-05-13,2026-04-29,2026-05-12,0.016666666666666666,8,4674,4682,-0.08268037322954946,光電業,2429 銘旺科,54.4,50.1,0.6508847010840183,0.026415094339622636,-0.029069767441860406,13243843.2,33315798.6,243453.0,664986.0,2,0,-0.09785519301470558,0.0,0.0,-0.09785519301470558,0.0
6443 元晶,2026-04-30,2026-05-13,2026-04-29,2026-05-12,0.016666666666666666,8,4674,4682,0.18103267145535717,光電業,6443 元晶,35.0,41.5,23.743977937914707,-0.00990099009901002,0.0,125141170.0,4000707734.0,3575462.0,96402596.0,2,0,0.0,0.20371367857142886,0.009520250000000008,-0.006218905472636815,9.0
7734 印能科技,2026-04-30,2026-05-13,2026-04-29,2026-05-12,0.016666666666666666,8,4674,4682,0.18977073122128618,半導體業,7734 印能科技,3265.0,3900.0,4348.169014084507,0.0015337423312884457,-0.02010050251256279,228501025.0,3762591300.0,69985.0,964767.0,2,0,0.0,0.33933288667687567,0.04238365237366004,-0.06563706563706562,9.0
6658 聯策,2026-05-04,2026-05-14,2026-04-30,2026-05-13,0.01639344262295082,8,4675,4683,0.39253822999999977,其他電子業,6658 聯策,154.5,216.0,149.5169234655216,0.03344481605351168,0.014084507042253502,396004821.0,270729864.0,2563138.0,1253379.0,3,3,-0.07163859223300961,0.377985922330097,0.0,-0.0938967136150235,8.0
7711 永擎,2026-05-04,2026-05-14,2026-04-30,2026-05-13,0.01639344262295082,8,4675,4683,0.013838287243303382,電腦及週邊設備業,7711 永擎,420.0,427.5,413.0,0.03194103194103204,0.014234875444839812,130775820.0,929760345.0,311371.0,2174878.0,2,0,-0.048071428571428765,0.12089589285714264,0.12089589285714264,-0.15074309978768574,5.0
7751 竑騰,2026-05-04,2026-05-14,2026-04-30,2026-05-13,0.01639344262295082,8,4675,4683,-0.27807180784532537,半導體業,7751 竑騰,2380.0,1725.0,2695.9459459459463,-0.016528925619834656,0.0029069767441860517,471830240.0,548220525.0,198248.0,317809.0,2,3,-0.34904884453781493,0.11711617647058836,0.11711617647058836,-0.4172932330827066,3.0
6735 美達科技,2026-04-29,2026-05-15,2026-04-28,2026-05-14,0.015625,11,4673,4684,-0.07509489584821405,其他電子業,6735 美達科技,140.0,130.0,173.35619172798204,-0.03448275862068961,-0.05454545454545445,231138460.0,360744670.0,1650989.0,2774959.0,3,0,-0.13969455357142846,0.0,0.0,-0.13969455357142846,0.0
3167 大量,2026-05-07,2026-05-19,2026-05-06,2026-05-18,0.030303030303030304,8,4678,4686,-0.07944370675733525,電機機械,3167 大量,818.0,756.0,1554.7122517378623,0.028930817610062887,0.060308555399719355,1141811844.0,4588261524.0,1395858.0,6069129.0,2,0,-0.16421136919315416,0.0,0.0,-0.16421136919315416,0.0
6234 高僑,2026-05-07,2026-05-19,2026-05-06,2026-05-18,0.030303030303030304,8,4678,4686,-0.1707667559024394,光電業,6234 高僑,61.5,51.2,132.8642294344132,0.06034482758620707,-0.028462998102466885,157905862.5,359841843.20000005,2567575.0,7028161.0,2,0,-0.2288217682926832,0.007651219512195162,0.007651219512195162,-0.234677419354839,1.0
8027 鈦昇,2026-05-08,2026-05-20,2026-05-07,2026-05-19,0.03225806451612903,8,4679,4687,0.25715256875000003,電機機械,8027 鈦昇,206.0,260.0,239.6912367679825,0.009803921568627416,-0.02255639097744344,646482590.0,3864676920.0,3138265.0,14864142.0,2,0,-0.015031189320388383,0.3173351334951455,0.0,-0.11602209944751374,8.0
1597 直得,2026-05-11,2026-05-21,2026-05-08,2026-05-20,0.034482758620689655,8,4680,4688,0.004540727192827054,電機機械,1597 直得,176.0,177.5,379.3846636178432,0.01734104046242768,0.03801169590643294,360643712.0,1207714260.0,2049112.0,6804024.0,2,0,-0.05442663352272703,0.07619311079545477,0.07619311079545477,-0.12137203166226906,7.0
2233 宇隆,2026-05-11,2026-05-21,2026-05-08,2026-05-20,0.034482758620689655,8,4680,4688,0.1883926590215519,汽車工業,2233 宇隆,290.0,346.0,763.7685242140859,-0.006849315068493178,0.04216867469879526,231494240.0,1629410188.0,798256.0,4709278.0,2,0,-0.026324784482758545,0.1890900862068967,0.04260797413793105,-0.06611570247933873,7.0
2454 聯發科,2026-05-11,2026-05-21,2026-05-08,2026-05-20,0.034482758620689655,8,4680,4688,-0.048526884787587266,半導體業,2454 聯發科,3575.0,3415.0,13284.484531696735,-0.015151515151515249,0.05727554179566563,31070049725.0,20432259180.0,8690923.0,5983092.0,3,0,-0.11790171328671317,0.08479916083916095,0.08479916083916095,-0.18685567010309279,2.0
2486 一詮,2026-05-11,2026-05-21,2026-05-08,2026-05-20,0.034482758620689655,8,4680,4688,-0.07240550749355656,光電業,2486 一詮,291.0,271.0,508.7177580127446,0.03374777975133214,0.050387596899224896,658792572.0,3221587567.0,2263892.0,11887777.0,2,0,-0.14473634020618553,0.0,0.0,-0.14473634020618553,0.0
3163 波若威,2026-05-11,2026-05-21,2026-05-08,2026-05-20,0.034482758620689655,8,4680,4688,-0.037794764687500315,通信網路業,3163 波若威,1030.0,995.0,1510.682102226315,0.01980198019801982,0.04516806722689082,802730500.0,2586438820.0,779350.0,2599436.0,3,0,-0.1266286407766991,0.033489441747572624,0.033489441747572624,-0.15492957746478864,4.0
4542 科嶠,2026-05-11,2026-05-21,2026-05-08,2026-05-20,0.034482758620689655,8,4680,4688,0.24252361519292132,電子零組件業,4542 科嶠,196.0,244.5,333.1081465040169,0.0,0.03601694915254261,86785664.0,645075841.5,442784.0,2638347.0,2,0,-0.008124426020408082,0.3233507015306125,0.0,-0.06178489702517154,8.0
4908 前鼎,2026-05-11,2026-05-21,2026-05-08,2026-05-20,0.034482758620689655,8,4680,4688,0.0702257097140957,通信網路業,4908 前鼎,235.0,252.5,699.375981077868,0.023965141612200647,0.022267206477732726,126895535.0,1622863455.0,539981.0,6427182.0,2,0,-0.03237473404255331,0.05056457446808493,0.0,-0.04536082474226788,5.0
6683 雍智科技,2026-05-11,2026-05-21,2026-05-08,2026-05-20,0.034482758620689655,8,4680,4688,-0.13306615593749993,半導體業,6683 雍智科技,2160.0,1880.0,2697.471617632227,-0.02262443438914019,0.056179775280899014,631104480.0,6129333920.0,292178.0,3260284.0,2,1,-0.25035625000000006,0.09670104166666671,0.09670104166666671,-0.3164556962025318,2.0
8064 東捷,2026-05-11,2026-05-21,2026-05-08,2026-05-20,0.034482758620689655,8,4680,4688,0.17154646525892847,光電業,8064 東捷,105.0,123.5,214.31146796835918,0.01449275362318847,0.0,359659230.0,2368565621.5,3425326.0,19178669.0,2,0,0.0,0.3041421428571429,0.08043892857142865,-0.12043795620437958,9.0
2426 鼎元,2026-05-12,2026-05-22,2026-05-11,2026-05-21,0.037037037037037035,8,4681,4689,0.11842371055892875,光電業,2426 鼎元,70.0,78.6,102.66028497881219,0.0494752623688155,0.03830911492734468,210065240.0,1497604707.0,3000932.0,19053495.0,2,0,-0.11613432142857139,0.18800685714285748,0.0,-0.11613432142857139,2.0
3030 德律,2026-05-12,2026-05-22,2026-05-11,2026-05-21,0.037037037037037035,8,4681,4689,-0.015167954951501916,其他電子業,3030 德律,399.5,395.0,2411.5478030326385,0.006297229219143663,0.035386631716907146,561814852.5,2213495865.0,1406295.0,5603787.0,2,0,-0.1318268460575719,0.049563798498122535,0.035803128911138904,-0.16183574879227047,4.0
3455 由田,2026-05-12,2026-05-22,2026-05-11,2026-05-21,0.037037037037037035,8,4681,4689,0.043807551682363055,光電業,3455 由田,292.0,306.0,674.4737493658629,0.020979020979021046,-0.012903225806451646,157064172.0,1248749586.0,537891.0,4080881.0,2,0,-0.09460834760273962,0.0611395547945206,0.0,-0.09460834760273962,2.0
3581 博磊,2026-05-12,2026-05-22,2026-05-11,2026-05-21,0.037037037037037035,8,4681,4689,0.029253372312499915,半導體業,3581 博磊,240.0,248.0,368.5178339968633,0.014799154334038,0.09977827050997767,53961360.0,88550384.0,224839.0,357058.0,3,0,-0.14623906250000007,0.032842499999999886,0.0,-0.14623906250000007,1.0
4951 精拓科,2026-05-07,2026-05-22,2026-05-06,2026-05-21,0.030303030303030304,11,4678,4689,0.022765679568965025,半導體業,4951 精拓科,130.5,134.0,149.396411281893,-0.003816793893129722,0.011320754716980908,212208138.0,665068532.0,1626116.0,4963198.0,3,0,-0.10387413793103473,0.07228735632183869,0.011013793103448188,-0.11363636363636376,4.0
6861 睿生光電,2026-04-28,2026-05-22,2026-04-27,2026-05-21,0.014285714285714285,17,4672,4689,0.5753292900479849,生技醫療業,6861 睿生光電,260.5,412.0,290.88188906538153,-0.027985074626865614,-0.036257309941520544,453499761.0,1778930716.0,1740882.0,4317793.0,3,0,0.0,0.7458114203454898,0.04748685220729354,-0.10549450549450556,18.0
1595 川寶,2026-05-13,2026-05-25,2026-05-12,2026-05-22,0.037037037037037035,8,4682,4690,0.07233085583379628,半導體業,1595 川寶,90.1,97.0,195.59439660539988,-0.0044198895027626195,-0.011213047910295426,81232267.89999999,511980162.0,901579.0,5278146.0,2,0,-0.057051886792452655,0.0882730577136519,0.033914872364040116,-0.08798283261802575,5.0
3532 台勝科,2026-05-13,2026-05-25,2026-05-12,2026-05-22,0.037037037037037035,8,4682,4690,0.04989228038851379,半導體業,3532 台勝科,259.0,273.0,227.55019368523838,-0.020793950850661602,0.09859154929577474,218769271.0,1227972564.0,844669.0,4498068.0,2,0,-0.2204476833976834,0.05355337837837859,0.0,-0.2204476833976834,1.0
6274 台燿,2026-05-13,2026-05-25,2026-05-12,2026-05-22,0.037037037037037035,8,4682,4690,0.14242483225806457,電子零組件業,6274 台燿,1395.0,1600.0,3125.8322930750987,-0.037931034482758696,0.09965635738831624,2743204725.0,2376876800.0,1966455.0,1485548.0,3,0,-0.1366110215053763,0.14640860215053775,0.038932795698924716,-0.1689655172413792,4.0
6405 悅城,2026-05-08,2026-05-25,2026-05-07,2026-05-22,0.03225806451612903,11,4679,4690,0.08918484775158442,光電業,6405 悅城,63.1,69.0,92.04210389625372,0.032733224222585955,0.09872611464968162,187639775.9,115706376.0,2973689.0,1676904.0,3,0,-0.15254219492868493,0.09298296354992042,0.020117432646592714,-0.16925465838509346,2.0
3016 嘉晶,2026-05-11,2026-05-26,2026-05-08,2026-05-25,0.034482758620689655,11,4680,4691,0.15245645526859475,半導體業,3016 嘉晶,121.0,140.0,183.77699701769336,0.03418803418803429,0.05263157894736836,665214682.0,3039865500.0,5497642.0,21713325.0,3,0,-0.15329493801652905,0.09865144628099154,0.06147902892561974,-0.2023346303501946,5.0
3026 禾伸堂,2026-05-14,2026-05-26,2026-05-13,2026-05-25,0.03333333333333333,8,4683,4691,0.4592017178623946,電子零組件業,3026 禾伸堂,357.0,523.0,944.9638602317876,0.09846153846153838,0.0,1612579710.0,1769526568.0,4517030.0,3383416.0,3,3,-0.08446869747899166,0.59588025210084,0.0009248949579832022,-0.08531468531468533,8.0
4561 健椿,2026-05-14,2026-05-26,2026-05-13,2026-05-25,0.03333333333333333,8,4683,4691,0.08275678369426731,電機機械,4561 健椿,47.1,51.2,63.70875758261873,-0.008421052631578996,-0.011583011583011449,18893741.1,88120729.60000001,401141.0,1721108.0,2,0,0.0,0.09926528662420342,0.02817380573248407,-0.04312938816449341,9.0
6173 信昌電,2026-05-14,2026-05-26,2026-05-13,2026-05-25,0.03333333333333333,8,4683,4691,0.23487105223684202,電子零組件業,6173 信昌電,171.0,212.0,291.10657777002956,0.07547169811320753,0.0023640661938533203,585431325.0,376378228.0,3423575.0,1775369.0,3,3,-0.09399780701754379,0.3093192982456139,0.005370175438596636,-0.09883720930232565,5.0
6182 合晶,2026-05-14,2026-05-26,2026-05-13,2026-05-25,0.03333333333333333,8,4683,4691,0.4671336703795814,半導體業,6182 合晶,57.3,84.4,94.61004590831458,0.03616636528028927,0.09895833333333348,650049877.5,1886956120.0000002,11344675.0,22357300.0,2,1,-0.04059554973821977,0.4722497382198956,0.0012693717277487693,-0.04181184668989546,6.0
6488 環球晶,2026-05-14,2026-05-26,2026-05-13,2026-05-25,0.03333333333333333,8,4683,4691,0.09882895470222941,半導體業,6488 環球晶,785.0,866.0,1163.2704585361637,0.046666666666666634,0.09898477157360408,2139143840.0,10366940558.0,2725024.0,11971063.0,2,0,-0.18764719745222913,0.10266070063694288,0.0033448407643312805,-0.19035532994923843,3.0
8227 巨有科技,2026-05-14,2026-05-26,2026-05-13,2026-05-25,0.03333333333333333,8,4683,4691,0.1632720007299271,半導體業,8227 巨有科技,205.5,240.0,212.977753084705,0.017326732673267342,-0.036144578313252906,143678613.0,794881440.0,699166.0,3312006.0,2,0,-0.06370529197080288,0.21110328467153305,0.011684671532846691,-0.09839357429718865,7.0
1809 中釉,2026-05-15,2026-05-27,2026-05-14,2026-05-26,0.029411764705882353,8,4684,4692,0.1716057540476561,玻璃陶瓷,1809 中釉,40.0,47.05,58.018870084706954,0.019108280254777066,-0.045638945233265726,107183560.0,619924918.75,2679589.0,13175875.0,2,1,-0.06044650000000007,0.23191456249999987,0.0,-0.09939148073022308,4.0
2059 川湖,2026-05-15,2026-05-27,2026-05-14,2026-05-26,0.029411764705882353,8,4684,4692,-0.02228650960937484,電子零組件業,2059 川湖,5160.0,5065.0,8844.617467804148,0.029940119760478945,0.005958291956305706,1423205400.0,2850414855.0,275815.0,562767.0,2,0,-0.13800654069767426,0.0,0.0,-0.13800654069767426,0.0
3450 聯鈞,2026-05-15,2026-05-27,2026-05-14,2026-05-26,0.029411764705882353,8,4684,4692,0.2346407669374999,半導體業,3450 聯鈞,430.0,533.0,1744.1290754399279,0.018957345971563955,0.005660377358490676,2013132290.0,9238022625.0,4681703.0,17332125.0,2,1,-0.08764287790697689,0.23197267441860459,0.0,-0.08764287790697689,5.0
3653 健策,2026-05-15,2026-05-27,2026-05-14,2026-05-26,0.029411764705882353,8,4684,4692,0.12333313941214707,電子零組件業,3653 健策,3365.0,3795.0,7624.348633102625,0.0,0.03405994550408731,2746496175.0,11913021120.0,816195.0,3139136.0,2,0,-0.09998194650817249,0.11982444279346205,0.029228566121842325,-0.1255411255411255,5.0
5464 霖宏,2026-05-18,2026-05-28,2026-05-15,2026-05-27,0.02702702702702703,8,4685,4693,0.29597798408457265,電子零組件業,5464 霖宏,53.8,70.0,179.19791452518845,-0.05779334500875677,-0.015471167369901506,53500495.4,316868720.0,994433.0,4526696.0,2,0,0.0,0.4026791356877326,0.06454986059479562,-0.026027397260274032,9.0
7769 鴻勁,2026-05-18,2026-05-28,2026-05-15,2026-05-27,0.02702702702702703,8,4685,4693,0.20359397174382132,半導體業,7769 鴻勁,6575.0,7945.0,6655.0,-0.046410442349528624,0.018589743589743524,5055208475.0,12020562540.0,768853.0,1512972.0,2,0,0.0,0.20095019011406823,0.011686520912547405,-0.025316455696202333,9.0
8042 金山電,2026-05-18,2026-05-28,2026-05-15,2026-05-27,0.02702702702702703,8,4685,4693,0.36459076135625024,電子零組件業,8042 金山電,100.0,137.0,291.73268071970483,0.01936799184505622,-0.0897009966777409,230672100.0,147657093.0,2306721.0,1077789.0,2,3,0.0,0.5142803750000002,0.07448937499999997,-0.016000000000000014,9.0
4966 譜瑞-KY,2026-05-19,2026-05-29,2026-05-18,2026-05-28,0.023809523809523808,8,4686,4694,0.1531827933706551,半導體業,4966 譜瑞-KY,748.0,866.0,1365.2097039304983,-0.011889035667107195,0.024852071005917242,1045814704.0,7897467948.0,1398148.0,9119478.0,2,0,-0.027200267379679066,0.16254913101604251,0.0,-0.04137931034482745,8.0
6263 普萊德,2026-05-19,2026-05-29,2026-05-18,2026-05-28,0.023809523809523808,8,4686,4694,0.02972100219542284,通信網路業,6263 普萊德,177.5,183.5,635.6247615721245,0.031976744186046346,0.03672316384180796,31577250.0,79131989.5,177900.0,431237.0,2,0,-0.045524014084507014,0.04175845070422546,0.0,-0.045524014084507014,5.0
6831 邁科,2026-05-19,2026-05-29,2026-05-18,2026-05-28,0.023809523809523808,8,4686,4694,0.10550787596840672,電腦及週邊設備業,6831 邁科,728.0,808.0,738.4430693069307,-0.005464480874317057,0.022784810126582178,417874184.0,1768498688.0,574003.0,2188736.0,3,0,-0.01145879120879123,0.12583859890109905,0.006389869505494472,-0.09512195121951217,8.0
8069 元太,2026-05-19,2026-05-29,2026-05-18,2026-05-28,0.023809523809523808,8,4686,4694,0.06245509399999993,光電業,8069 元太,225.0,240.0,413.7900733615072,0.02739726027397249,0.030042918454935563,1640013750.0,6415715280.0,7288950.0,26732147.0,3,0,-0.022686666666666522,0.10614100000000026,0.10614100000000026,-0.11646586345381538,6.0
8114 振樺電,2026-05-19,2026-05-29,2026-05-18,2026-05-28,0.023809523809523808,8,4686,4694,0.157448908828125,電腦及週邊設備業,8114 振樺電,216.0,251.0,758.5429754702211,0.009345794392523477,0.020325203252032464,139788720.0,377654098.0,647170.0,1504598.0,2,0,-0.002788715277777687,0.2355239583333335,0.0,-0.07865168539325851,8.0
8358 金居,2026-05-19,2026-05-29,2026-05-18,2026-05-28,0.023809523809523808,8,4686,4694,0.3411951295625002,電子零組件業,8358 金居,430.0,579.0,699.1890001650642,0.004672897196261738,0.047016274864376095,1182155140.0,12002044680.0,2749198.0,20728920.0,2,0,-0.0027994767441860136,0.4132818604651165,0.0,-0.022018348623853212,8.0
3135 凌航,2026-05-20,2026-06-01,2026-05-19,2026-05-29,0.022727272727272724,8,4687,4695,0.3532743630219246,半導體業,3135 凌航,191.0,259.5,194.79202772963606,0.015957446808510634,-0.0038387715930900956,341411545.0,1721958181.5,1787495.0,6635677.0,2,1,-0.00309155759162294,0.3632265052356023,0.0,-0.03838771593090207,8.0
5228 鈺鎧,2026-05-20,2026-06-01,2026-05-19,2026-05-29,0.022727272727272724,8,4687,4695,0.3485006962307695,電子零組件業,5228 鈺鎧,48.75,66.0,51.85211218836566,0.06673960612691454,0.03125,20759992.5,233627394.0,425846.0,3539809.0,2,0,0.0,0.326549076923077,0.027204153846153822,-0.017142857142856904,9.0
6829 千附精密,2026-05-20,2026-06-01,2026-05-19,2026-05-29,0.022727272727272724,8,4687,4695,0.21212634732142854,半導體業,6829 千附精密,189.0,230.0,216.28376325311436,0.016129032258064502,0.029082774049216997,37149084.0,477695280.0,196556.0,2076936.0,2,0,-0.02691746031746034,0.2983248015873017,0.0,-0.06430155210642996,8.0
7751 竑騰,2026-05-15,2026-06-01,2026-05-14,2026-05-29,0.029411764705882353,11,4684,4695,0.13923407540234356,半導體業,7751 竑騰,1600.0,1830.0,1646.9594594594596,0.032258064516129004,0.03682719546742197,855624000.0,1940248350.0,534765.0,1060245.0,3,0,-0.06294531250000002,0.1432067187499999,0.11509507812499997,-0.15966386554621848,11.0
3498 陽程,2026-05-21,2026-06-02,2026-05-20,2026-06-01,0.02631578947368421,8,4688,4696,-0.04379041540000006,其他電子業,3498 陽程,150.0,144.0,186.3770293754414,0.04529616724738683,0.0,143340750.0,565988400.0,955605.0,3930475.0,2,0,-0.06377825000000004,0.06615999999999977,0.06615999999999977,-0.12187499999999984,5.0
4971 IET-KY,2026-05-21,2026-06-02,2026-05-20,2026-06-01,0.02631578947368421,8,4688,4696,0.1747931914028582,半導體業,4971 IET-KY,691.0,815.0,932.7094713685235,-0.0128571428571429,0.03295310519645134,149705150.0,2702331360.0,216650.0,3315744.0,2,0,0.0,0.14128107814761215,0.03858024602026067,-0.09885931558935368,9.0
3008 大立光,2026-05-22,2026-06-03,2026-05-21,2026-06-02,0.027027027027027025,8,4689,4697,0.13174564360869567,光電業,3008 大立光,3450.0,3920.0,6827.84503055445,-0.0028901734104046506,0.0181818181818183,4447740000.0,14531345920.0,1289200.0,3706976.0,3,0,-0.0077179347826089595,0.1545238043478261,0.11396336956521713,-0.10923276983094932,8.0
3665 貿聯-KY,2026-05-22,2026-06-03,2026-05-21,2026-06-02,0.027027027027027025,8,4689,4697,0.03580537504018855,其他電子業,3665 貿聯-KY,2255.0,2345.0,4659.926040057903,0.04640371229698381,0.06833712984054685,5166759730.0,11454011800.0,2291246.0,4884440.0,2,0,-0.07582721729490005,0.05714728381374723,0.05714728381374723,-0.12578616352201244,3.0
6217 中探針,2026-05-22,2026-06-03,2026-05-21,2026-06-02,0.027027027027027025,8,4689,4697,0.2577593392205879,電子零組件業,6217 中探針,255.0,322.0,471.39624726155233,0.030303030303030276,0.05573770491803276,432228570.0,3749568284.0,1695014.0,11644622.0,3,0,0.0,0.19551029411764675,0.06616,-0.042622950819672045,9.0
6924 榮惠-KY創,2026-05-22,2026-06-03,2026-05-21,2026-06-02,0.027027027027027025,8,4689,4697,0.15650981926671714,電子零組件業,6924 榮惠-KY創,164.5,191.0,182.06881405563692,0.0030487804878047697,-0.012919896640826933,10780343.0,34862084.0,65534.0,182524.0,3,0,-0.021741489361702282,0.17573305471124612,0.023829559270516665,-0.04451038575667665,6.0
8091 翔名,2026-05-22,2026-06-03,2026-05-21,2026-06-02,0.027027027027027025,8,4689,4697,0.010080547112676141,半導體業,8091 翔名,248.5,252.0,624.3076429203525,0.010162601626016343,0.0,237211887.5,311783472.0,954575.0,1237236.0,2,0,0.0,0.10008083501006038,0.07393631790744482,-0.07861060329067626,9.0
1591 駿吉-KY,2026-05-25,2026-06-04,2026-05-22,2026-06-03,0.02857142857142857,8,4690,4698,0.06079500791562542,電機機械,1591 駿吉-KY,40.0,42.6,83.0599075276175,0.058201058201058364,-0.015028901734103872,14877000.0,8298096.600000001,371925.0,194791.0,7,4,0.0,0.14945375000000038,0.03825659375000012,-0.12608695652173896,9.0
3624 光頡,2026-05-25,2026-06-04,2026-05-22,2026-06-03,0.02857142857142857,8,4690,4698,0.09041443857894738,電子零組件業,3624 光頡,95.0,104.0,170.008638729717,0.03825136612021862,-0.09565217391304337,417158395.0,1540592560.0,4391141.0,14813390.0,2,0,-0.01625697368421053,0.28360052631578925,0.0,-0.15163934426229497,6.0
3675 德微,2026-05-27,2026-06-08,2026-05-26,2026-06-05,0.034482758620689655,8,4692,4700,-0.06094313047343336,半導體業,3675 德微,367.0,346.0,565.9670112404208,0.0988023952095809,-0.09895833333333348,660683676.0,148688656.0,1800228.0,429736.0,3,0,-0.05766852861035432,0.12480606267029981,0.12480606267029981,-0.16222760290556915,6.0
6538 倉和,2026-05-27,2026-06-08,2026-05-26,2026-06-05,0.034482758620689655,8,4692,4700,-0.14952512908173088,電子零組件業,6538 倉和,130.0,111.0,223.76439716962045,0.015625,-0.09756097560975607,87737000.0,92168184.0,674900.0,830344.0,2,0,-0.14655942307692316,0.04565692307692282,0.04565692307692282,-0.1838235294117646,1.0
6742 澤米,2026-05-27,2026-06-08,2026-05-26,2026-06-05,0.034482758620689655,8,4692,4700,-0.14059675764256196,光電業,6742 澤米,60.5,52.2,58.91924135343048,0.015100671140939603,-0.09999999999999998,54015791.5,77441988.60000001,892823.0,1483563.0,2,0,-0.09960144628099177,0.05074033057851235,0.05074033057851235,-0.14308176100628933,2.0
6834 天二科技,2026-05-27,2026-06-08,2026-05-26,2026-06-05,0.034482758620689655,8,4692,4700,-0.22529316062500016,電子零組件業,6834 天二科技,81.0,63.0,82.27559055118111,-0.01098901098901095,-0.10000000000000009,193987629.0,52901478.0,2394909.0,839706.0,3,2,-0.1584246296296299,0.0,0.0,-0.1584246296296299,0.0
8027 鈦昇,2026-05-27,2026-06-08,2026-05-26,2026-06-05,0.034482758620689655,8,4692,4700,-0.005831244744801345,電機機械,8027 鈦昇,264.5,264.0,294.59587967296375,0.031189083820662766,-0.0989761092150171,340698218.0,520356672.0,1288084.0,1971048.0,2,0,-0.07227452741020812,0.10722429111531206,0.0,-0.0989761092150171,5.0
1409 新纖,2026-06-08,2026-06-09,2026-06-05,2026-06-08,0.02380952380952381,1,4700,4701,0.06354591031827495,紡織纖維,1409 新纖,24.35,26.0,54.04435664441916,-0.06883365200764813,0.048387096774193505,612583396.15,360897732.0,25157429.0,13880682.0,2,2,0.0,0.02210154004106757,0.017996714579055384,0.0,2.0
1563 巧新,2026-06-05,2026-06-09,2026-06-04,2026-06-08,0.024390243902439022,2,4699,4701,-0.04469591690056851,汽車工業,1563 巧新,66.0,63.3,58.646756696931035,-0.004524886877827927,0.046280991735537125,59743002.0,117937584.89999999,905197.0,1863153.0,2,2,-0.08376875000000017,0.0,0.0,-0.08376875000000017,0.0
1568 倉佑,2026-06-03,2026-06-09,2026-06-02,2026-06-08,0.028571428571428574,4,4697,4701,-0.13793235660192915,汽車工業,1568 倉佑,47.95,41.5,68.94582088365271,-0.009297520661156855,0.05196451204055763,65374982.050000004,31801616.0,1363399.0,766304.0,3,2,-0.17765878519290923,0.0,0.0,-0.17765878519290923,0.0
2302 麗正,2026-06-04,2026-06-09,2026-06-03,2026-06-08,0.026315789473684213,3,4698,4701,-0.08647834328392878,半導體業,2302 麗正,35.0,32.1,17.806379178324796,-0.014084507042253391,0.015822784810126667,61993085.0,30472722.6,1771231.0,949306.0,2,2,-0.09757171428571443,0.0,0.0,-0.09757171428571443,0.0
2327 國巨*,2026-05-28,2026-06-09,2026-05-27,2026-06-08,0.0303030303030303,8,4693,4701,0.10984598588681238,電子零組件業,2327 國巨*,709.0,790.0,1673.0325985981115,0.01141226818830221,0.051930758988016024,17741572875.0,41293712380.0,25023375.0,52270522.0,3,0,0.0,0.19266311706629047,0.04604732016925239,-0.12174940898345155,9.0
2337 旺宏,2026-06-05,2026-06-09,2026-06-04,2026-06-08,0.024390243902439022,2,4699,4701,-0.003948349374999993,半導體業,2337 旺宏,148.0,148.0,156.37704069688198,-0.054313099041533475,0.03135888501742179,8078831452.0,3393825444.0,54586699.0,22931253.0,2,2,-0.030865962837837935,0.013032094594594534,0.013032094594594534,-0.043333333333333335,1.0
2375 凱美,2026-06-03,2026-06-09,2026-06-02,2026-06-08,0.028571428571428574,4,4697,4701,-0.03170211053792549,電子零組件業,2375 凱美,161.5,157.0,44.61921781651899,-0.006153846153846176,0.046666666666666634,485944294.5,791948035.0,3008943.0,5044255.0,2,2,-0.10259365325077385,0.021186532507740274,0.0,-0.10259365325077385,1.0
2455 全新,2026-05-29,2026-06-09,2026-05-28,2026-06-08,0.03333333333333333,7,4694,4701,-0.06885397071898491,通信網路業,2455 全新,399.0,373.0,1083.4650867500852,0.019157088122605304,0.037552155771905404,835065903.0,739493015.0,2092897.0,1982555.0,2,2,-0.09942546992481183,0.0571417293233083,0.0571417293233083,-0.14810426540284338,4.0
2472 立隆電,2026-06-03,2026-06-09,2026-06-02,2026-06-08,0.028571428571428574,4,4697,4701,-0.06230014907101511,電子零組件業,2472 立隆電,367.0,345.5,786.8235778604519,-0.03421052631578947,0.019174041297935096,1053167055.0,861539836.5,2869665.0,2493603.0,3,2,-0.07673303814713905,0.014504257493187955,0.0,-0.07673303814713905,1.0
2478 大毅,2026-05-28,2026-06-09,2026-05-27,2026-06-08,0.0303030303030303,8,4693,4701,0.3532853649841774,電子零組件業,2478 大毅,118.5,161.0,251.35840544955286,-0.012499999999999956,0.0592105263157896,701882965.5,3592963423.0,5923063.0,22316543.0,2,0,0.0,0.4086132911392406,0.07122088607594934,-0.04861111111111116,9.0
2492 華新科,2026-05-19,2026-06-09,2026-05-18,2026-06-08,0.023809523809523808,15,4686,4701,0.919620669397007,電子零組件業,2492 華新科,213.0,410.5,367.16685086034323,-0.020689655172413834,0.026249999999999885,1902530058.0,1689640167.0,8932066.0,4116054.0,3,2,0.0,1.139828169014085,0.03237323943661985,-0.14035087719298245,16.0
3090 日電貿,2026-05-29,2026-06-09,2026-05-28,2026-06-08,0.03333333333333333,7,4694,4701,-0.046668397595937106,電子零組件業,3090 日電貿,221.5,212.0,1694.100206419837,0.06235011990407657,0.01193317422434359,608379431.0,450511872.0,2746634.0,2125056.0,2,2,-0.05462533860045171,0.05367533860045137,0.05367533860045137,-0.10278372591006435,3.0
3167 大量,2026-05-28,2026-06-09,2026-05-27,2026-06-08,0.0303030303030303,8,4693,4701,0.08551736774700602,電機機械,3167 大量,835.0,910.0,1637.0811127570869,0.018292682926829285,0.052023121387283267,419403800.0,3371966780.0,502280.0,3705458.0,2,0,-0.05912976047904195,0.13838116766467068,0.0,-0.08947368421052626,6.0
3189 景碩,2026-06-01,2026-06-09,2026-05-29,2026-06-08,0.029411764705882356,6,4695,4701,-0.05105890041807448,半導體業,3189 景碩,740.0,705.0,1847.7519395698216,0.015089163237311354,0.010028653295128809,4601559760.0,3904026330.0,6218324.0,5537626.0,3,2,-0.06530905405405418,0.04544912162162151,0.04544912162162151,-0.10594315245478036,2.0
3236 千如,2026-06-01,2026-06-09,2026-05-29,2026-06-08,0.029411764705882356,6,4695,4701,-0.0583103232647445,電子零組件業,3236 千如,56.8,53.7,139.8308288028053,0.032727272727272716,0.013207547169811429,166577587.2,139521675.3,2932704.0,2598169.0,2,2,-0.09374053697183093,0.008323635563380227,0.008323635563380227,-0.10122164048865612,1.0
3346 麗清,2026-06-08,2026-06-09,2026-06-05,2026-06-08,0.02380952380952381,1,4700,4701,0.056104660745842416,汽車工業,3346 麗清,24.05,25.5,31.89532779932225,-0.09925093632958792,0.020000000000000018,37788370.1,24964398.0,1571242.0,978996.0,3,2,0.0,0.039007276507276645,0.039007276507276645,-0.007999999999999896,2.0
3481 群創,2026-06-08,2026-06-09,2026-06-05,2026-06-08,0.02380952380952381,1,4700,4701,0.029013028929033347,光電業,3481 群創,48.35,49.95,81.11470488374864,-0.0996275605214153,0.033092037228541926,4294667234.25,6219454419.900001,88824555.0,124513602.0,2,2,-0.0004750000000000032,0.015029524301964914,0.0,-0.0004750000000000032,1.0
3485 敘豐,2026-06-04,2026-06-09,2026-06-03,2026-06-08,0.026315789473684213,3,4698,4701,-0.10192064287909841,電子零組件業,3485 敘豐,366.0,330.0,368.0,-0.053040103492884905,0.03125,191690670.0,98690460.0,523745.0,299062.0,2,2,-0.12609836065573776,0.004986885245901629,0.004986885245901629,-0.13043478260869568,1.0
3491 昇達科,2026-05-28,2026-06-09,2026-05-27,2026-06-08,0.0303030303030303,8,4693,4701,-0.1281618493352943,通信網路業,3491 昇達科,2125.0,1860.0,7194.573308169041,0.02163461538461542,0.04201680672268915,2323132875.0,6855909780.0,1093239.0,3685973.0,3,0,-0.16039900000000007,0.034802352941176506,0.034802352941176506,-0.1886363636363637,2.0
4127 天良,2026-05-29,2026-06-09,2026-05-28,2026-06-08,0.03333333333333333,7,4694,4701,-0.014544643530585488,生技醫療業,4127 天良,65.8,65.1,81.24325357545857,0.0,-0.028358208955223896,29047673.2,17005356.9,441454.0,261219.0,2,2,-0.027817629179331615,0.06636253799392078,0.06636253799392078,-0.08831908831908841,7.0
4722 國精化,2026-05-28,2026-06-09,2026-05-27,2026-06-08,0.0303030303030303,8,4693,4701,-0.0941637484149721,化學工業,4722 國精化,270.5,246.0,710.0507651702108,0.0,-0.014028056112224463,245997028.0,878199582.0,909416.0,3569917.0,2,0,-0.09470009242144162,0.0567990757855823,0.0567990757855823,-0.14335664335664322,7.0
4916 事欣科,2026-05-28,2026-06-09,2026-05-27,2026-06-08,0.0303030303030303,8,4693,4701,0.15229504680147055,電腦及週邊設備業,4916 事欣科,102.0,118.0,167.9735021173958,0.026156941649899457,0.017241379310344973,611967666.0,1605391180.0,5999683.0,13605010.0,2,0,0.0,0.22000845588235296,0.004424632352941105,-0.06827309236947787,9.0
4958 臻鼎-KY,2026-06-01,2026-06-09,2026-05-29,2026-06-08,0.029411764705882356,6,4695,4701,-0.02386630115739019,電子零組件業,4958 臻鼎-KY,542.0,528.0,1052.3132125894215,0.05242718446601957,0.03125,6868961120.0,5876562912.0,12673360.0,11129854.0,2,2,-0.09176003228782315,0.011075734140574722,0.010589852398523725,-0.10127737226277378,2.0
4979 華星光,2026-06-05,2026-06-09,2026-06-04,2026-06-08,0.024390243902439022,2,4699,4701,-0.0003263433727273002,通信網路業,4979 華星光,550.0,552.0,1001.6411393463318,-0.06779661016949157,0.027932960893854775,747806400.0,477934296.0,1359648.0,865823.0,2,3,-0.024100136363636393,0.08312163636363623,0.08312163636363623,-0.09899328859060397,2.0
5321 美而快,2026-06-01,2026-06-09,2026-05-29,2026-06-08,0.029411764705882356,6,4695,4701,-0.31282847796602775,數位雲端,5321 美而快,57.4,39.6,1.6427958898429476,0.09961685823754762,-0.034146341463414775,48982117.8,29565716.400000002,853347.0,746609.0,3,2,-0.298242900696864,0.0552476480836237,0.0552476480836237,-0.3349834983498349,1.0
6173 信昌電,2026-06-01,2026-06-09,2026-05-29,2026-06-08,0.029411764705882356,6,4695,4701,-0.060685468714398505,電子零組件業,6173 信昌電,237.0,223.5,401.11778448544766,0.0,0.06682577565632464,338076471.0,301221231.0,1426483.0,1347746.0,3,2,-0.11645363924050611,0.0,0.0,-0.11645363924050611,0.0
6182 合晶,2026-06-04,2026-06-09,2026-06-03,2026-06-08,0.026315789473684213,3,4698,4701,-0.120507585086436,半導體業,6182 合晶,94.0,83.0,149.82671033215672,-0.029927760577915463,0.03750000000000009,433529222.0,816143565.0,4612013.0,9833055.0,2,2,-0.14934042553191484,0.0,0.0,-0.14934042553191484,0.0
6239 力成,2026-06-02,2026-06-09,2026-06-01,2026-06-08,0.029411764705882353,5,4696,4701,-0.15086259824932358,半導體業,6239 力成,369.5,315.0,1576.701960087734,0.009562841530054822,0.01941747572815533,9076569817.5,3645982305.0,24564465.0,11574547.0,3,2,-0.16413200270636008,0.0,0.0,-0.16413200270636008,0.0
6271 同欣電,2026-06-01,2026-06-09,2026-05-29,2026-06-08,0.029411764705882356,6,4695,4701,-0.09090523950892848,半導體業,6271 同欣電,252.0,230.0,514.628117647703,0.020242914979757165,0.05263157894736836,658231308.0,487920850.0,2612029.0,2121395.0,2,2,-0.13334836309523812,0.0,0.0,-0.13334836309523812,0.0
6291 沛亨,2026-06-03,2026-06-09,2026-06-02,2026-06-08,0.028571428571428574,4,4697,4701,-0.12904863617845785,半導體業,6291 沛亨,629.0,550.0,52.733840729619644,0.014516129032258185,-0.028268551236749095,241591352.0,290883450.0,384088.0,528879.0,2,2,-0.11329896661367245,0.0,0.0,-0.11329896661367245,0.0
6449 鈺邦,2026-05-21,2026-06-09,2026-05-20,2026-06-08,0.02631578947368421,13,4688,4701,0.18905819884299357,電子零組件業,6449 鈺邦,289.0,345.0,457.52898620335924,0.07635009310986973,0.023738872403560984,566031354.0,88974810.0,1958586.0,257898.0,3,2,0.0,0.4214698096885816,0.020276384083045107,-0.18004866180048673,14.0
6488 環球晶,2026-06-03,2026-06-09,2026-06-02,2026-06-08,0.028571428571428574,4,4697,4701,-0.17031016761768614,半導體業,6488 環球晶,940.0,783.0,1402.4199690474054,0.0,0.01953125,1515186940.0,1762305147.0,1611901.0,2250709.0,2,2,-0.18336680851063836,0.010158244680851025,0.010158244680851025,-0.19157894736842107,1.0
6548 長科*,2026-06-08,2026-06-09,2026-06-05,2026-06-08,0.02380952380952381,1,4700,4701,0.026870080409189256,半導體業,6548 長科*,80.8,83.3,2891.1646145517216,-0.09921962095875148,0.00969696969696976,440559576.0,296538420.5,5452470.0,3559885.0,3,2,0.0,0.07003604579207923,0.020554610148515007,0.0,2.0
6570 維田,2026-06-01,2026-06-09,2026-05-29,2026-06-08,0.029411764705882356,6,4695,4701,-0.03392983718645459,電腦及週邊設備業,6570 維田,59.8,58.0,98.15509806015994,0.0016750418760467234,0.02473498233215543,26428191.4,10869606.0,441943.0,187407.0,2,2,-0.05396128762541785,0.0112251254180602,0.0112251254180602,-0.0644628099173552,1.0
6654 天正國際,2026-06-04,2026-06-09,2026-06-03,2026-06-08,0.026315789473684213,3,4698,4701,0.02034559332317043,其他電子業,6654 天正國際,164.0,168.0,224.02243994452857,-0.012048192771084265,-0.0029673590504450953,28285736.0,18105024.0,172474.0,107768.0,3,2,0.0,0.042187652439024115,0.03304565548780469,-0.014619883040935644,4.0
6770 力積電,2026-06-04,2026-06-09,2026-06-03,2026-06-08,0.026315789473684213,3,4698,4701,-0.1541370783594691,半導體業,6770 力積電,82.9,70.4,85.29071196925581,-0.020094562647754,0.04296296296296309,6094345666.700001,4060731488.0000005,73514423.0,57680845.0,2,2,-0.18615274427020512,0.0,0.0,-0.18615274427020512,0.0
6821 聯寶,2026-06-02,2026-06-09,2026-06-01,2026-06-08,0.029411764705882353,5,4696,4701,-0.04725494288043508,電子零組件業,6821 聯寶,69.0,66.0,75.59005440066794,0.0,0.03125,35862612.0,14320482.0,519748.0,216977.0,2,2,-0.07290434782608712,0.012562282608695519,0.012562282608695519,-0.0844062947067239,2.0
7610 聯友金屬-創,2026-06-08,2026-06-09,2026-06-05,2026-06-08,0.02380952380952381,1,4700,4701,0.19842404948214254,綠能環保,7610 聯友金屬-創,1575.0,1895.0,1780.0,-0.09999999999999998,0.06460674157303381,383038425.0,410881480.0,243199.0,216824.0,3,2,0.0,0.21529547619047595,0.12962190476190472,0.0,2.0
7709 榮田,2026-06-08,2026-06-09,2026-06-05,2026-06-08,0.02380952380952381,1,4700,4701,0.16778469383620664,電機機械,7709 榮田,101.5,119.0,123.66089108910892,-0.08968609865470856,0.017094017094017033,34433469.0,30518740.0,339246.0,256460.0,2,2,0.0,0.15216182266009848,0.15216182266009848,-0.008547008547008628,2.0
7828 創新服務,2026-06-03,2026-06-09,2026-06-02,2026-06-08,0.028571428571428574,4,4697,4701,0.04256613994565228,半導體業,7828 創新服務,1495.0,1560.0,1625.0,0.0,0.0331125827814569,752331840.0,160747080.0,503232.0,103043.0,2,2,0.0,0.08644021739130436,0.08644021739130436,-0.06790123456790109,5.0
8021 尖點,2026-05-28,2026-06-09,2026-05-27,2026-06-08,0.0303030303030303,8,4693,4701,0.12548209110169473,其他電子業,8021 尖點,442.5,500.0,1104.5189083722776,0.014908256880734161,0.08695652173913015,627215872.5,4842050000.0,1417437.0,9684100.0,2,0,-0.05581593220338987,0.142959661016949,0.0,-0.0617021276595745,7.0
8042 金山電,2026-06-01,2026-06-09,2026-05-29,2026-06-08,0.029411764705882356,6,4695,4701,-0.23195905584370924,電子零組件業,8042 金山電,164.0,125.5,458.63091201516386,0.06148867313915862,-0.041984732824427606,260904156.0,146808143.0,1590879.0,1169786.0,2,2,-0.19550426829268275,0.0299983231707317,0.0299983231707317,-0.21893491124260334,1.0
3114 好德,2026-06-23,2026-06-24,2026-06-22,2026-06-23,0.049999999999999996,1,4710,4711,-0.10165627319821413,電子零組件業,3114 好德,52.5,47.35,148.0034774992348,0.0,-0.009414225941422383,108528472.5,167110129.55,2067209.0,3529253.0,2,0,-0.08995628571428571,0.0,0.0,-0.08995628571428571,0.0
5426 振發,2026-06-23,2026-06-24,2026-06-22,2026-06-23,0.049999999999999996,1,4710,4711,-0.11654549248913015,電腦及週邊設備業,5426 振發,40.25,35.7,86.86833226110724,0.015132408575031508,-0.035135135135135,105691871.25,179121537.0,2625885.0,5017410.0,2,0,-0.11967301242236017,0.0,0.0,-0.11967301242236017,0.0
6127 九豪,2026-06-23,2026-06-29,2026-06-22,2026-06-26,0.049999999999999996,4,4710,4714,0.0704014776266293,電子零組件業,6127 九豪,84.4,90.7,95.46501569455836,-0.010550996483001063,-0.007658643326039494,319976436.0,2683614457.7000003,3791190.0,29587811.0,2,0,-0.04074022511848352,0.10847796208530802,0.0,-0.09722222222222221,4.0
6890 來億-KY,2026-06-23,2026-06-29,2026-06-22,2026-06-26,0.049999999999999996,4,4710,4714,-0.08853872310111488,運動休閒,6890 來億-KY,235.5,215.5,249.20794568770424,0.021691973969631295,-0.03579418344519025,89986669.5,256139421.0,382109.0,1188582.0,2,0,-0.14478009554140148,0.05257834394904459,0.05257834394904459,-0.18750000000000022,3.0
6830 汎銓,2026-06-23,2026-06-30,2026-06-22,2026-06-29,0.049999999999999996,5,4710,4715,-0.1562856606470585,其他電子業,6830 汎銓,595.0,504.0,601.9221380820926,-0.021381578947368363,0.003984063745020139,466192020.0,697312224.0,783516.0,1383556.0,2,0,-0.1667825210084034,0.0,0.0,-0.1667825210084034,0.0
8021 尖點,2026-06-23,2026-07-01,2026-06-22,2026-06-30,0.049999999999999996,6,4710,4716,0.013195396763123979,其他電子業,8021 尖點,581.0,591.0,1498.2349785815345,0.0,0.029616724738676048,842513910.0,7957163127.0,1450110.0,13463897.0,3,1,-0.10197581755593821,0.0,0.0,-0.10197581755593821,0.0
3167 大量,2026-06-23,2026-07-02,2026-06-22,2026-07-01,0.049999999999999996,7,4710,4717,0.03271612856211625,電機機械,3167 大量,815.0,845.0,1606.1927898748777,0.012422360248447228,0.0035629453681711443,412901820.0,2814372210.0,506628.0,3330618.0,2,0,-0.06179555214723931,0.03263809815950913,0.0,-0.06179555214723931,2.0
6173 信昌電,2026-06-23,2026-07-02,2026-06-22,2026-07-01,0.049999999999999996,7,4710,4717,0.10301021713506686,電子零組件業,6173 信昌電,298.0,330.0,482.3568294445257,-0.02454991816693941,-0.033674963396779,528109044.0,5823438060.0,1772178.0,17646782.0,2,0,-0.07426543624161086,0.14542881711409383,0.028034941275167702,-0.09951060358890707,5.0
6187 萬潤,2026-06-23,2026-07-02,2026-06-22,2026-07-01,0.049999999999999996,7,4710,4717,-0.1961000457554133,半導體業,6187 萬潤,1270.0,1025.0,2156.3309030442174,0.00793650793650813,-0.03755868544600938,1660157970.0,3574977575.0,1307211.0,3487783.0,3,0,-0.22871299212598428,0.0,0.0,-0.22871299212598428,0.0
2383 台光電,2026-06-23,2026-07-03,2026-06-22,2026-07-02,0.049999999999999996,8,4710,4718,-0.03447532640816553,電子零組件業,2383 台光電,5710.0,5535.0,15344.167035389351,-0.019742489270386354,-0.021220159151193574,12211131920.0,17585956980.0,2138552.0,3177228.0,3,0,-0.08012191330998253,0.064292819614711,0.0,-0.08012191330998253,1.0
2493 揚博,2026-06-23,2026-07-03,2026-06-22,2026-07-02,0.049999999999999996,8,4710,4718,0.20443865622600788,電子零組件業,2493 揚博,260.5,315.0,1186.6359817042621,-0.027985074626865836,-0.02927580893682591,474439272.0,3001478760.0,1821264.0,9528504.0,3,0,0.0,0.24508968330134362,0.016791266794625725,-0.07798960138648181,9.0
3026 禾伸堂,2026-06-23,2026-07-03,2026-06-22,2026-07-02,0.049999999999999996,8,4710,4718,-0.0372611136099501,電子零組件業,3026 禾伸堂,897.0,867.0,2150.0523874834244,0.0,-0.03559510567296997,2470585572.0,13297672323.0,2754276.0,15337569.0,3,0,-0.18767700668896325,0.10092608695652161,0.0,-0.18767700668896325,3.0
3285 微端,2026-06-23,2026-07-03,2026-06-22,2026-07-02,0.049999999999999996,8,4710,4718,-0.05996352400115046,其他電子業,3285 微端,48.9,46.15,67.41968247242957,-0.035502958579881616,-0.04845360824742273,19279900.8,21297440.45,394272.0,461483.0,3,0,-0.1251601226993866,0.030185276073619427,0.0,-0.1251601226993866,2.0
4991 環宇-KY,2026-06-23,2026-07-03,2026-06-22,2026-07-02,0.049999999999999996,8,4710,4718,-0.10073782072548598,半導體業,4991 環宇-KY,566.0,511.0,914.8636459632426,0.0035460992907800915,-0.028517110266159773,719892004.0,2198330687.0,1271894.0,4302017.0,2,0,-0.14793142667844528,0.020716342756183614,0.0,-0.14793142667844528,1.0
6613 朋億*,2026-06-23,2026-07-03,2026-06-22,2026-07-02,0.049999999999999996,8,4710,4718,-0.05155705072401284,其他電子業,6613 朋億*,394.5,368.0,1309.9560155883987,0.011538461538461497,-0.01866666666666661,181842013.5,167476064.0,460943.0,455098.0,3,0,-0.12842433460076041,0.0,0.0,-0.12842433460076041,0.0
7828 創新服務,2026-06-23,2026-07-03,2026-06-22,2026-07-02,0.049999999999999996,8,4710,4718,0.0583048787890621,半導體業,7828 創新服務,2240.0,2380.0,2246.9135802469136,0.0980392156862746,0.025862068965517127,608603520.0,1905254260.0,271698.0,800527.0,2,0,-0.16780619419642862,0.03745340401785713,0.03745340401785713,-0.19784946236559142,3.0
8027 鈦昇,2026-06-23,2026-07-03,2026-06-22,2026-07-02,0.049999999999999996,8,4710,4718,-0.038434862736761555,電機機械,8027 鈦昇,245.5,237.0,279.83656706409784,0.0020408163265304147,-0.01455301455301461,292947785.0,2167040310.0,1193270.0,9143630.0,2,1,-0.1979371690427698,0.013774847250509259,0.0,-0.1979371690427698,1.0
8042 金山電,2026-06-23,2026-07-03,2026-06-22,2026-07-02,0.049999999999999996,8,4710,4718,0.01691137105693752,電子零組件業,8042 金山電,191.0,195.0,485.3752323282573,0.002624671916010568,-0.05569007263922521,282963253.0,6142415955.0,1481483.0,31499569.0,2,0,-0.11560353403141344,0.10157074607329886,0.04923959424083768,-0.15710723192019937,5.0
1714 和桐,2026-06-23,2026-07-06,2026-06-22,2026-07-03,0.049999999999999996,9,4710,4719,0.38340507031250026,化學工業,1714 和桐,18.0,25.0,44.50589450143473,-0.019073569482288888,0.098901098901099,388726650.0,3537736650.0,21595925.0,141509466.0,2,0,-0.008804374999999864,0.2632885416666668,0.0,-0.08131868131868147,9.0
2455 全新,2026-06-24,2026-07-06,2026-06-23,2026-07-03,0.04166666666666667,8,4711,4719,-0.030046028633603727,通信網路業,2455 全新,385.0,372.5,1019.2787664449853,-0.03266331658291455,0.0405027932960893,693904365.0,4478834582.5,1802349.0,12023717.0,2,0,-0.1220375788977861,0.030679025974025942,0.030679025974025942,-0.14817086699468807,2.0
2478 大毅,2026-06-24,2026-07-06,2026-06-23,2026-07-03,0.04166666666666667,8,4711,4719,0.06942152667550205,電子零組件業,2478 大毅,224.0,240.5,475.0080102983676,0.0022371364653244186,0.010504201680672454,627817344.0,3046163620.5,2802756.0,12665961.0,3,0,-0.08525613839285717,0.07984397321428571,0.07984397321428571,-0.15289256198347112,6.0
3163 波若威,2026-06-24,2026-07-06,2026-06-23,2026-07-03,0.04166666666666667,8,4711,4719,-0.014633051229141936,通信網路業,3163 波若威,839.0,830.0,1220.1663133366392,-0.033410138248847976,0.014669926650366705,549478719.0,2648850380.0,654921.0,3191386.0,2,0,-0.1422431466030989,0.0007163289630514047,0.0007163289630514047,-0.1428571428571429,1.0
3532 台勝科,2026-06-24,2026-07-06,2026-06-23,2026-07-03,0.04166666666666667,8,4711,4719,0.2433566557870368,半導體業,3532 台勝科,364.5,455.0,336.9404490673915,-0.02278820375335122,0.03409090909090917,233886892.5,7320075035.0,641665.0,16088077.0,2,1,-0.09233806584362148,0.20655967078189286,0.020091358024691308,-0.11021505376344087,6.0
6488 環球晶,2026-06-24,2026-07-06,2026-06-23,2026-07-03,0.04166666666666667,8,4711,4719,0.3482755816434946,半導體業,6488 環球晶,953.0,1290.0,1424.5634422428907,-0.056435643564356375,0.027888446215139417,1673346969.0,28227749040.0,1755873.0,21881976.0,2,0,-0.04033014165792248,0.40017405561385133,0.09077229800629594,-0.12019230769230782,7.0
2243 宏旭-KY,2026-06-25,2026-07-07,2026-06-24,2026-07-06,0.037037037037037035,8,4712,4720,0.1915384231775703,汽車工業,2243 宏旭-KY,53.5,64.0,56.48579040852576,0.0490196078431373,-0.030303030303030387,36016467.5,126660416.0,673205.0,1979069.0,2,0,-0.009816355140186861,0.23305887850467322,0.03689042056074765,-0.10000000000000009,7.0
4551 智伸科,2026-06-25,2026-07-07,2026-06-24,2026-07-06,0.037037037037037035,8,4712,4720,0.07707966188616089,汽車工業,4551 智伸科,252.0,272.5,333.5661422663742,0.032786885245901454,-0.03368794326241131,214472160.0,994852265.0,851080.0,3650834.0,3,0,-0.10955014880952385,0.11851607142857157,0.0,-0.10955014880952385,3.0
1303 南亞,2026-06-26,2026-07-08,2026-06-25,2026-07-07,0.02564102564102564,8,4713,4721,0.0899138961575694,塑膠工業,1303 南亞,154.0,167.5,405.8149633382189,-0.006451612903225823,0.012084592145015227,4647869072.0,18147074787.5,30180968.0,108340745.0,2,0,-0.039417532467532435,0.2786131493506496,0.0,-0.15482233502538068,7.0
2305 全友,2026-06-26,2026-07-08,2026-06-25,2026-07-07,0.02564102564102564,8,4713,4721,0.0013497977027925323,電腦及週邊設備業,2305 全友,37.6,37.8,35.1,-0.005291005291005124,-0.015625,138571152.8,233099369.99999997,3685403.0,6166650.0,2,0,-0.06693277925531904,0.13376971409574456,0.0,-0.17584994138335275,5.0
2342 茂矽,2026-06-26,2026-07-08,2026-06-25,2026-07-07,0.02564102564102564,8,4713,4721,0.024241791680425173,半導體業,2342 茂矽,53.0,54.5,3.8636036637049926,-0.003759398496240629,0.0,138078197.0,308079780.0,2605249.0,5652840.0,2,0,-0.03819292452830181,0.1164505660377364,0.0,-0.10472972972972971,6.0
2492 華新科,2026-06-26,2026-07-08,2026-06-25,2026-07-07,0.02564102564102564,8,4713,4721,-0.12264880514896359,電子零組件業,2492 華新科,579.0,510.0,901.2277248390243,-0.03338898163606019,0.015936254980079667,1949902932.0,12181964040.0,3367708.0,23886204.0,2,0,-0.18173601036269416,0.04095608808290163,0.04095608808290163,-0.21393034825870638,1.0
3441 聯一光電,2026-06-24,2026-07-08,2026-06-23,2026-07-07,0.04166666666666667,10,4711,4721,-0.1396634161268251,光電業,3441 聯一光電,82.2,71.0,149.70670564587274,0.0012180267965897773,-0.0014064697609000865,189869176.8,211432604.0,2309844.0,2977924.0,2,0,-0.15733476277372294,0.12841751824817527,0.12841751824817527,-0.25323275862068995,3.0
4764 雙鍵,2026-06-26,2026-07-08,2026-06-25,2026-07-07,0.02564102564102564,8,4713,4721,-0.002245696980769374,化學工業,4764 雙鍵,292.5,293.0,396.47698420509954,-0.03465346534653457,-0.013468013468013518,367960320.0,1674668749.0,1257984.0,5715593.0,2,0,-0.05856705128205131,0.07982871794871782,0.0,-0.05856705128205131,7.0
4923 力士,2026-06-26,2026-07-08,2026-06-25,2026-07-07,0.02564102564102564,8,4713,4721,0.03351000329807685,半導體業,4923 力士,58.5,60.7,77.69477077597087,-0.01680672268907568,0.0033057851239668423,46845864.0,179204974.20000002,800784.0,2952306.0,2,0,-0.06540141025641011,0.13621217948717956,0.0,-0.07914764079147629,6.0
5227 立凱-KY,2026-06-23,2026-07-08,2026-06-22,2026-07-07,0.049999999999999996,11,4710,4721,-0.21516208293742767,電子零組件業,5227 立凱-KY,43.15,34.0,7.024448100713336,0.0034883720930232176,-0.010189228529839944,55422593.55,27640844.0,1284417.0,812966.0,3,0,-0.22400724217844736,0.0,0.0,-0.22400724217844736,0.0
5468 凱鈺,2026-06-26,2026-07-08,2026-06-25,2026-07-07,0.02564102564102564,8,4713,4721,0.029253372312500137,半導體業,5468 凱鈺,30.0,31.0,2.0292687602746127,0.0,0.011419249592169889,15512070.0,32824350.0,517069.0,1058850.0,2,0,-0.0071384999999998255,0.13446087500000004,0.0,-0.09985315712187981,8.0
6415 矽力*-KY,2026-06-26,2026-07-08,2026-06-25,2026-07-07,0.02564102564102564,8,4713,4721,-0.06777627976918243,半導體業,6415 矽力*-KY,593.0,555.0,3016.9744248664297,-0.03577235772357723,-0.008928571428571508,1972130019.0,3324547125.0,3325683.0,5990175.0,2,0,-0.07126766441821275,0.0517767284991566,0.0517767284991566,-0.11698717948717952,5.0
7610 聯友金屬-創,2026-06-26,2026-07-08,2026-06-25,2026-07-07,0.02564102564102564,8,4713,4721,0.07681259527027007,綠能環保,7610 聯友金屬-創,2220.0,2400.0,2025.0,-0.013333333333333308,0.0,904134960.0,2674632000.0,407268.0,1114430.0,2,0,-0.08827111486486483,0.14810304054054035,0.0,-0.08827111486486483,7.0
8096 擎亞,2026-06-26,2026-07-08,2026-06-25,2026-07-07,0.02564102564102564,8,4713,4721,0.015518458129071488,電子通路業,8096 擎亞,153.5,156.5,346.2125561358855,-0.012861736334405127,0.012944983818770295,408234938.5,2320161171.5,2659511.0,14825311.0,2,0,-0.05582328990228003,0.10371001628664489,0.0,-0.07761194029850738,5.0
8996 高力,2026-06-26,2026-07-08,2026-06-25,2026-07-07,0.02564102564102564,8,4713,4721,-0.07977235046064035,電機機械,8996 高力,1445.0,1335.0,3119.6525558538597,-0.010273972602739767,0.0,1576005145.0,2970424395.0,1090661.0,2225037.0,2,1,-0.08693910034602104,0.07561340830449814,0.07561340830449814,-0.1511254019292606,3.0
2316 楠梓電,2026-06-29,2026-07-09,2026-06-26,2026-07-08,0.024390243902439025,8,4714,4722,-0.07812240846409535,電子零組件業,2316 楠梓電,235.0,217.5,277.89883182168444,0.021739130434782483,-0.002293577981651418,454352290.0,717118162.5,1933414.0,3297095.0,2,0,-0.12594728723404247,0.0,0.0,-0.12594728723404247,0.0
3090 日電貿,2026-06-25,2026-07-09,2026-06-24,2026-07-08,0.037037037037037035,10,4712,4722,-0.038456437638054286,電子零組件業,3090 日電貿,310.5,295.0,2374.699415985885,0.024752475247524774,-0.028006589785831926,345687412.5,4356393030.0,1113325.0,14767434.0,2,0,-0.06290552681858452,0.1120841915590971,0.1120841915590971,-0.1573529411764707,7.0
3675 德微,2026-06-29,2026-07-09,2026-06-26,2026-07-08,0.024390243902439025,8,4714,4722,0.16764038035451678,半導體業,3675 德微,357.0,418.5,533.4045256622048,-0.006954102920723182,-0.04886363636363633,179206146.0,1261876266.0,501978.0,3015236.0,2,0,-0.0368722689075629,0.25990546218487376,0.0,-0.11999999999999977,8.0
6715 嘉基,2026-06-29,2026-07-09,2026-06-26,2026-07-08,0.024390243902439025,8,4714,4722,-0.07288186298533672,電子零組件業,6715 嘉基,470.0,435.5,488.72234630123495,0.03296703296703285,0.0011494252873562871,131797400.0,590580679.0,280420.0,1356098.0,2,0,-0.16364533080528154,0.0446422304884222,0.0446422304884222,-0.19938650306748462,2.0
7712 博盛半導體,2026-06-29,2026-07-09,2026-06-26,2026-07-08,0.024390243902439025,8,4714,4722,-0.006508893464009957,半導體業,7712 博盛半導體,194.5,194.0,195.91318327974275,0.0,0.021052631578947434,55135304.0,279150868.0,283472.0,1438922.0,2,0,-0.049294987146529134,0.09716497429305959,0.09716497429305959,-0.13348946135831374,5.0
2481 強茂,2026-06-30,2026-07-13,2026-06-29,2026-07-09,0.021739130434782608,8,4715,4723,0.2624375571874995,半導體業,2481 強茂,172.0,218.0,355.5617118389925,0.03614457831325302,0.023474178403755763,807526412.0,4664970882.0,4694921.0,21398949.0,2,0,0.0,0.3220461482558139,0.060542514534883685,-0.15604395604395616,9.0
3624 光頡,2026-06-26,2026-07-13,2026-06-25,2026-07-09,0.02564102564102564,10,4713,4723,-0.04660942950554248,電子零組件業,3624 光頡,150.0,142.5,251.3957530152198,-0.02597402597402587,-0.01041666666666674,311872650.0,1079939385.0,2079151.0,7578522.0,2,0,-0.1272072264150943,0.032842499999999886,0.032842499999999886,-0.15496043822276306,4.0
5425 台半,2026-06-30,2026-07-13,2026-06-29,2026-07-09,0.021739130434782608,8,4715,4723,0.13708551266039803,半導體業,5425 台半,113.0,129.0,254.3810003243201,0.027272727272727337,-0.011494252873563204,563568177.0,1959881004.0,4987329.0,15192876.0,2,0,0.0,0.27373097345132735,0.06586515486725664,-0.1840277777777779,9.0
5489 彩富,2026-06-30,2026-07-13,2026-06-29,2026-07-09,0.021739130434782608,8,4715,4723,0.028073615704315102,其他電子業,5489 彩富,59.1,61.0,184.13102143216244,0.027826086956521667,-0.011345218800648316,22722354.3,33053094.0,384473.0,541854.0,2,0,-0.05966852791878141,0.12805951776649782,0.12805951776649782,-0.16641679160419787,8.0
6141 柏承,2026-06-30,2026-07-13,2026-06-29,2026-07-09,0.021739130434782608,8,4715,4723,0.02750591327631624,電子零組件業,6141 柏承,38.0,39.2,101.62910179352896,-0.006535947712418277,0.003841229193342066,19833264.0,70653021.60000001,521928.0,1802373.0,2,0,-0.0793848684210523,0.03371927631578964,0.03371927631578964,-0.10941475826971991,5.0
6620 漢達,2026-06-30,2026-07-13,2026-06-29,2026-07-09,0.021739130434782608,8,4715,4723,0.04778583289027649,生技醫療業,6620 漢達,95.5,98.5,95.1,0.014877789585547418,-0.01005025125628145,31230219.0,174803813.0,327018.0,1774658.0,2,0,-0.03822632843635276,0.16352197780729827,0.16352197780729827,-0.17339449541284424,7.0
6834 天二科技,2026-06-30,2026-07-13,2026-06-29,2026-07-09,0.021739130434782608,8,4715,4723,0.23856857425543487,電子零組件業,6834 天二科技,115.0,143.0,126.7318431654571,0.05504587155963292,0.10000000000000009,102456720.0,1881964513.0,890928.0,13160591.0,2,0,0.0,0.14728086956521746,0.03429108695652183,-0.1022727272727274,9.0
5464 霖宏,2026-07-01,2026-07-14,2026-06-30,2026-07-13,0.020833333333333336,8,4716,4724,-0.20874401585864466,電子零組件業,5464 霖宏,107.0,85.0,318.99105203436693,0.08080808080808088,-0.02298850574712641,59484510.0,319874890.0,555930.0,3763234.0,2,0,-0.19570932242990646,0.0,0.0,-0.19570932242990646,0.0
6243 迅杰,2026-07-01,2026-07-14,2026-06-30,2026-07-13,0.020833333333333336,8,4716,4724,-0.06427780658220017,半導體業,6243 迅杰,40.45,38.0,29.9628283536477,0.013784461152882344,0.05409153952843293,16434187.8,70521350.0,406284.0,1855825.0,2,0,-0.10919959826946868,0.018057601977750304,0.018057601977750304,-0.12500000000000022,2.0
6683 雍智科技,2026-07-01,2026-07-14,2026-06-30,2026-07-13,0.020833333333333336,8,4716,4724,-0.056221462681370515,半導體業,6683 雍智科技,1730.0,1630.0,2162.730548057557,0.0028985507246375164,-0.0268656716417911,834972390.0,1260935400.0,482643.0,773580.0,2,0,-0.12265331145292435,0.05152341040462449,0.05152341040462449,-0.16564226733718268,5.0
2483 百容,2026-07-02,2026-07-15,2026-07-01,2026-07-14,0.02127659574468085,8,4717,4725,-0.06510941564144757,電子零組件業,2483 百容,57.0,53.5,157.54561473088347,0.019677996422182487,-0.029038112522685955,167710302.0,341413085.5,2942286.0,6381553.0,2,0,-0.10568815789473707,0.2257332894736841,0.2257332894736841,-0.27038626609442074,7.0
3450 聯鈞,2026-07-02,2026-07-15,2026-07-01,2026-07-14,0.02127659574468085,8,4717,4725,0.018854081752731622,半導體業,3450 聯鈞,480.5,491.5,2213.8092105104406,-0.06152343749999989,0.03256302521008392,668891557.0,3817154635.5,1392074.0,7766337.0,2,0,-0.00983579604578566,0.1024937565036419,0.1024937565036419,-0.10188679245283006,7.0
3230 錦明,2026-07-03,2026-07-16,2026-07-02,2026-07-15,0.02564102564102564,8,4718,4726,0.0735886054640722,光電業,3230 錦明,50.1,54.0,33.16075979556734,-0.027184466019417486,0.0,128481800.7,32108130.0,2564507.0,594595.0,3,2,0.0,0.10526317365269522,0.029450898203592812,-0.08844765342960326,9.0
2303 聯電,2026-07-06,2026-07-17,2026-07-03,2026-07-16,0.029411764705882353,8,4719,4727,-0.141100039163779,半導體業,2303 聯電,171.5,145.5,353.9596137101949,0.0058651026392961825,-0.09062499999999996,9433332461.0,36675802189.5,55004854.0,252067369.0,2,0,-0.14699046981790376,0.0,0.0,-0.14699046981790376,0.0
1447 力鵬,2026-07-08,2026-07-20,2026-07-07,2026-07-17,0.037037037037037035,7,4721,4728,-0.07848282663265294,紡織纖維,1447 力鵬,8.82,8.16,14.749256585195797,-0.020000000000000018,0.0,42677483.940000005,20028336.48,4838717.0,2454453.0,2,2,-0.12173256802721089,0.005191241496598442,0.005191241496598442,-0.12626832018038314,1.0
1515 力山,2026-07-09,2026-07-20,2026-07-08,2026-07-17,0.04166666666666667,6,4722,4728,-0.0171014924204681,電機機械,1515 力山,41.65,41.1,49.941412432635076,0.0036144578313253017,0.00366300366300365,81078180.75,107499844.8,1946655.0,2615568.0,2,2,-0.036472298919567714,0.07631923769507809,0.0,-0.08695652173913038,2.0
1617 榮星,2026-07-08,2026-07-20,2026-07-07,2026-07-17,0.037037037037037035,7,4721,4728,-0.17776912762132346,電器電纜,1617 榮星,25.5,21.05,43.62858785913953,0.03238866396761142,-0.023201856148491906,35240311.5,25303173.55,1381973.0,1202051.0,2,2,-0.23957705882352942,0.0,0.0,-0.23957705882352942,0.0
1718 中纖,2026-07-09,2026-07-20,2026-07-08,2026-07-17,0.04166666666666667,6,4722,4728,-0.04829311464255148,化學工業,1718 中纖,14.6,13.95,24.69545473657463,0.024561403508771784,0.0219780219780219,190458401.6,120165090.75,13045096.0,8613985.0,2,2,-0.11001198630136977,0.02006318493150694,0.02006318493150694,-0.12751677852348997,2.0
2434 統懋,2026-07-17,2026-07-20,2026-07-16,2026-07-17,0.047619047619047616,1,4727,4728,-0.17051969885805074,半導體業,2434 統懋,88.5,73.7,10.012870573763337,-0.025330396475770955,-0.09902200488997537,37884372.0,8210474.800000001,428072.0,111404.0,3,3,-0.1676272033898304,0.0,0.0,-0.1676272033898304,0.0
2466 冠西電,2026-07-13,2026-07-20,2026-07-09,2026-07-17,0.05263157894736842,5,4723,4728,0.19135589584558832,光電業,2466 冠西電,102.0,122.0,131.69296494548252,0.035532994923857864,0.0,225050964.0,134150346.0,2206382.0,1099593.0,3,2,-0.015173897058823549,0.19551029411764698,0.0,-0.024590163934426257,5.0
3055 蔚華科,2026-07-14,2026-07-20,2026-07-13,2026-07-17,0.052631578947368425,4,4724,4728,-0.01894912724585851,電子通路業,3055 蔚華科,166.0,163.5,443.8202034056187,0.018404907975460016,0.0030674846625766694,171537926.0,132471624.0,1033361.0,810224.0,2,2,-0.02757055722891566,0.16209834337349416,0.16209834337349416,-0.16321243523316076,3.0
3147 大綜,2026-07-08,2026-07-20,2026-07-07,2026-07-17,0.037037037037037035,7,4721,4728,-0.038593624179347974,資訊服務業,3147 大綜,230.0,222.0,382.08305007643804,0.022222222222222143,0.02304147465437767,38072590.0,105704856.0,165533.0,476148.0,2,2,-0.09608173913043483,0.0560198913043477,0.0560198913043477,-0.1440329218106995,4.0
3189 景碩,2026-07-07,2026-07-20,2026-07-06,2026-07-17,0.02857142857142857,8,4720,4728,-0.09295165061350197,半導體業,3189 景碩,761.0,693.0,1643.7610566407786,-0.002621231979030192,0.0,5216098709.0,16454448549.0,6854269.0,23743793.0,2,0,-0.10817677398160308,0.10985364651773999,0.10985364651773999,-0.1964497041420119,5.0
4169 泰宗,2026-07-15,2026-07-20,2026-07-14,2026-07-17,0.05555555555555555,3,4725,4728,0.05209193235996512,生技醫療業,4169 泰宗,240.0,253.0,249.0,-0.012345679012345734,0.005964214711729587,61923120.0,47308723.0,258013.0,186991.0,2,2,0.0,0.10780687499999986,0.03700718749999998,-0.052631578947368474,4.0
4542 科嶠,2026-07-17,2026-07-20,2026-07-16,2026-07-17,0.047619047619047616,1,4727,4728,-0.0653096974794053,電子零組件業,4542 科嶠,349.0,327.5,560.8890384579205,-0.0398899587345255,0.0,79583517.0,43858800.0,228033.0,133920.0,2,2,-0.15512929799426933,0.0,0.0,-0.15512929799426933,0.0
4556 旭然,2026-07-17,2026-07-20,2026-07-16,2026-07-17,0.047619047619047616,1,4727,4728,-0.10227104450107305,其他,4556 旭然,116.5,105.0,129.44268985116526,0.0,-0.0277777777777779,50374367.0,19056345.0,432398.0,181489.0,3,2,-0.0734017167381974,0.0,0.0,-0.0734017167381974,0.0
6174 安碁,2026-07-14,2026-07-20,2026-07-13,2026-07-17,0.052631578947368425,4,4724,4728,-0.07306937139346081,電子零組件業,6174 安碁,56.2,52.3,23.932777583841393,-0.005309734513274211,-0.029684601113172504,46178528.400000006,27845984.4,821682.0,532428.0,2,2,-0.13386356761565832,0.06355151245551593,0.06355151245551593,-0.18561872909698984,2.0
6217 中探針,2026-07-08,2026-07-20,2026-07-07,2026-07-17,0.037037037037037035,7,4721,4728,-0.2504151177300613,電子零組件業,6217 中探針,244.5,184.0,440.20090736924374,0.002049180327868827,-0.06361323155216292,207545536.5,207876208.0,848857.0,1129762.0,2,2,-0.27641748466257676,0.038361349693251556,0.038361349693251556,-0.3031496062992127,2.0
6226 光鼎,2026-07-07,2026-07-20,2026-07-06,2026-07-17,0.02857142857142857,8,4720,4728,-0.15042653329044087,光電業,6226 光鼎,23.8,20.3,24.90919032968702,0.030303030303030276,-0.09977827050997778,106902864.60000001,80681355.3,4491717.0,3974451.0,2,0,-0.14746397058823502,0.16751239495798376,0.16751239495798376,-0.2697841726618706,6.0
6617 共信-KY,2026-07-13,2026-07-20,2026-07-09,2026-07-17,0.05263157894736842,5,4723,4728,-0.04469591690056818,生技醫療業,6617 共信-KY,110.0,105.5,105.0,0.0,0.0,46902790.0,28435731.5,426389.0,269533.0,3,2,-0.09134090909090897,0.04950125000000005,0.04950125000000005,-0.1341991341991341,1.0
6831 邁科,2026-07-17,2026-07-20,2026-07-16,2026-07-17,0.047619047619047616,1,4727,4728,-0.007151087801446909,電腦及週邊設備業,6831 邁科,622.0,620.0,616.5445544554456,-0.08529411764705885,0.013071895424836555,398540902.0,277326620.0,640741.0,447301.0,2,3,-0.11456868971061096,0.0,0.0,-0.11456868971061096,0.0
7795 長廣,2026-07-08,2026-07-20,2026-07-07,2026-07-17,0.037037037037037035,7,4721,4728,-0.19938705534961276,電子零組件業,7795 長廣,581.0,467.0,589.8019093078759,-0.03166666666666684,-0.0788954635108482,370650693.0,184183866.0,637953.0,394398.0,2,2,-0.21465892857142854,0.01844888123924271,0.01844888123924271,-0.2288851351351351,2.0
8021 尖點,2026-07-07,2026-07-20,2026-07-06,2026-07-17,0.02857142857142857,8,4720,4728,-0.21497279697355365,其他電子業,8021 尖點,530.0,416.0,1315.9100870081202,0.0,-0.08470847084708477,795062540.0,1583129600.0,1500118.0,3805600.0,2,0,-0.22454413790004457,0.007429837941822504,0.007429837941822504,-0.23026315789473695,1.0
8027 鈦昇,2026-07-16,2026-07-20,2026-07-15,2026-07-17,0.05555555555555555,2,4726,4728,-0.12297338938679236,電機機械,8027 鈦昇,238.5,210.0,282.19805708151637,-0.02254098360655732,-0.025522041763341163,108181930.5,203577990.0,453593.0,969419.0,2,2,-0.18696918238993698,0.0016204402515724858,0.0016204402515724858,-0.18828451882845187,1.0
8261 富鼎,2026-07-14,2026-07-20,2026-07-13,2026-07-17,0.052631578947368425,4,4724,4728,-0.1006871787522482,半導體業,8261 富鼎,278.0,251.0,378.59117479489043,-0.04957264957264962,0.0,1783700820.0,730006643.0,6416190.0,2908393.0,2,2,-0.17665026978417264,0.10379199640287773,0.10379199640287773,-0.254071661237785,3.0
3362 先進光,2026-08-11,2026-08-14,2026-08-10,2026-08-13,0.2,3,4744,4747,0.03511249966911745,光電業,3362 先進光,178.5,185.5,200.73852375101055,0.002808988764045006,0.024861878453038777,118485979.5,1070959764.0,663787.0,5773368.0,2,0,-0.03687226890756312,0.013523949579831829,0.013523949579831829,-0.04972375690607733,2.0
2059 川湖,2026-08-12,2026-08-17,2026-08-11,2026-08-14,0.16666666666666669,3,4745,4748,0.1180171588647958,電子零組件業,2059 川湖,12250.0,13750.0,21920.456255082503,-0.005278116118554554,0.09999999999999987,4287757250.0,3358973750.0,350021.0,244289.0,3,0,-0.017201744897959115,0.12191581632653059,0.0,-0.017201744897959115,2.0
2455 全新,2026-08-12,2026-08-17,2026-08-11,2026-08-14,0.16666666666666669,3,4745,4748,0.09646008314768117,通信網路業,2455 全新,372.0,409.5,993.5792954523605,0.012244897959183598,0.07905138339920925,1476857484.0,5590102518.0,3970047.0,13651044.0,2,0,0.0,0.12043528225806455,0.033111189516129125,-0.013003901170351218,4.0
3037 欣興,2026-08-12,2026-08-17,2026-08-11,2026-08-14,0.16666666666666669,3,4745,4748,0.041915890793919,電子零組件業,3037 欣興,999.0,1045.0,1987.8155125916585,0.007056451612903247,0.02450980392156854,8188574229.0,56257531110.0,8196771.0,53834958.0,2,0,0.0,0.1205885885885889,0.0005255255255256497,0.0,4.0
3189 景碩,2026-08-12,2026-08-17,2026-08-11,2026-08-14,0.16666666666666669,3,4745,4748,0.05367447338842979,半導體業,3189 景碩,847.0,896.0,2052.9068218308416,0.005938242280285166,0.03944315545243615,2954553679.0,34338052224.0,3488257.0,38323719.0,2,0,0.0,0.06796945100354201,0.012505844155844326,-0.008158508158508049,4.0
3653 健策,2026-08-12,2026-08-17,2026-08-11,2026-08-14,0.16666666666666669,3,4745,4748,0.2894341368090907,電子零組件業,3653 健策,4125.0,5340.0,9891.944022485257,0.014760147601476037,0.09989701338825929,3365958750.0,6395776740.0,815990.0,1197711.0,2,0,0.0,0.29393054545454533,0.08312163636363645,0.0,4.0
