entry,exit,symbol,pnl,return,invested
2018-01-09,2018-01-19,1475,92246.4129244251,0.09224641292442509,1000000.0
2018-01-11,2018-01-23,9958,-64114.34240362809,-0.0641143424036281,1000000.0
2018-01-12,2018-01-24,3508,-7425.0,-0.007425,1000000.0
2018-01-16,2018-01-26,9958,204696.2121212121,0.20469621212121208,1000000.0
2018-01-17,2018-01-29,2429,-222130.8823529412,-0.2221308823529412,1000000.0
2018-01-18,2018-01-30,2033,-124849.2424242423,-0.12484924242424231,1000000.0
2018-01-22,2018-02-01,2724,-53434.70277079699,-0.0529462922173273,1009224.6412924426
2018-01-23,2018-02-02,6150,429871.14959944756,0.4286652255639098,1002813.2070520797
2018-01-26,2018-02-07,3268,-54321.35543330637,-0.053123924731182805,1022540.3282642011
2018-01-31,2018-02-12,3288,-49370.57241967135,-0.0499781914893617,987842.3157864828
2018-02-09,2018-03-02,3339,109003.68034146915,0.1068607142857143,1020053.8249260172
2018-02-23,2018-03-08,2033,-157621.71034043794,-0.1552744623655915,1015116.7676840501
2018-03-01,2018-03-13,2388,371823.40571692336,0.3662863402061855,1015116.7676840501
2018-03-01,2018-03-13,2434,-71855.93526929138,-0.0707858815426997,1015116.7676840501
2018-03-02,2018-03-14,5281,171755.44789285117,0.1674001748251747,1026017.135718197
2018-03-02,2018-03-14,6150,93646.08383445154,0.09127146182495349,1026017.135718197
2018-03-05,2018-03-15,2465,-332620.76425707963,-0.3241863636363636,1026017.135718197
2018-03-05,2018-03-15,6240,138406.73346875867,0.1348970973782772,1026017.135718197
2018-03-06,2018-03-16,2425,-200617.25117140007,-0.1955301175656983,1026017.135718197
2018-03-06,2018-03-16,6535,33422.508196020266,0.032575,1026017.135718197
2018-03-06,2018-03-16,2434,-127542.25803093845,-0.12430811688311691,1026017.135718197
2018-03-08,2018-03-20,2399,-135923.38438618914,-0.1345436440677966,1010254.9646841532
2018-03-13,2018-03-23,2440,52991.21149151686,0.0509407587548638,1040251.7117289165
2018-03-13,2018-03-23,5386,-194374.74752123287,-0.1868535714285715,1040251.7117289165
2018-03-14,2018-03-26,1441,44412.25622846895,0.0416316037735848,1066791.8649016465
2018-03-14,2018-03-26,6499,50734.293215566926,0.0475578178694158,1066791.8649016465
2018-03-15,2018-03-27,6472,377426.39249896136,0.3603561550151977,1047370.4618228145
2018-03-19,2018-03-29,6499,174961.53588750062,0.1718853448275861,1017896.7617221826
2018-03-21,2018-03-31,2465,159927.11020438018,0.1592416666666667,1004304.4232835637
2018-03-21,2018-03-31,4807,-15957.7232969131,-0.0158893288996373,1004304.4232835637
2018-03-22,2018-04-02,8201,-103915.57726842049,-0.103470197740113,1004304.4232835637
2018-03-22,2018-04-02,5386,324902.77685887436,0.3235102517985611,1004304.4232835637
2018-03-23,2018-04-03,6118,197618.70014675695,0.1995813694267516,990166.0696805923
2018-03-23,2018-04-03,5344,58999.35149884684,0.0595853092783505,990166.0696805923
2018-03-26,2018-04-09,5410,-23083.424021985218,-0.0230907963446473,999680.7246249958
2018-03-26,2018-04-09,4303,-62297.704956414345,-0.0623176014319809,999680.7246249958
2018-03-28,2018-04-11,6118,-106051.87239151617,-0.1022262232415902,1037423.363874892
2018-03-29,2018-04-12,8409,-46019.909271055,-0.043624095022624404,1054919.517463642
2018-03-31,2018-04-16,1781,-31854.100223945377,-0.0297892172523961,1069316.4561543888
2018-03-31,2018-04-16,2348,-234523.45907653795,-0.2193209107806691,1069316.4561543888
2018-04-10,2018-04-20,3708,-24776.25734220261,-0.0223503731343284,1108538.8683801545
2018-04-10,2018-04-20,4984,-1478.3800720567697,-0.0013336294416244,1108538.8683801545
2018-04-10,2018-04-20,6101,118581.38590206382,0.1069708868894603,1108538.8683801545
2018-04-10,2018-04-20,5398,-130712.81802364183,-0.1179145104895105,1108538.8683801545
2018-04-10,2018-04-20,8097,-111694.5288132037,-0.1007583333333333,1108538.8683801545
2018-04-11,2018-04-23,2013,-6625.128818715276,-0.0060341794158553005,1097933.6811410028
2018-04-11,2018-04-23,6523,-71494.48534060673,-0.0651173076923077,1097933.6811410028
2018-04-12,2018-04-24,6472,98983.89205784972,0.0905341836734694,1093331.6902138973
2018-04-16,2018-04-26,1413,35377.33730592138,0.0331654059040589,1066693.9342838489
2018-04-17,2018-04-27,3520,144464.6452927778,0.1354321428571427,1066693.9342838489
2018-04-20,2018-05-03,2323,23511.031151072217,0.022355564263322802,1051685.8744489446
2018-04-20,2018-05-03,6118,-3444.925815090693,-0.003275622406639,1051685.8744489446
2018-04-23,2018-05-04,6150,-35141.04140571934,-0.0336640670553935,1043873.9130330125
2018-04-23,2018-05-04,3628,-50855.07260096545,-0.0487176391382406,1043873.9130330125
2018-04-23,2018-05-04,8092,-37434.38218435582,-0.035861018957346,1043873.9130330125
2018-04-23,2018-05-04,6236,-151733.37249847883,-0.1453560344827587,1043873.9130330125
2018-04-24,2018-05-07,4545,-9075.770391912713,-0.008612648456057099,1053772.3022387973
2018-04-26,2018-05-09,6150,-1808.755382961935,-0.0017107142857143,1057310.0359693896
2018-04-27,2018-05-10,8932,-82022.26562789916,-0.0765306910569106,1071756.5004986674
2018-04-27,2018-05-10,3520,-89411.28605410122,-0.0834249999999999,1071756.5004986674
2018-05-03,2018-05-15,5481,-516.0028283572198,-0.0004805555555555999,1073763.1110322657
2018-05-03,2018-05-15,8932,49041.27939787369,0.045672345132743195,1073763.1110322657
2018-05-08,2018-05-18,5481,-20030.881983407293,-0.0191620892018778,1045339.1471241222
2018-05-22,2018-06-01,6212,95432.26774524263,0.09257499999999999,1030864.3558762369
2018-05-24,2018-06-05,2388,73883.12584274511,0.0716710451977402,1030864.3558762369
2018-05-25,2018-06-06,4806,-159342.9169052507,-0.1545721471471471,1030864.3558762369
2018-05-28,2018-06-07,8277,110977.04771480495,0.1076543650793651,1030864.3558762369
2018-05-28,2018-06-07,8080,72688.97739977157,0.0705126498800958,1030864.3558762369
2018-05-30,2018-06-11,6496,6020.563409038431,0.005840306122449,1030864.3558762369
2018-05-31,2018-06-12,2444,-1927.1436430686892,-0.0018694444444445001,1030864.3558762369
2018-06-01,2018-06-13,6225,-348873.16481529013,-0.3353235507246376,1040407.5826507614
2018-06-04,2018-06-14,3090,-62767.33617170974,-0.060329564315352704,1040407.5826507614
2018-06-04,2018-06-14,4806,83538.79673835853,0.080294298245614,1040407.5826507614
2018-06-05,2018-06-15,5299,139687.68591836642,0.1333157407407408,1047795.8952350358
2018-06-05,2018-06-15,6432,205760.5569938285,0.1963746545768567,1047795.8952350358
2018-06-06,2018-06-19,6127,42958.05342794091,0.0416316037735848,1031861.6035445107
2018-06-07,2018-06-20,5345,221620.83844633805,0.2110216019417474,1050228.2060559685
2018-06-08,2018-06-21,2349,67442.28525762598,0.0642167910447759,1050228.2060559685
2018-06-11,2018-06-22,6127,118973.35422357795,0.11321843163538879,1050830.2623968723
2018-06-12,2018-06-25,3339,62241.51940802916,0.059241666666666595,1050637.5480325655
2018-06-13,2018-06-26,8171,-104657.57736390216,-0.103034756097561,1015750.2315510365
2018-06-14,2018-06-27,2491,-8905.484010667833,-0.0087495033112582,1017827.3776077013
2018-06-14,2018-06-27,4609,-155539.3628954596,-0.1528150709219857,1017827.3776077013
2018-06-15,2018-06-28,3624,98534.45846308408,0.0936308069381599,1052372.2018989208
2018-06-15,2018-06-28,6173,25670.706461320595,0.0243931818181817,1052372.2018989208
2018-06-19,2018-06-29,5328,55554.320480733164,0.052575,1056668.007241715
2018-06-20,2018-07-02,8261,-32344.826759090913,-0.0299813909774436,1078830.0910863488
2018-06-25,2018-07-05,4513,13446.15288762559,0.0121828431372548,1103695.806975272
2018-06-26,2018-07-06,9157,21698.13186364334,0.0198477272727271,1093230.0492388816
2018-06-27,2018-07-09,5304,-159418.1028313711,-0.1480499999999999,1076785.564548269
2018-07-03,2018-07-13,6155,151631.07478643427,0.1389164634146342,1091527.0304128735
2018-07-05,2018-07-17,6118,-203270.22298748398,-0.1859964285714286,1092871.645701636
2018-07-10,2018-07-20,9157,54847.858814246414,0.050827427184465895,1079099.648604863
2018-07-10,2018-07-20,8913,-326496.58618052077,-0.3025638888888888,1079099.648604863
2018-07-11,2018-07-23,2413,54872.280016152006,0.0508500582750581,1079099.648604863
2018-07-12,2018-07-24,6542,-75045.30158863528,-0.06954436662606571,1079099.648604863
2018-07-13,2018-07-25,8913,-75543.93332925464,-0.069036374407583,1094262.7560835066
2018-07-16,2018-07-26,2413,189693.76661181677,0.1733530320366132,1094262.7560835066
2018-07-17,2018-07-27,9157,12099.592294120252,0.011266588785046699,1073935.733784758
2018-07-18,2018-07-30,6472,131096.84162359533,0.12207140287769791,1073935.733784758
2018-07-24,2018-08-03,9157,53698.79652469885,0.0513985294117647,1044753.5588908823
2018-07-31,2018-08-10,3105,119058.69809092984,0.11121906779660999,1070488.1856109102
2018-07-31,2018-08-10,9157,76011.48291681244,0.0710063725490197,1070488.1856109102
2018-08-03,2018-08-15,2478,-160300.73627299163,-0.1489980337078651,1075858.06526338
2018-08-06,2018-08-16,2349,-255357.07135937217,-0.2373520072992699,1075858.06526338
2018-08-07,2018-08-17,9157,-123258.75312708567,-0.11456785714285721,1075858.06526338
2018-08-10,2018-08-22,5310,187336.10421662778,0.1710261784511784,1095365.0833641544
2018-08-13,2018-08-23,6240,-128600.93605286742,-0.1174046334012219,1095365.0833641544
2018-08-14,2018-08-24,9157,-28800.351467830722,-0.0262929245283018,1095365.0833641544
2018-08-16,2018-08-28,6240,-91882.38084639862,-0.0871915369649805,1053799.302600918
2018-08-20,2018-08-30,8906,301761.52168520214,0.2897448113207548,1041473.4272882097
2018-08-21,2018-08-31,9157,33925.99689391343,0.032575,1041473.4272882097
2018-08-22,2018-09-03,2702,121670.94484460256,0.1147614951768487,1060207.0377098725
2018-08-23,2018-09-04,6414,38240.44999910012,0.0365117311072056,1047346.9441045856
2018-08-24,2018-09-05,2368,-66506.43042788807,-0.063675,1044466.9089578025
2018-08-24,2018-09-05,3018,151185.4497815236,0.1447489130434784,1044466.9089578025
2018-08-27,2018-09-06,2702,1626.2725030045974,0.0015570359281437997,1044466.9089578025
2018-08-28,2018-09-07,1475,-91422.71898126838,-0.0883073529411764,1035278.6708731627
2018-08-29,2018-09-10,3018,423856.3211403315,0.4094127823408624,1035278.6708731627
2018-08-29,2018-09-10,3520,135459.12907608965,0.1308431564245811,1035278.6708731627
2018-09-04,2018-09-14,9157,-8054.926324449673,-0.007425,1084838.5622154442
2018-09-06,2018-09-18,4303,-325375.5219078739,-0.2975626146788991,1093469.0914011083
2018-09-07,2018-09-19,8906,-127062.60682416127,-0.1171810975609756,1084326.8195029816
2018-09-11,2018-09-21,9157,4063.8933414773564,0.0035640109890109004,1140258.3645246238
2018-09-17,2018-09-28,3176,-6144.476452067417,-0.0053924796747968,1139452.871892179
2018-09-18,2018-10-01,9157,-20121.16151438918,-0.018177688172043,1106915.3197013915
2018-09-19,2018-10-02,3630,121112.78817209612,0.1106852362204724,1094209.0590189754
2018-09-20,2018-10-03,3176,-2125.5490887698397,-0.0019425438596492,1094209.0590189754
2018-09-25,2018-10-05,2348,55776.58368382506,0.050955414312617596,1094615.4483531232
2018-10-01,2018-10-12,3523,-148597.815480946,-0.136079970760234,1091988.8845564774
2018-10-03,2018-10-16,9157,-105241.42997327408,-0.0953370879120879,1103887.60846481
2018-10-05,2018-10-18,8367,-169226.6207725914,-0.1525298951048952,1109465.2668331924
2018-10-09,2018-10-22,5274,-2785.8618331004996,-0.0025109950859952,1109465.2668331924
2018-10-11,2018-10-23,9157,-105315.9904541408,-0.09492500000000001,1109465.2668331924
2018-10-12,2018-10-24,6578,241483.52474798608,0.2206123831775701,1094605.485285098
2018-10-15,2018-10-25,5274,-85091.89391235031,-0.0777375,1094605.485285098
2018-10-17,2018-10-29,4943,-241870.76995012345,-0.2231112745098039,1084081.3422877705
2018-10-17,2018-10-29,3712,-194335.3580111631,-0.1792627088305488,1084081.3422877705
2018-10-18,2018-10-30,9157,-320262.7791158347,-0.3001079268292683,1067158.6802105114
2018-10-19,2018-10-31,5281,-35936.568556088765,-0.0336749999999998,1067158.6802105114
2018-10-24,2018-11-05,5281,-115401.25778370284,-0.1068038819875776,1080496.8474565858
2018-10-25,2018-11-06,9157,86627.63793874849,0.0808102941176469,1071987.6580653507
2018-11-07,2018-11-19,8489,-78054.76491970939,-0.0788535714285714,989869.7485175341
2018-11-08,2018-11-20,5274,10647.848908485023,0.010756818181818,989869.7485175341
2018-11-08,2018-11-20,9103,9148.046259216144,0.0092416666666666,989869.7485175341
2018-11-14,2018-11-26,9157,-28868.690459210713,-0.029164130434782498,989869.7485175341
2018-11-15,2018-11-27,9103,26783.656721310257,0.027057758620689702,989869.7485175341
2018-11-19,2018-11-29,8431,35061.34893225605,0.0357016846361186,982064.2720255632
2018-11-21,2018-12-03,1526,102974.25191468911,0.10464396551724149,984043.8615423335
2018-11-21,2018-12-03,9157,-17664.882109239563,-0.0179513157894737,984043.8615423335
2018-11-22,2018-12-04,9103,962.7504754626278,0.0009783613445377,984043.8615423335
2018-11-27,2018-12-07,3519,-37858.87064522576,-0.038480900621118,983835.3581685435
2018-11-27,2018-12-07,6240,321385.4716719075,0.3266659090909092,983835.3581685435
2018-11-28,2018-12-10,8932,190739.802356669,0.1938737012987013,983835.3581685435
2018-11-28,2018-12-10,9157,-17661.13919933349,-0.0179513157894737,983835.3581685435
2018-12-03,2018-12-13,3356,-19465.53376327393,-0.019546212121212,995872.4300423141
2018-12-05,2018-12-17,2702,-87715.12449737775,-0.08807016129032261,995968.7050898604
2018-12-05,2018-12-17,2736,-43050.271874785896,-0.0432245226730309,995968.7050898604
2018-12-06,2018-12-18,3152,65158.943993770365,0.0654226821192052,995968.7050898604
2018-12-10,2018-12-20,2702,26516.767435046175,0.025457011605415802,1041629.2315082622
2018-12-10,2018-12-20,2736,-51135.3150234596,-0.049091666666666506,1041629.2315082622
2018-12-10,2018-12-20,9157,-173447.8384202632,-0.166515909090909,1041629.2315082622
2018-12-13,2018-12-24,3438,-5444.627083965672,-0.0052368161925602005,1039682.6781319348
2018-12-18,2018-12-27,3438,-7670.931094238658,-0.007425,1033122.0328940954
2018-12-20,2019-01-02,3085,49211.23990910285,0.048564583333333196,1013315.3942932278
2018-12-24,2019-01-07,8467,-117149.66727671551,-0.1156724226804123,1012770.9315848311
2019-01-07,2019-01-17,3313,55856.630473838755,0.055567125984251994,1005209.995738646
2019-01-10,2019-01-22,5450,167200.4639773627,0.1663338652482269,1005209.995738646
2019-01-10,2019-01-22,3313,16469.887108751263,0.0163845238095239,1005209.995738646
2019-01-11,2019-01-23,4903,-17098.284816493422,-0.0170096645367412,1005209.995738646
2019-01-18,2019-01-30,3630,92415.90305906693,0.0914288681948425,1010795.6587860299
2019-01-22,2019-02-12,3324,255417.98965251638,0.24818038116591928,1029162.6938946412
2019-01-30,2019-02-20,3519,-199677.91109647174,-0.1926101851851851,1036694.4557188986
2019-02-13,2019-02-25,5475,205147.8293210058,0.1931282503457814,1062236.2546841502
2019-02-15,2019-02-27,3465,-95257.18574513735,-0.0896760822510822,1062236.2546841502
2019-02-19,2019-03-05,6188,145876.1783595312,0.13732931606905718,1062236.2546841502
2019-02-20,2019-03-06,3324,13531.941628867518,0.012983163265306102,1042268.463574503
2019-02-27,2019-03-13,1418,-119869.1103291607,-0.1138079787234043,1053257.52793209
2019-03-04,2019-03-14,5450,22588.572847894247,0.0214463910761155,1053257.52793209
2019-03-05,2019-03-15,3147,365105.15404764184,0.3419083333333332,1067845.1457680431
2019-03-06,2019-03-18,5340,-88071.43557030946,-0.0823714668094218,1069198.3399309297
2019-03-08,2019-03-20,1626,188775.1826163353,0.1765576839826839,1069198.3399309297
2019-03-18,2019-03-28,1438,-95229.64627830358,-0.0875937763713079,1087173.6580305365
2019-03-20,2019-04-01,3630,-30670.321888378807,-0.027729568527918698,1106051.1762921698
2019-03-21,2019-04-02,5278,-73406.50338330456,-0.0663680894308943,1106051.1762921698
2019-04-02,2019-04-16,3555,-90904.14630371243,-0.0836961864406779,1086120.5291371713
2019-04-03,2019-04-17,3535,47162.02265440256,0.043422457627118695,1086120.5291371713
2019-04-10,2019-04-22,3086,142785.6285624302,0.1314638888888888,1086120.5291371713
2019-04-11,2019-04-23,6538,-56939.8687400161,-0.0524249999999999,1086120.5291371713
2019-04-12,2019-04-24,4523,-13811.11439517753,-0.012716005291005101,1086120.5291371713
2019-04-15,2019-04-25,4433,-160837.44243385215,-0.1480843406593406,1086120.5291371713
2019-04-17,2019-04-29,3219,-53622.80733879497,-0.049570593869731804,1081746.3167722402
2019-04-18,2019-04-30,3520,-4905.531960495427,-0.0045348265895951995,1081746.3167722402
2019-04-18,2019-04-30,5432,-64470.90466841146,-0.0595989130434781,1081746.3167722402
2019-04-22,2019-05-03,3338,15143.589509232745,0.0138168300653594,1096024.8796284832
2019-04-24,2019-05-07,5258,-98042.17319141267,-0.0900336956521738,1088949.781314964
2019-04-26,2019-05-09,2475,-7966.030325256472,-0.007425,1072866.0370715787
2019-04-26,2019-05-09,5450,11865.134870151596,0.011059288354898299,1072866.0370715787
2019-05-03,2019-05-15,8059,119404.59591399698,0.1124251872659176,1062080.4716257318
2019-05-03,2019-05-15,3483,-4980.1185780843425,-0.0046890218878248,1062080.4716257318
2019-05-06,2019-05-16,6158,-133719.39468356533,-0.1259032608695652,1062080.4716257318
2019-05-09,2019-05-21,5340,54194.46055883925,0.0514830459770117,1052666.16476108
2019-05-16,2019-05-28,3630,-67450.52656290629,-0.064193558951965,1050736.6730263145
2019-05-21,2019-05-31,6240,-30520.158060183545,-0.0288973926380369,1056156.1190821985
2019-05-21,2019-05-31,5310,-46878.530320693724,-0.0443859856262834,1056156.1190821985
2019-05-23,2019-06-04,6150,25261.441563167005,0.0239182835820894,1056156.1190821985
2019-05-24,2019-06-05,2406,-6655.266915553617,-0.006301404494382001,1056156.1190821985
2019-05-27,2019-06-06,4402,-157816.12809385752,-0.149425,1056156.1190821985
2019-06-11,2019-06-21,5383,26754.649247187175,0.0260322490706319,1027750.2022431956
2019-06-26,2019-07-08,6150,38467.88526638934,0.037332033248081695,1030425.6671679143
2019-06-27,2019-07-09,5310,58336.94002809051,0.0566144088669951,1030425.6671679143
2019-07-08,2019-07-18,3630,-34427.89856183943,-0.033287068965517204,1034272.4556945532
2019-07-16,2019-07-26,2491,2524.5630670424503,0.0024272167487684,1040106.1496973622
2019-07-17,2019-07-29,6150,72393.49634221279,0.069602027027027,1040106.1496973622
2019-07-25,2019-08-06,4433,-118408.84640073295,-0.11422111650485431,1036663.3598411784
2019-07-30,2019-08-12,2734,-263987.2486168779,-0.252823773006135,1044155.1657821039
2019-07-31,2019-08-12,8488,-149700.213352808,-0.1433697004608295,1044155.1657821039
2019-08-05,2019-08-15,5259,-139539.42642794523,-0.1336385922330097,1044155.1657821039
2019-08-15,2019-08-27,6510,247539.8450914774,0.2533694732297062,976991.5923022674
2019-08-19,2019-08-29,3293,-41663.92934575436,-0.0426451257861635,976991.5923022674
2019-08-26,2019-09-05,4968,76487.97391020705,0.0782892857142856,976991.5923022674
2019-08-26,2019-09-05,6426,-18231.596194218153,-0.0186609550561798,976991.5923022674
2019-08-27,2019-09-06,6683,-142557.13173355057,-0.1423087209302326,1001745.5768114151
2019-08-27,2019-09-06,6497,79431.3042602344,0.0792928924259057,1001745.5768114151
2019-08-30,2019-09-11,6683,19.122330509683152,1.916873449120003e-05,997579.1838768397
2019-08-30,2019-09-11,6497,-26871.985125687166,-0.0269371951219511,997579.1838768397
2019-09-02,2019-09-12,5498,101200.38570759622,0.1014459677419355,997579.1838768397
2019-09-02,2019-09-12,6231,-197546.13881628885,-0.1980255221932114,997579.1838768397
2019-09-02,2019-09-12,4529,-168813.09564058323,-0.1692227528089888,997579.1838768397
2019-10-14,2019-10-24,9105,12031.418067387705,0.012495318725099801,962874.0436384194
2019-10-16,2019-10-28,9157,-20522.590380104433,-0.0213138888888889,962874.0436384194
2019-10-17,2019-10-29,6426,-3583.1396123913955,-0.0037212962962962,962874.0436384194
2019-10-18,2019-10-30,5259,85527.28692618251,0.0888249999999999,962874.0436384194
2019-10-21,2019-10-31,3629,259409.01128972793,0.2694111581920904,962874.0436384194
2019-10-23,2019-11-04,2504,137643.74949491993,0.142950939849624,962874.0436384194
2019-10-23,2019-11-04,8463,-32812.29402877052,-0.0340774520255863,962874.0436384194
2019-10-24,2019-11-05,4502,48777.945848812604,0.0505954778156996,964077.1854451582
2019-10-25,2019-11-06,8086,-19571.28407332719,-0.0203005364806867,964077.1854451582
2019-10-28,2019-11-07,4908,169629.04514874035,0.176325,962024.9264071478
2019-10-29,2019-11-08,4903,121510.67723481757,0.1263542642140467,961666.6124459086
2019-11-04,2019-11-14,3374,-49480.3105506378,-0.049153763040238406,1006643.3878141146
2019-11-08,2019-11-20,1449,42656.21273323771,0.0410677916120576,1038678.0262300189
2019-11-08,2019-11-20,6649,-12465.859522011979,-0.012001659038901599,1038678.0262300189
2019-11-08,2019-11-20,4304,-421975.6296899864,-0.4062622093023256,1038678.0262300189
2019-11-14,2019-11-26,6131,476631.1273284231,0.461078937007874,1033729.9951749552
2019-11-14,2019-11-26,8086,69086.68314040187,0.0668324257425743,1033729.9951749552
2019-11-19,2019-11-29,8040,59833.45242990478,0.0578811224489797,1033729.9951749552
2019-11-22,2019-12-04,6130,-45272.21959980101,-0.045520238095238,994551.4675270792
2019-12-02,2019-12-12,3374,234775.22008215272,0.2225132716049382,1055106.5938169523
2019-12-06,2019-12-18,6169,-33891.09915036668,-0.0322594370860926,1050579.3718569723
2019-12-06,2019-12-18,3288,-31677.35574187827,-0.030152272727272698,1050579.3718569723
2019-12-10,2019-12-20,6531,38047.67511532593,0.0362158977556108,1050579.3718569723
2019-12-11,2019-12-23,6497,261578.77428113433,0.24898525641025637,1050579.3718569723
2019-12-12,2019-12-24,5309,-21073.127240183,-0.0196201219512195,1074056.8938651877
2019-12-12,2019-12-24,3593,173788.6019094671,0.161805769230769,1074056.8938651877
2019-12-13,2019-12-25,3631,327052.04858521966,0.3045016055045872,1074056.8938651877
2019-12-17,2019-12-27,5309,372827.1172061629,0.3471204545454545,1074056.8938651877
2019-12-19,2019-12-31,3131,-32272.680190573086,-0.0302320175438596,1067500.048375963
2019-12-20,2020-01-02,2438,-104479.12133570338,-0.0975251112347052,1071304.8158874956
2019-12-24,2020-01-06,3680,158648.0843795702,0.1425749999999999,1112734.2407825377
2019-12-30,2020-01-10,3374,-19002.76769931373,-0.0160669753086419,1182722.157361676
2019-12-30,2020-01-10,9105,-12500.964085585627,-0.0105696540880504,1182722.157361676
2019-12-30,2020-01-10,5906,-138221.26142923764,-0.1168670600858369,1182722.157361676
2019-12-31,2020-01-13,5383,523608.86266343464,0.4439263513513514,1179494.8893426186
2020-01-02,2020-01-14,5328,-126123.60285258474,-0.1078858294930875,1169046.9772090483
2020-01-02,2020-01-14,8034,-49699.36598855091,-0.0425127192982457,1169046.9772090483
2020-01-03,2020-01-15,8101,-24152.854386485105,-0.020660294117647,1169046.9772090483
2020-01-07,2020-01-17,5309,125685.88296377684,0.1060719325153372,1184911.7856470053
2020-01-07,2020-01-17,6523,-16234.654855585759,-0.0137011506276149,1184911.7856470053
2020-01-13,2020-02-03,9103,583248.7117163447,0.4779551169590643,1220300.1725919351
2020-01-14,2020-02-04,6538,-140771.73707205948,-0.1170446868008948,1202717.8757078215
2020-01-31,2020-02-12,4760,391263.08295923664,0.3230248269896194,1211247.7130799922
2020-01-31,2020-02-12,3383,189119.46571654934,0.1561360766045547,1211247.7130799922
2020-02-03,2020-02-13,2429,-380340.9196802102,-0.299581862745098,1269572.5842516266
2020-02-06,2020-02-18,1732,2635.045724749622,0.0020988095238093996,1255495.4105444206
2020-02-07,2020-02-19,9919,74112.76816352051,0.0590306962025317,1255495.4105444206
2020-02-07,2020-02-19,1325,-88063.92586161835,-0.0701427700348432,1255495.4105444206
2020-02-07,2020-02-19,9944,2808.3370167504254,0.0022368357487923003,1255495.4105444206
2020-02-10,2020-02-20,3682,149647.14963844724,0.1191937050359712,1255495.4105444206
2020-02-11,2020-02-21,1781,1011.2421367439105,0.0008054526748969997,1255495.4105444206
2020-02-12,2020-02-24,1325,217217.90324888928,0.1653691176470588,1313533.6654119992
2020-02-14,2020-02-26,9105,116596.23397268783,0.09141220930232549,1275499.5734439783
2020-02-17,2020-02-27,9103,257743.0134557215,0.20207220670391068,1275499.5734439783
2020-02-19,2020-03-03,4198,-107713.0588840259,-0.0845041075050709,1274648.7959483187
2020-02-20,2020-03-04,3374,-8148.816700257,-0.0063188053097344,1289613.5109121634
2020-02-20,2020-03-04,2928,-66836.21188412067,-0.0518265444015443,1289613.5109121634
2020-02-20,2020-03-04,6169,-138072.28476715367,-0.1070648559423769,1289613.5109121634
2020-02-24,2020-03-06,4944,233416.45065803232,0.1779853343465045,1311436.4254507269
2020-03-04,2020-03-16,9103,87144.1448698026,0.0661790609137056,1316793.3129700117
2020-03-06,2020-03-18,3373,-320971.5844744583,-0.2395069112627986,1340134.958035815
2020-03-06,2020-03-18,1732,-73879.20147501836,-0.0551281802120141,1340134.958035815
2020-03-06,2020-03-18,4171,-152380.30436673903,-0.1137051932367148,1340134.958035815
2020-03-06,2020-03-18,1781,-555931.4108928221,-0.4148324074074074,1340134.958035815
2020-03-10,2020-03-20,4121,-371172.86271996994,-0.2769667789757413,1340134.958035815
2020-03-10,2020-03-20,6222,156226.23273302527,0.1165750000000001,1340134.958035815
2020-03-11,2020-03-23,3373,-26161.812039655506,-0.019521774193548298,1340134.958035815
2020-03-11,2020-03-23,8084,-365444.31726757303,-0.2726921755725191,1340134.958035815
2020-03-17,2020-03-27,3374,64920.86966028456,0.048130555555555496,1348849.372522795
2020-03-17,2020-03-27,1781,-117358.19330483778,-0.0870061518324608,1348849.372522795
2020-03-19,2020-03-31,8409,-80328.07830151032,-0.0648574324324325,1238533.1224018915
2020-03-20,2020-04-01,3374,387823.8566356258,0.318661956521739,1217038.459403197
2020-03-20,2020-04-01,3552,257645.2235711059,0.2116985059760956,1217038.459403197
2020-03-20,2020-04-01,1781,821103.9200812354,0.6746737654320987,1217038.459403197
2020-03-20,2020-04-01,4994,287802.1380738573,0.2364774390243902,1217038.459403197
2020-03-20,2020-04-01,3046,107050.23479739008,0.0879596153846154,1217038.459403197
2020-03-23,2020-04-06,4157,87626.08079223508,0.07439318181818169,1177877.8464724743
2020-03-23,2020-04-06,2231,338735.0618726462,0.2875808072009291,1177877.8464724743
2020-03-27,2020-04-10,9946,109980.8550740048,0.0937895748987853,1172634.114108019
2020-03-27,2020-04-10,3321,564817.8766028517,0.481665909090909,1172634.114108019
2020-03-31,2020-04-14,4157,116475.28969437686,0.10001301652892569,1164601.3062778679
2020-04-01,2020-04-15,4130,-42633.434780602736,-0.0315629310344826,1350743.8435937897
2020-04-01,2020-04-15,6415,192582.30350038444,0.1425749999999999,1350743.8435937897
2020-04-06,2020-04-16,2928,88808.53283665242,0.0637360486891385,1393379.9578602777
2020-04-06,2020-04-16,6171,87779.50295797727,0.0629975352112675,1393379.9578602777
2020-04-07,2020-04-17,2302,28930.635846532645,0.0207629194630871,1393379.9578602777
2020-04-07,2020-04-17,3687,79068.9104670229,0.0567461229946524,1393379.9578602777
2020-04-07,2020-04-17,5443,58915.730665591036,0.042282602339181095,1393379.9578602777
2020-04-10,2020-04-22,4960,25112.742364536596,0.0171903846153847,1460859.8310279634
2020-04-13,2020-04-23,3522,274277.07400349644,0.1877504385964914,1460859.8310279634
2020-04-14,2020-04-24,9105,12255.7251354428,0.0083230314960629,1472507.359997401
2020-04-15,2020-04-27,1460,-2916.2766044840023,-0.0019605191256831,1487502.2468693792
2020-04-15,2020-04-27,5383,-104416.05734147287,-0.07019556277056291,1487502.2468693792
2020-04-17,2020-04-29,3373,337281.0027302604,0.2216252793296089,1521852.5781467569
2020-04-17,2020-04-29,4760,223127.03063491712,0.1466154040404039,1521852.5781467569
2020-04-17,2020-04-29,6169,129356.31622385433,0.0849992424242423,1521852.5781467569
2020-04-20,2020-04-30,1472,210773.15300635764,0.1384977467811157,1521852.5781467569
2020-04-20,2020-04-30,1796,-47249.02889226922,-0.0310470472440944,1521852.5781467569
2020-04-22,2020-05-05,4529,180246.03973832953,0.1182434491978608,1524363.8523832106
2020-04-23,2020-05-06,1475,384215.9558865026,0.2475950803212849,1551791.5597835602
2020-04-24,2020-05-07,4128,261072.91888739835,0.1681069148936169,1553017.1322971047
2020-04-27,2020-05-08,4743,499003.5669971429,0.3235484513274336,1542283.898902509
2020-04-28,2020-05-11,1325,86591.03929139508,0.056144682151589194,1542283.898902509
2020-04-30,2020-05-13,4743,769777.5469329709,0.4729488317757009,1627612.7462728207
2020-04-30,2020-05-13,4171,618118.6911413884,0.3797701219512195,1627612.7462728207
2020-04-30,2020-05-13,3465,-28361.1521038039,-0.017425,1627612.7462728207
2020-05-05,2020-05-15,4729,-193880.12326190033,-0.1178146103896104,1645637.3502466537
2020-05-05,2020-05-15,8084,95626.3088313592,0.058108980582524096,1645637.3502466537
2020-05-06,2020-05-18,4956,-412783.67297843465,-0.2451123661670235,1684058.945835304
2020-05-06,2020-05-18,9105,14658.103389032583,0.0087040322580645,1684058.945835304
2020-05-07,2020-05-19,8403,-368842.62321244617,-0.2156764734774067,1710166.237724044
2020-05-08,2020-05-20,6589,103810.9278223563,0.05898125,1760066.5944237583
2020-05-11,2020-05-21,4956,315700.72180604306,0.1784904929577464,1768725.698352898
2020-05-13,2020-05-25,9103,425685.8320744911,0.2234947651663403,1904679.2069499535
2020-05-15,2020-05-27,1732,81911.8681735747,0.0432285947712416,1894853.8255068995
2020-05-18,2020-05-28,6532,457347.91059321136,0.24654325396825388,1855041.2685479592
2020-05-18,2020-05-28,3122,128921.80077702804,0.0694980769230768,1855041.2685479592
2020-05-19,2020-05-29,6150,11954.38231594065,0.006575,1818157.0062267147
2020-05-19,2020-05-29,3552,210273.3542259006,0.115651923076923,1818157.0062267147
2020-05-19,2020-05-29,6594,59644.43160570314,0.032804885057471096,1818157.0062267147
2020-05-19,2020-05-29,3162,-165012.89962345935,-0.0907583333333332,1818157.0062267147
2020-05-21,2020-06-02,4736,67653.28826787595,0.036370620437956094,1860108.1711895545
2020-05-21,2020-06-02,3693,361445.3017993317,0.1943141304347824,1860108.1711895545
2020-05-25,2020-06-04,4142,-284144.20803364576,-0.1493391914191419,1902676.7543970034
2020-05-27,2020-06-08,6492,-249255.28247004512,-0.130440873015873,1910867.9412143608
2020-05-28,2020-06-09,1799,-58881.8123613191,-0.0298969101123597,1969494.9123513848
2020-05-28,2020-06-09,4743,1016647.4583180514,0.5161970472440944,1969494.9123513848
2020-05-29,2020-06-10,4142,219004.3503238058,0.110542332123412,1981180.839203793
2020-05-29,2020-06-10,9919,152681.1689146026,0.0770657407407407,1981180.839203793
2020-05-29,2020-06-10,1526,16737.047176908403,0.008448015873015798,1981180.839203793
2020-05-29,2020-06-10,4946,571648.1869211553,0.288539125560538,1981180.839203793
2020-06-02,2020-06-12,9103,301235.2981611797,0.14882499999999999,2024090.698210514
2020-06-02,2020-06-12,3115,-120863.6811837824,-0.0597125816993464,2024090.698210514
2020-06-04,2020-06-16,6237,247771.08750961357,0.124153947368421,1995676.2774071493
2020-06-08,2020-06-18,1466,849257.9150453577,0.4309311643835616,1970750.749160145
2020-06-09,2020-06-19,2719,-450654.1170448671,-0.2180731481481481,2066527.3137558182
2020-06-10,2020-06-22,6531,984690.4792396466,0.4553409574468086,2162534.3890894656
2020-06-10,2020-06-22,6497,-115674.52482199723,-0.0534902591170825,2162534.3890894656
2020-06-10,2020-06-22,2740,-173164.0170463435,-0.0800745726495726,2162534.3890894656
2020-06-11,2020-06-23,1785,282329.86173665535,0.1305550853485064,2162534.3890894656
2020-06-12,2020-06-24,4123,79692.54428420396,0.036546631205673696,2180571.5507872053
2020-06-12,2020-06-24,2719,-361077.0604707345,-0.1655882653061224,2180571.5507872053
2020-06-17,2020-07-01,2417,360372.3488740325,0.1634083333333333,2205348.6595381666
2020-06-17,2020-07-01,4192,643802.4739287555,0.2919277508090614,2205348.6595381666
2020-06-18,2020-07-02,1467,-397079.44562582136,-0.1733763590844064,2290274.4510427024
2020-06-19,2020-07-03,1468,-328144.7634992665,-0.146153323699422,2245209.0393382157
2020-06-22,2020-07-06,4102,-144072.36440101083,-0.0622398148148148,2314794.2330753463
2020-06-22,2020-07-06,3228,1131096.4062347447,0.4886379921259842,2314794.2330753463
2020-06-22,2020-07-06,3680,670743.469074739,0.28976375502008017,2314794.2330753463
2020-06-23,2020-07-07,1467,-448628.98064568656,-0.1914740797546011,2343027.219249012
2020-06-24,2020-07-08,4414,89243.61837760228,0.038552011494252796,2314888.7676303587
2020-06-24,2020-07-08,1474,-433731.4556644102,-0.1873660029498525,2314888.7676303587
2020-07-01,2020-07-13,4152,189889.134402569,0.0786190713536201,2415306.2499106377
2020-07-01,2020-07-13,8054,763899.5880597061,0.3162744219653177,2415306.2499106377
2020-07-02,2020-07-14,3325,23398.389393025696,0.009849472168905901,2375598.3053480554
2020-07-03,2020-07-15,8933,-230375.51802105008,-0.0983340909090909,2342783.828998129
2020-07-06,2020-07-16,1475,-458081.9303519447,-0.1826074817518248,2508560.580088976
2020-07-07,2020-07-17,6683,-71389.88809128129,-0.028976724137931,2463697.682024407
2020-07-08,2020-07-20,5701,96280.42214407084,0.0396338235294118,2429248.898295726
2020-07-08,2020-07-20,3228,-596922.01691904,-0.2457228723404255,2429248.898295726
2020-07-09,2020-07-21,5344,-49483.76075004903,-0.020369983818770098,2429248.898295726
2020-07-10,2020-07-22,4979,-131110.31998751435,-0.0539715465465464,2429248.898295726
2020-07-13,2020-07-23,1734,-1032282.0573992481,-0.4088848540145985,2524627.770541954
2020-07-13,2020-07-23,5351,232461.3821412337,0.092077487562189,2524627.770541954
2020-07-14,2020-07-24,2464,-150825.36333760965,-0.059686306532663304,2526967.609481256
2020-07-15,2020-07-27,3268,6531.363378713722,0.0026084448160534996,2503930.057679151
2020-07-16,2020-07-28,6535,-823455.2582176712,-0.3349936673448627,2458121.8646439565
2020-07-17,2020-07-29,3686,-62469.17451018823,-0.025487397372742,2450982.8758348282
2020-07-20,2020-07-30,3632,105540.54340316226,0.043958399209486,2400918.7163573313
2020-07-20,2020-07-30,4198,-329426.92109602754,-0.1372086938435939,2400918.7163573313
2020-07-21,2020-07-31,6443,341605.4712657529,0.1425750000000001,2395970.3402823266
2020-07-22,2020-08-03,4743,24007.307530957023,0.010075,2382859.3082835753
2020-07-23,2020-08-04,6131,194659.96322372017,0.08452902298850559,2302877.2407577736
2020-07-23,2020-08-04,6241,-235089.6702833869,-0.10208519417475741,2302877.2407577736
2020-07-24,2020-08-05,3540,50826.07187668174,0.0222161856474259,2287794.704424013
2020-07-27,2020-08-06,4743,102879.3521555846,0.044955952380952395,2288447.840761884
2020-07-28,2020-08-07,1325,398966.1138033816,0.1808466049382715,2206102.3149401173
2020-08-04,2020-08-14,3228,283621.94611882593,0.1283365894039734,2209985.0668935166
2020-08-05,2020-08-17,5215,382265.30385456025,0.1725749999999999,2215067.674081185
2020-08-05,2020-08-17,6229,-56538.60008785701,-0.0255245475113122,2215067.674081185
2020-08-10,2020-08-20,9103,1650657.831370991,0.7286861111111111,2265252.2206770815
2020-08-10,2020-08-20,3043,-16819.49773852733,-0.007425,2265252.2206770815
2020-08-10,2020-08-20,3529,-167836.3124503326,-0.0740916666666666,2265252.2206770815
2020-08-11,2020-08-21,2371,431592.20464806206,0.1905272184300341,2265252.2206770815
2020-08-11,2020-08-21,6589,-62124.542152068956,-0.027424999999999998,2265252.2206770815
2020-08-11,2020-08-21,6237,-16819.49773852733,-0.007425,2265252.2206770815
2020-08-11,2020-08-21,5310,1482861.3705800953,0.6546120370370367,2265252.2206770815
2020-08-14,2020-08-26,4171,263439.0670099667,0.11485760869565209,2293614.415288964
2020-08-18,2020-08-28,6244,262378.9673623964,0.11279357923497249,2326187.085665634
2020-08-19,2020-08-31,6140,675414.8819538101,0.2903527777777777,2326187.085665634
2020-08-20,2020-09-01,3218,-129082.26446778802,-0.052201119402985004,2472787.2877838467
2020-08-21,2020-09-02,6244,912325.1942836914,0.3434521929824561,2656338.241317603
2020-08-21,2020-09-02,3686,584473.8636875711,0.22002990981963919,2656338.241317603
2020-08-21,2020-09-02,9103,113093.60062409693,0.042574999999999995,2656338.241317603
2020-08-25,2020-09-04,1432,160804.53020116044,0.0605361650485436,2656338.241317603
2020-08-25,2020-09-04,6169,-25268.90275977397,-0.009512682672233801,2656338.241317603
2020-08-25,2020-09-04,3218,631831.3515229115,0.2378580188679244,2656338.241317603
2020-08-26,2020-09-07,9103,1156790.7596345728,0.4312067907444668,2682682.1480185995
2020-08-28,2020-09-09,3325,237695.42065430575,0.0877454545454543,2708920.044754839
2020-08-31,2020-09-10,6560,-94654.20109416106,-0.034091666666666604,2776461.5329502197
2020-09-01,2020-09-11,9110,-476116.0238523315,-0.1722840021691974,2763553.306503441
2020-09-02,2020-09-14,4950,-309889.1674375127,-0.10596158536585361,2924542.572362977
2020-09-03,2020-09-15,9105,1383506.9591475076,0.4730678131416836,2924542.572362977
2020-09-03,2020-09-15,6140,-163224.85306897128,-0.0558120967741935,2924542.572362977
2020-09-04,2020-09-16,3287,40042.3872224327,0.013341773162939202,3001279.2702594064
2020-09-04,2020-09-16,5474,-357671.0072926125,-0.1191728510028653,3001279.2702594064
2020-09-04,2020-09-16,6560,-65159.91672823878,-0.021710714285714198,3001279.2702594064
2020-09-07,2020-09-17,6237,273709.7601100437,0.08781309523809509,3116958.3462228635
2020-09-09,2020-09-21,4934,958892.7496319782,0.3053090823970037,3140727.888288294
2020-09-10,2020-09-22,2007,-128649.7630075647,-0.0410855890603085,3131262.468178878
2020-09-11,2020-09-23,3228,654660.1374896241,0.212300343320849,3083650.865793645
2020-09-14,2020-09-24,6492,-245307.48613416756,-0.0803585494327391,3052661.9490498938
2020-09-15,2020-09-25,2406,500405.91308086884,0.1576235436893205,3174690.1596577475
2020-09-16,2020-09-28,3686,-2921.5467652112175,-0.0009314935064935002,3136411.3059779056
2020-09-17,2020-09-29,3682,-217703.4611500173,-0.0688111386138613,3163782.28198891
2020-09-17,2020-09-29,6492,118556.28431899982,0.0374729591836735,3163782.28198891
2020-09-17,2020-09-29,6404,-563431.3600596464,-0.1780879055007052,3163782.28198891
2020-09-21,2020-10-05,6246,-451538.05200835865,-0.1385225609756096,3259671.5569521077
2020-09-22,2020-10-06,6233,-181211.08308640152,-0.0558120967741935,3246806.5806513513
2020-09-22,2020-10-06,6148,-342812.4792933708,-0.105584509202454,3246806.5806513513
2020-09-23,2020-10-07,9136,-1208982.0062535342,-0.3650007575757575,3312272.5944003137
2020-09-24,2020-10-08,1471,-893314.6853057904,-0.2717107142857143,3287741.8457868965
2020-09-25,2020-10-12,3713,-111572.61042455201,-0.0334271668472372,3337782.4370949836
2020-09-28,2020-10-13,9188,-767047.3729627514,-0.2298275974025974,3337490.2824184624
2020-09-29,2020-10-14,9103,283961.8473084923,0.0868057692307691,3271232.428729396
2020-09-29,2020-10-14,1471,-238963.52891868207,-0.0730499999999999,3271232.428729396
2020-09-29,2020-10-14,1337,-60192.671342540634,-0.0184006097560975,3271232.428729396
2020-10-07,2020-10-20,4128,-74346.31237269579,-0.024353657799274498,3052778.0666652294
2020-10-08,2020-10-21,1466,327719.92058995826,0.1105874223602485,2963446.598134651
2020-10-12,2020-10-22,6283,-182614.97806837072,-0.0618553797468354,2952289.3370921956
2020-11-02,2020-11-12,2424,-563046.9853022235,-0.1954249999999999,2881141.0275155366
2020-12-14,2020-12-24,2929,555101.1511701341,0.20378189655172418,2723996.3930222704
2020-12-15,2020-12-25,6150,254463.0386832151,0.0934153361344538,2723996.3930222704
2020-12-16,2020-12-28,4961,640999.9320566697,0.2353159988385598,2723996.3930222704
2020-12-16,2020-12-28,3522,170560.06637091786,0.06261391050583649,2723996.3930222704
2020-12-17,2020-12-29,2929,622017.3787951898,0.228347357723577,2723996.3930222704
2020-12-21,2020-12-31,4961,877956.9212378013,0.3223047297297297,2723996.3930222704
2020-12-21,2020-12-31,6287,949332.3649761768,0.3485072033898304,2723996.3930222704
2020-12-23,2021-01-05,6204,-197472.01386005033,-0.0724934931506849,2723996.3930222704
2020-12-28,2021-01-08,5608,-256593.7796343147,-0.0889064814814814,2886108.8118503643
2020-12-29,2021-01-11,2009,502378.16534393304,0.1703952676864246,2948310.5497298827
2020-12-29,2021-01-11,1475,-211165.46334526766,-0.07162253086419751,2948310.5497298827
2020-12-30,2021-01-12,6237,33389.616975690915,0.011324999999999998,2948310.5497298827
2020-12-31,2021-01-13,5608,-347578.7507448191,-0.1110106573705179,3131039.4783512806
2020-12-31,2021-01-13,4119,455616.893268143,0.1455161764705881,3131039.4783512806
2021-01-04,2021-01-14,2609,-512791.59992109553,-0.1637767915309447,3131039.4783512806
2021-01-04,2021-01-14,2038,-318099.2194513185,-0.101595403587444,3131039.4783512806
2021-01-04,2021-01-14,6164,186361.36933608874,0.05952060669456059,3131039.4783512806
2021-01-05,2021-01-15,6237,936079.4345297187,0.3008651554404145,3111292.2769652754
2021-01-08,2021-01-20,2415,21030.15055246852,0.0068155063291137,3085632.8990018438
2021-01-11,2021-01-21,2611,-826149.6089536387,-0.2652375,3114754.1692017103
2021-01-11,2021-01-21,1593,276368.5434861496,0.0887288461538462,3114754.1692017103
2021-01-12,2021-01-22,3339,-173542.18543097572,-0.0556565112540192,3118093.1308992794
2021-01-13,2021-01-25,3138,-124164.21933877036,-0.039683064516129005,3128896.9451516117
2021-01-13,2021-01-25,4946,-81103.15004866803,-0.0259206843403205,3128896.9451516117
2021-01-14,2021-01-26,3552,536536.6630217261,0.175084505703422,3064444.000147979
2021-01-14,2021-01-26,3661,178906.68911509105,0.0583814516129033,3064444.000147979
2021-01-14,2021-01-26,1593,287569.94635186135,0.0938408227848102,3064444.000147979
2021-01-18,2021-01-28,3138,1259960.7016725736,0.3989676940639268,3158051.9436009508
2021-01-20,2021-02-01,4760,-543960.2614055135,-0.1721308823529411,3160154.958656198
2021-01-21,2021-02-02,2354,2466.063397274031,0.0007941780821915999,3105176.8521094485
2021-01-25,2021-02-04,3685,642915.5893391407,0.2096033806343906,3067295.896627607
2021-01-29,2021-02-19,3228,1094255.029180945,0.3322374472573839,3293593.2966437316
2021-02-01,2021-02-22,8024,974236.0500983135,0.3007646551724139,3239197.2705031806
2021-02-02,2021-02-23,4576,1170823.969033547,0.3614274590163935,3239443.8768429076
2021-02-04,2021-02-25,3552,357089.3691820589,0.1080865511551154,3303735.435776822
2021-02-04,2021-02-25,3086,557259.6524506839,0.1686756289308175,3303735.435776822
2021-02-04,2021-02-25,3219,1942651.2631852424,0.5880165954415955,3303735.435776822
2021-02-18,2021-03-03,3219,1976433.493496216,0.5982420602125147,3303735.435776822
2021-02-18,2021-03-03,3086,-151596.98314052046,-0.0458865384615384,3303735.435776822
2021-02-23,2021-03-08,3086,-150605.89091838198,-0.041515909090909,3627666.940608103
2021-02-24,2021-03-09,3169,8456.445557283365,0.0023310975609756,3627666.940608103
2021-02-24,2021-03-09,4961,-53479.33147748906,-0.014742073170731701,3627666.940608103
2021-02-24,2021-03-09,3138,978091.0340843247,0.2696198548812665,3627666.940608103
2021-02-25,2021-03-10,2009,-701494.4542933344,-0.1792559859154929,3913366.9690899006
2021-02-25,2021-03-10,6589,642324.6004383996,0.1641360510046365,3913366.9690899006
2021-02-25,2021-03-10,3483,-101863.57707739764,-0.0260296511627907,3913366.9690899006
2021-02-26,2021-03-11,8054,83519.56032421644,0.0213421232876711,3913366.9690899006
2021-03-03,2021-03-15,2375,177580.7234488149,0.04335625,4095850.62012547
2021-03-03,2021-03-15,6541,110824.53742575721,0.027057758620689702,4095850.62012547
2021-03-08,2021-03-18,6541,358346.8036418254,0.08781309523809509,4080790.0310336323
2021-03-09,2021-03-19,3552,767240.9906837153,0.18381005976095618,4174096.8458500444
2021-03-10,2021-03-22,5468,251708.9809536583,0.0605361650485436,4157993.5027568117
2021-03-11,2021-03-23,3066,557254.8320916762,0.1337514705882354,4166345.458789233
2021-03-15,2021-03-25,4529,-112020.31106786233,-0.0267021084337349,4195185.98487669
2021-03-16,2021-03-26,3362,205199.25025252713,0.048913028169014196,4195185.98487669
2021-03-17,2021-03-29,8099,574525.1537684789,0.1369486730360933,4195185.98487669
2021-03-19,2021-03-31,9105,-31985.00487499614,-0.007425,4307744.764309244
2021-03-19,2021-03-31,8085,1744750.1897428236,0.4050263618677041,4307744.764309244
2021-03-19,2021-03-31,3362,1941203.0096687863,0.4506309254327565,4307744.764309244
2021-03-19,2021-03-31,6533,580974.7244338292,0.1348674901185771,4307744.764309244
2021-03-19,2021-03-31,6594,28687.456594148058,0.0066595070422535005,4307744.764309244
2021-03-22,2021-04-01,3545,1057869.777283277,0.2441473270440251,4332915.66240461
2021-03-23,2021-04-06,6129,35758.02807957059,0.008147858731924099,4388641.1456137765
2021-03-25,2021-04-08,2609,1591176.7113503758,0.363494881305638,4377439.114506991
2021-03-26,2021-04-09,2489,271526.7591711663,0.061739265129682794,4397959.039532243
2021-03-29,2021-04-12,2399,1217560.4091792817,0.2732767543859649,4455411.554909091
2021-03-31,2021-04-14,3021,879085.5597382342,0.18007499999999999,4881774.592465552
2021-04-06,2021-04-16,6589,1930401.5951929064,0.3867658713692945,4991137.373001835
2021-04-06,2021-04-16,3552,-932904.3645076887,-0.1869121794871795,4991137.373001835
2021-04-07,2021-04-19,3093,-805431.6589961373,-0.1613723684210527,4991137.373001835
2021-04-08,2021-04-20,6590,-896616.4843921947,-0.1740916666666666,5150255.0441368725
2021-04-09,2021-04-21,5272,-584655.8613955588,-0.1129244388327721,5177407.720053989
2021-04-09,2021-04-21,2597,-192735.85987267894,-0.0372263245033113,5177407.720053989
2021-04-09,2021-04-21,6103,-804115.2250054418,-0.155312323943662,5177407.720053989
2021-04-12,2021-04-22,1517,-337643.5887282708,-0.0637163907284767,5299163.760971918
2021-04-12,2021-04-22,6494,-554244.7940156052,-0.104590991902834,5299163.760971918
2021-04-14,2021-04-26,2399,-395020.96980361344,-0.0733275787965614,5387072.316945741
2021-04-16,2021-04-28,3006,1032769.0063556843,0.1882271739130434,5486822.040014263
2021-04-16,2021-04-28,2108,-318051.95891858515,-0.057966516245487404,5486822.040014263
2021-04-19,2021-04-29,4726,-538017.1525907995,-0.0995170920920921,5406278.874114649
2021-04-21,2021-05-04,9105,653152.4103814948,0.1266175531914892,5158466.531048062
2021-04-21,2021-05-04,3138,-1063381.5015730953,-0.2061429487179487,5158466.531048062
2021-05-03,2021-05-13,5475,-20072.298693867557,-0.0039767241379309,5047445.585277943
2021-05-04,2021-05-14,3057,-866808.4461339344,-0.1731392857142857,5006422.676158784
2021-05-05,2021-05-17,6116,-1571055.380640404,-0.3138079787234042,5006422.676158784
2021-05-06,2021-05-18,2495,-716541.1099786647,-0.14312437369519831,5006422.676158784
2021-05-06,2021-05-18,3362,-175541.15429446465,-0.035063190954773706,5006422.676158784
2021-05-10,2021-05-20,1441,-669954.7366582061,-0.13381905204460962,5006422.676158784
2021-06-21,2021-07-01,2614,1787672.5588375905,0.3922687212863707,4557265.114014847
2021-06-22,2021-07-02,2603,1346280.4483121154,0.2954141167192428,4557265.114014847
2021-06-22,2021-07-02,3169,291681.24324378587,0.0640035714285714,4557265.114014847
2021-06-23,2021-07-05,8040,603776.7186512825,0.13248663475699549,4557265.114014847
2021-06-23,2021-07-05,3339,24375.547035929023,0.005348722627737301,4557265.114014847
2021-06-23,2021-07-05,6640,725706.4921975811,0.1592416666666667,4557265.114014847
2021-06-24,2021-07-06,2609,2827302.434500167,0.6203945488721805,4557265.114014847
2021-06-24,2021-07-06,2614,2308286.1731738416,0.5065068885448918,4557265.114014847
2021-06-24,2021-07-06,6756,449508.6064997107,0.0986356060606059,4557265.114014847
2021-06-25,2021-07-07,5608,957211.3981035862,0.2100407534246575,4557265.114014847
2021-07-01,2021-07-13,6130,538623.4967758338,0.1137288461538461,4736032.369898607
2021-07-02,2021-07-14,2612,-1087917.4639354562,-0.2220317415730336,4899828.539054197
2021-07-05,2021-07-15,2607,-690811.2384220051,-0.1371959923664123,5035214.414842676
2021-07-05,2021-07-15,2022,-159206.1706151105,-0.0316185483870968,5035214.414842676
2021-07-05,2021-07-15,2611,-865966.0542827989,-0.1719819620253164,5035214.414842676
2021-07-05,2021-07-15,9110,110708.07458281226,0.021986764705882202,5035214.414842676
2021-07-06,2021-07-16,2030,365417.4283071877,0.06532632275132269,5593724.1362600485
2021-07-06,2021-07-16,2007,329731.4745887148,0.058946681415929195,5593724.1362600485
2021-07-06,2021-07-16,6170,963825.1254809534,0.1723047297297297,5593724.1362600485
2021-07-07,2021-07-19,3141,-42244.13117482277,-0.007425,5689445.276070407
2021-07-14,2021-07-26,2486,965513.3168870595,0.1713569253438114,5634515.879354445
2021-07-14,2021-07-26,5227,93935.18656818966,0.0166713855421687,5634515.879354445
2021-07-16,2021-07-28,3372,-21552.239055604445,-0.0038213963963964,5639885.743318421
2021-07-16,2021-07-28,3675,-96105.82225296959,-0.0170403846153845,5639885.743318421
2021-07-19,2021-07-29,3035,-93548.10033271328,-0.0165993119266054,5635661.3302009385
2021-07-19,2021-07-29,6716,268375.10435908876,0.0476208715596329,5635661.3302009385
2021-07-20,2021-07-30,3228,-365150.4409900685,-0.0647928290213722,5635661.3302009385
2021-07-23,2021-08-04,6104,284185.2089324033,0.050426239669421495,5635661.3302009385
2021-07-23,2021-08-04,6229,-340705.61349345767,-0.0604553030303029,5635661.3302009385
2021-07-23,2021-08-04,5340,-806285.9757109286,-0.1430685643564356,5635661.3302009385
2021-07-28,2021-08-09,9962,-399067.465854784,-0.0696472222222221,5729840.374415606
2021-07-28,2021-08-09,4945,-680786.6096148156,-0.1188142365456821,5729840.374415606
2021-07-29,2021-08-10,6226,64419.10271888219,0.0112085403726707,5747323.074818244
2021-07-29,2021-08-10,5321,1655654.4711744743,0.2880740215264188,5747323.074818244
2021-07-30,2021-08-11,6291,-983604.9640450688,-0.1722356904231625,5710808.030719237
2021-07-30,2021-08-11,5432,166211.24236165176,0.0291046803652965,5710808.030719237
2021-08-02,2021-08-12,2609,905242.2511026124,0.1585138646288209,5710808.030719237
2021-08-04,2021-08-16,5475,-1227940.3788746737,-0.2183188547486033,5624527.392692039
2021-08-04,2021-08-16,3663,-142200.1050459536,-0.0252821428571429,5624527.392692039
2021-08-06,2021-08-18,3114,-831874.2972450958,-0.1479011904761904,5624527.392692039
2021-08-12,2021-08-24,1734,-19205.40560893932,-0.0033709459459458,5697334.195476333
2021-08-12,2021-08-24,5227,-428907.526808734,-0.0752821428571428,5697334.195476333
2021-08-12,2021-08-24,4192,715897.6618178712,0.1256548479087451,5697334.195476333
2021-08-12,2021-08-24,8476,1046893.5368514176,0.1837514705882355,5697334.195476333
2021-08-17,2021-08-27,6727,71614.5243715394,0.0128795685279188,5560320.147084271
2021-08-23,2021-09-02,4803,-1622093.3541711154,-0.2961573943661971,5477132.717359761
2021-08-26,2021-09-07,3527,-41643.859039088056,-0.007425,5608600.5439849235
2021-08-26,2021-09-07,4803,-1598591.3700493034,-0.2850250000000001,5608600.5439849235
2021-08-31,2021-09-10,3675,162798.50206028356,0.0289895658263306,5615761.9964220775
2021-09-01,2021-09-13,2013,379485.11690822244,0.0675750000000001,5615761.9964220775
2021-09-01,2021-09-13,6469,-721770.9626653732,-0.1285259174311926,5615761.9964220775
2021-09-03,2021-09-15,9105,-16468.167446267013,-0.003019713656387853,5453552.661004966
2021-09-03,2021-09-15,3207,-1218898.479880894,-0.2235054020100502,5453552.661004966
2021-09-03,2021-09-15,5227,1002966.905908151,0.1839107400722022,5453552.661004966
2021-09-03,2021-09-15,4154,2315099.489465387,0.4245121727748691,5453552.661004966
2021-09-06,2021-09-16,4175,-612043.9990936343,-0.1122284934497815,5453552.661004966
2021-09-08,2021-09-22,6568,26844.360375837314,0.0050749999999999,5289529.138096127
2021-09-09,2021-09-23,8121,3579876.7616890906,0.6767855263157894,5289529.138096127
2021-09-10,2021-09-24,3701,1031969.6447459449,0.1944980769230768,5305808.988302155
2021-09-17,2021-10-05,3232,1050053.8685205167,0.1937852874432679,5418645.978621715
2021-09-23,2021-10-05,1727,-671098.1858274657,-0.1161206521739131,5779318.090828207
2021-09-23,2021-10-05,4803,307350.26565003674,0.053181060606060496,5779318.090828207
2021-09-28,2021-10-08,8121,-1020175.1734658879,-0.1734249999999999,5882515.055302802
2021-09-28,2021-10-08,3141,-130185.24862831109,-0.022130882352941098,5882515.055302802
2021-09-28,2021-10-08,9105,-138121.72333865034,-0.0234800458715597,5882515.055302802
2021-10-01,2021-10-14,4903,-773109.5411431713,-0.1314250000000001,5882515.055302802
2021-10-04,2021-10-15,3085,481993.88384781865,0.08193670212765959,5882515.055302802
2021-10-05,2021-10-18,6259,570036.4918416996,0.0957860091743119,5951145.65013711
2021-10-06,2021-10-21,5321,339757.6242017386,0.057091129032258,5951145.65013711
2021-10-12,2021-10-22,4944,84265.00582379114,0.014472810218977901,5822297.435593826
2021-10-20,2021-11-01,1721,-110875.00033799584,-0.018952377521613998,5850189.51904846
2021-10-21,2021-11-02,2243,-927695.9788909431,-0.1576597417840375,5884165.281468634
2021-10-25,2021-11-04,1721,420512.3130889571,0.0713628787878788,5892591.782051013
2021-10-25,2021-11-04,8121,2570735.311622995,0.4362656377204885,5892591.782051013
2021-10-26,2021-11-05,9105,874757.0164099162,0.1484502997601919,5892591.782051013
2021-10-28,2021-11-09,3685,-304486.64363000327,-0.0516727876106194,5892591.782051013
2021-10-28,2021-11-11,2498,2226425.2444968857,0.3778346314907872,5892591.782051013
2021-10-28,2021-11-11,3675,-484848.61586270604,-0.082281046065259,5892591.782051013
2021-11-01,2021-11-11,8476,807728.9530612584,0.1373337354409316,5881504.282017213
2021-11-01,2021-11-11,5321,189722.8577701974,0.0322575396825397,5881504.282017213
2021-11-02,2021-11-12,2498,1202989.6130781393,0.20781564171123,5788734.684128119
2021-11-02,2021-11-12,4968,-137878.6449333908,-0.0238184426229508,5788734.684128119
2021-11-04,2021-11-16,5227,362436.9698906225,0.0595343852908891,6087859.446599314
2021-11-05,2021-11-17,3491,1268049.2318945935,0.2053409574468085,6175335.1482403055
2021-11-08,2021-11-18,6441,737252.2314098608,0.11938659420289839,6175335.1482403055
2021-11-09,2021-11-19,1611,510976.2544403,0.0831547101449275,6144886.483877305
2021-11-11,2021-11-23,4192,-1577719.7575078052,-0.2457970930232558,6418789.327823869
2021-11-11,2021-11-23,8476,-934962.7413700385,-0.145660294117647,6418789.327823869
2021-11-15,2021-11-29,8121,1050844.3163163713,0.1610415226781858,6525300.424638344
2021-11-16,2021-11-30,1721,1058714.1419226388,0.1613513713080168,6561544.121627407
2021-11-18,2021-11-30,6118,-216294.43609118252,-0.0319864035087718,6762074.267957851
2021-11-18,2021-11-30,5344,-595137.4633262998,-0.08801108058608051,6762074.267957851
2021-11-19,2021-12-01,3419,75116.47716753969,0.0110251845018449,6813171.893401881
2021-11-19,2021-12-01,3228,-459114.54926877643,-0.06738631528046421,6813171.893401881
2021-11-22,2021-12-02,5468,-707279.0681424246,-0.10381054216867461,6813171.893401881
2021-11-22,2021-12-02,6523,-2943.242613390871,-0.00043199300699300024,6813171.893401881
2021-11-23,2021-12-03,8427,-154275.544368331,-0.0235107908847183,6561903.643514096
2021-11-24,2021-12-06,6446,2981227.908490301,0.4543236338797813,6561903.643514096
2021-11-29,2021-12-09,6446,4200702.511447447,0.6300749999999999,6666988.075145734
2021-12-01,2021-12-13,3672,1582544.67973268,0.2378580188679244,6653316.492186125
2021-12-03,2021-12-15,8121,-72638.50059404736,-0.011061363636363598,6566866.706673711
2021-12-06,2021-12-16,9103,-207503.25217434808,-0.0302263029315961,6864989.497522742
2021-12-06,2021-12-16,3066,789148.5453350741,0.1149526223776222,6864989.497522742
2021-12-03,2021-12-17,2497,1132889.5961398093,0.1725160029498524,6566866.706673711
2021-12-07,2021-12-17,8406,-76732.35751637709,-0.0111773452157598,6864989.497522742
2021-12-08,2021-12-20,3294,-1096449.3842429202,-0.1597161051212938,6864989.497522742
2021-12-09,2021-12-21,3066,-6005.36567235453,-0.0008243399339933999,7285059.748667486
2021-12-10,2021-12-22,5245,580772.0260212626,0.0797209694989107,7285059.748667486
2021-12-13,2021-12-23,6235,390646.2251964185,0.0524828341013825,7443314.216640754
2021-12-13,2021-12-23,6134,-488017.4346074384,-0.0655645348837209,7443314.216640754
2021-12-15,2021-12-27,4944,165018.78287810407,0.022191724738676002,7436050.366581349
2021-12-16,2021-12-28,6446,-1721025.6335792427,-0.2296472222222222,7494214.895897421
2021-12-16,2021-12-28,8121,11870.903910550212,0.0015840090090089003,7494214.895897421
2021-12-17,2021-12-29,6514,-479621.16665388393,-0.0631094547563805,7599830.619759764
2021-12-20,2021-12-30,2405,996377.7422901671,0.13302443820224719,7490185.681335472
2021-12-17,2022-01-03,6118,357467.01561897696,0.0470361819235225,7599830.619759764
2021-12-21,2022-01-03,3508,323463.92505063507,0.043188496932515294,7489585.144768236
2021-12-22,2022-01-06,3687,122249.84362283019,0.0161970472440944,7547662.347370362
2021-12-24,2022-01-06,4946,2333794.7206553156,0.3096070404721753,7537925.226429261
2021-12-27,2022-01-07,3687,742185.4697098467,0.0982451030927835,7554427.104717071
2021-12-29,2022-01-11,2939,-577729.0719725126,-0.0787574360699865,7335549.515084813
2022-01-04,2022-01-14,6158,-1239024.8922184831,-0.1651310931899641,7503280.383380791
2022-01-04,2022-01-14,5227,-1163888.6519305354,-0.1551173076923078,7503280.383380791
2022-01-04,2022-01-14,8080,-498848.5361453674,-0.066484059059059,7503280.383380791
2022-01-06,2022-01-18,6228,-964319.866083394,-0.1244462765957446,7748884.8398086075
2022-01-05,2022-01-19,4755,-1161686.7110443488,-0.1548238439306358,7503280.383380791
2022-01-07,2022-01-19,9103,-191132.5186124775,-0.0244318027210884,7823103.386779591
2022-01-07,2022-01-19,4304,2557.6696537783328,0.0003269379844960999,7823103.386779591
2022-01-10,2022-01-20,2323,-88526.63364597938,-0.011316050583657401,7823103.386779591
2022-01-10,2022-01-20,2359,-73130.97223679903,-0.0093480769230769,7823103.386779591
2022-01-12,2022-01-24,4304,539675.5350031262,0.0694980769230768,7765330.4795823395
2022-01-19,2022-02-09,6225,-158882.7134853971,-0.0219339285714286,7243696.128944254
2022-01-20,2022-02-10,3383,-373113.26904497575,-0.0516238950276243,7227530.368355976
2022-01-20,2022-02-10,9103,-408700.9924832303,-0.0565478070175437,7227530.368355976
2022-01-20,2022-02-10,8450,314404.2631812325,0.0435009259259258,7227530.368355976
2022-02-11,2022-02-23,3219,101978.96601601639,0.014126724137931,7218868.650673052
2022-02-16,2022-03-03,2497,674228.2210156233,0.0933980452674896,7218868.650673052
2022-02-18,2022-03-07,8440,193746.9225633873,0.0268389593908629,7218868.650673052
2022-02-23,2022-03-08,9103,54220.69651744881,0.007500373134328099,7229066.547274654
2022-02-23,2022-03-10,5321,-348739.7598186019,-0.0482413265306122,7229066.547274654
2022-02-25,2022-03-10,2745,-920426.1449347103,-0.1273229591836735,7229066.547274654
2022-03-01,2022-03-11,5301,1169704.6735021947,0.161805769230769,7229066.547274654
2022-03-01,2022-03-15,2743,-1043827.2212003347,-0.1443930851063829,7229066.547274654
2022-03-02,2022-03-16,9955,-458391.8999454924,-0.0634095559845559,7229066.547274654
2022-03-07,2022-03-17,2497,-54320.290657621714,-0.007425,7315864.061632554
2022-03-08,2022-03-18,1435,838110.280528464,0.11447582644628079,7321286.131284299
2022-03-10,2022-03-22,2936,-180913.3502599062,-0.025146518987341798,7194369.540808968
2022-03-11,2022-03-23,2024,128145.96858926362,0.0175270153550864,7311340.008159188
2022-03-21,2022-03-31,9105,93657.30840261311,0.012936990950226102,7239497.095031689
2022-03-23,2022-04-06,4804,1645009.7223448069,0.22739281376518208,7234220.356864626
2022-03-24,2022-04-07,9103,566361.9444386773,0.0782892857142858,7234220.356864626
2022-03-28,2022-04-11,1432,-883870.5205440208,-0.1221790983606557,7234220.356864626
2022-03-29,2022-04-12,6446,325745.86488717166,0.045028468697123396,7234220.356864626
2022-03-30,2022-04-13,6241,449199.62849862303,0.06209371657754009,7234220.356864626
2022-03-30,2022-04-13,6240,-1196620.4272515962,-0.1654111111111111,7234220.356864626
2022-03-30,2022-04-13,5321,-204427.01025106595,-0.0282583333333333,7234220.356864626
2022-03-29,2022-04-14,8440,1513700.3245042812,0.2092416666666665,7234220.356864626
2022-03-31,2022-04-14,3011,946711.6892801287,0.1306965469613259,7243586.087704887
2022-04-06,2022-04-18,5603,297062.4574186526,0.040099752475247497,7408087.059939367
2022-04-14,2022-04-26,1453,3303765.265935686,0.4370194444444444,7559767.209295589
2022-04-14,2022-04-26,9103,-127787.83275457041,-0.016903672985782,7559767.209295589
2022-04-18,2022-04-28,5309,-432613.5231806011,-0.057001783555018205,7589473.455037454
2022-04-15,2022-04-29,4133,-753200.7155030278,-0.0996327922077921,7559767.209295589
2022-04-18,2022-05-03,4736,-442257.2703208114,-0.0582724576271186,7589473.455037454
2022-04-20,2022-05-03,8409,-582354.9511488231,-0.0767319306930693,7589473.455037454
2022-04-21,2022-05-04,6598,-1844256.6447153613,-0.24300192307692312,7589473.455037454
2022-04-21,2022-05-04,6242,1349967.130591037,0.1778736217457888,7589473.455037454
2022-04-20,2022-05-05,4133,-1345928.1099225513,-0.1773414345403899,7589473.455037454
2022-04-20,2022-05-05,4148,-664185.0870807356,-0.0875139877641825,7589473.455037454
2022-04-27,2022-05-10,4106,-1307194.9297039323,-0.1653197368421053,7907071.198355566
2022-04-28,2022-05-11,9103,-600201.5239103682,-0.07632452153110031,7863809.846037505
2022-04-28,2022-05-11,6199,236504.08111957638,0.0300749999999998,7863809.846037505
2022-04-29,2022-05-12,8087,-24966.710522877474,-0.0032055907172994,7788489.774487203
2022-05-05,2022-05-17,1453,1325685.7235255602,0.1782892857142857,7435588.281227477
2022-05-09,2022-05-19,4304,1078717.9698990763,0.145075,7435588.281227477
2022-05-10,2022-05-20,6241,-593050.0124017597,-0.0811855804111246,7304868.788257083
2022-05-12,2022-05-26,4116,1496896.2886576601,0.2060137351778654,7266002.372925716
2022-05-17,2022-05-27,6113,2981792.4912559725,0.4030227611940298,7398570.945278272
2022-05-17,2022-05-27,4804,98139.49235775591,0.013264655172413802,7398570.945278272
2022-05-18,2022-05-30,4944,1002004.3171996322,0.1354321428571427,7398570.945278272
2022-05-18,2022-05-30,3629,1015012.7935869372,0.1371903846153848,7398570.945278272
2022-05-23,2022-06-02,2482,268493.59970886854,0.036053260869565396,7447137.741028003
2022-05-23,2022-06-02,2743,2642743.8141794996,0.3548670517560073,7447137.741028003
2022-05-23,2022-06-02,9105,94396.21314780024,0.012675502512562602,7447137.741028003
2022-05-24,2022-06-08,3535,-6300.670483526543,-0.0008460526315788,7447137.741028003
2022-05-26,2022-06-08,2929,-213582.1819089186,-0.0281146551724138,7596827.36989377
2022-05-27,2022-06-09,3466,-609551.8689043212,-0.0771114111498257,7904820.568255143
2022-05-27,2022-06-09,4944,213886.72687571088,0.027057758620689702,7904820.568255143
2022-05-27,2022-06-13,1524,1949215.675153,0.2465856951871656,7904820.568255143
2022-05-31,2022-06-13,1568,1327271.5391157703,0.1637288461538462,8106522.2793338
2022-06-06,2022-06-16,8068,-410520.2598096109,-0.048830269761605906,8407085.642037418
2022-06-07,2022-06-17,5205,922013.646957686,0.10967101873536289,8407085.642037418
2022-06-09,2022-06-21,8097,-655152.8077691712,-0.0785034313725489,8345530.842595311
2022-06-09,2022-06-21,9105,-146907.35625278688,-0.017603117048346,8345530.842595311
2022-06-09,2022-06-21,2364,-1679498.2298182833,-0.2012452247191012,8345530.842595311
2022-06-10,2022-06-22,2745,-823475.8296108707,-0.0986726722532589,8345530.842595311
2022-06-09,2022-06-23,5258,-1236622.935513139,-0.1481778641571195,8345530.842595311
2022-06-15,2022-06-27,4402,-535036.0090237589,-0.0616885658914729,8673179.564022187
2022-06-17,2022-06-29,3494,877739.3847856628,0.10060824099723,8724328.902736995
2022-06-27,2022-07-07,4911,-2089358.2361446247,-0.2542831687612208,8216659.585938195
2022-06-28,2022-07-12,8222,-452278.20151788596,-0.055044047619047604,8216659.585938195
2022-07-01,2022-07-15,3205,2017085.9652109414,0.2428926620076239,8304433.5244167615
2022-07-04,2022-07-18,3508,1981838.9300214543,0.2386482984293192,8304433.5244167615
2022-07-06,2022-07-18,8097,217011.84700123136,0.026132046979865802,8304433.5244167615
2022-07-07,2022-07-19,3228,2477285.731315547,0.3060078358208955,8095497.700802299
2022-07-06,2022-07-20,3675,912839.4334362327,0.1099219387755101,8304433.5244167615
2022-07-11,2022-07-21,3675,1833192.8112107897,0.2264459677419354,8095497.700802299
2022-07-13,2022-07-25,6143,618327.2328432334,0.07680826133909299,8050269.880650511
2022-07-13,2022-07-25,6225,4828408.637630264,0.5997822072072072,8050269.880650511
2022-07-18,2022-07-28,6796,2883388.3112501274,0.3403487665463298,8471863.554873873
2022-07-26,2022-08-09,6133,734244.6781856605,0.0769739769820972,9538868.939517481
2022-07-26,2022-08-09,3362,-58720.93824708729,-0.0061559644670050005,9538868.939517481
2022-07-27,2022-08-10,2305,1813150.0919996768,0.1900801975051975,9538868.939517481
2022-08-01,2022-08-11,9103,-201932.998939049,-0.0205483595800526,9827207.770642493
2022-08-02,2022-08-12,2380,232938.2825564433,0.0237034046692608,9827207.770642493
2022-08-01,2022-08-15,2388,1394383.183672886,0.1418900684931507,9827207.770642493
2022-08-10,2022-08-22,9912,-491755.89886563324,-0.0488043103448275,10076075.15383632
2022-08-11,2022-08-23,6512,-820861.1027400484,-0.0816299469964665,10055881.853942413
2022-08-15,2022-08-25,3432,-181875.42887707383,-0.017798443983402402,10218614.000565346
2022-08-16,2022-08-26,8097,517465.66849798406,0.050639516129032294,10218614.000565346
2022-08-19,2022-08-31,6643,363322.2351961739,0.0355549426934096,10218614.000565346
2022-08-22,2022-09-01,4413,-227290.74304524032,-0.022350373134328198,10169438.410678783
2022-08-23,2022-09-02,9103,1274919.7745473995,0.1263879496402877,10087352.300404778
2022-08-24,2022-09-05,1449,2050788.6755383173,0.203302969348659,10087352.300404778
2022-08-23,2022-09-06,6472,-937735.8793565753,-0.0929615474339036,10087352.300404778
2022-08-25,2022-09-06,1539,-2113954.3124387246,-0.2099433630640084,10069164.757517071
2022-08-25,2022-09-06,2468,-1935117.3141475802,-0.1921825057736721,10069164.757517071
2022-08-26,2022-09-07,6461,-1040222.4405450565,-0.1027795232273838,10120911.32436687
2022-08-26,2022-09-07,2230,-567033.0003155415,-0.056025883652430206,10120911.32436687
2022-08-26,2022-09-12,8478,-1936089.5262250735,-0.1912959677419354,10120911.32436687
2022-08-31,2022-09-13,4770,-156892.74896781458,-0.0154463903743315,10157243.547886487
2022-09-02,2022-09-15,3043,173456.48759362198,0.0169027848911651,10262006.451036703
2022-09-02,2022-09-15,4743,-1016879.3225773113,-0.0990916666666666,10262006.451036703
2022-09-06,2022-09-19,6683,-884632.9182379458,-0.08874368131868131,9968404.567996245
2022-09-06,2022-09-19,6666,-847878.3901170813,-0.0850565789473685,9968404.567996245
2022-09-12,2022-09-22,4168,51872.83832694204,0.0053955128205129,9614070.071287679
2022-09-13,2022-09-23,3373,-509088.8558450679,-0.0530390350877193,9598380.796390897
2022-09-15,2022-09-27,3205,-2080006.669881129,-0.218625,9514038.512892528
2022-09-15,2022-09-27,2364,-905843.5901434476,-0.0952112595419846,9514038.512892528
2022-09-15,2022-09-27,3523,646897.4814945612,0.0679939944134078,9514038.512892528
2022-09-20,2022-09-30,8426,-701998.3164112548,-0.07515408366533881,9340787.382057026
2022-09-20,2022-09-30,9105,-498526.65846034006,-0.053370945945946005,9340787.382057026
2022-09-23,2022-10-05,8426,349353.0464579848,0.037584784735812095,9295065.780305214
2022-09-30,2022-10-13,5703,-1062544.9702182966,-0.1188380434782607,8941118.004965054
2022-11-14,2022-11-24,6556,304407.6917328387,0.0350278301886792,8690452.422920035
2022-11-18,2022-11-30,9103,-337960.8168012761,-0.038888748290013604,8690452.422920035
2022-11-23,2022-12-05,3095,210632.8342295824,0.0242372691292876,8690452.422920035
2022-11-28,2022-12-08,4943,465746.80554993154,0.053405860534124494,8720893.192093318
2022-12-01,2022-12-15,1810,500682.9352350761,0.057635240963855396,8687097.11041319
2022-12-01,2022-12-15,1795,-241068.71048411023,-0.0277502032520325,8687097.11041319
2022-12-06,2022-12-16,9103,740720.9050374908,0.0850605491329479,8708160.39383615
2022-12-07,2022-12-19,2719,-260898.32515152663,-0.029960211267605598,8708160.39383615
2022-12-13,2022-12-23,9105,-174712.36750619055,-0.019956328320802,8754735.074391143
2022-12-20,2022-12-30,3228,-742945.1715850912,-0.0841513427109974,8828678.754854836
2022-12-21,2023-01-03,1701,598484.436678728,0.0677886752136751,8828678.754854836
2022-12-20,2023-01-04,3693,-362315.25084235414,-0.041038445378151205,8828678.754854836
2022-12-22,2023-01-04,9103,557781.2470449657,0.0631783376123234,8828678.754854836
2022-12-29,2023-01-11,4943,1761290.5379313882,0.1998920731707316,8811207.518104216
2022-12-29,2023-01-11,4747,-821857.0687912472,-0.0932740566037735,8811207.518104216
2023-01-09,2023-01-31,4943,-711990.3438055842,-0.08075833333333331,8816308.04423384
2023-01-12,2023-02-03,5340,1859783.920140885,0.2087240683229814,8910251.391147856
2023-02-07,2023-02-17,6612,71835.77359462647,0.007959615384615301,9025030.748781387
2023-02-08,2023-02-20,9105,84488.46381612505,0.009361570743405299,9025030.748781387
2023-02-09,2023-02-23,2482,1523731.9765114752,0.1688339928057551,9025030.748781387
2023-02-15,2023-03-01,8227,2094878.641645534,0.23211872623574129,9025030.748781387
2023-02-17,2023-03-03,6865,1541412.332461706,0.1706571917808219,9032214.326140849
2023-02-16,2023-03-06,6472,1072070.6975073654,0.1187885922330096,9025030.748781387
2023-02-20,2023-03-08,2453,2591891.6560976864,0.2866926470588236,9040663.172522461
2023-02-23,2023-03-09,9105,351615.9622430429,0.038248076923076794,9193036.370173609
2023-02-23,2023-03-09,6874,1356014.945400893,0.1475045774647887,9193036.370173609
2023-03-01,2023-03-13,8940,-697880.194242509,-0.0742226424361492,9402524.234338162
2023-03-01,2023-03-13,2719,-1628430.3722761972,-0.1731907657657658,9402524.234338162
2023-03-02,2023-03-14,3058,448946.2153166279,0.047747413793103495,9402524.234338162
2023-03-02,2023-03-14,9103,-42949.38748470856,-0.0045678571428571,9402524.234338162
2023-03-02,2023-03-14,6874,143879.99015863347,0.015302272727272699,9402524.234338162
2023-03-03,2023-03-15,2739,-1232460.6594647553,-0.1289634615384615,9556665.467584332
2023-03-08,2023-03-20,6751,506994.5784713915,0.051092555266579895,9923061.702944838
2023-03-07,2023-03-21,8996,154421.4866457884,0.0159792553191489,9663872.53733507
2023-03-09,2023-03-21,8033,-494849.760511594,-0.0490249999999999,10093824.79370923
2023-03-09,2023-03-21,6752,-1039324.8140973571,-0.1029664012738853,10093824.79370923
2023-03-15,2023-03-27,7402,966597.484984622,0.0987035500747384,9792935.352909938
2023-03-15,2023-03-27,2429,-563894.2554861356,-0.0575817398119121,9792935.352909938
2023-03-20,2023-03-30,9105,-47848.89921151946,-0.0048608974358974,9843634.810757076
2023-03-17,2023-03-31,8227,506180.1852259194,0.051688300492610695,9792935.352909938
2023-03-21,2023-03-31,2754,84984.98470215997,0.008756229773462701,9705659.50196076
2023-03-21,2023-03-31,6291,-813692.9887292922,-0.0838369601328903,9705659.50196076
2023-03-28,2023-04-12,6751,870790.9702349354,0.089349193548387,9745929.824910609
2023-03-30,2023-04-14,8033,2517307.3600960993,0.2584200704225354,9741144.934989456
2023-03-30,2023-04-14,4763,3902758.0485619213,0.4006467488789238,9741144.934989456
2023-03-30,2023-04-14,6160,326330.95527186256,0.0335002669039146,9741144.934989456
2023-03-30,2023-04-14,8996,1369982.752329945,0.1406387813211844,9741144.934989456
2023-03-31,2023-04-17,5381,2126537.41777806,0.2188045081967211,9718892.153109334
2023-03-31,2023-04-17,3629,1677237.8133228424,0.1725749999999999,9718892.153109334
2023-04-06,2023-04-18,6517,969147.0993105924,0.09971785714285719,9718892.153109334
2023-04-10,2023-04-20,5381,2778712.2573419,0.2859083333333332,9718892.153109334
2023-04-11,2023-04-21,6517,475380.4456566459,0.048913028169013995,9718892.153109334
2023-04-12,2023-04-24,2482,312319.44368446094,0.0318499244712991,9805971.250132827
2023-04-14,2023-04-26,8227,475126.4691091814,0.0447489130434781,10617609.16175881
2023-04-17,2023-04-27,3664,708037.7668676926,0.0643788528896671,10997986.6848689
2023-04-17,2023-04-27,4763,-1169881.8915327056,-0.1063723684210526,10997986.6848689
2023-04-18,2023-04-28,2358,710113.3139150356,0.0640035714285714,11094901.394799959
2023-04-18,2023-04-28,4804,1092374.622475371,0.0984573529411765,11094901.394799959
2023-04-18,2023-04-28,5314,-1459119.2319921497,-0.1315125912408758,11094901.394799959
2023-04-19,2023-05-02,3308,-12158.747952592854,-0.0010958860759494,11094901.394799959
2023-04-20,2023-05-05,3693,-1065849.6110682809,-0.0937194162436548,11372772.62053415
2023-04-24,2023-05-05,1529,516912.35636597895,0.0451391025641026,11451542.60946826
2023-04-24,2023-05-09,1584,-824304.5052460359,-0.0719819620253163,11451542.60946826
2023-04-26,2023-05-09,3058,2323205.4130170248,0.2020344594594596,11499055.256379178
2023-04-27,2023-05-10,6235,158913.7187758095,0.013875448430493202,11452870.843912678
2023-04-27,2023-05-10,6791,2117437.5962748467,0.1848826923076922,11452870.843912678
2023-04-28,2023-05-11,3629,424959.3060236058,0.0369941343963553,11487207.714352502
2023-05-02,2023-05-12,4147,-1436576.6470036819,-0.1250720588235294,11485991.839557242
2023-05-03,2023-05-15,4741,-2365486.5549681643,-0.2059453452527743,11485991.839557242
2023-05-02,2023-05-16,6874,1035301.0803041891,0.0901359756097561,11485991.839557242
2023-05-08,2023-05-22,8227,1083496.003191354,0.09478494475138109,11431098.114087012
2023-05-10,2023-05-22,6752,357283.5901993414,0.0302561594202899,11808623.336369175
2023-05-11,2023-05-23,9105,3637.8049090099485,0.00030695876288650004,11851119.266971538
2023-05-11,2023-05-23,3664,33867.84835760843,0.0028577763496142,11851119.266971538
2023-05-11,2023-05-23,2424,-1474827.6662666968,-0.1244462765957445,11851119.266971538
2023-05-10,2023-05-24,6148,184478.74388449476,0.015622375160051202,11808623.336369175
2023-05-11,2023-05-25,6111,-995512.7026226509,-0.0840015765765765,11851119.266971538
2023-05-15,2023-05-25,4160,-1723873.3781689932,-0.1502821428571429,11470912.946774352
2023-05-16,2023-05-26,6276,109684.14997674646,0.009476408450704198,11574443.054804772
2023-05-17,2023-05-29,8033,1228916.4913438954,0.1061749999999999,11574443.054804772
2023-05-22,2023-06-01,2743,2185978.971282364,0.1865405172413792,11718521.014143841
2023-05-23,2023-06-02,2745,1299771.3467149532,0.11229330985915499,11574788.812843833
2023-05-23,2023-06-02,6198,596935.5891026173,0.0515720501474925,11574788.812843833
2023-05-24,2023-06-05,8426,1153141.016795125,0.09946670182841069,11593236.687232282
2023-05-26,2023-06-07,6697,771769.2879086323,0.0681037009063443,11332266.494150791
2023-05-26,2023-06-07,2745,4108323.6896315687,0.3625332753824755,11332266.494150791
2023-05-26,2023-06-07,9105,152563.22664178326,0.013462728459530102,11332266.494150791
2023-05-25,2023-06-08,2743,5316056.4371742355,0.4695624476987448,11321298.079153117
2023-05-29,2023-06-08,2719,4280426.692983414,0.3736680576070901,11455158.143285181
2023-05-29,2023-06-08,9103,36439.55230579992,0.0031810606060607,11455158.143285181
2023-06-02,2023-06-14,5301,1223134.906046922,0.10310131578947379,11863426.733995173
2023-06-02,2023-06-14,6643,-88085.94349991417,-0.007425,11863426.733995173
2023-06-01,2023-06-15,2736,405763.6832039701,0.0347586228287841,11673756.040413417
2023-06-05,2023-06-15,8227,317646.9638219326,0.0265175587467363,11978740.835674686
2023-06-12,2023-06-26,8996,2056923.0598521342,0.1529845563139931,13445298.724339228
2023-06-12,2023-06-26,9105,145905.18718163559,0.0108517624020887,13445298.724339228
2023-06-13,2023-06-27,2734,3395946.3252999806,0.252575,13445298.724339228
2023-06-13,2023-06-27,4946,1725808.260116882,0.1283577476038337,13445298.724339228
2023-06-14,2023-06-28,2745,1326568.369495399,0.09783815789473689,13558803.62059393
2023-06-16,2023-06-30,8034,-861877.8053874609,-0.0632285714285713,13631144.685296517
2023-06-16,2023-06-30,6577,-1811583.015884467,-0.1329002851711026,13631144.685296517
2023-06-16,2023-06-30,5703,-584585.1742988412,-0.0428859929078014,13631144.685296517
2023-06-15,2023-07-03,6625,-782768.4835531525,-0.057425000000000004,13631144.685296517
2023-06-19,2023-07-03,4533,3730837.4574215366,0.2736994979919678,13631144.685296517
2023-06-26,2023-07-06,5381,-288357.0391278158,-0.0208178571428569,13851427.509999892
2023-06-27,2023-07-07,2468,-2132286.0681177955,-0.1484506410256409,14363602.968541577
2023-06-26,2023-07-10,6235,443920.02613298316,0.0320486842105263,13851427.509999892
2023-06-29,2023-07-11,6125,3350398.8106427407,0.2311216034755134,14496259.805491116
2023-06-29,2023-07-11,6120,2850785.6394118024,0.1966566326530612,14496259.805491116
2023-06-30,2023-07-12,6643,1412526.2253144144,0.0996810762100926,14170455.205934038
2023-07-03,2023-07-13,1471,4295066.503806587,0.29692282608695647,14465262.103320878
2023-07-03,2023-07-13,2059,1375660.9342753247,0.0951010029717682,14465262.103320878
2023-07-03,2023-07-13,9950,-2252969.7634757548,-0.15575035885167451,14465262.103320878
2023-07-03,2023-07-13,3073,-2143256.2745475043,-0.1481657407407408,14465262.103320878
2023-07-06,2023-07-18,9105,766593.2371064641,0.0531013157894737,14436426.399408096
2023-07-07,2023-07-19,3089,-5112172.8666039305,-0.359425,14223197.792596316
2023-07-10,2023-07-20,6451,-627921.8467370996,-0.0440103658536585,14267589.795209613
2023-07-11,2023-07-21,3013,5984922.437868478,0.4020042803970223,14887708.240215069
2023-07-12,2023-07-24,6125,4303167.219025893,0.2863249999999999,15028960.86274651
2023-07-12,2023-07-24,8048,388226.324561592,0.025831880733944802,15028960.86274651
2023-07-13,2023-07-25,8093,2243061.2683642376,0.1479942229038855,15156411.002752375
2023-07-13,2023-07-25,3018,1032614.7018458548,0.0681305555555556,15156411.002752375
2023-07-13,2023-07-27,4979,2495547.359817147,0.164652922077922,15156411.002752375
2023-07-14,2023-07-28,2743,3646253.576987151,0.2405749999999999,15156411.002752375
2023-07-18,2023-07-28,3231,1496021.5999875988,0.09820880281690139,15233070.326463023
2023-07-19,2023-07-31,6703,-598407.8664551728,-0.0406475913621262,14721853.03980263
2023-07-20,2023-08-01,2388,-798681.6847377525,-0.0544838235294118,14659060.85512892
2023-07-21,2023-08-02,6569,-2339711.3891119636,-0.1533477467811158,15257553.098915767
2023-07-24,2023-08-04,2356,-2905191.339209272,-0.1847299645390071,15726692.453274515
2023-07-24,2023-08-04,3706,-1947960.9086276633,-0.1238633561643835,15726692.453274515
2023-07-25,2023-08-04,6579,1442833.232128281,0.08987229729729719,16054260.050295526
2023-07-25,2023-08-04,6442,-2406560.8374401815,-0.1499016977363514,16054260.050295526
2023-07-28,2023-08-09,8996,-1983471.6311230857,-0.1179371293800539,16818042.303974714
2023-07-28,2023-08-09,6811,-2822955.617151084,-0.167852807486631,16818042.303974714
2023-07-27,2023-08-10,3035,-2247640.3621286186,-0.1378597826086957,16303814.78627724
2023-07-31,2023-08-10,4188,-3030085.554512765,-0.1808120967741936,16758201.517329197
2023-08-01,2023-08-11,2421,-376538.64555245405,-0.022576515151515097,16678333.348855425
2023-08-02,2023-08-14,6811,-3244731.011242508,-0.1973157103825137,16444362.209944228
2023-08-04,2023-08-15,2329,1204109.1626012372,0.0759083333333332,15862674.224629346
2023-08-08,2023-08-21,4979,1221276.558948242,0.0769905844155845,15862674.224629346
2023-08-10,2023-08-22,5511,-2025239.50271912,-0.1363406626506024,14854258.908137789
2023-08-15,2023-08-25,2743,1734525.2928961578,0.1187011261261261,14612542.858718416
2023-08-22,2023-09-01,4154,3388555.127992264,0.23317650375939838,14532146.564341327
2023-08-23,2023-09-04,3043,325513.709292753,0.0223995614035088,14532146.564341327
2023-08-25,2023-09-06,3362,884432.4871102584,0.0601425675675675,14705599.093630943
2023-08-29,2023-09-08,4944,5568289.057815151,0.3786509493670884,14705599.093630943
2023-08-30,2023-09-11,6222,3300305.7985552307,0.2244251170960187,14705599.093630943
2023-08-29,2023-09-12,6117,-1299237.5548357198,-0.0883498554913295,14705599.093630943
2023-08-31,2023-09-12,5348,-227464.66919753418,-0.0154678954423591,14705599.093630943
2023-09-04,2023-09-14,4979,1353216.8208944136,0.08975368338557979,15077005.977359444
2023-09-08,2023-09-20,4542,-714368.3704333171,-0.0454366959064328,15722278.131851986
2023-09-11,2023-09-21,9103,93424.96823553905,0.0058200331125828,16052308.711707508
2023-09-12,2023-09-22,3548,1597258.8801584467,0.1004588174273859,15899638.489304185
2023-09-12,2023-09-22,2816,-1418934.3285443333,-0.08924318181818171,15899638.489304185
2023-09-11,2023-09-25,6122,-2821873.0222168146,-0.1757923469387755,16052308.711707508
2023-09-13,2023-09-25,2358,-1157646.5631606637,-0.0728096153846153,15899638.489304185
2023-09-13,2023-09-25,4542,-1044939.5707649428,-0.0657209641255606,15899638.489304185
2023-09-15,2023-09-27,6236,940393.1463373372,0.058646428571428495,16034960.171393627
2023-09-21,2023-10-04,5321,-187745.13412622068,-0.0117540043290042,15972865.831173848
2023-10-04,2023-10-18,9103,-419732.0890461407,-0.026968973941367998,15563517.171942133
2023-10-05,2023-10-19,8420,-820702.287840471,-0.0527324433656957,15563517.171942133
2023-10-06,2023-10-24,5432,-1216651.4863499575,-0.0781732993197279,15563517.171942133
2023-10-12,2023-10-24,9105,-537461.6889398599,-0.0345334337349397,15563517.171942133
2023-10-11,2023-10-25,6117,-562970.2862690013,-0.0361724332648871,15563517.171942133
2023-10-13,2023-10-27,2417,-115559.11500167035,-0.007425,15563517.171942133
2023-10-18,2023-10-30,8227,-508650.65192880755,-0.0327706221198156,15521543.963037517
2023-10-23,2023-11-02,2364,-1680179.135460574,-0.1088236013986013,15439473.73425347
2023-10-23,2023-11-02,6419,2562577.0499947295,0.1659756734006734,15439473.73425347
2023-10-23,2023-11-02,6482,3083977.9799581487,0.1997463147410358,15439473.73425347
2023-10-25,2023-11-06,4806,-2066208.6252852124,-0.135865366972477,15207765.388097584
2023-10-25,2023-11-08,6530,-656052.1361529666,-0.0431392857142857,15207765.388097584
2023-10-25,2023-11-08,6643,1330645.0609518662,0.08749773730684329,15207765.388097584
2023-11-13,2023-11-23,9105,1169202.4275350343,0.0759083333333334,15402820.430805136
2023-11-13,2023-11-23,1449,2703693.936619005,0.1755323934837094,15402820.430805136
2023-11-16,2023-11-28,4806,1094729.1774429723,0.07107329351535839,15402820.430805136
2023-11-17,2023-11-29,6643,785068.827983322,0.0509691605839415,15402820.430805136
2023-11-21,2023-12-01,4183,-1269577.4740091132,-0.082425,15402820.430805136
2023-11-20,2023-12-04,6122,-1637721.8084816535,-0.1063260989010989,15402820.430805136
2023-11-22,2023-12-04,3085,3736339.166002551,0.2425749999999997,15402820.430805136
2023-11-23,2023-12-05,5314,-887122.6508325211,-0.056182170172084,15790110.067220539
2023-11-22,2023-12-06,1515,-1524115.608246994,-0.0989504237288135,15402820.430805136
2023-11-27,2023-12-07,3228,611023.4672977449,0.0386965932914045,15790110.067220539
2023-11-27,2023-12-07,8467,221117.93419132556,0.0140035714285713,15790110.067220539
2023-11-28,2023-12-08,9105,551401.722019367,0.0346802631578948,15899582.984964836
2023-11-28,2023-12-08,3623,610412.5458469759,0.038391733067729,15899582.984964836
2023-11-29,2023-12-11,8227,1298287.6332693475,0.0812542452830189,15978089.867763167
2023-12-01,2023-12-13,3437,137968.76530247543,0.0087040322580645,15851132.120362256
2023-12-04,2023-12-14,6204,1657708.142996957,0.10321329787234029,16060993.856114343
2023-12-06,2023-12-18,1325,-53327.9267437137,-0.0033709459459458,15819870.030206392
2023-12-06,2023-12-18,3548,-2720304.3989184964,-0.17195491452991452,15819870.030206392
2023-12-06,2023-12-18,5478,-714438.7625292395,-0.045160849056603704,15819870.030206392
2023-12-07,2023-12-19,6482,105207.83331623313,0.0066155616224649995,15903084.170355296
2023-12-08,2023-12-20,9103,-243954.03834082346,-0.0152287904124861,16019265.59714193
2023-12-07,2023-12-21,9919,249784.5363600554,0.0157066725978647,15903084.170355296
2023-12-12,2023-12-22,6117,796663.194832563,0.0493317567567568,16149094.360468864
2023-12-12,2023-12-22,5210,4310097.4584710095,0.26689406614786,16149094.360468864
2023-12-15,2023-12-27,4413,76682.8606484855,0.0046962121212121,16328662.051298808
2023-12-19,2023-12-29,5426,651178.4396267657,0.040723148148148196,15990375.725811284
2023-12-18,2024-01-02,3287,-2795903.6070282734,-0.1749642670157068,15979854.94247966
2023-12-20,2024-01-02,6643,1413541.6169051118,0.088534595959596,15965980.321977202
2023-12-22,2024-01-04,9103,1023674.914756316,0.0620347574421167,16501634.840943564
2023-12-21,2024-01-05,5432,-439836.4587806782,-0.0275053212851405,15990958.775613207
2023-12-26,2024-01-08,8227,1018892.7910155291,0.0617449604743083,16501634.840943564
2023-12-27,2024-01-09,5314,513234.87937259476,0.0310876162018594,16509303.127008412
2023-12-27,2024-01-11,8054,1790513.6364245657,0.1084548283261801,16509303.127008412
2024-01-02,2024-01-12,8059,1722839.210635006,0.1048198979591836,16436184.771958772
2024-01-03,2024-01-17,6231,-758865.0191848084,-0.0461703874538745,16436184.771958772
2024-01-05,2024-01-19,8059,2760073.8000147785,0.1673322815533979,16494568.617556337
2024-01-10,2024-01-22,8054,2762900.7052257974,0.1659620967741935,16647781.38459515
2024-01-10,2024-01-22,3288,-2617406.9882381917,-0.15722257085020241,16647781.38459515
2024-01-10,2024-01-24,6113,4125042.764079599,0.2477833333333332,16647781.38459515
2024-01-15,2024-01-25,3086,1314384.6662983296,0.0773207627118644,16999116.669301108
2024-01-16,2024-01-26,9103,-2676085.941664727,-0.157425,16999116.669301108
2024-01-17,2024-01-29,8227,3863755.1305403234,0.2283107357357356,16923230.167382628
2024-01-16,2024-01-30,8467,-778101.9713607519,-0.0457730825958701,16999116.669301108
2024-01-19,2024-01-31,5314,6216276.723770386,0.3614274590163935,17199237.547384106
2024-01-22,2024-02-01,4529,3831358.623514867,0.22257499999999988,17213786.919082865
2024-01-22,2024-02-01,3228,2267343.939462435,0.1317167425227567,17213786.919082865
2024-01-22,2024-02-01,6425,5610116.605153429,0.3259083333333332,17213786.919082865
2024-01-24,2024-02-05,6535,4945496.652174839,0.280575,17626291.195490826
2024-01-26,2024-02-16,6187,4846198.464770082,0.2770820422535212,17490121.067954186
2024-01-30,2024-02-20,6535,2390493.2174556428,0.13430728346456688,17798686.383872144
2024-01-30,2024-02-20,9103,2324564.846021538,0.1306031690140845,17798686.383872144
2024-01-31,2024-02-21,9105,1932360.3360945832,0.1049037671232875,18420314.05624918
2024-02-01,2024-02-22,9136,33178.49427443963,0.0016935410334346004,19591195.973062254
2024-02-15,2024-02-27,3294,9362501.071624665,0.4661266372795969,20085745.638279736
2024-02-15,2024-02-27,6465,530456.2361715512,0.0264095864661653,20085745.638279736
2024-02-05,2024-02-29,3360,755197.8578948121,0.0375986966824644,20085745.638279736
2024-02-05,2024-02-29,6462,3954402.770112278,0.1968760752688172,20085745.638279736
2024-02-15,2024-03-01,6229,1935712.885900252,0.09637246835443039,20085745.638279736
2024-02-16,2024-03-04,8227,591768.8808982419,0.028768029490616503,20570365.484756745
2024-02-20,2024-03-04,3294,3279629.9621619256,0.1558620864461044,21041871.291104462
2024-02-20,2024-03-04,6584,1691633.8224460965,0.0803936968838528,21041871.291104462
2024-02-21,2024-03-05,2465,6160212.499103263,0.2900956611570247,21235107.324713923
2024-02-23,2024-03-07,6584,6494570.049350418,0.3057933908045978,21238425.174141366
2024-02-27,2024-03-11,5443,1064771.599397489,0.047902868852458896,22227720.904920988
2024-02-27,2024-03-11,3362,-3477250.5855438886,-0.1564375673249551,22227720.904920988
2024-02-29,2024-03-12,4714,-833138.7255105166,-0.0367042792792792,22698680.967721693
2024-02-29,2024-03-12,1809,871370.2686391969,0.038388586097946195,22698680.967721693
2024-03-01,2024-03-13,3313,-5416116.115074549,-0.2365916666666666,22892252.256311722
2024-03-04,2024-03-14,4131,-2934625.5930779884,-0.1251516576454668,23448555.52286235
2024-03-05,2024-03-15,1809,-3954966.9145729337,-0.1643480769230769,24064576.772772677
2024-03-05,2024-03-15,8092,-1031714.8532144794,-0.0428727611940298,24064576.772772677
2024-03-05,2024-03-15,8047,-6127977.62913997,-0.2546472222222222,24064576.772772677
2024-03-07,2024-03-21,3363,-2897199.527371309,-0.1172289215686275,24714033.77770772
2024-03-11,2024-03-21,4303,-2123184.0539529673,-0.0867569415448851,24472785.879093073
2024-03-11,2024-03-21,3372,-2113772.4782385584,-0.0863723684210525,24472785.879093073
2024-03-13,2024-03-25,8227,-1254792.2398430284,-0.052425,23934997.42189849
2024-03-13,2024-03-25,4943,412229.76369624067,0.0172228873239437,23934997.42189849
2024-03-14,2024-03-26,2417,-1156514.946669701,-0.0489187759336099,23641534.862590693
2024-03-13,2024-03-27,3013,-2041168.712233774,-0.0852796712802767,23934997.42189849
2024-03-15,2024-03-27,2404,1993131.8061965993,0.08846541095890399,22530068.922897957
2024-03-18,2024-03-28,4909,944958.1470994063,0.0419420886075949,22530068.922897957
2024-03-18,2024-03-28,8227,431235.99331498117,0.0191404648956357,22530068.922897957
2024-04-01,2024-04-15,4127,3510976.4150732076,0.1614274590163933,21749561.298097745
2024-04-01,2024-04-15,3228,-2560339.1652226853,-0.11771911764705881,21749561.298097745
2024-04-02,2024-04-16,1616,-463567.73288973357,-0.0213138888888889,21749561.298097745
2024-04-03,2024-04-17,8089,-1183905.7673352761,-0.054433547008546905,21749561.298097745
2024-04-10,2024-04-22,4198,-4816659.75293298,-0.2214600877192982,21749561.298097745
2024-04-10,2024-04-22,3629,-1664187.4550524,-0.07651590909090901,21749561.298097745
2024-04-11,2024-04-23,2359,-2271197.938553855,-0.1044249999999999,21749561.298097745
2024-05-24,2024-06-05,6446,2106793.3760547386,0.1056702380952381,19937433.7943285
2024-05-24,2024-06-05,6442,4629870.285854057,0.2322199704142011,19937433.7943285
2024-05-24,2024-06-05,6419,1588937.9528254266,0.0796962121212121,19937433.7943285
2024-05-27,2024-06-06,5392,475009.36014987656,0.023825000000000002,19937433.7943285
2024-05-27,2024-06-06,3064,-4006893.599663889,-0.2009733870967742,19937433.7943285
2024-05-28,2024-06-07,8033,-964495.7466153385,-0.048376122853368606,19937433.7943285
2024-05-28,2024-06-07,8071,-2046838.6644303647,-0.1026630952380952,19937433.7943285
2024-05-30,2024-06-12,2392,-1495159.3509450837,-0.0749925675675675,19937433.7943285
2024-05-30,2024-06-12,3363,1068485.9381378314,0.0535919491525423,19937433.7943285
2024-05-29,2024-06-13,2359,-1108195.1470661862,-0.0555836402266288,19937433.7943285
2024-06-05,2024-06-18,6160,1682840.022015884,0.0810226534296028,20769993.955801923
2024-06-06,2024-06-19,6695,90741.18963046477,0.0044444362017803,20416805.531850524
2024-06-06,2024-06-19,8455,-1671212.9599152056,-0.0818547719087635,20416805.531850524
2024-06-07,2024-06-20,6117,-1807640.0770557113,-0.089862275985663,20115672.090745952
2024-06-07,2024-06-20,3379,7359885.241000152,0.36587816742081447,20115672.090745952
2024-06-06,2024-06-21,3312,228660.90934729087,0.0111996418338107,20416805.531850524
2024-06-11,2024-06-21,8291,295678.1278843049,0.014698893805309601,20115672.090745952
2024-06-12,2024-06-24,6895,7923796.806367974,0.3947489130434782,20073004.749465227
2024-06-14,2024-06-26,8089,1238043.6381568196,0.06201944444444439,19962185.234758608
2024-06-14,2024-06-28,6442,5430566.382064453,0.2720426806083649,19962185.234758608
2024-06-19,2024-07-01,5484,5522108.505617799,0.2764866719242902,19972422.059931725
2024-06-21,2024-07-03,9103,2307540.076562486,0.1121249296765119,20580080.480049327
2024-06-21,2024-07-03,3219,2942709.139930653,0.1429882231404957,20580080.480049327
2024-06-21,2024-07-03,6640,4234281.115687049,0.2057465771230502,20580080.480049327
2024-06-21,2024-07-03,6643,-1650973.8758055035,-0.0802219348659003,20580080.480049327
2024-06-21,2024-07-03,4924,-2077562.825914303,-0.1009501798561151,20580080.480049327
2024-06-24,2024-07-04,2486,2945193.7390082064,0.13780321576763468,21372460.160686124
2024-06-21,2024-07-05,1519,-305575.4574374777,-0.014848117709437902,20580080.480049327
2024-06-26,2024-07-08,2438,3829387.7765347743,0.1781420103092783,21496264.524501808
2024-07-01,2024-07-11,2438,8506144.511659076,0.3765191535776615,22591532.01327003
2024-07-01,2024-07-15,4526,189718.82437852788,0.0083977848101266,22591532.01327003
2024-07-03,2024-07-15,3652,-172015.95046914686,-0.007425,23167131.376316074
2024-07-03,2024-07-15,6144,7492298.18906399,0.3234020676691729,23167131.376316074
2024-07-04,2024-07-16,8440,-2794087.0905945785,-0.1190916666666666,23461650.750216894
2024-07-04,2024-07-16,9110,-2476100.5662756003,-0.10553820754716971,23461650.750216894
2024-07-03,2024-07-17,3581,4016092.4676749473,0.1733530320366132,23167131.376316074
2024-07-05,2024-07-17,3686,-845693.5474412596,-0.036092790893760406,23431093.204473145
2024-07-08,2024-07-18,1784,4926187.665845553,0.2068607142857141,23814031.982126623
2024-07-05,2024-07-19,6869,3535193.3274872825,0.1508761583011582,23431093.204473145
2024-07-11,2024-07-23,4562,-2807033.556500446,-0.1138079787234043,24664646.43329253
2024-07-15,2024-07-26,6133,-2730275.8295154395,-0.10742499999999991,25415646.53958987
2024-07-15,2024-07-26,6231,-848144.1668539207,-0.033370945945945904,25415646.53958987
2024-07-15,2024-07-26,8906,2085320.3569331649,0.0820486842105263,25415646.53958987
2024-07-16,2024-07-26,3047,-1911995.2104909392,-0.0768220420932879,24888627.773902852
2024-07-16,2024-07-26,6187,-1214363.598630878,-0.0487919064748201,24888627.773902852
2024-07-17,2024-07-29,3593,-918714.9962062798,-0.036448746701847,25205667.665926218
2024-07-18,2024-07-30,3535,1003617.6208060064,0.039053873239436494,25698286.43251077
2024-07-18,2024-07-30,3363,-428756.8733587155,-0.0166842592592593,25698286.43251077
2024-07-19,2024-07-31,2243,-1303839.4937033576,-0.0500479508196721,26051805.7652595
2024-07-29,2024-08-06,6692,-6924680.916262476,-0.274600572519084,25217285.065133028
2024-07-30,2024-08-07,8089,-1098467.73931279,-0.043461036036036,25274771.13987776
2024-07-31,2024-08-12,6144,1499816.7000835405,0.05964817073170729,25144387.19050742
2024-08-01,2024-08-13,8085,-1329623.7653671263,-0.0528795454545454,25144387.19050742
2024-08-02,2024-08-14,3228,923323.8567451637,0.0367208733205373,25144387.19050742
2024-08-07,2024-08-21,2524,6176453.108565682,0.2537357142857144,24342072.324949894
2024-08-09,2024-08-21,6640,7376201.969091095,0.3030227611940299,24342072.324949894
2024-08-12,2024-08-22,6199,-1408314.4748634323,-0.0575008725341426,24492053.994958248
2024-08-14,2024-08-26,6643,1988855.476009573,0.0813390449438202,24451424.004096054
2024-08-13,2024-08-27,1540,3856552.2450240813,0.1583208563535911,24359091.618421536
2024-08-13,2024-08-27,4510,5846125.485373599,0.2399976804123711,24359091.618421536
2024-08-20,2024-08-30,3230,6657105.022242359,0.272258377308707,24451424.004096054
2024-08-20,2024-08-30,3303,-304217.82993992383,-0.012441722408026702,24451424.004096054
2024-08-20,2024-08-30,6754,-1873503.0377995556,-0.0766214285714284,24451424.004096054
2024-08-21,2024-09-02,6187,3092873.086429554,0.1198477272727272,25806689.51186173
2024-08-21,2024-09-02,3284,-2865463.1904778075,-0.1110356750392464,25806689.51186173
2024-08-21,2024-09-02,3219,91456.8789506037,0.0035439213893966003,25806689.51186173
2024-08-22,2024-09-03,1225,-505487.4999853527,-0.0196949386503067,25665858.064375386
2024-08-26,2024-09-05,6570,-3856217.733015574,-0.1490916666666667,25864743.611976344
2024-08-27,2024-09-06,5905,-2718455.1099638264,-0.1013025510204081,26835011.38501611
2024-08-28,2024-09-09,4729,2893065.8055364713,0.107809375,26835011.38501611
2024-08-30,2024-09-11,9105,-3006920.916602114,-0.11021245644599291,27282949.8004664
2024-08-30,2024-09-11,8080,509153.222961089,0.018661956521738902,27282949.8004664
2024-09-02,2024-09-12,4741,-5468613.002990114,-0.200206690140845,27314836.477956634
2024-08-30,2024-09-13,3073,-2682844.0659472262,-0.0983340909090909,27282949.8004664
2024-09-03,2024-09-13,3550,-147689.77066129635,-0.0054169678714859,27264287.7279581
2024-09-03,2024-09-13,8039,-943526.702376088,-0.034606688125894104,27264287.7279581
2024-09-03,2024-09-13,5364,234490.35156795412,0.008600641025640898,27264287.7279581
2024-09-05,2024-09-20,4526,304851.27172794857,0.0113417560321715,26878665.95465654
2024-09-09,2024-09-20,8080,645603.1061776428,0.0240035714285713,26896127.024213802
2024-09-06,2024-09-23,3450,4578027.514760211,0.1720621794871795,26606820.44366016
2024-09-11,2024-09-24,4569,3786651.822045546,0.1421077102803738,26646350.254849702
2024-09-16,2024-09-27,4569,2383392.61895752,0.09257499999999999,25745531.935809024
2024-09-19,2024-10-01,4950,-4454219.434124228,-0.1730094155844156,25745531.935809024
2024-09-19,2024-10-01,6231,-191160.574623382,-0.007425,25745531.935809024
2024-09-23,2024-10-04,8032,-3631985.602410157,-0.1381068181818182,26298380.1250756
2024-09-24,2024-10-04,5443,-1011953.0199337441,-0.0379334745762711,26677045.307280157
2024-09-24,2024-10-04,8996,-896603.1854126418,-0.0336095386533665,26677045.307280157
2024-09-24,2024-10-04,4950,-3735893.1057411986,-0.1400414874551971,26677045.307280157
2024-09-24,2024-10-04,5314,-961957.2133771303,-0.0360593612334801,26677045.307280157
2024-09-23,2024-10-07,6187,3256396.918987486,0.12382499999999999,26298380.1250756
2024-09-25,2024-10-09,5234,1293542.676204807,0.048488978494623594,26677045.307280157
2024-09-27,2024-10-14,3167,6133184.932909377,0.2278691176470588,26915384.56917591
2024-10-01,2024-10-14,6969,-2320480.6692847256,-0.0877280303030302,26450846.56830115
2024-10-07,2024-10-16,1799,1826275.0740487664,0.0709160138248847,25752647.047512412
2024-10-07,2024-10-16,4402,1076052.179732585,0.041784138840070296,25752647.047512412
2024-10-09,2024-10-22,6246,-1676801.0862543215,-0.0647863766730402,25882001.315132894
2024-10-11,2024-10-23,5907,2014818.500440267,0.07784631782945729,25882001.315132894
2024-10-14,2024-10-24,8404,2723136.511929992,0.1036861111111111,26263271.741495356
2024-10-14,2024-10-24,2929,-1171334.597197157,-0.044599721189591005,26263271.741495356
2024-10-11,2024-10-25,3081,972328.3764747881,0.037567743105950596,25882001.315132894
2024-10-16,2024-10-28,3363,-2909007.0353685096,-0.10955265957446811,26553504.46687349
2024-10-17,2024-10-29,5543,-197159.77066653565,-0.007425,26553504.46687349
2024-10-21,2024-11-01,6187,746964.8326000759,0.028130555555555502,26553504.46687349
2024-10-21,2024-11-01,4991,3971365.263379534,0.1495608712715854,26553504.46687349
2024-10-21,2024-11-04,4956,-2445396.990973901,-0.0920931922196796,26553504.46687349
2024-10-23,2024-11-04,6854,-3462518.528562265,-0.1302320175438597,26587306.208292086
2024-10-23,2024-11-04,6546,-5039188.556496407,-0.18953362619808312,26587306.208292086
2024-10-28,2024-11-07,6151,-409515.5258850373,-0.015425000000000001,26548818.533875998
2024-10-25,2024-11-08,4576,-2102811.102388346,-0.0783469858156028,26839719.237412848
2024-10-29,2024-11-08,6763,-2055906.2003224934,-0.0774962589073634,26529102.556809343
2024-11-04,2024-11-13,4558,-3090538.728154343,-0.1192971461187214,25906225.158804048
2024-11-05,2024-11-14,8044,546316.6493226755,0.0210882382892057,25906225.158804048
2024-11-06,2024-11-18,2424,99091.31123242289,0.0038249999999998997,25906225.158804048
2024-11-07,2024-11-19,3363,-319464.7974434674,-0.0123511083743842,25865273.606215544
2024-11-07,2024-11-19,6144,-6595282.024894145,-0.2549859756097561,25865273.606215544
2024-11-06,2024-11-20,3081,-964626.0165110151,-0.037235298102981006,25906225.158804048
2024-11-08,2024-11-20,8937,7616947.169827185,0.2992976890756302,25449401.875944458
2024-11-08,2024-11-20,6442,-1773547.2087518438,-0.0696891509433962,25449401.875944458
2024-11-11,2024-11-21,8047,1683937.8962271982,0.0661680735930736,25449401.875944458
2024-11-12,2024-11-22,6144,-3641178.8795446735,-0.1430752242152467,25449401.875944458
2024-11-13,2024-11-27,4991,2531208.3758744993,0.1006831081081081,25140348.003129028
2024-11-15,2024-11-27,6781,1350021.526270774,0.053582957559681794,25194979.668061294
2024-11-19,2024-11-29,3211,7341907.084592273,0.2995056930693069,24513414.116950773
2024-11-20,2024-12-02,6781,3251675.7593346676,0.1300603113983549,25001291.511407204
2024-11-20,2024-12-04,4931,10651618.78744826,0.4260427419354837,25001291.511407204
2024-11-26,2024-12-06,3625,6323452.088227712,0.2549206790123457,24805567.41307546
2024-11-27,2024-12-09,3593,2486706.6822885894,0.0987035500747384,25193690.403289985
2024-11-29,2024-12-11,3202,20881568.945612516,0.8053712085308058,25927881.111749213
2024-11-29,2024-12-11,5314,4232597.935445821,0.163245037926675,25927881.111749213
2024-12-02,2024-12-12,3597,-5587589.188084151,-0.2128358216432866,26253048.68768268
2024-12-02,2024-12-12,3363,2875236.7118148445,0.1095201073985681,26253048.68768268
2024-11-29,2024-12-13,3081,3068854.1760470476,0.1183611635220125,25927881.111749213
2024-12-03,2024-12-13,6144,-826771.213526084,-0.0314923886883273,26253048.68768268
2024-12-05,2024-12-17,5314,1561463.385626054,0.057158333333333394,27318210.566427507
2024-12-09,2024-12-19,8101,-7380501.850956072,-0.261727103250478,28199226.443479132
2024-12-11,2024-12-23,6535,2065034.8285729904,0.0672416666666666,30710643.131584965
2024-12-11,2024-12-23,3625,-2736783.288113888,-0.0891151408450704,30710643.131584965
2024-12-11,2024-12-23,6781,517849.7070884819,0.016862222808870102,30710643.131584965
2024-12-10,2024-12-24,6104,-1555971.5303291916,-0.055177808988763906,28199226.443479132
2024-12-12,2024-12-24,6426,-5646309.580862906,-0.1854934104627766,30439407.883958034
2024-12-16,2024-12-26,6535,2597696.498444987,0.08471592140921409,30663616.180210132
2024-12-18,2024-12-30,5278,520833.1624033945,0.0168993243243243,30819762.51877274
2024-12-18,2025-01-02,6442,2274573.5761948153,0.0738024368231047,30819762.51877274
2024-12-20,2025-01-02,3081,1196809.9626196525,0.0397853004291846,30081712.33367713
2024-12-23,2025-01-07,4540,1697051.873346716,0.056443613138686,30066322.45843189
2024-12-25,2025-01-07,3363,7958446.871076679,0.2711927105831533,29346094.34731268
2024-12-27,2025-01-09,2466,6569664.771181644,0.2219041731669266,29605863.99715718
2024-12-26,2025-01-10,4571,-6713303.004239391,-0.22675585501858742,29605863.99715718
2024-12-30,2025-01-10,2250,-6298517.482042458,-0.2123719964664311,29657947.31339752
2024-12-30,2025-01-10,9103,-1324947.5512781057,-0.044674283667621904,29657947.31339752
2024-12-31,2025-01-13,6922,-5314398.85616202,-0.1791897058823529,29657947.31339752
2025-01-02,2025-01-14,9136,-1422991.1877707022,-0.047424999999999905,30005085.667278968
2025-01-02,2025-01-14,2466,1360813.9824712886,0.0453527777777778,30005085.667278968
2025-01-03,2025-01-15,6104,-1038636.0118514794,-0.0346153323262839,30005085.667278968
2025-01-08,2025-01-20,8033,330597.52054563526,0.0106745475113121,30970635.541721307
2025-01-09,2025-01-21,8937,-234834.94498988308,-0.007425,31627602.01883947
2025-01-14,2025-02-04,9103,385032.1642064424,0.012983163265306102,29656267.608937334
2025-01-15,2025-02-05,8045,6037163.437919704,0.2042867117117117,29552404.007752188
2025-01-14,2025-02-06,6477,1000710.9724685275,0.0337436586985393,29656267.608937334
2025-01-16,2025-02-10,3363,1399249.6760974075,0.0473480829420969,29552404.007752188
2025-01-20,2025-02-10,6547,-340799.8627248818,-0.011519165813715398,29585463.759806752
2025-02-03,2025-02-17,3379,1172914.4104757449,0.0396764492753623,29561980.265307765
2025-02-04,2025-02-18,3081,-280815.5145564254,-0.009486855670103,29600483.481728412
2025-02-06,2025-02-18,6104,805164.3041865716,0.026569334277620302,30304270.922767233
2025-02-07,2025-02-19,6558,2291608.4428843185,0.0756199826989621,30304270.922767233
2025-02-07,2025-02-19,9103,-651163.0214529609,-0.0214875,30304270.922767233
2025-02-11,2025-02-21,6485,2650265.9206764265,0.0871507997218359,30410115.904104482
2025-02-12,2025-02-24,8096,8320838.770957732,0.273620751633987,30410115.904104482
2025-02-13,2025-02-25,4154,-4378718.427888585,-0.1439888766519823,30410115.904104482
2025-02-13,2025-02-25,3349,-3337527.900775407,-0.1097505813953487,30410115.904104482
2025-02-13,2025-02-27,6148,-67820.48251470862,-0.0022301948051949,30410115.904104482
2025-02-17,2025-02-27,6113,-3389124.688570417,-0.1110190803382663,30527407.345152058
2025-02-18,2025-03-03,8096,-3709759.5818160493,-0.1213138888888889,30579842.224115074
2025-02-18,2025-03-03,4971,-406936.75336178794,-0.013307352941176399,30579842.224115074
2025-02-19,2025-03-04,6854,-4356210.059318225,-0.1416935370741483,30743886.76625821
2025-02-19,2025-03-04,2438,-3519394.3968806798,-0.1144746083550912,30743886.76625821
2025-02-21,2025-03-06,6276,-111128.83843975238,-0.0035837708066579,31008913.35832585
2025-02-24,2025-03-07,9103,-287942.0537212581,-0.009043122977346201,31840997.23542162
2025-03-18,2025-03-28,4946,-5157657.253074229,-0.1749275075225677,29484540.91709293
2025-03-19,2025-04-02,3528,-3779696.845123117,-0.128192494356659,29484540.91709293
2025-03-26,2025-04-09,9103,-8517893.149267385,-0.2888935314685313,29484540.91709293
2025-03-25,2025-04-10,8088,-7304723.678643039,-0.2477475806451613,29484540.91709293
2025-03-27,2025-04-10,2314,-4635330.547295247,-0.1572122340425531,29484540.91709293
2025-03-27,2025-04-10,4943,-3260978.5252158265,-0.1105996031746031,29484540.91709293
2025-05-12,2025-05-26,3073,-1285201.6401290365,-0.0504156542056074,25492114.708809868
2025-05-15,2025-05-27,3363,250240.26740449504,0.009816379310344701,25492114.708809868
2025-05-19,2025-05-29,6499,10102568.601533305,0.3963017080745341,25492114.708809868
2025-05-19,2025-05-29,6596,1539000.0115962296,0.060371610169491496,25492114.708809868
2025-05-20,2025-06-02,6442,-1920925.9419550078,-0.0753537305122494,25492114.708809868
2025-05-21,2025-06-03,4554,-4951542.139072998,-0.1942381868131868,25492114.708809868
2025-05-20,2025-06-04,3081,-496412.8638672481,-0.0194731927710843,25492114.708809868
2025-05-22,2025-06-04,6591,-1618432.7098339333,-0.0634875814863102,25492114.708809868
2025-05-22,2025-06-04,9103,2073608.042366224,0.081343115942029,25492114.708809868
2025-05-22,2025-06-04,8038,-321590.965772477,-0.012615311418685,25492114.708809868
2025-05-26,2025-06-06,3205,-2205255.4103776654,-0.086945697167756,25363594.544796966
2025-05-28,2025-06-10,1419,-2889427.3622061573,-0.1138079787234043,25388618.571537413
2025-05-29,2025-06-11,6560,-2269839.3597312397,-0.0854840717299577,26552775.43285037
2025-05-29,2025-06-11,3205,2915714.978032463,0.1098082942555685,26552775.43285037
2025-06-03,2025-06-13,5475,3716201.4015027746,0.143673901098901,25865528.624747567
2025-06-02,2025-06-16,3297,2255647.531479425,0.0855686305732483,26360682.83865487
2025-06-04,2025-06-16,9902,-1311928.0125725719,-0.050792346938775504,25829245.775036827
2025-06-05,2025-06-17,1235,1732107.7889899695,0.067059944532488,25829245.775036827
2025-06-04,2025-06-18,3294,3965056.578702617,0.1535103507565336,25829245.775036827
2025-06-05,2025-06-19,6593,-414768.4443403966,-0.0160580935251798,25829245.775036827
2025-06-10,2025-06-20,4168,2844309.3344476717,0.1123354790419162,25319777.497778445
2025-06-10,2025-06-24,3363,5109025.23320419,0.20178002092050198,25319777.497778445
2025-06-12,2025-06-24,6885,3050475.681607976,0.12017143916913929,25384365.05960857
2025-06-13,2025-06-27,6276,605338.6717399975,0.0235028350515462,25755985.19975885
2025-06-18,2025-06-30,3081,1116366.66072295,0.042254487179487196,26420073.58841879
2025-06-20,2025-07-02,7642,1777066.1067120878,0.0666490740740741,26663027.67742952
2025-06-24,2025-07-08,6499,2608777.338064573,0.09493720472440939,27478977.768910736
2025-06-30,2025-07-10,3040,-1793520.0615398735,-0.064862407952872,27651148.302157033
2025-06-30,2025-07-10,6895,4429853.8120793365,0.1602050578034681,27651148.302157033
2025-07-01,2025-07-11,2314,224500.81922680058,0.0081190414507772,27651148.302157033
2025-06-30,2025-07-14,6739,-758332.7421866566,-0.027424999999999998,27651148.302157033
2025-07-03,2025-07-15,4804,532574.7108942505,0.0191375,27828854.912828244
2025-07-04,2025-07-16,3122,-1051349.9702081974,-0.037779131534569806,27828854.912828244
2025-07-09,2025-07-21,3577,6362131.430217964,0.2264931286549707,28089732.646634698
2025-07-10,2025-07-22,3629,-210523.74271103815,-0.007425,28353366.02168864
2025-07-09,2025-07-23,8227,-538064.5950670635,-0.0191552052785923,28089732.646634698
2025-07-15,2025-07-25,3629,-702197.4965226748,-0.0247660404624277,28353240.300482076
2025-07-16,2025-07-28,3081,3530147.8160448405,0.1249693661971831,28248105.30346126
2025-07-16,2025-07-28,5245,-2800544.7392962407,-0.0991409763313608,28248105.30346126
2025-07-18,2025-07-30,8499,-908458.5674761796,-0.032159982332155404,28248105.30346126
2025-07-18,2025-08-01,5314,4398950.103918577,0.1557254922644164,28248105.30346126
2025-07-22,2025-08-01,6933,450742.4630592606,0.0156164746543778,28863266.07221195
2025-07-21,2025-08-04,4991,714290.1556790085,0.024729340836012702,28884318.446483057
2025-07-21,2025-08-04,3708,5851240.8092963025,0.2025749999999999,28884318.446483057
2025-07-23,2025-08-04,6499,-1072064.3537474715,-0.0372122340425532,28809459.612705242
2025-07-22,2025-08-05,1595,-141788.9815605142,-0.0049124371859296,28863266.07221195
2025-07-25,2025-08-06,6933,176736.57202207387,0.006149660633484101,28739239.863052975
2025-07-29,2025-08-08,4989,84951.15824196809,0.0029484439834023997,28812200.170727838
2025-07-29,2025-08-12,6442,1923748.78123796,0.0667685483870968,28812200.170727838
2025-08-01,2025-08-13,6291,1801034.4941891052,0.06166590909090909,29206323.570678003
2025-08-05,2025-08-15,3230,4219942.19965122,0.141887377210216,29741491.33364473
2025-08-05,2025-08-15,8045,1884761.733654396,0.0633714601769912,29741491.33364473
2025-08-06,2025-08-18,3081,7654237.077927898,0.2572060432569973,29759164.99084694
2025-08-05,2025-08-19,8033,6420473.316884857,0.2158759708737863,29741491.33364473
2025-08-05,2025-08-19,6928,-2596872.5805233745,-0.0873148071625343,29741491.33364473
2025-08-08,2025-08-20,4804,-1423180.3805999036,-0.047809615384615305,29767660.106671136
2025-08-07,2025-08-21,2429,-3734440.5475005973,-0.1254887544273908,29759164.99084694
2025-08-11,2025-08-21,6949,1136030.2168062113,0.0381632352941177,29767660.106671136
2025-08-12,2025-08-22,8033,6344129.75060391,0.2117530821917808,29960034.984794933
2025-08-13,2025-08-25,8021,1448725.8245447623,0.048066329479768695,30140138.43421384
2025-08-18,2025-08-28,8935,1607839.5156850794,0.051016558441558196,31516032.53533719
2025-08-18,2025-08-28,4991,1062539.1007016508,0.033714240506329096,31516032.53533719
2025-08-18,2025-08-28,6727,4190880.5479137218,0.13297614613180508,31516032.53533719
2025-08-19,2025-08-29,5475,-6351643.441576766,-0.199121113074205,31898392.608973343
2025-08-20,2025-09-01,3555,-5349880.617409738,-0.168467944785276,31756074.570913352
2025-08-21,2025-09-02,1815,-2858545.6621721466,-0.0907583333333332,31496233.537843913
2025-08-21,2025-09-02,8358,8196014.736404435,0.2602220588235293,31496233.537843913
2025-08-21,2025-09-04,2630,6152725.082840674,0.1953479636048527,31496233.537843913
2025-08-25,2025-09-04,4722,2427752.5430606604,0.0752196280991735,32275519.09535878
2025-08-22,2025-09-05,1802,-5242121.110383108,-0.1631501908396947,32130646.512904305
2025-08-28,2025-09-09,8021,4077482.335793979,0.12370384834663609,32961645.011788826
2025-08-28,2025-09-09,4722,-3471754.411170879,-0.1053270979020979,32961645.011788826
2025-08-29,2025-09-10,3685,6660291.940026747,0.2060320765661252,32326480.66763115
2025-08-29,2025-09-10,8201,-60432.55969254559,-0.0018694444444445001,32326480.66763115
2025-09-02,2025-09-12,8033,458369.90091363096,0.014179938271605002,32325239.5133134
2025-09-03,2025-09-15,4772,6016483.066932371,0.1861233870967742,32325239.5133134
2025-09-04,2025-09-16,3048,-1744242.6253386743,-0.0525638888888889,33183287.275903534
2025-09-03,2025-09-17,7402,9728120.629353462,0.3009450440528634,32325239.5133134
2025-09-08,2025-09-18,4991,1081522.927638654,0.0331155405405405,32659075.164865226
2025-09-08,2025-09-18,6515,2392820.789426026,0.0732666426512969,32659075.164865226
2025-09-09,2025-09-19,8038,-3503854.2466951925,-0.1070871621621622,32719647.957327534
2025-09-10,2025-09-22,5438,-1538768.84944944,-0.046099033149171104,33379633.895360954
2025-09-11,2025-09-23,3363,710840.2205435785,0.0212956266318538,33379633.895360954
2025-09-12,2025-09-24,5314,4526883.148025842,0.1354321428571427,33425470.88545232
2025-09-12,2025-09-24,3167,1539274.214795961,0.046050935828876996,33425470.88545232
2025-09-15,2025-09-25,7402,-3175226.014541785,-0.0933145705521471,34027119.192145556
2025-09-16,2025-09-26,7714,-2941636.651609584,-0.0868951986754966,33852694.92961169
2025-09-17,2025-10-02,3323,580589.4537742436,0.0166713855421687,34825506.992547035
2025-09-19,2025-10-02,8299,2889783.1961383703,0.0829859589041095,34822555.93958398
2025-09-22,2025-10-03,6895,2297846.2632417,0.0662801792828684,34668679.054639034
2025-09-23,2025-10-07,8033,-27878.084707405782,-0.0008024834437085999,34739763.07669339
2025-09-24,2025-10-08,3081,475473.36305427353,0.0134518267223382,35346378.81297557
2025-09-25,2025-10-09,2408,11149040.22202135,0.318281594885599,35028856.211521395
2025-09-25,2025-10-09,6488,-118128.34060652622,-0.0033723150962512,35028856.211521395
2025-09-24,2025-10-13,2342,-1532707.3512776496,-0.0433624999999999,35346378.81297557
2025-10-02,2025-10-16,6127,-188445.43766581177,-0.0053716119096509,35081729.811351694
2025-10-07,2025-10-20,1795,382152.5337782401,0.0108231751824816,35308726.62920512
2025-10-03,2025-10-21,6418,-2183903.0661378824,-0.0618467687074829,35311514.43767586
2025-10-09,2025-10-22,4722,-3101673.257020024,-0.0850720588235294,36459365.153652035
2025-10-09,2025-10-22,3628,2159913.5573109332,0.059241666666666595,36459365.153652035
2025-10-09,2025-10-22,3555,4150182.278014339,0.1138303495007133,36459365.153652035
2025-10-13,2025-10-23,3581,-1169723.8523432661,-0.032218388429752,36306094.41852427
2025-10-13,2025-10-23,6785,763807.5454848942,0.0210379981024668,36306094.41852427
2025-10-09,2025-10-27,3430,-1294600.1617652562,-0.0355080280830282,36459365.153652035
2025-10-15,2025-10-28,8299,10770066.64592376,0.2966462468193385,36306094.41852427
2025-10-16,2025-10-29,4989,4630316.150095073,0.1276017379679146,36287249.87475769
2025-10-20,2025-10-31,8472,-2422011.3685143027,-0.0666753022974607,36325465.12813552
2025-10-21,2025-11-03,8047,2462045.877147788,0.0681873535676249,36107074.82152172
2025-10-22,2025-11-04,8996,8416179.8653775,0.2310365384615385,36427917.07935225
2025-10-23,2025-11-05,2344,8674872.967448298,0.2384036985539488,36387325.448666416
2025-10-23,2025-11-05,8358,3068896.3261859803,0.0843397058823529,36387325.448666416
2025-10-27,2025-11-06,8047,-3366240.656528083,-0.0928416666666667,36257865.43248989
2025-10-29,2025-11-10,6127,-3552291.1928308094,-0.0939811694290975,37797903.71209177
2025-10-29,2025-11-10,4764,-8400199.121363476,-0.2222398148148148,37797903.71209177
2025-10-30,2025-11-13,8043,6924455.553888953,0.1831968144750255,37797903.71209177
2025-11-03,2025-11-13,3693,-4530305.325409309,-0.1198433006535948,37801907.16295512
2025-11-03,2025-11-13,4764,-2749375.138673848,-0.0727311224489796,37801907.16295512
2025-11-04,2025-11-14,4171,-6443967.820695062,-0.1667541404612159,38643525.14949287
2025-11-05,2025-11-17,3081,5886605.294571122,0.1478381578947367,39817902.0788563
2025-11-05,2025-11-17,6535,-2684722.047666886,-0.067425,39817902.0788563
2025-11-06,2025-11-18,2344,1593328.958481823,0.040356569965870295,39481278.01320349
2025-11-06,2025-11-20,3163,2641270.822544114,0.0668993243243243,39481278.01320349
2025-11-10,2025-11-20,8358,3124756.212640335,0.0816160958904108,38286028.98178406
2025-11-10,2025-11-20,1519,-1585498.2796033202,-0.0414119281045751,38286028.98178406
2025-11-13,2025-11-25,8996,763949.0712448338,0.0199722602739727,38250506.49076465
2025-11-14,2025-11-26,6488,-475858.617965858,-0.012653758169934599,37606109.70869514
2025-11-14,2025-11-26,4304,13028872.819996836,0.3464562785388128,37606109.70869514
2025-11-14,2025-11-26,7402,8235365.512853343,0.2189900943396225,37606109.70869514
2025-11-18,2025-11-28,8110,-1335151.9274310146,-0.0350565789473683,38085630.929233745
2025-11-18,2025-11-28,2451,-2442280.3468741523,-0.064126030927835,38085630.929233745
2025-11-19,2025-12-01,6265,-2432781.104041788,-0.0638766129032258,38085630.929233745
2025-11-20,2025-12-02,5340,958075.3168273034,0.024882692307692102,38503683.80479186
2025-11-21,2025-12-03,6155,10159553.950492378,0.2638592712842713,38503683.80479186
2025-11-27,2025-12-09,8043,8866829.695051221,0.21807835570469788,40658916.68340477
2025-11-27,2025-12-09,5355,-2158756.3678998495,-0.0530942913385826,40658916.68340477
2025-11-28,2025-12-10,8358,8603316.048694205,0.2135815645514223,40281173.45597426
2025-11-28,2025-12-10,8277,4401224.8735456085,0.1092625784190715,40281173.45597426
2025-12-02,2025-12-12,4577,1254139.4116102604,0.031249033149171202,40133702.8772528
2025-12-03,2025-12-15,6465,15334370.80595218,0.3726488007380073,41149658.27230205
2025-12-04,2025-12-16,3081,4216404.256811899,0.1024651098901099,41149658.27230205
2025-12-03,2025-12-17,6442,-1297094.2433297203,-0.0315213855421686,41149658.27230205
2025-12-05,2025-12-17,6624,-3399495.4812659803,-0.082612969924812,41149658.27230205
2025-12-05,2025-12-19,7402,-3446731.5006338307,-0.08376087786259541,41149658.27230205
2025-12-09,2025-12-19,4991,7107180.306157962,0.16994503058103969,41820465.60501718
2025-12-10,2025-12-22,2408,4471040.470941446,0.1036861111111111,43120919.69724116
2025-12-10,2025-12-22,8996,3224012.351843152,0.0747667808219179,43120919.69724116
2025-12-09,2025-12-23,6163,11584243.011804111,0.2769993792325056,41820465.60501718
2025-12-12,2025-12-24,7751,3823911.976415578,0.088421645367412,43246333.63840218
2025-12-15,2025-12-26,8111,4730714.821152703,0.1056440161527165,44779770.718997404
2025-12-16,2025-12-29,5475,12094767.58703737,0.2675749999999999,45201411.14467859
2025-12-19,2026-01-02,6443,10561260.896478947,0.2341857382550334,45097797.052771434
2025-12-19,2026-01-02,2349,3450730.361312888,0.076516605839416,45097797.052771434
2025-12-18,2026-01-05,8110,15491945.077724444,0.3463299407114624,44731752.17221902
2025-12-18,2026-01-05,3163,6280386.626449302,0.1404010869565217,44731752.17221902
2025-12-22,2026-01-05,3491,9472566.524586555,0.2065211172741679,45867302.3350499
2025-12-22,2026-01-05,3229,103885.88418405333,0.0022649224806201,45867302.3350499
2025-12-24,2026-01-07,4768,14699345.018966133,0.3100596625766871,47408117.833871864
2025-12-24,2026-01-07,4971,-511628.56728643435,-0.0107920033670033,47408117.833871864
2025-12-26,2026-01-08,6788,-1913180.2836665413,-0.039956824611032504,47881189.31598713
2025-12-29,2026-01-09,4931,-2028588.5710178267,-0.0413233050847457,49090666.07469087
2026-01-05,2026-01-15,3354,6563889.897578397,0.12239956140350891,53626743.61176449
2026-01-05,2026-01-15,7717,11488513.643264836,0.2142310509554139,53626743.61176449
2026-01-06,2026-01-16,3260,1389379.549074802,0.0259083333333334,53626743.61176449
2026-01-06,2026-01-16,1528,15237865.124140184,0.2841467539863327,53626743.61176449
2026-01-06,2026-01-16,3701,7170111.857762313,0.1337040322580645,53626743.61176449
2026-01-05,2026-01-19,5498,16691662.799464734,0.3112563186813186,53626743.61176449
2026-01-07,2026-01-19,6265,28714205.004919913,0.5216447674418605,55045515.25693245
2026-01-07,2026-01-19,8068,2202554.3763962304,0.0400133301707779,55045515.25693245
2026-01-08,2026-01-20,3006,2841910.905736842,0.051808449477351796,54854197.2285658
2026-01-09,2026-01-21,3481,15599248.62137776,0.2854321428571427,54651338.371464014
2026-01-15,2026-01-27,4967,15295527.692548418,0.2709255154639174,56456578.72554834
2026-01-16,2026-01-28,1789,-2442643.078988012,-0.041515909090909,58836314.37864606
2026-01-19,2026-01-29,8033,1212484.0022487603,0.019065066225165402,63597156.59672414
2026-01-19,2026-01-29,3693,3452440.3272144366,0.0542860799438991,63597156.59672414
2026-01-20,2026-01-30,3138,6490936.971787608,0.1016092679127724,63881347.68729782
2026-01-20,2026-01-30,8080,-15821423.26803876,-0.2476689024390244,63881347.68729782
2026-01-20,2026-01-30,8996,3814857.195283236,0.0597178571428571,63881347.68729782
2026-01-22,2026-02-03,2312,-10388199.268659944,-0.1587407894736842,65441272.54943559
2026-01-22,2026-02-03,2485,9293730.06359643,0.14201634078212289,65441272.54943559
2026-01-22,2026-02-03,8038,-10638581.143849088,-0.1625668439716312,65441272.54943559
2026-01-27,2026-02-06,1802,-6747868.741069041,-0.1007583333333332,66970825.318690434
2026-01-28,2026-02-09,7780,-1386830.0725195135,-0.0207837786259541,66726561.01079164
2026-01-29,2026-02-10,8046,2860744.250367143,0.042574999999999995,67193053.44373795
2026-01-30,2026-02-11,2489,18862953.230654914,0.2830511904761905,66641490.533641174
2026-02-02,2026-02-23,7777,-4925994.315211894,-0.0739178292046936,66641490.533641174
2026-02-02,2026-02-23,1471,-6230351.186910905,-0.0934905737704917,66641490.533641174
2026-02-02,2026-02-23,6949,7665369.447111114,0.11502397959183659,66641490.533641174
2026-02-03,2026-02-24,2486,6060717.272546773,0.09257499999999999,65468185.49874991
2026-02-03,2026-02-24,8358,12738472.193419257,0.1945749999999999,65468185.49874991
2026-02-03,2026-02-24,3081,16862967.8798405,0.2575749999999999,65468185.49874991
2026-02-06,2026-03-02,6683,17718231.275957327,0.2734573529411763,64793398.624643005
2026-02-09,2026-03-05,6426,6338990.774312584,0.09804375,64654715.61739105
2026-02-11,2026-03-05,6683,7483162.367638009,0.1119779850746267,66827085.36549326
2026-02-23,2026-03-06,3508,5366719.421101748,0.08072926997245179,66477987.7599921
2026-02-23,2026-03-06,4991,16247208.077522406,0.24439981751824819,66477987.7599921
2026-02-24,2026-03-09,5386,33772396.41660403,0.4821583333333332,70044203.49457274
2026-02-25,2026-03-10,5340,2004037.2302986665,0.0286110360360361,70044203.49457274
2026-02-25,2026-03-10,3230,-1633250.1491250081,-0.023317420537897298,70044203.49457274
2026-02-26,2026-03-11,2230,-15092492.960967505,-0.2154709770114942,70044203.49457274
2026-02-26,2026-03-11,3163,308302.64509899507,0.004401544021025,70044203.49457274
2026-03-02,2026-03-16,5386,46198725.90957879,0.6432927033492823,71816026.62216848
2026-03-05,2026-03-17,3037,14486108.778624997,0.1979024139844616,73198241.93636355
2026-03-05,2026-03-17,3105,-4662369.081060335,-0.0636950964630225,73198241.93636355
2026-03-06,2026-03-18,3576,13811361.79215367,0.1832726744186046,75359634.68622595
2026-03-06,2026-03-18,1802,7080005.307793815,0.0939495704467352,75359634.68622595
2026-03-09,2026-03-19,2367,11947453.560946219,0.1517389871382635,78736874.32788636
2026-03-10,2026-03-20,1815,-1349692.2618360477,-0.0171337378640776,78773953.03600372
2026-03-10,2026-03-20,8358,-1378988.869800428,-0.0175056451612903,78773953.03600372
2026-03-11,2026-03-23,6230,-4990806.997378041,-0.0645678571428571,77295534.00441687
2026-03-12,2026-03-24,2616,751146.9572357764,0.009717857142857101,77295534.00441687
2026-03-16,2026-03-26,3081,9767729.608110147,0.1192416666666667,81915406.59537475
2026-03-17,2026-03-27,5521,-8151677.890253481,-0.0983340909090909,82897780.56513122
2026-03-17,2026-03-27,6715,9678979.60503915,0.1167580065359477,82897780.56513122
2026-03-18,2026-03-30,2426,-5871508.014461896,-0.0690871983914208,84986917.27512598
2026-03-18,2026-03-30,6683,23394809.512369074,0.2752754219409283,84986917.27512598
2026-03-19,2026-03-31,4973,-31970616.56781835,-0.3709677394438723,86181662.63122061
2026-03-20,2026-04-01,3163,-9049775.59585631,-0.1053416666666666,85908794.51805696
2026-03-20,2026-04-01,6727,5437913.65510548,0.0632986842105263,85908794.51805696
2026-03-23,2026-04-02,2337,-11092499.429384995,-0.1298739795918367,85409713.81831916
2026-03-24,2026-04-07,3006,-12173999.224135758,-0.1424112258953168,85484828.51404274
2026-03-26,2026-04-09,2337,2513555.5095913187,0.029071350364963503,86461601.47485375
2026-03-27,2026-04-10,6547,4306278.9673163975,0.0497178571428571,86614331.64633232
2026-03-27,2026-04-10,3363,24983277.62007719,0.2884427685950412,86614331.64633232
2026-03-30,2026-04-13,3587,36790736.4587361,0.4163418161434977,88366661.79612304
2026-03-30,2026-04-13,6515,11833032.403349172,0.1339083333333333,88366661.79612304
2026-03-31,2026-04-14,4979,24645224.316470403,0.2893664438502674,85169600.1393412
2026-04-01,2026-04-15,6187,28073145.170667917,0.331018396226415,84808413.94526611
2026-04-01,2026-04-15,6584,7343738.153789117,0.0865920940170941,84808413.94526611
2026-04-02,2026-04-16,2231,5708722.581408324,0.06820525210084019,83699164.00232762
2026-04-07,2026-04-17,3135,9068531.12704865,0.1099458920187792,82481764.07991405
2026-04-10,2026-04-22,3167,14133282.416769877,0.1649887931034481,85662075.28961253
2026-04-10,2026-04-22,6727,8236102.603113069,0.09614642857142859,85662075.28961253
2026-04-10,2026-04-22,7734,19312661.55567891,0.2254517123287671,85662075.28961253
2026-04-13,2026-04-23,4741,17965243.15526356,0.1984573529411764,90524452.17582105
2026-04-13,2026-04-23,6830,12499744.846922267,0.1380814194008559,90524452.17582105
2026-04-14,2026-04-24,3508,8231739.928221991,0.08852382729211089,92988974.6074681
2026-04-15,2026-04-27,6806,26657626.930034745,0.2761570895522387,96530662.9399138
2026-04-15,2026-04-27,3167,-5085879.088986904,-0.0526866690240452,96530662.9399138
2026-04-16,2026-04-28,6443,-15507423.707182417,-0.1597031774580336,97101535.19805464
2026-04-17,2026-04-29,6147,34185147.07212755,0.3487981759656653,98008388.3107595
2026-04-22,2026-05-05,3714,489085.52273918845,0.0047866689280866,102176592.96831569
2026-04-22,2026-05-05,4960,-2526422.3268090426,-0.024726038062283698,102176592.96831569
2026-04-22,2026-05-05,6278,15576781.560169816,0.1524496081504702,102176592.96831569
2026-04-23,2026-05-06,6456,-13696751.204143675,-0.1301686823104691,105223091.76853427
2026-04-23,2026-05-06,4979,9037358.522019966,0.0858875972006221,105223091.76853427
2026-04-24,2026-05-07,8358,25266469.91078692,0.238258930942895,106046265.76135646
2026-04-27,2026-05-08,3221,6614792.233662445,0.061132919621749604,108203440.54546125
2026-04-28,2026-05-11,1711,-791896.2839474669,-0.007425,106652698.17474301
2026-04-27,2026-05-12,6213,152450.23615367163,0.0014089222614841,108203440.54546125
2026-04-29,2026-05-12,3430,56570276.67853354,0.5139425213675213,110071212.88195577
2026-05-05,2026-05-15,4529,17981615.709286094,0.1613784188034188,111425157.35756579
2026-05-07,2026-05-19,4951,-12582549.625508279,-0.1108732758620689,113485865.08043209
2026-05-07,2026-05-19,3167,-5559648.945208381,-0.048989792176039104,113485865.08043209
2026-05-07,2026-05-19,9949,-4796033.58586019,-0.0422610655737703,113485865.08043209
2026-05-08,2026-05-20,8027,17992308.911889642,0.1576235436893203,114147344.30379832
2026-05-08,2026-05-20,6405,-18213859.488135006,-0.1595644611727417,114147344.30379832
2026-05-08,2026-05-20,2455,21470817.317495897,0.1880973880597014,114147344.30379832
2026-05-11,2026-05-21,2454,-1644635.4517893612,-0.0144180069930069,114068154.67540357
2026-05-12,2026-05-22,2426,21690550.773125462,0.1811464285714286,119740427.36687228
2026-05-12,2026-05-22,3030,5105441.83828392,0.0426375782227783,119740427.36687228
2026-05-15,2026-05-27,3450,19165575.54593649,0.1576912790697673,121538588.93780088
2026-05-19,2026-05-29,2492,100444666.74929206,0.8423402582159625,119244765.7221432
2026-05-19,2026-05-29,8069,-3535276.068201204,-0.0296472222222222,119244765.7221432
2026-05-19,2026-05-29,8358,48476394.355307244,0.406528488372093,119244765.7221432
2026-05-20,2026-06-01,3135,36907713.26735016,0.3040933246073298,121369692.39626822
2026-05-20,2026-06-01,5228,38808503.751300864,0.3197544871794873,121369692.39626822
2026-05-20,2026-06-01,7751,15256405.18268691,0.1257019349845201,121369692.39626822
2026-05-21,2026-06-02,6449,33909857.38560907,0.27977223183391,121205228.85108928
2026-05-22,2026-06-03,3665,1827047.1271476278,0.014747949002217303,123884828.11223023
2026-05-22,2026-06-03,6217,17055600.798923615,0.1376730392156862,123884828.11223023
2026-05-27,2026-06-08,6834,-20813800.43098783,-0.1654496913580246,125801385.6668239
2026-05-29,2026-06-10,2492,-1897755.7228099762,-0.0135225609756097,140339964.1704637
2026-05-29,2026-06-10,3090,-7061119.762721465,-0.050314390519187305,140339964.1704637
2026-05-29,2026-06-10,4127,1517367.2098725506,0.010812082066869299,140339964.1704637
2026-06-01,2026-06-11,4958,-4693859.123805842,-0.0314102398523985,149437226.3905975
2026-06-01,2026-06-11,6182,-29652081.646554295,-0.1984249999999999,149437226.3905975
2026-06-01,2026-06-11,3189,-25544577.342791125,-0.1709385135135135,149437226.3905975
2026-06-02,2026-06-12,6239,-10234128.816984532,-0.0669649188092016,152828212.1291584
2026-06-03,2026-06-15,6116,-37404835.19868082,-0.241763747099768,154716476.92176554
2026-06-03,2026-06-15,2492,65372.914968385936,0.00042253363228690003,154716476.92176554
2026-06-08,2026-06-18,3481,49534591.43571935,0.3245294984488107,152635096.87866676
2026-06-10,2026-06-23,1718,-3710420.6004842687,-0.0244281880977683,151890946.05110085
2026-06-10,2026-06-23,6442,-8081833.587612342,-0.053208132530120404,151890946.05110085
2026-06-10,2026-06-23,3581,39972112.77469196,0.2631632352941175,151890946.05110085
2026-06-11,2026-06-24,5426,6493186.296386043,0.044503783382789194,145901894.23978573
2026-06-11,2026-06-24,6890,-22111886.392884586,-0.1515531138790036,145901894.23978573
2026-06-11,2026-06-24,3114,38259027.18432909,0.2622243349455864,145901894.23978573
2026-06-12,2026-06-25,8454,-22112370.901078798,-0.1526270202020202,144878481.3580873
2026-06-16,2026-06-29,6127,6891381.9277083725,0.048824999999999896,141144535.12971607
2026-06-16,2026-06-29,5321,129583702.61568181,0.9180922413793102,141144535.12971607
2026-06-18,2026-07-01,1714,-6549789.86209092,-0.0448314837905236,146097994.27328798
2026-06-23,2026-07-03,3026,14001717.121775828,0.09402427536231879,148915980.13194752
2026-06-23,2026-07-03,2383,8543845.721219163,0.057373598949211894,148915980.13194752
2026-06-23,2026-07-03,2493,29477811.08191257,0.1979492802303262,148915980.13194752
2026-06-24,2026-07-06,1714,21305292.507403295,0.1409266483516482,151180012.84073058
2026-06-24,2026-07-06,2478,-7196708.539836044,-0.0476035714285713,151180012.84073058
2026-06-24,2026-07-08,3441,-24847842.077646866,-0.1643593065693431,151180012.84073058
2026-06-25,2026-07-09,3090,-12620587.903957848,-0.0847196859903381,148968775.7506227
2026-06-29,2026-07-09,2316,-19890998.989089783,-0.1223186170212766,162616284.20496172
2026-06-29,2026-07-09,7712,-9150123.596325373,-0.0562681876606684,162616284.20496172
2026-07-01,2026-07-14,5321,-12885017.493913364,-0.0795561475409836,161961305.21875265
2026-07-03,2026-07-16,3230,93449.81477912227,0.0005590319361276999,167163642.6112434
2026-07-07,2026-07-20,8033,-14540196.154849272,-0.0862538288288288,168574501.00800014
2026-07-07,2026-07-20,3189,-19416066.567035656,-0.1151779566360052,168574501.00800014
2026-07-08,2026-07-21,1447,-23265525.518701553,-0.1400780612244898,166089716.80023545
2026-07-08,2026-07-21,3055,-244586.8805736888,-0.0014726190476191002,166089716.80023545
2026-07-08,2026-07-21,1617,-41941480.068868086,-0.2525230392156863,166089716.80023545
2026-07-09,2026-07-22,1718,-26156253.419013016,-0.1615345890410958,161923545.75129813
2026-07-13,2026-07-23,6617,-31084536.679488398,-0.1919704545454545,161923545.75129813
2026-07-14,2026-07-24,4707,-20067332.87193821,-0.12492500000000001,160635044.0019068
2026-07-14,2026-07-24,6174,-37492805.216379926,-0.2334036476868327,160635044.0019068
