symbol,entry_date,exit_date,year,condition,duration,holding_days,gross_return,net_return,max_drawdown,ann_return,can_buy,can_sell,vol_ok,executable,entry_vol,near_limit_up,near_limit_down,stock_key,attention_date,margin_to_threshold,ret5,ret10,ret20,vol20,rev_a4,rev_a5,z_rev_a4,z_rev_a5,composite
5340,2023-01-12,2023-02-03,2023,因連續3個營業日達本中心作業要點第四條第一項第一款,10,9,0.2161490683229814,0.2117240683229814,-0.0099378881987577,206.381684383656,True,True,True,True,773250.0,False,False,5340,2023-01-06,0.1631799999999999,0.4758064516129032,0.4381139489194501,0.4758064516129032,0.0418711581766304,-0.1631799999999999,-0.4758064516129032,-0.631259886757435,-0.60920886607311,-0.6202343764152725
6612,2023-02-07,2023-02-17,2023,因連續3個營業日達本中心作業要點第四條第一項第一款,10,9,0.0153846153846153,0.0109596153846153,-0.0307692307692307,0.3536134032331759,True,True,True,True,208768.0,False,False,6612,2023-02-01,0.13288,0.4230343300110741,0.5670731707317074,0.5728274173806609,0.0370747061023156,-0.13288,-0.4230343300110741,-0.16034537883488714,-0.06099615502591066,-0.1106707669303989
2482,2023-02-09,2023-02-23,2023,連續三次及當日沖銷標準,12,11,0.1762589928057552,0.1718339928057551,-0.026378896882494,35.73994092212205,True,True,True,True,2999229.0,False,False,2482,2023-02-03,0.08678,0.4207650273224044,0.4338235294117647,0.5789473684210527,0.042360183524061,-0.08678,-0.4207650273224044,0.5561285094565163,-0.03742195445597946,0.2593532775002684
8227,2023-02-15,2023-03-01,2023,因連續3個營業日達本中心作業要點第四條第一項第一款,10,9,0.2395437262357413,0.2351187262357413,-0.0038022813688213,351.74759735698524,True,True,True,True,1216418.0,False,False,8227,2023-02-09,0.17758,0.3812154696132597,0.4880952380952381,0.3812154696132597,0.0486777588404643,-0.17758,-0.3812154696132597,-0.8550608410176577,0.3734307760072276,-0.24081503250521502
6472,2023-02-16,2023-03-06,2023,連續3個營業日及沖銷標準,12,11,0.1262135922330096,0.1217885922330096,-0.017259978425027,12.625151700752223,True,True,True,True,1511593.0,False,False,6472,2023-02-10,0.0369799999999999,0.3147023086269744,0.3457711442786069,0.2451093210586881,0.0369585983676883,-0.0369799999999999,-0.3147023086269744,1.3301068096064503,1.0643895473776483,1.1972481784920492
6865,2023-02-17,2023-03-03,2023,因連續3個營業日達本中心作業要點第四條第一項第一款,10,9,0.1780821917808219,0.1736571917808219,-0.0182648401826484,84.44797731476868,True,True,True,True,675837.0,False,False,6865,2023-02-13,0.0838799999999999,0.3861386138613862,0.3999999999999999,,,-0.0838799999999999,-0.3861386138613862,0.6011995349672569,0.32228766913148826,0.4617436020493726
2453,2023-02-20,2023-03-08,2023,連續三次及當日沖銷標準,12,11,0.2941176470588236,0.2896926470588236,-0.0497737556561086,323.3773644015082,True,True,True,True,6041486.0,False,False,2453,2023-02-14,0.13108,0.4684014869888477,0.5134099616858236,0.5490196078431373,0.0368430866929723,-0.13108,-0.4684014869888477,-0.1323702595523595,-0.5322838608138679,-0.3323270601831137
6874,2023-02-23,2023-03-09,2023,因連續3個營業日達本中心作業要點第四條第一項第一款,10,9,0.1549295774647887,0.1505045774647887,0.0,48.12958334821586,True,True,True,True,697370.0,False,False,6874,2023-02-17,0.19368,0.5165441176470589,0.5306122448979593,0.7423442449841604,0.0473789444105187,-0.19368,-0.5165441176470589,-1.105282741266933,-1.0324040240548924,-1.0688433826609127
8940,2023-03-01,2023-03-13,2023,連續三次,10,9,-0.0667976424361492,-0.0712226424361492,-0.1571709233791748,-0.8715730727622184,True,True,True,True,654551.0,False,False,8940,2023-02-21,0.07108,0.2764227642276424,0.3893805309734515,0.4272727272727272,0.0359280479613948,-0.07108,-0.2764227642276424,0.8001337165318965,1.4620489966441732,1.1310913565880347
2719,2023-03-01,2023-03-13,2023,因連續3個營業日達本中心作業要點第四條第一項第一款,10,9,-0.1657657657657658,-0.1701907657657658,-0.2378378378378378,-0.994384399476684,True,True,True,True,136389.0,False,False,2719,2023-02-21,0.2475799999999999,0.6064610866372984,0.5741007194244605,0.8112582781456954,0.0544207902287747,-0.2475799999999999,-0.6064610866372984,-1.9429821464492885,-1.9664886096853782,-1.9547353780673333
6874,2023-03-02,2023-03-14,2023,因連續3個營業日達本中心作業要點第四條第一項第一款,10,9,0.0227272727272727,0.0183022727272727,-0.0181818181818181,0.6549984258634225,True,True,True,True,351083.0,False,False,6874,2023-02-17,0.19368,0.5165441176470589,0.5306122448979593,0.7423442449841604,0.0473789444105187,-0.19368,-0.5165441176470589,-1.105282741266933,-1.0324040240548924,-1.0688433826609127
2739,2023-03-03,2023-03-15,2023,連續三次,10,9,-0.1215384615384614,-0.1259634615384615,-0.183076923076923,-0.9762413423617036,True,True,True,True,1430578.0,False,False,2739,2023-02-23,0.10238,0.4335766423357665,0.5587301587301587,0.6098360655737705,0.0456344746926527,-0.10238,-0.4335766423357665,0.3136774756746097,-0.17051287417228655,0.07158230075116156
6791,2023-03-03,2023-03-15,2023,因連續3個營業日達本中心作業要點第四條第一項第一款,10,9,-0.1735632183908045,-0.1779882183908046,-0.1816091954022988,-0.9956798266695585,True,True,True,True,802813.0,False,False,6791,2023-02-23,0.1545799999999999,0.5028462998102468,0.6113936927772128,0.6621196222455406,0.0401546994017939,-0.1545799999999999,-0.5028462998102468,-0.4976009835186917,-0.8901069622007565,-0.693853972859724
6874,2023-03-07,2023-03-17,2023,因連續3個營業日達本中心作業要點第四條第一項第一款,10,9,0.0,-0.004425,-0.1536480686695279,-0.1159038229771466,True,True,True,True,341207.0,False,False,6874,2023-02-17,0.19368,0.5165441176470589,0.5306122448979593,0.7423442449841604,0.0473789444105187,-0.19368,-0.5165441176470589,-1.105282741266933,-1.0324040240548924,-1.0688433826609127
2739,2023-03-08,2023-03-20,2023,連續三次,10,9,-0.0677165354330707,-0.0721415354330707,-0.2110236220472441,-0.8750561643152014,True,True,True,True,379735.0,False,False,2739,2023-02-23,0.10238,0.4335766423357665,0.5587301587301587,0.6098360655737705,0.0456344746926527,-0.10238,-0.4335766423357665,0.3136774756746097,-0.17051287417228655,0.07158230075116156
6751,2023-03-08,2023-03-20,2023,因連續3個營業日達本中心作業要點第四條第一項第一款,10,9,0.0585175552665799,0.0540925552665799,-0.1573472041612484,3.3203678310774967,True,True,True,True,521054.0,False,False,6751,2023-03-02,0.11478,0.3988095238095239,0.4810924369747897,0.5161290322580645,0.0375027688627987,-0.11478,-0.3988095238095239,0.12095998728386352,0.1906584360581163,0.1558092116709899
6752,2023-03-09,2023-03-21,2023,因連續3個營業日達本中心作業要點第四條第一項第一款,10,9,-0.0955414012738853,-0.0999664012738853,-0.2229299363057324,-0.9463698576735332,True,True,True,True,294350.0,False,False,6752,2023-03-03,0.1915799999999999,0.4170403587443947,0.6305469556243548,1.2571428571428571,0.0450950053035884,-0.1915799999999999,-0.4170403587443947,-1.0726451021039827,0.001271025794263717,-0.5356870381548595
6811,2023-03-10,2023-03-22,2023,因連續3個營業日達本中心作業要點第四條第一項第一款,10,9,0.1170731707317074,0.1126481707317074,-0.1121951219512195,18.3962728559308,True,True,True,True,394202.0,False,False,6811,2023-03-06,0.0706799999999999,0.3811074918566774,0.4086378737541527,0.4570446735395188,0.0416502380379148,-0.0706799999999999,-0.3811074918566774,0.8063504097057932,0.37455248150005194,0.5904514456029226
2429,2023-03-15,2023-03-27,2023,連續三次,10,9,-0.0501567398119121,-0.0545817398119121,-0.1191222570532914,-0.7896761586252842,True,True,True,True,225959.0,False,False,2429,2023-03-09,0.14948,0.4672897196261683,0.5242718446601939,0.5096153846153846,0.0402937789737233,-0.14948,-0.4672897196261683,-0.41833814555153137,-0.5207344862303158,-0.4695363158909236
7402,2023-03-15,2023-03-27,2023,因連續3個營業日達本中心作業要點第四條第一項第一款,10,9,0.1061285500747384,0.1017035500747384,-0.1315396113602391,13.738905921502148,True,True,True,True,752931.0,False,False,7402,2023-03-09,0.2415799999999999,0.6025641025641026,0.6233766233766234,0.7482517482517483,0.0434551415146296,-0.2415799999999999,-0.6025641025641026,-1.8497317488408629,-1.9260055641145832,-1.887868656477723
6291,2023-03-21,2023-03-31,2023,因連續3個營業日達本中心作業要點第四條第一項第一款,10,9,-0.0764119601328903,-0.0808369601328903,-0.0996677740863787,-0.9038107660766012,True,True,True,True,73976.0,False,False,6291,2023-03-15,0.1769799999999999,0.4925373134328359,0.5075376884422111,0.5,0.0401762543451892,-0.1769799999999999,-0.4925373134328359,-0.8457358012568136,-0.7830141033471688,-0.8143749523019912
6751,2023-03-28,2023-04-12,2023,因連續3個營業日達本中心作業要點第四條第一項第一款,10,9,0.096774193548387,0.092349193548387,-0.043010752688172,10.630463181214218,True,True,True,True,456773.0,False,False,6751,2023-03-22,0.13848,0.3148648648648648,0.2027194066749071,0.9696356275303644,0.0674813852074093,-0.13848,-0.3148648648648648,-0.2473790832694176,1.0627008641644942,0.4076608904475383
6160,2023-03-30,2023-04-14,2023,因連續3個營業日達本中心作業要點第四條第一項第一款,10,9,0.0409252669039146,0.0365002669039146,-0.0195729537366547,1.7069724801679858,True,True,True,True,1214264.0,False,False,6160,2023-03-24,0.1763799999999999,0.5053475935828877,0.3731707317073169,0.4325699745547073,0.0495527356552539,-0.1763799999999999,-0.5053475935828877,-0.8364107614959712,-0.9160911561009208,-0.876250958798446
5381,2023-03-31,2023-04-17,2023,因連續3個營業日達本中心作業要點第四條第一項第一款,10,9,0.2262295081967211,0.2218045081967211,-0.1377049180327868,260.0444924189205,True,True,True,True,1849480.0,False,False,5381,2023-03-27,0.0680799999999999,0.3833333333333333,0.2756147540983606,0.6824324324324322,0.0472731598619088,-0.0680799999999999,-0.3833333333333333,0.8467589153361108,0.3514297691049427,0.5990943422205268
3629,2023-03-31,2023-04-17,2023,因連續3個營業日達本中心作業要點第四條第一項第一款,10,9,0.1799999999999999,0.1755749999999999,-0.06,88.41252939739157,True,True,True,True,115467.0,False,False,3629,2023-03-27,0.17978,0.4796320630749016,0.5053475935828877,0.4307496823379921,,-0.17978,-0.4796320630749016,-0.8892526534740806,-0.648950471438521,-0.7691015624563008
6517,2023-04-06,2023-04-18,2023,因連續3個營業日達本中心作業要點第四條第一項第一款,10,9,0.1071428571428572,0.1027178571428572,-0.0714285714285714,14.120525144194133,True,True,True,True,1559752.0,False,False,6517,2023-03-28,0.1766799999999999,0.4744429882044561,0.6917293233082706,0.4423076923076923,0.0553012300037029,-0.1766799999999999,-0.4744429882044561,-0.8410732813763924,-0.5950447970747443,-0.7180590392255684
5381,2023-04-10,2023-04-20,2023,因連續3個營業日達本中心作業要點第四條第一項第一款,10,9,0.2933333333333332,0.2889083333333332,-0.01,1151.718066387847,True,True,True,True,1422569.0,False,False,5381,2023-03-27,0.0680799999999999,0.3833333333333333,0.2756147540983606,0.6824324324324322,0.0472731598619088,-0.0680799999999999,-0.3833333333333333,0.8467589153361108,0.3514297691049427,0.5990943422205268
6517,2023-04-11,2023-04-21,2023,因連續3個營業日達本中心作業要點第四條第一項第一款,10,9,0.056338028169014,0.051913028169014,-0.0422535211267606,3.0789740624820414,True,True,True,True,407136.0,False,False,6517,2023-03-28,0.1766799999999999,0.4744429882044561,0.6917293233082706,0.4423076923076923,0.0553012300037029,-0.1766799999999999,-0.4744429882044561,-0.8410732813763924,-0.5950447970747443,-0.7180590392255684
3664,2023-04-12,2023-04-24,2023,因連續3個營業日達本中心作業要點第四條第一項第一款,10,9,0.0200364298724955,0.0156114298724955,-0.0200364298724954,0.5377198417104196,True,True,True,True,1534611.0,False,False,3664,2023-04-06,0.0734799999999999,0.3245382585751979,0.6405228758169934,0.5120481927710843,0.0542413871864033,-0.0734799999999999,-0.3245382585751979,0.7628335574885278,0.9622107335803786,0.8625221455344532
3664,2023-04-17,2023-04-27,2023,因連續3個營業日達本中心作業要點第四條第一項第一款,10,9,0.0718038528896671,0.0673788528896671,-0.0718038528896672,5.118255615361063,True,True,True,True,598391.0,False,False,3664,2023-04-06,0.0734799999999999,0.3245382585751979,0.6405228758169934,0.5120481927710843,0.0542413871864033,-0.0734799999999999,-0.3245382585751979,0.7628335574885278,0.9622107335803786,0.8625221455344532
5314,2023-04-18,2023-04-28,2023,因連續3個營業日達本中心作業要點第四條第一項第一款,10,9,-0.1240875912408758,-0.1285125912408758,-0.1824817518248175,-0.9780928148851232,True,True,True,True,113374.0,False,False,5314,2023-04-12,0.1708799999999999,0.4699738903394257,0.4473007712082262,0.4815789473684209,,-0.1708799999999999,-0.4699738903394257,-0.7509312303549143,-0.5486184609306499,-0.6497748456427821
3308,2023-04-19,2023-05-02,2023,連續三次,10,9,0.0063291139240506,0.0019041139240506,-0.1107594936708861,0.0542628064585699,True,True,True,True,714836.0,False,False,3308,2023-04-13,0.13468,0.4119170984455957,0.6124260355029587,0.5843023255813955,0.0423643404628903,-0.13468,-0.4119170984455957,-0.18832049811741475,0.05449299854337029,-0.06691374978702223
6465,2023-04-20,2023-05-03,2023,因連續3個營業日達本中心作業要點第四條第一項第一款,10,9,-0.0772277227722771,-0.0816527227722771,-0.1326732673267326,-0.9061541493564144,True,True,True,True,219707.0,False,False,6465,2023-04-14,0.0906799999999999,0.3983516483516482,0.3983516483516482,0.368279569892473,0.0386409149433516,-0.0906799999999999,-0.3983516483516482,0.4955157510110412,0.19541498437311342,0.3454653676920773
3693,2023-04-20,2023-05-05,2023,連續3個營業日及沖銷標準,12,11,-0.0862944162436548,-0.0907194162436548,-0.1294416243654822,-0.8848361149925246,True,True,True,True,759154.0,False,False,3693,2023-04-14,0.06488,0.3235294117647058,0.506276150627615,0.6363636363636365,0.0375834589777466,-0.06488,-0.3235294117647058,0.8964924607272697,0.9726909384352094,0.9345916995812396
2630,2023-04-24,2023-05-05,2023,連續三次,10,9,0.3786008230452675,0.3741758230452675,-0.008230452674897,6830.3797408571545,True,True,True,True,1128092.0,False,False,2630,2023-04-18,0.07948,0.4020618556701032,0.4584450402144773,0.3807106598984771,0.0385219065113129,-0.07948,-0.4020618556701032,0.6695831598801008,0.15687223204748246,0.4132276959637916
1529,2023-04-24,2023-05-05,2023,連續三次,10,9,0.0525641025641026,0.0481391025641026,-0.0153846153846154,2.6914102650828604,True,True,True,True,2908885.0,False,False,1529,2023-04-18,0.10598,0.4347079037800687,0.5045045045045045,0.7841880341880343,0.0466706548906091,-0.10598,-0.4347079037800687,0.2577272371095542,-0.18226475915359047,0.03773123897798186
1584,2023-04-24,2023-05-09,2023,連續3個營業日及沖銷標準,12,11,-0.0645569620253163,-0.0689819620253163,-0.0734177215189872,-0.8029836968746293,True,True,True,True,3072322.0,False,False,1584,2023-04-18,0.0656799999999999,0.346875,0.3704292527821939,0.517605633802817,0.0432802906195587,-0.0656799999999999,-0.346875,0.8840590743794811,0.7301699286864058,0.8071145015329435
3308,2023-04-24,2023-05-05,2023,連續三次,10,9,0.1964285714285714,0.1920035714285713,-0.0876623376623376,130.46829093789054,True,True,True,True,321368.0,False,False,3308,2023-04-13,0.13468,0.4119170984455957,0.6124260355029587,0.5843023255813955,0.0423643404628903,-0.13468,-0.4119170984455957,-0.18832049811741475,0.05449299854337029,-0.06691374978702223
4728,2023-04-24,2023-05-05,2023,因連續3個營業日達本中心作業要點第四條第一項第一款,10,9,0.0867924528301886,0.0823674528301886,-0.0735849056603773,8.012669707222708,True,True,True,True,326730.0,False,False,4728,2023-04-18,0.13798,0.4623287671232876,0.5195729537366549,0.5992509363295879,0.0405469715754926,-0.13798,-0.4623287671232876,-0.2396082168020488,-0.4691986158042469,-0.35440341630314787
1810,2023-04-25,2023-05-08,2023,連續三次,10,9,-0.0262172284644194,-0.0306422284644194,-0.0393258426966292,-0.578732228268927,True,True,True,True,5704682.0,False,False,1810,2023-04-19,0.13958,0.4631578947368422,0.5401662049861495,0.5795454545454544,0.0427387345180276,-0.13958,-0.4631578947368422,-0.2644749894976292,-0.477811843452368,-0.3711434164749986
3058,2023-04-26,2023-05-09,2023,連續三次,10,9,0.2094594594594596,0.2050344594594596,-0.0518018018018017,176.8218705704097,True,True,True,True,4650284.0,False,False,3058,2023-04-20,0.15658,0.5377358490566038,0.5474683544303796,0.5825242718446602,0.0464921058806566,-0.15658,-0.5377358490566038,-0.5286844493881683,-1.2525501196670124,-0.8906172845275904
4728,2023-04-27,2023-05-10,2023,因連續3個營業日達本中心作業要點第四條第一項第一款,10,9,0.1511627906976744,0.1467377906976744,0.0,43.85194152211695,True,True,True,True,189611.0,False,False,4728,2023-04-18,0.13798,0.4623287671232876,0.5195729537366549,0.5992509363295879,0.0405469715754926,-0.13798,-0.4623287671232876,-0.2396082168020488,-0.4691986158042469,-0.35440341630314787
6791,2023-04-27,2023-05-10,2023,因連續3個營業日達本中心作業要點第四條第一項第一款,10,9,0.1923076923076923,0.1878826923076922,-0.0170940170940171,118.41068340059007,True,True,True,True,282720.0,False,False,6791,2023-04-21,0.13588,0.3203684749232343,0.5430622009569379,0.575091575091575,0.0610195081849549,-0.13588,-0.3203684749232343,-0.20697057763909998,1.0055277034299297,0.39927856289541486
3629,2023-04-28,2023-05-11,2023,因連續3個營業日達本中心作業要點第四條第一項第一款,10,9,0.0444191343963553,0.0399941343963553,-0.0489749430523918,1.9722153595063667,True,True,True,True,55150.0,False,False,3629,2023-04-24,0.15538,0.4457627118644067,0.6725490196078432,0.9976580796252924,0.0543920956388878,-0.15538,-0.4457627118644067,-0.510034369866483,-0.29710543877886025,-0.4035699043226716
6874,2023-05-02,2023-05-16,2023,連續3個營業日及沖銷標準,12,11,0.0975609756097561,0.0931359756097561,-0.0365853658536585,6.567611070525958,True,True,True,True,310317.0,False,False,6874,2023-04-25,0.09808,0.5056603773584907,0.33,0.2239263803680982,0.0639990552792903,-0.09808,-0.5056603773584907,0.38050692729398133,-0.9193404482724323,-0.26941676048922547
4741,2023-05-03,2023-05-15,2023,因連續3個營業日達本中心作業要點第四條第一項第一款,10,9,-0.1985203452527743,-0.2029453452527743,-0.2108508014796547,-0.9981653281421328,True,True,True,True,205744.0,False,False,4741,2023-04-26,0.13718,0.456043956043956,0.456043956043956,0.4350180505415162,0.0387676272565722,-0.13718,-0.456043956043956,-0.2271748304542588,-0.40391010331623595,-0.31554246688524734
1727,2023-05-04,2023-05-16,2023,連續三次,10,9,-0.1028708133971291,-0.1072958133971291,-0.1507177033492822,-0.9572667546892916,True,True,True,True,2731404.0,False,False,1727,2023-04-27,0.10748,0.4972067039106145,0.558139534883721,0.5461538461538462,0.0443641947315859,-0.10748,-0.4972067039106145,0.2344146377074478,-0.8315211395447102,-0.29855325091863116
6148,2023-05-10,2023-05-24,2023,連續3個營業日及沖銷標準,12,11,0.0230473751600512,0.0186223751600512,-0.1037131882202304,0.5209622943430681,True,True,True,True,1641766.0,False,False,6148,2023-05-04,0.1548799999999999,0.3739703459637562,0.4232081911262799,1.0694789081885858,0.0609980995930633,-0.1548799999999999,-0.3739703459637562,-0.502263503399113,0.44869530502758087,-0.026784099185766047
2424,2023-05-11,2023-05-23,2023,連續三次,10,9,-0.1170212765957445,-0.1214462765957445,-0.1732522796352583,-0.9725836907031208,True,True,True,True,147159.0,False,False,2424,2023-05-05,0.19828,0.6064814814814814,0.5630630630630633,0.5353982300884956,0.047359220418826,-0.19828,-0.6064814814814814,-1.1767747127667265,-1.966700477476204,-1.5717375951214652
6111,2023-05-11,2023-05-25,2023,連續3個營業日及沖銷標準,12,11,-0.0765765765765765,-0.0810015765765765,-0.0788288288288288,-0.8533626209765948,True,True,True,True,1812533.0,False,False,6111,2023-05-05,0.12218,0.4066265060240963,0.3940298507462687,0.5211726384364823,0.0358874999236484,-0.12218,-0.4066265060240963,0.005951163566805215,0.10945326783706194,0.057702215701933575
3664,2023-05-11,2023-05-23,2023,因連續3個營業日達本中心作業要點第四條第一項第一款,10,9,0.0102827763496142,0.0058577763496142,-0.0835475578406169,0.176143993810699,True,True,True,True,592595.0,False,False,3664,2023-05-05,0.17218,0.3692810457516338,0.4423407917383819,0.6693227091633465,0.0579449542100091,-0.17218,-0.3692810457516338,-0.7711354831700749,0.4974091695486682,-0.13686315681070332
4160,2023-05-15,2023-05-25,2023,因連續3個營業日達本中心作業要點第四條第一項第一款,10,9,-0.1428571428571429,-0.1472821428571429,-0.1544117647058823,-0.9880346169466702,True,True,True,True,314192.0,False,False,4160,2023-05-09,0.06938,0.2953367875647668,0.4265335235378031,0.7035775127768313,0.0484360251868422,-0.06938,-0.2953367875647668,0.8265546625209506,1.2655644192627786,1.0460595408918647
6276,2023-05-16,2023-05-26,2023,因連續3個營業日達本中心作業要點第四條第一項第一款,10,9,0.0169014084507042,0.0124764084507042,-0.0309859154929578,0.4111751006057067,True,True,True,True,1389242.0,False,False,6276,2023-05-10,0.1099799999999999,0.4537246049661401,0.5669099756690998,0.370212765957447,0.0476743366604668,-0.1099799999999999,-0.4537246049661401,0.19556030537060548,-0.3798159849892665,-0.09212783980933051
6276,2023-05-19,2023-06-02,2023,連續3個營業日及沖銷標準,12,11,0.0249671484888305,0.0205421484888305,-0.067017082785808,0.5874619126601284,True,True,True,True,419993.0,False,False,6276,2023-05-10,0.1099799999999999,0.4537246049661401,0.5669099756690998,0.370212765957447,0.0476743366604668,-0.1099799999999999,-0.4537246049661401,0.19556030537060548,-0.3798159849892665,-0.09212783980933051
2743,2023-05-22,2023-06-01,2023,因連續3個營業日達本中心作業要點第四條第一項第一款,10,9,0.1939655172413792,0.1895405172413792,-0.0086206896551723,123.12742801063358,True,True,True,True,1826271.0,False,False,2743,2023-05-16,0.1645799999999999,0.5127334465195246,0.4899665551839465,0.3921874999999999,0.0462334914676284,-0.1645799999999999,-0.5127334465195246,-0.6530183128660675,-0.992817623388703,-0.8229179681273853
2745,2023-05-23,2023-06-02,2023,因連續3個營業日達本中心作業要點第四條第一項第一款,10,9,0.1197183098591549,0.115293309859155,-0.0450704225352113,19.71876228282299,True,True,True,True,1973762.0,False,False,2745,2023-05-17,0.1866799999999999,0.5093023255813955,0.5582232893157264,0.5676328502415462,0.0408258871348595,-0.1866799999999999,-0.5093023255813955,-0.9964906107237685,-0.9571741045320095,-0.976832357627889
6198,2023-05-23,2023-06-02,2023,因連續3個營業日達本中心作業要點第四條第一項第一款,10,9,0.0589970501474925,0.0545720501474925,-0.0707964601769911,3.3752929221606767,True,True,True,True,307913.0,False,False,6198,2023-05-17,0.2072799999999999,0.5511627906976744,0.5056433408577881,0.5620608899297423,0.0476016809379364,-0.2072799999999999,-0.5511627906976744,-1.3166503091793633,-1.3920332379252087,-1.354341773552286
8426,2023-05-24,2023-06-05,2023,因連續3個營業日達本中心作業要點第四條第一項第一款,10,9,0.1068917018284107,0.1024667018284107,-0.0703234880450069,14.02515365828284,True,True,True,True,641265.0,False,False,8426,2023-05-18,0.16438,0.5655095184770438,0.4294478527607364,0.444214876033058,0.055195439757413,-0.16438,-0.5655095184770438,-0.6499099662791216,-1.5410713719219225,-1.095490669100522
2743,2023-05-25,2023-06-08,2023,連續3個營業日及沖銷標準,12,11,0.4769874476987448,0.4725624476987448,-0.0376569037656904,6603.763935713,True,True,True,True,806825.0,False,False,2743,2023-05-16,0.1645799999999999,0.5127334465195246,0.4899665551839465,0.3921874999999999,0.0462334914676284,-0.1645799999999999,-0.5127334465195246,-0.6530183128660675,-0.992817623388703,-0.8229179681273853
2745,2023-05-26,2023-06-07,2023,因連續3個營業日達本中心作業要點第四條第一項第一款,10,9,0.3699582753824755,0.3655332753824755,-0.0542420027816412,5732.197137904799,True,True,True,True,521517.0,False,False,2745,2023-05-17,0.1866799999999999,0.5093023255813955,0.5582232893157264,0.5676328502415462,0.0408258871348595,-0.1866799999999999,-0.5093023255813955,-0.9964906107237685,-0.9571741045320095,-0.976832357627889
6697,2023-05-26,2023-06-07,2023,因連續3個營業日達本中心作業要點第四條第一項第一款,10,9,0.0755287009063443,0.0711037009063443,0.0,5.739898100220666,True,True,True,True,693674.0,False,False,6697,2023-05-22,0.1400799999999999,0.4914841849148417,0.3837471783295711,0.5558375634517767,0.0488128953307713,-0.1400799999999999,-0.4914841849148417,-0.27224585596499634,-0.7720738867629882,-0.5221598713639922
2719,2023-05-29,2023-06-08,2023,因連續3個營業日達本中心作業要點第四條第一項第一款,10,9,0.3810930576070901,0.3766680576070901,-0.0546528803545052,7183.022093490937,True,True,True,True,281570.0,False,False,2719,2023-05-23,0.2020799999999999,0.4046417759838547,0.5818181818181818,0.5130434782608695,0.0547930678184089,-0.2020799999999999,-0.4046417759838547,-1.2358332979187276,0.1300712419307914,-0.5528810279939681
2736,2023-06-01,2023-06-15,2023,連續3個營業日及沖銷標準,12,11,0.0421836228287841,0.0377586228287841,-0.032258064516129,1.3218071875650832,True,True,True,True,2743822.0,False,False,2736,2023-05-26,0.09038,0.3776595744680853,0.523529411764706,0.7986111111111112,0.0358041476864153,-0.09038,-0.3776595744680853,0.5001782708914608,0.4103704869486211,0.45527437892004097
5301,2023-06-02,2023-06-14,2023,因連續3個營業日達本中心作業要點第四條第一項第一款,10,9,0.1105263157894738,0.1061013157894738,-0.0263157894736841,15.463616783628254,True,True,True,True,728603.0,False,False,5301,2023-05-29,0.0604799999999999,0.3409961685823754,0.417004048582996,0.4522821576763485,0.0473976188444143,-0.0604799999999999,-0.3409961685823754,0.9648760856401166,0.7912410020376375,0.878058543838877
6643,2023-06-02,2023-06-14,2023,因連續3個營業日達本中心作業要點第四條第一項第一款,10,9,0.0,-0.004425,-0.0915178571428571,-0.1159038229771466,True,True,True,True,461851.0,False,False,6643,2023-05-29,0.0381799999999999,0.3359497645211931,0.4019769357495881,0.5250896057347669,0.0341916811852712,-0.0381799999999999,-0.3359497645211931,1.3114567300847653,0.8436645690166934,1.0775606495507293
6291,2023-06-06,2023-06-16,2023,因連續3個營業日達本中心作業要點第四條第一項第一款,10,9,0.1069958847736625,0.1025708847736625,-0.0123456790123457,14.0646445699485,True,True,True,True,65647.0,False,False,6291,2023-05-31,0.0362799999999999,0.3513513513513513,0.4005602240896357,0.6778523489932886,0.0428490444725102,-0.0362799999999999,-0.3513513513513513,1.3409860226607664,0.6836682411393384,1.0123271319000524
4946,2023-06-13,2023-06-27,2023,因連續3個營業日達本中心作業要點第四條第一項第一款,10,9,0.1357827476038338,0.1313577476038337,-0.0862619808306709,29.82390421740009,True,True,True,True,59091.0,False,False,4946,2023-06-07,0.04618,0.3319838056680162,0.3373983739837396,0.2007299270072993,0.0438641848896262,-0.04618,-0.3319838056680162,1.1871228666068627,0.8848641453992045,1.0359935060030336
2734,2023-06-13,2023-06-27,2023,因連續3個營業日達本中心作業要點第四條第一項第一款,10,9,0.26,0.255575,0.0,555.7105334976782,True,True,True,True,2049501.0,False,False,2734,2023-06-07,0.17978,0.3783494105037512,0.3902702702702703,0.899556868537666,0.0540384607037627,-0.17978,-0.3783494105037512,-0.8892526534740806,0.4032042622107975,-0.24302419563164152
2745,2023-06-14,2023-06-28,2023,因連續3個營業日達本中心作業要點第四條第一項第一款,10,9,0.1052631578947369,0.1008381578947369,-0.0430622009569378,13.420669197462542,True,True,True,True,903751.0,False,False,2745,2023-06-08,0.1228799999999999,0.424802110817942,0.4794520547945204,1.4269662921348316,0.0578153484582703,-0.1228799999999999,-0.424802110817942,-0.004928049487509691,-0.07936039506883265,-0.04214422227817117
6625,2023-06-15,2023-07-03,2023,連續五次及當日沖銷標準,12,11,-0.05,-0.054425,-0.1071428571428571,-0.719691710669811,True,True,True,True,1462008.0,False,False,6625,2023-06-08,0.16788,0.4285714285714286,0.5072765072765073,0.738609112709832,0.0502508071521641,-0.16788,-0.4285714285714286,-0.7043060315507031,-0.11851720441654716,-0.41141161798362513
8034,2023-06-16,2023-06-30,2023,因連續3個營業日達本中心作業要點第四條第一項第一款,10,9,-0.0558035714285714,-0.0602285714285713,-0.0982142857142857,-0.8219189527301471,True,True,True,True,2500774.0,False,False,8034,2023-06-12,0.07108,0.3313432835820895,0.3680981595092023,0.4387096774193548,0.0366536544274942,-0.07108,-0.3313432835820895,0.8001337165318965,0.891518081957998,0.8458258992449472
6577,2023-06-16,2023-06-30,2023,因連續3個營業日達本中心作業要點第四條第一項第一款,10,9,-0.1254752851711026,-0.1299002851711026,-0.1292775665399239,-0.9790414206045644,True,True,True,True,565168.0,False,False,6577,2023-06-12,0.1738799999999999,0.4987405541561711,0.5006305170239598,0.6146540027137042,0.0395569283299292,-0.1738799999999999,-0.4987405541561711,-0.7975564291591272,-0.8474552383819993,-0.8225058337705633
5703,2023-06-16,2023-06-30,2023,因連續3個營業日達本中心作業要點第四條第一項第一款,10,9,-0.0354609929078014,-0.0398859929078014,-0.0978723404255319,-0.6771752497110444,True,True,True,True,385393.0,False,False,5703,2023-06-12,0.0464799999999999,0.3372093023255813,0.393939393939394,0.6121495327102804,0.0616624743569441,-0.0464799999999999,-0.3372093023255813,1.1824603467264432,0.8305801105289345,1.0065202286276889
4533,2023-06-19,2023-07-03,2023,因連續3個營業日達本中心作業要點第四條第一項第一款,10,9,0.2811244979919678,0.2766994979919678,-0.0281124497991968,883.9281069041293,True,True,True,True,11041283.0,False,False,4533,2023-06-13,0.1324799999999999,0.3343558282208587,0.6666666666666665,0.6795366795366797,0.0452396999512532,-0.1324799999999999,-0.3343558282208587,-0.1541286856609906,0.8602228599081585,0.35304708712358396
2468,2023-06-27,2023-07-07,2023,連續三次,10,9,-0.1410256410256409,-0.1454506410256409,-0.1538461538461538,-0.987299822284012,True,True,True,True,3173287.0,False,False,2468,2023-06-19,0.24648,0.6056074766355142,0.5732600732600732,0.584870848708487,0.0468732679081634,-0.24648,-0.6056074766355142,-1.9258862402210786,-1.9576210516064,-1.9417536459137392
2722,2023-06-29,2023-07-13,2023,連續三次及當日沖銷標準,12,11,-0.1947368421052632,-0.1991618421052632,-0.1989473684210526,-0.9935755580566364,True,True,True,True,368103.0,False,False,2722,2023-06-21,0.09428,0.401985111662531,0.4599483204134367,0.6258992805755397,0.0464223865513161,-0.09428,-0.401985111662531,0.4395655124459842,0.1576694719379921,0.29861749219198813
6120,2023-06-29,2023-07-11,2023,連續五次,10,9,0.2040816326530612,0.1996566326530612,-0.0034013605442175,156.04591787430115,True,True,True,True,1691511.0,False,False,6120,2023-06-21,0.09908,0.4088888888888888,0.4675925925925925,0.4813084112149532,0.0378842448206099,-0.09908,-0.4088888888888888,0.36496519435924374,0.08595095248403185,0.2254580734216378
6125,2023-06-29,2023-07-11,2023,因連續3個營業日達本中心作業要點第四條第一項第一款,10,9,0.2385466034755134,0.2341216034755134,-0.0284360189573459,343.9220556764879,True,True,True,True,6397461.0,False,False,6125,2023-06-21,0.09538,0.3804347826086955,0.5047393364928909,1.0255183413078148,0.0479535233004642,-0.09538,-0.3804347826086955,0.42246960621777274,0.38154078800334595,0.4020051971105594
2059,2023-07-03,2023-07-13,2023,連續三次,10,9,0.1025260029717682,0.0981010029717682,-0.0237741456166419,12.45713008045054,True,True,True,True,1037133.0,False,False,2059,2023-06-27,0.00708,0.3210010881392817,0.3579418344519016,0.4452380952380952,0.0373657696060914,-0.00708,-0.3210010881392817,1.794804624355103,0.9989559265961248,1.3968802754756138
9950,2023-07-03,2023-07-13,2023,因連續3個營業日達本中心作業要點第四條第一項第一款,10,9,-0.1483253588516745,-0.1527503588516745,-0.1483253588516745,-0.989992709940776,True,True,True,True,238693.0,False,False,9950,2023-06-27,0.1744799999999999,0.4829931972789116,0.5191637630662023,0.6029411764705883,0.0452694462423841,-0.1744799999999999,-0.4829931972789116,-0.80688146891997,-0.6838669469987899,-0.7453742079593799
1471,2023-07-03,2023-07-13,2023,連續三次,10,9,0.3043478260869565,0.2999228260869565,0.0,1459.0809684741462,True,True,True,True,8474703.0,False,False,1471,2023-06-27,0.11358,0.4199999999999999,0.518716577540107,0.5760266370699223,0.0402385266724112,-0.11358,-0.4199999999999999,0.13961006680554852,-0.029474619959842283,0.05506772342285312
2059,2023-07-06,2023-07-18,2023,連續三次,10,9,0.3,0.295575,-0.0194029850746269,1329.3318056727626,True,True,True,True,296092.0,False,False,2059,2023-06-27,0.00708,0.3210010881392817,0.3579418344519016,0.4452380952380952,0.0373657696060914,-0.00708,-0.3210010881392817,1.794804624355103,0.9989559265961248,1.3968802754756138
3089,2023-07-07,2023-07-19,2023,因連續3個營業日達本中心作業要點第四條第一項第一款,10,9,-0.352,-0.356425,-0.4024,-0.9999951770789912,True,True,True,True,416314.0,False,False,3089,2023-06-28,0.23898,0.4640883977900552,0.6036308623298035,0.5340086830680175,0.0480071643122745,-0.23898,-0.4640883977900552,-1.8093232432105466,-0.48747818973437707,-1.148400716472462
6451,2023-07-10,2023-07-20,2023,連續三次,10,9,-0.0365853658536585,-0.0410103658536585,-0.040650406504065,-0.6875137499382884,True,True,True,True,1396028.0,False,True,6451,2023-07-04,0.09088,0.4204545454545454,0.4568764568764569,0.4188422247446084,0.0373429777932797,-0.09088,-0.4204545454545454,0.49240740442409203,-0.0341965751961835,0.22910541461395426
3013,2023-07-11,2023-07-21,2023,連續三次,10,9,0.4094292803970223,0.4050042803970223,-0.0446650124069478,12650.93262394693,True,True,True,True,6199242.0,False,False,3013,2023-07-05,0.20918,0.5141843971631208,0.5061728395061729,0.4139072847682121,0.0547453799520415,-0.20918,-0.5141843971631208,-1.3461796017553662,-1.0078905361649444,-1.1770350689601554
8048,2023-07-12,2023-07-24,2023,因連續3個營業日達本中心作業要點第四條第一項第一款,10,9,0.0332568807339448,0.0288318807339448,-0.0298165137614679,1.2024211675116048,True,True,True,True,2432111.0,False,True,8048,2023-07-06,0.0460799999999999,0.2747603833865815,0.3806228373702423,0.3664383561643836,0.0418906510857118,-0.0460799999999999,-0.2747603833865815,1.1886770399003381,1.4793183100620997,1.333997674981219
6117,2023-07-12,2023-07-24,2023,連續三次,10,9,-0.0468750000000001,-0.0513000000000001,-0.169921875,-0.7684249946286975,True,True,True,True,1535201.0,False,False,6117,2023-07-06,0.14608,0.5,0.4606413994169098,0.621359223300971,0.0493345491011679,-0.14608,-0.5,-0.3654962535734233,-0.8605387415557404,-0.6130174975645819
4905,2023-07-12,2023-07-24,2023,因連續3個營業日達本中心作業要點第四條第一項第一款,10,9,-0.0101265822784809,-0.0145515822784809,-0.1025316455696201,-0.334475891903169,True,True,True,True,114159.0,False,False,4905,2023-07-06,0.1355799999999999,0.4608695652173913,0.516245487364621,0.6153846153846154,,-0.1355799999999999,-0.4608695652173913,-0.20230805775867705,-0.45403998642731264,-0.32817402209299484
6125,2023-07-12,2023-07-24,2023,因連續3個營業日達本中心作業要點第四條第一項第一款,10,9,0.2937499999999999,0.2893249999999999,-0.05,1162.1141127891815,True,True,True,True,3622909.0,False,False,6125,2023-06-21,0.09538,0.3804347826086955,0.5047393364928909,1.0255183413078148,0.0479535233004642,-0.09538,-0.3804347826086955,0.42246960621777274,0.38154078800334595,0.4020051971105594
3564,2023-07-12,2023-07-24,2023,因連續3個營業日達本中心作業要點第四條第一項第一款,10,9,0.2389830508474575,0.2345580508474575,-0.0762711864406779,347.32653068153166,True,True,True,True,747860.0,False,False,3564,2023-07-06,0.1781799999999999,0.4890678941311852,0.2888446215139442,0.4704545454545454,0.0610431581036402,-0.1781799999999999,-0.4890678941311852,-0.8643858807784989,-0.7469727295424912,-0.805679305160495
4979,2023-07-13,2023-07-27,2023,連續5個營業日及沖銷標準,12,11,0.172077922077922,0.167652922077922,-0.0259740259740259,32.87337111861332,True,True,True,True,5697302.0,False,False,4979,2023-07-05,0.10178,0.281920326864147,0.3836824696802645,0.9307692307692308,0.0457098927127246,-0.10178,-0.281920326864147,0.3230025154354523,1.4049386583513594,0.8639705868934059
3018,2023-07-13,2023-07-25,2023,連續三次,10,9,0.0755555555555556,0.0711305555555556,-0.0355555555555555,5.744593629867056,True,True,True,True,456294.0,False,False,3018,2023-07-07,0.3084800000000001,0.5967940813810111,,,,-0.3084800000000001,-0.5967940813810111,-2.889473682174811,-1.866064844288137,-2.3777692632314738
8093,2023-07-13,2023-07-25,2023,因連續3個營業日達本中心作業要點第四條第一項第一款,10,9,0.1554192229038855,0.1509942229038855,-0.0961145194274027,48.71371486490919,True,True,True,True,1677384.0,False,False,8093,2023-07-07,0.22438,0.6019736842105265,0.6909722222222223,0.6621160409556315,0.0563402337151313,-0.22438,-0.6019736842105265,-1.5824139423633776,-1.919872120234723,-1.7511430312990504
6538,2023-07-14,2023-07-26,2023,因連續3個營業日達本中心作業要點第四條第一項第一款,10,9,-0.0974025974025973,-0.1018275974025973,-0.1266233766233766,-0.9493666924642143,True,True,True,True,660129.0,False,False,6538,2023-07-10,0.0720799999999999,0.3486238532110091,0.4271844660194175,0.47,0.0324471525185985,-0.0720799999999999,-0.3486238532110091,0.7845919835971606,0.712002314216313,0.7482971489067368
6419,2023-07-18,2023-07-28,2023,因連續3個營業日達本中心作業要點第四條第一項第一款,10,9,-0.1951754385964912,-0.1996004385964912,-0.2368421052631579,-0.9979389954812342,True,True,True,True,98553.0,False,False,6419,2023-07-12,0.13348,0.4411764705882353,0.4872204472843449,0.5337726523887971,0.0412320572099875,-0.13348,-0.4411764705882353,-0.16967041859572954,-0.24946218155875732,-0.20956630007724342
3191,2023-07-19,2023-07-31,2023,因連續3個營業日達本中心作業要點第四條第一項第一款,10,9,0.244,0.2395749999999999,-0.024,388.8624011180117,True,True,True,True,161146.0,False,True,3191,2023-07-13,0.1531799999999999,0.4814814814814816,0.4492753623188408,0.3808975834292289,0.0470636312843046,-0.1531799999999999,-0.4814814814814816,-0.4758425574100589,-0.6681627874826176,-0.5720026724463383
6703,2023-07-19,2023-07-31,2023,因連續3個營業日達本中心作業要點第四條第一項第一款,10,9,-0.0332225913621262,-0.0376475913621262,-0.0398671096345515,-0.6556029849950681,True,True,True,True,422859.0,False,False,6703,2023-07-13,0.0044799999999999,0.2857142857142858,0.263157894736842,0.352112676056338,0.0366747596625228,-0.0044799999999999,-0.2857142857142858,1.8352131299854224,1.3655258698618393,1.6003694999236309
2388,2023-07-20,2023-08-01,2023,連續三次,10,9,-0.0470588235294118,-0.0514838235294118,-0.0588235294117647,-0.7696681777784515,True,True,True,True,6649946.0,False,False,2388,2023-07-14,0.15378,0.508313539192399,0.5679012345679013,0.5487804878048781,0.0439721330122634,-0.15378,-0.508313539192399,-0.485167597170903,-0.9469022933842917,-0.7160349452775974
6569,2023-07-21,2023-08-02,2023,因連續3個營業日達本中心作業要點第四條第一項第一款,10,9,-0.1459227467811158,-0.1503477467811158,-0.1545064377682403,-0.9891737475004392,True,True,True,True,507687.0,False,False,6569,2023-07-17,0.1744799999999999,0.4680851063829787,0.4628975265017667,0.4892086330935252,0.0444371647070489,-0.1744799999999999,-0.4680851063829787,-0.80688146891997,-0.5289972036850363,-0.6679393363025032
3483,2023-07-24,2023-08-04,2023,因連續3個營業日達本中心作業要點第四條第一項第一款,10,9,-0.127659574468085,-0.132084574468085,-0.21580547112462,-0.980454846365698,True,True,True,True,7936658.0,False,False,3483,2023-07-18,0.12688,0.3977900552486189,0.39010989010989,0.5753424657534247,0.0473183983942369,-0.12688,-0.3977900552486189,-0.06709498122646144,0.20124898285890577,0.06707700081622217
3706,2023-07-24,2023-08-04,2023,連續三次,10,9,-0.1164383561643835,-0.1208633561643835,-0.1418786692759295,-0.9720738783355398,True,True,True,True,26884754.0,False,False,3706,2023-07-18,0.10608,0.4097902097902097,0.3368700265251987,0.382716049382716,0.04955424195897,-0.10608,-0.4097902097902097,0.2561730638160806,0.07658775919487851,0.16638041150547955
2356,2023-07-24,2023-08-04,2023,連續三次,10,9,-0.1773049645390071,-0.1817299645390071,-0.226950354609929,-0.9961940555874446,True,True,True,True,56809653.0,False,False,2356,2023-07-18,0.15638,0.3862433862433863,0.3891834570519619,0.4395604395604395,0.0438505036939228,-0.15638,-0.3862433862433863,-0.5255761028012207,0.3211992620363083,-0.10218842038245621
3363,2023-07-24,2023-08-07,2023,連續3個營業日及沖銷標準,11,10,-0.010973936899863,-0.015398936899863,-0.0795610425240056,-0.3215661495478912,True,True,True,True,3579521.0,False,False,3363,2023-07-18,0.0780799999999999,0.3805825242718446,0.4584615384615382,0.5176093916755602,0.0487670826507605,-0.0780799999999999,-0.3805825242718446,0.691341585988735,0.3800060030594947,0.5356737945241148
6442,2023-07-25,2023-08-04,2023,連續三次,9,8,-0.1424766977363514,-0.1469016977363514,-0.14780292942743,-0.9930221572626036,True,True,True,True,446190.0,False,False,6442,2023-07-19,0.11538,0.448210922787194,0.4347014925373136,0.5048923679060666,0.0450849909780925,-0.11538,-0.448210922787194,0.1116349475230209,-0.3225381920292066,-0.10545162225309285
6579,2023-07-25,2023-08-04,2023,連續三次,9,8,0.0972972972972971,0.0928722972972972,0.0,15.043321735146227,True,True,True,True,1301418.0,False,False,6579,2023-07-19,0.10488,0.3940520446096653,0.5120967741935485,0.46484375,0.0495512736245397,-0.10488,-0.3940520446096653,0.27482314333776564,0.24008056446113157,0.2574518538994486
6150,2023-07-26,2023-08-07,2023,因連續3個營業日達本中心作業要點第四條第一項第一款,9,8,-0.1990243902439025,-0.2034493902439025,-0.2253658536585365,-0.9991816898267648,True,True,True,True,1164744.0,False,False,6150,2023-07-20,0.10038,0.3523573200992556,0.3814955640050697,0.379746835443038,0.0413849826991227,-0.10038,-0.3523573200992556,0.34476094154408493,0.6732179344664637,0.5089894380052743
6527,2023-07-26,2023-08-07,2023,因連續3個營業日達本中心作業要點第四條第一項第一款,9,8,-0.1752136752136752,-0.1796386752136752,-0.2316239316239315,-0.997945709751514,True,True,True,True,1322084.0,False,False,6527,2023-07-20,0.1188799999999999,0.4166666666666667,0.4406779661016951,0.456548347613219,0.0361926642999499,-0.1188799999999999,-0.4166666666666667,0.05723888225144077,0.005153051773318574,0.03119596701237967
6530,2023-07-26,2023-08-07,2023,因連續3個營業日達本中心作業要點第四條第一項第一款,9,8,-0.1743243243243243,-0.1787493243243243,-0.227027027027027,-0.9978749611647204,True,True,True,True,554367.0,False,False,6530,2023-07-20,0.1430799999999999,0.4618320610687021,0.4759152215799613,0.4344569288389512,0.0408537439221034,-0.1430799999999999,-0.4618320610687021,-0.3188710547692092,-0.464038683542429,-0.39145486915581906
6569,2023-07-26,2023-08-07,2023,因連續3個營業日達本中心作業要點第四條第一項第一款,9,8,-0.1407249466950959,-0.1451499466950959,-0.1791044776119402,-0.9925602092267783,True,True,True,True,186800.0,False,False,6569,2023-07-17,0.1744799999999999,0.4680851063829787,0.4628975265017667,0.4892086330935252,0.0444371647070489,-0.1744799999999999,-0.4680851063829787,-0.80688146891997,-0.5289972036850363,-0.6679393363025032
2316,2023-07-26,2023-08-07,2023,連續三次,9,8,0.0340285400658617,0.0296035400658617,-0.0812294182217342,1.4885040257856763,True,True,True,True,6925443.0,False,False,2316,2023-07-20,0.09688,0.4112318840579709,0.3812056737588654,0.3885918003565063,0.0378708811586684,-0.09688,-0.4112318840579709,0.39915700681566657,0.06161121220782383,0.2303841095117452
3035,2023-07-27,2023-08-10,2023,連續三次及當日沖銷標準,11,10,-0.1304347826086956,-0.1348597826086957,-0.1708074534161491,-0.9732599303853056,True,True,True,True,13865591.0,False,False,3035,2023-07-21,0.07988,0.2864406779661017,0.5521472392638036,0.9070351758793972,0.0416491192822454,-0.07988,-0.2864406779661017,0.6633664667062056,1.3579798881282215,1.0106731774172135
3483,2023-07-27,2023-08-08,2023,因連續3個營業日達本中心作業要點第四條第一項第一款,9,8,-0.0103092783505154,-0.0147342783505154,-0.1134020618556701,-0.371155998320514,True,True,True,True,2620691.0,False,False,3483,2023-07-18,0.12688,0.3977900552486189,0.39010989010989,0.5753424657534247,0.0473183983942369,-0.12688,-0.3977900552486189,-0.06709498122646144,0.20124898285890577,0.06707700081622217
6811,2023-07-28,2023-08-09,2023,因連續3個營業日達本中心作業要點第四條第一項第一款,9,8,-0.160427807486631,-0.164852807486631,-0.1938502673796791,-0.9964099991877576,True,True,True,True,687624.0,False,False,6811,2023-07-24,0.14358,0.4235294117647059,0.3802281368821292,0.5748373101952278,0.0519949343602645,-0.14358,-0.4235294117647059,-0.3266419212365797,-0.06613921355966251,-0.1963905673981211
4188,2023-07-31,2023-08-10,2023,因連續3個營業日達本中心作業要點第四條第一項第一款,9,8,-0.1733870967741936,-0.1778120967741936,-0.1733870967741936,-0.99779785284749,True,True,True,True,871745.0,False,False,4188,2023-07-25,0.15908,0.4821917808219178,0.5154061624649859,0.5027777777777778,0.0429206574656537,-0.15908,-0.4821917808219178,-0.5675387817250123,-0.6755415912004895,-0.6215401864627509
2421,2023-08-01,2023-08-11,2023,最近十個營業日已有六次,9,8,-0.0151515151515151,-0.0195765151515151,-0.1136363636363636,-0.460888863636915,True,True,True,True,8539354.0,False,False,2421,2023-07-24,0.08488,0.3999999999999999,0.5926748057713653,0.5979955456570156,0.049575005545503,-0.08488,-0.3999999999999999,0.5856578020325177,0.17829141043913152,0.38197460623582463
6811,2023-08-02,2023-08-14,2023,因連續3個營業日達本中心作業要點第四條第一項第一款,9,8,-0.1898907103825137,-0.1943157103825137,-0.1994535519125683,-0.9988314347268256,True,True,True,True,310757.0,False,False,6811,2023-07-24,0.14358,0.4235294117647059,0.3802281368821292,0.5748373101952278,0.0519949343602645,-0.14358,-0.4235294117647059,-0.3266419212365797,-0.06613921355966251,-0.1963905673981211
2329,2023-08-04,2023-08-15,2023,連續三次,9,8,0.0833333333333332,0.0789083333333332,0.0,9.734136423806117,True,True,True,True,21061188.0,False,False,2329,2023-07-28,0.19018,0.4922600619195048,0.5829228243021347,1.0956521739130438,0.0490805877725541,-0.19018,-0.4922600619195048,-1.0508866759953515,-0.780133931029823,-0.9155103035125872
4154,2023-08-22,2023-09-01,2023,因連續3個營業日達本中心作業要點第四條第一項第一款,10,9,0.2406015037593984,0.2361765037593984,-0.0150375939849625,360.23617859038865,True,True,True,True,134935.0,False,False,4154,2023-08-16,0.19178,0.5291479820627802,0.6965174129353233,-0.0501392757660166,0.0771432460235242,-0.19178,-0.5291479820627802,-1.075753448690932,-1.1633367679219582,-1.1195451083064452
3043,2023-08-23,2023-09-04,2023,連續三次,10,9,0.0298245614035088,0.0253995614035088,-0.0157894736842104,1.0071825406002386,True,True,True,True,1958178.0,False,False,3043,2023-08-17,0.07638,0.4130434782608696,0.5094339622641508,0.4484679665738162,0.0391417399437071,-0.07638,-0.4130434782608696,0.7177625319777873,0.04279182539632073,0.380277178687054
6117,2023-08-29,2023-09-12,2023,連續三次及當日沖銷標準,12,11,-0.0809248554913295,-0.0853498554913295,-0.0895953757225433,-0.8683466286926048,True,True,True,True,2013659.0,False,False,6117,2023-08-23,0.1279799999999999,0.4640776699029127,0.6391304347826088,0.4067164179104479,0.0625581580553354,-0.1279799999999999,-0.4640776699029127,-0.08419088745467135,-0.4873667452080692,-0.28577881633137026
5348,2023-08-31,2023-09-12,2023,因連續3個營業日達本中心作業要點第四條第一項第一款,10,9,-0.0080428954423591,-0.0124678954423591,-0.0455764075067023,-0.2942594131588867,True,True,True,True,114541.0,False,False,5348,2023-08-25,0.0777799999999999,0.4542124542124544,0.3233333333333335,0.4703703703703705,0.061949039761537,-0.0777799999999999,-0.4542124542124544,0.6960041058691561,-0.384883910056259,0.15556009790644854
4542,2023-09-08,2023-09-20,2023,因連續3個營業日達本中心作業要點第四條第一項第一款,10,9,-0.0380116959064328,-0.0424366959064328,-0.0994152046783626,-0.7001701618998891,True,True,True,True,516854.0,False,False,4542,2023-09-04,0.0865799999999999,0.5127892813641901,0.7922077922077924,1.2915129151291511,0.0609543536615026,-0.0865799999999999,-0.5127892813641901,0.5592368560434654,-0.9933976525904081,-0.21708039827347136
6122,2023-09-11,2023-09-25,2023,連續3個營業日及沖銷標準,12,11,-0.1683673469387755,-0.1727923469387755,-0.1981292517006803,-0.9865846111178128,True,True,True,True,2450362.0,False,False,6122,2023-09-05,0.1159799999999999,0.3708690330477355,0.3301662707838479,0.2698412698412697,0.0437536171548775,-0.1159799999999999,-0.3708690330477355,0.10230990776217981,0.48091267870691556,0.2916112932345477
3548,2023-09-12,2023-09-22,2023,因連續3個營業日達本中心作業要點第四條第一項第一款,10,9,0.1078838174273859,0.1034588174273859,-0.0248962655601659,14.405303527464694,True,True,True,True,1853330.0,False,False,3548,2023-09-06,0.1094799999999999,0.3461538461538462,0.4032073310423827,0.5644955300127714,0.0405326761965829,-0.1094799999999999,-0.3461538461538462,0.2033311718379743,0.7376614922825222,0.47049633206024827
2358,2023-09-13,2023-09-25,2023,連續三次,10,9,-0.0653846153846153,-0.0698096153846153,-0.0807692307692308,-0.8660336517374719,True,True,True,True,2634183.0,False,False,2358,2023-09-07,0.04848,0.3689217758985199,0.3747346072186837,0.3602941176470589,0.0377940888276049,-0.04848,-0.3689217758985199,1.1513768808569662,0.5011413731098432,0.8262591269834048
4542,2023-09-13,2023-09-25,2023,因連續3個營業日達本中心作業要點第四條第一項第一款,10,9,-0.0582959641255605,-0.0627209641255606,-0.1031390134529148,-0.8345828072244434,True,True,True,True,397967.0,False,False,4542,2023-09-04,0.0865799999999999,0.5127892813641901,0.7922077922077924,1.2915129151291511,0.0609543536615026,-0.0865799999999999,-0.5127892813641901,0.5592368560434654,-0.9933976525904081,-0.21708039827347136
6236,2023-09-15,2023-09-27,2023,因連續3個營業日達本中心作業要點第四條第一項第一款,10,9,0.0660714285714285,0.0616464285714285,-0.0107142857142857,4.2682208778990205,True,True,True,True,32000.0,False,False,6236,2023-09-11,0.0877799999999999,0.3755555555555554,0.5436408977556109,,,-0.0877799999999999,-0.3755555555555554,0.5405867765217802,0.432227669815656,0.4864072231687181
5321,2023-09-21,2023-10-04,2023,因連續3個營業日達本中心作業要點第四條第一項第一款,10,9,-0.0043290043290042,-0.0087540043290042,-0.0346320346320346,-0.2166983287730023,True,True,True,True,584673.0,False,False,5321,2023-09-15,0.0638799999999999,0.3255813953488371,0.5240641711229947,0.2984054669703873,0.0543741689350638,-0.0638799999999999,-0.3255813953488371,0.9120341936620089,0.951374314249268,0.9317042539556384
5432,2023-10-06,2023-10-24,2023,連續3個營業日及沖銷標準,12,11,-0.0707482993197279,-0.0751732993197279,-0.1564625850340135,-0.8307048406982178,True,True,True,True,393462.0,False,False,5432,2023-10-02,0.0699799999999999,0.371841155234657,0.3669064748201438,0.5494393476044852,0.0510711323250566,-0.0699799999999999,-0.371841155234657,0.8172296227601095,0.4708139803149431,0.6440218015375263
6117,2023-10-11,2023-10-25,2023,連續三次及當日沖銷標準,12,11,-0.0287474332648871,-0.0331724332648871,-0.1591375770020533,-0.5354598133950541,True,True,True,True,510052.0,False,False,6117,2023-10-03,0.06688,0.312121212121212,0.3659305993690851,0.1830601092896173,0.0539717539127599,-0.06688,-0.312121212121212,0.8654089948577945,1.091202756131594,0.9783058754946943
2417,2023-10-13,2023-10-27,2023,連續三次及當日沖銷標準,12,11,0.0,-0.004425,-0.1424196018376722,-0.0958783395511847,True,True,True,True,1943234.0,False,False,2417,2023-10-05,0.10948,0.4484848484848485,0.3579545454545456,0.7030878859857481,0.0491621463648269,-0.10948,-0.4484848484848485,0.20333117183797278,-0.3253838147705038,-0.06102632146626552
6419,2023-10-23,2023-11-02,2023,因連續3個營業日達本中心作業要點第四條第一項第一款,10,9,0.1734006734006734,0.1689756734006734,-0.0488215488215487,75.46899372097432,True,True,True,True,291007.0,False,False,6419,2023-10-17,0.0931799999999999,0.4425427872860636,0.3243546576879912,0.3720930232558139,0.0406980192147177,-0.0931799999999999,-0.4425427872860636,0.45666141867419713,-0.26365589138753864,0.09650276364332924
2364,2023-10-23,2023-11-02,2023,連續三次,10,9,-0.1013986013986013,-0.1058236013986013,-0.1083916083916084,-0.9552653010969272,True,True,True,True,443387.0,False,False,2364,2023-10-17,0.16668,0.1999999999999999,0.2931034482758621,0.3761467889908256,0.047450510150805,-0.16668,-0.1999999999999999,-0.685655952029018,2.2559517144288734,0.7851478811999277
6482,2023-10-23,2023-11-02,2023,因連續3個營業日達本中心作業要點第四條第一項第一款,10,9,0.2071713147410359,0.2027463147410358,-0.0258964143426295,167.67725487577312,True,True,True,True,49421.0,False,False,6482,2023-10-17,0.18648,0.4626038781163433,0.5304347826086955,0.5348837209302326,0.0400006788044972,-0.18648,-0.4626038781163433,-0.9933822641368226,-0.4720565517515622,-0.7327194079441924
4806,2023-10-25,2023-11-06,2023,因連續3個營業日達本中心作業要點第四條第一項第一款,10,9,-0.128440366972477,-0.132865366972477,-0.2449541284403669,-0.9809374301546248,True,True,True,True,60107.0,False,False,4806,2023-10-19,0.33918,0.6068515497553018,,,,-0.33918,-0.6068515497553018,-3.3666048832712536,-1.9705448582876168,-2.6685748707794352
3041,2023-10-30,2023-11-09,2023,連續三次,10,9,-0.0833333333333333,-0.0877583333333333,-0.1185185185185184,-0.9220274389257144,True,True,True,True,4210331.0,False,False,3041,2023-10-24,0.05988,0.3459459459459459,0.3795013850415512,0.3795013850415512,0.0476598419893326,-0.05988,-0.3459459459459459,0.9742011254009576,0.7398212223282504,0.857011173864604
6593,2023-11-01,2023-11-13,2023,因連續3個營業日達本中心作業要點第四條第一項第一款,10,9,0.2887931034482758,0.2843681034482758,-0.0689655172413793,1044.08857306811,True,True,True,True,1063806.0,False,False,6593,2023-10-26,0.17478,0.4152202937249665,0.536231884057971,0.6307692307692307,0.0439475991211634,-0.17478,-0.4152202937249665,-0.8115439888003925,0.02017841000199536,-0.39568278939919854
8054,2023-11-07,2023-11-21,2023,連續5個營業日及沖銷標準,12,11,0.3121783876500859,0.3077533876500858,-0.032590051457976,443.95373546766217,True,True,True,True,3186427.0,False,False,8054,2023-10-30,0.09798,0.3834951456310678,0.3902439024390243,0.5833333333333333,0.0489829673511321,-0.09798,-0.3834951456310678,0.3820611005874551,0.34974881416644116,0.36590495737694817
1449,2023-11-13,2023-11-23,2023,連續三次,10,9,0.1829573934837094,0.1785323934837094,-0.0350877192982456,94.87580086196934,True,True,True,True,2641886.0,False,False,1449,2023-11-07,0.11678,0.4545454545454546,0.4440433212996391,0.3114754098360655,0.0431622849255465,-0.11678,-0.4545454545454546,0.08987652141438829,-0.3883432179217085,-0.1492333482536601
4806,2023-11-16,2023-11-28,2023,因連續3個營業日達本中心作業要點第四條第一項第一款,10,9,0.0784982935153584,0.0740732935153584,-0.0819112627986349,6.278690974572871,True,True,True,True,68124.0,False,False,4806,2023-11-10,0.1502799999999999,0.4178240740740739,0.2894736842105263,0.8175074183976261,0.0706404178520409,-0.1502799999999999,-0.4178240740740739,-0.43077153189932005,-0.006870445356249727,-0.21882098862778487
6122,2023-11-20,2023-12-04,2023,連續3個營業日及沖銷標準,12,11,-0.098901098901099,-0.1033260989010989,-0.1030219780219779,-0.9161482699193992,True,True,True,True,2306962.0,False,True,6122,2023-11-14,0.11928,0.3940020682523268,0.4895027624309394,0.484581497797357,0.0429369111077512,-0.11928,-0.3940020682523268,0.05102218907754425,0.24059973393003262,0.14581096150378844
5314,2023-11-23,2023-12-05,2023,因連續3個營業日達本中心作業要點第四條第一項第一款,10,9,-0.048757170172084,-0.053182170172084,-0.0583173996175907,-0.7808537204687365,True,True,True,True,111936.0,False,False,5314,2023-11-17,0.20188,0.5890410958904109,0.5143603133159269,0.858974358974359,0.0569005073479405,-0.20188,-0.5890410958904109,-1.2327249513317817,-1.7855244933319945,-1.509124722331888
3228,2023-11-27,2023-12-07,2023,因連續3個營業日達本中心作業要點第四條第一項第一款,10,9,0.0461215932914045,0.0416965932914045,-0.0272536687631027,2.110371971715231,True,True,True,True,1267709.0,False,False,3228,2023-11-21,0.03458,0.2412868632707774,0.5694915254237287,1.030701754385965,0.0491276978460882,-0.03458,-0.2412868632707774,1.367406968649819,1.827051329959141,1.59722914930448
8467,2023-11-27,2023-12-07,2023,連續三次,10,9,0.0214285714285713,0.0170035714285713,-0.0285714285714285,0.5973576570099586,True,True,True,True,628658.0,False,False,8467,2023-11-21,0.15548,0.4897260273972603,0.5685096153846154,0.6171003717472119,0.0426135092853358,-0.15548,-0.4897260273972603,-0.511588543159957,-0.753809616350788,-0.6326990797553725
3623,2023-11-28,2023-12-08,2023,因連續3個營業日達本中心作業要點第四條第一項第一款,10,9,0.045816733067729,0.041391733067729,-0.0428286852589642,2.0851854280498494,True,True,True,True,1817360.0,False,False,3623,2023-11-22,0.1108799999999999,0.3170320404721753,0.346551724137931,0.972222222222222,0.0522032957110402,-0.1108799999999999,-0.3170320404721753,0.18157274572934168,1.0401875905090747,0.6108801681192082
8089,2023-11-30,2023-12-12,2023,因連續3個營業日達本中心作業要點第四條第一項第一款,10,9,0.2809278350515465,0.2765028350515465,-0.0025773195876287,880.1493940507634,True,True,True,True,2122060.0,False,False,8089,2023-11-24,0.1855799999999999,0.5020242914979758,0.6379690949227375,1.049723756906077,0.0407044919458234,-0.1855799999999999,-0.5020242914979758,-0.9793947044955573,-0.8815676920009814,-0.9304811982482694
3437,2023-12-01,2023-12-13,2023,連續三次,10,9,0.0161290322580645,0.0117040322580645,-0.0096774193548386,0.3815750134292759,True,True,True,True,6037864.0,False,False,3437,2023-11-27,0.13638,0.4921465968586387,0.5616438356164384,0.5659340659340659,0.0399804569654301,-0.13638,-0.4921465968586387,-0.21474144410646878,-0.7789552217655669,-0.4968483329360178
6716,2023-12-01,2023-12-13,2023,因連續3個營業日達本中心作業要點第四條第一項第一款,10,9,0.0104166666666667,0.0059916666666667,-0.0694444444444444,0.1805005646769177,True,True,True,True,137972.0,False,False,6716,2023-11-27,0.23278,0.6052934407364785,0.5924657534246576,0.6164542294322133,0.0447335460826898,-0.23278,-0.6052934407364785,-1.7129644990151733,-1.9543587519991295,-1.8336616255071514
6204,2023-12-04,2023-12-14,2023,因連續3個營業日達本中心作業要點第四條第一項第一款,10,9,0.1106382978723403,0.1062132978723403,-0.076595744680851,15.509979105474043,True,True,True,True,286553.0,False,False,6204,2023-11-28,0.1001799999999999,0.406443618339529,0.4152119700748129,0.5655172413793104,0.0442885275339505,-0.1001799999999999,-0.406443618339529,0.347869288131034,0.11135316024863187,0.22961122418983293
3373,2023-12-06,2023-12-20,2023,連續3個營業日及沖銷標準,12,11,0.0209059233449477,0.0164809233449477,-0.127177700348432,0.4499271863733054,True,True,True,True,764588.0,False,False,3373,2023-11-30,0.1021799999999999,0.3922902494331064,0.4345794392523365,0.3705357142857144,0.0377865409371295,-0.1021799999999999,-0.3922902494331064,0.3167858222615588,0.2583826239716166,0.2875842231165877
1325,2023-12-06,2023-12-18,2023,連續三次,10,9,0.0040540540540541,-0.0003709459459458,-0.1243243243243243,-0.0102530411550614,True,True,True,True,5097379.0,False,False,1325,2023-11-30,0.18938,0.5673289183222958,0.5883668903803132,0.595505617977528,0.0417142281070642,-0.18938,-0.5673289183222958,-1.0384532896475616,-1.5599718460997485,-1.299212567873655
5478,2023-12-06,2023-12-18,2023,因連續3個營業日達本中心作業要點第四條第一項第一款,10,9,-0.0377358490566037,-0.0421608490566037,-0.045822102425876,-0.6977616496728513,True,True,True,True,944733.0,False,False,5478,2023-11-30,0.06578,0.3706896551724137,0.5820895522388059,0.6579770594369134,0.0453936042298376,-0.06578,-0.3706896551724137,0.8825049010860058,0.48277611016176614,0.682640505623886
6482,2023-12-07,2023-12-19,2023,因連續3個營業日達本中心作業要點第四條第一項第一款,10,9,0.014040561622465,0.009615561622465,-0.049921996879875,0.3045040807732455,True,True,True,True,203902.0,False,False,6482,2023-12-01,0.1105799999999999,0.4043887147335423,0.2923076923076924,0.1332209106239461,0.0542181037272233,-0.1105799999999999,-0.4043887147335423,0.1862352656097629,0.1327001185020516,0.15946769205590725
4420,2023-12-07,2023-12-19,2023,因連續3個營業日達本中心作業要點第四條第一項第一款,10,9,-0.0798755186721992,-0.0843005186721992,-0.0829875518672199,-0.9133871259706048,True,True,True,True,169985.0,False,True,4420,2023-12-01,0.12328,0.3925501432664757,0.5093167701863353,0.5211267605633803,,-0.12328,-0.3925501432664757,-0.011144742661406203,0.2556827684674013,0.12226901290299755
9919,2023-12-07,2023-12-21,2023,連續三次及當日沖銷標準,12,11,0.0231316725978647,0.0187066725978647,-0.1138790035587189,0.5238255322007075,True,True,True,True,4510944.0,False,False,9919,2023-12-01,0.23748,0.607142857142857,0.6449086161879898,0.726027397260274,0.0435573355164217,-0.23748,-0.607142857142857,-1.7860106438084402,-1.973571047264529,-1.8797908455364847
5210,2023-12-12,2023-12-22,2023,因連續3個營業日達本中心作業要點第四條第一項第一款,10,9,0.27431906614786,0.26989406614786,0.0,761.8346034129901,True,True,True,True,845159.0,False,False,5210,2023-12-06,0.1063799999999999,0.2975609756097561,0.5113636363636362,0.9487179487179488,0.0457762002847674,-0.1063799999999999,-0.2975609756097561,0.25151054393566075,1.2424588832143644,0.7469847135750125
6117,2023-12-12,2023-12-22,2023,連續三次,10,9,0.0567567567567568,0.0523317567567568,-0.0391891891891892,3.1243178297756518,True,True,True,True,3162934.0,False,False,6117,2023-12-06,0.14588,0.3676731793960923,0.475095785440613,0.4779270633397312,0.0491672894442999,-0.14588,-0.3676731793960923,-0.3623879069864761,0.5141121700538144,0.07586213153366914
4413,2023-12-15,2023-12-27,2023,因連續3個營業日達本中心作業要點第四條第一項第一款,10,9,0.0121212121212122,0.0076962121212121,-0.0606060606060605,0.237341596580753,True,True,True,True,55131.0,False,False,4413,2023-12-11,0.07118,0.3854748603351956,0.2849740932642486,0.6156351791530945,0.049315605067424,-0.07118,-0.3854748603351956,0.798579543238423,0.3291829408964852,0.563881242067454
3287,2023-12-18,2024-01-02,2023,連續3個營業日及沖銷標準,12,11,-0.1675392670157068,-0.1719642670157068,-0.1989528795811518,-0.9862760520807808,True,True,True,True,1135662.0,False,False,3287,2023-12-12,0.13338,0.4192307692307691,0.6327433628318582,0.5668789808917196,0.0418091538393115,-0.13338,-0.4192307692307691,-0.16811624530225594,-0.021483618790650652,-0.09479993204645329
5426,2023-12-19,2023-12-29,2023,因連續3個營業日達本中心作業要點第四條第一項第一款,10,9,0.0481481481481482,0.0437231481481482,-0.012962962962963,2.282908400122001,True,True,True,True,3399749.0,False,False,5426,2023-12-13,0.13938,0.3584905660377357,0.6258064516129032,0.7379310344827585,0.0531948828019118,-0.13938,-0.3584905660377357,-0.2613666429106816,0.6095039263615313,0.17406864172542483
5432,2023-12-21,2024-01-05,2023,連續5個營業日及沖銷標準,12,11,-0.0200803212851405,-0.0245053212851405,-0.1204819277108434,-0.4310010434822297,True,True,True,True,200094.0,False,False,5432,2023-12-01,0.0827799999999999,0.3645116918844566,0.3971830985915494,0.4376811594202898,0.0500645585332465,-0.0827799999999999,-0.3645116918844566,0.6182954411954683,0.5469546555762383,0.5826250483858533
8059,2024-01-02,2024-01-12,2023,因連續3個營業日達本中心作業要點第四條第一項第一款,10,9,0.1122448979591836,0.1078198979591836,-0.0204081632653061,16.189153244533127,True,True,True,True,4649736.0,False,False,8059,2023-12-26,0.1424799999999999,0.4405594405594406,0.4609929078014185,0.4405594405594406,0.0387796010426882,-0.1424799999999999,-0.4405594405594406,-0.30954601500836676,-0.24305228757277525,-0.27629915129057103
6231,2024-01-03,2024-01-17,2023,連續3個營業日及沖銷標準,12,11,-0.0387453874538745,-0.0431703874538745,-0.0608856088560885,-0.6332054269231316,True,True,True,True,983079.0,False,False,6231,2023-12-27,0.0081799999999999,0.2739420935412027,0.4088669950738917,0.6389684813753582,0.0299349710592514,-0.0081799999999999,-0.2739420935412027,1.7777087181268934,1.487818951706607,1.6327638349167501
8059,2024-01-05,2024-01-19,2024,連續3個營業日及沖銷標準,12,11,0.1747572815533979,0.1703322815533979,-0.0563106796116504,34.684651902632154,True,True,True,True,1033918.0,False,False,8059,2023-12-26,0.1424799999999999,0.4405594405594406,0.4609929078014185,0.4405594405594406,0.0387796010426882,-0.1424799999999999,-0.4405594405594406,-0.30954601500836676,-0.24305228757277525,-0.27629915129057103
3288,2024-01-10,2024-01-22,2024,因連續3個營業日達本中心作業要點第四條第一項第一款,10,9,-0.1497975708502024,-0.1542225708502024,-0.1916329284750336,-0.9904646669745136,True,True,True,True,183422.0,False,False,3288,2024-01-04,0.21188,0.5647058823529412,0.3525423728813559,0.7892376681614348,,-0.21188,-0.5647058823529412,-1.388142280679158,-1.5327229575524215,-1.4604326191157897
6113,2024-01-10,2024-01-24,2024,連續3個營業日及沖銷標準,12,11,0.2552083333333332,0.2507833333333332,-0.0729166666666667,160.69022471338792,True,True,True,True,4134654.0,False,False,6113,2024-01-04,0.24258,0.6054216867469877,0.6604361370716509,0.6349693251533741,0.0514124981229402,-0.24258,-0.6054216867469877,-1.8652734817756018,-1.9556910102250296,-1.9104822460003157
8467,2024-01-16,2024-01-30,2024,連續三次及當日沖銷標準,12,11,-0.0383480825958701,-0.0427730825958701,-0.079646017699115,-0.6297283062859973,True,True,True,True,300769.0,False,False,8467,2024-01-10,0.10368,0.4285714285714286,0.411764705882353,0.4457831325301205,0.0473591925380404,-0.10368,-0.4285714285714286,0.2934732228594509,-0.11851720441654716,0.08747800922145185
5314,2024-01-19,2024-01-31,2024,因連續3個營業日達本中心作業要點第四條第一項第一款,10,9,0.3688524590163935,0.3644274590163935,-0.0737704918032786,5604.619795221711,True,True,True,True,119504.0,False,False,5314,2024-01-15,0.1719799999999999,0.5752461322081577,0.4545454545454546,0.7230769230769232,0.0619891471732703,-0.1719799999999999,-0.5752461322081577,-0.7680271365831259,-1.6422182511440062,-1.205122693863566
3228,2024-01-22,2024-02-01,2024,最近10個營業日內有6個營業日,10,9,0.1391417425227568,0.1347167425227567,-0.0299089726918075,32.46969428947785,True,True,True,True,992178.0,False,False,3228,2024-01-11,0.0013799999999999,0.20625,0.5287128712871287,0.3810375670840786,0.0435762944591255,-0.0013799999999999,-0.20625,1.883392502083109,2.191024829929193,2.0372086660061512
6425,2024-01-22,2024-02-01,2024,因連續3個營業日達本中心作業要點第四條第一項第一款,10,9,0.3333333333333332,0.3289083333333332,-0.040909090909091,2693.122604882191,True,True,True,True,583501.0,False,False,6425,2024-01-16,0.0986799999999999,0.4613686534216337,0.5079726651480638,0.5183486238532111,0.042782062122478,-0.0986799999999999,-0.4613686534216337,0.37118188753314024,-0.45922466517803223,-0.044021388822445995
4529,2024-01-22,2024-02-01,2024,因連續3個營業日達本中心作業要點第四條第一項第一款,10,9,0.2299999999999999,0.2255749999999999,-0.0333333333333333,283.3714073745503,True,True,True,True,1162982.0,False,False,4529,2024-01-16,0.1880799999999999,0.5555555555555556,0.5053763440860215,0.4877789585547289,0.0432311708480113,-0.1880799999999999,-0.5555555555555556,-1.0182490368324009,-1.4376666037751133,-1.227957820303757
6535,2024-01-24,2024-02-05,2024,因連續3個營業日達本中心作業要點第四條第一項第一款,10,9,0.288,0.283575,-0.02,1026.309688154556,True,True,True,True,983157.0,False,False,6535,2024-01-18,0.11158,0.3333333333333332,0.443001443001443,0.5105740181268881,0.0319084069889899,-0.11158,-0.3333333333333332,0.17069353267502377,0.8708448451023793,0.5207691888887015
6535,2024-01-30,2024-02-20,2024,因連續3個營業日達本中心作業要點第四條第一項第一款,10,9,0.1417322834645669,0.1373072834645669,0.0,34.658385739913875,True,True,True,True,827672.0,False,False,6535,2024-01-18,0.11158,0.3333333333333332,0.443001443001443,0.5105740181268881,0.0319084069889899,-0.11158,-0.3333333333333332,0.17069353267502377,0.8708448451023793,0.5207691888887015
6462,2024-02-05,2024-02-29,2024,連續3個營業日及沖銷標準,12,11,0.2043010752688172,0.1998760752688172,-0.0985663082437275,61.88606297400167,True,True,True,True,6514431.0,False,False,6462,2024-01-30,0.1047799999999999,0.355191256830601,0.5261538461538462,1.016260162601626,,-0.1047799999999999,-0.355191256830601,0.27637731663124093,0.6437781452127898,0.4600777309220153
3360,2024-02-05,2024-02-29,2024,連續3個營業日及沖銷標準,12,11,0.0450236966824644,0.0405986966824644,-0.1018957345971565,1.4705961715059406,True,True,True,True,6911416.0,False,False,3360,2024-01-30,0.1844799999999999,0.5358490566037737,0.5074074074074075,0.5836575875486383,0.0418983748786209,-0.1844799999999999,-0.5358490566037737,-0.9622987982673457,-1.2329495507614499,-1.0976241745143978
6229,2024-02-15,2024-03-01,2024,連續3個營業日及沖銷標準,12,11,0.1037974683544304,0.0993724683544304,-0.0291139240506328,7.612126089324095,True,True,True,True,887455.0,False,False,6229,2024-01-31,0.14398,0.3327948303715671,0.5193370165745856,0.4945652173913042,0.0449726605321847,-0.14398,-0.3327948303715671,-0.3328586144104745,0.876438976238591,0.27179018091405827
3294,2024-02-15,2024-02-27,2024,因連續3個營業日達本中心作業要點第四條第一項第一款,10,9,0.4735516372795969,0.4691266372795969,-0.0050377833753149,43704.31498397754,True,True,True,True,9852419.0,False,False,3294,2024-01-31,0.19578,0.5065274151436032,0.5679347826086958,0.5065274151436032,0.0413172980319046,-0.19578,-0.5065274151436032,-1.1379203804298823,-0.9283474982133699,-1.0331339393216261
6465,2024-02-15,2024-02-27,2024,因連續3個營業日達本中心作業要點第四條第一項第一款,10,9,0.0338345864661653,0.0294095864661653,-0.0526315789473684,1.23703332511246,True,True,True,True,667055.0,False,False,6465,2024-01-31,0.1179799999999999,0.4382566585956418,0.5,0.5153061224489794,0.0446508575760498,-0.1179799999999999,-0.4382566585956418,0.07122644189270458,-0.21913029419813376,-0.07395192615271459
1418,2024-02-16,2024-02-29,2024,連續三次,10,9,0.0216216216216216,0.0171966216216216,-0.0108108108108108,0.6058017224809595,True,True,True,True,43528.0,False,False,1418,2024-02-01,0.04328,0.3569794050343247,0.4119047619047618,0.449877750611247,,-0.04328,-0.3569794050343247,1.2321938921176019,0.6252023225101533,0.9286981073138776
5314,2024-02-16,2024-02-29,2024,因連續3個營業日達本中心作業要點第四條第一項第一款,10,9,0.1171428571428572,0.1127178571428572,-0.0685714285714286,18.43004590341411,True,True,True,True,141497.0,False,False,5314,2024-02-01,0.0665799999999999,0.2743055555555556,0.5550847457627119,1.4932065217391308,0.0544169265735172,-0.0665799999999999,-0.2743055555555556,0.8700715147382173,1.4840431987104612,1.1770573567243392
3294,2024-02-20,2024-03-04,2024,因連續3個營業日達本中心作業要點第四條第一項第一款,10,9,0.1632870864461044,0.1588620864461044,-0.0725720384204908,59.07030692991261,True,True,True,True,3409799.0,False,False,3294,2024-01-31,0.19578,0.5065274151436032,0.5679347826086958,0.5065274151436032,0.0413172980319046,-0.19578,-0.5065274151436032,-1.1379203804298823,-0.9283474982133699,-1.0331339393216261
6584,2024-02-20,2024-03-04,2024,因連續3個營業日達本中心作業要點第四條第一項第一款,10,9,0.0878186968838528,0.0833936968838528,-0.0708215297450425,8.2530783126073,True,True,True,True,2164345.0,False,False,6584,2024-02-05,0.15718,0.4948453608247423,0.5726681127982647,0.6801853997682503,0.0410604937675601,-0.15718,-0.4948453608247423,-0.5380094891490106,-0.8069907955766235,-0.672500142362817
2465,2024-02-21,2024-03-05,2024,連續三次,10,9,0.2975206611570247,0.2930956611570247,-0.049586776859504,1260.3961857048118,True,True,True,True,3202414.0,False,False,2465,2024-02-15,0.18488,0.4197530864197529,0.4577464788732395,0.7135761589403975,0.0581325125828285,-0.18488,-0.4197530864197529,-0.9685154914412423,-0.026909607238866637,-0.49771254934005443
6805,2024-02-21,2024-03-05,2024,連續三次,10,9,0.2126099706744868,0.2081849706744868,-0.0234604105571847,190.19834924894135,True,True,True,True,725959.0,False,False,6805,2024-02-15,0.13898,0.4541910331384016,0.5193482688391038,0.7070938215102975,0.0436221448607097,-0.13898,-0.4541910331384016,-0.2551499497367864,-0.3846613814801175,-0.31990566560845196
6584,2024-02-23,2024-03-07,2024,因連續3個營業日達本中心作業要點第四條第一項第一款,10,9,0.3132183908045978,0.3087933908045978,-0.0545977011494253,1762.6778311032135,True,True,True,True,341311.0,False,False,6584,2024-02-05,0.15718,0.4948453608247423,0.5726681127982647,0.6801853997682503,0.0410604937675601,-0.15718,-0.4948453608247423,-0.5380094891490106,-0.8069907955766235,-0.672500142362817
4945,2024-02-27,2024-03-11,2024,因連續3個營業日達本中心作業要點第四條第一項第一款,10,9,-0.0666666666666666,-0.0710916666666666,-0.1333333333333333,-0.8710690465312235,True,True,True,True,1086867.0,False,False,4945,2024-02-21,0.09428,0.4392059553349876,0.3892215568862276,0.2747252747252746,0.042522755530128,-0.09428,-0.4392059553349876,0.4395655124459842,-0.22899187495836204,0.10528681874381107
5284,2024-02-27,2024-03-11,2024,連續五次,10,9,0.0921052631578946,0.0876802631578946,-0.0526315789473684,9.325796338105922,True,True,True,True,847236.0,False,False,5284,2024-02-20,0.05818,0.275092936802974,0.3041825095057033,0.5043859649122806,0.0443123260725766,-0.05818,-0.275092936802974,1.0006220713900116,1.4758636449011255,1.2382428581455684
5443,2024-02-27,2024-03-11,2024,因連續3個營業日達本中心作業要點第四條第一項第一款,10,9,0.0553278688524589,0.0509028688524589,0.0,2.9715541595969985,True,True,True,True,3455463.0,False,False,5443,2024-02-21,0.12328,0.4339080459770115,0.4036568213783404,0.4807121661721065,0.038334518668811,-0.12328,-0.4339080459770115,-0.011144742661406203,-0.17395559512234862,-0.09255016889187741
3321,2024-02-27,2024-03-11,2024,連續三次,10,9,0.0347593582887701,0.0303343582887701,-0.0374331550802138,1.29353338339829,True,True,True,True,787102.0,False,False,3321,2024-02-21,0.11008,0.4626865671641791,0.4151624548736463,0.4961832061068703,0.0476635012700904,-0.11008,-0.4626865671641791,0.1940061320771302,-0.4729155505128781,-0.13945470921787395
1809,2024-02-29,2024-03-12,2024,連續三次,10,9,0.0458135860979462,0.0413885860979462,-0.0805687203791468,2.0849264638997265,True,True,True,True,4625622.0,False,False,1809,2024-02-22,0.11868,0.4277777777777778,0.4560906515580738,0.7076411960132889,0.039473062773922,-0.11868,-0.4277777777777778,0.06034722883838686,-0.11027252067055614,-0.024962645916084637
1519,2024-02-29,2024-03-12,2024,最近十個營業日已有六次,10,9,0.0,-0.004425,-0.0666666666666666,-0.1159038229771466,True,True,True,True,1525066.0,False,False,1519,2024-02-05,-0.0152199999999999,0.2439949431099872,0.3261455525606469,0.4323144104803493,0.0360184921440502,0.0152199999999999,-0.2439949431099872,2.14138526879975,1.7989189800493355,1.9701521244245428
4714,2024-02-29,2024-03-12,2024,因連續3個營業日達本中心作業要點第四條第一項第一款,10,9,-0.0292792792792792,-0.0337042792792792,-0.054054054054054,-0.6141749230500759,True,True,True,True,7908562.0,False,False,4714,2024-02-19,0.1718799999999999,0.4910394265232976,0.5238095238095237,0.6186770428015564,0.0430241680534954,-0.1718799999999999,-0.4910394265232976,-0.766472963289652,-0.7674536024881005,-0.7669632828888762
4588,2024-03-01,2024-03-13,2024,連續三次,10,9,0.0761904761904761,0.0717654761904761,-0.0742857142857142,5.856532499053384,True,True,True,True,768605.0,False,False,4588,2024-02-23,0.13828,0.452074391988555,0.5037037037037038,,,-0.13828,-0.452074391988555,-0.24427073668246999,-0.36267307500598,-0.303471905844225
8147,2024-03-01,2024-03-13,2024,因連續3個營業日達本中心作業要點第四條第一項第一款,10,9,-0.0574712643678161,-0.0618962643678161,-0.0881226053639846,-0.8304918028504092,True,True,True,True,862132.0,False,False,8147,2024-02-23,0.1091799999999999,0.2888665997993982,0.5594660194174756,0.7651098901098903,0.0454530709887522,-0.1091799999999999,-0.2888665997993982,0.2079936917183955,1.3327786806601103,0.7703861861892529
3313,2024-03-01,2024-03-13,2024,因連續3個營業日達本中心作業要點第四條第一項第一款,10,9,-0.2291666666666666,-0.2335916666666666,-0.2416666666666667,-0.9993826071169531,True,True,True,True,1633035.0,False,False,3313,2024-02-23,0.1874799999999999,0.3938356164383563,0.58984375,0.8669724770642202,0.0498136978364494,-0.1874799999999999,-0.3938356164383563,-1.0089239970715584,0.24232888556210072,-0.38329755575472885
4131,2024-03-04,2024-03-14,2024,因連續3個營業日達本中心作業要點第四條第一項第一款,10,9,-0.1177266576454668,-0.1221516576454668,-0.1447902571041949,-0.9731886142653312,True,True,True,True,153731.0,False,False,4131,2024-02-26,0.1202799999999999,0.4350393700787403,0.452191235059761,0.4294117647058824,,-0.1202799999999999,-0.4350393700787403,0.03548045614280815,-0.18570813100789232,-0.07511383743254209
8092,2024-03-05,2024-03-15,2024,因連續3個營業日達本中心作業要點第四條第一項第一款,10,9,-0.0354477611940298,-0.0398727611940298,-0.128731343283582,-0.6770516442234682,True,True,True,True,1899155.0,False,False,8092,2024-02-27,0.12788,0.317784256559767,0.6142857142857143,0.6317689530685922,0.0403924394486183,-0.12788,-0.317784256559767,-0.08263671416119905,1.0323733429830162,0.4748683144109086
8047,2024-03-05,2024-03-15,2024,因連續3個營業日達本中心作業要點第四條第一項第一款,10,9,-0.2472222222222222,-0.2516472222222222,-0.2694444444444444,-0.9996816133406828,True,True,True,True,556521.0,False,False,8047,2024-02-27,0.18128,0.3759398496240602,0.5186721991701244,0.5508474576271185,0.04786681969858,-0.18128,-0.3759398496240602,-0.912565252876187,0.4282355071597007,-0.24216487285824312
1809,2024-03-05,2024-03-15,2024,連續三次,10,9,-0.1569230769230769,-0.1613480769230769,-0.1692307692307691,-0.9924617462064472,True,True,True,True,2875737.0,False,False,1809,2024-02-22,0.11868,0.4277777777777778,0.4560906515580738,0.7076411960132889,0.039473062773922,-0.11868,-0.4277777777777778,0.06034722883838686,-0.11027252067055614,-0.024962645916084637
4303,2024-03-06,2024-03-18,2024,連續5個營業日,10,9,-0.2337883959044369,-0.2382133959044369,-0.3626279863481229,-0.9994780937009096,True,True,True,True,3840163.0,False,False,4303,2024-02-05,0.1074799999999999,0.3445945945945947,0.3630136986301371,0.3661327231121281,0.0366916592401159,-0.1074799999999999,-0.3445945945945947,0.23441463770744952,0.7538594676254771,0.4941370526664633
3363,2024-03-07,2024-03-21,2024,連續5個營業日及沖銷標準,12,11,-0.1098039215686275,-0.1142289215686275,-0.1215686274509804,-0.936501821030685,True,True,True,True,3513956.0,False,False,3363,2024-02-29,0.06928,0.3123644251626898,0.5633074935400515,0.6923076923076923,0.0436376488238981,-0.06928,-0.3123644251626898,0.8281088358144243,1.0886761857231388,0.9583925107687816
6227,2024-03-08,2024-03-20,2024,因連續3個營業日達本中心作業要點第四條第一項第一款,10,9,-0.2240117130307466,-0.2284367130307466,-0.2518301610541726,-0.9992562412781404,True,True,True,True,2738663.0,False,False,6227,2024-03-04,0.1373799999999999,0.3239436619718308,0.6107711138310892,0.5836341756919374,0.0412104500894203,-0.1373799999999999,-0.3239436619718308,-0.23028317704120466,0.9683875823788938,0.36905220266884453
6535,2024-03-08,2024-03-20,2024,因連續3個營業日達本中心作業要點第四條第一項第一款,10,9,0.0601719197707737,0.0557469197707737,-0.0974212034383954,3.512731848364276,True,True,True,True,1304333.0,False,False,6535,2024-03-04,0.09648,0.4082397003745319,0.224755700325733,0.49800796812749,0.0601959646487718,-0.09648,-0.4082397003745319,0.4053736999895616,0.09269491851445902,0.2490343092520103
1725,2024-03-08,2024-03-20,2024,連續三次,10,9,-0.221153846153846,-0.225578846153846,-0.2307692307692307,-0.9991757982314744,True,True,True,True,1444636.0,False,False,1725,2024-03-04,0.20748,0.6069767441860463,0.6297169811320753,0.6570743405275776,0.0446180855979592,-0.20748,-0.6069767441860463,-1.3197586557663121,-1.9718454157828094,-1.6458020357745609
6640,2024-03-08,2024-03-20,2024,因連續3個營業日達本中心作業要點第四條第一項第一款,10,9,0.0656716417910447,0.0612466417910447,-0.1970149253731343,4.213390416196879,True,True,True,True,166427.0,False,False,6640,2024-02-20,0.0656799999999999,0.3461538461538462,0.4411764705882353,0.6013071895424837,0.0438145523699622,-0.0656799999999999,-0.3461538461538462,0.8840590743794811,0.7376614922825222,0.8108602833310017
5314,2024-03-11,2024-03-21,2024,因連續3個營業日達本中心作業要點第四條第一項第一款,10,9,0.3632478632478633,0.3588228632478633,-0.0384615384615384,4998.976156992532,True,True,True,True,117924.0,False,False,5314,2024-03-05,0.19928,0.5116279069767442,0.306532663316583,0.8055555555555556,0.0699257306673979,-0.19928,-0.5116279069767442,-1.1923164457014641,-0.9813329452760744,-1.0868246954887693
8092,2024-03-11,2024-03-21,2024,因連續3個營業日達本中心作業要點第四條第一項第一款,10,9,0.0564516129032257,0.0520266129032257,-0.0584677419354838,3.091226332877346,True,True,True,True,2201864.0,False,False,8092,2024-02-27,0.12788,0.317784256559767,0.6142857142857143,0.6317689530685922,0.0403924394486183,-0.12788,-0.317784256559767,-0.08263671416119905,1.0323733429830162,0.4748683144109086
3372,2024-03-11,2024-03-21,2024,因連續3個營業日達本中心作業要點第四條第一項第一款,10,9,-0.0789473684210525,-0.0833723684210525,-0.1148325358851674,-0.9109151150926396,True,True,True,True,2262823.0,False,False,3372,2024-03-05,0.1688799999999999,0.5202492211838006,0.5061728395061729,0.6885813148788926,0.0463040006210328,-0.1688799999999999,-0.5202492211838006,-0.7198477644854391,-1.0708937567571934,-0.8953707606213163
3013,2024-03-13,2024-03-27,2024,連續三次及當日沖銷標準,12,11,-0.0778546712802767,-0.0822796712802767,-0.1695501730103805,-0.8579281616158088,True,True,True,True,15784953.0,False,False,3013,2024-03-07,0.09588,0.4140969162995596,0.3851132686084142,0.5105882352941178,0.0443966511657927,-0.09588,-0.4140969162995596,0.41469873975040394,0.03184839341782606,0.223273566584115
4943,2024-03-13,2024-03-25,2024,連續三次,10,9,0.0246478873239437,0.0202228873239437,-0.1830985915492957,0.7439318250567863,True,True,True,True,425023.0,False,False,4943,2024-03-07,0.15948,0.5110410094637223,0.6020066889632107,0.623728813559322,0.0381518237150041,-0.15948,-0.5110410094637223,-0.5737554748989075,-0.9752360769494951,-0.7744957759242013
5310,2024-03-14,2024-03-26,2024,因連續3個營業日達本中心作業要點第四條第一項第一款,10,9,0.1395348837209302,0.1351098837209302,-0.0046511627906977,32.79330751965592,True,True,True,True,856404.0,False,False,5310,2024-03-08,0.15218,0.3962264150943395,0.4741035856573705,0.7917675544794189,0.0528077602742842,-0.15218,-0.3962264150943395,-0.460300824475323,0.2174925482502593,-0.12140413811253185
2417,2024-03-14,2024-03-26,2024,連續五次,10,9,-0.0414937759336099,-0.0459187759336099,-0.0850622406639004,-0.729026783530512,True,True,True,True,1719443.0,False,True,2417,2024-03-07,0.11018,0.3538461538461537,0.5064194008559202,0.5438596491228067,0.0457500620362064,-0.11018,-0.3538461538461537,0.19245195878365637,0.6577514805906111,0.42510171968713373
2404,2024-03-15,2024-03-27,2024,連續三次,10,9,0.095890410958904,0.091465410958904,-0.0616438356164383,10.371891357947137,True,True,True,True,3396538.0,False,False,2404,2024-03-11,-0.0101199999999999,0.2701812191103789,0.333910034602076,0.3916967509025271,0.0319767143962831,0.0101199999999999,-0.2701812191103789,2.0621224308325883,1.52688804927267,1.7945052400526291
8040,2024-03-19,2024-03-29,2024,因連續3個營業日達本中心作業要點第四條第一項第一款,10,9,-0.0341176470588235,-0.0385426470588235,-0.0811764705882354,-0.6643906654764984,True,True,True,True,3323188.0,False,False,8040,2024-03-13,0.0902799999999999,0.4200988467874793,0.3993506493506493,0.5283687943262412,0.0494547384094798,-0.0902799999999999,-0.4200988467874793,0.5017324441849361,-0.03050147019245659,0.23561548699623977
5386,2024-03-19,2024-03-29,2024,因連續3個營業日達本中心作業要點第四條第一項第一款,10,9,-0.0455062571103527,-0.0499312571103527,-0.0830489192263937,-0.7589627467639902,True,True,True,True,1064078.0,False,False,5386,2024-03-13,0.1501799999999999,0.4974093264248704,0.6609195402298851,0.723658051689861,0.0456060755558776,-0.1501799999999999,-0.4974093264248704,-0.42921735860584603,-0.8336260433175305,-0.6314217009616883
4994,2024-03-19,2024-03-29,2024,連續三次,10,9,-0.1320754716981131,-0.1365004716981132,-0.1320754716981131,-0.9830369904204728,True,True,True,True,564446.0,False,False,4994,2024-03-13,0.10988,0.4318706697459584,0.5519399249061325,0.9935691318327972,0.0358138896490613,-0.10988,-0.4318706697459584,0.19711447866407758,-0.1527907165245923,0.022161881069742637
6230,2024-03-22,2024-04-03,2024,連續三次,10,9,-0.0368550368550368,-0.0412800368550368,-0.1154791154791154,-0.6899454751714094,True,True,True,True,223086.0,False,False,6230,2024-03-18,0.21338,0.4617940199335548,0.5438596491228069,0.5384615384615385,0.0473191785689083,-0.21338,-0.4617940199335548,-1.4114548800812639,-0.4636435007603575,-0.9375491904208106
4127,2024-03-27,2024-04-10,2024,因連續3個營業日達本中心作業要點第四條第一項第一款,10,9,0.0336391437308867,0.0292141437308867,-0.1651376146788991,1.225265459575399,True,True,True,True,5905582.0,True,False,4127,2024-03-21,0.1304799999999999,0.4391025641025641,0.4867549668874171,0.5324232081911262,0.0390050889760462,-0.1304799999999999,-0.4391025641025641,-0.12304521979151539,-0.22791781566142785,-0.17548151772647164
1503,2024-03-27,2024-04-10,2024,連續五次,10,9,0.0063694267515923,0.0019444267515923,-0.1162420382165605,0.0554417621013447,True,True,True,True,8403447.0,False,False,1503,2024-03-19,0.08688,0.3168044077134986,0.3095890410958903,0.6094276094276094,0.0507927447108053,-0.08688,-0.3168044077134986,0.5545743361630425,1.0425523082420263,0.7985633222025343
6640,2024-03-28,2024-04-11,2024,因連續3個營業日達本中心作業要點第四條第一項第一款,10,9,0.0530973451327434,0.0486723451327434,-0.0366624525916561,2.74393414592866,True,True,True,True,91602.0,False,False,6640,2024-03-22,0.06828,0.3645655877342419,0.2634069400630914,0.6549586776859504,0.0661008595592611,-0.06828,-0.3645655877342419,0.8436505687491619,0.5463947692379945,0.6950226689935781
6753,2024-03-28,2024-04-11,2024,連續三次,10,9,0.0121951219512195,0.0077701219512195,-0.065040650406504,0.2398649973539284,True,True,True,True,2264272.0,False,False,6753,2024-03-22,0.04788,0.3636363636363637,0.3568773234200744,0.3704630788485605,0.0407900807499466,-0.04788,-0.3636363636363637,1.160701920617809,0.5560478293463557,0.8583748749820823
5493,2024-03-28,2024-04-11,2024,因連續3個營業日達本中心作業要點第四條第一項第一款,10,9,0.0238365493757095,0.0194115493757095,-0.0306469920544834,0.7058150168368278,True,True,True,True,318031.0,False,False,5493,2024-03-22,0.0739799999999999,0.3924812030075186,0.307909604519774,0.5775127768313457,0.0411515299890251,-0.0739799999999999,-0.3924812030075186,0.7550626910211592,0.2563989406643109,0.505730815842735
2359,2024-03-29,2024-04-12,2024,連續三次,10,9,0.4217032967032967,0.4172782967032967,-0.0247252747252746,16108.68800738347,True,True,True,True,4088720.0,False,False,2359,2024-03-25,0.2388800000000001,0.5956151035322779,0.6273291925465838,0.7726657645466846,0.0456676549537461,-0.2388800000000001,-0.5956151035322779,-1.8077690699170743,-1.8538172669101558,-1.830793168413615
4127,2024-04-01,2024-04-15,2024,因連續3個營業日達本中心作業要點第四條第一項第一款,10,9,0.1688524590163933,0.1644274590163933,-0.0180327868852459,67.62093281944465,True,True,True,True,984231.0,False,False,4127,2024-03-21,0.1304799999999999,0.4391025641025641,0.4867549668874171,0.5324232081911262,0.0390050889760462,-0.1304799999999999,-0.4391025641025641,-0.12304521979151539,-0.22791781566142785,-0.17548151772647164
1616,2024-04-02,2024-04-16,2024,連續三次,10,9,-0.0138888888888889,-0.0183138888888889,-0.0532407407407408,-0.4015636543020726,True,True,True,True,1929516.0,False,False,1616,2024-03-27,0.11788,0.4903846153846154,0.4351851851851853,0.637323943661972,0.0461721985778667,-0.11788,-0.4903846153846154,0.07278061518617687,-0.7606512269408493,-0.34393530587733623
4198,2024-04-10,2024-04-22,2024,因連續3個營業日達本中心作業要點第四條第一項第一款,10,9,-0.2140350877192982,-0.2184600877192982,-0.2508771929824561,-0.998937274353881,True,True,True,True,320647.0,False,False,4198,2024-04-02,0.2423799999999999,0.606896551724138,0.609671848013817,0.8167641325536064,0.0590952323986507,-0.2423799999999999,-0.606896551724138,-1.8621651351886528,-1.9710123523088794,-1.916588743748766
3629,2024-04-10,2024-04-22,2024,因連續3個營業日達本中心作業要點第四條第一項第一款,10,9,-0.069090909090909,-0.073515909090909,-0.1054545454545453,-0.8800963522070012,True,True,True,True,32033.0,False,False,3629,2024-04-02,0.1561799999999999,0.524547803617571,0.4216867469879517,0.3228699551569507,,-0.1561799999999999,-0.524547803617571,-0.5224677562142718,-1.115548727187556,-0.8190082417009139
2359,2024-04-11,2024-04-23,2024,最近十個營業日已有六次,10,9,-0.0969999999999999,-0.1014249999999999,-0.179,-0.9487324524038404,True,True,True,True,3028361.0,False,False,2359,2024-03-25,0.2388800000000001,0.5956151035322779,0.6273291925465838,0.7726657645466846,0.0456676549537461,-0.2388800000000001,-0.5956151035322779,-1.8077690699170743,-1.8538172669101558,-1.830793168413615
1587,2024-04-12,2024-04-24,2024,連續三次,10,9,0.2285714285714286,0.2241464285714286,0.0,274.3060970704991,True,True,True,True,5245340.0,False,False,1587,2024-04-08,0.17688,0.5138888888888888,0.6148148148148149,0.7616161616161616,0.0461816011527747,-0.17688,-0.5138888888888888,-0.8441816279633417,-1.004820707110583,-0.9245011675369623
4198,2024-04-15,2024-04-25,2024,因連續3個營業日達本中心作業要點第四條第一項第一款,10,9,-0.0472589792060491,-0.0516839792060491,-0.1928166351606804,-0.7710144971135119,True,True,True,True,43670.0,False,False,4198,2024-04-02,0.2423799999999999,0.606896551724138,0.609671848013817,0.8167641325536064,0.0590952323986507,-0.2423799999999999,-0.606896551724138,-1.8621651351886528,-1.9710123523088794,-1.916588743748766
6207,2024-04-15,2024-04-25,2024,因連續3個營業日達本中心作業要點第四條第一項第一款,10,9,0.1175496688741721,0.1131246688741721,-0.1241721854304636,18.62833876665147,True,True,True,True,2669610.0,False,False,6207,2024-04-09,0.1649799999999999,0.4883148831488315,0.5673575129533679,0.5816993464052287,0.0410881097808134,-0.1649799999999999,-0.4883148831488315,-0.6592350060399627,-0.7391502244099681,-0.6991926152249655
3466,2024-04-16,2024-04-26,2024,因連續3個營業日達本中心作業要點第四條第一項第一款,10,9,0.0314960629921259,0.0270710629921259,-0.0551181102362204,1.1000804360098275,True,True,True,True,1109654.0,False,False,3466,2024-04-10,0.0727799999999999,0.3553571428571429,0.3577817531305904,0.4709302325581397,0.0368249846169035,-0.0727799999999999,-0.3553571428571429,0.7737127705428442,0.6420548711511258,0.707883820846985
3555,2024-04-16,2024-04-26,2024,因連續3個營業日達本中心作業要點第四條第一項第一款,10,9,0.0299850074962517,0.0255600074962517,-0.0974512743628186,1.0159249370665924,True,True,True,True,133832.0,False,False,3555,2024-04-10,0.2324799999999999,0.4499017681728881,0.5061224489795917,0.2382550335570468,0.0574314644108313,-0.2324799999999999,-0.4499017681728881,-1.7083019791347507,-0.3401032037194107,-1.0242025914270807
6949,2024-04-17,2024-04-29,2024,連續三次,10,9,0.4261603375527425,0.4217353375527425,0.0,17576.83976049088,True,True,True,True,156100.0,False,False,6949,2024-04-11,0.0986799999999999,0.4498806682577565,0.6485753052917231,0.1796116504854368,0.0608784929372539,-0.0986799999999999,-0.4498806682577565,0.37118188753314024,-0.33988401143897884,0.0156489380470807
2363,2024-04-17,2024-04-29,2024,連續三次,10,9,-0.0476923076923077,-0.0521173076923077,-0.0569230769230769,-0.7739032802234014,True,True,True,True,36534886.0,False,True,2363,2024-04-11,0.15738,0.5354330708661417,0.5096774193548388,0.4096385542168674,0.0457063485770533,-0.15738,-0.5354330708661417,-0.5411178357359583,-1.2286281654909301,-0.8848730006134442
4192,2024-04-17,2024-04-29,2024,因連續3個營業日達本中心作業要點第四條第一項第一款,10,9,0.022269353128314,0.017844353128314,-0.0445387062566278,0.63444922115429,True,True,True,True,41988.0,False,False,4192,2024-04-11,0.1008799999999999,0.4157894736842105,0.4365821094793056,0.4841379310344826,0.041876732063834,-0.1008799999999999,-0.4157894736842105,0.33699007507671763,0.014265596966256643,0.17562783602148713
1453,2024-04-18,2024-04-30,2024,連續三次,10,9,0.0754716981132075,0.0710466981132075,-0.0283018867924527,5.729941615637025,True,True,True,True,2563383.0,False,False,1453,2024-04-12,0.14068,0.5196078431372548,0.5604026845637584,0.5551839464882944,0.0418538754903359,-0.14068,-0.5196078431372548,-0.28157089572584043,-1.0642309282214006,-0.6729009119736206
4533,2024-04-18,2024-04-30,2024,因連續3個營業日達本中心作業要點第四條第一項第一款,10,9,-0.0125698324022345,-0.0169948324022345,-0.0977653631284916,-0.3788211053449889,True,True,True,True,6408017.0,False,False,4533,2024-04-12,0.10468,0.4478417266187049,0.442652329749104,0.6035856573705178,0.0413842530497274,-0.10468,-0.4478417266187049,0.2779314899247132,-0.3187028709109323,-0.020385690493109537
2724,2024-04-19,2024-05-02,2024,因連續3個營業日達本中心作業要點第四條第一項第一款,10,9,0.3596491228070175,0.3552241228070175,-0.0140350877192981,4643.892326868047,True,True,True,True,58338.0,False,False,2724,2024-04-15,0.20088,0.4691358024691359,0.5699208443271768,0.9193548387096776,0.0458372663071207,-0.20088,-0.4691358024691359,-1.2171832183970441,-0.5399121514338675,-0.8785476849154559
3609,2024-04-19,2024-05-02,2024,因連續3個營業日達本中心作業要點第四條第一項第一款,10,9,0.0789473684210526,0.0745223684210526,-0.0157894736842105,6.363700724632385,True,True,True,True,31163.0,False,False,3609,2024-04-15,0.07478,0.3734290843806103,0.3539823008849558,0.3660714285714286,0.0385965044426848,-0.07478,-0.3734290843806103,0.7426293046733674,0.4543180935544656,0.5984736991139166
3060,2024-04-19,2024-05-02,2024,連續三次,10,9,0.0380434782608694,0.0336184782608694,-0.1014492753623188,1.5055105861589309,True,True,True,True,4041707.0,False,False,3060,2024-04-15,0.10028,0.4341463414634146,0.4202898550724638,0.3835294117647059,0.0397095694367686,-0.10028,-0.4341463414634146,0.3463151148375587,-0.1764310804859467,0.08494201717580602
8077,2024-04-22,2024-05-03,2024,因連續3個營業日達本中心作業要點第四條第一項第一款,10,9,0.0559757942511347,0.0515507942511347,-0.0136157337367623,3.040136077448074,True,True,True,True,36007.0,False,False,8077,2024-04-16,0.24018,0.606122448979592,0.5677290836653386,0.4710280373831776,0.049762576293017,-0.24018,-0.606122448979592,-1.8279733227322317,-1.9629707395911153,-1.8954720311616735
6283,2024-04-23,2024-05-06,2024,連續三次,10,9,0.2311643835616439,0.2267393835616439,0.0,290.97246368287875,True,True,True,True,794464.0,False,False,6283,2024-04-17,0.15188,0.4430379746835444,0.425,0.3625498007968128,0.0437672291042699,-0.15188,-0.4430379746835444,-0.4556383045949014,-0.26880004738144764,-0.36221917598817455
4588,2024-04-24,2024-05-07,2024,連續三次,10,9,-0.0699588477366255,-0.0743838477366255,-0.1275720164609053,-0.8831777187899738,True,True,True,True,764148.0,False,False,4588,2024-04-18,0.09388,0.4547304170905393,0.49581589958159,0.3,0.0456865648461314,-0.09388,-0.4547304170905393,0.4457822056198792,-0.39026466460994563,0.02775877050496678
1617,2024-04-25,2024-05-08,2024,連續三次,10,9,0.010183299389002,0.005758299389002,-0.0590631364562117,0.1729172166832446,True,True,True,True,1960712.0,False,False,1617,2024-04-19,0.24528,0.5846560846560847,0.6233062330623307,0.8487654320987654,0.0591019953899936,-0.24528,-0.5846560846560847,-1.9072361606993935,-1.739971674461451,-1.8236039175804222
6199,2024-05-02,2024-05-14,2024,因連續3個營業日達本中心作業要點第四條第一項第一款,10,9,-0.0584415584415585,-0.0628665584415585,-0.12012987012987,-0.835295087120428,True,True,True,True,16169.0,False,False,6199,2024-04-25,0.11118,0.4814814814814814,0.3333333333333332,0.1490125673249551,,-0.11118,-0.4814814814814814,0.17691022584891875,-0.6681627874826153,-0.24562628081684826
2745,2024-05-03,2024-05-15,2024,因連續3個營業日達本中心作業要點第四條第一項第一款,10,9,-0.0674157303370787,-0.0718407303370787,-0.1086142322097378,-0.8739261029185087,True,True,True,True,1043003.0,False,False,2745,2024-04-26,0.08788,0.4137931034482758,0.3804713804713806,0.5491183879093198,0.0436064441116383,-0.08788,-0.4137931034482758,0.5390326032283048,0.0350044929225973,0.2870185480754511
6264,2024-05-06,2024-05-16,2024,因連續3個營業日達本中心作業要點第四條第一項第一款,10,9,-0.1319018404907975,-0.1363268404907975,-0.254601226993865,-0.9829419877641544,True,True,True,True,1867181.0,False,False,6264,2024-04-29,0.1024799999999999,0.2768595041322315,0.8176470588235294,0.9507575757575756,0.0580522913475504,-0.1024799999999999,-0.2768595041322315,0.3121233023811374,1.457512010829508,0.8848176566053227
3234,2024-05-07,2024-05-17,2024,因連續3個營業日達本中心作業要點第四條第一項第一款,10,9,0.0344086021505376,0.0299836021505376,-0.032258064516129,1.2719434431578422,True,True,True,True,2485291.0,False,False,3234,2024-04-30,0.1365799999999999,0.4450867052023119,0.4144271570014144,0.2658227848101266,0.0494195478855484,-0.1365799999999999,-0.4450867052023119,-0.21784979069341467,-0.2900828777435257,-0.2539663342184702
6552,2024-05-07,2024-05-21,2024,連續三次及當日沖銷標準,12,11,-0.0349301397205589,-0.0393551397205589,-0.0508982035928144,-0.5984853063418729,True,True,True,True,893481.0,False,False,6552,2024-04-30,0.13358,0.4666666666666665,0.4580265095729012,0.4473684210526314,0.03894031210116,-0.13358,-0.4666666666666665,-0.17122459188920355,-0.514262024224115,-0.3427433080566593
6230,2024-05-07,2024-05-17,2024,最近十個營業日已有六次,10,9,0.0158982511923688,0.0114732511923688,-0.1176470588235294,0.3728474536078459,True,True,True,True,402288.0,False,False,6230,2024-04-26,0.03578,0.2233400402414487,0.6657534246575343,0.5751295336787565,0.0620849875868461,-0.03578,-0.2233400402414487,1.348756889128134,2.0134883389129667,1.6811226140205504
5301,2024-05-08,2024-05-20,2024,因連續3個營業日達本中心作業要點第四條第一項第一款,10,9,-0.127208480565371,-0.131633480565371,-0.1554770318021202,-0.9801706939948784,True,True,True,True,242659.0,False,False,5301,2024-05-02,0.15908,0.4732142857142856,0.5566037735849054,0.5348837209302326,0.0459099502281929,-0.15908,-0.4732142857142856,-0.5675387817250123,-0.5822806651285415,-0.5749097234267768
8996,2024-05-10,2024-05-24,2024,連續五次及當日沖銷標準,12,11,0.1511627906976744,0.1467377906976744,-0.0348837209302325,21.46246348418229,True,True,True,True,1494768.0,False,False,8996,2024-05-02,-0.0188199999999999,0.1701244813278009,0.2626865671641791,0.165289256198347,0.0455687883289838,0.0188199999999999,-0.1701244813278009,2.1973355073648055,2.5663076104605347,2.3818215589126703
8906,2024-05-10,2024-05-22,2024,因連續3個營業日達本中心作業要點第四條第一項第一款,10,9,0.0346320346320347,0.0302070346320347,-0.0432900432900432,1.2856735181621382,True,True,True,True,1185302.0,False,False,8906,2024-05-06,0.16428,0.3536299765807962,0.5495978552278822,0.5792349726775954,0.0484285516545943,-0.16428,-0.3536299765807962,-0.6483557929856479,0.6599971952049026,0.0058207011096273464
3466,2024-05-13,2024-05-23,2024,因連續3個營業日達本中心作業要點第四條第一項第一款,10,9,0.1732418524871357,0.1688168524871357,-0.0617495711835333,75.18092554200345,True,True,True,True,598362.0,False,False,3466,2024-05-07,0.1758799999999999,0.5388601036269429,0.4452554744525547,0.6185286103542234,0.0539315918932758,-0.1758799999999999,-0.5388601036269429,-0.8286398950286024,-1.2642292151288759,-1.046434555078739
4562,2024-05-16,2024-05-28,2024,連續三次,10,9,0.2021943573667712,0.1977693573667712,-0.1065830721003134,149.32571773200152,True,True,True,True,3502432.0,False,False,4562,2024-05-10,0.18678,0.6027777777777779,0.471938775510204,0.6207865168539326,0.0532439176720731,-0.18678,-0.6027777777777779,-0.9980447840172438,-1.9282252866615808,-1.4631350353394124
2615,2024-05-20,2024-06-03,2024,連續三次及當日沖銷標準,12,11,0.156558533145275,0.152133533145275,-0.0352609308885754,23.99144092604345,True,True,True,True,9528805.0,False,False,2615,2024-05-14,0.05148,0.3464566929133861,0.3804238143289609,0.516629711751663,0.0408374557223035,-0.05148,-0.3464566929133861,1.1047516820527536,0.7345154288300823,0.9196335554414179
2609,2024-05-21,2024-05-31,2024,連續三次,10,9,-0.0083217753120664,-0.0127467753120664,-0.0235783633841885,-0.2997746902380187,True,True,True,True,24383393.0,False,False,2609,2024-05-15,0.0397799999999999,0.367816091954023,0.367816091954023,0.6301369863013702,0.0391157807069323,-0.0397799999999999,-0.367816091954023,1.286589957389185,0.5126275513110431,0.8996087543501141
2362,2024-05-23,2024-06-04,2024,連續三次,10,9,-0.0671874999999999,-0.0716124999999999,-0.0921874999999999,-0.8730621222529305,True,True,True,True,4105878.0,False,False,2362,2024-05-17,0.08838,0.4233409610983982,0.4987951807228916,0.5847133757961784,0.0415815126487317,-0.08838,-0.4233409610983982,0.531261736760936,-0.06418153121642307,0.23354010277225648
6446,2024-05-24,2024-06-05,2024,連續三次,10,9,0.1130952380952381,0.1086702380952381,-0.0119047619047618,16.559446036940944,True,True,True,True,1100368.0,False,False,6446,2024-05-20,0.01998,0.3082942097026604,0.3269841269841269,0.4640980735551663,0.032837088669094,-0.01998,-0.3082942097026604,1.594316269496988,1.130958811173081,1.3626375403350344
5392,2024-05-27,2024-06-06,2024,連續5個營業日,10,9,0.03125,0.026825,-0.0349999999999999,1.0861492916102993,True,True,True,True,3431893.0,False,False,5392,2024-05-17,0.0745799999999999,0.3181019332161687,0.3863216266173752,0.4677103718199609,0.0431086463897602,-0.0745799999999999,-0.3181019332161687,0.7457376512603165,1.0290732220904661,0.8874054366753914
3064,2024-05-27,2024-06-06,2024,因連續3個營業日達本中心作業要點第四條第一項第一款,10,9,-0.1935483870967742,-0.1979733870967742,-0.2433179723502304,-0.9978193939978997,True,True,True,True,116079.0,False,False,3064,2024-05-07,0.04968,0.2796092796092795,0.3628088426527958,0.3717277486910992,,-0.04968,-0.2796092796092795,1.1327268013352811,1.4289465140617723,1.2808366576985266
8071,2024-05-28,2024-06-07,2024,因連續3個營業日達本中心作業要點第四條第一項第一款,10,9,-0.0952380952380952,-0.0996630952380952,-0.0952380952380952,-0.945865556987362,True,True,True,True,1345269.0,False,False,8071,2024-05-22,0.1584799999999999,0.4187499999999999,0.5083056478405314,0.6156583629893237,0.0386914596768646,-0.1584799999999999,-0.4187499999999999,-0.5582137419641682,-0.016489243059906674,-0.2873514925120374
2359,2024-05-29,2024-06-13,2024,連續五次及當日沖銷標準,12,11,-0.0481586402266288,-0.0525836402266288,-0.1614730878186968,-0.707019863987782,True,True,True,True,5603688.0,False,False,2359,2024-05-22,0.11368,0.3266932270916334,0.6403940886699508,0.8438538205980066,0.0621752102856677,-0.11368,-0.3266932270916334,0.13805589351207473,0.9398242708656502,0.5389400821888625
2392,2024-05-30,2024-06-12,2024,連續三次,10,9,-0.0675675675675675,-0.0719925675675675,-0.1121621621621621,-0.874497749369374,True,True,True,True,5229592.0,False,False,2392,2024-05-24,0.06148,0.3445065176908752,0.481025641025641,0.590308370044053,0.0363107290209083,-0.06148,-0.3445065176908752,0.9493343527053776,0.7547744370582585,0.852054394881818
3064,2024-05-30,2024-06-12,2024,因連續3個營業日達本中心作業要點第四條第一項第一款,10,9,-0.0789473684210526,-0.0833723684210526,-0.1217105263157896,-0.91091511509264,True,True,True,True,13204.0,False,False,3064,2024-05-07,0.04968,0.2796092796092795,0.3628088426527958,0.3717277486910992,,-0.04968,-0.2796092796092795,1.1327268013352811,1.4289465140617723,1.2808366576985266
5474,2024-05-31,2024-06-13,2024,因連續3個營業日達本中心作業要點第四條第一項第一款,10,9,-0.136231884057971,-0.140656884057971,-0.1681159420289855,-0.9851647623727712,True,True,True,True,387811.0,False,False,5474,2024-05-27,0.06838,0.3815261044176707,0.3870967741935485,0.3870967741935485,0.0370470913283784,-0.06838,-0.3815261044176707,0.8420963954556882,0.3702038079964157,0.606150101726052
3466,2024-06-03,2024-06-14,2024,因連續3個營業日達本中心作業要點第四條第一項第一款,10,9,0.215235792019347,0.210810792019347,-0.0326481257557437,202.08345021256235,True,True,True,True,650910.0,False,False,3466,2024-05-28,0.11158,0.4168039538714991,0.5412186379928317,1.2279792746113989,0.0524178725880074,-0.11158,-0.4168039538714991,0.17069353267502377,0.00372687089468849,0.08721020178485613
3537,2024-06-03,2024-06-14,2024,因連續3個營業日達本中心作業要點第四條第一項第一款,10,9,-0.0753846153846153,-0.0798096153846153,-0.1076923076923076,-0.9007792457952498,True,True,True,True,1494796.0,False,False,3537,2024-05-28,0.1570799999999999,0.4297872340425532,0.4850828729281768,0.6251511487303507,0.0377132329803353,-0.1570799999999999,-0.4297872340425532,-0.5364553158555353,-0.13114735824019277,-0.333801337047864
6231,2024-06-04,2024-06-17,2024,因連續3個營業日達本中心作業要點第四條第一項第一款,10,9,0.1434370771312585,0.1390120771312585,-0.0230040595399187,36.17332092606453,True,True,True,True,629052.0,False,False,6231,2024-05-29,0.07468,0.3085299455535391,0.4165029469548134,0.5178947368421052,0.0351206617721285,-0.07468,-0.3085299455535391,0.7441834779668413,1.1285099160750918,0.9363466970209665
6160,2024-06-05,2024-06-18,2024,因連續3個營業日達本中心作業要點第四條第一項第一款,10,9,0.0884476534296028,0.0840226534296028,0.0,8.403460876945843,True,True,True,True,765690.0,False,False,6160,2024-05-30,0.0568799999999999,0.3475336322869955,0.4412470023980814,0.4174528301886793,0.040637969068104,-0.0568799999999999,-0.3475336322869955,1.020826324205172,0.7233278578983229,0.8720770910517475
6695,2024-06-06,2024-06-19,2024,連續三次,10,9,0.0118694362017803,0.0074444362017803,-0.0801186943620179,0.2287826652747346,True,True,True,True,2489312.0,False,False,6695,2024-05-31,0.12508,0.4807302231237322,0.4370078740157481,0.3851992409867171,0.0440360706361656,-0.12508,-0.4807302231237322,-0.039119861943933826,-0.6603584891429352,-0.3497391755434345
3312,2024-06-06,2024-06-21,2024,連續三次及當日沖銷標準,12,11,0.0186246418338107,0.0141996418338107,-0.0530085959885386,0.3777467103410905,True,True,True,True,3135061.0,False,False,3312,2024-05-31,0.05658,0.3453093812375249,0.4041666666666668,0.4525862068965518,0.0455419879002462,-0.05658,-0.3453093812375249,1.0254888440855916,0.7464340484562859,0.8859614462709388
6512,2024-06-11,2024-06-21,2024,因連續3個營業日達本中心作業要點第四條第一項第一款,10,9,0.0073260073260073,0.0029010073260073,-0.0604395604395605,0.0837929461508359,True,True,True,True,160339.0,False,False,6512,2024-06-04,0.1513799999999999,0.4732142857142858,0.5068493150684932,0.5602836879432624,0.0395980003988258,-0.1513799999999999,-0.4732142857142858,-0.44786743812753127,-0.5822806651285438,-0.5150740516280375
6895,2024-06-12,2024-06-24,2024,因連續3個營業日達本中心作業要點第四條第一項第一款,10,9,0.4021739130434782,0.3977489130434782,-0.0072463768115942,10956.18458512931,True,True,True,True,225309.0,False,False,6895,2024-06-05,0.0948799999999999,0.3650151668351871,0.3663967611336032,0.3581488933601608,0.0368512164848581,-0.0948799999999999,-0.3650151668351871,0.4302404726851433,0.5417244059803086,0.48598243933272595
6442,2024-06-14,2024-06-28,2024,連續三次及當日沖銷標準,12,11,0.2794676806083649,0.2750426806083649,0.0,249.20106178067675,True,True,True,True,909413.0,False,False,6442,2024-06-07,0.10218,0.3581267217630854,0.4499999999999999,0.4542772861356932,0.0406206947824045,-0.10218,-0.3581267217630854,0.31678582226155705,0.6132836503929057,0.46503473632723136
6228,2024-06-14,2024-06-26,2024,因連續3個營業日達本中心作業要點第四條第一項第一款,10,9,-0.0333761232349166,-0.0378011232349166,-0.0513478818998716,-0.6571259639398634,True,True,True,True,180069.0,False,False,6228,2024-06-07,0.13228,0.3166023166023166,0.4327731092436975,0.4479830148619959,0.0447825596830896,-0.13228,-0.3166023166023166,-0.15102033907404475,1.0446516916394866,0.4468156762827209
3229,2024-06-17,2024-06-27,2024,連續三次,10,9,-0.0433070866141731,-0.0477320866141731,-0.0669291338582677,-0.7429743784751062,True,True,True,True,401856.0,False,False,3229,2024-06-11,0.12618,0.3295454545454543,0.5194805194805194,0.5344262295081967,0.0498262164290206,-0.12618,-0.3295454545454543,-0.05621576817214503,0.9101944720718831,0.42698935194986903
3122,2024-06-17,2024-07-01,2024,連續3個營業日及沖銷標準,12,11,-0.0410958904109588,-0.0455208904109588,-0.0650684931506848,-0.6531465003276486,True,True,True,True,2756040.0,False,False,3122,2024-06-11,0.10768,0.4411764705882353,0.5213454075032342,0.5135135135135134,0.0428715000843139,-0.10768,-0.4411764705882353,0.2313062911205004,-0.24946218155875732,-0.009077945219128455
1519,2024-06-21,2024-07-05,2024,連續三次及當日沖銷標準,12,11,-0.0074231177094379,-0.0118481177094379,-0.0837751855779427,-0.2372945155188383,True,True,True,True,792056.0,False,False,1519,2024-06-17,0.00648,0.2196765498652291,0.2675070028011204,0.2213225371120109,0.0400606682539068,-0.00648,-0.2196765498652291,1.8041296641159457,2.0515457815565665,1.927837722836256
4419,2024-06-21,2024-07-03,2024,因連續3個營業日達本中心作業要點第四條第一項第一款,10,9,0.1553571428571429,0.1509321428571429,-0.0178571428571429,48.63928640767299,True,True,True,True,55515.0,False,False,4419,2024-06-17,0.15788,0.4682926829268292,0.3903002309468824,0.408187134502924,0.0488951622801098,-0.15788,-0.4682926829268292,-0.5488887022033271,-0.5311535714110243,-0.5400211368071757
3219,2024-06-21,2024-07-03,2024,因連續3個營業日達本中心作業要點第四條第一項第一款,10,9,0.1504132231404957,0.1459882231404957,-0.0066115702479339,43.04465199669991,True,True,True,True,591488.0,False,False,3219,2024-06-17,0.1245799999999999,0.4406130268199233,0.4611398963730568,0.3995037220843673,0.0438518877104681,-0.1245799999999999,-0.4406130268199233,-0.03134899547656351,-0.2436089578039965,-0.13747897664028
4924,2024-06-21,2024-07-03,2024,因連續3個營業日達本中心作業要點第四條第一項第一款,10,9,-0.0935251798561151,-0.0979501798561151,-0.133093525179856,-0.9429305809533294,True,True,True,True,383260.0,False,False,4924,2024-06-17,0.1461799999999999,0.4611260053619304,0.4972527472527472,0.4533333333333333,0.0424605162942514,-0.1461799999999999,-0.4611260053619304,-0.3670504268668956,-0.45670396397060375,-0.4118771954187497
6451,2024-06-25,2024-07-05,2024,連續三次,10,9,-0.0019607843137254,-0.0063857843137254,-0.0313725490196078,-0.1630171384886314,True,True,True,True,1476810.0,False,False,6451,2024-06-19,0.07058,0.2720207253886011,0.3452054794520547,0.3601108033240996,0.0511224460556915,-0.07058,-0.2720207253886011,0.8079045829992653,1.507778703406659,1.1578416432029621
6535,2024-06-25,2024-07-05,2024,因連續3個營業日達本中心作業要點第四條第一項第一款,10,9,-0.0158730158730159,-0.0202980158730159,-0.0204081632653061,-0.4342679716022282,True,True,True,True,182707.0,False,True,6535,2024-06-19,0.0041799999999999,0.2439678284182305,0.281767955801105,0.2608695652173913,0.0375080683092178,-0.0041799999999999,-0.2439678284182305,1.8398756498658435,1.7992006556429245,1.819538152754384
2438,2024-06-26,2024-07-08,2024,連續三次,10,9,0.1855670103092783,0.1811420103092783,-0.0807560137457045,100.95114952114304,True,True,True,True,1040000.0,False,False,2438,2024-06-20,0.19968,0.436251920122888,0.5557404326123128,1.0917225950782998,0.0529124499760922,-0.19968,-0.436251920122888,-1.1985331388753588,-0.19830446647452596,-0.6984188026749424
6598,2024-06-27,2024-07-09,2024,連續三次,10,9,-0.0492845786963433,-0.0537095786963433,-0.1017488076311605,-0.7842194309517903,True,True,True,True,1314770.0,False,False,6598,2024-06-21,0.25168,0.6038186157517902,0.6926952141057934,0.635036496350365,0.0452109833167004,-0.25168,-0.6038186157517902,-2.006703251481714,-1.9390378253690335,-1.9728705384253737
2438,2024-07-01,2024-07-11,2024,連續三次,10,9,0.3839441535776615,0.3795191535776615,0.0,7607.971616613619,True,True,True,True,795767.0,False,False,2438,2024-06-20,0.19968,0.436251920122888,0.5557404326123128,1.0917225950782998,0.0529124499760922,-0.19968,-0.436251920122888,-1.1985331388753588,-0.19830446647452596,-0.6984188026749424
6431,2024-07-01,2024-07-11,2024,連續三次,10,9,-0.0705882352941176,-0.0750132352941176,-0.1088235294117646,-0.8853642803277483,True,True,True,True,286495.0,False,False,6431,2024-06-25,0.07938,0.382716049382716,0.3884297520661157,0.3125,0.045437808658109,-0.07938,-0.382716049382716,0.6711373331735744,0.3578423009073807,0.5144898170404775
6869,2024-07-02,2024-07-12,2024,連續三次,10,9,0.0177165354330708,0.0132915354330708,-0.0846456692913385,0.4430763166326092,True,True,True,True,8415088.0,False,False,6869,2024-06-26,0.15178,0.5431654676258992,0.6627906976744187,0.5487364620938628,0.0514364478856987,-0.15178,-0.5431654676258992,-0.4540841313014278,-1.3089546345031662,-0.8815193829022969
3297,2024-07-02,2024-07-12,2024,因連續3個營業日達本中心作業要點第四條第一項第一款,10,9,-0.0838323353293412,-0.0882573353293412,-0.1077844311377245,-0.9232035661200212,True,True,True,True,587616.0,False,False,3297,2024-06-26,0.19548,0.4911894273127755,0.6552567237163816,0.585480093676815,0.0520306098940582,-0.19548,-0.4911894273127755,-1.1332578605494608,-0.7690118559174274,-0.951134858233444
3581,2024-07-03,2024-07-17,2024,連續3個營業日及沖銷標準,12,11,0.1807780320366132,0.1763530320366132,-0.0080091533180778,39.09858105610436,True,True,True,True,2501750.0,False,False,3581,2024-06-27,0.17078,0.4999999999999998,0.4653465346534653,0.453355155482815,0.0487446151581149,-0.17078,-0.4999999999999998,-0.749377057061442,-0.8605387415557381,-0.80495789930859
3652,2024-07-03,2024-07-15,2024,連續五次,10,9,0.0,-0.004425,-0.103125,-0.1159038229771466,True,True,True,True,806840.0,False,False,3652,2024-06-27,0.07138,0.2669376693766938,0.3872403560830859,0.3831360946745563,0.0475691855269152,-0.07138,-0.2669376693766938,0.7954711966514753,1.5605830219011403,1.1780271092763077
8440,2024-07-04,2024-07-16,2024,因連續3個營業日達本中心作業要點第四條第一項第一款,10,9,-0.1116666666666666,-0.1160916666666666,-0.1166666666666667,-0.9675427366568982,True,True,True,True,3050671.0,False,False,8440,2024-06-28,0.1133799999999999,0.3571428571428572,0.4285714285714286,0.4503816793893131,0.0394067383075336,-0.1133799999999999,-0.3571428571428572,0.14271841339249763,0.623504332722646,0.3831113730575718
6869,2024-07-05,2024-07-19,2024,連續三次及當日沖銷標準,12,11,0.1583011583011582,0.1538761583011582,-0.1023166023166023,24.8647979078696,True,True,True,True,1119493.0,False,False,6869,2024-06-26,0.15178,0.5431654676258992,0.6627906976744187,0.5487364620938628,0.0514364478856987,-0.15178,-0.5431654676258992,-0.4540841313014278,-1.3089546345031662,-0.8815193829022969
6895,2024-07-05,2024-07-17,2024,因連續3個營業日達本中心作業要點第四條第一項第一款,10,9,0.0912547528517109,0.0868297528517109,-0.0874524714828897,9.10384420296302,True,True,True,True,159992.0,False,False,6895,2024-07-01,0.16008,0.351421188630491,0.6656050955414012,1.1974789915966388,0.0500369196213516,-0.16008,-0.351421188630491,-0.5830805146597499,0.6829427504263027,0.04993111788327642
3686,2024-07-05,2024-07-17,2024,連續三次,10,9,-0.0286677908937604,-0.0330927908937604,-0.069139966273187,-0.6073350163451526,True,True,True,True,2424657.0,False,False,3686,2024-07-01,0.06678,0.4384615384615384,0.4647519582245432,0.4025000000000001,0.04489935135418,-0.06678,-0.4384615384615384,0.8669631681512682,-0.22125864802043455,0.3228522600654168
6661,2024-07-08,2024-07-18,2024,因連續3個營業日達本中心作業要點第四條第一項第一款,10,9,0.007727975270479,0.003302975270479,-0.1236476043276662,0.0959243068406594,True,True,True,True,551608.0,False,False,6661,2024-07-02,0.16298,0.4936170212765958,0.5096774193548388,0.4841437632135308,0.0414586312093189,-0.16298,-0.4936170212765958,-0.6281515401704891,-0.7942304339816001,-0.7111909870760447
2429,2024-07-08,2024-07-18,2024,連續三次,10,9,-0.045045045045045,-0.049470045045045,-0.1377091377091377,-0.7556912035463603,True,True,True,True,886535.0,False,False,2429,2024-07-02,0.20168,0.604127579737336,0.601123595505618,1.0853658536585369,0.0548710988180371,-0.20168,-0.604127579737336,-1.229616604744834,-1.9422474364096882,-1.5859320205772611
1784,2024-07-08,2024-07-18,2024,因連續3個營業日達本中心作業要點第四條第一項第一款,10,9,0.2142857142857142,0.2098607142857141,0.0,197.7031982020841,True,True,True,True,2922516.0,False,False,1784,2024-07-02,0.15788,0.4644351464435148,0.4568158168574403,0.6470588235294117,0.0532854999987282,-0.15788,-0.4644351464435148,-0.5488887022033271,-0.4910803192981519,-0.5199845107507395
5345,2024-07-08,2024-07-18,2024,因連續3個營業日達本中心作業要點第四條第一項第一款,10,9,-0.1987951807228916,-0.2032201807228916,-0.2665662650602409,-0.998182820038462,True,True,True,True,82531.0,False,False,5345,2024-06-27,0.22368,0.6058091286307055,0.6329113924050636,0.5795918367346939,,-0.22368,-0.6058091286307055,-1.5715347293090611,-1.9597158733345463,-1.7656253013218037
6658,2024-07-09,2024-07-19,2024,連續三次,10,9,-0.1193633952254641,-0.1237883952254641,-0.1193633952254641,-0.9745430964292208,True,True,True,True,1043201.0,False,False,6658,2024-07-03,0.13608,0.4770833333333335,0.4910620399579393,0.635524798154556,0.0490231165226675,-0.13608,-0.4770833333333335,-0.21007892422604757,-0.6224734983902511,-0.41627621130814935
4304,2024-07-09,2024-07-19,2024,因連續3個營業日達本中心作業要點第四條第一項第一款,10,9,0.1902050113895217,0.1857800113895217,-0.0888382687927106,112.6763562574128,True,True,True,True,150165.0,False,False,4304,2024-06-28,0.1569799999999999,0.4864406779661014,0.6865384615384613,0.5660714285714286,,-0.1569799999999999,-0.4864406779661014,-0.5349011425620618,-0.7196804158615177,-0.6272907792117897
8440,2024-07-09,2024-07-19,2024,因連續3個營業日達本中心作業要點第四條第一項第一款,10,9,-0.0330434782608695,-0.0374684782608695,-0.1426086956521739,-0.6538180076341864,True,True,True,True,833867.0,False,False,8440,2024-06-28,0.1133799999999999,0.3571428571428572,0.4285714285714286,0.4503816793893131,0.0394067383075336,-0.1133799999999999,-0.3571428571428572,0.14271841339249763,0.623504332722646,0.3831113730575718
3018,2024-07-10,2024-07-22,2024,連續三次,10,9,0.1439842209072976,0.1395592209072976,-0.0256410256410257,36.67254755169147,True,True,True,True,172692.0,False,False,3018,2024-07-04,0.16708,0.4873417721518986,0.5460526315789473,0.5015974440894568,0.0418169236959681,-0.16708,-0.4873417721518986,-0.6918726452029133,-0.7290412539614516,-0.7104569495821824
6698,2024-07-10,2024-07-26,2024,連續三次及當日沖銷標準,12,11,-0.2215686274509803,-0.2259936274509804,-0.2450980392156863,-0.9970388068587668,True,True,True,True,1029973.0,False,False,6698,2024-07-04,0.08018,0.440721649484536,0.5273224043715845,0.482758620689655,0.0484398812447837,-0.08018,-0.440721649484536,0.6587039468257844,-0.24473736279589348,0.20698329201494545
5484,2024-07-10,2024-07-22,2024,連續三次,10,9,-0.1937716262975778,-0.1981966262975778,-0.1937716262975778,-0.9978361912695424,True,True,True,True,317669.0,False,False,5484,2024-07-04,0.14358,0.506276150627615,0.5976331360946747,2.153284671532847,0.0493198354920684,-0.14358,-0.506276150627615,-0.3266419212365797,-0.9257372866600203,-0.6261896039483
5345,2024-07-11,2024-07-23,2024,因連續3個營業日達本中心作業要點第四條第一項第一款,10,9,0.0884615384615385,0.0840365384615385,-0.0634615384615384,8.406807202790748,True,True,True,True,24030.0,False,False,5345,2024-06-27,0.22368,0.6058091286307055,0.6329113924050636,0.5795918367346939,,-0.22368,-0.6058091286307055,-1.5715347293090611,-1.9597158733345463,-1.7656253013218037
4562,2024-07-11,2024-07-23,2024,連續三次,10,9,-0.1063829787234043,-0.1108079787234043,-0.1460992907801418,-0.9616990170338656,True,True,True,True,3621313.0,False,False,4562,2024-07-05,0.20288,0.440711462450593,0.5155925155925156,0.8502538071065993,0.0724123662826755,-0.20288,-0.440711462450593,-1.2482666842665193,-0.24463153681569955,-0.7464491105411094
8374,2024-07-11,2024-07-23,2024,連續三次,10,9,0.1999999999999999,0.1955749999999999,-0.0727272727272727,141.86038308562394,True,True,True,True,991964.0,False,False,8374,2024-07-05,0.30638,0.5936739659367396,0.5595238095238095,0.9969512195121952,0.0711133173576955,-0.30638,-0.5936739659367396,-2.8568360430118602,-1.833652144275996,-2.3452440936439283
2349,2024-07-12,2024-07-26,2024,連續三次,10,9,-0.0875,-0.091925,-0.103125,-0.9313383197142344,True,True,True,True,14933486.0,False,False,2349,2024-07-03,0.22258,0.5889830508474576,0.6611295681063125,0.6146393972012918,0.0448548873618979,-0.22258,-0.5889830508474576,-1.55443882308085,-1.7849215039240576,-1.6696801635024539
4510,2024-07-12,2024-07-26,2024,因連續3個營業日達本中心作業要點第四條第一項第一款,10,9,0.0695187165775401,0.0650937165775401,-0.0142602495543673,4.764648752832142,True,True,True,True,6362898.0,False,False,4510,2024-07-08,0.16418,0.429003021148036,0.4333333333333333,0.3361581920903955,0.04181646735878,-0.16418,-0.429003021148036,-0.646801619692174,-0.12300071823611648,-0.3849011689641452
6133,2024-07-15,2024-07-26,2024,連續三次,9,8,-0.0999999999999999,-0.1044249999999999,-0.1111111111111111,-0.9681443622419236,True,True,True,True,1270814.0,False,False,6133,2024-07-09,0.04858,0.374251497005988,0.5049180327868852,0.4617834394904458,0.0432149613562125,-0.04858,-0.374251497005988,1.1498227075634926,0.4457746232282296,0.7977986653958611
8937,2024-07-16,2024-07-26,2024,因連續3個營業日達本中心作業要點第四條第一項第一款,8,7,0.0446194225721783,0.0401944225721783,-0.1325459317585302,3.0853840181869936,True,True,True,True,1103431.0,False,False,8937,2024-07-10,0.15058,0.4784482758620689,0.4689507494646678,0.5043859649122806,0.0403518784799485,-0.15058,-0.4784482758620689,-0.43543405177974254,-0.6366529329361553,-0.5360434923579489
3047,2024-07-16,2024-07-26,2024,最近十個營業日已有六次,8,7,-0.0693970420932879,-0.0738220420932879,-0.1695108077360637,-0.9353578562747784,True,True,True,True,7192893.0,False,False,3047,2024-07-08,0.15238,0.3748006379585327,0.6450381679389314,0.6640926640926643,0.0531536295799902,-0.15238,-0.3748006379585327,-0.4634091710622702,0.44006998143624326,-0.011669594813013467
6937,2024-07-16,2024-07-26,2024,連續三次,8,7,-0.0903225806451613,-0.0947475806451613,-0.1322580645161289,-0.9714201130709575,True,True,True,True,451684.0,False,False,6937,2024-07-10,0.1083799999999999,0.3133047210300428,0.3972602739726028,0.5572519083969465,0.0504054201750953,-0.1083799999999999,-0.3133047210300428,0.22042707806618572,1.0789081087351142,0.64966759340065
6218,2024-07-16,2024-07-26,2024,因連續3個營業日達本中心作業要點第四條第一項第一款,8,7,-0.10790273556231,-0.11232773556231,-0.1139817629179331,-0.9858133330595056,True,True,True,True,703869.0,False,False,6218,2024-07-10,0.1545799999999999,0.4782608695652173,0.4870775347912526,0.5080645161290323,0.041464612695024,-0.1545799999999999,-0.4782608695652173,-0.4976009835186917,-0.634706099817724,-0.5661535416682079
3593,2024-07-17,2024-07-29,2024,連續三次,8,7,-0.029023746701847,-0.033448746701847,-0.0976253298153033,-0.7033000730757313,True,True,True,True,623450.0,False,False,3593,2024-07-11,0.19218,0.5977859778597785,0.6653846153846152,0.6590038314176243,0.0524993308270006,-0.19218,-0.5977859778597785,-1.0819701418648267,-1.876368963986148,-1.4791695529254874
3535,2024-07-18,2024-07-30,2024,最近十個營業日已有六次,8,7,0.0464788732394365,0.0420538732394365,-0.0845070422535211,3.354464161331149,True,True,True,True,6292153.0,False,False,3535,2024-07-12,0.0715799999999999,0.2676767676767677,0.723112128146453,1.3942766295707472,0.0594063372243069,-0.0715799999999999,-0.2676767676767677,0.7923628500645294,1.5529050459070912,1.1726339479858103
4927,2024-07-19,2024-07-31,2024,連續三次,8,7,0.0384615384615385,0.0340365384615385,-0.0384615384615384,2.3047510971719967,True,True,True,True,1066621.0,False,False,4927,2024-07-15,0.0754799999999999,0.381132075471698,0.4409448818897636,0.4113110539845759,0.0393690851283645,-0.0754799999999999,-0.381132075471698,0.7317500916190528,0.3742970994947681,0.5530235955569105
2243,2024-07-19,2024-07-31,2024,連續三次,8,7,-0.0426229508196721,-0.0470479508196721,-0.1622950819672131,-0.8211300282227081,True,True,True,True,5162514.0,False,False,2243,2024-07-15,0.11318,0.4552845528455285,0.4592391304347827,0.3804627249357328,0.0419644777886557,-0.11318,-0.4552845528455285,0.14582675997944353,-0.3960211939157578,-0.12509721696815712
5484,2024-07-19,2024-07-31,2024,連續三次,8,7,0.0244897959183674,0.0200647959183674,-0.0816326530612244,1.032985458191544,True,True,True,True,736201.0,False,False,5484,2024-07-04,0.14358,0.506276150627615,0.5976331360946747,2.153284671532847,0.0493198354920684,-0.14358,-0.506276150627615,-0.3266419212365797,-0.9257372866600203,-0.6261896039483
4804,2024-07-22,2024-08-01,2024,因連續3個營業日達本中心作業要點第四條第一項第一款,8,7,-0.1382113821138212,-0.1426363821138212,-0.2682926829268293,-0.9958976046429066,True,True,True,True,1020426.0,False,False,4804,2024-07-16,0.18338,0.4775413711583922,0.5586034912718205,0.5394088669950741,0.0433555888711333,-0.18338,-0.4775413711583922,-0.9452028920391358,-0.6272317334245019,-0.7862173127318188
6692,2024-07-29,2024-08-06,2024,因連續3個營業日達本中心作業要點第四條第一項第一款,8,7,-0.2671755725190839,-0.271600572519084,-0.2709923664122137,-0.9999878485411554,True,True,True,True,355235.0,False,False,6692,2024-07-19,0.1930799999999999,0.5342105263157895,0.5064599483204133,0.9498327759197324,0.0567084631417172,-0.1930799999999999,-0.5342105263157895,-1.095957701506089,-1.2159280040803013,-1.1559428527931952
6144,2024-07-31,2024-08-12,2024,因連續3個營業日達本中心作業要點第四條第一項第一款,10,9,0.0670731707317073,0.0626481707317073,-0.1609756097560976,4.408061697394699,True,True,True,True,6177.0,False,False,6144,2024-07-23,0.23398,0.5232974910394266,0.7223910840932117,1.08078335373317,0.0498601893266013,-0.23398,-0.5232974910394266,-1.7316145785368584,-1.1025601031316068,-1.4170873408342326
2524,2024-08-07,2024-08-21,2024,連續三次及當日沖銷標準,12,11,0.2611607142857144,0.2567357142857144,-0.0022321428571426,179.11275988751174,True,True,True,True,3036262.0,False,False,2524,2024-08-01,0.19498,0.4330808080808079,0.5829846582984657,1.0825688073394495,0.0547762990680899,-0.19498,-0.4330808080808079,-1.125486994082092,-0.16536199842785768,-0.6454244962549748
6199,2024-08-12,2024-08-22,2024,因連續3個營業日達本中心作業要點第四條第一項第一款,10,9,-0.0500758725341426,-0.0545008725341426,-0.1957511380880122,-0.7891758565659651,True,True,True,True,95615.0,False,False,6199,2024-08-01,0.14358,0.4814189189189188,0.5773381294964028,0.62708719851577,0.0451302499092477,-0.14358,-0.4814189189189188,-0.3266419212365797,-0.6675128687188544,-0.4970773949777171
1540,2024-08-13,2024-08-27,2024,連續三次及當日沖銷標準,12,11,0.1657458563535911,0.1613208563535911,-0.0055248618784531,28.935529693527677,True,True,True,True,8226385.0,False,False,1540,2024-08-07,0.06158,0.3905996758508914,0.3619047619047619,0.7581967213114755,0.061140262818151,-0.06158,-0.3905996758508914,0.9477801794119037,0.2759448120853261,0.611862495748615
4510,2024-08-13,2024-08-27,2024,連續3個營業日及沖銷標準,12,11,0.2474226804123711,0.2429976804123711,-0.0206185567010308,139.2983896639705,True,True,True,True,1688866.0,False,False,4510,2024-08-07,0.1391799999999999,0.3143759873617695,0.4444444444444444,0.7589852008456661,0.0687775041401945,-0.1391799999999999,-0.3143759873617695,-0.25825829632373226,1.0677794710729678,0.40476058737461773
6754,2024-08-20,2024-08-30,2024,連續三次,10,9,-0.0691964285714284,-0.0736214285714284,-0.0959821428571428,-0.8804751107733181,True,True,True,True,375156.0,False,False,6754,2024-08-14,0.04648,0.3225806451612902,0.3057324840764333,0.3036565977742449,0.0395876206368727,-0.04648,-0.3225806451612902,1.1824603467264414,0.9825470119835481,1.0825036793549947
3230,2024-08-20,2024-08-30,2024,因連續3個營業日達本中心作業要點第四條第一項第一款,10,9,0.279683377308707,0.275258377308707,0.0,856.5963432504612,True,True,True,True,2392614.0,False,False,3230,2024-08-14,0.1513799999999999,0.370967741935484,0.3222222222222222,0.8085106382978724,0.0732596216036973,-0.1513799999999999,-0.370967741935484,-0.44786743812753127,0.4798872610182855,0.016009911445377112
3303,2024-08-20,2024-08-30,2024,因連續3個營業日達本中心作業要點第四條第一項第一款,10,9,-0.0050167224080267,-0.0094417224080267,-0.0250836120401337,-0.2316547146223153,True,True,True,True,1909878.0,False,False,3303,2024-08-14,0.1122799999999999,0.335632183908046,0.2494623655913979,0.2713347921225382,0.0490770784408531,-0.1122799999999999,-0.335632183908046,0.15981431962070908,0.8469636921829553,0.5033890059018322
6187,2024-08-21,2024-09-02,2024,因連續3個營業日達本中心作業要點第四條第一項第一款,10,9,0.1272727272727272,0.1228477272727272,-0.0075757575757575,23.99204451249922,True,True,True,True,1114293.0,False,False,6187,2024-08-15,0.08928,0.3713733075435204,0.2548672566371681,0.3634615384615385,0.0566605965836595,-0.08928,-0.3713733075435204,0.5172741771196723,0.4756741231958821,0.4964741501577772
3284,2024-08-21,2024-09-02,2024,因連續3個營業日達本中心作業要點第四條第一項第一款,10,9,-0.1036106750392464,-0.1080356750392464,-0.1271585557299843,-0.9582397141354244,True,True,True,True,783598.0,False,False,3284,2024-08-15,0.1889799999999999,0.5362318840579712,0.2527272727272729,0.4429319371727749,0.0611933668347162,-0.1889799999999999,-0.5362318840579712,-1.032236596473665,-1.2369264777857678,-1.1345815371297165
3219,2024-08-21,2024-09-02,2024,因連續3個營業日達本中心作業要點第四條第一項第一款,10,9,0.0109689213893966,0.0065439213893966,-0.0127970749542961,0.1986350050967911,True,True,True,True,158355.0,False,False,3219,2024-08-15,0.1001799999999999,0.4112038140643623,0.1699604743083005,0.0189328743545611,0.058252400245795,-0.1001799999999999,-0.4112038140643623,0.347869288131034,0.06190281176509304,0.20488604994806353
2070,2024-08-26,2024-09-09,2024,連續3個營業日及沖銷標準,12,11,-0.0325301204819277,-0.0369551204819277,-0.1204819277108434,-0.575057521465001,True,True,True,True,587758.0,False,False,2070,2024-08-20,0.1448799999999999,0.405,0.4973357015985791,0.5327272727272727,0.0600066844514868,-0.1448799999999999,-0.405,-0.3468461740517368,0.12634990283938677,-0.11024813560617501
6570,2024-08-26,2024-09-05,2024,因連續3個營業日達本中心作業要點第四條第一項第一款,10,9,-0.1416666666666667,-0.1460916666666667,-0.1583333333333333,-0.98756181544119,True,True,True,True,1483851.0,False,False,6570,2024-08-20,0.16398,0.5051759834368532,0.5067357512953368,0.1150306748466256,0.0629269925066795,-0.16398,-0.5051759834368532,-0.6436932731052263,-0.9143084181600319,-0.7790008456326292
5905,2024-08-27,2024-09-06,2024,因連續3個營業日達本中心作業要點第四條第一項第一款,10,9,-0.0938775510204081,-0.0983025510204081,-0.183673469387755,-0.9435466097959389,True,True,True,True,6056920.0,False,False,5905,2024-08-21,0.1691799999999999,0.429003021148036,0.6033898305084744,0.4420731707317074,0.0529027737543918,-0.1691799999999999,-0.429003021148036,-0.7245102843658607,-0.12300071823611648,-0.4237555013009886
4729,2024-08-28,2024-09-09,2024,因連續3個營業日達本中心作業要點第四條第一項第一款,10,9,0.115234375,0.110809375,-0.052734375,17.52528514079361,True,True,True,True,2342674.0,False,False,4729,2024-08-22,0.1755799999999999,0.4575342465753425,0.4777777777777778,0.4111405835543766,0.0603805771426345,-0.1755799999999999,-0.4575342465753425,-0.8239773751481811,-0.41939169070860344,-0.6216845329283923
8080,2024-08-30,2024-09-11,2024,因連續3個營業日達本中心作業要點第四條第一項第一款,10,9,0.0260869565217389,0.0216619565217389,-0.0144927536231883,0.8135684096698619,True,True,True,True,649694.0,False,False,8080,2024-08-26,0.2002799999999999,0.5573248407643312,0.5329153605015675,0.5329153605015675,0.0531965278566663,-0.2002799999999999,-0.5573248407643312,-1.2078581786362,-1.4560464719986599,-1.33195232531743
4741,2024-09-02,2024-09-12,2024,因連續3個營業日達本中心作業要點第四條第一項第一款,10,9,-0.192781690140845,-0.197206690140845,-0.1980633802816901,-0.997760742606826,True,True,True,True,207380.0,False,False,4741,2024-08-27,0.08578,0.3856209150326797,0.3984168865435356,0.3892529488859764,,-0.08578,-0.3856209150326797,0.5716702423912539,0.3276656806606157,0.4496679615259348
8039,2024-09-03,2024-09-13,2024,連續三次,10,9,-0.0271816881258941,-0.0316066881258941,-0.1201716738197425,-0.5902212038101446,True,True,True,True,4400969.0,False,False,8039,2024-08-28,0.04158,0.3558994197292067,0.4147325933400605,0.2838827838827837,0.0484651921115666,-0.04158,-0.3558994197292067,1.258614838106656,0.6364215354968328,0.9475181868017444
3550,2024-09-03,2024-09-13,2024,連續三次,10,9,0.002008032128514,-0.0024169678714859,-0.1546184738955822,-0.0650098295083555,True,True,True,True,5003633.0,False,False,3550,2024-08-28,0.20998,0.6019736842105265,0.6072607260726073,0.5760517799352753,0.0504237161073624,-0.20998,-0.6019736842105265,-1.3586129881031561,-1.919872120234723,-1.6392425541689395
2424,2024-09-03,2024-09-13,2024,連續三次,10,9,0.2635897435897436,0.2591647435897436,-0.0010256410256409,601.6580645258399,True,True,True,True,42900.0,False,False,2424,2024-08-28,0.19378,0.5194805194805194,0.6625222024866786,0.5810810810810809,,-0.19378,-0.5194805194805194,-1.1068369145604071,-1.062908251684611,-1.084872583122509
5364,2024-09-03,2024-09-13,2024,因連續3個營業日達本中心作業要點第四條第一項第一款,10,9,0.0160256410256409,0.0116006410256409,-0.0715811965811964,0.3776584237086817,True,True,True,True,268980.0,False,False,5364,2024-08-28,0.1016799999999999,0.3342696629213482,0.4328808446455505,0.7592592592592593,0.0578192303251636,-0.1016799999999999,-0.3342696629213482,0.3245566887289276,0.8611179710200302,0.5928373298744789
8080,2024-09-04,2024-09-16,2024,因連續3個營業日達本中心作業要點第四條第一項第一款,10,9,-0.0382513661202185,-0.0426763661202185,-0.0491803278688526,-0.7022477728857823,True,True,True,True,273955.0,False,False,8080,2024-08-26,0.2002799999999999,0.5573248407643312,0.5329153605015675,0.5329153605015675,0.0531965278566663,-0.2002799999999999,-0.5573248407643312,-1.2078581786362,-1.4560464719986599,-1.33195232531743
5386,2024-09-04,2024-09-16,2024,因連續3個營業日達本中心作業要點第四條第一項第一款,10,9,-0.0610526315789473,-0.0654776315789473,-0.1263157894736841,-0.8475781427555987,True,True,True,True,1374461.0,False,False,5386,2024-08-29,0.1348799999999999,0.4807436918990704,0.3401442307692306,0.5638148667601683,0.053496550750322,-0.1348799999999999,-0.4807436918990704,-0.19142884470436064,-0.6604984068422528,-0.4259636257733067
8111,2024-09-05,2024-09-18,2024,因連續3個營業日達本中心作業要點第四條第一項第一款,10,9,0.074141048824593,0.069716048824593,-0.0343580470162748,5.501509611939899,True,True,True,True,1216670.0,False,False,8111,2024-08-30,0.06278,0.3810623556581987,0.3971962616822431,0.3408071748878922,0.0441066128466093,-0.06278,-0.3810623556581987,0.9291300998902186,0.3750213699393133,0.6520757349147659
4583,2024-09-05,2024-09-18,2024,連續三次,10,9,0.2155887230514095,0.2111637230514095,-0.0613598673300166,203.7342006696015,True,True,True,True,681102.0,False,False,4583,2024-08-30,0.10388,0.4478203434610304,0.3944020356234097,0.597667638483965,0.0566499069564548,-0.10388,-0.4478203434610304,0.29036487627250324,-0.31848073622156076,-0.01405792997452876
4526,2024-09-05,2024-09-20,2024,連續三次及當日沖銷標準,12,11,0.0187667560321715,0.0143417560321715,-0.0817694369973189,0.3821410332752164,True,True,True,True,4200884.0,False,False,4526,2024-08-30,0.0986799999999999,0.4361313868613139,0.4283121597096189,0.4154676258992806,0.0562645125299147,-0.0986799999999999,-0.4361313868613139,0.37118188753314024,-0.19705233061011163,0.08706477846151431
2425,2024-09-05,2024-09-18,2024,連續三次,10,9,0.0303797468354432,0.0259547468354432,-0.0683544303797468,1.0375900479934752,True,True,True,True,905985.0,False,False,2425,2024-08-30,0.11158,0.4536256323777403,0.4366666666666667,0.3343653250773994,0.0523995601979943,-0.11158,-0.4536256323777403,0.17069353267502377,-0.37878782789875953,-0.10404714761186788
3081,2024-09-06,2024-09-23,2024,連續3個營業日及沖銷標準,12,11,0.3489583333333332,0.3445333333333332,-0.03125,834.7593010033249,True,True,True,True,1635109.0,False,False,3081,2024-09-02,0.1976799999999999,0.4862745098039216,0.5661157024793388,0.8221153846153846,0.0402467885234299,-0.1976799999999999,-0.4862745098039216,-1.1674496730058823,-0.7179542108897782,-0.9427019419478302
8080,2024-09-09,2024-09-20,2024,因連續3個營業日達本中心作業要點第四條第一項第一款,10,9,0.0314285714285713,0.0270035714285713,-0.0057142857142857,1.0962504219232017,True,True,True,True,76004.0,False,False,8080,2024-08-26,0.2002799999999999,0.5573248407643312,0.5329153605015675,0.5329153605015675,0.0531965278566663,-0.2002799999999999,-0.5573248407643312,-1.2078581786362,-1.4560464719986599,-1.33195232531743
1735,2024-09-10,2024-09-23,2024,連續三次,10,9,0.0327198364008181,0.0282948364008181,-0.0715746421267893,1.170708603643687,True,True,True,True,732532.0,False,True,1735,2024-09-04,0.18158,0.5638888888888889,0.5638888888888889,0.5903954802259888,0.0480952159155173,-0.18158,-0.5638888888888889,-0.9172277727566082,-1.5242357831080189,-1.2207317779323135
4569,2024-09-11,2024-09-24,2024,連續三次,10,9,0.1495327102803738,0.1451077102803738,-0.0327102803738317,42.11421911920581,True,True,True,True,717763.0,False,False,4569,2024-09-05,0.22618,0.5922330097087378,0.6482412060301508,0.7391304347826086,0.0454362688251367,-0.22618,-0.5922330097087378,-1.6103890616459051,-1.8186830565024656,-1.7145360590741854
4569,2024-09-16,2024-09-27,2024,連續三次,10,9,0.1,0.095575,-0.0875,11.623210355554605,True,True,True,True,231186.0,False,False,4569,2024-09-05,0.22618,0.5922330097087378,0.6482412060301508,0.7391304347826086,0.0454362688251367,-0.22618,-0.5922330097087378,-1.6103890616459051,-1.8186830565024656,-1.7145360590741854
4950,2024-09-19,2024-10-01,2024,因連續3個營業日達本中心作業要點第四條第一項第一款,10,9,-0.1655844155844156,-0.1700094155844156,-0.1655844155844156,-0.9943502090329168,True,True,True,True,1509657.0,False,False,4950,2024-09-12,0.2870799999999999,0.5300546448087431,,,,-0.2870799999999999,-0.5300546448087431,-2.5568805973714235,-1.1727554539039249,-1.8648180256376743
8032,2024-09-23,2024-10-04,2024,因連續3個營業日達本中心作業要點第四條第一項第一款,9,8,-0.1306818181818182,-0.1351068181818182,-0.1602272727272726,-0.9892828996881342,True,True,True,True,3234509.0,False,False,8032,2024-09-16,0.1499799999999999,0.4133333333333333,0.5035460992907801,0.5088967971530247,0.0433311702961152,-0.1499799999999999,-0.4133333333333333,-0.42610901201889845,0.039780723506481735,-0.19316414425620837
5314,2024-09-24,2024-10-04,2024,因連續3個營業日達本中心作業要點第四條第一項第一款,8,7,-0.0286343612334801,-0.0330593612334801,-0.092511013215859,-0.6990012042040317,True,True,True,True,170408.0,False,False,5314,2024-09-18,0.05118,0.3840830449826988,0.25,0.1267605633802817,0.0443214281953349,-0.05118,-0.3840830449826988,1.1094142019331747,0.3436415384383159,0.7265278701857454
4950,2024-09-24,2024-10-04,2024,因連續3個營業日達本中心作業要點第四條第一項第一款,8,7,-0.1326164874551971,-0.1370414874551971,-0.1326164874551971,-0.9948248181819852,True,True,True,True,261000.0,False,False,4950,2024-09-12,0.2870799999999999,0.5300546448087431,,,,-0.2870799999999999,-0.5300546448087431,-2.5568805973714235,-1.1727554539039249,-1.8648180256376743
2033,2024-09-25,2024-10-07,2024,連續三次,8,7,-0.0065217391304347,-0.0109467391304347,-0.0760869565217391,-0.3250458764314976,True,True,True,True,318075.0,False,False,2033,2024-09-19,0.1304799999999999,0.4835526315789475,0.4272151898734178,0.3343195266272192,0.0438310019887821,-0.1304799999999999,-0.4835526315789475,-0.12304521979151539,-0.6896785191881644,-0.4063618694898399
5234,2024-09-25,2024-10-09,2024,連續三次及當日沖銷標準,10,9,0.0559139784946236,0.0514889784946236,-0.0043010752688171,3.033544025168438,True,True,True,True,2677744.0,False,False,5234,2024-09-19,0.05618,0.3863636363636364,0.4743202416918428,0.7183098591549295,0.0461365800038821,-0.05618,-0.3863636363636364,1.031705537259487,0.3199500675293398,0.6758278023944134
3354,2024-09-25,2024-10-07,2024,因連續3個營業日達本中心作業要點第四條第一項第一款,8,7,-0.0143999999999999,-0.0188249999999999,-0.0687999999999999,-0.4927393027086928,True,True,True,True,590429.0,False,False,3354,2024-09-19,0.07188,0.4516129032258065,0.5989847715736041,0.5829145728643217,0.0582188244636902,-0.07188,-0.4516129032258065,0.7877003301841065,-0.3578789905904807,0.2149106697968129
3230,2024-09-26,2024-10-08,2024,因連續3個營業日達本中心作業要點第四條第一項第一款,8,7,0.0213143872113676,0.0168893872113676,-0.0301953818827708,0.818760567812103,True,True,True,True,460734.0,False,False,3230,2024-09-20,0.13188,0.3887468030690535,0.2326901248581157,0.3660377358490565,0.0644027038260462,-0.13188,-0.3887468030690535,-0.14480364590014952,0.2951930132211641,0.07519468366050729
3167,2024-09-27,2024-10-14,2024,連續三次及當日沖銷標準,10,9,0.2352941176470588,0.2308691176470588,0.0,319.54235887130983,True,True,True,True,4465502.0,False,False,3167,2024-09-23,0.14138,0.4174972314507199,0.5686274509803924,0.3646055437100213,0.0521214909186985,-0.14138,-0.4174972314507199,-0.29245010878015687,-0.0034751056352770445,-0.14796260720771695
3085,2024-09-27,2024-10-09,2024,因連續3個營業日達本中心作業要點第四條第一項第一款,8,7,0.0833333333333332,0.0789083333333332,-0.0380952380952381,14.06674905621459,True,True,True,True,70960.0,False,False,3085,2024-09-23,0.1889799999999999,0.5159010600706713,0.5487364620938628,0.5431654676258992,0.042691416906887,-0.1889799999999999,-0.5159010600706713,-1.032236596473665,-1.0257237480566905,-1.028980172265178
5210,2024-09-27,2024-10-09,2024,因連續3個營業日達本中心作業要點第四條第一項第一款,8,7,0.0474576271186439,0.0430326271186439,0.0,3.502940490894961,True,True,True,True,352197.0,False,False,5210,2024-09-23,0.07338,0.3869565217391304,0.3459915611814346,0.3264033264033263,0.0475263547028357,-0.07338,-0.3869565217391304,0.7643877307820001,0.31379099548194,0.53908936313197
6969,2024-10-01,2024-10-14,2024,連續三次,8,7,-0.0803030303030302,-0.0847280303030302,-0.0909090909090909,-0.9576560362746416,True,True,True,True,367002.0,False,False,6969,2024-09-25,0.29858,0.6077922077922078,0.7942028985507246,,,-0.29858,-0.6077922077922078,-2.7356105261209076,-1.9803166976021596,-2.3579636118615337
6246,2024-10-09,2024-10-22,2024,因連續3個營業日達本中心作業要點第四條第一項第一款,10,9,-0.0573613766730402,-0.0617863766730402,-0.1013384321223709,-0.829939385032133,True,True,True,True,531282.0,False,False,6246,2024-10-01,0.1869799999999999,0.3901234567901233,0.5509641873278237,0.858085808580858,0.059670697523991,-0.1869799999999999,-0.3901234567901233,-1.0011531306041896,0.280891919278132,-0.3601306056630288
5907,2024-10-11,2024-10-23,2024,連續三次,10,9,0.0852713178294573,0.0808463178294573,-0.12015503875969,7.66737180173882,True,True,True,True,1077224.0,False,False,5907,2024-10-04,0.15648,0.3817204301075267,0.5207100591715976,0.4838337182448036,0.043018950595536,-0.15648,-0.3817204301075267,-0.5271302760946946,0.36818509413711953,-0.07947259097878756
3081,2024-10-11,2024-10-25,2024,連續3個營業日及沖銷標準,12,11,0.0449927431059506,0.0405677431059506,-0.0754716981132075,1.4689264797190449,True,True,True,True,1346343.0,False,False,3081,2024-10-04,0.0235799999999999,0.2838589981447124,0.6130536130536131,0.7789203084832905,0.0499558162760322,-0.0235799999999999,-0.2838589981447124,1.5383660309319342,1.384799156540781,1.4615825937363576
2929,2024-10-14,2024-10-24,2024,連續三次,10,9,-0.037174721189591,-0.041599721189591,-0.070631970260223,-0.6928045628343458,True,True,True,True,1710558.0,False,False,2929,2024-10-07,0.1208799999999999,0.4879649890590809,0.5943728018757328,0.6152019002375297,0.0443236680734853,-0.1208799999999999,-0.4879649890590809,0.026155416381965536,-0.7355154191055914,-0.35468000136181294
8404,2024-10-14,2024-10-24,2024,連續三次,10,9,0.1111111111111111,0.1066861111111111,-0.0404040404040403,15.707122439152336,True,True,True,True,1965153.0,False,False,8404,2024-10-07,0.13878,0.4987341772151898,0.510204081632653,0.7360703812316716,0.0422342756959754,-0.13878,-0.4987341772151898,-0.2520416031498388,-0.847388992796311,-0.5497152979730748
4956,2024-10-21,2024-11-04,2024,連續三次及當日沖銷標準,11,10,-0.0846681922196797,-0.0890931922196796,-0.1441647597254005,-0.902982808996326,True,True,True,True,4696658.0,False,False,4956,2024-10-15,0.08808,0.2905982905982907,0.3727272727272728,0.4033457249070633,0.0447265967141926,-0.08808,-0.2905982905982907,0.5359242566413572,1.3147893545018945,0.9253568055716259
4991,2024-10-21,2024-11-01,2024,因連續3個營業日達本中心作業要點第四條第一項第一款,10,9,0.1569858712715854,0.1525608712715854,-0.0596546310832025,50.628002037062856,True,True,True,True,1012236.0,False,False,4991,2024-10-15,0.0995799999999999,0.2887931034482758,0.4204275534441803,0.5633986928104575,0.038672294506912,-0.0995799999999999,-0.2887931034482758,0.35719432789187644,1.333542182916186,0.8453682554040312
6854,2024-10-23,2024-11-04,2024,連續三次,9,8,-0.1228070175438597,-0.1272320175438597,-0.1345029239766082,-0.985773840295673,True,True,True,True,487086.0,False,False,6854,2024-10-17,0.10408,0.3162790697674418,0.4617768595041323,0.8048469387755102,0.0437540775212143,-0.10408,-0.3162790697674418,0.28725652968555565,1.0480096772255347,0.6676331034555452
4576,2024-10-25,2024-11-08,2024,連續三次及當日沖銷標準,11,10,-0.0709219858156028,-0.0753469858156028,-0.074468085106383,-0.8589186057729188,True,True,True,True,1708557.0,False,False,4576,2024-10-21,0.07558,0.3940886699507389,0.458762886597938,0.4307381193124366,0.0477520749239266,-0.07558,-0.3940886699507389,0.7301959183255774,0.23970008937478837,0.4849480038501829
6151,2024-10-28,2024-11-07,2024,因連續3個營業日達本中心作業要點第四條第一項第一款,9,8,-0.008,-0.012425,-0.0592,-0.3234261120155633,True,True,True,True,1969355.0,False,False,6151,2024-10-22,0.1423799999999999,0.4209302325581396,0.4617224880382777,0.4634730538922156,0.0524155475430942,-0.1423799999999999,-0.4209302325581396,-0.30799184171489274,-0.03913815625747104,-0.17356499898618188
6763,2024-10-29,2024-11-08,2024,因連續3個營業日達本中心作業要點第四條第一項第一款,9,8,-0.0700712589073634,-0.0744962589073634,-0.0724465558194775,-0.9110147384068268,True,True,True,True,2303369.0,False,False,6763,2024-10-18,0.2191799999999999,0.5705812574139977,0.5200918484500576,0.3878406708595387,0.0465440681117514,-0.2191799999999999,-0.5705812574139977,-1.5015969311027406,-1.5937581252294635,-1.5476775281661022
4558,2024-11-04,2024-11-13,2024,因連續3個營業日達本中心作業要點第四條第一項第一款,9,8,-0.1118721461187214,-0.1162971461187214,-0.1449771689497715,-0.9790071913173995,True,True,True,True,307104.0,False,False,4558,2024-10-28,0.18178,0.3825944170771758,0.6007604562737643,0.4902654867256637,0.0435064496138919,-0.18178,-0.3825944170771758,-0.9203361193435557,0.3591058539718987,-0.2806151326858285
8044,2024-11-05,2024-11-14,2024,因連續3個營業日達本中心作業要點第四條第一項第一款,9,8,0.0285132382892057,0.0240882382892057,-0.0091649694501019,1.103987091550195,True,True,True,True,4930117.0,False,False,8044,2024-10-29,0.16158,0.4327666151468314,0.5450000000000002,0.5475792988313857,0.0413797318647577,-0.16158,-0.4327666151468314,-0.6063931140618564,-0.16209806749427247,-0.3842455907780644
8047,2024-11-11,2024-11-21,2024,因連續3個營業日達本中心作業要點第四條第一項第一款,10,9,0.0735930735930736,0.0691680735930736,-0.0865800865800865,5.409628051748076,True,True,True,True,1371767.0,False,False,8047,2024-11-05,0.0679799999999999,0.3490566037735849,0.3838709677419354,0.3406249999999999,0.0425161361148534,-0.0679799999999999,-0.3490566037735849,0.8483130886295847,0.7075067708893481,0.7779099297594664
4991,2024-11-13,2024-11-27,2024,連續3個營業日及沖銷標準,12,11,0.1081081081081081,0.1036831081081081,-0.1264864864864865,8.413177894779437,True,True,True,True,2085799.0,False,False,4991,2024-11-07,0.1522799999999999,0.3880597014925373,0.4463452566096424,0.8235294117647058,0.044411264315947,-0.1522799999999999,-0.3880597014925373,-0.46185499776879485,0.3023308315728464,-0.07976208309797422
6781,2024-11-15,2024-11-27,2024,連續三次,10,9,0.0610079575596818,0.0565829575596818,0.0,3.6130581168906897,True,True,True,True,924512.0,False,False,6781,2024-11-11,0.09578,0.4512922465208748,0.3984674329501916,0.3721804511278195,0.0430094259729231,-0.09578,-0.4512922465208748,0.41625291304387774,-0.35454791205525693,0.030852500494310403
3211,2024-11-19,2024-11-29,2024,因連續3個營業日達本中心作業要點第四條第一項第一款,10,9,0.306930693069307,0.3025056930693069,-0.0165016501650164,1541.8477146714054,True,True,True,True,4625147.0,False,False,3211,2024-11-13,0.13358,0.4858490566037736,0.47196261682243,0.529126213592233,0.0394301248826471,-0.13358,-0.4858490566037736,-0.17122459188920355,-0.7135344747640133,-0.44237953332660845
6781,2024-11-20,2024-12-02,2024,連續三次,10,9,0.1374853113983549,0.1330603113983549,-0.1069330199764982,31.13871733074605,True,True,True,True,451337.0,False,False,6781,2024-11-11,0.09578,0.4512922465208748,0.3984674329501916,0.3721804511278195,0.0430094259729231,-0.09578,-0.4512922465208748,0.41625291304387774,-0.35454791205525693,0.030852500494310403
4931,2024-11-20,2024-12-04,2024,連續3個營業日及沖銷標準,12,11,0.4334677419354837,0.4290427419354837,-0.0383064516129032,3339.065365914911,True,True,True,True,4430962.0,False,False,4931,2024-11-14,0.11928,0.3817663817663816,0.4285714285714284,0.3547486033519553,0.041289646124525,-0.11928,-0.3817663817663816,0.05102218907754425,0.367707734449593,0.2093649617635686
3625,2024-11-26,2024-12-06,2024,因連續3個營業日達本中心作業要點第四條第一項第一款,10,9,0.2623456790123457,0.2579206790123457,-0.1141975308641974,585.335265345263,True,True,True,True,1413462.0,False,False,3625,2024-11-20,0.1294799999999999,0.3179916317991633,0.3938053097345131,0.3125,0.0449545736754782,-0.1294799999999999,-0.3179916317991633,-0.10750348685677777,1.0302190664683961,0.46135778980580916
5314,2024-11-29,2024-12-11,2024,因連續3個營業日達本中心作業要點第四條第一項第一款,10,9,0.170670037926675,0.166245037926675,-0.0265486725663717,70.65928503094206,True,True,True,True,295279.0,False,False,5314,2024-11-25,-0.02312,0.2517482517482516,0.2197614991482113,0.7047619047619047,0.052450731672486,0.02312,-0.2517482517482516,2.2641649589841784,1.7183752721378218,1.991270115561
3597,2024-12-02,2024-12-12,2024,因連續3個營業日達本中心作業要點第四條第一項第一款,10,9,-0.2054108216432866,-0.2098358216432866,-0.2074148296593186,-0.9985584990764872,True,True,True,True,770132.0,False,False,3597,2024-11-26,0.14688,0.4369747899159661,0.4741379310344829,0.3959183673469386,0.0581967120408864,-0.14688,-0.4369747899159661,-0.37792963992121376,-0.20581385584468437,-0.29187174788294906
6144,2024-12-03,2024-12-13,2024,因連續3個營業日達本中心作業要點第四條第一項第一款,10,9,-0.0240673886883273,-0.0284923886883273,-0.0782190132370638,-0.5519942994276514,True,True,True,True,65544.0,False,False,6144,2024-11-27,0.27328,0.6025039123630673,0.292929292929293,-0.2579710144927536,0.0924126342026908,-0.27328,-0.6025039123630673,-2.3424046828720466,-1.925380290157682,-2.1338924865148643
5314,2024-12-05,2024-12-17,2024,因連續3個營業日達本中心作業要點第四條第一項第一款,10,9,0.0645833333333334,0.0601583333333334,-0.103125,4.066902416802069,True,True,True,True,83204.0,False,False,5314,2024-11-25,-0.02312,0.2517482517482516,0.2197614991482113,0.7047619047619047,0.052450731672486,0.02312,-0.2517482517482516,2.2641649589841784,1.7183752721378218,1.991270115561
6781,2024-12-11,2024-12-23,2024,連續三次,10,9,0.0242872228088701,0.0198622228088701,-0.0527983104540654,0.7268874476486851,True,True,True,True,440180.0,False,False,6781,2024-12-05,-0.0164199999999999,0.2875000000000001,0.2146226415094339,0.6968698517298189,0.0438763607345882,0.0164199999999999,-0.2875000000000001,2.160035348321435,1.3469753314333595,1.7535053398773972
3625,2024-12-11,2024-12-23,2024,因連續3個營業日達本中心作業要點第四條第一項第一款,10,9,-0.0816901408450704,-0.0861151408450704,-0.0845070422535211,-0.91803050057656,True,True,True,True,1198897.0,False,True,3625,2024-11-20,0.1294799999999999,0.3179916317991633,0.3938053097345131,0.3125,0.0449545736754782,-0.1294799999999999,-0.3179916317991633,-0.10750348685677777,1.0302190664683961,0.46135778980580916
6426,2024-12-12,2024-12-24,2024,連續三次,10,9,-0.1780684104627766,-0.1824934104627766,-0.1790744466800805,-0.9962914706371002,True,True,True,True,1526982.0,False,False,6426,2024-12-06,0.15788,0.4822404371584698,0.504854368932039,0.588579795021962,0.0442173619531361,-0.15788,-0.4822404371584698,-0.5488887022033271,-0.6760470478954477,-0.6124678750493874
4571,2024-12-26,2025-01-10,2024,連續三次及當日沖銷標準,12,11,-0.2193308550185874,-0.2237558550185874,-0.2304832713754646,-0.9968379974625928,True,True,True,True,1760964.0,False,False,4571,2024-12-20,0.05888,0.3333333333333332,0.4693877551020409,0.4078212290502794,0.045054558138291,-0.05888,-0.3333333333333332,0.9897428583356953,0.8708448451023793,0.9302938517190373
2466,2024-12-27,2025-01-09,2024,連續三次,10,9,0.2293291731669267,0.2249041731669266,0.0,279.0792608342628,True,True,True,True,694399.0,False,False,2466,2024-12-23,0.13808,0.4805890227576972,0.5129958960328318,0.6005788712011577,0.0453115043081727,-0.13808,-0.4805890227576972,-0.24116239009552282,-0.6588916571658365,-0.4500270236306797
2250,2024-12-30,2025-01-10,2024,連續三次,10,9,-0.2049469964664311,-0.2093719964664311,-0.2226148409893993,-0.9985348090013302,True,True,True,True,1941976.0,False,False,2250,2024-12-24,0.11628,0.389776357827476,0.430921052631579,0.4077669902912622,0.0385530758274286,-0.11628,-0.389776357827476,0.0976473878817571,0.28449768795937347,0.19107253792056528
6922,2024-12-31,2025-01-13,2024,因連續3個營業日達本中心作業要點第四條第一項第一款,10,9,-0.1717647058823529,-0.1761897058823529,-0.1905882352941176,-0.9954094251923888,True,True,True,True,254919.0,False,False,6922,2024-12-25,0.1316799999999999,0.4560260586319218,0.3796296296296295,0.5574912891986064,0.0448434915854739,-0.1316799999999999,-0.4560260586319218,-0.1416952993132006,-0.4037241796035982,-0.2727097394583994
2466,2025-01-02,2025-01-14,2024,連續三次,10,9,0.0527777777777778,0.0483527777777778,-0.1,2.712371211831439,True,True,True,True,280227.0,False,False,2466,2024-12-23,0.13808,0.4805890227576972,0.5129958960328318,0.6005788712011577,0.0453115043081727,-0.13808,-0.4805890227576972,-0.24116239009552282,-0.6588916571658365,-0.4500270236306797
5314,2025-01-03,2025-01-15,2024,因連續3個營業日達本中心作業要點第四條第一項第一款,10,9,0.0097560975609756,0.0053310975609756,-0.1707317073170732,0.159156644501095,True,True,True,True,185123.0,False,False,5314,2024-12-27,0.0874799999999999,0.3594232749742534,0.4301191765980499,0.6562107904642409,0.0583369938223605,-0.0874799999999999,-0.3594232749742534,0.5452492964022014,0.5998146646986346,0.5725319805504181
6477,2025-01-14,2025-02-06,2025,連續三次及當日沖銷標準,12,11,0.0411686586985393,0.0367436586985393,-0.0199203187250995,1.2707425672624857,True,True,True,True,971531.0,False,False,6477,2025-01-08,0.09758,0.4422735346358792,0.4346289752650176,0.3224755700325734,0.0419121885126561,-0.09758,-0.4422735346358792,0.38827779376135013,-0.2608588136723778,0.06370949004448617
8045,2025-01-15,2025-02-05,2025,連續三次,10,9,0.2117117117117117,0.2072867117117117,-0.018018018018018,186.2887453707191,True,True,True,True,318539.0,False,False,8045,2025-01-09,0.18178,0.4866581956797966,0.5940054495912805,0.6786226685796268,0.0471183739927008,-0.18178,-0.4866581956797966,-0.9203361193435557,-0.7219400554573133,-0.8211380874004346
6547,2025-01-20,2025-02-10,2025,因連續3個營業日達本中心作業要點第四條第一項第一款,10,9,-0.0040941658137154,-0.0085191658137154,-0.0051177072671443,-0.2115271133329556,True,True,True,True,2885171.0,False,False,6547,2025-01-14,0.1087799999999999,0.4177215189873418,0.3566621803499328,0.4482758620689655,0.0424868658520285,-0.1087799999999999,-0.4177215189873418,0.2142103848922905,-0.005805072192871914,0.1042026563497093
3379,2025-02-03,2025-02-17,2025,連續3個營業日及沖銷標準,12,11,0.0471014492753623,0.0426764492753623,-0.1032608695652174,1.5851758986683877,True,True,True,True,2670281.0,False,False,3379,2025-01-17,0.2597799999999999,0.4891443167305236,0.546419098143236,0.7402985074626864,0.0577500524152893,-0.2597799999999999,-0.4891443167305236,-2.132591288253087,-0.747766630547357,-1.440178959400222
3081,2025-02-04,2025-02-18,2025,連續3個營業日及沖銷標準,12,11,-0.002061855670103,-0.006486855670103,-0.0927835051546391,-0.1374902189473866,True,True,True,True,1709026.0,False,False,3081,2025-01-20,-0.02212,0.3378561736770691,0.345156889495225,0.4207492795389049,0.0386628877954279,0.02212,-0.3378561736770691,2.2486232260494408,0.8238602158850622,1.5362417209672514
6485,2025-02-11,2025-02-21,2025,因連續3個營業日達本中心作業要點第四條第一項第一款,10,9,0.0945757997218359,0.0901507997218359,-0.0500695410292073,9.997496324327487,True,True,True,True,957600.0,False,False,6485,2025-02-05,0.0719799999999999,0.3686534216335542,0.612483745123537,0.3732004429678848,0.0477569231827994,-0.0719799999999999,-0.3686534216335542,0.7861461568906342,0.503929118128471,0.6450376375095526
8096,2025-02-12,2025-02-24,2025,因連續3個營業日達本中心作業要點第四條第一項第一款,10,9,0.281045751633987,0.276620751633987,0.0,882.4131904946236,True,True,True,True,12035581.0,False,False,8096,2025-02-06,0.0840799999999999,0.2857142857142856,0.4117647058823528,0.3475935828877006,0.0403039472157564,-0.0840799999999999,-0.2857142857142856,0.5980911883803093,1.3655258698618415,0.9818085291210754
6148,2025-02-13,2025-02-27,2025,連續3個營業日及沖銷標準,12,11,0.0051948051948051,0.0007698051948051,-0.0207792207792206,0.0176426672018708,True,True,True,True,1891697.0,False,False,6148,2025-02-07,0.22358,0.5790513833992095,0.5728346456692914,0.6012024048096194,0.0462105986757463,-0.22358,-0.5790513833992095,-1.5699805560155875,-1.6817483478757964,-1.625864451945692
3349,2025-02-13,2025-02-25,2025,因連續3個營業日達本中心作業要點第四條第一項第一款,10,9,-0.1023255813953487,-0.1067505813953487,-0.1162790697674418,-0.9565357962558044,True,True,True,True,17160.0,False,False,3349,2025-02-07,0.16758,0.461290322580645,0.4335443037974682,0.3092485549132946,,-0.16758,-0.461290322580645,-0.699643511670282,-0.4584109407835306,-0.5790272262269063
4154,2025-02-13,2025-02-25,2025,因連續3個營業日達本中心作業要點第四條第一項第一款,10,9,-0.1365638766519823,-0.1409888766519823,-0.1629955947136563,-0.9853231455422076,True,True,True,True,82754.0,False,False,4154,2025-02-07,0.0679799999999999,0.3802816901408452,0.3754385964912281,0.3198653198653201,,-0.0679799999999999,-0.3802816901408452,0.8483130886295847,0.3831311587198083,0.6157221236746965
4946,2025-02-17,2025-02-27,2025,因連續3個營業日達本中心作業要點第四條第一項第一款,10,9,0.2052117263843649,0.2007867263843649,0.0,160.20760083246444,True,True,True,True,201342.0,False,False,4946,2025-02-11,0.21328,0.5328282828282829,0.5931758530183726,0.572538860103627,0.0429485155138097,-0.21328,-0.5328282828282829,-1.4099007067877902,-1.2015688419580974,-1.3057347743729437
6113,2025-02-17,2025-02-27,2025,因連續3個營業日達本中心作業要點第四條第一項第一款,10,9,-0.1035940803382663,-0.1080190803382663,-0.1120507399577166,-0.9582181271949726,True,True,True,True,246818.0,False,False,6113,2025-02-11,0.11928,0.4545454545454546,0.4189602446483178,0.1958762886597937,0.0457748393544182,-0.11928,-0.4545454545454546,0.05102218907754425,-0.3883432179217085,-0.16866051442208213
8096,2025-02-18,2025-03-03,2025,因連續3個營業日達本中心作業要點第四條第一項第一款,10,9,-0.1138888888888889,-0.1183138888888889,-0.1305555555555555,-0.9697347383947292,True,True,True,True,4747923.0,False,False,8096,2025-02-06,0.0840799999999999,0.2857142857142856,0.4117647058823528,0.3475935828877006,0.0403039472157564,-0.0840799999999999,-0.2857142857142856,0.5980911883803093,1.3655258698618415,0.9818085291210754
4971,2025-02-18,2025-03-03,2025,因連續3個營業日達本中心作業要點第四條第一項第一款,10,9,-0.0058823529411764,-0.0103073529411764,-0.0529411764705882,-0.2500893064218324,True,True,True,True,1204330.0,False,False,4971,2025-02-12,0.26238,0.5906680805938496,0.5957446808510638,0.6685205784204671,0.0568227820155278,-0.26238,-0.5906680805938496,-2.1729997938834065,-1.8024261009996598,-1.9877129474415332
6739,2025-02-18,2025-03-03,2025,因連續3個營業日達本中心作業要點第四條第一項第一款,10,9,-0.1019786910197869,-0.1064036910197869,-0.1248097412480974,-0.9560644842245072,True,True,True,True,557802.0,False,False,6739,2025-02-12,0.0438799999999999,0.3415841584158416,0.355,0.2997601918465227,0.0370671628290747,-0.0438799999999999,-0.3415841584158416,1.2228688523567608,0.7851327863569262,1.0040008193568435
2438,2025-02-19,2025-03-04,2025,連續三次,10,9,-0.1070496083550912,-0.1114746083550912,-0.1592689295039163,-0.9624886829136232,True,True,True,True,151036.0,False,False,2438,2025-02-13,0.19198,0.5653846153846156,0.4305799648506152,0.3003194888178915,0.0505911516173782,-0.19198,-0.5653846153846156,-1.0788617952778796,-1.5397738409370043,-1.3093178181074419
8234,2025-02-20,2025-03-07,2025,連續5個營業日及沖銷標準,12,11,-0.0483193277310924,-0.0527443277310924,-0.1008403361344538,-0.7081471308036185,True,True,True,True,3642223.0,False,False,8234,2025-02-12,0.1263799999999999,0.3355932203389831,0.3946902654867257,0.2104454685099848,0.0447440541405699,-0.1263799999999999,-0.3355932203389831,-0.05932411475909134,0.8473684574866742,0.3940221713637914
6276,2025-02-21,2025-03-06,2025,因連續3個營業日達本中心作業要點第四條第一項第一款,10,9,0.003841229193342,-0.0005837708066579,-0.0038412291933418,-0.0160897453910239,True,True,True,True,117369.0,False,False,6276,2025-02-17,0.0788799999999999,0.3826530612244898,0.4065743944636679,0.3779661016949152,0.0446810790499218,-0.0788799999999999,-0.3826530612244898,0.678908199640945,0.35849664088722066,0.5187024202640829
4534,2025-03-04,2025-03-14,2025,因連續3個營業日達本中心作業要點第四條第一項第一款,10,9,0.0822898032200358,0.0778648032200358,-0.1127012522361359,7.027191588875894,True,True,True,True,2178812.0,False,False,4534,2025-02-25,0.0457799999999999,0.3162583518930959,0.3938679245283019,0.4240963855421686,0.0369227127175502,-0.0457799999999999,-0.3162583518930959,1.1933395597807595,1.0482249007510922,1.1207822302659258
4946,2025-03-18,2025-03-28,2025,因連續3個營業日達本中心作業要點第四條第一項第一款,10,9,-0.1675025075225676,-0.1719275075225677,-0.1775325977933801,-0.9947018889108512,True,True,True,True,165458.0,False,False,4946,2025-03-12,0.15448,0.5211267605633803,0.3670886075949366,0.7792421746293245,0.0622060239712773,-0.15448,-0.5211267605633803,-0.4960468102252194,-1.0800099004278958,-0.7880283553265576
3528,2025-03-19,2025-04-02,2025,連續三次及當日沖銷標準,12,11,-0.120767494356659,-0.125192494356659,-0.239277652370203,-0.9521557713292126,True,True,True,True,1594991.0,False,False,3528,2025-03-13,0.04628,0.3553571428571429,0.4107806691449815,0.4107806691449815,0.0364570754951229,-0.04628,-0.3553571428571429,1.185568693313389,0.6420548711511258,0.9138117822322575
8088,2025-03-25,2025-04-10,2025,連續5個營業日及沖銷標準,12,11,-0.2403225806451613,-0.2447475806451613,-0.3048387096774193,-0.998304231823761,True,True,True,True,1683810.0,False,False,8088,2025-03-19,0.12228,0.3082706766917291,0.4652631578947368,0.5364238410596027,0.0504039236419104,-0.12228,-0.3082706766917291,0.004396990273331411,1.131203279186308,0.5678001347298197
8111,2025-03-26,2025-04-11,2025,連續3個營業日及沖銷標準,12,11,-0.3918032786885246,-0.3962282786885246,-0.4024590163934426,-0.9999895326766176,True,True,True,True,2392585.0,False,False,8111,2025-03-20,0.06468,0.3780000000000001,0.3643564356435644,0.5142857142857145,0.0407885533757813,-0.06468,-0.3780000000000001,0.8996008073142172,0.40683404387800104,0.6532174255961092
2468,2025-04-01,2025-04-17,2025,連續三次及當日沖銷標準,12,11,0.0897196261682242,0.0852946261682242,-0.2121495327102803,5.425415189893839,True,True,True,True,4996392.0,False,False,2468,2025-03-26,0.14828,0.5506172839506172,0.4370709382151028,0.6143958868894601,0.0531469352961181,-0.14828,-0.5506172839506172,-0.39968806602984613,-1.386366349355612,-0.893027207692729
6140,2025-04-01,2025-04-17,2025,連續3個營業日及沖銷標準,12,11,0.1186206896551722,0.1141956896551722,-0.2179310344827586,10.676326430944286,True,True,True,True,2639077.0,False,False,6140,2025-03-26,0.05678,0.3691588785046729,0.246808510638298,0.2683982683982686,0.0529607748995064,-0.05678,-0.3691588785046729,1.0223804974986443,0.4986782797459601,0.7605293886223022
6517,2025-04-17,2025-04-29,2025,因連續3個營業日達本中心作業要點第四條第一項第一款,10,9,-0.0115942028985507,-0.0160192028985507,-0.1710144927536231,-0.3614660794031313,True,True,True,True,1052992.0,False,False,6517,2025-03-19,0.09758,0.2784992784992786,0.340393343419062,0.3067846607669615,0.0374604173223482,-0.09758,-0.2784992784992786,0.38827779376135013,1.4404775402799397,0.9143776670206449
3297,2025-04-17,2025-05-02,2025,連續3個營業日及沖銷標準,12,11,0.0909090909090908,0.0864840909090908,-0.103030303030303,5.587384103461504,True,True,True,True,1161822.0,False,False,3297,2025-04-11,0.1141799999999999,0.2830578512396695,0.4018058690744921,0.4408352668213458,0.0670257202467919,-0.1141799999999999,-0.2830578512396695,0.13028502704470743,1.3931217121521402,0.7617033695984238
6560,2025-04-23,2025-05-06,2025,因連續3個營業日達本中心作業要點第四條第一項第一款,10,9,0.1015625,0.0971375,-0.0218749999999999,12.132964249884092,True,True,True,True,162626.0,False,False,6560,2025-04-17,0.12108,0.3008298755186722,0.0450000000000001,0.0015974440894568,0.0629676566847538,-0.12108,-0.3008298755186722,0.023047069795016636,1.2085005653220111,0.6157738175585139
3128,2025-04-23,2025-05-06,2025,因連續3個營業日達本中心作業要點第四條第一項第一款,10,9,0.0847457627118644,0.0803207627118644,0.0,7.551062490067393,True,True,True,True,425074.0,False,False,3128,2025-04-17,0.1233799999999999,0.3061224489795917,0.0870488322717621,-0.2049689440993789,0.0812176992410586,-0.1233799999999999,-0.3061224489795917,-0.012698915954878499,1.153519716393501,0.5704104002193112
6916,2025-04-24,2025-05-07,2025,連續三次,10,9,0.0954198473282443,0.0909948473282443,-0.0515267175572518,10.23648665986396,True,True,True,True,258049.0,False,False,6916,2025-04-18,0.08688,0.4880239520958085,0.137299771167048,-0.0442307692307691,0.0693785189177855,-0.08688,-0.4880239520958085,0.5545743361630425,-0.7361279449096494,-0.09077680437330343
3709,2025-05-02,2025-05-14,2025,因連續3個營業日達本中心作業要點第四條第一項第一款,10,9,-0.057877813504823,-0.062302813504823,-0.0707395498392282,-0.8325205714354583,True,True,True,True,2242490.0,False,False,3709,2025-04-25,0.2051799999999999,0.4127218934911243,0.6213921901528014,0.4148148148148147,0.0736696943943467,-0.2051799999999999,-0.4127218934911243,-1.284012670016414,0.04613254494865828,-0.6189400625338779
3147,2025-05-02,2025-05-16,2025,連續3個營業日及沖銷標準,12,11,-0.1710758377425044,-0.1755008377425044,-0.1887125220458554,-0.9875481969331992,True,True,True,True,1377701.0,False,False,3147,2025-04-25,0.06788,0.3614457831325302,0.7018072289156627,0.4947089947089946,0.0715581682226824,-0.06788,-0.3614457831325302,0.849867261923057,0.5788042401238995,0.7143357510234782
7714,2025-05-07,2025-05-19,2025,因連續3個營業日達本中心作業要點第四條第一項第一款,10,9,-0.1584507042253521,-0.1628757042253521,-0.1795774647887323,-0.9928340084064032,True,True,True,True,223303.0,False,False,7714,2025-04-30,0.1693799999999999,0.4554455445544554,0.4411764705882353,0.6243093922651934,0.0687692178888069,-0.1693799999999999,-0.4554455445544554,-0.7276186309528079,-0.3976936243303024,-0.5626561276415551
4946,2025-05-09,2025-05-21,2025,因連續3個營業日達本中心作業要點第四條第一項第一款,10,9,0.0985915492957747,0.0941665492957747,-0.187793427230047,11.180102114466065,True,True,True,True,252836.0,False,False,4946,2025-05-05,0.14558,0.412162162162162,0.613899613899614,1.3145071982281284,0.0649562271582305,-0.14558,-0.412162162162162,-0.3577253871060545,0.05194720276408035,-0.15288909217098706
6441,2025-05-09,2025-05-21,2025,因連續3個營業日達本中心作業要點第四條第一項第一款,10,9,0.1094017094017094,0.1049767094017094,-0.0256410256410256,15.004917770025124,True,True,True,True,70336.0,False,False,6441,2025-05-05,0.07858,0.366812227074236,0.2907216494845361,-0.0110584518167455,0.0655853823687956,-0.07858,-0.366812227074236,0.6835707195213646,0.5230560023675574,0.603313360944461
3073,2025-05-12,2025-05-26,2025,連續3個營業日及沖銷標準,12,11,-0.0429906542056074,-0.0474156542056074,-0.0560747663551401,-0.6684624421998706,True,True,True,True,445258.0,False,False,3073,2025-05-06,0.21938,0.5870570107858242,0.6246056782334386,0.4841498559077808,0.0714111757956324,-0.21938,-0.5870570107858242,-1.5047052776896894,-1.7649132190243089,-1.6348092483569991
6596,2025-05-19,2025-05-29,2025,因連續3個營業日達本中心作業要點第四條第一項第一款,10,9,0.0677966101694915,0.0633716101694915,0.0,4.511270212320801,True,True,True,True,463470.0,False,False,6596,2025-05-13,0.0518799999999999,0.3381858902575587,0.3233665559246954,0.4662576687116564,0.0398318286240461,-0.0518799999999999,-0.3381858902575587,1.09853498887886,0.82043502063081,0.959485004754835
6499,2025-05-19,2025-05-29,2025,因連續3個營業日達本中心作業要點第四條第一項第一款,10,9,0.4037267080745341,0.3993017080745341,-0.0124223602484472,11299.390507483213,True,True,True,True,1810453.0,False,False,6499,2025-05-13,0.14358,0.4508670520231213,0.4735812133072405,0.8478527607361963,0.0422974929668865,-0.14358,-0.4508670520231213,-0.3266419212365797,-0.3501308634079702,-0.33838639232227496
6442,2025-05-20,2025-06-02,2025,連續三次,10,9,-0.0679287305122494,-0.0723537305122494,-0.0712694877505567,-0.8758474561735143,True,True,True,True,302390.0,False,True,6442,2025-05-14,0.02548,0.2892906815020861,0.2803867403314917,0.3130311614730878,0.0443585100886993,-0.02548,-0.2892906815020861,1.5088367383559311,1.3283731920634954,1.4186049652097132
4554,2025-05-21,2025-06-03,2025,因連續3個營業日達本中心作業要點第四條第一項第一款,10,9,-0.1868131868131868,-0.1912381868131868,-0.2065934065934065,-0.997249180173732,True,True,True,True,507182.0,False,False,4554,2025-05-15,0.1390799999999999,0.4627118644067796,0.467687074829932,0.5247349823321554,0.0408554147526189,-0.1390799999999999,-0.4627118644067796,-0.2567041230302587,-0.4731783458966351,-0.3649412344634469
6591,2025-05-22,2025-06-04,2025,連續三次,10,9,-0.0560625814863102,-0.0604875814863102,-0.0677966101694915,-0.8232772906893537,True,True,True,True,2437246.0,False,False,6591,2025-05-16,0.11978,0.465863453815261,0.5287958115183247,0.6367713004484303,0.0395347960741257,-0.11978,-0.465863453815261,0.04325132261017545,-0.505918006939017,-0.23133334216442078
8038,2025-05-22,2025-06-04,2025,因連續3個營業日達本中心作業要點第四條第一項第一款,10,9,-0.005190311418685,-0.009615311418685,-0.0346020761245674,-0.2353861633010729,True,True,True,True,314019.0,False,False,8038,2025-05-16,0.0865799999999999,0.3481308411214954,0.3512880562060889,0.4073170731707318,0.0427895879615807,-0.0865799999999999,-0.3481308411214954,0.5592368560434654,0.7171238724551611,0.6381803642493132
4554,2025-05-26,2025-06-06,2025,因連續3個營業日達本中心作業要點第四條第一項第一款,10,9,-0.0893246187363834,-0.0937496187363834,-0.2135076252723311,-0.9350693031892128,True,True,True,True,217938.0,False,False,4554,2025-05-15,0.1390799999999999,0.4627118644067796,0.467687074829932,0.5247349823321554,0.0408554147526189,-0.1390799999999999,-0.4627118644067796,-0.2567041230302587,-0.4731783458966351,-0.3649412344634469
1419,2025-05-28,2025-06-10,2025,連續三次,10,9,-0.1063829787234043,-0.1108079787234043,-0.1476063829787235,-0.9616990170338656,True,True,True,True,1897417.0,False,False,1419,2025-05-22,0.17828,0.5594002306805073,0.5887191539365453,0.6568627450980391,0.0417640122072833,-0.17828,-0.5594002306805073,-0.8659400540719742,-1.477606248219358,-1.1717731511456662
6499,2025-05-28,2025-06-10,2025,最近10個營業日內有6個營業日,10,9,-0.2866141732283465,-0.2910391732283465,-0.3031496062992126,-0.9999291046494636,True,True,True,True,1729357.0,False,False,6499,2025-05-13,0.14358,0.4508670520231213,0.4735812133072405,0.8478527607361963,0.0422974929668865,-0.14358,-0.4508670520231213,-0.3266419212365797,-0.3501308634079702,-0.33838639232227496
4946,2025-05-29,2025-06-11,2025,因連續3個營業日達本中心作業要點第四條第一項第一款,10,9,-0.0995475113122171,-0.1039725113122171,-0.1493212669683258,-0.9526202688145512,True,True,True,True,73159.0,False,False,4946,2025-05-23,0.0749799999999999,0.3490813648293962,0.2628992628992628,0.8035087719298246,0.0609238313655959,-0.0749799999999999,-0.3490813648293962,0.7395209580864216,0.7072495455756276,0.7233852518310246
6560,2025-05-29,2025-06-11,2025,因連續3個營業日達本中心作業要點第四條第一項第一款,10,9,-0.0780590717299577,-0.0824840717299577,-0.129746835443038,-0.9084856426522434,True,True,True,True,740027.0,False,False,6560,2025-05-23,0.16358,0.5031645569620253,0.5273311897106108,0.3848396501457727,0.0581320132223697,-0.16358,-0.5031645569620253,-0.6374765799313316,-0.8934131134543124,-0.765444846692822
3297,2025-06-02,2025-06-16,2025,連續3個營業日及沖銷標準,12,11,0.0929936305732483,0.0885686305732483,-0.0624203821656051,5.880692665545437,True,True,True,True,754723.0,False,False,3297,2025-05-26,0.15868,0.4516666666666666,0.411669367909238,0.2080443828016642,0.0623537929902091,-0.15868,-0.4516666666666666,-0.5613220885511171,-0.35843750142488545,-0.45987979498800124
5475,2025-06-03,2025-06-13,2025,因連續3個營業日達本中心作業要點第四條第一項第一款,10,9,0.151098901098901,0.146673901098901,-0.0384615384615384,43.78257964241024,True,True,True,True,4066493.0,False,False,5475,2025-05-27,0.13588,0.4358974358974361,0.4608695652173913,0.5272727272727273,0.0409496527472829,-0.13588,-0.4358974358974361,-0.20697057763909998,-0.19462197745646648,-0.20079627754778323
6499,2025-06-03,2025-06-13,2025,因連續3個營業日達本中心作業要點第四條第一項第一款,10,9,-0.0262008733624453,-0.0306258733624453,-0.2270742358078602,-0.5785347483208827,True,True,True,True,1237919.0,False,False,6499,2025-05-13,0.14358,0.4508670520231213,0.4735812133072405,0.8478527607361963,0.0422974929668865,-0.14358,-0.4508670520231213,-0.3266419212365797,-0.3501308634079702,-0.33838639232227496
3294,2025-06-04,2025-06-18,2025,連續3個營業日及沖銷標準,12,11,0.1609353507565336,0.1565103507565336,-0.0330123796423659,26.240586621838503,True,True,True,True,1448703.0,False,False,3294,2025-05-28,0.0443799999999999,0.3127208480565371,0.2508417508417508,0.3173758865248226,0.0478281256419674,-0.0443799999999999,-0.3127208480565371,1.215097985889392,1.0849735572332406,1.1500357715613163
6593,2025-06-05,2025-06-19,2025,連續3個營業日及沖銷標準,12,11,-0.0086330935251798,-0.0130580935251798,-0.1568345323741007,-0.2582400048063701,True,True,True,True,536672.0,False,False,6593,2025-05-29,0.18508,0.3884120171673819,0.4873563218390806,0.4539325842696629,0.0463981816443451,-0.18508,-0.3884120171673819,-0.9716238380281899,0.29867087011235693,-0.33647648395791646
4168,2025-06-10,2025-06-20,2025,因連續3個營業日達本中心作業要點第四條第一項第一款,10,9,0.1197604790419162,0.1153354790419162,-0.0179640718562873,19.74053372830121,True,True,True,True,611559.0,False,False,4168,2025-06-04,0.1713799999999999,0.361179361179361,0.4734042553191488,0.5518207282913163,0.0474238191873595,-0.1713799999999999,-0.361179361179361,-0.7587020968222832,0.5815719117049546,-0.0885650925586643
6885,2025-06-12,2025-06-24,2025,連續三次,10,9,0.1275964391691393,0.1231714391691393,-0.029673590504451,24.192960434758486,True,True,True,True,606278.0,False,False,6885,2025-06-06,0.11558,0.4461538461538461,0.4335511982570805,0.4819819819819819,0.0418996361922607,-0.11558,-0.4461538461538461,0.1085266009360733,-0.30116865971234796,-0.09632102938813733
7642,2025-06-20,2025-07-02,2025,因連續3個營業日達本中心作業要點第四條第一項第一款,10,9,0.0740740740740741,0.0696490740740741,-0.0277777777777777,5.490211905501988,True,True,True,True,531992.0,False,False,7642,2025-06-16,0.21558,0.4246119733924611,0.4855491329479768,,,-0.21558,-0.4246119733924611,-1.4456466925376867,-0.0773851901627102,-0.7615159413501985
6499,2025-06-24,2025-07-08,2025,連續3個營業日及沖銷標準,12,11,0.1023622047244094,0.0979372047244094,-0.0157480314960629,7.360186213961526,True,True,True,True,607668.0,False,False,6499,2025-06-18,0.18268,0.3855421686746989,0.2897196261682242,0.5488215488215489,0.0684321341077888,-0.18268,-0.3855421686746989,-0.9343236789848198,0.3284837215709178,-0.302919978706951
6739,2025-06-30,2025-07-14,2025,連續3個營業日及沖銷標準,12,11,-0.02,-0.024425,-0.0533333333333333,-0.4299352990766786,True,True,True,True,340551.0,False,False,6739,2025-06-24,0.1119799999999999,0.3663003663003663,0.45703125,0.4743083003952568,0.0413300891746621,-0.1119799999999999,-0.3663003663003663,0.16447683950113026,0.5283733664227503,0.3464251029619403
6895,2025-06-30,2025-07-10,2025,因連續3個營業日達本中心作業要點第四條第一項第一款,10,9,0.1676300578034681,0.1632050578034681,-0.0144508670520231,65.64776779853901,True,True,True,True,285711.0,False,False,6895,2025-06-24,0.0467799999999999,0.3167259786476868,0.2847222222222223,0.48,0.0429057092430101,-0.0467799999999999,-0.3167259786476868,1.1777978268460219,1.043367053025607,1.1105824399358144
3040,2025-06-30,2025-07-10,2025,連續三次,10,9,-0.057437407952872,-0.061862407952872,-0.1104565537555228,-0.8303217874836468,True,True,True,True,2033910.0,False,False,3040,2025-06-24,0.05218,0.3784683684794674,0.3986486486486487,0.4113636363636364,0.036733866092583,-0.05218,-0.3784683684794674,1.0938724689984374,0.40196849089085485,0.7479204799446462
2314,2025-07-01,2025-07-11,2025,連續三次,10,9,0.0155440414507772,0.0111190414507772,-0.0259067357512953,0.3595554342007274,True,True,True,True,1758454.0,False,False,2314,2025-06-25,0.17188,0.5947075208913648,0.4870129870129869,0.3696172248803828,0.0497077734685245,-0.17188,-0.5947075208913648,-0.7664729632896536,-1.8443890247820796,-1.3054309940358666
4804,2025-07-03,2025-07-15,2025,因連續3個營業日達本中心作業要點第四條第一項第一款,10,9,0.0265625,0.0221375,-0.059375,0.8371635934010748,True,True,True,True,276490.0,False,False,4804,2025-06-27,0.18038,0.4642857142857144,0.4891041162227605,0.5974025974025974,0.0392984645678088,-0.18038,-0.4642857142857144,-0.8985776932349234,-0.4895279729861449,-0.6940528331105342
3122,2025-07-04,2025-07-16,2025,因連續3個營業日達本中心作業要點第四條第一項第一款,10,9,-0.0303541315345698,-0.0347791315345698,-0.0489038785834738,-0.6259204464857944,True,True,True,True,705176.0,False,False,3122,2025-06-30,0.1562799999999999,0.4644670050761423,0.3903614457831326,0.4425000000000001,0.046257391546693,-0.1562799999999999,-0.4644670050761423,-0.5240219295077453,-0.4914112763798997,-0.5077166029438225
3577,2025-07-09,2025-07-21,2025,因連續3個營業日達本中心作業要點第四條第一項第一款,10,9,0.2339181286549707,0.2294931286549707,0.0,309.73618602981395,True,True,True,True,1000309.0,False,False,3577,2025-07-03,0.1227799999999999,0.3800978792822185,0.451114922813036,0.4662045060658577,0.0372124364422298,-0.1227799999999999,-0.3800978792822185,-0.0033738761940358864,0.3850406413418629,0.1908333825739135
5245,2025-07-16,2025-07-28,2025,因連續3個營業日達本中心作業要點第四條第一項第一款,10,9,-0.0917159763313608,-0.0961409763313608,-0.1242603550295856,-0.939664217603778,True,True,True,True,226123.0,False,False,5245,2025-07-10,0.10188,0.2745490981963929,0.5550122249388754,0.4454545454545455,0.0521925733421056,-0.10188,-0.2745490981963929,0.3214483421419785,1.4815132043244785,0.9014807732332285
8499,2025-07-18,2025-07-30,2025,連續三次,10,9,-0.0247349823321554,-0.0291599823321554,-0.0706713780918727,-0.5604676762932026,True,True,True,True,699834.0,False,False,8499,2025-07-14,0.0482799999999999,0.308108108108108,0.4028985507246376,0.6805555555555556,0.0408773468125979,-0.0482799999999999,-0.308108108108108,1.1544852274439155,1.1328920906506346,1.143688659047275
5314,2025-07-18,2025-08-01,2025,連續3個營業日及沖銷標準,12,11,0.1631504922644164,0.1587254922644164,-0.0365682137834035,27.45140214088353,True,True,True,True,6184726.0,False,False,5314,2025-07-14,0.21578,0.4282828282828284,0.4428571428571428,0.4225352112676055,0.0508942192084765,-0.21578,-0.4282828282828284,-1.4487550391246342,-0.11551913759982378,-0.782137088362229
3708,2025-07-21,2025-08-04,2025,連續三次及當日沖銷標準,12,11,0.2099999999999999,0.2055749999999999,-0.047,69.03634723237182,True,True,True,True,985252.0,False,False,3708,2025-07-15,0.08878,0.399719495091164,0.4135977337110481,0.3183619550858652,0.0412668568645303,-0.08878,-0.399719495091164,0.5250450435870411,0.18120538000994468,0.3531252117984929
6933,2025-07-22,2025-08-01,2025,連續三次,10,9,0.0230414746543778,0.0186164746543778,-0.0506912442396313,0.6692421129822683,True,True,True,True,811404.0,False,False,6933,2025-07-16,0.04628,0.3319672131147542,0.2645914396887159,0.20817843866171,0.0469306676717875,-0.04628,-0.3319672131147542,1.185568693313389,0.8850365138454763,1.0353026035794328
1595,2025-07-22,2025-08-05,2025,連續3個營業日及沖銷標準,12,11,0.0025125628140703,-0.0019124371859296,-0.0251256281407035,-0.0425732825045436,True,True,True,True,271599.0,False,False,1595,2025-07-16,0.0741799999999999,0.3192182410423452,0.3500000000000001,0.287758346581876,0.0398288385296164,-0.0741799999999999,-0.3192182410423452,0.7519543444342116,1.0174766798030663,0.884715512118639
6933,2025-07-25,2025-08-06,2025,連續三次,10,9,0.0135746606334841,0.0091496606334841,-0.0927601809954751,0.287885282874212,True,True,True,True,92089.0,False,False,6933,2025-07-16,0.04628,0.3319672131147542,0.2645914396887159,0.20817843866171,0.0469306676717875,-0.04628,-0.3319672131147542,1.185568693313389,0.8850365138454763,1.0353026035794328
6442,2025-07-29,2025-08-12,2025,連續三次及當日沖銷標準,12,11,0.0741935483870968,0.0697685483870968,-0.0693548387096774,3.631032706227772,True,True,True,True,1069540.0,False,False,6442,2025-07-23,-0.0180199999999999,0.2433628318584071,0.2516703786191536,0.224400871459695,0.0361965283717743,0.0180199999999999,-0.2433628318584071,2.184902121017015,1.8054855423249017,1.9951938316709583
4989,2025-07-29,2025-08-08,2025,連續三次,10,9,0.0103734439834024,0.0059484439834024,-0.1078838174273859,0.1790924720350082,True,True,True,True,1373537.0,False,False,4989,2025-07-23,0.04458,0.4153846153846154,0.4556962025316455,0.5972222222222221,0.0440338409356058,-0.04458,-0.4153846153846154,1.211989639302443,0.018471387055304052,0.6152305131788736
6291,2025-08-01,2025-08-13,2025,因連續3個營業日達本中心作業要點第四條第一項第一款,10,9,0.069090909090909,0.0646659090909091,-0.0472727272727272,4.700675690931114,True,True,True,True,646078.0,False,False,6291,2025-07-28,0.1830799999999999,0.3836477987421383,0.5714285714285714,0.5402567094515751,0.0430104097667335,-0.1830799999999999,-0.3836477987421383,-0.9405403721587133,0.3481630076206827,-0.2961886822690153
6928,2025-08-05,2025-08-19,2025,連續三次及當日沖銷標準,12,11,-0.0798898071625343,-0.0843148071625343,-0.0881542699724516,-0.8649186910908667,True,True,True,True,525753.0,False,False,6928,2025-07-30,0.2278799999999999,0.5711206896551726,0.5917030567685593,0.691415313225058,0.0517237281720849,-0.2278799999999999,-0.5711206896551726,-1.6368100076349574,-1.5993619100003704,-1.618085958817664
3230,2025-08-05,2025-08-15,2025,因連續3個營業日達本中心作業要點第四條第一項第一款,10,9,0.149312377210216,0.144887377210216,-0.0461689587426326,41.88437523379636,True,True,True,True,1968946.0,False,False,3230,2025-07-30,0.1570799999999999,0.4638364779874213,0.4824840764331211,0.4569640062597808,0.0421408837922522,-0.1570799999999999,-0.4638364779874213,-0.5364553158555353,-0.48486117086577024,-0.5106582433606528
8045,2025-08-05,2025-08-15,2025,連續三次,10,9,0.0707964601769912,0.0663714601769912,-0.0663716814159292,4.959865807257776,True,True,True,True,482315.0,False,False,8045,2025-07-30,0.22428,0.5555555555555556,0.5463917525773194,0.569506726457399,0.0466700513211877,-0.22428,-0.5555555555555556,-1.580859769069904,-1.4376666037751133,-1.5092631864225088
4804,2025-08-08,2025-08-20,2025,因連續3個營業日達本中心作業要點第四條第一項第一款,10,9,-0.0403846153846153,-0.0448096153846153,-0.0817307692307691,-0.7201387089183333,True,True,True,True,375273.0,False,False,4804,2025-08-04,0.14438,0.4537444933920707,0.4558823529411766,0.5840000000000001,0.0374949591347916,-0.14438,-0.4537444933920707,-0.3390753075843697,-0.38002259195459065,-0.35954894976948015
8472,2025-08-11,2025-08-21,2025,因連續3個營業日達本中心作業要點第四條第一項第一款,10,9,0.3345864661654136,0.3301614661654136,-0.0714285714285715,2764.5903209486764,True,True,True,True,146331.0,False,False,8472,2025-08-05,0.1144799999999999,0.4249512670565301,0.3663551401869158,1.5830388692579502,,-0.1144799999999999,-0.4249512670565301,0.12562250716428622,-0.080909875048867,0.02235631605770961
3623,2025-08-11,2025-08-21,2025,因連續3個營業日達本中心作業要點第四條第一項第一款,10,9,-0.0242424242424242,-0.0286674242424242,-0.0464646464646464,-0.5542310308123966,True,True,True,True,131086.0,False,False,3623,2025-08-05,0.06578,0.3764044943820224,0.3999999999999999,0.3881019830028329,0.0388762162731439,-0.06578,-0.3764044943820224,0.8825049010860058,0.4234086373143257,0.6529567692001658
6727,2025-08-13,2025-08-25,2025,因連續3個營業日達本中心作業要點第四條第一項第一款,10,9,0.2286689419795222,0.2242439419795222,0.0,274.91592534297325,True,True,True,True,1476784.0,False,False,6727,2025-08-07,0.1470799999999999,0.424802110817942,0.4896551724137932,0.5561959654178672,0.038238568348517,-0.1470799999999999,-0.424802110817942,-0.3810379865081596,-0.07936039506883265,-0.23019919078849613
6129,2025-08-13,2025-08-25,2025,因連續3個營業日達本中心作業要點第四條第一項第一款,10,9,0.1268115942028984,0.1223865942028984,-0.0072463768115943,23.70850175942694,True,True,True,True,347118.0,False,False,6129,2025-08-07,0.0458799999999999,0.3512195121951218,0.3381642512077294,0.385,0.0396374188149803,-0.0458799999999999,-0.3512195121951218,1.1917853864872856,0.6850378260463861,0.9384116062668358
2493,2025-08-14,2025-08-26,2025,連續三次,10,9,0.1735849056603773,0.1691599056603773,-0.0339622641509433,75.80446841263601,True,True,True,True,1233269.0,False,False,2493,2025-08-08,0.13628,0.4863445378151261,0.44535240040858,0.4708939708939708,0.0399446121015026,-0.13628,-0.4863445378151261,-0.21318727081299518,-0.7186816829850127,-0.4659344768990039
2406,2025-08-14,2025-08-26,2025,連續三次,10,9,0.0657276995305162,0.0613026995305162,-0.0234741784037558,4.221045398295673,True,True,True,True,8637126.0,False,True,2406,2025-08-08,0.17178,0.4301886792452829,0.5791666666666666,0.6196581196581197,0.0442808082553318,-0.17178,-0.4301886792452829,-0.7649187899961797,-0.13531769204988606,-0.4501182410230329
6895,2025-08-18,2025-08-28,2025,因連續3個營業日達本中心作業要點第四條第一項第一款,10,9,0.0379506641366222,0.0335256641366222,-0.0284629981024667,1.4992685611843286,True,True,True,True,533629.0,False,False,6895,2025-08-12,0.06538,0.318918918918919,0.3824362606232294,0.1844660194174756,0.0471731364139834,-0.06538,-0.318918918918919,0.8887215942599009,1.020586128272809,0.954653861266355
6727,2025-08-18,2025-08-28,2025,因連續3個營業日達本中心作業要點第四條第一項第一款,10,9,0.1404011461318051,0.1359761461318051,-0.1002865329512894,33.51704940573441,True,True,True,True,611966.0,False,False,6727,2025-08-07,0.1470799999999999,0.424802110817942,0.4896551724137932,0.5561959654178672,0.038238568348517,-0.1470799999999999,-0.424802110817942,-0.3810379865081596,-0.07936039506883265,-0.23019919078849613
8935,2025-08-18,2025-08-28,2025,因連續3個營業日達本中心作業要點第四條第一項第一款,10,9,0.0584415584415582,0.0540165584415582,-0.1341991341991342,3.3117238111455496,True,True,True,True,2177264.0,False,False,8935,2025-08-12,0.0665799999999999,0.2357954545454543,0.5263157894736843,0.3987138263665595,0.0532997326522205,-0.0665799999999999,-0.2357954545454543,0.8700715147382173,1.8840977395670746,1.377084627152646
3555,2025-08-20,2025-09-01,2025,因連續3個營業日達本中心作業要點第四條第一項第一款,10,9,-0.161042944785276,-0.165467944785276,-0.1932515337423312,-0.993425514821472,True,True,True,True,554492.0,False,False,3555,2025-08-14,0.2316799999999999,0.6053333333333335,0.5842105263157895,0.653846153846154,0.0472697169450105,-0.2316799999999999,-0.6053333333333335,-1.6958685927869608,-1.9547731683236729,-1.8253208805553167
3071,2025-08-21,2025-09-02,2025,因連續3個營業日達本中心作業要點第四條第一項第一款,10,9,0.0983935742971888,0.0939685742971888,0.0,11.119032720800128,True,True,True,True,383856.0,False,False,3071,2025-08-15,0.0649799999999999,0.3386243386243388,0.3977900552486186,0.4016620498614958,0.0368307949785431,-0.0649799999999999,-0.3386243386243388,0.8949382874337974,0.8158802867957688,0.8554092871147831
6727,2025-08-21,2025-09-02,2025,因連續3個營業日達本中心作業要點第四條第一項第一款,10,9,0.1608187134502923,0.1563937134502923,0.0,55.61567937619517,True,True,True,True,571793.0,False,False,6727,2025-08-07,0.1470799999999999,0.424802110817942,0.4896551724137932,0.5561959654178672,0.038238568348517,-0.1470799999999999,-0.424802110817942,-0.3810379865081596,-0.07936039506883265,-0.23019919078849613
6283,2025-08-21,2025-09-02,2025,連續三次,10,9,0.0091240875912408,0.0046990875912408,-0.0310218978102189,0.1390840582794175,True,True,True,True,312394.0,False,False,6283,2025-08-15,0.06248,0.3976190476190477,0.3811764705882354,0.4144578313253013,0.0383788714682457,-0.06248,-0.3976190476190477,0.9337926197706399,0.2030254616771028,0.5684090407238713
4577,2025-08-21,2025-09-02,2025,最近10個營業日內有6個營業日,10,9,-0.1754874651810584,-0.1799124651810584,-0.1838440111420612,-0.9959521158329988,True,True,True,True,405061.0,False,False,4577,2025-08-08,0.0916799999999999,0.2682926829268293,0.42643391521197,0.4193548387096775,0.0405442068416217,-0.0916799999999999,-0.2682926829268293,0.4799740180763035,1.5465067325787165,1.01324037532751
4989,2025-08-21,2025-09-02,2025,連續三次,10,9,-0.1514745308310991,-0.1558995308310992,-0.1957104557640749,-0.990976130129904,True,True,True,True,2419899.0,False,False,4989,2025-08-15,0.15178,0.3675564681724843,0.3933054393305439,0.8196721311475408,0.0621827460083713,-0.15178,-0.3675564681724843,-0.4540841313014278,0.5153246014354166,0.030620235066994406
8358,2025-08-21,2025-09-02,2025,因連續3個營業日達本中心作業要點第四條第一項第一款,10,9,0.2676470588235293,0.2632220588235293,-0.0117647058823529,657.9926635025801,True,True,True,True,17459655.0,False,False,8358,2025-08-15,0.14788,0.3440000000000001,0.4867256637168142,1.009569377990431,0.0500923416904002,-0.14788,-0.3440000000000001,-0.39347137285595135,0.7600362955562574,0.18328246135015303
1815,2025-08-21,2025-09-02,2025,因連續3個營業日達本中心作業要點第四條第一項第一款,10,9,-0.0833333333333332,-0.0877583333333332,-0.117231638418079,-0.9220274389257144,True,True,True,True,22707315.0,False,False,1815,2025-08-15,0.1295799999999999,0.4114490161001789,0.4397810218978104,0.7114967462039046,0.0417267231294924,-0.1295799999999999,-0.4114490161001789,-0.10905766015025137,0.05935557908372466,-0.024851040533263355
6895,2025-08-21,2025-09-02,2025,因連續3個營業日達本中心作業要點第四條第一項第一款,10,9,0.0411214953271028,0.0366964953271028,-0.0130841121495327,1.7212441590028185,True,True,True,True,164214.0,False,False,6895,2025-08-12,0.06538,0.318918918918919,0.3824362606232294,0.1844660194174756,0.0471731364139834,-0.06538,-0.318918918918919,0.8887215942599009,1.020586128272809,0.954653861266355
1717,2025-08-22,2025-09-03,2025,連續三次,10,9,0.0561529271206691,0.0517279271206691,-0.044205495818399,3.059083153255636,True,True,True,True,9507038.0,False,False,1717,2025-08-18,0.14708,0.4300168634064081,0.5306859205776173,0.6434108527131781,0.0411227298805634,-0.14708,-0.4300168634064081,-0.3810379865081609,-0.13353281730975147,-0.2572854019089562
6418,2025-08-22,2025-09-03,2025,因連續3個營業日達本中心作業要點第四條第一項第一款,10,9,0.146551724137931,0.142126724137931,-0.0919540229885056,39.10281142938049,True,True,True,True,765547.0,False,False,6418,2025-08-18,0.1901799999999999,0.4432989690721649,0.5350877192982455,0.6949152542372883,,-0.1901799999999999,-0.4432989690721649,-1.0508866759953501,-0.2715113357854519,-0.661199005890401
1802,2025-08-22,2025-09-05,2025,連續三次及當日沖銷標準,12,11,-0.1557251908396947,-0.1601501908396947,-0.1969465648854961,-0.981063063441848,True,True,True,True,30920497.0,False,False,1802,2025-08-18,0.18438,0.51417004048583,0.5454545454545454,1.2195845697329375,0.0507457032305499,-0.18438,-0.51417004048583,-0.9607446249738734,-1.0077413946724232,-0.9842430098231483
4722,2025-08-25,2025-09-04,2025,連續三次,10,9,0.0826446280991735,0.0782196280991735,-0.0206611570247934,7.100918537189381,True,True,True,True,4516837.0,False,False,4722,2025-08-19,0.04988,0.2456344586728753,0.5070422535211268,0.6984126984126984,0.0420115413693596,-0.04988,-0.2456344586728753,1.1296184547483339,1.7818871980354054,1.4557528263918695
4768,2025-08-25,2025-09-04,2025,因連續3個營業日達本中心作業要點第四條第一項第一款,10,9,0.0853242320819112,0.0808992320819112,-0.0238907849829351,7.679166269221893,True,True,True,True,185114.0,False,False,4768,2025-08-19,0.1102799999999999,0.4028436018957346,0.3454545454545454,0.3577981651376147,0.052535332057375,-0.1102799999999999,-0.4028436018957346,0.19089778549018407,0.1487512165435419,0.16982450101686297
3555,2025-08-25,2025-09-04,2025,因連續3個營業日達本中心作業要點第四條第一項第一款,10,9,-0.1806656101426307,-0.1850906101426307,-0.1806656101426307,-0.9966051975987306,True,True,True,True,119323.0,False,False,3555,2025-08-14,0.2316799999999999,0.6053333333333335,0.5842105263157895,0.653846153846154,0.0472697169450105,-0.2316799999999999,-0.6053333333333335,-1.6958685927869608,-1.9547731683236729,-1.8253208805553167
6733,2025-08-25,2025-09-04,2025,因連續3個營業日達本中心作業要點第四條第一項第一款,10,9,0.1337423312883436,0.1293173312883436,-0.0085889570552147,28.316419096140656,True,True,True,True,453468.0,False,False,6733,2025-08-19,0.10108,0.4019933554817276,0.3701298701298701,0.4627383015597921,0.0383714461551162,-0.10108,-0.4019933554817276,0.3338817284897685,0.15758383265850168,0.24573278057413508
6213,2025-08-26,2025-09-05,2025,連續五次,10,9,-0.0040983606557376,-0.0085233606557376,-0.0327868852459016,-0.2116197730454266,True,True,True,True,5566161.0,False,False,6213,2025-08-19,0.04138,0.3432835820895523,0.3691683569979718,0.5375854214123008,0.0481915298624873,-0.04138,-0.3432835820895523,1.2617231846936032,0.7674786608242807,1.0146009227589419
2380,2025-08-26,2025-09-05,2025,連續三次,10,9,-0.0661764705882352,-0.0706014705882352,-0.1176470588235294,-0.8691656764567267,True,True,True,True,836237.0,False,False,2380,2025-08-20,0.23098,0.6062801932367152,0.6299019607843137,0.8472222222222223,0.0435226316724722,-0.23098,-0.6062801932367152,-1.6849893797326456,-1.9646094344971516,-1.8247994071148987
3081,2025-08-27,2025-09-08,2025,連續5個營業日,10,9,0.0705128205128204,0.0660878205128204,-0.0491452991452991,4.915987832127624,True,True,True,True,672698.0,False,False,3081,2025-08-19,8.00000000000245e-05,0.2424623115577888,0.2566709021601017,0.4291907514450868,0.0432092541433471,-8.00000000000245e-05,-0.2424623115577888,1.9035967548982657,1.8148404187325595,1.8592185868154125
4722,2025-08-28,2025-09-09,2025,連續三次,10,9,-0.0979020979020979,-0.1023270979020979,-0.1643356643356643,-0.9501430820353832,True,True,True,True,1856386.0,False,False,4722,2025-08-19,0.04988,0.2456344586728753,0.5070422535211268,0.6984126984126984,0.0420115413693596,-0.04988,-0.2456344586728753,1.1296184547483339,1.7818871980354054,1.4557528263918695
8201,2025-08-29,2025-09-10,2025,連續三次,10,9,0.0055555555555555,0.0011305555555555,-0.075,0.0318843348985429,True,True,True,True,416079.0,False,False,8201,2025-08-25,0.21968,0.5982142857142856,0.7047619047619047,0.6272727272727272,0.0448204324133231,-0.21968,-0.5982142857142856,-1.5093677975701107,-1.8808183551221302,-1.6950930763461205
3685,2025-08-29,2025-09-10,2025,因連續3個營業日達本中心作業要點第四條第一項第一款,10,9,0.2134570765661252,0.2090320765661252,-0.0510440835266822,193.95731407039787,True,True,True,True,1539489.0,False,False,3685,2025-08-25,0.15968,0.4848484848484846,0.441176470588235,0.5381165919282509,0.0387177335060059,-0.15968,-0.4848484848484846,-0.5768638214858547,-0.7031402336777268,-0.6400020275817908
3219,2025-09-03,2025-09-15,2025,因連續3個營業日達本中心作業要點第四條第一項第一款,10,9,-0.0482412060301506,-0.0526662060301506,-0.0703517587939698,-0.7775121034380678,True,True,True,True,757357.0,False,False,3219,2025-08-28,0.19088,0.52332361516035,0.7741935483870968,1.3456790123456792,0.0519663344346365,-0.19088,-0.52332361516035,-1.061765889049668,-1.1028314883767028,-1.0822986887131854
3685,2025-09-03,2025-09-15,2025,因連續3個營業日達本中心作業要點第四條第一項第一款,10,9,0.0967078189300409,0.0922828189300409,-0.0473251028806585,10.610848476508416,True,True,True,True,1044481.0,False,False,3685,2025-08-25,0.15968,0.4848484848484846,0.441176470588235,0.5381165919282509,0.0387177335060059,-0.15968,-0.4848484848484846,-0.5768638214858547,-0.7031402336777268,-0.6400020275817908
7703,2025-09-08,2025-09-18,2025,因連續3個營業日達本中心作業要點第四條第一項第一款,10,9,-0.0387453874538745,-0.0431703874538745,-0.1254612546125461,-0.706486561204217,True,True,True,True,315459.0,False,False,7703,2025-09-02,0.0298799999999999,0.2873303167420815,0.2396514161220044,0.713855421686747,0.0431622915621215,-0.0298799999999999,-0.2873303167420815,1.4404531134430874,1.3487380522795052,1.3945955828612964
6515,2025-09-08,2025-09-18,2025,連續三次,10,9,0.0806916426512969,0.0762666426512969,-0.1123919308357348,6.703061006740477,True,True,True,True,474540.0,False,False,6515,2025-09-02,0.03908,0.3464912280701755,0.2738589211618256,0.4212962962962963,0.0463037403365219,-0.03908,-0.3464912280701755,1.2974691704435,0.7341566672083151,1.0158129188259075
6735,2025-09-08,2025-09-18,2025,因連續3個營業日達本中心作業要點第四條第一項第一款,10,9,0.0904392764857882,0.0860142764857882,-0.0465116279069768,8.895358017120374,True,True,True,True,216387.0,False,False,6735,2025-09-02,0.19078,0.5131004366812228,0.5678733031674206,0.4887218045112782,0.0443011614223864,-0.19078,-0.5131004366812228,-1.0602117157561943,-0.9966300278432795,-1.028420871799737
5438,2025-09-10,2025-09-22,2025,因連續3個營業日達本中心作業要點第四條第一項第一款,10,9,-0.0386740331491711,-0.0430990331491711,-0.0976058931860036,-0.7058779432676565,True,True,True,True,2051320.0,False,False,5438,2025-09-04,0.12428,0.430622009569378,0.4729064039408865,0.4838709677419355,0.0414640486601586,-0.12428,-0.430622009569378,-0.02668647559614382,-0.139819258114323,-0.0832528668552334
6418,2025-09-12,2025-09-24,2025,因連續3個營業日達本中心作業要點第四條第一項第一款,10,9,0.3392504930966469,0.3348254930966469,-0.0660749506903353,3046.990984829993,True,True,True,True,332481.0,False,False,6418,2025-09-08,0.2102799999999999,0.5348148148148146,0.574468085106383,1.136082474226804,,-0.2102799999999999,-0.5348148148148146,-1.363275507983576,-1.222205535213212,-1.292740521598394
5314,2025-09-12,2025-09-24,2025,因連續3個營業日達本中心作業要點第四條第一項第一款,10,9,0.1428571428571428,0.1384321428571427,-0.0178571428571429,35.651139315416415,True,True,True,True,7985369.0,False,False,5314,2025-09-08,0.16768,0.5006385696040869,0.4259708737864076,0.4614427860696517,,-0.16768,-0.5006385696040869,-0.7011976849637556,-0.8671723951444696,-0.7841850400541126
3313,2025-09-15,2025-09-25,2025,因連續3個營業日達本中心作業要點第四條第一項第一款,10,9,0.0056179775280897,0.0011929775280897,-0.0561797752808989,0.0336730364742867,True,True,True,True,1038399.0,False,False,3313,2025-09-09,0.1398799999999999,0.463035019455253,0.4573643410852712,0.3525179856115108,0.0405561473894115,-0.1398799999999999,-0.463035019455253,-0.2691375093780487,-0.47653537797787054,-0.37283644367795965
7714,2025-09-16,2025-09-26,2025,因連續3個營業日達本中心作業要點第四條第一項第一款,10,9,-0.0794701986754966,-0.0838951986754966,-0.0927152317880795,-0.9123158509769608,True,True,True,True,166253.0,False,False,7714,2025-09-10,0.0604799999999999,0.3744493392070485,0.2332015810276679,0.4311926605504588,0.0533116193964551,-0.0604799999999999,-0.3744493392070485,0.9648760856401166,0.44371937879024276,0.7042977322151797
3323,2025-09-17,2025-10-02,2025,連續3個營業日及沖銷標準,12,11,0.0240963855421687,0.0196713855421687,-0.0441767068273091,0.5569619624369593,True,True,True,True,3014483.0,False,False,3323,2025-09-11,0.1777799999999999,0.4725848563968668,0.4099999999999999,0.3925925925925926,0.0444803454267615,-0.1777799999999999,-0.4725848563968668,-0.858169187604604,-0.5757419635936998,-0.7169555755991519
8299,2025-09-19,2025-10-02,2025,因連續3個營業日達本中心作業要點第四條第一項第一款,10,9,0.0904109589041095,0.0859859589041095,-0.132876712328767,8.888193316823434,True,True,True,True,2973393.0,False,False,8299,2025-09-15,-0.0179199999999999,0.2319109461966604,0.3747412008281574,0.3747412008281574,0.0369828702762615,0.0179199999999999,-0.2319109461966604,2.1833479477235413,1.9244511835511038,2.0538995656373227
2342,2025-09-24,2025-10-13,2025,連續三次及當日沖銷標準,12,11,-0.0359374999999999,-0.0403624999999999,-0.0515624999999999,-0.6079461735724183,True,True,True,True,3946122.0,False,False,2342,2025-09-18,0.17778,0.6028037383177569,0.6028037383177569,0.6141176470588234,0.0495147439571214,-0.17778,-0.6028037383177569,-0.8581691876046054,-1.9284949725785039,-1.3933320800915547
6488,2025-09-25,2025-10-09,2025,因連續3個營業日達本中心作業要點第四條第一項第一款,10,9,0.0040526849037487,-0.0003723150962512,-0.0739614994934143,-0.0102906964426069,True,True,True,True,2014697.0,False,False,6488,2025-09-19,0.0750799999999999,0.2998712998712998,0.3630229419703104,0.3854595336076818,0.0367565955753041,-0.0750799999999999,-0.2998712998712998,0.7379667847929477,1.2184585381765956,0.9782126614847717
2408,2025-09-25,2025-10-09,2025,連續三次,10,9,0.325706594885599,0.321281594885599,-0.0565275908479139,2295.058390778127,True,True,True,True,26404083.0,False,False,2408,2025-09-19,0.07168,0.3797909407665505,0.4943396226415095,0.7464167585446526,0.0401948923548363,-0.07168,-0.3797909407665505,0.790808676771054,0.3882292111907074,0.5895189439808808
6127,2025-10-02,2025-10-16,2025,因連續3個營業日達本中心作業要點第四條第一項第一款,10,9,0.002053388090349,-0.0023716119096509,-0.1026694045174537,-0.0638282736277806,True,True,True,True,1345036.0,False,False,6127,2025-09-25,0.0788799999999999,0.351898734177215,0.4916201117318437,0.2867469879518072,0.0446703089083269,-0.0788799999999999,-0.351898734177215,0.678908199640945,0.6779818632974248,0.6784450314691849
6418,2025-10-03,2025-10-21,2025,連續3個營業日及沖銷標準,12,11,-0.0544217687074829,-0.0588467687074829,-0.0680272108843537,-0.7480169604511389,True,True,True,True,413694.0,False,False,6418,2025-09-26,0.14358,0.4677103718199609,0.5337423312883436,1.2658610271903323,0.0530569634242172,-0.14358,-0.4677103718199609,-0.3266419212365797,-0.5251043480544614,-0.42587313464552057
1795,2025-10-07,2025-10-20,2025,連續三次,10,9,0.0182481751824816,0.0138231751824816,-0.021897810218978,0.4642562042698617,True,True,True,True,4863388.0,False,False,1795,2025-09-30,0.04748,0.3657894736842104,0.3951612903225807,0.3803191489361701,0.0378417992286817,-0.04748,-0.3657894736842104,1.1669186137917038,0.5336806729636931,0.8502996433776985
3430,2025-10-09,2025-10-27,2025,連續5個營業日及沖銷標準,12,11,-0.0280830280830282,-0.0325080280830282,-0.1147741147741148,-0.5281501039164973,True,True,True,True,932123.0,False,False,3430,2025-10-02,0.11858,0.3689482470784642,0.5073529411764706,0.6959669079627715,0.0460028321277593,-0.11858,-0.3689482470784642,0.061901402131860454,0.5008663825109929,0.2813838923214267
3555,2025-10-09,2025-10-22,2025,因連續3個營業日達本中心作業要點第四條第一項第一款,10,9,0.1212553495007133,0.1168303495007133,-0.0727532097004278,20.526725810919803,True,True,True,True,140385.0,False,False,3555,2025-10-02,0.1561799999999999,0.3996138996138996,0.4384920634920635,0.3401109057301292,0.0682544773953625,-0.1561799999999999,-0.3996138996138996,-0.5224677562142718,0.18230233766691023,-0.17008270927368077
3581,2025-10-13,2025-10-23,2025,因連續3個營業日達本中心作業要點第四條第一項第一款,10,9,-0.024793388429752,-0.029218388429752,-0.0479338842975206,-0.561201596867886,True,True,True,True,977031.0,False,False,3581,2025-10-03,0.13618,0.4993804213135067,0.4404761904761904,0.5316455696202531,0.0482682295294932,-0.13618,-0.4993804213135067,-0.21163309751952117,-0.854102371345114,-0.5328677344323176
6785,2025-10-13,2025-10-23,2025,因連續3個營業日達本中心作業要點第四條第一項第一款,10,9,0.0284629981024668,0.0240379981024668,0.0,0.9344501993612708,True,True,True,True,212633.0,False,False,6785,2025-10-03,0.02148,0.2965517241379309,0.3689320388349515,0.2847380410022779,0.0408472040588647,-0.02148,-0.2965517241379309,1.5710036700948815,1.2529432918131365,1.411973480954009
8299,2025-10-15,2025-10-28,2025,因連續3個營業日達本中心作業要點第四條第一項第一款,10,9,0.3040712468193385,0.2996462468193385,-0.0178117048346055,1450.476187560035,True,True,True,True,2389630.0,False,False,8299,2025-10-08,0.0416799999999999,0.2110481586402266,0.1601085481682496,0.5862708719851577,0.0472685164077203,-0.0416799999999999,-0.2110481586402266,1.2570606648131837,2.141180111233972,1.699120388023578
4989,2025-10-16,2025-10-29,2025,連續三次,10,9,0.1350267379679146,0.1306017379679146,-0.1096256684491978,29.25684048753293,True,True,True,True,5505693.0,False,False,4989,2025-10-09,0.16108,0.6024590163934427,0.524366471734893,0.2840722495894909,0.0586979720157419,-0.16108,-0.6024590163934427,-0.5986222475944876,-1.9249138972881907,-1.2617680724413392
4768,2025-10-16,2025-10-29,2025,因連續3個營業日達本中心作業要點第四條第一項第一款,10,9,0.0135922330097086,0.0091672330097086,-0.0446601941747573,0.2885083729719864,True,True,True,True,497315.0,False,False,4768,2025-10-09,0.0245799999999999,0.31328320802005,0.4048257372654156,0.4928774928774928,0.0429984103595511,-0.0245799999999999,-0.31328320802005,1.5228242979971967,1.0791315923695213,1.300977945183359
8067,2025-10-20,2025-10-31,2025,因連續3個營業日達本中心作業要點第四條第一項第一款,10,9,-0.053968253968254,-0.058393253968254,-0.0952380952380952,-0.8120014582765109,True,True,True,True,46053.0,False,False,8067,2025-10-14,0.0630799999999999,0.359504132231405,,0.295275590551181,,-0.0630799999999999,-0.359504132231405,0.9244675800097989,0.5989746951312682,0.7617211375705335
6499,2025-10-21,2025-11-03,2025,因連續3個營業日達本中心作業要點第四條第一項第一款,10,9,-0.1902834008097166,-0.1947084008097166,-0.2024291497975708,-0.997558886259178,True,True,True,True,681749.0,False,False,6499,2025-10-15,0.11398,0.4082969432314411,0.4144736842105263,0.303030303030303,0.0436379739331196,-0.11398,-0.4082969432314411,0.13339337363165352,0.09210026245702273,0.11274681804433812
8047,2025-10-21,2025-11-03,2025,因連續3個營業日達本中心作業要點第四條第一項第一款,10,9,0.0756123535676249,0.0711873535676249,-0.1246006389776358,5.754535140429576,True,True,True,True,1035778.0,False,False,8047,2025-10-08,0.20288,0.4728260869565219,0.5055555555555555,0.8066666666666669,0.0395469927996829,-0.20288,-0.4728260869565219,-1.2482666842665193,-0.5782479393832227,-0.913257311824871
5468,2025-10-21,2025-11-03,2025,因連續3個營業日達本中心作業要點第四條第一項第一款,10,9,-0.0923482849604221,-0.0967732849604221,-0.150395778364116,-0.9408257691464202,True,True,True,True,322791.0,False,False,5468,2025-10-15,0.15608,0.4451612903225805,0.4736842105263157,0.4451612903225805,0.0426357091919221,-0.15608,-0.4451612903225805,-0.5209135829207995,-0.2908576904617774,-0.4058856366912884
8996,2025-10-22,2025-11-04,2025,最近十個營業日已有六次,10,9,0.2384615384615385,0.2340365384615385,-0.0519230769230769,343.2622580548081,True,True,True,True,2813241.0,False,False,8996,2025-10-09,-0.0085199999999999,0.1933240611961058,0.2941176470588236,0.2729970326409496,0.0397609792766653,0.0085199999999999,-0.1933240611961058,2.037255658137008,2.325303379652451,2.18127951889473
8047,2025-10-27,2025-11-06,2025,因連續3個營業日達本中心作業要點第四條第一項第一款,10,9,-0.0854166666666667,-0.0898416666666667,-0.1437499999999999,-0.92682550787678,True,True,True,True,428377.0,False,False,8047,2025-10-08,0.20288,0.4728260869565219,0.5055555555555555,0.8066666666666669,0.0395469927996829,-0.20288,-0.4728260869565219,-1.2482666842665193,-0.5782479393832227,-0.913257311824871
4764,2025-10-29,2025-11-10,2025,連續三次,10,9,-0.2148148148148148,-0.2192398148148148,-0.2209876543209876,-0.9989663359785635,True,True,True,True,650637.0,False,False,4764,2025-10-22,0.17568,0.5577395577395576,0.552019583843329,0.5277108433734938,0.0428637877711488,-0.17568,-0.5577395577395576,-0.8255315484416565,-1.4603546769827531,-1.1429431127122047
6127,2025-10-29,2025-11-10,2025,因連續3個營業日達本中心作業要點第四條第一項第一款,10,9,-0.0865561694290975,-0.0909811694290975,-0.1086556169429097,-0.9293281171015536,True,True,True,True,710106.0,False,False,6127,2025-10-22,0.0815799999999999,0.3648648648648649,0.2317073170731707,0.3963133640552996,0.0558156664288866,-0.0815799999999999,-0.3648648648648649,0.6369455207171533,0.5432857881670577,0.5901156544421056
8043,2025-10-30,2025-11-13,2025,連續3個營業日及沖銷標準,12,11,0.1906218144750255,0.1861968144750255,-0.1070336391437308,47.45970423470452,True,True,True,True,1304855.0,False,False,8043,2025-10-23,0.09158,0.3222929936305732,0.2041763341067284,0.4786324786324785,0.0622468084767161,-0.09158,-0.3222929936305732,0.4815281913697758,0.9855352228173113,0.7335317070935435
4764,2025-11-03,2025-11-13,2025,連續三次,10,9,-0.0653061224489796,-0.0697311224489796,-0.1700680272108843,-0.8657192805822331,True,True,True,True,189794.0,False,False,4764,2025-10-22,0.17568,0.5577395577395576,0.552019583843329,0.5277108433734938,0.0428637877711488,-0.17568,-0.5577395577395576,-0.8255315484416565,-1.4603546769827531,-1.1429431127122047
3693,2025-11-03,2025-11-13,2025,因連續3個營業日達本中心作業要點第四條第一項第一款,10,9,-0.1124183006535948,-0.1168433006535948,-0.1333333333333333,-0.9683007415404056,True,True,True,True,882682.0,False,False,3693,2025-10-28,0.0464799999999999,0.350943396226415,0.3259259259259259,0.4885654885654886,0.0424289937825837,-0.0464799999999999,-0.350943396226415,1.1824603467264432,0.687906201983785,0.9351832743551141
4171,2025-11-04,2025-11-14,2025,因連續3個營業日達本中心作業要點第四條第一項第一款,10,9,-0.1593291404612159,-0.1637541404612159,-0.1656184486373166,-0.9930399786964208,True,True,True,True,354726.0,False,False,4171,2025-10-29,0.2013799999999999,0.545189504373178,0.5634218289085546,0.4640883977900552,0.0435617093674467,-0.2013799999999999,-0.545189504373178,-1.2249540848644112,-1.3299809385213546,-1.2774675116928829
2515,2025-11-07,2025-11-19,2025,連續五次,10,9,-0.108187134502924,-0.112612134502924,-0.1111111111111112,-0.9638000528776176,True,True,True,True,22642052.0,False,False,2515,2025-11-03,0.07218,0.2775510204081632,0.4035874439461884,0.4834123222748814,0.0352321417270901,-0.07218,-0.2775510204081632,0.7830378103036852,1.4503283312491773,1.1166830707764313
1519,2025-11-10,2025-11-20,2025,連續三次,10,9,-0.0339869281045751,-0.0384119281045751,-0.0771241830065359,-0.6631208785854426,True,True,True,True,1144535.0,False,False,1519,2025-11-04,-0.0018199999999999,0.2491909385113269,0.3106960950764006,0.3712255772646535,0.0387331504796945,0.0018199999999999,-0.2491909385113269,1.9331260474742662,1.7449414131239518,1.8390337302991089
4304,2025-11-11,2025-11-21,2025,因連續3個營業日達本中心作業要點第四條第一項第一款,10,9,-0.1274961597542242,-0.1319211597542242,-0.3271889400921659,-0.9803523648477992,True,True,True,True,218594.0,False,False,4304,2025-10-28,0.0776799999999999,0.2534562211981566,0.5094339622641508,0.6075650118203308,,-0.0776799999999999,-0.2534562211981566,0.6975582791626299,1.700632370505348,1.199095324833989
4304,2025-11-14,2025-11-26,2025,因連續3個營業日達本中心作業要點第四條第一項第一款,10,9,0.3538812785388128,0.3494562785388128,0.0,4124.938306842775,True,True,True,True,455748.0,False,False,4304,2025-10-28,0.0776799999999999,0.2534562211981566,0.5094339622641508,0.6075650118203308,,-0.0776799999999999,-0.2534562211981566,0.6975582791626299,1.700632370505348,1.199095324833989
2451,2025-11-18,2025-11-28,2025,連續三次,10,9,-0.056701030927835,-0.061126030927835,-0.0876288659793814,-0.826583021842519,True,True,True,True,3786363.0,False,False,2451,2025-11-12,0.16698,0.5232558139534884,0.4609665427509293,0.5910931174089069,0.0498155570133039,-0.16698,-0.5232558139534884,-0.6903184719094392,-1.1021271489964084,-0.8962228104529237
8110,2025-11-18,2025-11-28,2025,連續三次,10,9,-0.0276315789473683,-0.0320565789473683,-0.1513157894736841,-0.5954765743915681,True,True,True,True,22830094.0,False,False,8110,2025-11-12,0.24358,0.602510460251046,0.6263269639065816,0.7022222222222221,0.0569143129212953,-0.24358,-0.602510460251046,-1.8808152147103394,-1.9254483115923238,-1.9031317631513316
6265,2025-11-19,2025-12-01,2025,因連續3個營業日達本中心作業要點第四條第一項第一款,10,9,-0.0564516129032258,-0.0608766129032258,-0.1263440860215055,-0.8252987553607483,True,True,True,True,3064108.0,False,False,6265,2025-11-13,0.20448,0.5077519379844961,0.5375494071146245,0.4790874524714827,0.0485411446977219,-0.20448,-0.5077519379844961,-1.2731334569620993,-0.9410682107026297,-1.1071008338323645
5340,2025-11-20,2025-12-02,2025,因連續3個營業日達本中心作業要點第四條第一項第一款,10,9,0.0323076923076921,0.0278826923076921,-0.1292307692307692,1.1466704190643346,True,True,True,True,3307935.0,False,False,5340,2025-11-14,0.0726799999999999,0.4327731092436975,0.3653653653653652,0.4061855670103094,0.0446540777688288,-0.0726799999999999,-0.4327731092436975,0.775266943836318,-0.1621655301306172,0.3065507068528504
6155,2025-11-21,2025-12-03,2025,連續三次,10,9,0.2712842712842713,0.2668592712842713,-0.0476190476190475,712.7825831729564,True,True,True,True,773200.0,False,False,6155,2025-11-17,0.08248,0.4023437499999998,0.2913669064748201,0.4683026584867076,0.0609586849503474,-0.08248,-0.4023437499999998,0.622957961075888,0.1539438287517531,0.38845089491382057
8043,2025-11-27,2025-12-09,2025,最近10個營業日內有6個營業日,10,9,0.2255033557046979,0.2210783557046979,0.0,255.76899948085745,True,True,True,True,1366850.0,False,False,8043,2025-11-21,0.0860799999999999,0.2538940809968846,0.7330462863293863,0.5510597302504818,0.0608121685910679,-0.0860799999999999,-0.2538940809968846,0.567007722510834,1.6960837508926974,1.1315457367017656
4577,2025-12-02,2025-12-12,2025,因連續3個營業日達本中心作業要點第四條第一項第一款,10,9,0.0386740331491712,0.0342490331491712,-0.0239410681399631,1.548316889591439,True,True,True,True,582038.0,False,False,4577,2025-11-26,0.15148,0.4411027568922305,0.4915693904020752,0.452020202020202,0.0570762669314262,-0.15148,-0.4411027568922305,-0.44942161142100656,-0.24869642145850976,-0.3490590164397582
3081,2025-12-04,2025-12-16,2025,連續5個營業日,10,9,0.1098901098901099,0.1054651098901099,-0.0164835164835165,15.202590234894526,True,True,True,True,630674.0,False,False,3081,2025-11-27,0.03798,0.2298850574712643,0.2355658198614318,0.2341407151095733,0.0458309747233988,-0.03798,-0.2298850574712643,1.3145650766717112,1.945496726476383,1.630030901574047
6624,2025-12-05,2025-12-17,2025,因連續3個營業日達本中心作業要點第四條第一項第一款,10,9,-0.075187969924812,-0.079612969924812,-0.1263157894736841,-0.9001885697334501,True,True,True,True,682965.0,False,False,6624,2025-12-01,0.13718,0.4023591087811271,0.5155807365439096,0.5898959881129273,0.0416748894172232,-0.13718,-0.4023591087811271,-0.2271748304542588,0.15378427710242387,-0.03669527667591746
7751,2025-12-09,2025-12-19,2025,因連續3個營業日達本中心作業要點第四條第一項第一款,10,9,0.0015698587127157,-0.0028551412872842,-0.042386185243328,-0.0763507842514182,True,True,True,True,390015.0,False,False,7751,2025-12-03,0.07828,0.3543307086614173,0.3681818181818181,0.2960172228202369,0.0452952100627815,-0.07828,-0.3543307086614173,0.6882332394017858,0.6527177790667097,0.6704755092342478
6163,2025-12-09,2025-12-23,2025,連續3個營業日及沖銷標準,12,11,0.2844243792325056,0.2799993792325056,-0.0293453724604965,272.26589470873563,True,True,True,True,2699931.0,False,False,6163,2025-12-03,0.11678,0.4303215926493109,0.4991974317817016,0.8792756539235413,0.0455441775375868,-0.11678,-0.4303215926493109,0.08987652141438829,-0.1366984365669716,-0.02341095757629165
7728,2025-12-09,2025-12-19,2025,因連續3個營業日達本中心作業要點第四條第一項第一款,10,9,-0.0657174151150055,-0.0701424151150055,-0.1018619934282585,-0.8673586807411273,True,True,True,True,111206.0,False,False,7728,2025-12-03,0.1013799999999999,0.427652733118971,0.5025380710659899,0.4849498327759196,0.047345291415064,-0.1013799999999999,-0.427652733118971,0.3292192086093488,-0.10897351905141194,0.11012284477896842
4931,2025-12-09,2025-12-23,2025,連續5個營業日及沖銷標準,12,11,0.0626865671641792,0.0582615671641792,-0.0208955223880596,2.621865906779861,True,True,True,True,2039368.0,False,False,4931,2025-12-02,0.0580799999999999,0.314516129032258,0.2490421455938698,0.2209737827715356,0.048273643502844,-0.0580799999999999,-0.314516129032258,1.002176244683487,1.066323637144424,1.0342499409139556
7751,2025-12-12,2025-12-24,2025,因連續3個營業日達本中心作業要點第四條第一項第一款,10,9,0.095846645367412,0.091421645367412,-0.0255591054313099,10.359231760815032,True,True,True,True,147037.0,False,False,7751,2025-12-03,0.07828,0.3543307086614173,0.3681818181818181,0.2960172228202369,0.0452952100627815,-0.07828,-0.3543307086614173,0.6882332394017858,0.6527177790667097,0.6704755092342478
7728,2025-12-12,2025-12-24,2025,因連續3個營業日達本中心作業要點第四條第一項第一款,10,9,-0.1155462184873949,-0.1199712184873949,-0.1386554621848739,-0.971275891571461,True,True,True,True,33162.0,False,False,7728,2025-12-03,0.1013799999999999,0.427652733118971,0.5025380710659899,0.4849498327759196,0.047345291415064,-0.1013799999999999,-0.427652733118971,0.3292192086093488,-0.10897351905141194,0.11012284477896842
4542,2025-12-18,2025-12-31,2025,因連續3個營業日達本中心作業要點第四條第一項第一款,10,9,0.087871287128713,0.083446287128713,-0.0160891089108911,8.265563208070496,True,True,True,True,250729.0,False,False,4542,2025-12-12,0.10548,0.4101123595505618,0.4793713163064832,0.3841911764705883,0.0420742860564026,-0.10548,-0.4101123595505618,0.26549810357692305,0.07324117034976159,0.1693696369633423
8110,2025-12-18,2026-01-05,2025,連續三次及當日沖銷標準,12,11,0.3537549407114624,0.3493299407114624,0.0,905.2141615611696,True,True,True,True,4929998.0,False,False,8110,2025-12-12,0.10758,0.3787878787878787,0.4776725304465492,0.4368421052631579,0.0669089878724331,-0.10758,-0.3787878787878787,0.2328604644139742,0.3986493214683468,0.3157548929411605
3163,2025-12-18,2026-01-05,2025,連續5個營業日及沖銷標準,12,11,0.1478260869565217,0.1434010869565217,-0.0289855072463768,20.02303780198496,True,True,True,True,2176256.0,False,False,3163,2025-12-01,0.14338,0.3443983402489627,0.3787234042553191,0.3471933471933472,0.0492011072267716,-0.14338,-0.3443983402489627,-0.32353357464963206,0.7558982169425023,0.2161823211464351
6443,2025-12-19,2026-01-02,2025,連續三次,10,9,0.2416107382550334,0.2371857382550334,-0.0246085011185682,368.51855420454734,True,True,True,True,22513444.0,False,False,6443,2025-12-15,0.22338,0.5494505494505493,0.63953488372093,0.5724907063197027,0.0478414617482296,-0.22338,-0.5494505494505493,-1.56687220942864,-1.3742459595751801,-1.47055908450191
6465,2025-12-19,2026-01-02,2025,因連續3個營業日達本中心作業要點第四條第一項第一款,10,9,0.0491132332878583,0.0446882332878583,-0.0613915416098226,2.368281808899334,True,True,True,True,243129.0,False,False,6465,2025-12-15,0.1399799999999999,0.4580896686159843,0.6475770925110131,,,-0.1399799999999999,-0.4580896686159843,-0.2706916826715227,-0.4251615823376162,-0.34792663250456946
7717,2025-12-19,2026-01-02,2025,因連續3個營業日達本中心作業要點第四條第一項第一款,10,9,0.2770491803278689,0.2726241803278689,-0.0196721311475409,808.7259839652481,True,True,True,True,541376.0,False,False,7717,2025-12-15,0.16038,0.3529411764705883,0.4570135746606334,1.267605633802817,0.0764320777917406,-0.16038,-0.3529411764705883,-0.5877430345401711,0.6671526584367161,0.03970481194827252
3229,2025-12-22,2026-01-05,2025,最近十個營業日已有六次,10,9,0.0096899224806201,0.0052649224806201,-0.0213178294573643,0.1570390525008709,True,True,True,True,325240.0,False,False,3229,2025-12-16,0.08778,0.3942307692307691,0.7575757575757576,0.9661016949152544,0.056247768657505,-0.08778,-0.3942307692307691,0.5405867765217787,0.23822391920806674,0.3894053478649227
4768,2025-12-24,2026-01-07,2025,連續5個營業日,10,9,0.3174846625766871,0.3130596625766871,0.0,1929.542836865016,True,True,True,True,1552796.0,False,False,4768,2025-12-17,-0.0063199999999999,0.1829268292682926,0.2543103448275863,0.4195121951219511,0.0412922460026975,0.0063199999999999,-0.1829268292682926,2.003063845680585,2.4333129598914125,2.218188402785999
4971,2025-12-24,2026-01-07,2025,最近10個營業日內有6個營業日,10,9,-0.0033670033670033,-0.0077920033670033,-0.0303030303030302,-0.195305206944502,True,True,True,True,1333633.0,False,False,4971,2025-12-16,0.05318,0.2240325865580448,0.6112600536193029,0.7573099415204678,0.0640451738647059,-0.05318,-0.2240325865580448,1.0783307360636998,2.0062939589596365,1.5423123475116682
6788,2025-12-26,2026-01-08,2025,因連續3個營業日達本中心作業要點第四條第一項第一款,10,9,-0.0325318246110325,-0.0369568246110325,-0.0452616690240452,-0.6486697871253906,True,True,True,True,1354912.0,False,False,6788,2025-12-19,0.0220799999999999,0.305050505050505,0.4355555555555555,0.5417661097852029,0.0299796698173964,-0.0220799999999999,-0.305050505050505,1.5616786303340406,1.1646553931413317,1.3631670117376862
3081,2025-12-26,2026-01-12,2025,連續5個營業日及沖銷標準,12,11,0.1105610561056105,0.1061360561056105,-0.0214521452145214,8.900311087731845,True,True,True,True,476269.0,False,False,3081,2025-11-27,0.03798,0.2298850574712643,0.2355658198614318,0.2341407151095733,0.0458309747233988,-0.03798,-0.2298850574712643,1.3145650766717112,1.945496726476383,1.630030901574047
4931,2025-12-29,2026-01-09,2025,最近10個營業日內有6個營業日,10,9,-0.0338983050847457,-0.0383233050847457,-0.0564971751412429,-0.6622573731631964,True,True,True,True,872576.0,False,False,4931,2025-12-02,0.0580799999999999,0.314516129032258,0.2490421455938698,0.2209737827715356,0.048273643502844,-0.0580799999999999,-0.314516129032258,1.002176244683487,1.066323637144424,1.0342499409139556
4991,2025-12-31,2026-01-13,2025,因連續3個營業日達本中心作業要點第四條第一項第一款,10,9,-0.0228310502283105,-0.0272560502283105,-0.0593607305936073,-0.5358845100677404,True,True,True,True,921936.0,False,False,4991,2025-12-24,-0.0070199999999999,0.2712328767123289,0.3607038123167154,0.3768545994065282,0.0391270087748283,0.0070199999999999,-0.2712328767123289,2.0139430587349016,1.5159631130078675,1.7649530858713844
3354,2026-01-05,2026-01-15,2025,因連續3個營業日達本中心作業要點第四條第一項第一款,10,9,0.1298245614035089,0.1253995614035089,-0.0701754385964912,25.61872598632615,True,True,True,True,954505.0,False,False,3354,2025-12-29,0.13588,0.5048309178743962,0.4728132387706856,0.8377581120943953,0.0601398198822436,-0.13588,-0.5048309178743962,-0.20697057763909998,-0.9107237730530774,-0.5588471753460886
5498,2026-01-05,2026-01-19,2025,連續3個營業日及沖銷標準,12,11,0.3186813186813186,0.3142563186813186,-0.1391941391941392,497.0516717620324,True,True,True,True,4931238.0,False,False,5498,2025-12-29,0.1834799999999999,0.3848238482384825,0.7380952380952381,0.8615664845173043,0.0451751416283846,-0.1834799999999999,-0.3848238482384825,-0.9467570653326081,0.33594585085027534,-0.3054056072411664
7717,2026-01-05,2026-01-15,2025,因連續3個營業日達本中心作業要點第四條第一項第一款,10,9,0.2216560509554139,0.2172310509554139,-0.0573248407643312,234.21924203588412,True,True,True,True,183330.0,False,False,7717,2025-12-15,0.16038,0.3529411764705883,0.4570135746606334,1.267605633802817,0.0764320777917406,-0.16038,-0.3529411764705883,-0.5877430345401711,0.6671526584367161,0.03970481194827252
1528,2026-01-06,2026-01-16,2025,連續三次,10,9,0.2915717539863327,0.2871467539863327,-0.052391799544419,1108.747179419678,True,True,True,True,3889242.0,False,False,1528,2025-12-30,0.09838,0.4085365853658538,0.4482758620689657,0.5555555555555556,0.044081442688461,-0.09838,-0.4085365853658538,0.3758444074135601,0.08961078770785966,0.23272759756070988
3260,2026-01-06,2026-01-16,2025,因連續3個營業日達本中心作業要點第四條第一項第一款,10,9,0.0333333333333334,0.0289083333333334,-0.0964912280701754,1.2069718639658142,True,True,True,True,6822420.0,False,False,3260,2025-12-30,0.0800799999999999,0.3025,0.4005376344086022,0.4885714285714286,0.0420152717019781,-0.0800799999999999,-0.3025,0.6602581201192597,1.1911508086341298,0.9257044643766947
3092,2026-01-06,2026-01-16,2025,連續三次,10,9,0.0249999999999999,0.0205749999999999,-0.0153846153846153,0.7607284400265171,True,True,True,True,836649.0,False,False,3092,2025-12-30,0.14878,0.4666666666666665,0.5077881619937694,0.6296296296296295,0.0460665502107051,-0.14878,-0.4666666666666665,-0.40745893249721493,-0.514262024224115,-0.460860478360665
6205,2026-01-06,2026-01-16,2025,連續三次,10,9,-0.0170068027210884,-0.0214318027210884,-0.042517006802721,-0.4521753186172766,True,True,True,True,736929.0,False,False,6205,2025-12-30,0.15138,0.5057915057915057,0.4338235294117647,0.531413612565445,0.0476265609939204,-0.15138,-0.5057915057915057,-0.44786743812753255,-0.9207026499724305,-0.6842850440499815
3444,2026-01-06,2026-01-16,2025,因連續3個營業日達本中心作業要點第四條第一項第一款,10,9,0.0717299578059074,0.0673049578059074,-0.0126582278481011,5.106500698398559,True,True,True,True,249200.0,False,False,3444,2025-12-30,0.0535799999999999,0.3611111111111111,0.3585951940850276,0.4134615384615385,0.0359525400811821,-0.0535799999999999,-0.3611111111111111,1.0721140428898062,0.5822809139926916,0.8271974784412488
2413,2026-01-06,2026-01-20,2025,連續三次及當日沖銷標準,12,11,0.103174603174603,0.098749603174603,-0.0657596371882085,7.501912263523321,True,True,True,True,1603151.0,False,False,2413,2025-12-30,0.15308,0.4294205052005944,0.4466165413533836,0.7427536231884058,0.047918859211152,-0.15308,-0.4294205052005944,-0.4742883841165866,-0.12733766845386293,-0.30081302628522477
3701,2026-01-06,2026-01-16,2025,連續五次,10,9,0.1411290322580645,0.1367040322580645,-0.0120967741935483,34.13671267206896,True,True,True,True,1754509.0,False,False,3701,2025-12-30,0.12178,0.3300248138957817,0.3904020752269781,0.7374392220421393,0.0565529416506312,-0.12178,-0.3300248138957817,0.012167856740700218,0.9052147426042754,0.4586912996724878
6265,2026-01-07,2026-01-19,2026,因連續3個營業日達本中心作業要點第四條第一項第一款,10,9,0.5290697674418605,0.5246447674418605,-0.0232558139534883,122465.84924750763,True,True,True,True,5495054.0,False,False,6265,2025-12-31,0.18108,0.5644768856447688,0.6278481012658228,0.6658031088082901,0.0571178337112426,-0.18108,-0.5644768856447688,-0.9094569062892394,-1.5303440707008515,-1.2199004884950455
8068,2026-01-07,2026-01-19,2026,因連續3個營業日達本中心作業要點第四條第一項第一款,10,9,0.0474383301707779,0.0430133301707779,-0.047438330170778,2.221451795647712,True,True,True,True,503182.0,False,False,8068,2025-12-31,0.11358,0.4236453201970442,0.42014742014742,0.6100278551532032,0.0436832353011036,-0.11358,-0.4236453201970442,0.13961006680554852,-0.06734330530349765,0.036133380751025436
3006,2026-01-08,2026-01-20,2026,連續三次,10,9,0.0592334494773518,0.0548084494773518,-0.0766550522648084,3.402619083950718,True,True,True,True,7536311.0,False,False,3006,2026-01-02,0.13278,0.3433609958506223,0.5850673194614442,0.677461139896373,0.0488743827030994,-0.13278,-0.3433609958506223,-0.15879120554141354,0.7666744633324922,0.30394162889553933
3264,2026-01-08,2026-01-20,2026,因連續3個營業日達本中心作業要點第四條第一項第一款,10,9,0.2890625,0.2846375,-0.08984375,1050.1948042686868,True,True,True,True,6182893.0,False,False,3264,2026-01-02,0.0883799999999999,0.3587540279269603,0.39470782800441,0.4440639269406394,0.0381145649764921,-0.0883799999999999,-0.3587540279269603,0.5312617367609376,0.6067670048172508,0.5690143707890942
7728,2026-01-08,2026-01-20,2026,因連續3個營業日達本中心作業要點第四條第一項第一款,10,9,0.0929487179487178,0.0885237179487178,-0.0416666666666666,9.550545117786204,True,True,True,True,21646.0,False,False,7728,2026-01-02,0.06318,0.4418052256532065,0.350389321468298,0.367117117117117,0.0569463962573209,-0.06318,-0.4418052256532065,0.9229134067163236,-0.2559938787558734,0.3334597639802251
8438,2026-01-08,2026-01-20,2026,連續三次,10,9,0.206225680933852,0.201800680933852,-0.017509727626459,164.03191432479957,True,True,True,True,1200782.0,False,False,8438,2026-01-02,0.18648,0.5531197301854975,0.5610169491525423,0.5716723549488054,0.0417588301675806,-0.18648,-0.5531197301854975,-0.9933822641368226,-1.4123625153810098,-1.2028723897589162
3260,2026-01-09,2026-01-23,2026,連續3個營業日及沖銷標準,12,11,0.1113074204946995,0.1068824204946995,-0.0901060070671377,9.053252527702604,True,True,True,True,5088358.0,False,False,3260,2025-12-30,0.0800799999999999,0.3025,0.4005376344086022,0.4885714285714286,0.0420152717019781,-0.0800799999999999,-0.3025,0.6602581201192597,1.1911508086341298,0.9257044643766947
5351,2026-01-09,2026-01-21,2026,因連續3個營業日達本中心作業要點第四條第一項第一款,10,9,0.0080645161290322,0.0036395161290322,-0.1,0.1061816632711751,True,True,True,True,7684250.0,False,False,5351,2026-01-05,0.15038,0.3995433789954339,0.5597964376590332,0.5984354628422424,0.0432153194952734,-0.15038,-0.3995433789954339,-0.4323257051927954,0.18303492711490504,-0.12464538903894518
3481,2026-01-09,2026-01-21,2026,連續三次,10,9,0.2928571428571427,0.2884321428571427,-0.0666666666666666,1139.9465471552926,True,True,True,True,171731636.0,False,False,3481,2026-01-05,0.14258,0.4740740740740738,0.6048387096774193,0.386759581881533,0.0426395412678025,-0.14258,-0.4740740740740738,-0.31110018830184205,-0.5912124058533638,-0.4511562970776029
3308,2026-01-09,2026-01-21,2026,連續三次,10,9,0.1448598130841123,0.1404348130841123,-0.0186915887850466,37.48493232285734,True,True,True,True,144769.0,False,False,3308,2026-01-05,0.1108799999999999,0.4430379746835442,0.4205607476635513,0.4568690095846646,0.0385421249077438,-0.1108799999999999,-0.4430379746835442,0.18157274572934168,-0.2688000473814459,-0.04361365082605212
2344,2026-01-13,2026-01-27,2026,連續五次及當日沖銷標準,12,11,0.1052631578947369,0.1008381578947369,-0.0574162679425837,7.876889088542606,True,True,True,True,42978779.0,False,False,2344,2026-01-07,0.05848,0.2724014336917562,0.4569083447332422,0.5684830633284241,0.0466576073298643,-0.05848,-0.2724014336917562,0.9959595515095905,1.503823790762336,1.2498916711359631
3006,2026-01-13,2026-01-23,2026,連續三次,10,9,-0.0596026490066224,-0.0640276490066224,-0.0927152317880795,-0.8408705554090286,True,True,True,True,2713173.0,False,False,3006,2026-01-02,0.13278,0.3433609958506223,0.5850673194614442,0.677461139896373,0.0488743827030994,-0.13278,-0.3433609958506223,-0.15879120554141354,0.7666744633324922,0.30394162889553933
8438,2026-01-13,2026-01-23,2026,連續三次,10,9,0.2929104477611939,0.2884854477611939,-0.0391791044776119,1141.2584721244896,True,True,True,True,346122.0,False,False,8438,2026-01-02,0.18648,0.5531197301854975,0.5610169491525423,0.5716723549488054,0.0417588301675806,-0.18648,-0.5531197301854975,-0.9933822641368226,-1.4123625153810098,-1.2028723897589162
6116,2026-01-14,2026-01-26,2026,連續三次,10,9,-0.0839999999999999,-0.0884249999999999,-0.0999999999999999,-0.9235948923076528,True,True,True,True,31212118.0,False,False,6116,2026-01-08,0.14388,0.4935897435897436,0.5679676985195157,0.6091160220994476,0.0416674122056734,-0.14388,-0.4935897435897436,-0.3313044411170009,-0.7939470651458129,-0.562625753131407
2337,2026-01-14,2026-01-26,2026,連續三次,10,9,0.27,0.265575,-0.0133333333333333,692.9532294709957,True,True,True,True,27860346.0,False,False,2337,2026-01-08,0.2328799999999999,0.6045627376425853,0.6441558441558441,0.6335483870967742,0.0488421479700621,-0.2328799999999999,-0.6045627376425853,-1.7145186723086456,-1.9467679879382072,-1.8306433301234264
1789,2026-01-16,2026-01-28,2026,連續三次,10,9,-0.034090909090909,-0.038515909090909,-0.0852272727272727,-0.6641313122719463,True,True,True,True,2521234.0,False,False,1789,2026-01-12,0.0547799999999999,0.3830409356725144,0.3790087463556852,0.375,0.0378243179744336,-0.0547799999999999,-0.3830409356725144,1.053463963368121,0.35446728416925716,0.7039656237686891
3693,2026-01-19,2026-01-29,2026,因連續3個營業日達本中心作業要點第四條第一項第一款,10,9,0.0617110799438991,0.0572860799438991,-0.0729312762973352,3.6990956885064783,True,True,True,True,264261.0,False,False,3693,2026-01-13,0.07428,0.2427843803056026,0.304812834224599,0.3969465648854962,0.0463149425368018,-0.07428,-0.2427843803056026,0.7504001711407362,1.8114946714701174,1.2809474213054268
8996,2026-01-20,2026-01-30,2026,最近十個營業日已有六次,10,9,0.0671428571428571,0.0627178571428571,-0.0357142857142857,4.417921747057063,True,True,True,True,595548.0,False,False,8996,2026-01-14,-0.0195199999999999,0.3133802816901407,0.2884283246977548,0.492,0.0435512532534608,0.0195199999999999,-0.3133802816901407,2.2082147204191216,1.078123161814971,1.6431689411170463
3138,2026-01-20,2026-01-30,2026,連續三次,10,9,0.1090342679127724,0.1046092679127724,-0.0031152647975077,14.857736126718851,True,True,True,True,1071572.0,False,False,3138,2026-01-14,0.09188,0.4299516908212559,0.3577981651376147,0.5432742440041709,0.0472528291479629,-0.09188,-0.4299516908212559,0.47686567148935444,-0.1328557848443558,0.17200494332249933
8080,2026-01-20,2026-01-30,2026,因連續3個營業日達本中心作業要點第四條第一項第一款,10,9,-0.2402439024390243,-0.2446689024390244,-0.2451219512195122,-0.9995879719205292,True,True,True,True,817261.0,False,False,8080,2026-01-14,0.1663799999999999,0.4580536912751678,0.5008635578583767,0.5008635578583767,0.0412366769708607,-0.1663799999999999,-0.4580536912751678,-0.6809934321485951,-0.4247878388733284,-0.5528906355109617
2312,2026-01-22,2026-02-03,2026,連續三次,10,9,-0.1513157894736841,-0.1557407894736842,-0.169407894736842,-0.9909288716033884,True,True,True,True,93219287.0,False,False,2312,2026-01-16,0.13508,0.4780701754385965,0.468409586056645,0.4525862068965518,0.0444759776115842,-0.13508,-0.4780701754385965,-0.19453719129130997,-0.6327251117323036,-0.4136311515118068
4991,2026-01-22,2026-02-03,2026,連續5個營業日,10,9,0.1555023923444976,0.1510773923444975,-0.0382775119617224,48.81359625436591,True,True,True,True,903663.0,False,False,4991,2025-12-24,-0.0070199999999999,0.2712328767123289,0.3607038123167154,0.3768545994065282,0.0391270087748283,0.0070199999999999,-0.2712328767123289,2.0139430587349016,1.5159631130078675,1.7649530858713844
2485,2026-01-22,2026-02-03,2026,連續三次,10,9,0.1494413407821229,0.1450163407821229,-0.0474860335195529,42.01876184435257,True,True,True,True,6425115.0,False,False,2485,2026-01-16,0.06998,0.4180000000000001,0.3874755381604697,0.1996615905245347,0.0514859800315447,-0.06998,-0.4180000000000001,0.8172296227601079,-0.008698016919947153,0.40426580292008035
3691,2026-01-22,2026-02-03,2026,因連續3個營業日達本中心作業要點第四條第一項第一款,10,9,-0.0793650793650794,-0.0837900793650794,-0.0952380952380952,-0.9120359378308346,True,True,True,True,511537.0,False,False,3691,2026-01-16,0.14698,0.4457070707070707,0.4548919949174077,0.4512040557667933,0.0520264892773269,-0.14698,-0.4457070707070707,-0.3794838132146873,-0.2965274216595353,-0.3380056174371113
1721,2026-01-23,2026-02-04,2026,連續三次,10,9,-0.0417754569190599,-0.0462004569190599,-0.1488250652741513,-0.7312402873928852,True,True,True,True,1968237.0,False,False,1721,2026-01-19,0.09758,0.4364820846905537,0.4089456869009584,0.785425101214575,0.064007405982048,-0.09758,-0.4364820846905537,0.38827779376135013,-0.20069548540264615,0.093791154179352
5328,2026-01-23,2026-02-04,2026,因連續3個營業日達本中心作業要點第四條第一項第一款,10,9,-0.1738437001594897,-0.1782687001594897,-0.2280701754385965,-0.9957205874497904,True,True,True,True,5926340.0,False,False,5328,2026-01-19,0.15508,0.4716981132075473,0.4682352941176471,0.4716981132075473,0.0436938744870728,-0.15508,-0.4716981132075473,-0.5053718499860618,-0.5665302079722875,-0.5359510289791747
1528,2026-01-26,2026-02-05,2026,連續三次,10,9,0.0,-0.004425,-0.1307300509337859,-0.1159038229771466,True,True,True,True,2050130.0,False,False,1528,2026-01-20,0.07978,0.4311512415349887,0.4508009153318075,0.9750778816199376,0.0505230739215433,-0.07978,-0.4311512415349887,0.6649206399996794,-0.1453170793470817,0.25980178032629886
3432,2026-01-26,2026-02-05,2026,連續三次,10,9,0.0218579234972677,0.0174329234972677,-0.1065573770491803,0.6161962098079734,True,True,True,True,234334.0,False,False,3432,2026-01-20,0.12208,0.4738675958188152,0.5270758122743682,0.5,0.0429037329107365,-0.12208,-0.4738675958188152,0.00750533686027902,-0.5890674474804244,-0.2907810553100727
8046,2026-01-26,2026-02-05,2026,連續三次,10,9,0.0628342245989304,0.0584092245989304,-0.0467914438502673,3.839747176008598,True,True,True,True,5186357.0,False,False,8046,2026-01-20,0.02648,0.2742537313432835,0.3967280163599183,0.4258872651356993,0.038857544733649,-0.02648,-0.2742537313432835,1.4932950054211935,1.4845815642535773,1.4889382848373853
1802,2026-01-27,2026-02-06,2026,連續三次,10,9,-0.0933333333333332,-0.0977583333333332,-0.1552380952380951,-0.9425924682226516,True,True,True,True,17809560.0,False,True,1802,2026-01-21,0.20118,0.5629522431259046,0.5275813295615275,0.5104895104895104,0.045939722688376,-0.20118,-0.5629522431259046,-1.2218457382774652,-1.5145056245047561,-1.3681756813911106
4561,2026-01-27,2026-02-06,2026,因連續3個營業日達本中心作業要點第四條第一項第一款,10,9,-0.1865979381443298,-0.1910229381443298,-0.1958762886597937,-0.9972287708869616,True,True,True,True,466736.0,False,False,4561,2026-01-21,0.12538,0.3087349397590362,0.3599374021909234,0.3008982035928145,0.04609269207195,-0.12538,-0.3087349397590362,-0.043782381824355024,1.1263803744585452,0.5412989963170951
8933,2026-01-28,2026-02-09,2026,因連續3個營業日達本中心作業要點第四條第一項第一款,10,9,-0.0544488711819389,-0.0588738711819389,-0.0664010624169987,-0.8146488405286973,True,True,True,True,685235.0,False,False,8933,2026-01-22,0.18738,0.526578073089701,0.5445378151260503,0.5316666666666665,0.0422342801962835,-0.18738,-0.526578073089701,-1.0073698237780861,-1.1366397786307887,-1.0720048012044374
8046,2026-01-29,2026-02-10,2026,連續三次,10,9,0.05,0.045575,-0.0858974358974359,2.448610792995347,True,True,True,True,4182431.0,False,False,8046,2026-01-20,0.02648,0.2742537313432835,0.3967280163599183,0.4258872651356993,0.038857544733649,-0.02648,-0.2742537313432835,1.4932950054211935,1.4845815642535773,1.4889382848373853
7777,2026-02-02,2026-02-23,2026,因連續3個營業日達本中心作業要點第四條第一項第一款,10,9,-0.0664928292046936,-0.0709178292046936,-0.1734028683181225,-0.8703971324072481,True,True,True,True,2435488.0,False,False,7777,2026-01-27,0.0850799999999999,0.2513274336283186,0.4282828282828284,0.2147766323024054,0.0567375408712394,-0.0850799999999999,-0.2513274336283186,0.5825494554455716,1.7227468576527438,1.1526481565491578
1471,2026-02-02,2026-02-23,2026,連續三次,10,9,-0.0860655737704917,-0.0904905737704917,-0.1229508196721311,-0.9282609402690654,True,True,True,True,898148.0,False,False,1471,2026-01-27,0.10448,0.4504950495049507,0.5372507869884577,0.662883087400681,0.0465350310400574,-0.10448,-0.4504950495049507,0.28103983651166065,-0.3462663890830338,-0.03261327628568658
7717,2026-02-02,2026-02-23,2026,因連續3個營業日達本中心作業要點第四條第一項第一款,10,9,0.2183098591549295,0.2138848591549295,-0.0299295774647887,216.90326392675968,True,True,True,True,173905.0,False,False,7717,2026-01-27,-0.00012,0.271948608137045,0.4261704681872749,0.4666666666666665,0.0518346575433639,0.00012,-0.271948608137045,1.9067051014852137,1.5085278791606136,1.7076164903229136
6949,2026-02-02,2026-02-23,2026,連續三次,10,9,0.1224489795918366,0.1180239795918366,-0.0051020408163264,21.175039507792555,True,True,True,True,400758.0,False,False,6949,2026-01-27,0.03438,0.2346570397111913,0.5428571428571429,0.4594594594594594,0.0458904965003567,-0.03438,-0.2346570397111913,1.3705153152367664,1.895923936120181,1.6332196256784737
2486,2026-02-03,2026-02-24,2026,連續三次,10,9,0.1,0.095575,-0.0346153846153846,11.623210355554605,True,True,True,True,3982814.0,False,False,2486,2026-01-28,0.07608,0.3936170212765957,0.4270152505446623,0.3951011714589989,0.0393369084035909,-0.07608,-0.3936170212765957,0.7224250518582086,0.24459971801327174,0.48351238493574017
3081,2026-02-03,2026-02-24,2026,因連續3個營業日達本中心作業要點第四條第一項第一款,10,9,0.2649999999999999,0.2605749999999999,-0.0739999999999999,620.6911972772181,True,True,True,True,903822.0,False,False,3081,2026-01-28,-0.00782,0.1688311688311687,0.3452914798206279,0.4876033057851239,0.0442543037365026,0.00782,-0.1688311688311687,2.0263764450826933,2.5797429306350677,2.3030596878588803
3163,2026-02-04,2026-02-25,2026,連續5個營業日,10,9,0.670940170940171,0.666515170940171,-0.0480769230769231,1450001.1782394731,True,True,True,True,2208941.0,False,False,3163,2026-01-29,0.0082799999999999,0.2701612903225807,0.2945205479452055,0.1856963613550815,0.0455211598833174,-0.0082799999999999,-0.2701612903225807,1.7761545448334195,1.527095075529245,1.6516248101813322
6446,2026-02-05,2026-02-26,2026,連續三次,10,9,-0.0397877984084881,-0.0442127984084881,-0.0915119363395225,-0.7152405938089621,True,True,True,True,1847502.0,False,False,6446,2026-01-30,0.05548,0.2833333333333334,0.31175468483816,0.5555555555555556,0.0427774311855913,-0.05548,-0.2833333333333334,1.042584750313803,1.3902599210998128,1.2164223357068078
8096,2026-02-05,2026-02-26,2026,因連續3個營業日達本中心作業要點第四條第一項第一款,10,9,0.0408163265306125,0.0363913265306125,-0.1166180758017492,1.6990804315501031,True,True,True,True,5445331.0,False,False,8096,2026-01-30,0.19978,0.5780765253360909,0.49901768172888,0.44234404536862,0.051171580196063,-0.19978,-0.5780765253360909,-1.200087312168833,-1.6716212283769671,-1.4358542702729
6949,2026-02-05,2026-02-26,2026,連續三次,10,9,0.1209677419354837,0.1165427419354837,0.0,20.3732669767028,True,True,True,True,121617.0,False,False,6949,2026-01-27,0.03438,0.2346570397111913,0.5428571428571429,0.4594594594594594,0.0458904965003567,-0.03438,-0.2346570397111913,1.3705153152367664,1.895923936120181,1.6332196256784737
6739,2026-02-05,2026-02-26,2026,因連續3個營業日達本中心作業要點第四條第一項第一款,10,9,0.2600690448791714,0.2556440448791713,-0.0437284234752589,556.5615452166519,True,True,True,True,108229.0,False,False,6739,2026-01-30,0.06738,0.3323983169705469,0.3249651324965132,0.1979823455233291,0.0376111643284215,-0.06738,-0.3323983169705469,0.8576381283904257,0.8805580770050891,0.8690981026977574
3081,2026-02-06,2026-03-02,2026,因連續3個營業日達本中心作業要點第四條第一項第一款,10,9,0.3987792472024414,0.3943542472024414,-0.0579857578840284,10240.523176465806,True,True,True,True,905573.0,False,False,3081,2026-01-28,-0.00782,0.1688311688311687,0.3452914798206279,0.4876033057851239,0.0442543037365026,0.00782,-0.1688311688311687,2.0263764450826933,2.5797429306350677,2.3030596878588803
6683,2026-02-06,2026-03-02,2026,因連續3個營業日達本中心作業要點第四條第一項第一款,10,9,0.2808823529411763,0.2764573529411763,-0.0735294117647058,879.2777107937646,True,True,True,True,1587770.0,False,False,6683,2026-02-02,0.11008,0.3671706263498919,0.4402730375426622,0.5289855072463767,0.0451344891757547,-0.11008,-0.3671706263498919,0.1940061320771302,0.5193328426275128,0.3566694873523215
6442,2026-02-06,2026-03-02,2026,最近十個營業日已有六次,10,9,0.4186746987951808,0.4142496987951808,-0.0391566265060241,15179.302096996576,True,True,True,True,1159859.0,False,False,6442,2026-01-30,0.05638,0.3173431734317342,0.4223107569721116,0.2934782608695652,0.0486062369178422,-0.05638,-0.3173431734317342,1.0285971906725393,1.0369554475123832,1.0327763190924613
6588,2026-02-06,2026-03-02,2026,因連續3個營業日達本中心作業要點第四條第一項第一款,10,9,0.619718309859155,0.615293309859155,-0.0732394366197183,609200.4857082141,True,True,True,True,578426.0,False,False,6588,2026-02-02,0.1325799999999999,0.4463157894736842,0.3878787878787879,0.3313953488372092,0.0513888631321726,-0.1325799999999999,-0.4463157894736842,-0.1556828589544642,-0.30285097574796765,-0.22926691735121593
6426,2026-02-09,2026-03-05,2026,連續三次及當日沖銷標準,12,11,0.10546875,0.10104375,-0.01953125,7.914643912893807,True,True,True,True,1674642.0,False,False,6426,2026-02-03,0.11918,0.4146868250539957,0.4086021505376345,0.3980789754535752,0.0466199502887071,-0.11918,-0.4146868250539957,0.05257636237101806,0.025720243407486503,0.03914830288925228
6683,2026-02-11,2026-03-05,2026,因連續3個營業日達本中心作業要點第四條第一項第一款,10,9,0.1194029850746267,0.1149779850746267,-0.0122116689280868,19.556660715170413,True,True,True,True,342525.0,False,False,6683,2026-02-02,0.11008,0.3671706263498919,0.4402730375426622,0.5289855072463767,0.0451344891757547,-0.11008,-0.3671706263498919,0.1940061320771302,0.5193328426275128,0.3566694873523215
3508,2026-02-23,2026-03-06,2026,因連續3個營業日達本中心作業要點第四條第一項第一款,10,9,0.0881542699724518,0.0837292699724518,-0.0454545454545454,8.333022461333,True,True,True,True,2413848.0,False,False,3508,2026-02-06,0.1583799999999999,0.4492753623188406,0.4613778705636744,0.4861995753715498,0.0426434789126353,-0.1583799999999999,-0.4492753623188406,-0.5566595686706945,-0.3335959108337043,-0.44512773975219944
5386,2026-02-24,2026-03-09,2026,因連續3個營業日達本中心作業要點第四條第一項第一款,10,9,0.4895833333333332,0.4851583333333332,-0.0182291666666666,59082.396910494645,True,True,True,True,1439877.0,True,False,5386,2026-02-09,0.11358,0.2932692307692308,0.5823529411764705,0.6283292978208233,0.050123646305026,-0.11358,-0.2932692307692308,0.13961006680554852,1.2870428226644255,0.713326444734987
3230,2026-02-25,2026-03-10,2026,因連續3個營業日達本中心作業要點第四條第一項第一款,10,9,-0.0158924205378973,-0.0203174205378973,-0.0452322738386308,-0.4345791470040461,True,True,True,True,748980.0,False,False,3230,2026-02-10,0.09148,0.2677685950413224,0.2351046698872785,0.1099855282199711,0.0555437079216437,-0.09148,-0.2677685950413224,0.48308236466324944,1.5519511155563146,1.017516740109782
7610,2026-02-26,2026-03-11,2026,連續三次,10,9,0.1366666666666667,0.1322416666666667,-0.1266666666666667,30.49990532576908,True,True,True,True,748264.0,False,False,7610,2026-02-11,0.0704799999999999,0.3236714975845411,0.3564356435643565,0.405128205128205,0.0504170461183532,-0.0704799999999999,-0.3236714975845411,0.8094587562927407,0.9712149080970509,0.8903368321948958
3167,2026-02-26,2026-03-11,2026,連續三次,10,9,0.0949152542372882,0.0904902542372882,-0.111864406779661,10.09301713783397,True,True,True,True,1499069.0,False,False,3167,2026-02-11,0.01188,0.2776470588235293,0.1677419354838709,0.1778741865509761,0.0466676557548019,-0.01188,-0.2776470588235293,1.7202043062683625,1.4493306552328562,1.5847674807506094
3163,2026-02-26,2026-03-11,2026,因連續3個營業日達本中心作業要點第四條第一項第一款,10,9,0.011826544021025,0.007401544021025,-0.1458607095926413,0.2273302792646501,True,True,True,True,1534548.0,False,False,3163,2026-01-29,0.0082799999999999,0.2701612903225807,0.2945205479452055,0.1856963613550815,0.0455211598833174,-0.0082799999999999,-0.2701612903225807,1.7761545448334195,1.527095075529245,1.6516248101813322
5386,2026-03-02,2026-03-16,2026,連續3個營業日及沖銷標準,12,11,0.6507177033492824,0.6462927033492823,-0.0669856459330143,83293.2166663989,True,True,True,True,794728.0,False,False,5386,2026-02-09,0.11358,0.2932692307692308,0.5823529411764705,0.6283292978208233,0.050123646305026,-0.11358,-0.2932692307692308,0.13961006680554852,1.2870428226644255,0.713326444734987
6588,2026-03-02,2026-03-12,2026,因連續3個營業日達本中心作業要點第四條第一項第一款,10,9,-0.2678899082568807,-0.2723149082568807,-0.3688073394495413,-0.999853749756532,True,True,True,True,684484.0,False,False,6588,2026-02-02,0.1325799999999999,0.4463157894736842,0.3878787878787879,0.3313953488372092,0.0513888631321726,-0.1325799999999999,-0.4463157894736842,-0.1556828589544642,-0.30285097574796765,-0.22926691735121593
5475,2026-03-03,2026-03-13,2026,因連續3個營業日達本中心作業要點第四條第一項第一款,10,9,0.041860465116279,0.037435465116279,-0.1953488372093023,1.7756431030090032,True,True,True,True,1471164.0,False,False,5475,2026-02-24,0.15678,0.4395604395604395,0.8450704225352113,0.9359605911330048,0.0542956921821926,-0.15678,-0.4395604395604395,-0.5317927959751159,-0.2326743639764221,-0.382233579975769
6716,2026-03-03,2026-03-13,2026,因連續3個營業日達本中心作業要點第四條第一項第一款,10,9,-0.2890995260663507,-0.2935245260663507,-0.3393364928909952,-0.999935693853668,True,True,True,True,904647.0,False,False,6716,2026-02-24,0.13788,0.5311418685121108,0.5831842576028623,0.8789808917197452,0.0532677530583219,-0.13788,-0.5311418685121108,-0.2380540435085752,-1.1840498615541435,-0.7110519525313593
7744,2026-03-03,2026-03-13,2026,因連續3個營業日達本中心作業要點第四條第一項第一款,10,9,-0.0799220272904484,-0.0843470272904483,-0.2007797270955166,-0.9135092398743812,True,True,True,True,343860.0,False,False,7744,2026-02-24,0.0198799999999999,0.1818181818181818,0.4158415841584157,0.2711111111111111,0.0449363867234203,-0.0198799999999999,-0.1818181818181818,1.5958704427904633,2.4448299238824855,2.0203501833364745
3234,2026-03-03,2026-03-13,2026,連續5個營業日,10,9,-0.1609523809523809,-0.1653773809523809,-0.3428571428571428,-0.9934056674879466,True,True,True,True,3859467.0,False,False,3234,2026-02-11,0.0866799999999999,0.2607260726072609,0.2524590163934428,0.7383390216154722,0.0605664458025042,-0.0866799999999999,-0.2607260726072609,0.5576826827499916,1.6251109620623485,1.09139682240617
3529,2026-03-03,2026-03-13,2026,因連續3個營業日達本中心作業要點第四條第一項第一款,10,9,-0.0274509803921568,-0.0318759803921568,-0.1568627450980392,-0.5933747773927761,True,True,True,True,871423.0,False,False,3529,2026-02-24,0.04208,0.2891891891891891,0.3032786885245901,0.4238805970149253,0.0576688096313841,-0.04208,-0.2891891891891891,1.2508439716392872,1.3294275248118261,1.2901357482255567
8046,2026-03-04,2026-03-16,2026,連續三次,10,9,0.2145922746781114,0.2101672746781114,-0.1223175965665236,199.1065194325328,True,True,True,True,4542256.0,False,False,8046,2026-02-25,0.11568,0.3277310924369747,0.5027173913043479,0.7389937106918238,0.0542282725245436,-0.11568,-0.3277310924369747,0.1069724276425995,0.9290426127211393,0.5180075201818694
2489,2026-03-04,2026-03-16,2026,連續三次,10,9,-0.0164319248826291,-0.0208569248826291,-0.1690140845070423,-0.4431649338994053,True,True,True,True,17481235.0,False,False,2489,2026-02-25,0.19718,0.5157894736842106,0.7560975609756098,1.0,0.0582388975087511,-0.19718,-0.5157894736842106,-1.1596788065385149,-1.0245645550286153,-1.0921216807835652
6426,2026-03-04,2026-03-16,2026,連續三次,10,9,0.0129870129870128,0.0085620129870128,-0.2142857142857143,0.2672146477257453,True,True,True,True,937612.0,False,False,6426,2026-02-03,0.11918,0.4146868250539957,0.4086021505376345,0.3980789754535752,0.0466199502887071,-0.11918,-0.4146868250539957,0.05257636237101806,0.025720243407486503,0.03914830288925228
3363,2026-03-04,2026-03-16,2026,因連續3個營業日達本中心作業要點第四條第一項第一款,10,9,0.0413223140495868,0.0368973140495868,-0.1190082644628098,1.7359247778649274,True,True,True,True,2509383.0,False,False,3363,2026-02-25,0.0856799999999999,0.353811149032992,0.2991266375545851,0.4782608695652173,0.046585770223155,-0.0856799999999999,-0.353811149032992,0.5732244156847293,0.6581151211443843,0.6156697684145568
7610,2026-03-04,2026-03-16,2026,連續三次,10,9,0.0992907801418438,0.0948657801418439,-0.0709219858156028,11.398177171616911,True,True,True,True,745430.0,False,False,7610,2026-02-11,0.0704799999999999,0.3236714975845411,0.3564356435643565,0.405128205128205,0.0504170461183532,-0.0704799999999999,-0.3236714975845411,0.8094587562927407,0.9712149080970509,0.8903368321948958
3037,2026-03-05,2026-03-17,2026,連續三次,10,9,0.2053274139844616,0.2009024139844616,-0.1365149833518313,160.63958144731612,True,True,True,True,18583555.0,False,False,3037,2026-02-26,0.0583799999999999,0.2960969044414536,0.2506493506493505,0.5633116883116882,0.0525138964896323,-0.0583799999999999,-0.2960969044414536,0.9975137248030658,1.2576680959573543,1.12759091038021
4534,2026-03-05,2026-03-17,2026,因連續3個營業日達本中心作業要點第四條第一項第一款,10,9,-0.0294117647058822,-0.0338367647058822,-0.143598615916955,-0.6156416489956217,True,True,True,True,1428361.0,False,False,4534,2026-02-26,0.05318,0.3752913752913753,0.3053097345132742,0.5167095115681235,0.051429161622358,-0.05318,-0.3752913752913753,1.0783307360636998,0.43497205405557887,0.7566513950596393
4577,2026-03-05,2026-03-17,2026,因連續3個營業日達本中心作業要點第四條第一項第一款,10,9,0.0749999999999999,0.0705749999999999,-0.0785714285714285,5.64809404047352,True,True,True,True,740477.0,False,False,4577,2026-02-26,0.12968,0.4400000000000001,0.570909090909091,0.4594594594594594,0.0581006549198881,-0.12968,-0.4400000000000001,-0.11061183344372667,-0.23724065035881897,-0.17392624190127282
7751,2026-03-05,2026-03-17,2026,因連續3個營業日達本中心作業要點第四條第一項第一款,10,9,0.2284482758620689,0.2240232758620689,-0.0689655172413793,273.5377825101948,True,True,True,True,215379.0,False,False,7751,2026-02-26,0.1288799999999999,0.3106796116504855,0.4429928741092637,0.4817073170731707,0.0472233927443383,-0.1288799999999999,-0.3106796116504855,-0.09817844709593537,1.106178536492801,0.5040000446984327
7717,2026-03-05,2026-03-17,2026,因連續3個營業日達本中心作業要點第四條第一項第一款,10,9,-0.0859060402684563,-0.0903310402684563,-0.2832214765100671,-0.9279105773381592,True,True,True,True,255196.0,False,False,7717,2026-02-26,0.0730799999999999,0.4293103448275861,0.3747927031509122,0.7751605995717346,0.0548002833871803,-0.0730799999999999,-0.4293103448275861,0.7690502506624229,-0.1261932892835031,0.32142848068945995
3105,2026-03-05,2026-03-17,2026,因連續3個營業日達本中心作業要點第四條第一項第一款,10,9,-0.0562700964630225,-0.0606950964630225,-0.1639871382636656,-0.8243583586397503,True,True,True,True,8084795.0,False,False,3105,2026-02-26,0.1177799999999999,0.3228962818003913,0.4291754756871035,0.4889867841409692,0.060238619529074,-0.1177799999999999,-0.3228962818003913,0.07433478847965219,0.9792680834058225,0.5268014359427373
6217,2026-03-05,2026-03-17,2026,因連續3個營業日達本中心作業要點第四條第一項第一款,10,9,0.52,0.515575,-0.049,103761.3502631511,True,True,True,True,5723704.0,False,False,6217,2026-02-26,0.17178,0.4640625,0.4482225656877898,0.4686520376175549,0.0627422350733822,-0.17178,-0.4640625,-0.7649187899961797,-0.4872091556825835,-0.6260639728393815
6187,2026-03-05,2026-03-17,2026,因連續3個營業日達本中心作業要點第四條第一項第一款,10,9,0.135,0.130575,-0.1149999999999999,29.236970283986523,True,True,True,True,2600773.0,False,False,6187,2026-02-26,0.0991799999999999,0.4281984334203654,0.4625668449197861,0.4586666666666665,0.0424556487761157,-0.0991799999999999,-0.4281984334203654,0.36341102106577167,-0.11464241832182377,0.12438430137197395
5291,2026-03-05,2026-03-17,2026,因連續3個營業日達本中心作業要點第四條第一項第一款,10,9,0.0316573556797019,0.0272323556797019,-0.0968342644320298,1.109260824028333,True,True,True,True,1448463.0,False,False,5291,2026-02-26,0.08938,0.4812760055478502,0.4670329670329671,0.3924380704041721,0.0699417381054879,-0.08938,-0.4812760055478502,0.5157200038261984,-0.6660282415289616,-0.07515411885138157
4927,2026-03-05,2026-03-17,2026,連續三次,10,9,0.0866228070175436,0.0821978070175436,-0.1008771929824561,7.973512810046685,True,True,True,True,4472083.0,False,False,4927,2026-02-26,0.1290799999999999,0.4881889763779528,0.4788732394366197,0.2650602409638554,0.0494431588078009,-0.1290799999999999,-0.4881889763779528,-0.10128679368288256,-0.7378422669106771,-0.4195645302967798
6861,2026-03-05,2026-03-17,2026,連續三次,10,9,0.0161290322580645,0.0117040322580645,-0.1258064516129032,0.3815750134292759,True,True,True,True,1305153.0,False,False,6861,2026-02-26,0.18238,0.5988779803646564,0.8240000000000001,0.6964285714285714,0.0546067701469845,-0.18238,-0.5988779803646564,-0.9296611591043982,-1.8877130152673596,-1.408687087185879
2360,2026-03-05,2026-03-17,2026,連續三次,10,9,0.0208333333333332,0.0164083333333332,-0.1388888888888888,0.5715903865879401,True,True,True,True,2835082.0,False,False,2360,2026-02-26,0.02318,0.3269230769230768,0.3269230769230768,0.3398058252427185,0.0433109378773491,-0.02318,-0.3269230769230768,1.5445827241058276,0.9374365215123066,1.241009622809067
6907,2026-03-06,2026-03-18,2026,因連續3個營業日達本中心作業要點第四條第一項第一款,10,9,0.5934065934065933,0.5889815934065933,-0.0329670329670329,386041.5522422397,True,True,True,True,514281.0,False,False,6907,2026-02-24,0.2059799999999999,0.6040723981900453,0.6682352941176473,,,-0.2059799999999999,-0.6040723981900453,-1.2964460563642044,-1.9416741938580955,-1.61906012511115
3576,2026-03-06,2026-03-18,2026,連續三次,10,9,0.1906976744186046,0.1862726744186046,-0.1046511627906976,113.99561892167964,True,True,True,True,29371521.0,False,False,3576,2026-03-02,0.26298,0.603960396039604,0.8,1.26046511627907,0.0556940698415988,-0.26298,-0.603960396039604,-2.1823248336442487,-1.940510681748429,-2.061417757696339
1802,2026-03-06,2026-03-18,2026,連續三次,10,9,0.1013745704467352,0.0969495704467352,-0.1237113402061855,12.070619684889753,True,True,True,True,7468591.0,False,False,1802,2026-03-02,0.19168,0.4282678002125399,0.2655367231638419,0.2444444444444444,0.0671414170385968,-0.19168,-0.4282678002125399,-1.0741992753974579,-0.11536302147440416,-0.594781148435931
2338,2026-03-06,2026-03-18,2026,連續三次,10,9,0.0851063829787233,0.0806813829787233,-0.172147001934236,7.630707252213204,True,True,True,True,2578520.0,False,False,2338,2026-03-02,0.20838,0.6077265973254087,0.433112582781457,0.2911694510739857,0.0563280887610092,-0.20838,-0.6077265973254087,-1.333746215407576,-1.979635116290186,-1.6566906658488811
3092,2026-03-06,2026-03-18,2026,連續三次,10,9,-0.0555555555555555,-0.0599805555555555,-0.1499999999999999,-0.8206088426869658,True,True,True,True,2817204.0,False,False,3092,2026-03-02,0.15338,0.5269978401727864,0.4668049792531119,0.3596153846153846,0.0550164703257294,-0.15338,-0.5269978401727864,-0.4789509039970078,-1.1410004456580296,-0.8099756748275186
6716,2026-03-06,2026-03-18,2026,因連續3個營業日達本中心作業要點第四條第一項第一款,10,9,0.0865853658536583,0.0821603658536584,-0.1499999999999999,7.964892924154141,True,True,True,True,281764.0,False,False,6716,2026-02-24,0.13788,0.5311418685121108,0.5831842576028623,0.8789808917197452,0.0532677530583219,-0.13788,-0.5311418685121108,-0.2380540435085752,-1.1840498615541435,-0.7110519525313593
8289,2026-03-06,2026-03-18,2026,因連續3個營業日達本中心作業要點第四條第一項第一款,10,9,0.0527777777777778,0.0483527777777778,-0.125,2.712371211831439,True,True,True,True,572189.0,False,False,8289,2026-03-02,0.08288,0.4246323529411764,0.4220183486238531,0.5881147540983607,0.0567188877478233,-0.08288,-0.4246323529411764,0.6167412679019929,-0.07759689905960533,0.2695721844211938
7744,2026-03-06,2026-03-18,2026,因連續3個營業日達本中心作業要點第四條第一項第一款,10,9,0.1046511627906976,0.1002261627906976,-0.0465116279069767,13.199625472901555,True,True,True,True,28832.0,False,False,7744,2026-02-24,0.0198799999999999,0.1818181818181818,0.4158415841584157,0.2711111111111111,0.0449363867234203,-0.0198799999999999,-0.1818181818181818,1.5958704427904633,2.4448299238824855,2.0203501833364745
2489,2026-03-09,2026-03-19,2026,連續三次,10,9,0.0916030534351146,0.0871780534351146,-0.0992366412213739,9.194176160651857,True,True,True,True,2415492.0,False,False,2489,2026-02-25,0.19718,0.5157894736842106,0.7560975609756098,1.0,0.0582388975087511,-0.19718,-0.5157894736842106,-1.1596788065385149,-1.0245645550286153,-1.0921216807835652
2467,2026-03-09,2026-03-19,2026,連續三次,10,9,0.0494350282485875,0.0450100282485875,-0.097457627118644,2.397221281222772,True,True,True,True,583755.0,False,False,2467,2026-03-03,0.08558,0.3832442067736186,0.4032549728752259,0.5676767676767678,0.0484787464749484,-0.08558,-0.3832442067736186,0.5747785889782013,0.35235564268069486,0.4635671158294481
2367,2026-03-09,2026-03-19,2026,最近十個營業日已有六次,10,9,0.1591639871382635,0.1547389871382635,-0.0273311897106109,53.40789421605805,True,True,True,True,17701767.0,False,False,2367,2026-03-03,0.05718,0.2998204667863555,0.2569444444444444,0.8054862842892769,0.0594399155439281,-0.05718,-0.2998204667863555,1.0161638043247494,1.218986607590186,1.1175752059574677
6830,2026-03-09,2026-03-19,2026,連續三次,10,9,0.1355013550135502,0.1310763550135502,-0.097560975609756,29.611651975208865,True,True,True,True,2431060.0,False,False,6830,2026-03-03,0.08598,0.3708609271523178,0.3648351648351648,0.7394957983193278,0.0555026600814409,-0.08598,-0.3708609271523178,0.5685618958043063,0.48099688519260403,0.5247793904984551
6861,2026-03-10,2026-03-20,2026,連續三次,10,9,0.0505050505050506,0.0460800505050506,-0.0202020202020202,2.495183619435919,True,True,True,True,564144.0,True,False,6861,2026-02-26,0.18238,0.5988779803646564,0.8240000000000001,0.6964285714285714,0.0546067701469845,-0.18238,-0.5988779803646564,-0.9296611591043982,-1.8877130152673596,-1.408687087185879
6141,2026-03-10,2026-03-20,2026,連續三次,10,9,0.4786324786324785,0.4742074786324785,-0.0056980056980058,48103.26819799335,True,True,True,True,2070561.0,False,False,6141,2026-03-04,0.12268,0.4577777777777776,0.5327102803738317,0.4017094017094016,0.0449592207455306,-0.12268,-0.4577777777777776,-0.0018197029005635917,-0.4219215662690154,-0.2118706345847895
6187,2026-03-10,2026-03-20,2026,因連續3個營業日達本中心作業要點第四條第一項第一款,10,9,0.4598930481283423,0.4554680481283423,-0.053475935828877,33716.24689404725,True,True,True,True,1026875.0,False,False,6187,2026-02-26,0.0991799999999999,0.4281984334203654,0.4625668449197861,0.4586666666666665,0.0424556487761157,-0.0991799999999999,-0.4281984334203654,0.36341102106577167,-0.11464241832182377,0.12438430137197395
6877,2026-03-10,2026-03-20,2026,因連續3個營業日達本中心作業要點第四條第一項第一款,10,9,0.0943396226415094,0.0899146226415094,-0.0933962264150943,9.93150554196425,True,True,True,True,239398.0,False,False,6877,2026-03-04,0.07578,0.3784764207980653,0.3734939759036144,0.2984054669703873,0.0404040762551926,-0.07578,-0.3784764207980653,0.7270875717386298,0.4018848409773251,0.5644862063579774
6230,2026-03-11,2026-03-23,2026,連續五次,10,9,-0.0571428571428571,-0.0615678571428571,-0.0771428571428571,-0.8288357012165569,True,True,True,True,149055.0,False,False,6230,2026-03-03,0.10258,0.3895582329317268,0.373015873015873,0.4297520661157024,0.0452024924250155,-0.10258,-0.3895582329317268,0.31056912908766204,0.28676363514542336,0.29866638211654273
2616,2026-03-12,2026-03-24,2026,連續三次,10,9,0.0171428571428571,0.0127178571428571,-0.1142857142857143,0.4205530013670659,True,True,True,True,3495932.0,False,False,2616,2026-03-06,0.2186799999999999,0.599264705882353,0.5934065934065933,0.564748201438849,0.0448483243452308,-0.2186799999999999,-0.599264705882353,-1.4938260646353718,-1.89173043655065,-1.692778250593011
7717,2026-03-16,2026-03-26,2026,因連續3個營業日達本中心作業要點第四條第一項第一款,10,9,0.1306451612903225,0.1262201612903225,-0.0645161290322581,26.163172497953507,True,True,True,True,169389.0,False,False,7717,2026-02-26,0.0730799999999999,0.4293103448275861,0.3747927031509122,0.7751605995717346,0.0548002833871803,-0.0730799999999999,-0.4293103448275861,0.7690502506624229,-0.1261932892835031,0.32142848068945995
6715,2026-03-17,2026-03-27,2026,連續三次,10,9,0.1241830065359477,0.1197580065359477,-0.0947712418300653,22.150504334291853,True,True,True,True,486278.0,False,False,6715,2026-03-11,0.14718,0.6022727272727273,0.6987951807228916,1.1526717557251906,0.0550375370969703,-0.14718,-0.6022727272727273,-0.3825921598016349,-1.9229786697323132,-1.152785414766974
2426,2026-03-18,2026-03-30,2026,連續三次,10,9,-0.0616621983914208,-0.0660871983914208,-0.1286863270777479,-0.8503158578861318,True,True,True,True,7424281.0,False,False,2426,2026-03-12,0.23368,0.4891566265060241,0.5927835051546393,0.6010362694300517,0.04833120779215,-0.23368,-0.4891566265060241,-1.7269520586564373,-0.747894508206899,-1.237423283431668
6683,2026-03-18,2026-03-30,2026,因連續3個營業日達本中心作業要點第四條第一項第一款,10,9,0.2827004219409283,0.2782754219409283,-0.1181434599156118,914.777483152836,True,True,True,True,283491.0,False,False,6683,2026-03-12,0.2233799999999999,0.4363636363636363,0.4191616766467065,0.872037914691943,0.0679027192576866,-0.2233799999999999,-0.4363636363636363,-1.5668722094286387,-0.19946500846809442,-0.8831686089483666
3555,2026-03-19,2026-03-31,2026,因連續3個營業日達本中心作業要點第四條第一項第一款,10,9,-0.2870813397129187,-0.2915063397129187,-0.3038277511961722,-0.9999303909365358,True,True,True,True,204838.0,False,False,3555,2026-03-13,0.11288,0.3170731707317074,0.1448763250883391,0.296,0.072965718274007,-0.11288,-0.3170731707317074,0.15048927985986493,1.039760316971462,0.5951247984156635
4973,2026-03-19,2026-03-31,2026,因連續3個營業日達本中心作業要點第四條第一項第一款,10,9,-0.3635427394438723,-0.3679677394438723,-0.4057672502574665,-0.9999970827136128,True,True,True,True,7562054.0,False,False,4973,2026-03-13,0.2188799999999999,0.6038186157517902,0.4608695652173913,0.4834437086092717,0.0612177371415037,-0.2188799999999999,-0.6038186157517902,-1.4969344112223193,-1.9390378253690335,-1.7179861182956764
6727,2026-03-20,2026-04-01,2026,因連續3個營業日達本中心作業要點第四條第一項第一款,10,9,0.0707236842105263,0.0662986842105263,-0.1809210526315789,4.948577815941348,True,True,True,True,493720.0,False,False,6727,2026-03-16,0.11578,0.5683060109289617,0.3075170842824601,0.5900277008310248,0.0577292064226849,-0.11578,-0.5683060109289617,0.10541825434912591,-1.5701221787107065,-0.7323519621807902
6715,2026-03-20,2026-04-01,2026,連續三次,10,9,-0.1034013605442176,-0.1078263605442176,-0.2462585034013605,-0.9579666416697232,True,True,True,True,306116.0,False,False,6715,2026-03-11,0.14718,0.6022727272727273,0.6987951807228916,1.1526717557251906,0.0550375370969703,-0.14718,-0.6022727272727273,-0.3825921598016349,-1.9229786697323132,-1.152785414766974
3163,2026-03-20,2026-04-01,2026,因連續3個營業日達本中心作業要點第四條第一項第一款,10,9,-0.0979166666666666,-0.1023416666666666,-0.21875,-0.9501655535926562,True,True,True,True,1071087.0,False,False,3163,2026-03-16,0.0480799999999999,0.4746543778801844,0.188118811881188,0.9591836734693876,0.0630671990744975,-0.0480799999999999,-0.4746543778801844,1.157593574030863,-0.5972407767644142,0.28017639863322436
5351,2026-03-23,2026-04-02,2026,因連續3個營業日達本中心作業要點第四條第一項第一款,10,9,-0.1019021739130434,-0.1063271739130434,-0.1317934782608695,-0.955959860930928,True,True,True,True,9210991.0,False,False,5351,2026-03-17,0.09148,0.3432055749128919,0.4519774011299433,0.3817204301075267,0.0617775644209061,-0.09148,-0.3432055749128919,0.48308236466324944,0.768289022896149,0.6256856937796992
2243,2026-03-23,2026-04-02,2026,連續三次,10,9,0.0756756756756755,0.0712506756756755,-0.0270270270270269,5.7656352345689,True,True,True,True,783225.0,False,True,2243,2026-03-17,0.2318799999999999,0.4842519685039372,0.5907172995780592,0.6111111111111114,0.0456163914058301,-0.2318799999999999,-0.4842519685039372,-1.698976939373908,-0.6969434420289911,-1.1979601907014494
2426,2026-03-23,2026-04-02,2026,連續三次,10,9,0.1005747126436782,0.0961497126436782,-0.0948275862068964,11.808448003019745,True,True,True,True,2643421.0,False,False,2426,2026-03-12,0.23368,0.4891566265060241,0.5927835051546393,0.6010362694300517,0.04833120779215,-0.23368,-0.4891566265060241,-1.7269520586564373,-0.747894508206899,-1.237423283431668
3037,2026-03-23,2026-04-02,2026,連續三次,10,9,0.0359281437125749,0.0315031437125749,-0.1127744510978043,1.366911984419112,True,True,True,True,8936699.0,False,False,3037,2026-03-17,0.06628,0.2806603773584906,0.1727861771058314,0.4856361149110806,0.0654595299955841,-0.06628,-0.2806603773584906,0.874734034618637,1.4180273937160282,1.1463807141673326
3260,2026-03-23,2026-04-02,2026,因連續3個營業日達本中心作業要點第四條第一項第一款,10,9,-0.1225728155339805,-0.1269978155339806,-0.1893203883495146,-0.9770101066773024,True,True,True,True,9006489.0,False,False,3260,2026-03-12,0.03938,0.2228070175438596,0.169463087248322,0.052870090634441,0.0522685466339057,-0.03938,-0.2228070175438596,1.2928066505630784,2.019025539412499,1.6559160949877887
1735,2026-03-24,2026-04-07,2026,連續三次,10,9,-0.2137809187279151,-0.2182059187279151,-0.2208480565371025,-0.9989276320176996,True,True,True,True,565330.0,False,False,1735,2026-03-18,0.24648,0.5047846889952154,0.7,0.8832335329341319,0.0642671409355494,-0.24648,-0.5047846889952154,-1.9258862402210786,-0.9102435335172189,-1.4180648868691488
6141,2026-03-24,2026-04-07,2026,連續三次,10,9,-0.1326086956521739,-0.1370336956521739,-0.1521739130434782,-0.9833255672695111,True,True,True,True,1226247.0,False,False,6141,2026-03-04,0.12268,0.4577777777777776,0.5327102803738317,0.4017094017094016,0.0449592207455306,-0.12268,-0.4577777777777776,-0.0018197029005635917,-0.4219215662690154,-0.2118706345847895
2485,2026-03-24,2026-04-07,2026,連續三次,10,9,-0.0907960199004976,-0.0952210199004976,-0.0982587064676617,-0.9379349241030842,True,True,True,True,11559295.0,False,False,2485,2026-03-18,0.2040799999999999,0.4466546112115732,0.606425702811245,0.9300361881785282,0.0682736199799306,-0.2040799999999999,-0.4466546112115732,-1.2669167637882028,-0.3063707581226712,-0.7866437609554371
6167,2026-03-24,2026-04-07,2026,因連續3個營業日達本中心作業要點第四條第一項第一款,10,9,-0.1017543859649122,-0.1061793859649122,-0.1263157894736842,-0.955757107347636,True,True,True,True,780806.0,False,False,6167,2026-03-18,0.10408,0.3898305084745761,0.4137931034482758,0.4017094017094016,0.0429367134019313,-0.10408,-0.3898305084745761,0.28725652968555565,0.283935154709797,0.2855958421976763
3555,2026-03-24,2026-04-07,2026,因連續3個營業日達本中心作業要點第四條第一項第一款,10,9,-0.0883977900552486,-0.0928227900552486,-0.1961325966850828,-0.9331992364224198,True,True,True,True,98455.0,False,False,3555,2026-03-13,0.11288,0.3170731707317074,0.1448763250883391,0.296,0.072965718274007,-0.11288,-0.3170731707317074,0.15048927985986493,1.039760316971462,0.5951247984156635
7751,2026-03-24,2026-04-07,2026,因連續3個營業日達本中心作業要點第四條第一項第一款,10,9,0.126153846153846,0.121728846153846,-0.1507692307692307,23.309424277923128,True,True,True,True,73868.0,False,False,7751,2026-03-18,0.0321799999999999,0.2038461538461538,0.416289592760181,0.9538077403245944,0.0671274297960626,-0.0321799999999999,-0.2038461538461538,1.4047071276931908,2.2159967085829164,1.8103519181380536
5289,2026-03-24,2026-04-07,2026,因連續3個營業日達本中心作業要點第四條第一項第一款,10,9,-0.0986175115207372,-0.1030425115207372,-0.2396313364055299,-0.95123511287735,True,True,True,True,2181564.0,False,False,5289,2026-03-13,0.0199799999999999,0.2608695652173913,0.3029525032092426,0.2897077509529859,0.0617787162465912,-0.0199799999999999,-0.2608695652173913,1.5943162694969895,1.6236203175624293,1.6089682935297094
3066,2026-03-24,2026-04-07,2026,因連續3個營業日達本中心作業要點第四條第一項第一款,10,9,-0.188235294117647,-0.192660294117647,-0.1976470588235294,-0.9973804246700604,True,True,True,True,620199.0,False,False,3066,2026-03-18,0.0816799999999999,0.3446153846153847,0.405144694533762,0.4566666666666668,0.0515523916014037,-0.0816799999999999,-0.3446153846153847,0.6353913474236794,0.7536434946209043,0.6945174210222919
3006,2026-03-24,2026-04-07,2026,連續三次,10,9,-0.1349862258953168,-0.1394112258953168,-0.1735537190082644,-0.984555679837339,True,True,True,True,11730903.0,False,False,3006,2026-03-18,0.12478,0.3385579937304075,0.4573378839590443,0.3343750000000001,0.0661486330846326,-0.12478,-0.3385579937304075,-0.03445734206351263,0.8165694975582364,0.3910560777473619
6451,2026-03-24,2026-04-07,2026,連續三次,10,9,0.0906040268456376,0.0861790268456376,-0.1073825503355704,8.937141266037225,True,True,True,True,4177448.0,False,False,6451,2026-03-18,0.22128,0.4722955145118734,0.4919786096256684,0.5630252100840336,0.0667629157441606,-0.22128,-0.4722955145118734,-1.5342345702656912,-0.5727361928500379,-1.0534853815578646
1799,2026-03-24,2026-04-07,2026,因連續3個營業日達本中心作業要點第四條第一項第一款,10,9,0.1202702702702702,0.1158452702702702,-0.0445945945945945,20.005483977801163,True,True,True,True,90859.0,False,False,1799,2026-03-18,0.1608799999999999,0.4606365159128978,0.5433628318584072,0.3819334389857369,,-0.1608799999999999,-0.4606365159128978,-0.5955139010075386,-0.4516189999832195,-0.5235664504953791
8271,2026-03-24,2026-04-07,2026,連續三次,10,9,-0.1676470588235293,-0.1720720588235293,-0.2352941176470588,-0.9947275194359568,True,True,True,True,1805093.0,False,False,8271,2026-03-13,0.13878,0.4338842975206611,0.4279835390946502,0.6367924528301887,0.0564257739787074,-0.13878,-0.4338842975206611,-0.2520416031498388,-0.1737088889971474,-0.21287524607349312
4973,2026-03-24,2026-04-07,2026,因連續3個營業日達本中心作業要點第四條第一項第一款,10,9,-0.1528117359413202,-0.1572367359413202,-0.2946210268948654,-0.9913649159394304,True,True,True,True,1344042.0,False,False,4973,2026-03-13,0.2188799999999999,0.6038186157517902,0.4608695652173913,0.4834437086092717,0.0612177371415037,-0.2188799999999999,-0.6038186157517902,-1.4969344112223193,-1.9390378253690335,-1.7179861182956764
8240,2026-03-24,2026-04-07,2026,因連續3個營業日達本中心作業要點第四條第一項第一款,10,9,-0.0859649122807016,-0.0903899122807016,-0.1228070175438597,-0.9280400619860046,True,True,True,True,1097208.0,False,False,8240,2026-03-18,0.1587799999999999,0.4023529411764706,0.5746367239101717,0.5012594458438286,0.0474009589940112,-0.1587799999999999,-0.4023529411764706,-0.5628762618445894,0.15384834803925135,-0.20451395690266902
3189,2026-03-24,2026-04-09,2026,連續三次及當日沖銷標準,12,11,0.084033613445378,0.079608613445378,-0.1274509803921568,4.70234121214046,True,True,True,True,8948825.0,False,False,3189,2026-03-18,0.01788,0.2581755593803787,0.2847100175746924,0.5072164948453608,0.0554436658606521,-0.01788,-0.2581755593803787,1.626953908659937,1.6516064624938178,1.6392801855768773
6217,2026-03-24,2026-04-07,2026,因連續3個營業日達本中心作業要點第四條第一項第一款,10,9,0.1049723756906078,0.1005473756906078,-0.149171270718232,13.315232426505933,True,True,True,True,5953281.0,False,False,6217,2026-03-18,0.2486799999999999,0.4778761061946903,0.8152173913043479,1.9505300353356887,0.0643092630016103,-0.2486799999999999,-0.4778761061946903,-1.9600780526774995,-0.6307090619108576,-1.2953935572941786
6574,2026-03-24,2026-04-07,2026,因連續3個營業日達本中心作業要點第四條第一項第一款,10,9,-0.2226415094339622,-0.2270665094339622,-0.2513207547169811,-0.9992186658355802,True,True,True,True,95536.0,False,False,6574,2026-03-18,0.1609799999999999,0.4029666254635351,0.4973614775725594,0.4973614775725594,0.0388057488502235,-0.1609799999999999,-0.4029666254635351,-0.5970680743010122,0.14747321062717014,-0.22479743183692102
2451,2026-03-25,2026-04-08,2026,連續三次,10,9,-0.0293542074363992,-0.0337792074363992,-0.1839530332681017,-0.615005102787163,True,True,True,True,3261185.0,False,False,2451,2026-03-19,0.03398,0.3702882483370289,0.4473067915690867,0.3825503355704698,0.0514543797683817,-0.03398,-0.3702882483370289,1.3767320084106616,0.48694604539991193,0.9318390269052867
2399,2026-03-25,2026-04-08,2026,連續三次,10,9,0.1933962264150943,0.1889712264150943,-0.0927672955974842,121.4878204212483,True,True,True,True,3781183.0,False,False,2399,2026-03-19,0.06148,0.2944550669216061,0.4312896405919664,0.5386363636363638,0.0541256886170879,-0.06148,-0.2944550669216061,0.9493343527053776,1.2747239991602946,1.112029175932836
6907,2026-03-25,2026-04-08,2026,因連續3個營業日達本中心作業要點第四條第一項第一款,10,9,-0.0365853658536585,-0.0410103658536585,-0.2024390243902439,-0.6875137499382884,True,True,True,True,1277533.0,False,False,6907,2026-03-19,0.1909799999999999,0.4369369369369369,0.696808510638298,2.281893004115226,0.0564097743176352,-0.1909799999999999,-0.4369369369369369,-1.0633200623431402,-0.2054206276851008,-0.6343703450141205
3693,2026-03-25,2026-04-08,2026,因連續3個營業日達本中心作業要點第四條第一項第一款,10,9,0.091816367265469,0.087391367265469,-0.0698602794411177,9.249883099537485,True,True,True,True,963351.0,False,False,3693,2026-03-19,0.0897799999999999,0.3964071856287425,0.3637426900584795,0.550531914893617,0.0605014561558213,-0.0897799999999999,-0.3964071856287425,0.5095033106523049,0.21561464943295847,0.3625589800426317
6465,2026-03-26,2026-04-09,2026,因連續3個營業日達本中心作業要點第四條第一項第一款,10,9,-0.03125,-0.035675,-0.1229166666666666,-0.6354460304516288,True,True,True,True,446426.0,False,False,6465,2026-03-20,0.15178,0.4753086419753085,0.3186206896551724,0.4775888717156102,0.0491543325207514,-0.15178,-0.4753086419753085,-0.4540841313014278,-0.6040374694582397,-0.5290608003798337
7711,2026-03-26,2026-04-09,2026,連續三次,10,9,-0.0341880341880341,-0.0386130341880341,-0.1316239316239316,-0.6650724845226661,True,True,True,True,507298.0,False,False,7711,2026-03-20,-0.0015199999999999,0.3291139240506329,0.2295081967213115,0.1563876651982378,0.0519819836895983,0.0015199999999999,-0.3291139240506329,1.9284635275938447,0.9146773409671406,1.4215704342804927
8155,2026-03-26,2026-04-09,2026,因連續3個營業日達本中心作業要點第四條第一項第一款,10,9,0.1466165413533835,0.1421915413533835,-0.1052631578947368,39.166078601689954,True,True,True,True,832774.0,False,False,8155,2026-03-20,0.0529799999999999,0.3349514563106797,0.4435695538057742,0.2850467289719627,0.0516770595676786,-0.0529799999999999,-0.3349514563106797,1.0814390826506486,0.8540352957173468,0.9677371891839976
6584,2026-03-27,2026-04-10,2026,因連續3個營業日達本中心作業要點第四條第一項第一款,10,9,0.1648148148148147,0.1603898148148147,-0.0037037037037036,61.30931903360472,True,True,True,True,393887.0,False,False,6584,2026-03-23,0.03188,0.3120204603580563,0.5132743362831858,0.1528089887640449,0.0580659852631077,-0.03188,-0.3120204603580563,1.4093696475736104,1.092249395825922,1.2508095216997663
4905,2026-03-27,2026-04-10,2026,因連續3個營業日達本中心作業要點第四條第一項第一款,10,9,-0.0118343195266271,-0.0162593195266271,-0.101775147928994,-0.365780264768624,True,True,True,True,35073.0,False,False,4905,2026-03-23,0.2343799999999999,0.607201309328969,0.6098360655737705,0.5272161741835149,0.0476436306171286,-0.2343799999999999,-0.607201309328969,-1.737831271710752,-1.9741782661983607,-1.8560047689545565
6547,2026-03-27,2026-04-10,2026,因連續3個營業日達本中心作業要點第四條第一項第一款,10,9,0.0571428571428571,0.0527178571428571,0.0,3.1665586253974363,True,True,True,True,2594947.0,False,False,6547,2026-03-23,0.14948,0.5013774104683197,0.5330520393811535,0.522346368715084,0.0437591612711086,-0.14948,-0.5013774104683197,-0.41833814555153137,-0.8748476968173796,-0.6465929211844554
3363,2026-03-27,2026-04-10,2026,最近10個營業日內有6個營業日,10,9,0.2958677685950412,0.2914427685950412,-0.0909090909090909,1216.3662139432165,True,True,True,True,865030.0,False,False,3363,2026-02-25,0.0856799999999999,0.353811149032992,0.2991266375545851,0.4782608695652173,0.046585770223155,-0.0856799999999999,-0.353811149032992,0.5732244156847293,0.6581151211443843,0.6156697684145568
6515,2026-03-30,2026-04-13,2026,最近十個營業日已有六次,10,9,0.1413333333333333,0.1369083333333333,-0.1246666666666667,34.31255657758937,True,True,True,True,127610.0,False,False,6515,2026-03-18,0.00798,0.223728813559322,0.5955801104972376,0.6008869179600886,0.0542003812689293,-0.00798,-0.223728813559322,1.780817064713839,2.009449644463988,1.8951333545889135
3587,2026-03-30,2026-04-13,2026,因連續3個營業日達本中心作業要點第四條第一項第一款,10,9,0.4237668161434977,0.4193418161434977,-0.0358744394618834,16773.084750671704,True,True,True,True,710492.0,False,False,3587,2026-03-24,-0.00062,0.2834224598930481,0.2903225806451612,0.1483253588516746,0.0489195933315129,0.00062,-0.2834224598930481,1.9144759679525825,1.3893340475240608,1.6519050077383217
6584,2026-04-01,2026-04-15,2026,因連續3個營業日達本中心作業要點第四條第一項第一款,10,9,0.0940170940170941,0.0895920940170941,-0.0376068376068375,9.84200337866502,True,True,True,True,159783.0,False,False,6584,2026-03-23,0.03188,0.3120204603580563,0.5132743362831858,0.1528089887640449,0.0580659852631077,-0.03188,-0.3120204603580563,1.4093696475736104,1.092249395825922,1.2508095216997663
6187,2026-04-01,2026-04-15,2026,因連續3個營業日達本中心作業要點第四條第一項第一款,10,9,0.338443396226415,0.334018396226415,-0.0094339622641509,2996.2100678927345,True,True,True,True,1035735.0,False,False,6187,2026-03-26,0.0493799999999999,0.2604026845637583,0.5048076923076923,0.8855421686746987,0.061113774604688,-0.0493799999999999,-0.2604026845637583,1.1373893212157038,1.6284704145661995,1.3829298678909516
6821,2026-04-02,2026-04-16,2026,因連續3個營業日達本中心作業要點第四條第一項第一款,10,9,0.0696864111498258,0.0652614111498258,-0.0940766550522648,4.789913636928321,True,True,True,True,1139027.0,False,False,6821,2026-03-27,0.1793799999999999,0.5252387448840383,0.5252387448840383,0.5210884353741496,0.0415610428703241,-0.1793799999999999,-0.5252387448840383,-0.883035960300184,-1.1227264333961933,-1.0028811968481888
2231,2026-04-02,2026-04-16,2026,連續三次,10,9,0.0756302521008402,0.0712052521008402,-0.0672268907563025,5.757670895487966,True,True,True,True,1381647.0,False,False,2231,2026-03-27,0.17448,0.5206812652068127,0.5225334957369063,0.3102725366876309,0.0529980247969942,-0.17448,-0.5206812652068127,-0.8068814689199713,-1.075381960338135,-0.9411317146290531
6907,2026-04-07,2026-04-17,2026,因連續3個營業日達本中心作業要點第四條第一項第一款,10,9,0.2835820895522387,0.2791570895522387,0.0,932.4860638524882,True,True,True,True,452753.0,False,False,6907,2026-03-19,0.1909799999999999,0.4369369369369369,0.696808510638298,2.281893004115226,0.0564097743176352,-0.1909799999999999,-0.4369369369369369,-1.0633200623431402,-0.2054206276851008,-0.6343703450141205
4154,2026-04-07,2026-04-17,2026,因連續3個營業日達本中心作業要點第四條第一項第一款,10,9,-0.0176678445229682,-0.0220928445229682,-0.0812720848056537,-0.4623624991803657,True,True,True,True,3101.0,False,False,4154,2026-03-30,0.1302799999999999,0.4466019417475728,0.4536585365853658,,,-0.1302799999999999,-0.4466019417475728,-0.11993687320456778,-0.305823611849741,-0.21288024252715437
4971,2026-04-07,2026-04-21,2026,連續3個營業日及沖銷標準,12,11,0.468013468013468,0.463588468013468,-0.0117845117845117,5747.072642423119,True,True,True,True,709468.0,False,False,4971,2026-03-30,0.0521799999999999,0.4464692482915717,0.3685344827586208,0.1824953445065176,0.0698742581731046,-0.0521799999999999,-0.4464692482915717,1.0938724689984387,-0.30444515221907764,0.39471365838968053
1905,2026-04-08,2026-04-20,2026,連續三次,10,9,-0.0736842105263158,-0.0781092105263158,-0.0807017543859649,-0.8955582035309947,True,True,True,True,10254028.0,False,False,1905,2026-03-31,0.13278,0.5081300813008129,0.592274678111588,0.5204918032786887,0.0472921805842104,-0.13278,-0.5081300813008129,-0.15879120554141354,-0.944996477490282,-0.5518938415158477
4741,2026-04-08,2026-04-20,2026,因連續3個營業日達本中心作業要點第四條第一項第一款,10,9,0.247191011235955,0.2427660112359549,-0.0325842696629213,417.72304535944073,True,True,True,True,1281747.0,False,False,4741,2026-03-31,0.1516799999999999,0.4989979959919839,0.5265306122448978,0.6086021505376344,0.0521574081130891,-0.1516799999999999,-0.4989979959919839,-0.4525299580079525,-0.8501296217962722,-0.6513297899021123
7721,2026-04-08,2026-04-20,2026,連續三次,10,9,-0.04,-0.044425,-0.0705882352941176,-0.7169915391041419,True,True,True,True,1523997.0,False,False,7721,2026-03-31,0.17498,0.4624505928853755,0.4538310412573674,0.3528336380255941,0.0487543551236048,-0.17498,-0.4624505928853755,-0.81465233538734,-0.47046417855371364,-0.6425582569705268
3167,2026-04-10,2026-04-22,2026,連續三次,10,9,0.1724137931034481,0.1679887931034481,-0.0327586206896551,73.69586276653301,True,True,True,True,1083007.0,False,False,3167,2026-04-02,-0.01422,0.2746781115879828,0.2478991596638655,0.6141304347826086,0.0721527257181812,0.01422,-0.2746781115879828,2.125843535865014,1.4801729743125316,1.8030082550887727
6727,2026-04-10,2026-04-22,2026,因連續3個營業日達本中心作業要點第四條第一項第一款,10,9,0.1035714285714286,0.0991464285714286,-0.1297619047619047,12.817581364035018,True,True,True,True,258963.0,False,False,6727,2026-04-02,0.0151799999999999,0.2762923351158646,0.1953255425709517,0.7766749379652604,0.0723028833887525,-0.0151799999999999,-0.2762923351158646,1.66891658758373,1.4634039335843,1.566160260584015
7734,2026-04-10,2026-04-22,2026,因連續3個營業日達本中心作業要點第四條第一項第一款,10,9,0.2328767123287671,0.2284517123287671,-0.12720156555773,302.5073180204872,True,True,True,True,181550.0,False,False,7734,2026-04-02,0.0057799999999999,0.2912087912087913,0.2947658402203856,0.4329268292682926,0.0547890249338196,-0.0057799999999999,-0.2912087912087913,1.8150088771702635,1.3084472900819015,1.5617280836260825
4741,2026-04-13,2026-04-23,2026,因連續3個營業日達本中心作業要點第四條第一項第一款,10,9,0.2058823529411764,0.2014573529411764,0.0,162.72730052320398,True,True,True,True,735491.0,False,False,4741,2026-03-31,0.1516799999999999,0.4989979959919839,0.5265306122448978,0.6086021505376344,0.0521574081130891,-0.1516799999999999,-0.4989979959919839,-0.4525299580079525,-0.8501296217962722,-0.6513297899021123
6830,2026-04-13,2026-04-23,2026,連續三次,10,9,0.1455064194008559,0.1410814194008559,0.0,38.09567475263788,True,True,True,True,432520.0,False,True,6830,2026-04-07,-0.0256199999999999,0.385500575373993,0.3377777777777777,0.5144654088050316,0.0633315326625218,0.0256199999999999,-0.385500575373993,2.303019291321021,0.3289158053198607,1.315967548320441
3163,2026-04-14,2026-04-24,2026,因連續3個營業日達本中心作業要點第四條第一項第一款,10,9,-0.0493827160493827,-0.0538077160493827,-0.1193415637860082,-0.7848401810804605,True,True,True,True,775902.0,False,False,3163,2026-04-08,0.0598799999999999,0.3085714285714285,0.3946406820950061,0.7588325652841781,0.072408695276988,-0.0598799999999999,-0.3085714285714285,0.9742011254009594,1.128078977977299,1.0511400516891292
3508,2026-04-14,2026-04-24,2026,因連續3個營業日達本中心作業要點第四條第一項第一款,10,9,0.0959488272921109,0.0915238272921109,-0.0405117270788912,10.388810009970854,True,True,True,True,2313388.0,False,False,3508,2026-03-19,0.1324799999999999,0.3173803526448362,0.3584415584415583,0.6042944785276072,0.0633487382832801,-0.1324799999999999,-0.3173803526448362,-0.1541286856609906,1.0365692186364048,0.4412202664877071
3167,2026-04-15,2026-04-27,2026,連續三次,10,9,-0.0452616690240452,-0.0496866690240452,-0.1343705799151343,-0.7572330912111869,True,True,True,True,711123.0,False,False,3167,2026-04-02,-0.01422,0.2746781115879828,0.2478991596638655,0.6141304347826086,0.0721527257181812,0.01422,-0.2746781115879828,2.125843535865014,1.4801729743125316,1.8030082550887727
6218,2026-04-16,2026-04-28,2026,因連續3個營業日達本中心作業要點第四條第一項第一款,10,9,0.0070422535211267,0.0026172535211267,-0.147887323943662,0.0753073344845272,True,True,True,True,1457190.0,False,False,6218,2026-04-10,0.1349799999999999,0.4314516129032257,0.3295880149812735,0.5236051502145922,0.0440913449128482,-0.1349799999999999,-0.4314516129032257,-0.19298301799783465,-0.1484374276882874,-0.17071022284306103
6830,2026-04-16,2026-04-28,2026,連續三次,10,9,-0.1083437110834371,-0.1127687110834371,-0.2428393524283935,-0.963977060965183,True,True,True,True,229698.0,False,False,6830,2026-04-07,-0.0256199999999999,0.385500575373993,0.3377777777777777,0.5144654088050316,0.0633315326625218,0.0256199999999999,-0.385500575373993,2.303019291321021,0.3289158053198607,1.315967548320441
3037,2026-04-16,2026-04-28,2026,連續三次,10,9,0.3306451612903225,0.3262201612903225,-0.0225806451612903,2545.7692973777616,True,True,True,True,7013959.0,False,False,3037,2026-04-10,0.09528,0.3060388945752303,0.2608695652173913,0.3690987124463518,0.0646463881656441,-0.09528,-0.3060388945752303,0.4240237795112466,1.1543877047393265,0.7892057421252865
6217,2026-04-16,2026-04-28,2026,連續5個營業日,10,9,0.1924778761061947,0.1880528761061947,-0.0663716814159292,118.88680580985994,True,True,True,True,2181628.0,False,False,6217,2026-03-18,0.2486799999999999,0.4778761061946903,0.8152173913043479,1.9505300353356887,0.0643092630016103,-0.2486799999999999,-0.4778761061946903,-1.9600780526774995,-0.6307090619108576,-1.2953935572941786
3583,2026-04-16,2026-04-28,2026,連續三次,10,9,0.0379746835443037,0.0335496835443037,-0.0365682137834036,1.5008824982478275,True,True,True,True,1125989.0,False,False,3583,2026-04-10,0.13258,0.4473118279569892,0.3541247484909458,0.8115746971736204,0.046931800550125,-0.13258,-0.4473118279569892,-0.15568285895446593,-0.3131981238380122,-0.23444049139623907
3455,2026-04-16,2026-04-28,2026,因連續3個營業日達本中心作業要點第四條第一項第一款,10,9,0.1820652173913044,0.1776402173913044,-0.0217391304347825,92.8799870931146,True,True,True,True,1448103.0,False,False,3455,2026-04-10,0.21188,0.5296442687747036,0.4942084942084941,0.5668016194331984,0.0472173462613317,-0.21188,-0.5296442687747036,-1.388142280679158,-1.168492343925762,-1.2783173123024598
3508,2026-04-17,2026-04-29,2026,因連續3個營業日達本中心作業要點第四條第一項第一款,10,9,-0.0278884462151395,-0.0323134462151395,-0.0438247011952191,-0.5984479507924254,True,True,True,True,533516.0,False,False,3508,2026-03-19,0.1324799999999999,0.3173803526448362,0.3584415584415583,0.6042944785276072,0.0633487382832801,-0.1324799999999999,-0.3173803526448362,-0.1541286856609906,1.0365692186364048,0.4412202664877071
3026,2026-04-17,2026-04-29,2026,連續三次,10,9,0.004255319148936,-0.0001696808510639,-0.1425531914893617,-0.0047026645860547,True,True,True,True,3079140.0,False,False,3026,2026-04-13,0.14458,0.5379061371841156,0.453924914675768,1.0189573459715642,0.0500278572789433,-0.14458,-0.5379061371841156,-0.34218365417131685,-1.2543191240808729,-0.7982513891260948
7610,2026-04-17,2026-04-29,2026,連續三次,10,9,0.0063091482649841,0.0018841482649841,-0.1656151419558359,0.0536793774675794,True,True,True,True,783092.0,False,False,7610,2026-04-13,0.13608,0.447089947089947,0.486413043478261,0.6475903614457832,0.0476576081975943,-0.13608,-0.447089947089947,-0.21007892422604757,-0.31089315848967,-0.2604860413578588
3234,2026-04-17,2026-04-29,2026,因連續3個營業日達本中心作業要點第四條第一項第一款,10,9,-0.0533333333333333,-0.0577583333333333,-0.1111111111111111,-0.8084481923490898,True,True,True,True,2428804.0,False,False,3234,2026-04-13,0.1280799999999999,0.4981949458483756,0.3105263157894737,0.447674418604651,0.0630017037313339,-0.1280799999999999,-0.4981949458483756,-0.08574506074814495,-0.8417872947688307,-0.46376617775848783
2467,2026-04-17,2026-04-29,2026,連續三次,10,9,0.0927021696252465,0.0882771696252465,-0.0433925049309664,9.484366133093928,True,True,True,True,1069136.0,False,False,2467,2026-04-13,0.05428,0.4005102040816326,0.326086956521739,0.5041095890410958,0.0498147296558748,-0.05428,-0.4005102040816326,1.0612348298354881,0.17299125660242234,0.6171130432189552
6147,2026-04-17,2026-04-29,2026,因連續3個營業日達本中心作業要點第四條第一項第一款,10,9,0.3562231759656653,0.3517981759656653,-0.0128755364806867,4328.526948072355,True,True,True,True,23474056.0,False,False,6147,2026-04-13,0.18608,0.3869047619047618,0.4974293059125965,0.9098360655737704,0.0667160320210507,-0.18608,-0.3869047619047618,-0.9871655709629275,0.31432869224798377,-0.33641843935747184
6451,2026-04-17,2026-04-29,2026,連續三次,10,9,-0.2065868263473054,-0.2110118263473054,-0.2774451097804391,-0.998616920826176,True,True,True,True,968708.0,False,False,6451,2026-04-13,0.18598,0.607445008460237,0.4307228915662651,1.423469387755102,0.0668741619740051,-0.18598,-0.607445008460237,-0.9856113976694538,-1.976709886254122,-1.4811606419617878
2426,2026-04-17,2026-04-29,2026,連續三次,10,9,0.1018518518518518,0.0974268518518518,-0.1462962962962962,12.22951591585241,True,True,True,True,3992014.0,False,False,2426,2026-04-13,0.1451800000000001,0.3577023498694518,0.5476190476190474,0.6828478964401294,0.0741915117644799,-0.1451800000000001,-0.3577023498694518,-0.351508693932161,0.617692153580563,0.13309172982420098
6903,2026-04-17,2026-04-29,2026,因連續3個營業日達本中心作業要點第四條第一項第一款,10,9,0.0586666666666666,0.0542416666666666,-0.0186666666666667,3.337376608312602,True,True,True,True,736291.0,False,False,6903,2026-04-13,0.0996799999999999,0.446236559139785,0.3427620632279533,0.2995169082125604,0.0476356019478062,-0.0996799999999999,-0.446236559139785,0.3556401545984028,-0.30202790714989625,0.026806123724253283
1591,2026-04-17,2026-04-29,2026,因連續3個營業日達本中心作業要點第四條第一項第一款,10,9,0.0827586206896551,0.0783336206896551,-0.0379310344827586,7.124742611040928,True,True,True,True,641420.0,False,False,1591,2026-04-13,0.1123799999999999,0.4194341943419435,0.4073170731707318,0.2557127312295975,0.0463840431064883,-0.1123799999999999,-0.4194341943419435,0.15826014632723526,-0.0235968601822598,0.06733164307248773
8021,2026-04-17,2026-04-29,2026,連續三次,10,9,0.0521978021978022,0.0477728021978022,-0.0027472527472527,2.655742369824797,True,True,True,True,4277551.0,False,False,8021,2026-04-13,0.07968,0.4391752577319587,0.3606237816764133,0.4756871035940804,0.0603967225246911,-0.07968,-0.4391752577319587,0.6664748132931532,-0.2286729790021584,0.21890091714549736
2489,2026-04-17,2026-04-29,2026,連續三次,10,9,-0.0551181102362204,-0.0595431102362204,-0.2204724409448819,-0.8182754180344228,True,True,True,True,5151172.0,False,False,2489,2026-04-13,0.09288,0.481366459627329,0.4952978056426333,0.2686170212765957,0.0750731281353587,-0.09288,-0.481366459627329,0.4613239385546168,-0.6669679057802965,-0.10282198361283987
1785,2026-04-20,2026-04-30,2026,因連續3個營業日達本中心作業要點第四條第一項第一款,10,9,0.0575079872204473,0.0530829872204473,-0.1597444089456868,3.2068886744832144,True,True,True,True,15846483.0,False,False,1785,2026-04-14,0.2232799999999999,0.5534521158129175,0.4470954356846472,0.7012195121951219,0.0614862018366927,-0.2232799999999999,-0.5534521158129175,-1.5653180361351646,-1.415815437499546,-1.4905667368173554
4949,2026-04-20,2026-04-30,2026,連續三次,10,9,0.1517467248908297,0.1473217248908297,-0.0960698689956331,44.49070830225752,True,True,True,True,1715935.0,False,False,4949,2026-04-14,0.10048,0.4134762633996938,0.3110795454545454,0.3494152046783625,0.0596929904589996,-0.10048,-0.4134762633996938,0.3432067682506111,0.03829592288086244,0.19075134556573675
4576,2026-04-20,2026-04-30,2026,連續三次,10,9,0.1212121212121211,0.1167871212121211,-0.1439393939393939,20.50359284787986,True,True,True,True,1696958.0,False,False,4576,2026-04-14,0.12418,0.4206642066420665,0.4206642066420665,0.5843621399176955,0.0452102446850347,-0.12418,-0.4206642066420665,-0.025132302302670013,-0.03637459882918301,-0.03075345056592651
3167,2026-04-20,2026-04-30,2026,連續三次,10,9,0.2889221556886228,0.2844971556886227,-0.0838323353293413,1047.00943484112,True,True,True,True,772848.0,False,False,3167,2026-04-02,-0.01422,0.2746781115879828,0.2478991596638655,0.6141304347826086,0.0721527257181812,0.01422,-0.2746781115879828,2.125843535865014,1.4801729743125316,1.8030082550887727
4569,2026-04-20,2026-04-30,2026,連續三次,10,9,-0.0707070707070707,-0.0751320707070707,-0.1363636363636363,-0.8857726758505046,True,True,True,True,201041.0,False,False,4569,2026-04-14,0.06108,0.3643410852713178,0.2988929889298892,0.2526690391459074,0.0507762761444806,-0.06108,-0.3643410852713178,0.9555510458792725,0.5487269685148212,0.7521390071970468
3532,2026-04-20,2026-04-30,2026,連續三次,10,9,-0.0052631578947368,-0.0096881578947368,-0.1210526315789474,-0.2369468533009332,True,True,True,True,2805576.0,False,False,3532,2026-04-14,0.0497799999999999,0.3716475095785441,0.2650176678445231,0.4206349206349207,0.0578315686302891,-0.0497799999999999,-0.3716475095785441,1.131172628041809,0.47282562977867226,0.8019991289102406
4577,2026-04-20,2026-04-30,2026,因連續3個營業日達本中心作業要點第四條第一項第一款,10,9,0.1224489795918366,0.1180239795918366,-0.0272108843537415,21.175039507792555,True,True,True,True,726857.0,False,False,4577,2026-04-14,0.0580799999999999,0.3632075471698113,0.2620087336244541,0.5130890052356021,0.0644593155467057,-0.0580799999999999,-0.3632075471698113,1.002176244683487,0.5605025040976211,0.7813393743905541
4989,2026-04-21,2026-05-04,2026,連續三次,10,9,-0.055045871559633,-0.059470871559633,-0.0935779816513762,-0.8178872777017999,True,True,True,True,4367968.0,False,False,4989,2026-04-15,0.18428,0.4184704184704184,0.5169753086419753,0.4584569732937684,0.0541596435854835,-0.18428,-0.4184704184704184,-0.9591904516803998,-0.013584865831205401,-0.48638765875580264
3593,2026-04-21,2026-05-04,2026,連續三次,10,9,0.0050632911392405,0.0006382911392405,-0.0531645569620253,0.0178826671470786,True,True,True,True,121848.0,False,False,3593,2026-04-15,0.09818,0.3880597014925373,0.4307692307692308,,,-0.09818,-0.3880597014925373,0.37895275400050754,0.3023308315728464,0.34064179278667694
6949,2026-04-21,2026-05-04,2026,連續三次,10,9,-0.0572139303482587,-0.0616389303482587,-0.0907960199004974,-0.829195428511003,True,True,True,True,83023.0,False,False,6949,2026-04-15,-0.0008199999999999,0.274671052631579,0.3596491228070175,0.3716814159292034,0.041852804951048,0.0008199999999999,-0.274671052631579,1.9175843145395286,1.4802463048800705,1.6989153097097995
6274,2026-04-21,2026-05-04,2026,因連續3個營業日達本中心作業要點第四條第一項第一款,10,9,0.1574556830031281,0.1530306830031281,-0.0823774765380604,51.21578210884063,True,True,True,True,3074315.0,False,False,6274,2026-04-15,0.08288,0.3048275862068965,0.5714285714285714,0.8807157057654076,0.0537434562085325,-0.08288,-0.3048275862068965,0.6167412679019929,1.1669711413032153,0.8918562046026042
3443,2026-04-21,2026-05-04,2026,連續三次,10,9,0.2995839112343967,0.2951589112343967,0.0,1317.5146058535738,True,True,True,True,1074702.0,False,False,3443,2026-04-15,-0.0113199999999999,0.2231075697211155,0.3290043290043289,0.3584070796460177,0.0480974206957321,0.0113199999999999,-0.2231075697211155,2.080772510354273,2.0159033127726875,2.0483379115634803
7556,2026-04-21,2026-05-04,2026,因連續3個營業日達本中心作業要點第四條第一項第一款,10,9,-0.0297029702970297,-0.0341279702970297,-0.0709570957095709,-0.6188466741656161,True,True,True,True,434651.0,False,False,7556,2026-04-15,0.1705799999999999,0.4505494505494505,0.5438596491228069,0.4465753424657535,0.0478883717635714,-0.1705799999999999,-0.4505494505494505,-0.7462687104744932,-0.3468315235362982,-0.5465501170053957
5228,2026-04-22,2026-05-05,2026,因連續3個營業日達本中心作業要點第四條第一項第一款,10,9,-0.075,-0.079425,-0.1694444444444445,-0.8996207850773209,True,True,True,True,582367.0,False,False,5228,2026-04-16,0.14788,0.3419483101391651,0.4642082429501084,0.4210526315789473,0.0463871242371125,-0.14788,-0.3419483101391651,-0.39347137285595135,0.7813498684560328,0.19393924780004074
6224,2026-04-22,2026-05-05,2026,連續三次,10,9,0.3656462585034015,0.3612212585034015,-0.0136054421768706,5250.003457504227,True,True,True,True,552532.0,False,False,6224,2026-04-16,0.13688,0.4563345633456335,0.5160051216389245,0.428226779252111,0.0415941851553475,-0.13688,-0.4563345633456335,-0.22251231057383758,-0.4069290195899607,-0.3147206650818991
7610,2026-04-22,2026-05-05,2026,連續三次,10,9,0.1534810126582277,0.1490560126582277,-0.1629746835443037,46.4399730638496,True,True,True,True,410735.0,False,False,7610,2026-04-13,0.13608,0.447089947089947,0.486413043478261,0.6475903614457832,0.0476576081975943,-0.13608,-0.447089947089947,-0.21007892422604757,-0.31089315848967,-0.2604860413578588
3714,2026-04-22,2026-05-05,2026,連續三次,10,9,0.0122116689280866,0.0077866689280866,-0.1519674355495252,0.2404306170933354,True,True,True,True,12499704.0,False,False,3714,2026-04-16,0.12458,0.3263525305410122,0.6684961580680573,0.5784008307372794,0.064752469823285,-0.12458,-0.3263525305410122,-0.031348995476565014,0.9433635293603096,0.4560072669418723
3467,2026-04-22,2026-05-05,2026,因連續3個營業日達本中心作業要點第四條第一項第一款,10,9,0.1137123745819397,0.1092873745819397,-0.0635451505016722,16.83299010506183,True,True,True,True,421732.0,False,False,3467,2026-04-16,0.11968,0.448780487804878,0.448780487804878,0.5714285714285716,0.0572086021109958,-0.11968,-0.448780487804878,0.04480549590364925,-0.32845500516812304,-0.1418247546322369
2923,2026-04-22,2026-05-05,2026,連續三次,10,9,-0.1722222222222221,-0.1766472222222221,-0.2111111111111111,-0.995479719162167,True,True,True,True,112508.0,False,False,2923,2026-04-16,0.06078,0.4199475065616798,0.5325779036827196,0.450402144772118,0.0473349254026719,-0.06078,-0.4199475065616798,0.9602135657596939,-0.028929302294754367,0.46564213173246977
4960,2026-04-22,2026-05-05,2026,連續三次,10,9,-0.0173010380622837,-0.0217260380622837,-0.1591695501730103,-0.4567324910688289,True,True,True,True,11789880.0,False,False,4960,2026-04-16,0.14668,0.4725536992840096,0.2695473251028806,0.179732313575526,0.0668062619448109,-0.14668,-0.4725536992840096,-0.3748212933342661,-0.5754182941108478,-0.47511979372255697
6278,2026-04-22,2026-05-05,2026,連續三次,10,9,0.1598746081504702,0.1554496081504702,-0.1724137931034483,54.34566384143465,True,True,True,True,5843637.0,False,False,6278,2026-04-16,0.14948,0.508438818565401,0.5459459459459459,0.4158415841584157,0.0428806248977347,-0.14948,-0.508438818565401,-0.41833814555153137,-0.9482037332852665,-0.6832709394183989
6451,2026-04-22,2026-05-05,2026,連續三次,10,9,0.0991561181434599,0.0947311181434599,-0.2362869198312236,11.35588845540228,True,True,True,True,641700.0,False,False,6451,2026-04-13,0.18598,0.607445008460237,0.4307228915662651,1.423469387755102,0.0668741619740051,-0.18598,-0.607445008460237,-0.9856113976694538,-1.976709886254122,-1.4811606419617878
3339,2026-04-22,2026-05-05,2026,因連續3個營業日達本中心作業要點第四條第一項第一款,10,9,-0.1420373027259684,-0.1464623027259685,-0.3256814921090387,-0.9877109125197852,True,True,True,True,2735495.0,False,False,3339,2026-04-16,0.08438,0.3432835820895523,0.721311475409836,0.8805970149253732,0.058239028435971,-0.08438,-0.3432835820895523,0.5934286684998865,0.7674786608242807,0.6804536646620836
8043,2026-04-22,2026-05-05,2026,因連續3個營業日達本中心作業要點第四條第一項第一款,10,9,0.0832383124287343,0.0788133124287343,-0.0946408209806156,7.225738812252931,True,True,True,True,1499602.0,False,False,8043,2026-04-16,0.1095799999999999,0.3899556868537666,0.3578643578643579,0.2126288659793813,0.0452199501196527,-0.1095799999999999,-0.3899556868537666,0.20177699854450049,0.28263476396298803,0.24220588125374426
4764,2026-04-23,2026-05-06,2026,連續三次,10,9,0.5688073394495412,0.5643823394495412,-0.1766055045871559,250272.0081547421,True,True,True,True,1396813.0,False,False,4764,2026-04-14,0.17628,0.5120967741935485,0.4097744360902255,0.1574074074074074,0.0611351673412035,-0.17628,-0.5120967741935485,-0.8348565882024989,-0.9862036792970564,-0.9105301337497776
6173,2026-04-23,2026-05-06,2026,因連續3個營業日達本中心作業要點第四條第一項第一款,10,9,0.1222222222222222,0.1177972222222222,-0.1811111111111111,21.050446604102763,True,True,True,True,4369570.0,False,False,6173,2026-04-17,0.14288,0.4119448698315469,0.5469798657718121,0.380239520958084,0.0463217487123661,-0.14288,-0.4119448698315469,-0.31576270818226326,0.05420450101248267,-0.1307791035848903
6208,2026-04-23,2026-05-06,2026,因連續3個營業日達本中心作業要點第四條第一項第一款,10,9,-0.1550561797752808,-0.1594811797752808,-0.1573033707865169,-0.9919814541230384,True,True,True,True,2549394.0,False,True,6208,2026-04-17,0.0712799999999999,0.3636363636363635,0.5739769150052467,0.5479876160990711,0.0469925608989873,-0.0712799999999999,-0.3636363636363635,0.7970253699449507,0.556047829346358,0.6765365996456543
3042,2026-04-23,2026-05-06,2026,連續三次,10,9,-0.1147058823529412,-0.1191308823529412,-0.2176470588235294,-0.9705041662910197,True,True,True,True,4125502.0,False,False,3042,2026-04-14,0.1083799999999999,0.4202127659574468,0.4654226125137213,0.427807486631016,0.0379826758241215,-0.1083799999999999,-0.4202127659574468,0.22042707806618572,-0.03168489687898129,0.09437109059360221
3555,2026-04-23,2026-05-06,2026,因連續3個營業日達本中心作業要點第四條第一項第一款,10,9,-0.0079522862823061,-0.0123772862823061,-0.0934393638170973,-0.2924584821069735,True,True,True,True,125906.0,False,True,3555,2026-04-17,0.1441799999999999,0.3333333333333332,0.6560509554140128,0.2713936430317849,0.0760347289266117,-0.1441799999999999,-0.3333333333333332,-0.33596696099742035,0.8708448451023793,0.2674389420524794
4908,2026-04-23,2026-05-06,2026,因連續3個營業日達本中心作業要點第四條第一項第一款,10,9,0.1738095238095238,0.1693845238095238,-0.2476190476190476,76.21540276202346,True,True,True,True,1803309.0,False,False,4908,2026-04-14,0.1009799999999999,0.3768115942028984,0.2666666666666666,0.3443396226415094,0.0548985351167769,-0.1009799999999999,-0.3768115942028984,0.3354359017832438,0.4191795616263487,0.37730773170479626
6791,2026-04-23,2026-05-06,2026,因連續3個營業日達本中心作業要點第四條第一項第一款,10,9,-0.1485507246376811,-0.1529757246376811,-0.1739130434782608,-0.990066389099968,True,True,True,True,100218.0,False,False,6791,2026-04-17,0.09328,0.3500000000000001,0.3874614594039054,0.3300492610837438,0.0367261322557686,-0.09328,-0.3500000000000001,0.4551072453807218,0.6977064864365652,0.5764068659086434
4979,2026-04-23,2026-05-06,2026,因連續3個營業日達本中心作業要點第四條第一項第一款,10,9,0.0933125972006221,0.0888875972006221,-0.2052877138413685,9.648954569711696,True,True,True,True,4544651.0,False,False,4979,2026-04-17,0.1656799999999999,0.4327030033370411,0.715046604527297,0.6814621409921671,0.0581353065657634,-0.1656799999999999,-0.4327030033370411,-0.670114219094279,-0.16143724883394112,-0.41577573396411005
6456,2026-04-23,2026-05-06,2026,連續三次,10,9,-0.1227436823104691,-0.1271686823104691,-0.1708784596871237,-0.9771347701148878,True,True,True,True,7575247.0,False,True,6456,2026-04-17,0.09828,0.4696969696969697,0.4264705882352941,0.2278481012658226,0.0541255383900193,-0.09828,-0.4696969696969697,0.37739858070703375,-0.5457417257997191,-0.0841715725463427
5475,2026-04-24,2026-05-07,2026,因連續3個營業日達本中心作業要點第四條第一項第一款,10,9,-0.0465753424657534,-0.0510003424657534,-0.1726027397260273,-0.7663845574485062,True,True,True,True,2469756.0,False,False,5475,2026-04-20,0.0716799999999999,0.3913043478260869,0.6227180527383367,0.8867924528301887,0.0556284654866352,-0.0716799999999999,-0.3913043478260869,0.7908086767710556,0.2686244671343372,0.5297165719526964
3529,2026-04-24,2026-05-07,2026,因連續3個營業日達本中心作業要點第四條第一項第一款,10,9,0.1972010178117047,0.1927760178117047,-0.0330788804071247,132.8554535907074,True,True,True,True,925837.0,False,False,3529,2026-04-20,0.15358,0.3876582278481013,0.667300380228137,0.5801801801801802,0.0516174878649143,-0.15358,-0.3876582278481013,-0.4820592505839554,0.3065014608435607,-0.08777889487019733
8182,2026-04-24,2026-05-07,2026,因連續3個營業日達本中心作業要點第四條第一項第一款,10,9,0.1253263707571803,0.1209013707571803,-0.1109660574412533,22.81618688893783,True,True,True,True,814554.0,False,False,8182,2026-04-20,0.1313799999999999,0.3154670750382851,0.5421903052064632,0.6086142322097379,0.0503268526457061,-0.1313799999999999,-0.3154670750382851,-0.13703277943277942,1.0564449233046238,0.45970607193592217
3388,2026-04-24,2026-05-07,2026,因連續3個營業日達本中心作業要點第四條第一項第一款,10,9,-0.0347826086956521,-0.0392076086956521,-0.1130434782608695,-0.6707789141254008,True,True,True,True,1449231.0,False,False,3388,2026-04-20,0.1879799999999999,0.4789687924016281,0.6540212443095599,0.6615853658536588,0.0417382619748439,-0.1879799999999999,-0.4789687924016281,-1.0166948635389275,-0.6420602156952167,-0.8293775396170721
4956,2026-04-24,2026-05-07,2026,連續三次,10,9,0.0666666666666666,0.0622416666666666,-0.1414141414141414,4.350888590817193,True,True,True,True,3198591.0,False,False,4956,2026-04-20,0.16348,0.4394736842105264,0.6600910470409711,0.5673352435530088,0.053717668866169,-0.16348,-0.4394736842105264,-0.6359224066378575,-0.23177312324305624,-0.43384776494045685
8358,2026-04-24,2026-05-07,2026,因連續3個營業日達本中心作業要點第四條第一項第一款,10,9,0.2456839309428951,0.241258930942895,-0.1381142098273572,403.8447466415694,True,True,True,True,9073416.0,False,False,8358,2026-04-20,0.1497799999999999,0.4076655052264808,0.7565217391304349,0.5018587360594795,0.061574765631608,-0.1497799999999999,-0.4076655052264808,-0.42300066543195125,0.09865983084370514,-0.16217041729412307
2484,2026-04-24,2026-05-07,2026,連續三次,10,9,0.0381944444444444,0.0337694444444444,-0.1620370370370369,1.5156956243785569,True,True,True,True,7123202.0,False,False,2484,2026-04-20,0.12008,0.335243553008596,0.5354200988467874,0.6702508960573479,0.0596701399066226,-0.12008,-0.335243553008596,0.03858880272975403,0.851000907146411,0.4447948549380825
8289,2026-04-24,2026-05-07,2026,因連續3個營業日達本中心作業要點第四條第一項第一款,10,9,0.098326359832636,0.093901359832636,-0.1234309623430962,11.098366258801583,True,True,True,True,1528955.0,False,False,8289,2026-04-20,0.12978,0.3156626506024096,0.5272727272727273,0.4979423868312755,0.0584519000484688,-0.12978,-0.3156626506024096,-0.1121660067372007,1.0544132253745642,0.47112360931868175
4919,2026-04-24,2026-05-07,2026,連續三次,10,9,0.1721854304635761,0.1677604304635761,-0.1291390728476821,73.29124591472886,True,True,True,True,6697669.0,False,False,4919,2026-04-20,0.17698,0.407960199004975,0.5313852813852813,0.4235412474849094,0.0686109338419695,-0.17698,-0.407960199004975,-0.8457358012568154,0.09559846301665471,-0.3750686691200803
4939,2026-04-24,2026-05-07,2026,因連續3個營業日達本中心作業要點第四條第一項第一款,10,9,-0.0135440180586906,-0.0179690180586906,-0.1309255079006771,-0.3956962856389923,True,True,True,True,2157649.0,False,False,4939,2026-04-20,0.1365799999999999,0.4251968503937007,0.6365280289330923,0.4715447154471544,0.0479434450631202,-0.1365799999999999,-0.4251968503937007,-0.21784979069341467,-0.08346106880367062,-0.15065542974854265
3339,2026-04-27,2026-05-08,2026,因連續3個營業日達本中心作業要點第四條第一項第一款,10,9,0.1073446327683615,0.1029196327683616,-0.1148775894538606,14.197568114368671,True,True,True,True,1137072.0,False,False,3339,2026-04-16,0.08438,0.3432835820895523,0.721311475409836,0.8805970149253732,0.058239028435971,-0.08438,-0.3432835820895523,0.5934286684998865,0.7674786608242807,0.6804536646620836
6213,2026-04-27,2026-05-12,2026,連續三次及當日沖銷標準,12,11,0.0088339222614841,0.0044089222614841,-0.127208480565371,0.1051516138558403,True,True,True,True,11357896.0,False,False,6213,2026-04-21,0.06978,0.2767857142857142,0.5294117647058822,0.9930313588850176,0.0569510217371257,-0.06978,-0.2767857142857142,0.8203379693470555,1.4582785620042404,1.139308265675648
3518,2026-04-27,2026-05-08,2026,連續三次,10,9,0.1764705882352941,0.1720455882352941,-0.0604575163398692,81.24795790125756,True,True,True,True,828454.0,False,False,3518,2026-04-21,0.09648,0.399548532731377,0.5085158150851581,0.3537117903930131,0.0434759601605335,-0.09648,-0.399548532731377,0.4053736999895616,0.1829813885519737,0.29417754427076764
3221,2026-04-27,2026-05-08,2026,因連續3個營業日達本中心作業要點第四條第一項第一款,10,9,0.0685579196217496,0.0641329196217496,-0.0614657210401889,4.621931062855538,True,True,True,True,2642397.0,False,False,3221,2026-04-21,0.0634799999999999,0.4179894179894181,0.5314285714285714,0.4585034013605442,0.0727032942093746,-0.0634799999999999,-0.4179894179894181,0.918250886835904,-0.008588087803333878,0.45483139951628504
1721,2026-04-28,2026-05-11,2026,連續三次,10,9,0.2514970059880239,0.2470720059880239,-0.0419161676646706,459.9497903257657,True,True,True,True,2316972.0,False,False,1721,2026-04-22,0.04818,0.4119170984455957,0.5935672514619881,0.5096952908587258,0.0533328193707416,-0.04818,-0.4119170984455957,1.1560394007373875,0.05449299854337029,0.6052661996403789
8271,2026-04-28,2026-05-11,2026,連續三次,10,9,0.1662870159453302,0.1618620159453302,-0.0250569476082004,63.542935964978525,True,True,True,True,972448.0,False,False,8271,2026-04-22,0.13768,0.4921630094043887,0.5305466237942122,0.4041297935103245,0.0680930054332483,-0.13768,-0.4921630094043887,-0.2349456969216276,-0.7791257202395275,-0.5070357085805776
6415,2026-04-28,2026-05-11,2026,連續三次,10,9,0.1142857142857143,0.1098607142857143,-0.069047619047619,17.090799016010372,True,True,True,True,4039253.0,False,False,6415,2026-04-22,0.13738,0.4636363636363636,0.343906510851419,0.44524236983842,0.0468702832998273,-0.13738,-0.4636363636363636,-0.2302831770412064,-0.48278232264851445,-0.35653274984486044
1623,2026-04-28,2026-05-11,2026,連續三次,10,9,0.0452586206896552,0.0408336206896552,0.0,2.039584551364935,True,True,True,True,143441.0,False,False,1623,2026-04-22,0.0421799999999999,0.3672922252010724,0.3972602739726028,0.2749999999999999,0.0409574998775704,-0.0421799999999999,-0.3672922252010724,1.2492897983458149,0.5180696370969702,0.8836797177213925
6423,2026-04-28,2026-05-11,2026,因連續3個營業日達本中心作業要點第四條第一項第一款,10,9,0.1959798994974875,0.1915548994974875,-0.0110552763819095,129.10061641924102,True,True,True,True,160238.0,False,False,6423,2026-04-22,0.1473799999999999,0.380846325167038,0.4252873563218391,0.4252873563218391,0.047908451915975,-0.1473799999999999,-0.380846325167038,-0.38570050638858083,0.3772655598189933,-0.004217473284793771
6861,2026-04-28,2026-05-11,2026,連續三次,10,9,0.493282149712092,0.488857149712092,0.0,63309.11147582528,True,True,True,True,1740882.0,False,False,6861,2026-04-22,0.12608,0.4158415841584157,0.6436781609195403,0.5266903914590748,0.0544026242435465,-0.12608,-0.4158415841584157,-0.054661594878671435,0.01372425764786526,-0.02046866861540309
8092,2026-04-28,2026-05-11,2026,因連續3個營業日達本中心作業要點第四條第一項第一款,10,9,0.0813253012048191,0.0769003012048191,-0.072289156626506,6.830037559891965,True,True,True,True,103106.0,False,False,8092,2026-04-22,0.22518,0.5720338983050848,0.5588235294117647,0.4606299212598426,0.0450776173047017,-0.22518,-0.5720338983050848,-1.5948473287111675,-1.6088485968062833,-1.6018479627587254
3653,2026-04-28,2026-05-11,2026,連續三次,10,9,-0.18144750254842,-0.18587250254842,-0.2884811416921509,-0.9966945241802092,True,True,True,True,499182.0,False,False,3653,2026-04-22,0.03098,0.3020457280385078,0.3491271820448878,0.4051948051948051,0.0413004814049647,-0.03098,-0.3020457280385078,1.4233572072148744,1.195869922742169,1.3096135649785217
3631,2026-04-29,2026-05-12,2026,因連續3個營業日達本中心作業要點第四條第一項第一款,10,9,0.0738341968911917,0.0694091968911917,-0.0259067357512953,5.449903041875449,True,True,True,True,110391.0,False,False,3631,2026-04-23,0.16178,0.4943820224719102,0.5056603773584905,0.395104895104895,0.0458495801810225,-0.16178,-0.4943820224719102,-0.609501460648804,-0.8021774970616475,-0.7058394788552258
6531,2026-04-29,2026-05-12,2026,連續三次,10,9,0.3024691358024691,0.2980441358024691,-0.0358024691358024,1401.585776679304,True,True,True,True,1826020.0,False,False,6531,2026-04-23,0.01568,0.3395904436860069,0.6337148803329864,0.56686626746507,0.0536048107475489,-0.01568,-0.3395904436860069,1.6611457211163596,0.8058440961152125,1.233494908615786
3581,2026-04-29,2026-05-12,2026,因連續3個營業日達本中心作業要點第四條第一項第一款,10,9,0.5704697986577181,0.5660447986577181,-0.0134228187919462,257765.9673310027,True,True,True,True,542768.0,False,False,3581,2026-04-15,0.1876799999999999,0.4842578710644676,0.4163090128755364,0.4183381088825215,0.0529745978050208,-0.1876799999999999,-0.4842578710644676,-1.0120323436585061,-0.6970047596075206,-0.8545185516330134
4971,2026-04-29,2026-05-12,2026,連續5個營業日,10,9,0.0743243243243243,0.0698993243243243,-0.0878378378378378,5.532522640187941,True,True,True,True,249643.0,False,False,4971,2026-03-30,0.0521799999999999,0.4464692482915717,0.3685344827586208,0.1824953445065176,0.0698742581731046,-0.0521799999999999,-0.4464692482915717,1.0938724689984387,-0.30444515221907764,0.39471365838968053
3430,2026-04-29,2026-05-12,2026,因連續3個營業日達本中心作業要點第四條第一項第一款,10,9,0.5213675213675213,0.5169425213675213,-0.0213675213675214,106393.73677192214,True,True,True,True,1835615.0,False,False,3430,2026-04-23,0.1497799999999999,0.4890885750962772,0.6201117318435756,0.5977961432506889,0.0507170741984307,-0.1497799999999999,-0.4890885750962772,-0.42300066543195125,-0.7471875696435903,-0.5850941175377709
8021,2026-04-29,2026-05-12,2026,連續三次,10,9,0.2473544973544974,0.2429294973544974,0.0,419.2558294982547,True,True,True,True,1724785.0,False,False,8021,2026-04-13,0.07968,0.4391752577319587,0.3606237816764133,0.4756871035940804,0.0603967225246911,-0.07968,-0.4391752577319587,0.6664748132931532,-0.2286729790021584,0.21890091714549736
3228,2026-04-29,2026-05-12,2026,因連續3個營業日達本中心作業要點第四條第一項第一款,10,9,0.046189376443418,0.041764376443418,-0.1224018475750577,2.115998865997406,True,True,True,True,1553837.0,False,False,3228,2026-04-23,0.18868,0.4981412639405205,0.57421875,0.625,0.049000853974636,-0.18868,-0.4981412639405205,-1.027574076593245,-0.8412296309238659,-0.9344018537585554
2429,2026-04-30,2026-05-13,2026,連續三次,10,9,-0.0974264705882352,-0.1018514705882352,-0.1268382352941176,-0.9494040630512116,True,True,True,True,243453.0,False,False,2429,2026-04-24,0.13008,0.5282308657465495,0.6068601583113458,0.3369923161361141,0.0522042573768574,-0.13008,-0.5282308657465495,-0.1168285266176219,-1.1538094871000888,-0.6353190068588553
7734,2026-04-30,2026-05-13,2026,因連續3個營業日達本中心作業要點第四條第一項第一款,10,9,0.339969372128637,0.3355443721286369,0.0,3092.918955521634,True,True,True,True,69985.0,False,False,7734,2026-04-24,0.26758,0.5029940119760479,0.3970315398886828,1.063013698630137,0.056486727516377,-0.26758,-0.5029940119760479,-2.2538168051440417,-0.8916414407172631,-1.5727291229306524
6861,2026-05-04,2026-05-14,2026,連續三次,10,9,0.2857142857142858,0.2812892857142858,-0.0114285714285714,976.687017669544,True,True,True,True,650762.0,False,False,6861,2026-04-22,0.12608,0.4158415841584157,0.6436781609195403,0.5266903914590748,0.0544026242435465,-0.12608,-0.4158415841584157,-0.054661594878671435,0.01372425764786526,-0.02046866861540309
6658,2026-05-04,2026-05-14,2026,連續三次,10,9,0.2491909385113269,0.2447659385113268,-0.0711974110032362,436.8495275072371,True,True,True,True,2563138.0,False,False,6658,2026-04-27,0.15848,0.5,0.4691656590084643,0.7583212735166427,0.0472341634621498,-0.15848,-0.5,-0.5582137419641698,-0.8605387415557404,-0.7093762417599552
7711,2026-05-04,2026-05-14,2026,連續三次,10,9,-0.0476190476190476,-0.0520440476190476,-0.0714285714285714,-0.773417372288896,True,True,True,True,311371.0,False,False,7711,2026-04-27,0.03878,0.3366013071895424,0.3520661157024793,0.4607142857142856,0.0487783741465302,-0.03878,-0.3366013071895424,1.302131690323921,0.8368961473247686,1.0695139188243448
4529,2026-05-05,2026-05-15,2026,因連續3個營業日達本中心作業要點第四條第一項第一款,10,9,0.1688034188034188,0.1643784188034188,-0.0705128205128204,67.54070053519501,True,True,True,True,191476.0,False,False,4529,2026-04-28,0.3374799999999999,0.6026666666666667,0.9769736842105264,0.7994011976047903,0.0559199118297424,-0.3374799999999999,-0.6026666666666667,-3.340183937282198,-1.9270710309371413,-2.63362748410967
3167,2026-05-07,2026-05-19,2026,連續三次,10,9,-0.0415647921760391,-0.0459897921760391,-0.2371638141809291,-0.72958649402921,True,True,True,True,1395858.0,False,False,3167,2026-04-30,-0.02692,0.3474178403755867,0.2850746268656716,1.3364993215739482,0.0637295375714449,0.02692,-0.3474178403755867,2.3232235441361815,0.7245307391876089,1.5238771416618953
4951,2026-05-07,2026-05-19,2026,因連續3個營業日達本中心作業要點第四條第一項第一款,10,9,-0.1034482758620689,-0.1078732758620689,-0.10727969348659,-0.9580279968344128,True,True,True,True,1626116.0,False,False,4951,2026-04-30,0.21578,0.5973154362416107,0.6550764951321277,0.803030303030303,0.0448294343026066,-0.21578,-0.5973154362416107,-1.4487550391246342,-1.871480835778936,-1.6601179374517852
6405,2026-05-08,2026-05-20,2026,連續三次,10,9,-0.1521394611727416,-0.1565644611727417,-0.1664025356576862,-0.9911715184992722,True,True,True,True,2973689.0,False,False,6405,2026-05-04,0.1819800000000001,0.5463347164591978,0.5294117647058825,0.653846153846154,0.0510917911624952,-0.1819800000000001,-0.5463347164591978,-0.9234444659305047,-1.3418777469752179,-1.1326611064528613
8027,2026-05-08,2026-05-20,2026,因連續3個營業日達本中心作業要點第四條第一項第一款,10,9,0.1650485436893203,0.1606235436893203,-0.0533980582524271,61.65888619532452,True,True,True,True,3138265.0,False,True,8027,2026-05-04,0.1055799999999999,0.29073482428115,0.3602693602693603,0.3289473684210526,0.0580065386785789,-0.1055799999999999,-0.29073482428115,0.263943930283451,1.313371001436723,0.788657465860087
1597,2026-05-11,2026-05-21,2026,連續三次,10,9,-0.0539772727272727,-0.0584022727272727,-0.0767045454545454,-0.8120514701942878,True,True,True,True,2049112.0,False,False,1597,2026-05-05,0.20668,0.5656108597285068,0.4978354978354977,1.0186697782963825,0.0554477284497887,-0.20668,-0.5656108597285068,-1.3073252694185222,-1.5421241353985289,-1.4247247024085254
3016,2026-05-11,2026-05-21,2026,連續三次,10,9,-0.0454545454545454,-0.0498795454545454,-0.1528925619834711,-0.7585980502540576,True,True,True,True,5497642.0,False,False,3016,2026-05-05,0.21188,0.6000000000000001,0.6388467374810318,1.1176470588235294,0.0529313929350453,-0.21188,-0.6000000000000001,-1.388142280679158,-1.8993688935506123,-1.6437555871148852
2486,2026-05-11,2026-05-21,2026,連續三次,10,9,-0.042955326460481,-0.047380326460481,-0.1958762886597937,-0.7403239821221459,True,True,True,True,2263892.0,False,False,2486,2026-05-05,0.04658,0.3674832962138084,0.5505050505050506,1.0604026845637584,0.0453563272072056,-0.04658,-0.3674832962138084,1.1809061734329678,0.516084733804947,0.8484954536189574
2233,2026-05-11,2026-05-21,2026,連續三次,10,9,0.1896551724137931,0.1852301724137931,-0.0362068965517241,111.22121496740492,True,True,True,True,798256.0,False,False,2233,2026-05-05,-0.0059199999999999,0.2732793522267207,0.2862985685071575,0.4393592677345537,0.0437147882644154,0.0059199999999999,-0.2732793522267207,1.9968471525066904,1.4947037083111732,1.7457754304089317
8064,2026-05-11,2026-05-21,2026,因連續3個營業日達本中心作業要點第四條第一項第一款,10,9,0.1476190476190475,0.1431940476190475,-0.0142857142857142,40.15694976131154,True,True,True,True,3425326.0,False,False,8064,2026-05-05,0.16298,0.5923566878980893,0.4970059880239521,0.893939393939394,0.0661180666993749,-0.16298,-0.5923566878980893,-0.6281515401704891,-1.8199678628248896,-1.2240597014976893
2454,2026-05-11,2026-05-21,2026,連續三次,10,9,-0.0069930069930069,-0.0114180069930069,-0.1328671328671329,-0.2731182503192108,True,True,True,True,8690923.0,False,False,2454,2026-05-05,-0.0096199999999999,0.2956878850102669,0.6605263157894736,1.15358361774744,0.0459013476270189,0.0096199999999999,-0.2956878850102669,2.054351564365219,1.2619171131360396,1.6581343387506293
4908,2026-05-11,2026-05-21,2026,因連續3個營業日達本中心作業要點第四條第一項第一款,10,9,0.0340425531914894,0.0296175531914894,-0.0638297872340425,1.249621152207533,True,True,True,True,539981.0,False,False,4908,2026-04-14,0.1009799999999999,0.3768115942028984,0.2666666666666666,0.3443396226415094,0.0548985351167769,-0.1009799999999999,-0.3768115942028984,0.3354359017832438,0.4191795616263487,0.37730773170479626
6683,2026-05-11,2026-05-21,2026,因連續3個營業日達本中心作業要點第四條第一項第一款,10,9,-0.2199074074074074,-0.2243324074074074,-0.2754629629629629,-0.9991381441404364,True,True,True,True,292178.0,False,False,6683,2026-05-05,0.1033799999999999,0.5,0.3255813953488371,0.7689655172413794,0.054382789105031,-0.1033799999999999,-0.5,0.2981357427398736,-0.8605387415557404,-0.2812014994079334
4764,2026-05-11,2026-05-21,2026,連續三次,10,9,0.0423452768729641,0.0379202768729641,-0.1042345276872964,1.8119001896711704,True,True,True,True,587368.0,False,False,4764,2026-04-14,0.17628,0.5120967741935485,0.4097744360902255,0.1574074074074074,0.0611351673412035,-0.17628,-0.5120967741935485,-0.8348565882024989,-0.9862036792970564,-0.9105301337497776
3581,2026-05-12,2026-05-22,2026,因連續3個營業日達本中心作業要點第四條第一項第一款,10,9,0.0333333333333334,0.0289083333333334,-0.1999999999999999,1.2069718639658142,True,True,True,True,224839.0,False,False,3581,2026-04-15,0.1876799999999999,0.4842578710644676,0.4163090128755364,0.4183381088825215,0.0529745978050208,-0.1876799999999999,-0.4842578710644676,-1.0120323436585061,-0.6970047596075206,-0.8545185516330134
2426,2026-05-12,2026-05-22,2026,連續三次,10,9,0.1885714285714286,0.1841464285714286,-0.1728571428571429,108.40549917578008,True,True,True,True,3000932.0,False,False,2426,2026-05-06,0.18058,0.4085027726432533,0.4269662921348316,1.1434599156118148,0.0640710207474843,-0.18058,-0.4085027726432533,-0.9016860398218706,0.08996204446544405,-0.40586199767821324
6861,2026-05-12,2026-05-22,2026,連續三次,10,9,0.1225,0.118075,-0.025,21.203166292322276,True,True,True,True,497220.0,False,False,6861,2026-04-22,0.12608,0.4158415841584157,0.6436781609195403,0.5266903914590748,0.0544026242435465,-0.12608,-0.4158415841584157,-0.054661594878671435,0.01372425764786526,-0.02046866861540309
3030,2026-05-12,2026-05-22,2026,連續三次,10,9,0.0500625782227783,0.0456375782227783,-0.1539424280350437,2.454348756351121,True,True,True,True,1406295.0,False,False,3030,2026-05-06,0.00808,0.2610687022900764,0.2111436950146628,0.6259842519685039,0.0517662425427874,-0.00808,-0.2610687022900764,1.7792628914203654,1.6215516216075767,1.7004072565139712
3455,2026-05-12,2026-05-22,2026,因連續3個營業日達本中心作業要點第四條第一項第一款,10,9,0.0034246575342464,-0.0010003424657535,-0.1164383561643835,-0.0274183016136499,True,True,True,True,537891.0,False,False,3455,2026-05-06,0.17048,0.3701149425287355,0.3244444444444445,0.9540983606557376,0.0566160703966657,-0.17048,-0.3701149425287355,-0.7447145371810209,0.4887463983916221,-0.1279840693946994
4951,2026-05-12,2026-05-22,2026,因連續3個營業日達本中心作業要點第四條第一項第一款,10,9,0.1382113821138211,0.1337863821138211,-0.0528455284552845,31.71572629930101,True,True,True,True,597622.0,False,False,4951,2026-04-30,0.21578,0.5973154362416107,0.6550764951321277,0.803030303030303,0.0448294343026066,-0.21578,-0.5973154362416107,-1.4487550391246342,-1.871480835778936,-1.6601179374517852
5464,2026-05-13,2026-05-25,2026,因連續3個營業日達本中心作業要點第四條第一項第一款,10,9,0.0625909752547306,0.0581659752547306,-0.2197962154294032,3.808944925495391,True,True,True,True,2576810.0,False,False,5464,2026-05-07,0.1655799999999999,0.4984276729559747,0.4594180704441042,0.6748681898066784,0.0412774288120289,-0.1655799999999999,-0.4984276729559747,-0.6685600458008051,-0.8442049341344356,-0.7563824899676204
1595,2026-05-13,2026-05-25,2026,因連續3個營業日達本中心作業要點第四條第一項第一款,10,9,0.0654827968923419,0.0610577968923419,-0.106548279689234,4.1876821777855895,True,True,True,True,901579.0,False,False,1595,2026-05-07,0.14968,0.4531722054380664,0.7459165154264973,1.2850356294536818,0.0541347581630825,-0.14968,-0.4531722054380664,-0.42144649213847896,-0.37407749213215974,-0.3977619921353194
6274,2026-05-13,2026-05-25,2026,因連續3個營業日達本中心作業要點第四條第一項第一款,10,9,0.1469534050179211,0.142528405017921,-0.1469534050179212,39.49643904693017,True,True,True,True,1966455.0,False,False,6274,2026-05-07,0.1630799999999999,0.4820512820512821,0.4850976361767729,0.993103448275862,0.0516492326422654,-0.1630799999999999,-0.4820512820512821,-0.629705713463961,-0.6740820476079437,-0.6518938805359523
6405,2026-05-13,2026-05-25,2026,連續三次,10,9,0.1794871794871795,0.1750621794871795,-0.1008547008547008,87.33537867858394,True,True,True,True,718572.0,False,False,6405,2026-05-04,0.1819800000000001,0.5463347164591978,0.5294117647058825,0.653846153846154,0.0510917911624952,-0.1819800000000001,-0.5463347164591978,-0.9234444659305047,-1.3418777469752179,-1.1326611064528613
3532,2026-05-13,2026-05-25,2026,連續三次,10,9,0.0540540540540539,0.0496290540540539,-0.2297297297297297,2.8399802346991847,True,True,True,True,844669.0,False,False,3532,2026-05-07,0.12518,0.4490358126721763,0.4064171122994653,0.8652482269503545,0.0540350133895672,-0.12518,-0.4490358126721763,-0.04067403523740784,-0.3311073968751586,-0.1858907160562832
8042,2026-05-13,2026-05-25,2026,因連續3個營業日達本中心作業要點第四條第一項第一款,10,9,0.3540621865596789,0.3496371865596789,-0.0160481444332999,4140.33044499464,True,True,True,True,5292715.0,False,False,8042,2026-05-07,0.12968,0.4358108108108107,0.317829457364341,0.5567765567765568,0.0527877257637262,-0.12968,-0.4358108108108107,-0.11061183344372667,-0.19372208993740977,-0.15216696169056823
6182,2026-05-14,2026-05-26,2026,因連續3個營業日達本中心作業要點第四條第一項第一款,10,9,0.4729493891797558,0.4685243891797558,-0.0907504363001744,43209.359488533424,True,True,True,True,11344675.0,False,False,6182,2026-05-08,0.1362799999999999,0.4189526184538652,0.3980343980343979,0.7087087087087087,0.0546009837369482,-0.1362799999999999,-0.4189526184538652,-0.21318727081299346,-0.018594104652165457,-0.11589068773257946
3016,2026-05-14,2026-05-26,2026,連續三次,10,9,0.0120481927710842,0.0076231927710842,-0.1767068273092369,0.2348534603035739,True,True,True,True,1173736.0,False,False,3016,2026-05-05,0.21188,0.6000000000000001,0.6388467374810318,1.1176470588235294,0.0529313929350453,-0.21188,-0.6000000000000001,-1.388142280679158,-1.8993688935506123,-1.6437555871148852
6173,2026-05-14,2026-05-26,2026,因連續3個營業日達本中心作業要點第四條第一項第一款,10,9,0.3099415204678362,0.3055165204678362,-0.1023391812865497,1644.0420264325885,True,True,True,True,3423575.0,False,False,6173,2026-05-08,0.1314799999999999,0.423570595099183,0.4734299516908213,0.9426751592356688,0.0548195835752826,-0.1314799999999999,-0.423570595099183,-0.13858695272625302,-0.06656703845580766,-0.10257699559103034
3026,2026-05-14,2026-05-26,2026,連續三次,10,9,0.596638655462185,0.592213655462185,-0.0952380952380952,408457.98357100814,True,True,True,True,4517030.0,True,False,3026,2026-05-08,0.08018,0.5529411764705883,0.476510067114094,0.7983651226158037,0.0668591987259723,-0.08018,-0.5529411764705883,0.6587039468257844,-1.4105076455530254,-0.37590184936362053
6488,2026-05-14,2026-05-26,2026,因連續3個營業日達本中心作業要點第四條第一項第一款,10,9,0.1031847133757961,0.0987597133757961,-0.197452229299363,12.683174708466405,True,True,True,True,2725024.0,False,False,6488,2026-05-08,0.1627799999999999,0.3827586206896551,0.4020979020979021,0.7921787709497208,0.058395656321528,-0.1627799999999999,-0.3827586206896551,-0.6250431935835398,0.3574000573347987,-0.13382156812437054
4561,2026-05-14,2026-05-26,2026,連續5個營業日,10,9,0.0615711252653927,0.0571461252653927,0.0,3.681847750445145,True,True,True,True,401141.0,False,False,4561,2026-05-06,0.0580799999999999,0.2260748959778087,0.2628571428571429,0.3943217665615144,0.0532975793216809,-0.0580799999999999,-0.2260748959778087,1.002176244683487,1.985077832910098,1.4936270387967925
2059,2026-05-15,2026-05-27,2026,連續三次,10,9,-0.0465116279069767,-0.0509366279069767,-0.1375968992248062,-0.7659484815211186,True,True,True,True,275815.0,False,False,2059,2026-05-11,0.0765799999999999,0.3612823674475955,0.4545454545454546,0.6453055141579731,0.0451180298025627,-0.0765799999999999,-0.3612823674475955,0.7146541853908414,0.5805018515320898,0.6475780184614656
3653,2026-05-15,2026-05-27,2026,連續三次,10,9,0.0906389301634471,0.0862139301634471,-0.1679049034175334,8.946015096433431,True,True,True,True,816195.0,False,False,3653,2026-04-22,0.03098,0.3020457280385078,0.3491271820448878,0.4051948051948051,0.0413004814049647,-0.03098,-0.3020457280385078,1.4233572072148744,1.195869922742169,1.3096135649785217
3450,2026-05-15,2026-05-27,2026,連續三次,10,9,0.1651162790697673,0.1606912790697673,-0.1151162790697674,61.76054470998356,True,True,True,True,4681703.0,False,False,3450,2026-05-11,0.08778,0.2891566265060241,0.3459119496855345,0.3964110929853182,0.0594766373463324,-0.08778,-0.2891566265060241,0.5405867765217787,1.329765795782843,0.9351762861523109
4979,2026-05-15,2026-05-27,2026,連續5個營業日,10,9,0.0466666666666666,0.0422416666666666,-0.1633333333333333,2.1558989847970698,True,True,True,True,2824650.0,False,False,4979,2026-04-17,0.1656799999999999,0.4327030033370411,0.715046604527297,0.6814621409921671,0.0581353065657634,-0.1656799999999999,-0.4327030033370411,-0.670114219094279,-0.16143724883394112,-0.41577573396411005
7751,2026-05-15,2026-05-27,2026,因連續3個營業日達本中心作業要點第四條第一項第一款,10,9,0.0625,0.058075,-0.128125,3.797473511484214,True,True,True,True,534765.0,False,False,7751,2026-04-27,0.0901799999999999,0.3598971722365038,0.3494897959183674,0.632716049382716,0.0604299306720906,-0.0901799999999999,-0.3598971722365038,0.50328661747841,0.5948916770488994,0.5490891472636548
7769,2026-05-18,2026-05-28,2026,連續三次,10,9,0.1711026615969582,0.1666776615969581,-0.032699619771863,71.40136199902558,True,True,True,True,768853.0,False,False,7769,2026-05-12,-0.0276199999999999,0.2267857142857143,0.3822937625754528,0.6756097560975609,0.0370798945226589,0.0276199999999999,-0.2267857142857143,2.334102757190496,1.9776936380016745,2.1558981975960854
5464,2026-05-18,2026-05-28,2026,因連續3個營業日達本中心作業要點第四條第一項第一款,10,9,0.4033457249070633,0.3989207249070633,0.0,11214.236902450592,True,True,True,True,994433.0,False,False,5464,2026-05-07,0.1655799999999999,0.4984276729559747,0.4594180704441042,0.6748681898066784,0.0412774288120289,-0.1655799999999999,-0.4984276729559747,-0.6685600458008051,-0.8442049341344356,-0.7563824899676204
8042,2026-05-18,2026-05-28,2026,因連續3個營業日達本中心作業要點第四條第一項第一款,10,9,0.5149999999999999,0.5105749999999999,-0.003,94660.80939152112,True,True,True,True,2306721.0,False,False,8042,2026-05-07,0.12968,0.4358108108108107,0.317829457364341,0.5567765567765568,0.0527877257637262,-0.12968,-0.4358108108108107,-0.11061183344372667,-0.19372208993740977,-0.15216696169056823
6831,2026-05-19,2026-05-29,2026,連續三次,10,9,0.0192307692307691,0.0148057692307691,-0.0384615384615384,0.5041929295863574,True,True,True,True,574003.0,False,False,6831,2026-05-13,0.01348,0.2263814616755792,0.448421052631579,0.5170893054024255,0.0552073804988811,-0.01348,-0.2263814616755792,1.6953375335727823,1.9818931360059844,1.8386153347893832
3026,2026-05-19,2026-05-29,2026,連續三次,10,9,0.660621761658031,0.656196761658031,-0.0673575129533678,1220231.3416258222,True,True,True,True,1514422.0,False,False,3026,2026-05-08,0.08018,0.5529411764705883,0.476510067114094,0.7983651226158037,0.0668591987259723,-0.08018,-0.5529411764705883,0.6587039468257844,-1.4105076455530254,-0.37590184936362053
2492,2026-05-19,2026-05-29,2026,連續三次,10,9,0.8497652582159625,0.8453402582159625,0.0,24604393.399114225,True,True,True,True,8932066.0,False,False,2492,2026-05-13,0.03198,0.3605442176870748,0.408450704225352,0.3986013986013985,0.0546783832159811,-0.03198,-0.3605442176870748,1.4078154742801368,0.588169973811257,0.9979927240456969
6263,2026-05-19,2026-05-29,2026,因連續3個營業日達本中心作業要點第四條第一項第一款,10,9,0.0056338028169014,0.0012088028169014,-0.0535211267605634,0.0341269848323984,True,True,True,True,177900.0,False,False,6263,2026-05-13,0.06178,0.3759124087591241,0.3512544802867383,0.4499999999999999,0.0409338507957815,-0.06178,-0.3759124087591241,0.9446718328249563,0.4285205711386252,0.6865962019817907
4966,2026-05-19,2026-05-29,2026,因連續3個營業日達本中心作業要點第四條第一項第一款,10,9,0.1149732620320855,0.1105482620320855,-0.0601604278074866,17.40470242106731,True,True,True,True,1398148.0,False,False,4966,2026-05-13,0.1209799999999999,0.4094076655052265,0.3758503401360544,0.5009276437847867,0.0493026205947044,-0.1209799999999999,-0.4094076655052265,0.024601243088491948,0.08056174457201706,0.052581493830254504
8358,2026-05-19,2026-05-29,2026,最近10個營業日內有6個營業日,10,9,0.413953488372093,0.409528488372093,-0.0465116279069767,13832.76833027368,True,True,True,True,2749198.0,False,False,8358,2026-04-20,0.1497799999999999,0.4076655052264808,0.7565217391304349,0.5018587360594795,0.061574765631608,-0.1497799999999999,-0.4076655052264808,-0.42300066543195125,0.09865983084370514,-0.16217041729412307
8069,2026-05-19,2026-05-29,2026,因連續3個營業日達本中心作業要點第四條第一項第一款,10,9,-0.0222222222222222,-0.0266472222222222,-0.0533333333333333,-0.5277475286160391,True,True,True,True,7288950.0,False,False,8069,2026-05-13,0.19338,0.4776632302405499,0.5357142857142858,0.4333333333333333,0.045964132935924,-0.19338,-0.4776632302405499,-1.100620221386512,-0.6284976423129006,-0.8645589318497062
6173,2026-05-19,2026-05-29,2026,因連續3個營業日達本中心作業要點第四條第一項第一款,10,9,0.4277108433734939,0.4232858433734939,-0.0753012048192771,18117.18599640417,True,True,True,True,2071480.0,False,False,6173,2026-05-08,0.1314799999999999,0.423570595099183,0.4734299516908213,0.9426751592356688,0.0548195835752826,-0.1314799999999999,-0.423570595099183,-0.13858695272625302,-0.06656703845580766,-0.10257699559103034
8114,2026-05-19,2026-05-29,2026,連續三次,10,9,0.1388888888888888,0.1344638888888888,-0.0023148148148147,32.26313924236773,True,True,True,True,647170.0,False,False,8114,2026-05-13,0.05568,0.3915492957746478,0.3034300791556727,0.4924471299093655,0.0399462456779538,-0.05568,-0.3915492957746478,1.0394764037268558,0.2660798739879937,0.6527781388574248
8444,2026-05-20,2026-06-01,2026,因連續3個營業日達本中心作業要點第四條第一項第一款,10,9,-0.2447129909365558,-0.2491379909365558,-0.2447129909365558,-0.999650588675919,True,True,True,True,129260.0,False,False,8444,2026-05-14,0.0649799999999999,0.3630769230769231,0.5571177504393672,0.7038461538461538,0.0471455182137854,-0.0649799999999999,-0.3630769230769231,0.8949382874337974,0.5618594665603137,0.7283988769970555
3135,2026-05-20,2026-06-01,2026,連續五次,10,9,0.3115183246073298,0.3070933246073298,-0.0523560209424084,1700.1350668814891,True,True,True,True,1787495.0,False,False,3135,2026-05-12,0.04898,0.3098159509202454,0.5415162454873645,0.8405172413793103,0.0482356781127457,-0.04898,-0.3098159509202454,1.1436060143895974,1.1151505045694745,1.129378259479536
5228,2026-05-20,2026-06-01,2026,因連續3個營業日達本中心作業要點第四條第一項第一款,10,9,0.3271794871794873,0.3227544871794873,-0.0184615384615384,2367.2275527955644,True,True,True,True,425846.0,False,False,5228,2026-05-14,0.17868,0.3810178817056395,0.4786450662739321,0.6351791530944626,0.0563849310855049,-0.17868,-0.3810178817056395,-0.8721567472458693,0.37548337876828203,-0.24833668423879365
7751,2026-05-20,2026-06-01,2026,因連續3個營業日達本中心作業要點第四條第一項第一款,10,9,0.1331269349845201,0.1287019349845201,-0.1021671826625386,27.87588250375114,True,True,True,True,313819.0,False,False,7751,2026-04-27,0.0901799999999999,0.3598971722365038,0.3494897959183674,0.632716049382716,0.0604299306720906,-0.0901799999999999,-0.3598971722365038,0.50328661747841,0.5948916770488994,0.5490891472636548
6449,2026-05-21,2026-06-02,2026,連續三次,10,9,0.28719723183391,0.28277223183391,-0.0086505190311418,1008.6112282240967,True,True,True,True,1958586.0,False,False,6449,2026-05-15,0.12258,0.4371584699453552,0.6284829721362228,0.5114942528735633,0.0475958791342766,-0.12258,-0.4371584699453552,-0.000265529607089787,-0.20772197937317102,-0.1039937544901304
3498,2026-05-21,2026-06-02,2026,因連續3個營業日達本中心作業要點第四條第一項第一款,10,9,-0.0633333333333333,-0.0677583333333333,-0.0933333333333333,-0.8575804140251695,True,True,True,True,955605.0,False,False,3498,2026-05-15,0.1924799999999999,0.5935828877005347,0.6989737742303306,0.8304668304668303,0.05734207690472,-0.1924799999999999,-0.5935828877005347,-1.0866326617452466,-1.8327059960963943,-1.4596693289208205
3008,2026-05-22,2026-06-03,2026,連續三次,10,9,0.155072463768116,0.150647463768116,-0.0086956521739129,48.29935499301729,True,True,True,True,1289200.0,False,False,3008,2026-05-18,-0.0187199999999999,0.2927308447937131,0.2776699029126213,0.2629558541266794,0.0441390106478245,0.0187199999999999,-0.2927308447937131,2.1957813340713312,1.292635738512215,1.7442085362917732
8091,2026-05-22,2026-06-03,2026,因連續3個營業日達本中心作業要點第四條第一項第一款,10,9,0.0301810865191147,0.0257560865191147,-0.0181086519114688,1.0266587505825782,True,True,True,True,954575.0,False,False,8091,2026-05-18,0.0701799999999999,0.3025,0.3223350253807107,0.4352617079889807,0.0462833996394773,-0.0701799999999999,-0.3025,0.814121276173162,1.1911508086341298,1.0026360424036458
6924,2026-05-22,2026-06-03,2026,連續三次,10,9,0.1428571428571428,0.1384321428571427,-0.0577507598784194,35.651139315416415,True,True,True,True,65534.0,False,False,6924,2026-05-18,0.17498,0.4077669902912622,0.6292134831460674,0.6292134831460674,0.0474652765043991,-0.17498,-0.4077669902912622,-0.81465233538734,0.09760557339098484,-0.3585233809981776
3090,2026-05-26,2026-06-05,2026,連續三次,10,9,-0.0494623655913978,-0.0538873655913978,-0.1397849462365591,-0.7853427239912159,True,True,True,True,8243394.0,False,False,3090,2026-05-20,0.12788,0.4571428571428571,0.6919431279620853,0.6527777777777777,0.0520365336649792,-0.12788,-0.4571428571428571,-0.08263671416119905,-0.4153258192722235,-0.24898126671671128
6449,2026-05-26,2026-06-05,2026,連續三次,10,9,0.1891025641025641,0.184677564102564,-0.0689102564102563,109.7768448589726,True,True,True,True,1061443.0,False,False,6449,2026-05-15,0.12258,0.4371584699453552,0.6284829721362228,0.5114942528735633,0.0475958791342766,-0.12258,-0.4371584699453552,-0.000265529607089787,-0.20772197937317102,-0.1039937544901304
6742,2026-05-27,2026-06-08,2026,連續三次,10,9,-0.0991735537190082,-0.1035985537190082,-0.137190082644628,-0.9520679118772424,True,True,True,True,892823.0,False,False,6742,2026-05-21,0.20838,0.4534746760895169,0.5881595881595882,0.4054669703872438,0.0481391261382536,-0.20838,-0.4534746760895169,-1.333746215407576,-0.3772196484603629,-0.8554829319339695
7610,2026-05-27,2026-06-08,2026,連續三次,10,9,0.390625,0.3862,-0.046875,8700.78163659972,True,True,True,True,229649.0,False,False,7610,2026-05-21,0.09568,0.4137931034482758,0.6205533596837944,0.835820895522388,0.0603579215422675,-0.09568,-0.4137931034482758,0.4178070863373516,0.0350044929225973,0.22640578962997443
6834,2026-05-27,2026-06-08,2026,連續三次,10,9,-0.1580246913580246,-0.1624496913580246,-0.2222222222222222,-0.9927320158366808,True,True,True,True,2394909.0,False,False,6834,2026-05-21,0.15278,0.3803108808290154,0.5222857142857142,0.7689243027888446,0.0579655299529985,-0.15278,-0.3803108808290154,-0.4696258642361654,0.38282791704952146,-0.04339897359332198
4916,2026-05-28,2026-06-09,2026,連續三次,10,9,0.1715686274509804,0.1671436274509804,-0.0215686274509804,72.20891601072319,True,True,True,True,5999683.0,False,False,4916,2026-05-22,0.12238,0.4519940915805021,0.5854838709677419,0.48714069591528,0.0491914978256393,-0.12238,-0.4519940915805021,0.0028428169798576063,-0.3618388901549515,-0.17949803658754696
2327,2026-05-28,2026-06-09,2026,連續三次,10,9,0.1650211565585331,0.1605961565585331,-0.0550070521861777,61.61782816356734,True,True,True,True,25023375.0,False,False,2327,2026-05-22,0.04298,0.3809001097694842,0.6169665809768639,1.1322033898305084,0.04702604369129,-0.04298,-0.3809001097694842,1.236856411998023,0.37670682915165155,0.8067816205748373
3026,2026-05-28,2026-06-09,2026,連續三次,10,9,0.0871710526315789,0.0827460526315789,-0.0756578947368421,8.10065131318207,True,True,True,True,2506943.0,False,False,3026,2026-05-08,0.08018,0.5529411764705883,0.476510067114094,0.7983651226158037,0.0668591987259723,-0.08018,-0.5529411764705883,0.6587039468257844,-1.4105076455530254,-0.37590184936362053
3167,2026-05-28,2026-06-09,2026,連續五次,10,9,0.1389221556886226,0.1344971556886226,-0.0658682634730538,32.29024437892303,True,True,True,True,502280.0,False,False,3167,2026-04-30,-0.02692,0.3474178403755867,0.2850746268656716,1.3364993215739482,0.0637295375714449,0.02692,-0.3474178403755867,2.3232235441361815,0.7245307391876089,1.5238771416618953
2478,2026-05-28,2026-06-09,2026,連續三次,10,9,0.409282700421941,0.404857700421941,0.0,12614.318819866989,True,True,True,True,5923063.0,False,False,2478,2026-05-22,0.17878,0.5269461077844311,0.6325224071702946,0.9230769230769232,0.0408919575170043,-0.17878,-0.5269461077844311,-0.873710920539343,-1.1404630340094475,-1.0070869772743953
4127,2026-05-29,2026-06-10,2026,因連續3個營業日達本中心作業要點第四條第一項第一款,10,9,0.0182370820668693,0.0138120820668693,-0.0759878419452887,0.4638112224435455,True,True,True,True,441454.0,False,False,4127,2026-05-25,0.3404799999999999,0.6069767441860463,0.5794285714285714,0.8018252933507168,,-0.3404799999999999,-0.6069767441860463,-3.386809136086411,-1.9718454157828094,-2.67932727593461
2492,2026-05-29,2026-06-10,2026,連續三次,10,9,-0.0060975609756097,-0.0105225609756097,-0.1378048780487805,-0.2546057989681733,True,True,True,True,4526922.0,False,False,2492,2026-05-13,0.03198,0.3605442176870748,0.408450704225352,0.3986013986013985,0.0546783832159811,-0.03198,-0.3605442176870748,1.4078154742801368,0.588169973811257,0.9979927240456969
3090,2026-05-29,2026-06-10,2026,連續三次,10,9,-0.0428893905191873,-0.0473143905191873,-0.1015801354401806,-0.7398242531518899,True,True,True,True,2746634.0,False,False,3090,2026-05-20,0.12788,0.4571428571428571,0.6919431279620853,0.6527777777777777,0.0520365336649792,-0.12788,-0.4571428571428571,-0.08263671416119905,-0.4153258192722235,-0.24898126671671128
6570,2026-06-01,2026-06-11,2026,因連續3個營業日達本中心作業要點第四條第一項第一款,10,9,-0.051839464882943,-0.056264464882943,-0.1153846153846154,-0.7998307101539922,True,True,True,True,441943.0,False,False,6570,2026-05-26,0.14858,0.4954337899543379,0.4886363636363635,0.6794871794871795,0.0448656856188706,-0.14858,-0.4954337899543379,-0.40435058591026735,-0.8131035747979837,-0.6087270803541255
6173,2026-06-01,2026-06-11,2026,因連續3個營業日達本中心作業要點第四條第一項第一款,10,9,0.0611814345991561,0.0567564345991561,-0.1561181434599156,3.6341434188122976,True,True,True,True,1426483.0,False,False,6173,2026-05-08,0.1314799999999999,0.423570595099183,0.4734299516908213,0.9426751592356688,0.0548195835752826,-0.1314799999999999,-0.423570595099183,-0.13858695272625302,-0.06656703845580766,-0.10257699559103034
6182,2026-06-01,2026-06-11,2026,因連續3個營業日達本中心作業要點第四條第一項第一款,10,9,-0.1909999999999999,-0.1954249999999999,-0.2829999999999999,-0.9976185132788716,True,True,True,True,9818219.0,False,False,6182,2026-05-26,0.1905799999999999,0.5207207207207207,0.4991119005328599,1.0942928039702235,0.0513155925893752,-0.1905799999999999,-0.5207207207207207,-1.057103369169245,-1.0757918361132361,-1.0664476026412406
3189,2026-06-01,2026-06-11,2026,連續三次,10,9,-0.1635135135135135,-0.1679385135135135,-0.1972972972972972,-0.9939452668166688,True,True,True,True,6218324.0,False,False,3189,2026-05-26,0.0547799999999999,0.3567251461988303,0.4089068825910931,0.3514563106796116,0.0557645552194955,-0.0547799999999999,-0.3567251461988303,1.053463963368121,0.6278436399573802,0.8406538016627507
6834,2026-06-01,2026-06-11,2026,連續三次,10,9,-0.0192307692307692,-0.0236557692307692,-0.1923076923076923,-0.4857273192896066,True,True,True,True,812284.0,False,False,6834,2026-05-21,0.15278,0.3803108808290154,0.5222857142857142,0.7689243027888446,0.0579655299529985,-0.15278,-0.3803108808290154,-0.4696258642361654,0.38282791704952146,-0.04339897359332198
3236,2026-06-01,2026-06-11,2026,因連續3個營業日達本中心作業要點第四條第一項第一款,10,9,0.0123239436619719,0.0078989436619719,-0.1584507042253521,0.2442750416315475,True,True,True,True,2932704.0,False,False,3236,2026-05-26,0.11018,0.4441687344913152,0.6463932107496464,0.969543147208122,0.0455879118318238,-0.11018,-0.4441687344913152,0.19245195878365637,-0.2805467212112103,-0.04404738121377698
6906,2026-06-01,2026-06-11,2026,連續三次,10,9,-0.1780821917808219,-0.1825071917808219,-0.1963470319634703,-0.9962932068408696,True,True,True,True,363131.0,False,False,6906,2026-05-26,0.2076800000000001,0.5984251968503937,0.494845360824742,0.6034755134281202,0.0513365410431744,-0.2076800000000001,-0.5984251968503937,-1.322867002353261,-1.8830093635979366,-1.6029381829755986
8042,2026-06-01,2026-06-11,2026,因連續3個營業日達本中心作業要點第四條第一項第一款,10,9,-0.0548780487804878,-0.0593030487804878,-0.2347560975609756,-0.8169824740561589,True,True,True,True,1590879.0,False,False,8042,2026-05-07,0.12968,0.4358108108108107,0.317829457364341,0.5567765567765568,0.0527877257637262,-0.12968,-0.4358108108108107,-0.11061183344372667,-0.19372208993740977,-0.15216696169056823
4958,2026-06-01,2026-06-11,2026,連續三次,10,9,-0.0239852398523985,-0.0284102398523985,-0.1697416974169742,-0.5509408152766881,True,True,True,True,12673360.0,False,False,4958,2026-05-26,0.05948,0.3219094247246021,0.3267813267813269,0.506276150627615,0.0552395896851272,-0.05948,-0.3219094247246021,0.9804178185748529,0.9895198522662157,0.9849688354205344
6271,2026-06-01,2026-06-11,2026,連續三次,10,9,-0.1388888888888888,-0.1433138888888888,-0.1805555555555555,-0.9863875331832532,True,True,True,True,2612029.0,False,False,6271,2026-05-26,0.0764799999999999,0.4392265193370166,0.4234972677595627,0.4971264367816093,0.0386720375327665,-0.0764799999999999,-0.4392265193370166,0.7162083586843151,-0.2292055000118966,0.24350142933620925
4919,2026-06-01,2026-06-11,2026,連續三次,10,9,-0.1353383458646616,-0.1397633458646616,-0.2030075187969925,-0.9847302556054648,True,True,True,True,3780749.0,False,False,4919,2026-05-26,0.08968,0.4066666666666667,0.1657458563535911,0.5514705882352942,0.0663859224399187,-0.08968,-0.4066666666666667,0.5110574839457772,0.10903606697280577,0.3100467754592915
6239,2026-06-02,2026-06-12,2026,連續三次,10,9,-0.0595399188092016,-0.0639649188092016,-0.1989174560216509,-0.8405740371502084,True,True,True,True,24564465.0,False,False,6239,2026-05-27,0.14348,0.4520255863539446,0.4676724137931034,0.5583524027459954,0.057167505795496,-0.14348,-0.4520255863539446,-0.3250877479431057,-0.3621660673577747,-0.3436269076504402
6821,2026-06-02,2026-06-12,2026,因連續3個營業日達本中心作業要點第四條第一項第一款,10,9,-0.0217391304347825,-0.0261641304347825,-0.117391304347826,-0.5211933271916721,True,True,True,True,519748.0,False,False,6821,2026-05-27,0.1034799999999999,0.3826923076923079,0.4613821138211382,0.3314814814814815,0.0419951827210039,-0.1034799999999999,-0.3826923076923079,0.2965815694463998,0.3580889367459332,0.3273352530961665
3532,2026-06-02,2026-06-12,2026,連續三次,10,9,0.0061633281972264,0.0017383281972264,-0.1956856702619415,0.0494277060328074,True,True,True,True,1533148.0,False,False,3532,2026-05-27,0.10158,0.413625304136253,0.1784989858012171,0.6320224719101124,0.0666670892964983,-0.10158,-0.413625304136253,0.3261108620223997,0.03674764277073032,0.18142925239656502
3191,2026-06-02,2026-06-12,2026,因連續3個營業日達本中心作業要點第四條第一項第一款,10,9,-0.1958762886597937,-0.2003012886597938,-0.2577319587628865,-0.9979885418319449,True,True,True,True,626874.0,False,False,3191,2026-05-27,0.15868,0.4797297297297296,0.6102941176470587,0.6043956043956042,0.0413811624832149,-0.15868,-0.4797297297297296,-0.5613220885511171,-0.6499650620973193,-0.6056435753242182
3026,2026-06-02,2026-06-12,2026,連續三次,10,9,0.1937500000000001,0.189325,-0.1218749999999999,122.50424600367327,True,True,True,True,3276908.0,False,False,3026,2026-05-08,0.08018,0.5529411764705883,0.476510067114094,0.7983651226158037,0.0668591987259723,-0.08018,-0.5529411764705883,0.6587039468257844,-1.4105076455530254,-0.37590184936362053
6405,2026-06-02,2026-06-12,2026,連續三次,10,9,-0.136986301369863,-0.141411301369863,-0.2017434620174346,-0.9855223156979802,True,True,True,True,397359.0,False,False,6405,2026-05-27,0.14468,0.514018691588785,0.3477537437603992,0.9239904988123516,0.0697557240789005,-0.14468,-0.514018691588785,-0.34373782746479087,-1.0061691366952077,-0.6749534820799993
6291,2026-06-03,2026-06-15,2026,因連續3個營業日達本中心作業要點第四條第一項第一款,10,9,-0.1160572337042925,-0.1204822337042925,-0.273449920508744,-0.9717356272874892,True,True,True,True,384088.0,False,False,6291,2026-05-28,0.1044799999999999,0.3292682926829269,0.2848722986247545,0.5209302325581395,0.0593085771966905,-0.1044799999999999,-0.3292682926829269,0.28103983651166214,0.9130737130696484,0.5970567747906552
7828,2026-06-03,2026-06-15,2026,因連續3個營業日達本中心作業要點第四條第一項第一款,10,9,0.3913043478260869,0.3868793478260869,-0.0535117056856186,8820.022276727579,True,True,True,True,503232.0,False,False,7828,2026-05-28,0.03548,0.320754716981132,0.0980392156862746,0.0980392156862746,0.0665557230848934,-0.03548,-0.320754716981132,1.3534194090085552,1.0015153044728027,1.1774673567406788
2375,2026-06-03,2026-06-15,2026,連續三次,10,9,0.1733746130030959,0.1689496130030959,-0.1826625386996904,75.4216536599113,True,True,True,True,3008943.0,False,False,2375,2026-05-28,0.10848,0.3183673469387755,0.5990099009900991,0.8436073059360731,0.0453335024629074,-0.10848,-0.3183673469387755,0.2188729047727104,1.0263160243124947,0.6225944645426026
6116,2026-06-03,2026-06-15,2026,連續三次,10,9,-0.2343387470997679,-0.238763747099768,-0.3921113689095128,-0.999488466633426,True,True,True,True,108791284.0,False,False,6116,2026-05-28,0.19448,0.4398148148148149,0.4951923076923077,0.8894289185905224,0.0521547367665743,-0.19448,-0.4398148148148149,-1.1177161276147232,-0.23531689081808724,-0.6765165092164052
6488,2026-06-03,2026-06-15,2026,因連續3個營業日達本中心作業要點第四條第一項第一款,10,9,0.0106382978723404,0.0062132978723404,-0.2234042553191489,0.1877462890210712,True,True,True,True,1611901.0,False,False,6488,2026-05-28,0.13348,0.3223965763195435,0.1763959390862943,0.7294776119402986,0.0636623993101502,-0.13348,-0.3223965763195435,-0.16967041859572954,0.9844591746120406,0.40739437800815553
2492,2026-06-03,2026-06-15,2026,連續三次,10,9,0.0078475336322869,0.0034225336322869,-0.2073991031390134,0.0995577551042679,True,True,True,True,3424096.0,False,False,2492,2026-05-13,0.03198,0.3605442176870748,0.408450704225352,0.3986013986013985,0.0546783832159811,-0.03198,-0.3605442176870748,1.4078154742801368,0.588169973811257,0.9979927240456969
2472,2026-06-03,2026-06-15,2026,連續三次,10,9,0.0517711171662125,0.0473461171662125,-0.1771117166212533,2.6146134533879968,True,True,True,True,2869665.0,False,False,2472,2026-05-28,0.11168,0.394736842105263,0.6025917926565876,1.0901408450704224,0.0511151365180097,-0.11168,-0.394736842105263,0.16913935938154995,0.23296668159675704,0.2010530204891535
6449,2026-06-03,2026-06-15,2026,連續三次,10,9,0.2667578659370724,0.2623328659370724,-0.0861833105335156,645.2280755889392,True,True,True,True,416692.0,False,False,6449,2026-05-15,0.12258,0.4371584699453552,0.6284829721362228,0.5114942528735633,0.0475958791342766,-0.12258,-0.4371584699453552,-0.000265529607089787,-0.20772197937317102,-0.1039937544901304
1568,2026-06-03,2026-06-15,2026,連續三次,10,9,-0.1115745568300312,-0.1159995568300312,-0.2262773722627737,-0.9674486529892344,True,True,True,True,1363399.0,False,False,1568,2026-05-28,0.15428,0.4499121265377857,0.4550264550264549,0.4499121265377857,0.0422525144062184,-0.15428,-0.4499121265377857,-0.4929384636382718,-0.3402108095372206,-0.4165746365877462
2302,2026-06-04,2026-06-16,2026,連續三次,10,9,0.1942857142857141,0.1898607142857141,-0.1428571428571429,124.05889898073164,True,True,True,True,1771231.0,False,False,2302,2026-05-29,0.08718,0.3345195729537367,0.5120967741935483,1.0053475935828875,0.0513636311788208,-0.08718,-0.3345195729537367,0.5499118162826213,0.8585218302507184,0.7042168232666699
3485,2026-06-04,2026-06-16,2026,因連續3個營業日達本中心作業要點第四條第一項第一款,10,9,-0.1366120218579235,-0.1410370218579235,-0.2295081967213115,-0.9853459783270178,True,True,True,True,523745.0,False,False,3485,2026-05-29,0.0851799999999999,0.260377358490566,0.2145454545454546,,,-0.0851799999999999,-0.260377358490566,0.5809952821520981,1.6287335094508377,1.104864395801468
3528,2026-06-04,2026-06-16,2026,連續三次,10,9,-0.1021897810218978,-0.1066147810218978,-0.1861313868613139,-0.9563518708537906,True,True,True,True,902161.0,False,False,3528,2026-05-29,0.05408,0.2526652452025586,0.3568129330254042,0.4705882352941175,0.0482564602559378,-0.05408,-0.2526652452025586,1.0643431764224358,1.7088492676426612,1.3865962220325485
6654,2026-06-04,2026-06-16,2026,因連續3個營業日達本中心作業要點第四條第一項第一款,10,9,0.2621951219512195,0.2577701219512195,-0.0609756097560976,583.3890289156486,True,True,True,True,172474.0,False,False,6654,2026-05-29,0.22858,0.6024973985431843,0.6159496327387199,0.7130144605116795,0.0462384402787647,-0.22858,-0.6024973985431843,-1.6476892206892757,-1.9253126226326904,-1.786500921660983
4973,2026-06-04,2026-06-16,2026,因連續3個營業日達本中心作業要點第四條第一項第一款,10,9,0.1081871345029239,0.1037621345029239,-0.0964912280701754,14.523364855646216,True,True,True,True,2980341.0,False,True,4973,2026-05-29,0.1511799999999999,0.3913043478260869,0.3675213675213675,0.9253910950661854,0.0477845820506544,-0.1511799999999999,-0.3913043478260869,-0.4447590915405837,0.2686244671343372,-0.08806731220312325
5321,2026-06-04,2026-06-16,2026,因連續3個營業日達本中心作業要點第四條第一項第一款,10,9,-0.2772277227722772,-0.2816527227722772,-0.2910891089108911,-0.999897837790432,True,True,True,True,450026.0,False,False,5321,2026-05-21,0.19368,0.5225806451612902,0.6275862068965516,0.4873949579831931,0.0448371007781267,-0.19368,-0.5225806451612902,-1.105282741266933,-1.095113292006194,-1.1001980166365635
6770,2026-06-04,2026-06-16,2026,連續三次,10,9,-0.1435464414957781,-0.1479714414957781,-0.2509047044632086,-0.9883004035146687,True,True,True,True,73514423.0,False,False,6770,2026-05-29,0.13988,0.3902821316614422,0.4124203821656051,0.7090558766859345,0.0445860212873017,-0.13988,-0.3902821316614422,-0.2691375093780504,0.2792435568712319,0.005053023746590751
2061,2026-06-04,2026-06-16,2026,因連續3個營業日達本中心作業要點第四條第一項第一款,10,9,-0.0234636871508379,-0.0278886871508379,-0.2815642458100559,-0.5441964529539032,True,True,True,True,650629.0,False,False,2061,2026-05-26,0.1533799999999999,0.4838709677419357,0.4976744186046513,0.7311827956989247,0.042214015529417,-0.1533799999999999,-0.4838709677419357,-0.4789509039970065,-0.6929854912339894,-0.585968197615498
6182,2026-06-04,2026-06-16,2026,因連續3個營業日達本中心作業要點第四條第一項第一款,10,9,0.1382978723404255,0.1338728723404255,-0.2372340425531914,31.78512214948668,True,True,True,True,4612013.0,False,False,6182,2026-05-26,0.1905799999999999,0.5207207207207207,0.4991119005328599,1.0942928039702235,0.0513155925893752,-0.1905799999999999,-0.5207207207207207,-1.057103369169245,-1.0757918361132361,-1.0664476026412406
1563,2026-06-05,2026-06-17,2026,連續三次,10,9,-0.0666666666666666,-0.0710916666666666,-0.1363636363636363,-0.8710690465312235,True,True,True,True,905197.0,False,False,1563,2026-06-01,0.15548,0.5195652173913046,0.5481727574750832,0.6904474002418381,0.0387424059598829,-0.15548,-0.5195652173913046,-0.511588543159957,-1.0637881191199565,-0.7876883311399567
6548,2026-06-08,2026-06-18,2026,因連續3個營業日達本中心作業要點第四條第一項第一款,10,9,0.0655940594059405,0.0611690594059405,-0.0222772277227722,4.202813975939876,True,True,True,True,5452470.0,False,False,6548,2026-06-02,0.14968,0.3449419568822554,0.6721649484536081,0.5330812854442344,0.0427424397817268,-0.14968,-0.3449419568822554,-0.42144649213847896,0.7502509634445986,0.16440223565305984
8277,2026-06-08,2026-06-18,2026,因連續3個營業日達本中心作業要點第四條第一項第一款,10,9,-0.0314401622718051,-0.0358651622718051,-0.0314401622718051,-0.6374376851454289,True,True,True,True,692656.0,False,False,8277,2026-06-02,0.1434799999999999,0.4689265536723164,0.4899713467048709,0.4035087719298245,0.0452219594943467,-0.1434799999999999,-0.4689265536723164,-0.32508774794310435,-0.5377384118398201,-0.4314130798914622
1568,2026-06-08,2026-06-18,2026,連續三次,10,9,0.1673003802281367,0.1628753802281367,-0.0595690747782002,65.1250478168407,True,True,True,True,335966.0,False,False,1568,2026-05-28,0.15428,0.4499121265377857,0.4550264550264549,0.4499121265377857,0.0422525144062184,-0.15428,-0.4499121265377857,-0.4929384636382718,-0.3402108095372206,-0.4165746365877462
3556,2026-06-08,2026-06-18,2026,因連續3個營業日達本中心作業要點第四條第一項第一款,10,9,0.0882352941176469,0.0838102941176469,-0.0514705882352941,8.352424539930228,True,True,True,True,889612.0,False,False,3556,2026-06-02,0.10758,0.4280639431616342,0.598409542743539,0.5198487712665407,0.042373557545486,-0.10758,-0.4280639431616342,0.2328604644139742,-0.11324529296262825,0.059807585725672976
3346,2026-06-08,2026-06-18,2026,連續三次,10,9,-0.0145530145530146,-0.0189780145530146,-0.0644490644490645,-0.4127082517456586,True,True,True,True,1571242.0,False,False,3346,2026-06-02,0.10068,0.4241486068111457,0.4649681528662421,0.3411078717201168,0.0461604262698256,-0.10068,-0.4241486068111457,0.3400984216636635,-0.07257159840173794,0.13376341163096278
6116,2026-06-08,2026-06-18,2026,連續三次,10,9,0.1291291291291292,0.1247041291291292,-0.2132132132132131,25.16557396715073,True,True,True,True,8621232.0,False,False,6116,2026-05-28,0.19448,0.4398148148148149,0.4951923076923077,0.8894289185905224,0.0521547367665743,-0.19448,-0.4398148148148149,-1.1177161276147232,-0.23531689081808724,-0.6765165092164052
7709,2026-06-08,2026-06-18,2026,因連續3個營業日達本中心作業要點第四條第一項第一款,10,9,0.0295566502463053,0.0251316502463053,0.0,0.9926659858651709,True,True,True,True,339246.0,False,False,7709,2026-06-02,0.14328,0.455834242093784,0.449511400651466,0.5949820788530464,0.0587054555809009,-0.14328,-0.455834242093784,-0.32197940135615805,-0.4017315315689098,-0.3618554664625339
7610,2026-06-08,2026-06-18,2026,連續三次,10,9,0.4698412698412699,0.4654162698412699,-0.053968253968254,40739.65695164808,True,True,True,True,243199.0,False,False,7610,2026-05-21,0.09568,0.4137931034482758,0.6205533596837944,0.835820895522388,0.0603579215422675,-0.09568,-0.4137931034482758,0.4178070863373516,0.0350044929225973,0.22640578962997443
3021,2026-06-08,2026-06-18,2026,連續三次,10,9,0.0616438356164383,0.0572188356164383,-0.0924657534246574,3.69080090317034,True,True,True,True,156890.0,False,False,3021,2026-05-28,0.21928,0.6023391812865495,0.6117647058823528,0.6656534954407294,0.0469535884762762,-0.21928,-0.6023391812865495,-1.5031511043962158,-1.9236690140651092,-1.7134100592306625
3481,2026-06-08,2026-06-18,2026,最近十個營業日已有六次,10,9,0.3319544984488107,0.3275294984488107,-0.1675284384694932,2616.543407379038,True,True,True,True,88824555.0,False,False,3481,2026-05-13,0.05128,0.3345195729537367,0.5400410677618068,0.3761467889908256,0.0468026860269712,-0.05128,-0.3345195729537367,1.107860028639701,0.8585218302507184,0.9831909294452097
2492,2026-06-08,2026-06-18,2026,連續三次,10,9,0.4979973297730307,0.4935723297730306,-0.0080106809078771,69121.32071782208,True,True,True,True,3269772.0,False,False,2492,2026-05-13,0.03198,0.3605442176870748,0.408450704225352,0.3986013986013985,0.0546783832159811,-0.03198,-0.3605442176870748,1.4078154742801368,0.588169973811257,0.9979927240456969
8454,2026-06-09,2026-06-22,2026,連續三次,10,9,-0.1604010025062656,-0.1648260025062656,-0.2481203007518797,-0.9932835791502782,True,True,True,True,3503276.0,False,False,8454,2026-06-03,0.17908,0.5287958115183247,0.5012853470437018,0.6177285318559558,0.0455787877005095,-0.17908,-0.5287958115183247,-0.8783734404197642,-1.1596783141197091,-1.0190258772697367
3523,2026-06-09,2026-06-22,2026,因連續3個營業日達本中心作業要點第四條第一項第一款,10,9,0.04,0.035575,-0.1714285714285713,1.640644458012126,True,True,True,True,46872.0,False,False,3523,2026-05-29,0.23258,0.5965965965965965,0.5118483412322272,0.2559055118110236,0.0588644115327191,-0.23258,-0.5965965965965965,-1.709856152428226,-1.8640133128020357,-1.7869347326151308
4707,2026-06-09,2026-06-22,2026,因連續3個營業日達本中心作業要點第四條第一項第一款,10,9,0.1717171717171717,0.1672921717171717,-0.0404040404040404,72.46817468317018,True,True,True,True,1604310.0,False,False,4707,2026-06-03,0.05818,0.32,0.3846153846153846,0.306930693069307,0.0510079191645322,-0.05818,-0.32,1.0006220713900116,1.0093555320350274,1.0049888017125195
2491,2026-06-10,2026-06-23,2026,連續三次,10,9,0.367816091954023,0.3633910919540229,-0.0755336617405583,5487.542138587051,True,True,True,True,427274.0,False,False,2491,2026-06-04,0.14928,0.5246636771300448,0.566820276497696,0.7708333333333335,0.0577519743920746,-0.14928,-0.5246636771300448,-0.41522979896458373,-1.116752456173309,-0.7659911275689464
5701,2026-06-10,2026-06-23,2026,因連續3個營業日達本中心作業要點第四條第一項第一款,10,9,-0.0750915750915751,-0.0795165750915751,-0.2362637362637363,-0.8998977859665284,True,True,True,True,814797.0,False,False,5701,2026-06-04,0.3405799999999999,0.607142857142857,0.7155425219941347,0.7105263157894737,0.0525250884735959,-0.3405799999999999,-0.607142857142857,-3.388363309379885,-1.973571047264529,-2.6809671783222067
1718,2026-06-10,2026-06-23,2026,連續三次,10,9,-0.0170031880977683,-0.0214281880977683,-0.0595111583421892,-0.4521191061663691,True,True,True,True,17099937.0,False,False,1718,2026-06-04,0.16628,0.5125,0.4961360123647604,0.5244094488188977,0.0450640285337972,-0.16628,-0.5125,-0.6794392588551232,-0.9903925105550988,-0.834915884705111
4807,2026-06-10,2026-06-23,2026,連續三次,10,9,0.3157099697885195,0.3112849697885195,0.0,1858.3597441914087,True,True,True,True,323521.0,False,False,4807,2026-06-04,0.07728,0.3917322834645671,0.5436681222707425,0.6753554502369667,0.0476713994897181,-0.07728,-0.3917322834645671,0.7037749723365234,0.26417894269067305,0.48397695751359826
3581,2026-06-10,2026-06-23,2026,因連續3個營業日達本中心作業要點第四條第一項第一款,10,9,0.2705882352941176,0.2661632352941175,-0.0470588235294118,701.9688565418293,True,True,True,True,1224778.0,False,False,3581,2026-05-26,0.0180799999999999,0.3084112149532709,0.1965811965811965,0.8300653594771241,0.0596352269445871,-0.0180799999999999,-0.3084112149532709,1.623845562072991,1.1297433253503222,1.3767944437116566
5426,2026-06-11,2026-06-24,2026,因連續3個營業日達本中心作業要點第四條第一項第一款,10,9,0.0519287833827892,0.0475037833827892,-0.1305637982195846,2.629758944841456,True,True,True,True,2581878.0,False,False,5426,2026-06-05,0.2398799999999999,0.605898123324397,0.5598958333333333,0.6873239436619718,0.0470468992541365,-0.2398799999999999,-0.605898123324397,-1.8233108028518088,-1.9606403770462892,-1.8919755899490491
3114,2026-06-11,2026-06-24,2026,因連續3個營業日達本中心作業要點第四條第一項第一款,10,9,0.2696493349455864,0.2652243349455864,-0.0640870616686819,687.6318772177578,True,True,True,True,1052609.0,False,False,3114,2026-06-05,0.2141799999999999,0.4287999999999998,0.5805309734513273,0.7173076923076922,0.0422176883575361,-0.2141799999999999,-0.4287999999999998,-1.4238882664290524,-0.12089167333539008,-0.7723899698822212
6890,2026-06-11,2026-06-24,2026,連續三次,10,9,-0.1441281138790036,-0.1485531138790036,-0.2170818505338078,-0.9885202543727256,True,True,True,True,1882010.0,False,False,6890,2026-06-05,0.09308,0.4477611940298507,0.4349112426035502,0.5746753246753247,0.0391219875333881,-0.09308,-0.4477611940298507,0.4582155919676694,-0.31786627409573276,0.07017465893596833
8454,2026-06-12,2026-06-25,2026,連續三次,10,9,-0.1452020202020202,-0.1496270202020202,-0.2424242424242424,-0.9889157322900192,True,True,True,True,1025750.0,False,False,8454,2026-06-03,0.17908,0.5287958115183247,0.5012853470437018,0.6177285318559558,0.0455787877005095,-0.17908,-0.5287958115183247,-0.8783734404197642,-1.1596783141197091,-1.0190258772697367
5321,2026-06-16,2026-06-29,2026,因連續3個營業日達本中心作業要點第四條第一項第一款,10,9,0.9255172413793102,0.9210922413793102,-0.0124137931034483,75221048.77220632,True,True,True,True,236124.0,False,False,5321,2026-05-21,0.19368,0.5225806451612902,0.6275862068965516,0.4873949579831931,0.0448371007781267,-0.19368,-0.5225806451612902,-1.105282741266933,-1.095113292006194,-1.1001980166365635
6127,2026-06-16,2026-06-29,2026,最近10個營業日內有6個營業日,10,9,0.0562499999999999,0.0518249999999999,-0.05,3.069502889765346,True,True,True,True,4253613.0,False,False,6127,2026-06-02,0.2127799999999999,0.4230769230769231,0.7154899894625921,0.7136842105263159,0.0496643357777448,-0.2127799999999999,-0.4230769230769231,-1.40212984032042,-0.06143862463660881,-0.7317842324785144
4542,2026-06-16,2026-06-29,2026,因連續3個營業日達本中心作業要點第四條第一項第一款,10,9,0.1205479452054794,0.1161229452054794,-0.0616438356164383,20.151167540603478,True,True,True,True,210961.0,False,False,4542,2026-06-10,0.0872799999999999,0.3826638477801267,0.2044198895027624,0.4965675057208238,0.0640168633524866,-0.0872799999999999,-0.3826638477801267,0.548357642989149,0.3583845868949027,0.45337111494202587
4556,2026-06-17,2026-06-30,2026,因連續3個營業日達本中心作業要點第四條第一項第一款,10,9,0.0852017937219729,0.0807767937219729,0.0,7.651898520405808,True,True,True,True,791418.0,False,False,4556,2026-06-11,0.1941799999999999,0.3993095512082851,0.5916230366492146,0.4424673784104389,0.0505054269343422,-0.1941799999999999,-0.3993095512082851,-1.1130536077343007,0.18546400067154928,-0.4637948035313757
6924,2026-06-17,2026-06-30,2026,連續三次,10,9,0.1004566210045663,0.0960316210045663,0.0,11.770172846515214,True,True,True,True,17206.0,False,False,6924,2026-05-18,0.17498,0.4077669902912622,0.6292134831460674,0.6292134831460674,0.0474652765043991,-0.17498,-0.4077669902912622,-0.81465233538734,0.09760557339098484,-0.3585233809981776
5345,2026-06-17,2026-06-30,2026,因連續3個營業日達本中心作業要點第四條第一項第一款,10,9,-0.1188118811881188,-0.1232368811881188,-0.1419141914191419,-0.9740942322206791,True,True,True,True,86255.0,False,False,5345,2026-06-11,0.22508,0.6068181818181819,0.7286063569682153,0.6635294117647059,,-0.22508,-0.6068181818181819,-1.593293155417694,-1.9701982220957173,-1.7817456887567056
4402,2026-06-17,2026-06-30,2026,因連續3個營業日達本中心作業要點第四條第一項第一款,10,9,0.0969696969696971,0.0925446969696971,-0.0454545454545454,10.688423187494475,True,True,True,True,23017.0,False,False,4402,2026-06-11,0.1116799999999999,0.4156378600823045,0.4700854700854702,0.4700854700854702,0.0436290045855462,-0.1116799999999999,-0.4156378600823045,0.16913935938155147,0.01584060477738127,0.09248998207946638
6241,2026-06-22,2026-07-02,2026,因連續3個營業日達本中心作業要點第四條第一項第一款,10,9,0.0310344827586206,0.0266094827586206,-0.0344827586206896,1.0740207517038716,True,True,True,True,307134.0,False,False,6241,2026-06-15,0.0699799999999999,0.4307228915662648,0.3970588235294119,0.3507109004739335,0.0420927445551805,-0.0699799999999999,-0.4307228915662648,0.8172296227601095,-0.14086725071591752,0.33818118602209596
6173,2026-06-22,2026-07-02,2026,因連續3個營業日達本中心作業要點第四條第一項第一款,10,9,0.0528052805280527,0.0483802805280527,-0.1188118811881188,2.71507747559885,True,True,True,True,1639963.0,False,False,6173,2026-06-15,0.0712799999999999,0.4510739856801908,0.2827004219409283,0.8313253012048192,0.0603485273622754,-0.0712799999999999,-0.4510739856801908,0.7970253699449507,-0.3522805526322342,0.22237240865635824
3026,2026-06-23,2026-07-03,2026,連續三次,10,9,0.1014492753623188,0.0970242753623188,-0.189520624303233,12.09536837638784,True,True,True,True,2754276.0,False,False,3026,2026-06-16,0.04178,0.2329803328290469,0.2538461538461538,1.2328767123287672,0.056218520118127,-0.04178,-0.2329803328290469,1.2555064915197083,1.9133420727724704,1.5844242821460894
5227,2026-06-23,2026-07-03,2026,因連續3個營業日達本中心作業要點第四條第一項第一款,10,9,-0.1853997682502897,-0.1898247682502897,-0.2224797219003477,-0.9971124685506626,True,True,True,True,1284417.0,False,False,5227,2026-06-16,0.08578,0.4075471698113206,0.5286885245901638,0.4627450980392156,0.0505066650206274,-0.08578,-0.4075471698113206,0.5716702423912539,0.0998891348168777,0.33577968860406576
3285,2026-06-23,2026-07-03,2026,因連續3個營業日達本中心作業要點第四條第一項第一款,10,9,-0.0940695296523518,-0.0984945296523518,-0.1370143149284253,-0.9438795314765084,True,True,True,True,394272.0,False,False,3285,2026-06-16,0.1531799999999999,0.476725521669342,0.4959349593495934,0.6140350877192982,0.049000185076299,-0.1531799999999999,-0.476725521669342,-0.4758425574100589,-0.6187564429373527,-0.5472995001737058
8042,2026-06-23,2026-07-03,2026,因連續3個營業日達本中心作業要點第四條第一項第一款,10,9,0.1020942408376963,0.0976692408376963,-0.1151832460732984,12.31092326046921,True,True,True,True,1481483.0,False,False,8042,2026-06-16,0.14688,0.3414634146341464,0.1882716049382715,0.7741935483870968,0.0627564715494428,-0.14688,-0.3414634146341464,-0.37792963992121376,0.7863871091678347,0.20422873462331048
6613,2026-06-23,2026-07-03,2026,因連續3個營業日達本中心作業要點第四條第一項第一款,10,9,-0.0874524714828897,-0.0918774714828897,-0.1685678073510773,-0.9312384235429154,True,True,True,True,460943.0,False,False,6613,2026-06-16,0.1243799999999999,0.411764705882353,0.3980582524271845,0.4486921529175049,0.0431420062850722,-0.1243799999999999,-0.411764705882353,-0.0282406488896159,0.056076098439733636,0.013917724775058869
4556,2026-06-23,2026-07-03,2026,因連續3個營業日達本中心作業要點第四條第一項第一款,10,9,0.1215189873417721,0.1170939873417721,-0.1151898734177214,20.668327765989464,True,True,True,True,342565.0,False,False,4556,2026-06-11,0.1941799999999999,0.3993095512082851,0.5916230366492146,0.4424673784104389,0.0505054269343422,-0.1941799999999999,-0.3993095512082851,-1.1130536077343007,0.18546400067154928,-0.4637948035313757
2493,2026-06-23,2026-07-03,2026,連續三次,10,9,0.2053742802303262,0.2009492802303262,-0.036468330134357,160.81489867982185,True,True,True,True,1821264.0,False,False,2493,2026-06-16,0.15798,0.4792899408284023,0.7006802721088434,0.9011406844106464,0.0585484071303149,-0.15798,-0.4792899408284023,-0.550442875496801,-0.6453964023852045,-0.5979196389410028
3441,2026-06-24,2026-07-08,2026,連續3個營業日及沖銷標準,12,11,-0.1569343065693431,-0.1613593065693431,-0.1885644768856448,-0.9816730851929956,True,True,True,True,2309844.0,False,False,3441,2026-06-17,0.17408,0.3707692307692307,0.7068965517241377,0.8504672897196262,0.0661357343442318,-0.17408,-0.3707692307692307,-0.8006647757460765,0.48194945486840146,-0.15935766043883753
3532,2026-06-24,2026-07-06,2026,連續三次,10,9,0.1138545953360767,0.1094295953360767,-0.1083676268861454,16.896609019835335,True,True,True,True,641665.0,False,False,3532,2026-06-17,0.06848,0.4648148148148148,0.2575516693163753,0.924574209245742,0.0760944722850929,-0.06848,-0.4648148148148148,0.8405422221622143,-0.49502442881680403,0.17275889667270514
6488,2026-06-24,2026-07-06,2026,因連續3個營業日達本中心作業要點第四條第一項第一款,10,9,0.4008394543546694,0.3964144543546694,-0.0912906610703042,10669.28422793521,True,True,True,True,1755873.0,False,False,6488,2026-06-17,0.0739799999999999,0.4193548387096775,0.1578947368421053,0.7241379310344827,0.0655551419591454,-0.0739799999999999,-0.4193548387096775,0.7550626910211592,-0.022772489946974207,0.3661451005370925
2478,2026-06-24,2026-07-06,2026,連續三次,10,9,-0.0401785714285714,-0.0446035714285713,-0.1138392857142857,-0.7184569448236724,True,True,True,True,2802756.0,False,True,2478,2026-06-17,0.04368,0.3382352941176469,0.6605839416058394,1.1563981042654028,0.0546550231353163,-0.04368,-0.3382352941176469,1.225977198943707,0.8199217984359641,1.0229494986898355
3163,2026-06-24,2026-07-06,2026,最近10個營業日內有6個營業日,10,9,-0.0476758045292013,-0.0521008045292013,-0.1775923718712753,-0.7737939083628013,True,True,True,True,654921.0,False,False,3163,2026-05-26,0.0591799999999999,0.3555555555555556,0.1455399061032865,0.1730769230769231,0.0587301835636737,-0.0591799999999999,-0.3555555555555556,0.9850803384552755,0.6399937002146281,0.8125370193349518
3090,2026-06-25,2026-07-09,2026,連續三次及當日沖銷標準,12,11,-0.0772946859903381,-0.0817196859903381,-0.1127214170692431,-0.8559447946356278,True,True,True,True,1113325.0,False,False,3090,2026-06-18,0.19268,0.4270386266094421,0.504524886877828,0.6964285714285714,0.0709877338695003,-0.19268,-0.4270386266094421,-1.0897410083321954,-0.10259399546506223,-0.5961675018986289
5468,2026-06-26,2026-07-08,2026,因連續3個營業日達本中心作業要點第四條第一項第一款,10,9,0.03,0.025575,-0.0466666666666666,1.016743722207217,True,True,True,True,517069.0,False,False,5468,2026-06-16,0.17108,0.5261627906976745,0.4344262295081966,0.5441176470588236,0.0444299645281253,-0.17108,-0.5261627906976745,-0.7540395769418636,-1.132325699926492,-0.9431826384341777
2492,2026-06-26,2026-07-08,2026,連續三次,10,9,-0.1813471502590673,-0.1857721502590673,-0.2184801381692573,-0.9966831875689138,True,True,True,True,3367708.0,False,False,2492,2026-06-22,0.12878,0.5085574572127138,0.4831730769230768,1.1094017094017097,0.0647135052094267,-0.12878,-0.5085574572127138,-0.09662427380246308,-0.9494361873254715,-0.5230302305639674
2061,2026-06-26,2026-07-08,2026,因連續3個營業日達本中心作業要點第四條第一項第一款,10,9,0.2278106508875741,0.2233856508875741,-0.1094674556213016,269.59276237741886,True,True,True,True,976971.0,False,False,2061,2026-06-22,0.33598,0.6044260027662518,0.4572864321608041,1.176360225140713,0.0744527138372506,-0.33598,-0.6044260027662518,-3.3168713378800936,-1.945347544814562,-2.631109441347328
5227,2026-06-26,2026-07-08,2026,因連續3個營業日達本中心作業要點第四條第一項第一款,10,9,-0.0821917808219178,-0.0866167808219178,-0.0876712328767124,-0.9192711869486988,True,True,True,True,508668.0,False,False,5227,2026-06-16,0.08578,0.4075471698113206,0.5286885245901638,0.4627450980392156,0.0505066650206274,-0.08578,-0.4075471698113206,0.5716702423912539,0.0998891348168777,0.33577968860406576
2342,2026-06-26,2026-07-08,2026,連續三次,10,9,0.0,-0.004425,-0.0452830188679245,-0.1159038229771466,True,True,True,True,2605249.0,False,False,2342,2026-06-22,0.12318,0.4327628361858191,0.4154589371980677,0.4154589371980677,0.0530630334962664,-0.12318,-0.4327628361858191,-0.009590569367932398,-0.16205881050784476,-0.08582468993788858
6693,2026-06-26,2026-07-08,2026,因連續3個營業日達本中心作業要點第四條第一項第一款,10,9,0.0041152263374486,-0.0003097736625513,-0.1172839506172839,-0.0085692300487499,True,True,True,True,1087679.0,False,False,6693,2026-06-22,0.1888799999999999,0.3994082840236685,0.4968354430379746,0.6198630136986301,0.0555910960231101,-0.1888799999999999,-0.3994082840236685,-1.0306824231801914,0.1844383344154329,-0.42312204438237927
4923,2026-06-26,2026-07-08,2026,因連續3個營業日達本中心作業要點第四條第一項第一款,10,9,0.1367521367521367,0.1323271367521367,-0.0820512820512819,30.566023485085555,True,True,True,True,800784.0,False,False,4923,2026-06-22,0.1497799999999999,0.3347368421052632,0.3873085339168489,0.5771144278606963,0.0653254134992465,-0.1497799999999999,-0.3347368421052632,-0.42300066543195125,0.8562647727936773,0.21663205368086302
6415,2026-06-26,2026-07-08,2026,連續三次,10,9,-0.0708263069139966,-0.0752513069139966,-0.1129848229342327,-0.8861810389299075,True,True,True,True,3325683.0,False,False,6415,2026-06-22,0.07148,0.3819301848049281,0.1563573883161513,0.197508896797153,0.0621101640354293,-0.07148,-0.3819301848049281,0.7939170233580015,0.3660060990952886,0.5799615612266451
1303,2026-06-26,2026-07-08,2026,連續三次,10,9,0.1818181818181818,0.1773931818181818,-0.0584415584415584,92.33448287902594,True,True,True,True,30180968.0,False,False,1303,2026-06-22,0.19568,0.431924882629108,0.4593301435406698,0.7589388696655133,0.0595300735724214,-0.19568,-0.431924882629108,-1.1363662071364085,-0.15335389630101617,-0.6448600517187123
7610,2026-06-26,2026-07-08,2026,連續三次,10,9,0.1193693693693693,0.1149443693693693,-0.0878378378378378,19.53945191059455,True,True,True,True,407268.0,False,False,7610,2026-06-22,0.21748,0.5754716981132075,0.4314285714285715,1.004,0.06308099515282,-0.21748,-0.5754716981132075,-1.4751759851136883,-1.6445614977782843,-1.5598687414459862
4764,2026-06-26,2026-07-08,2026,連續三次,10,9,0.0803418803418802,0.0759168803418802,-0.0854700854700855,6.633826041618694,True,True,True,True,1257984.0,False,False,4764,2026-06-22,-0.0172199999999999,0.2623574144486691,0.177304964539007,0.0375,0.0494872227171301,0.0172199999999999,-0.2623574144486691,2.172468734669225,1.6081640911316915,1.8903164129004582
8996,2026-06-26,2026-07-08,2026,連續三次,10,9,-0.0865051903114186,-0.0909301903114186,-0.1038062283737024,-0.9292179404094524,True,True,True,True,1090661.0,False,False,8996,2026-06-22,0.04448,0.3580786026200873,0.3822222222222222,0.329059829059829,0.0640003249710089,-0.04448,-0.3580786026200873,1.2135438125959166,0.6137835265592517,0.9136636695775842
2305,2026-06-26,2026-07-08,2026,連續三次,10,9,-0.0651595744680851,-0.0695845744680851,-0.0944148936170213,-0.8651304385676559,True,True,True,True,3685403.0,False,False,2305,2026-06-22,0.22418,0.4741035856573705,0.6444444444444444,0.9680851063829788,0.0503659894166209,-0.22418,-0.4741035856573705,-1.57930559577643,-0.5915189810789806,-1.0854122884277053
7712,2026-06-29,2026-07-09,2026,因連續3個營業日達本中心作業要點第四條第一項第一款,10,9,-0.0488431876606684,-0.0532681876606684,-0.0745501285347043,-0.7814060824279608,True,True,True,True,283472.0,False,False,7712,2026-06-23,0.0983799999999999,0.3071895424836601,0.4184397163120568,0.1940298507462685,0.05751937433713,-0.0983799999999999,-0.3071895424836601,0.3758444074135616,1.1424344273232596,0.7591394173684106
2316,2026-06-29,2026-07-09,2026,連續三次,10,9,-0.1148936170212766,-0.1193186170212766,-0.1404255319148936,-0.9706782878366512,True,True,True,True,1933414.0,False,False,2316,2026-06-23,0.07088,0.2682215743440233,0.3063063063063063,0.2908011869436202,0.0508917628551615,-0.07088,-0.2682215743440233,0.803242063118844,1.5472454299775615,1.1752437465482029
6620,2026-06-30,2026-07-13,2026,因連續3個營業日達本中心作業要點第四條第一項第一款,10,9,-0.056544502617801,-0.060969502617801,-0.056544502617801,-0.8257781171783638,True,True,True,True,327018.0,False,False,6620,2026-06-24,0.08298,0.4030898876404494,0.4150141643059493,0.3722527472527475,0.0406579126532453,-0.08298,-0.4030898876404494,0.6151870946085192,0.1461927259673794,0.3806899102879493
6834,2026-06-30,2026-07-13,2026,連續五次,10,9,0.1217391304347825,0.1173141304347825,-0.0130434782608696,20.78725588969501,True,True,True,True,890928.0,False,False,6834,2026-06-22,0.12038,0.3258026159334126,0.5928571428571427,0.5815602836879432,0.0738411934361573,-0.12038,-0.3258026159334126,0.033926282849332835,0.9490762081142787,0.4915012454818058
5464,2026-07-01,2026-07-14,2026,因連續3個營業日達本中心作業要點第四條第一項第一款,10,9,-0.1953271028037383,-0.1997521028037383,-0.2682242990654205,-0.9979498160799404,True,True,True,True,555930.0,False,False,5464,2026-06-25,0.1915799999999999,0.4645776566757491,0.5925925925925926,0.5119549929676512,0.0634511129035965,-0.1915799999999999,-0.4645776566757491,-1.0726451021039827,-0.4925607585602794,-0.782602930332131
6243,2026-07-01,2026-07-14,2026,連續三次,10,9,-0.0197775030902349,-0.0242025030902349,-0.1087762669962918,-0.4936671509041195,True,True,True,True,406284.0,False,False,6243,2026-06-25,0.08528,0.3921259842519686,0.5008488964346351,0.2793053545586108,0.0479787106839309,-0.08528,-0.3921259842519686,0.5794411088586228,0.26008906020250533,0.41976508453056405
1435,2026-07-02,2026-07-15,2026,連續三次,10,9,-0.1818181818181818,-0.1862431818181819,-0.2172573189522343,-0.9967360762016072,True,True,True,True,81822.0,False,False,1435,2026-06-26,0.3134800000000001,0.6063829787234043,,,,-0.3134800000000001,-0.6063829787234043,-2.967182346848499,-1.9656772011247525,-2.4664297739866257
8024,2026-07-02,2026-07-15,2026,因連續3個營業日達本中心作業要點第四條第一項第一款,10,9,0.1353135313531352,0.1308885313531352,-0.0165016501650164,29.47076288341192,True,True,True,True,176647.0,False,False,8024,2026-06-26,0.1123799999999999,0.4244897959183673,0.4362139917695471,0.3794466403162053,0.0381830642769691,-0.1123799999999999,-0.4244897959183673,0.15826014632723526,-0.07611597372287787,0.04107208630217869
2483,2026-07-02,2026-07-15,2026,連續三次,10,9,-0.1052631578947368,-0.1096881578947368,-0.125438596491228,-0.960336315443756,True,True,True,True,2942286.0,False,False,2483,2026-06-26,0.17808,0.4047919293820934,0.6075036075036075,1.1843137254901963,0.0610797726129401,-0.17808,-0.4047919293820934,-0.8628317074850266,0.12851140315564277,-0.3671601521646919
3230,2026-07-03,2026-07-16,2026,因連續3個營業日達本中心作業要點第四條第一項第一款,10,9,0.0079840319361277,0.0035590319361277,-0.027944111776447,0.1037202158106735,True,True,True,True,2564507.0,False,False,3230,2026-06-29,0.14358,0.3971291866028705,0.5208333333333333,0.4503311258278144,0.0425469188563067,-0.14358,-0.3971291866028705,-0.3266419212365797,0.2081142856160201,-0.0592638178102798
3230,2026-07-08,2026-07-21,2026,因連續3個營業日達本中心作業要點第四條第一項第一款,10,9,-0.0999999999999999,-0.1044249999999999,-0.2380952380952381,-0.9532804192295804,True,True,True,True,858953.0,False,False,3230,2026-06-29,0.14358,0.3971291866028705,0.5208333333333333,0.4503311258278144,0.0425469188563067,-0.14358,-0.3971291866028705,-0.3266419212365797,0.2081142856160201,-0.0592638178102798
1617,2026-07-08,2026-07-21,2026,連續三次,10,9,-0.2450980392156863,-0.2495230392156863,-0.2705882352941176,-0.9996555319034144,True,True,True,True,1381973.0,False,False,1617,2026-07-02,0.07388,0.3079178885630498,0.3597560975609757,0.3040935672514619,0.0428029320704634,-0.07388,-0.3079178885630498,0.7566168643146313,1.1348681486396868,0.945742506477159
7795,2026-07-08,2026-07-21,2026,連續三次,10,9,-0.2848537005163511,-0.2892787005163512,-0.2900172117039586,-0.9999240483924422,True,True,True,True,637953.0,False,False,7795,2026-07-02,0.13578,0.4582338902147971,0.5275000000000001,0.5606641123882503,0.0574681320265288,-0.13578,-0.4582338902147971,-0.20541640434562639,-0.42665979979177243,-0.3160381020686994
1447,2026-07-08,2026-07-21,2026,連續三次,10,9,-0.1326530612244898,-0.1370780612244898,-0.1689342403628118,-0.9833493631570784,True,True,True,True,4838717.0,False,False,1447,2026-07-02,0.12218,0.4877250409165301,0.4901639344262296,0.3041606886657102,0.0491772554578236,-0.12218,-0.4877250409165301,0.005951163566805215,-0.7330227654516215,-0.3635358009424081
3055,2026-07-08,2026-07-21,2026,連續三次,10,9,0.0059523809523809,0.0015273809523809,-0.1071428571428571,0.0433063786041156,True,True,True,True,2442168.0,False,False,3055,2026-07-02,0.07698,0.3725490196078431,0.6129032258064517,0.3930348258706468,0.0596500188267672,-0.07698,-0.3725490196078431,0.7084374922169446,0.4634604717710564,0.5859489819940005
1718,2026-07-09,2026-07-22,2026,連續三次,10,9,-0.1541095890410958,-0.1585345890410958,-0.1541095890410958,-0.9917267884360084,True,True,True,True,13045096.0,False,False,1718,2026-07-03,0.13218,0.3408071748878922,0.5162271805273835,0.5444214876033058,0.0597317338338011,-0.13218,-0.3408071748878922,-0.1494661657805707,0.7932043255212983,0.3218690798703638
6617,2026-07-13,2026-07-23,2026,因連續3個營業日達本中心作業要點第四條第一項第一款,10,9,-0.1845454545454545,-0.1889704545454545,-0.1909090909090909,-0.9970266845296412,True,True,True,True,426389.0,False,False,6617,2026-07-06,0.2256799999999999,0.6009463722397477,0.5104166666666665,0.4882697947214076,0.0484305466773755,-0.2256799999999999,-0.6009463722397477,-1.602618195178535,-1.9092000937272193,-1.7559091444528772
4707,2026-07-14,2026-07-24,2026,最近10個營業日內有6個營業日,10,9,-0.1175,-0.121925,-0.2224999999999999,-0.972995653186924,True,True,True,True,1657654.0,False,False,4707,2026-07-02,0.0482799999999999,0.2117647058823528,0.3672566371681414,0.5606060606060606,0.0632532143859208,-0.0482799999999999,-0.2117647058823528,1.1544852274439155,2.1337364024294776,1.6441108149366965
7714,2026-07-21,2026-07-31,2026,因連續3個營業日達本中心作業要點第四條第一項第一款,10,9,-0.2527173913043478,-0.2571423913043478,-0.3206521739130434,-0.9997405559132336,True,True,True,True,314121.0,False,False,7714,2026-07-15,0.07858,0.451048951048951,0.3696369636963696,0.6274509803921569,0.0540752508362688,-0.07858,-0.451048951048951,0.6835707195213646,-0.3520204853344742,0.1657751170934452
6907,2026-07-21,2026-07-31,2026,最近10個營業日內有6個營業日,10,9,-0.1871921182266009,-0.191617118226601,-0.2857142857142857,-0.9972847578561908,True,True,True,True,1382189.0,False,False,6907,2026-07-09,0.0901799999999999,0.2580645161290322,0.2871287128712871,0.4772727272727273,0.0590516147507943,-0.0901799999999999,-0.2580645161290322,0.50328661747841,1.6527600132705609,1.0780233153744854
8383,2026-07-22,2026-08-03,2026,因連續3個營業日達本中心作業要點第四條第一項第一款,10,9,-0.1869047619047619,-0.1913297619047619,-0.2583333333333334,-0.9972578190671788,True,True,True,True,2548818.0,False,False,8383,2026-07-16,0.1340799999999999,0.3738170347003153,0.4093851132686084,0.4492512479201329,0.0486339252969456,-0.1340799999999999,-0.3738170347003153,-0.17899545835657063,0.4502879486586095,0.13564624515101942
4139,2026-07-23,2026-08-04,2026,連續3個營業日,10,9,-0.0647482014388489,-0.0691732014388489,-0.2182254196642685,-0.8634641760345818,True,True,True,True,95062.0,False,False,4139,2026-07-17,0.19548,0.5261044176706828,0.5447154471544715,0.5670103092783505,0.0416495395308048,-0.19548,-0.5261044176706828,-1.1332578605494608,-1.1317193033214707,-1.1324885819354658
3026,2026-07-24,2026-08-05,2026,連續三次,10,9,-0.1979472140762463,-0.2023722140762464,-0.3892961876832844,-0.9981283275501504,True,True,True,True,1418350.0,False,False,3026,2026-07-06,0.01038,0.2571801566579634,0.0735785953177257,0.5383386581469649,0.0648854760902857,-0.01038,-0.2571801566579634,1.743516905670469,1.661947006108046,1.7027319558892575
2483,2026-07-24,2026-08-05,2026,連續三次,10,9,-0.0643203883495147,-0.0687453883495147,-0.2354368932038835,-0.8617102789249835,True,True,True,True,245275.0,False,False,2483,2026-06-26,0.17808,0.4047919293820934,0.6075036075036075,1.1843137254901963,0.0610797726129401,-0.17808,-0.4047919293820934,-0.8628317074850266,0.12851140315564277,-0.3671601521646919
3288,2026-07-24,2026-08-05,2026,連續3個營業日,10,9,-0.0103519668737059,-0.0147769668737059,-0.0766045548654243,-0.3386911318461446,True,True,True,True,51737.0,False,False,3288,2026-07-20,0.22618,0.6054794520547946,0.4797979797979799,0.4019138755980862,0.062607358866031,-0.22618,-0.6054794520547946,-1.6103890616459051,-1.95629109365992,-1.7833400776529125
6182,2026-07-28,2026-08-10,2026,連續3個營業日及沖銷標準,11,10,-0.1184834123222748,-0.1229084123222748,-0.2218009478672986,-0.9623188940417472,True,True,True,True,11801907.0,False,False,6182,2026-07-06,0.0310799999999999,0.3928571428571428,0.3390557939914163,0.8245614035087718,0.0692346049967752,-0.0310799999999999,-0.3928571428571428,1.421803033921402,0.2524935641530506,0.8371482990372263
4139,2026-07-28,2026-08-07,2026,連續3個營業日,10,9,-0.0951188986232791,-0.0995438986232791,-0.1839799749687108,-0.94566612259599,True,True,True,True,43521.0,False,False,4139,2026-07-17,0.19548,0.5261044176706828,0.5447154471544715,0.5670103092783505,0.0416495395308048,-0.19548,-0.5261044176706828,-1.1332578605494608,-1.1317193033214707,-1.1324885819354658
6969,2026-07-30,2026-08-10,2026,連續三次,9,8,0.2184724689165185,0.2140474689165185,0.0,427.9084680886152,True,True,True,True,280124.0,False,False,6969,2026-07-24,0.15008,0.60625,0.4826923076923075,0.5237154150197627,0.0622033971273548,-0.15008,-0.60625,-0.42766318531237374,-1.9642957780502903,-1.195979481681332
4979,2026-08-03,2026-08-10,2026,連續5個營業日及沖銷標準,7,6,0.4427994616419919,0.4383744616419919,0.0,3784411.614028956,True,True,True,True,2637395.0,False,False,4979,2026-07-28,-0.01972,0.196078431372549,0.0595533498759304,-0.0646221248630887,0.0491248713698644,0.01972,-0.196078431372549,2.2113230670060706,2.296690151762005,2.254006609384038
4169,2026-08-05,2026-08-10,2026,連續三次,5,4,-0.066869300911854,-0.071294300911854,-0.0699088145896656,-0.990173883355708,True,True,True,True,122461.0,False,False,4169,2026-07-08,-0.0147199999999999,0.3777777777777777,0.4455958549222798,0.8600000000000001,0.0493146116483929,0.0147199999999999,-0.3777777777777777,2.1336144023323813,0.4091425553268804,1.271378478829631
6182,2026-08-05,2026-08-10,2026,連續3個營業日,5,4,-0.1142857142857143,-0.1187107142857143,-0.1314285714285714,-0.9996285454877256,True,True,True,True,10845022.0,False,False,6182,2026-07-06,0.0310799999999999,0.3928571428571428,0.3390557939914163,0.8245614035087718,0.0692346049967752,-0.0310799999999999,-0.3928571428571428,1.421803033921402,0.2524935641530506,0.8371482990372263
3026,2026-08-05,2026-08-10,2026,連續三次,5,4,0.1200000000000001,0.1155750000000001,-0.0095238095238094,929.4077592817672,True,True,True,True,1209964.0,False,False,3026,2026-07-06,0.01038,0.2571801566579634,0.0735785953177257,0.5383386581469649,0.0648854760902857,-0.01038,-0.2571801566579634,1.743516905670469,1.661947006108046,1.7027319558892575
4556,2026-08-06,2026-08-11,2026,連續3個營業日,5,4,0.0797186400937866,0.0752936400937866,-0.0597889800703399,92.420528842848,True,True,True,True,136907.0,False,False,4556,2026-07-13,0.09058,0.2528216704288939,0.5857142857142856,0.8256578947368423,0.0677193680973355,-0.09058,-0.2528216704288939,0.49706992430451347,1.707224275226164,1.1021470997653386
3653,2026-08-12,2026-08-17,2026,連續三次,5,4,0.2945454545454544,0.2901204545454544,0.0,8210909.297329679,True,True,True,True,815990.0,False,False,3653,2026-08-06,0.03128,0.4194577352472088,0.1994609164420484,0.390625,0.0564013863990706,-0.03128,-0.4194577352472088,1.418694687334453,-0.02384141020420824,0.6974266385651224
3037,2026-08-12,2026-08-17,2026,連續三次,5,4,0.1211211211211211,0.1166961211211211,-0.023023023023023,989.6904472661104,True,True,True,True,8196771.0,False,False,3037,2026-08-06,0.0790799999999999,0.3589385474860336,0.0859375,0.127462340672074,0.0705162959851354,-0.0790799999999999,-0.3589385474860336,0.6757998530539973,0.6048501600012696,0.6403250065276334
3189,2026-08-12,2026-08-17,2026,連續三次,5,4,0.0684769775678866,0.0640519775678866,-0.0401416765053128,47.43705168303387,True,True,True,True,3488257.0,False,False,3189,2026-08-06,0.12888,0.4757785467128028,0.086624203821656,0.1298013245033111,0.0735792273031984,-0.12888,-0.4757785467128028,-0.09817844709593668,-0.6089189815569829,-0.3535487143264598
6274,2026-08-12,2026-08-17,2026,連續3個營業日,5,4,0.0126582278481013,0.0082332278481013,-0.0348101265822784,0.6694095189634195,True,True,True,True,2421683.0,False,False,6274,2026-08-06,0.16768,0.5148514851485149,0.146067415730337,-0.0699088145896656,0.0783131855667031,-0.16768,-0.5148514851485149,-0.7011976849637556,-1.014820447297553,-0.8580090661306543
2455,2026-08-12,2026-08-17,2026,連續三次,5,4,0.1209677419354837,0.1165427419354837,0.0,981.2217548371244,True,True,True,True,3970047.0,False,False,2455,2026-08-06,0.05028,0.4011299435028248,0.0782608695652173,0.1104477611940297,0.0681457288812894,-0.05028,-0.4011299435028248,1.1234017615744385,0.16655321663127928,0.6449774891028589
